tree
version=v4
num_class=1
num_tree_per_iteration=1
label_index=0
max_feature_idx=74
objective=huber
feature_names=Column_0 Column_1 Column_2 Column_3 Column_4 Column_5 Column_6 Column_7 Column_8 Column_9 Column_10 Column_11 Column_12 Column_13 Column_14 Column_15 Column_16 Column_17 Column_18 Column_19 Column_20 Column_21 Column_22 Column_23 Column_24 Column_25 Column_26 Column_27 Column_28 Column_29 Column_30 Column_31 Column_32 Column_33 Column_34 Column_35 Column_36 Column_37 Column_38 Column_39 Column_40 Column_41 Column_42 Column_43 Column_44 Column_45 Column_46 Column_47 Column_48 Column_49 Column_50 Column_51 Column_52 Column_53 Column_54 Column_55 Column_56 Column_57 Column_58 Column_59 Column_60 Column_61 Column_62 Column_63 Column_64 Column_65 Column_66 Column_67 Column_68 Column_69 Column_70 Column_71 Column_72 Column_73 Column_74
feature_infos=[-7.6610374450683594:7.745966911315918] [-7.5931081771850586:7.580531120300293] [-7.1218781471252441:7.2259345054626465] [-7.0454573631286621:6.2435965538024902] [-5.4865226745605469:5.8861398696899414] [-5.5363912582397461:5.9020237922668457] [-4.8686299324035645:5.6403746604919434] [-4.3449697494506836:4.7498822212219238] [-5.2364201545715332:7.2494535446166992] [-14.139578819274902:20] [-20:20] [-20:20] [-11.512925148010254:-4.4107966423034668] [-11.512925148010254:-5.0754818916320801] [-10.088293075561523:-5.5131397247314453] [-9.6418399810791016:-5.8917007446289062] [-3.7917218208312988:1.3776509761810303] [-4.7711982727050781:1.5482618808746338] [3.7189414570093504e-07:20] [0:1] [8.2322077332719346e-07:20] [0:1] [1.2909944416605867e-05:18.544662475585938] [0:1] [0.42106112837791443:20] [0:1] [-13.815510749816895:4.5166401863098145] [-1:1] [-13.815510749816895:3.8523795604705811] [-1:1] [-13.815510749816895:2.7832679748535156] [-0.98839086294174194:1] [-2.8383381366729736:2.9141943454742432] [-2.7863984107971191:2.8277640342712402] [-2.1558108329772949:2.3506312370300293] [-2.5833725929260254:9.7134437561035156] [-1:1] [-1:1] [0:1] [-1:1] [-1:1] [-0.97492790222167969:0.97492790222167969] [-0.90096884965896606:1] [0:0.93333333730697632] [-7.6610374450683594:7.745966911315918] [-7.6879525184631348:7.7093148231506348] [-7.2351603507995605:7.6372628211975098] [-7.2123527526855469:7.5101261138916016] [-7.7173857688903809:7.5861153602600098] [-7.1235466003417969:7.3286471366882324] [-7.7050247192382812:7.5432729721069336] [-7.0630860328674316:7.3800897598266602] [-7.3889665603637695:6.9118251800537109] [-7.320042610168457:6.9149680137634277] [-9.3722143173217773:20] [-5.711646556854248:5.3058605194091797] [-6.4067378044128418:7.4866881370544434] [-4.5678462982177734:4.2723703384399414] [-4.625727653503418:5.0573878288269043] [0:0.99900001287460327] [0:0.99000000953674316] [0:1] [0:0.80000001192092896] [-7.6428794860839844:7.7459664344787598] [-14.390181541442871:12.41452693939209] [-0.82175540924072266:0.69696414470672607] [-1.4425629377365112:11.475996017456055] [-1.5145254135131836:11.676729202270508] [-1.5033520460128784:10.526422500610352] [-20:20] [-19.093532562255859:20] [-9.2103404998779297:2.3750629425048828] [0:20] [0:20] [0:6]
tree_sizes=3082 3150 3153 3149 3145 3157 3159 3144 3156 3158 3156 3149 3154 3151 3157 3156 3157 3126 3150 3154 3127 3160 3150 3148 3145 3157 3158 3169 3155 3171 3159 3153 3165 3168 3150 3155 3170 3158 3151 3169 3165 3164 3170 3152 3162 3179 3166 3157 3164 3158 3164 3156 3177 3147 3154 3123 3160 3165 3155 3158 3139 3165 3157 3159 3140 3169 3164 3166 3162 3186 3148 3165 3153 3166 3177 3167 3145 3156 3128 3140 3150 3156 3156 3171 3149 3158 3161 3139 3154 3152 3153 3145 3160 3165 3166 3177 3185 3147 3148 3133 3145 3163 3150 3164 3149 3144 3156 3144 3157 3159 3158 3157 3166 3173 3164 3132 3158 3163 3149 3136 3140 3169 3165 3144 3166 3156 3124 3149 3160 3146 3162 3158 3144 3144 3136 3132 3144 3147 3149 3138 3128 3157 3137 3160 3156 3143 3148 3155 3162 3172 3164 3122 3145 3151 3127 3174 3148 3179 3157 3142 3155 3151 3142 3143 3147 3150 3151 3150 3191 3144 3149 3162 3159 3130 3158 3150 3149 3162 3159 3140 3154 3150 3158 3170 3115 3132 3134 3144 3133 3139 3151 3138 3128 3146 3150 3165 3147 3160 3150 3155 3145 3139 3167 3155 3142 3162 3153 3144 3155 3149 3161 3132 3129 3128 3142 3113 3146 3150 3152 3154 3164 3111 3156 3151 3156 3155 3167 3122 3174 3150 3140 3153 3146 3134 3137 3124 3132 3136 3159 3170 3146 3161 3137 3143 3121 3137 3162 3145 3124 3155 3138 3157 3161 3145 3141 3160

Tree=0
num_leaves=31
num_cat=0
split_feature=33 23 33 72 63 6 11 24 55 31 27 57 66 56 56 0 33 69 6 37 66 23 56 58 36 73 12 8 0 18
split_gain=214.393 49.2804 43.0801 20.2562 18.5105 15.1228 14.9166 14.0286 14.0118 12.0929 11.6056 11.4533 11.189 11.1415 11.7516 19.1576 12.6613 8.80009 8.40851 8.34616 8.12594 7.98594 7.94571 7.7115 7.65709 7.5722 7.00507 7.96092 7.47386 6.86154
threshold=-0.28794853389263148 0.80026099085807811 -0.75725504755973805 3.0000000000000004 -0.021294447593390938 0.76331767439842235 0.12382328137755395 2.6185778379440312 -0.81333613395690907 0.36445911228656774 -0.85587486624717701 0.84765815734863292 -0.33513163030147547 0.39947396516799932 -1.0190255045890806 0.77130243182182323 -0.39845740795135492 -0.0093621211126446707 0.38249208033084875 -0.13904675096273419 0.085792955011129393 0.90698409080505382 0.41031344234943395 0.23212663084268573 0.9631328582763673 16.500000000000004 -8.1852612495422346 0.91713073849678051 -0.073320847004652009 1.241177558898926
decision_type=2 2 2 2 2 2 2 2 2 2 2 2 2 2 2 2 2 2 2 2 2 2 2 2 2 2 2 2 2 2
left_child=2 6 10 -4 9 22 8 11 -2 20 23 26 21 14 15 19 -16 -18 29 -5 -3 -7 -6 -1 25 -10 28 -28 -8 -13
right_child=1 4 3 13 5 12 7 -9 24 -11 -12 18 -14 -15 16 -17 17 -19 -20 -21 -22 -23 -24 -25 -26 -27 27 -29 -30 -31
leaf_value=0.01200916829788271 0.0059541225066526348 0.0069216436240743893 0.012438512044167221 0.009396556928226928 0.0054589455310457592 0.0050543430602249841 0.004091892633975607 0.0090779639902841946 0.0074689517201852237 0.0054714392414010942 0.010662825628528961 0.007624225748460868 0.0055455503484850288 0.0063348660068387967 0.010515733420712768 0.0036570914886114841 0.0075958650649798993 0.0098900485350019059 0.0088696318691721936 0.0072243596609504589 0.009028832967170294 0.0027004460642175822 0.0074940847087778114 0.014981995073432501 0.0090275409977750992 0.0086029729721137024 0.0070373512808415348 0.0050447422123281391 0.0062773304101339375 0.0056190583498748562
leaf_weight=5154 8904 14777 4655 14613 9490 6315 6109 7068 48726 10049 7927 13790 18506 3622 21737 2024 8797 7953 8646 6334 6615 8519 9690 3875 15883 21081 31171 5966 10914 6168
leaf_count=5154 8904 14777 4655 14613 9490 6315 6109 7068 48726 10049 7927 13790 18506 3622 21737 2024 8797 7953 8646 6334 6615 8519 9690 3875 15883 21081 31171 5966 10914 6168
internal_value=0.00764369 0.00694542 0.00980531 0.00925527 0.00594135 0.00536699 0.0074026 0.0069412 0.00784081 0.00690121 0.0120652 0.00675858 0.0047235 0.00902689 0.00918574 0.00829042 0.00971981 0.00868583 0.007568 0.00873982 0.00757357 0.00370008 0.00648649 0.0132917 0.00803703 0.0078115 0.00633119 0.00671662 0.0054914 0.00700381
internal_weight=355078 268387 86691 69735 83961 52520 184426 89832 94594 31441 16956 82764 33340 65080 61458 22971 38487 16750 28604 20947 21392 14834 19180 9029 85690 69807 54160 37137 17023 19958
internal_count=355078 268387 86691 69735 83961 52520 184426 89832 94594 31441 16956 82764 33340 65080 61458 22971 38487 16750 28604 20947 21392 14834 19180 9029 85690 69807 54160 37137 17023 19958
is_linear=0
shrinkage=1


Tree=1
num_leaves=31
num_cat=0
split_feature=23 23 11 63 32 71 43 43 40 32 18 69 25 13 41 6 56 16 25 59 59 71 26 41 35 24 40 2 15 2
split_gain=158.516 48.6413 27.5325 25.5451 24.9907 17.5967 16.6235 12.179 10.759 10.3992 10.9736 9.74057 8.74298 8.58001 8.13702 8.04513 11.4216 8.70332 7.64557 7.54492 7.29696 8.5603 8.44379 7.23874 9.65624 7.22654 7.01305 8.69259 6.92636 6.84192
threshold=0.15010988712310794 0.75595948100090038 0.22131396085023883 -0.010686880908906458 -0.80817386507987965 -0.39340315759181971 0.16666667163372043 0.16666667163372043 0.97533303499221813 -0.40610791742801661 1.3518239855766299 -0.089286793023347841 0.12492376565933229 -7.2496161460876456 -1.0000000180025095e-35 0.76331767439842235 0.41031344234943395 -0.021322404034435746 0.84319430589675914 0.21049999445676806 0.40850000083446508 -0.27354279160499567 -1.4361839294433592 0.6078576147556306 -0.062977779656648622 0.91456237435340892 0.59831890463829052 -1.0457796454429624 -7.6638419628143302 -0.77360501885414112
decision_type=2 2 2 2 2 2 2 2 2 2 2 2 2 2 2 2 2 2 2 2 2 2 2 2 2 2 2 2 2 2
left_child=4 2 9 23 19 8 12 13 29 11 14 -2 -6 -5 -11 16 17 -9 26 -1 22 -22 -8 24 -3 -16 27 -7 -14 -4
right_child=1 3 5 7 6 18 20 15 -10 10 -12 -13 28 -15 25 -17 -18 -19 -20 -21 21 -23 -24 -25 -26 -27 -28 -29 -30 -31
leaf_value=0.0019746968868969389 0.000558153903868493 0.00077865656558190007 0.00010101967698570777 -0.0041470789699678198 0.0055222040264502406 0.0035770061103023508 0.0020343358114348763 -0.0013688188431823485 -0.0038253173130745701 0.0011794381150768301 -0.00063595620703867648 0.0032264768397068395 0.00023494269648338152 -0.0009036494003093927 -0.0020450369196560419 -0.0022326595654226051 0.00021576201592865766 -0.0050298958916816924 -0.002075768134194962 0.0053503602272113593 0.0015709904736813175 0.0044298705664079577 -0.00038136422736418599 0.000666257333266933 -0.0013929724562246884 0.00031121246862764982 -0.00076513896312846636 0.00051554668674563115 0.0038048911022928256 -0.0014077110857037454
leaf_weight=2125 7916 6799 9287 9761 3932 2648 5846 7177 3967 31043 25645 6019 2182 2585 3548 29599 10347 2093 3463 7744 19318 3025 9456 10932 20638 38088 8974 18204 3597 39331
leaf_count=2125 7916 6799 9287 9761 3932 2648 5846 7177 3967 31043 25645 6019 2182 2585 3548 29599 10347 2093 3463 7744 19318 3025 9456 10932 20638 38088 8974 18204 3597 39331
internal_value=-7.19828e-05 -0.000534759 -8.11225e-05 -0.00143408 0.00233812 -0.000754974 0.0018604 -0.00206512 -0.00132436 0.00043437 0.000253117 0.00171218 0.00370412 -0.00346925 0.000566873 -0.00171226 -0.000926322 -0.00219995 0.00014459 0.00462624 0.00138393 0.00195986 0.000542259 -0.000421325 -0.000854746 0.000109983 0.000402998 0.00090585 0.00245971 -0.00111955
internal_weight=355289 298064 198133 99931 57225 85874 47356 61562 52585 112259 98324 13935 9711 12346 72679 49216 19617 9270 33289 9869 37645 22343 15302 38369 27437 41636 29826 20852 5779 48618
internal_count=355289 298064 198133 99931 57225 85874 47356 61562 52585 112259 98324 13935 9711 12346 72679 49216 19617 9270 33289 9869 37645 22343 15302 38369 27437 41636 29826 20852 5779 48618
is_linear=0
shrinkage=0.05


Tree=2
num_leaves=31
num_cat=0
split_feature=33 33 34 72 74 43 33 56 56 2 4 56 32 30 33 63 59 64 59 67 63 63 58 9 36 20 67 59 16 56
split_gain=174.945 48.7375 42.323 25.0512 20.9372 17.6053 16.3747 15.4028 13.6257 13.7935 12.0045 11.4128 10.6514 10.451 9.97814 9.20691 9.05257 8.98403 8.58617 8.2581 8.20974 8.02278 7.93209 9.44061 7.53578 7.24318 7.17042 7.36263 6.9253 6.8951
threshold=-0.29882769286632532 -0.77825379371643055 0.22961533069610598 3.0000000000000004 5.5000000000000009 0.30000001192092901 0.85357314348220836 0.89011102914810192 -1.0894683599472044 -0.1597880348563194 0.70964261889457714 0.38933405280113226 -0.011897557880729435 0.31969887018203741 -0.48217065632343287 -0.31483206152915949 0.65549999475479137 -0.95379543304443348 0.13849999755620959 0.68879041075706493 0.061379734426736839 -0.21626139432191846 -0.010217506904155014 -0.24819922447204587 0.92328709363937389 1.8295291662216189 0.9897255301475526 0.072499997913837447 -0.3113319724798202 1.0000000180025095e-35
decision_type=2 2 2 2 2 2 2 2 2 2 2 2 2 2 2 2 2 2 2 2 2 2 2 2 2 2 2 2 2 2
left_child=1 18 5 -3 6 12 7 10 9 -5 17 14 -2 -8 16 24 28 -4 -1 -17 -6 -12 -20 -24 -7 -14 27 -19 -10 -21
right_child=2 3 4 8 20 15 13 -9 11 -11 21 -13 25 -15 -16 19 -18 26 22 29 -22 -23 23 -25 -26 -27 -28 -29 -30 -31
leaf_value=0.0015573959682537301 -4.1745086118420969e-05 0.0049775961501996556 -0.0041460896212561415 0.00069726198745306855 -0.0017690476387755194 0.00049897891990777893 -0.0041421396394387966 0.00026283920285052079 -5.5341984314268132e-05 -0.0025400334425077376 -0.00058923929398891945 -0.001100437128355171 -0.0012163370552403811 -0.00098736781783415983 0.0012615801156202271 -0.00027392325879090849 0.0045975509056317742 -0.0034467220763434413 0.0036552145133639403 -0.00034839597737737233 -0.0042506799032248606 -0.0032969563576376437 0.0074112246702423184 0.0035122789252504736 0.0023008821901897443 -0.0037117658795637245 0.0008997294220714977 -0.00084118853140709041 0.0029027716643873569 0.0027044401082591193
leaf_weight=2208 22079 4474 2086 16687 5632 25863 7004 20569 2886 4088 3705 3533 29252 4208 25068 66902 5134 2906 6458 3120 8235 10500 4637 2377 7474 3223 5477 38931 6280 4525
leaf_count=2208 22079 4474 2086 16687 5632 25863 7004 20569 2886 4088 3705 3533 29252 4208 25068 66902 5134 2906 6458 3120 8235 10500 4637 2377 7474 3223 5477 38931 6280 4525
internal_value=-5.29266e-05 0.0019437 -0.000669032 0.00136502 -0.00142992 -0.000157216 -0.00116577 -0.000926445 0.00111045 5.93277e-05 -0.00131102 0.00161933 -0.000889134 -0.00296005 0.00186363 0.000212943 0.0029174 -0.000942335 0.00445634 -9.59614e-05 -0.00324478 -0.00259163 0.00492996 0.00609678 0.000903526 -0.00146506 -0.00080024 -0.00102295 0.00197234 0.00145972
internal_weight=355521 83830 271691 68150 109253 162438 95386 84174 63676 20775 63605 42901 54554 11212 39368 107884 14300 49400 15680 74547 13867 14205 13472 7014 33337 32475 47314 41837 9166 7645
internal_count=355521 83830 271691 68150 109253 162438 95386 84174 63676 20775 63605 42901 54554 11212 39368 107884 14300 49400 15680 74547 13867 14205 13472 7014 33337 32475 47314 41837 9166 7645
is_linear=0
shrinkage=0.05


Tree=3
num_leaves=31
num_cat=0
split_feature=33 33 34 11 74 13 22 74 13 34 58 43 32 21 56 66 58 29 13 36 64 7 24 33 66 56 11 66 54 25
split_gain=141.564 40.1498 37.7689 18.4518 15.7881 14.0539 11.8434 10.7816 12.5166 10.7582 10.6872 10.3444 13.3826 11.3352 11.2921 9.50183 9.49855 8.93434 8.33879 8.21623 7.67616 8.08841 7.51116 7.50569 9.04106 7.4557 7.33783 7.17491 7.06194 7.65564
threshold=-0.39845740795135492 -0.80407050251960743 0.21115407347679141 0.22131396085023883 5.5000000000000009 -7.7875518798828116 1.7724895477294924 5.5000000000000009 -8.6516385078430158 -0.68119516968727101 0.16887815296649936 1.0000000180025095e-35 0.19769768416881564 0.99963867664337169 -0.74719524383544911 -0.42798060178756708 -0.93708691000938404 0.85932698845863353 -8.5033535957336408 -0.59934210777282704 0.81125894188880932 1.2996498346328738 1.0043035149574282 0.85357314348220836 -0.22080469131469724 -0.69702237844467152 -0.16535853594541547 -0.29833653569221491 0.2059382647275925 0.26110146939754492
decision_type=2 2 2 2 2 2 2 2 2 2 2 2 2 2 2 2 2 2 2 2 2 2 2 2 2 2 2 2 2 2
left_child=1 9 3 16 11 19 26 8 -3 10 -1 12 -4 14 15 -13 -2 20 -15 27 -16 -22 -10 24 -20 -9 -6 -5 -18 -30
right_child=2 7 4 5 6 -7 -8 25 22 -11 -12 13 -14 18 17 -17 28 -19 23 -21 21 -23 -24 -25 -26 -27 -28 -29 29 -31
leaf_value=0.0040988531629827804 -0.00068603640100091152 -0.002425245259722192 -0.00055138441073258394 -0.0034720427729708334 -0.00039755188929555663 6.6254340415748168e-05 -0.0052949615636082616 0.0020426775555666683 -0.00058203202676231265 0.0026002018877027159 0.0075822896751790523 -0.0012693376737042943 -0.0050089580287277537 0.0034092795236707451 -0.0012953926531326916 0.0020912063055737221 0.00039782456461172528 -0.0029126087410803279 -0.00084260037434076562 -0.00087236521128792027 -0.00068983215653925208 0.0024480938550320327 0.0016406587376993191 -0.0022676630902249881 0.0022946617827926579 0.0055514098227022945 -0.0029647488165663728 -0.00046923804840742371 0.004337563786851917 0.0011278647766217885
leaf_weight=5407 16703 2264 3288 6720 4683 36381 3367 4001 4272 4765 3772 3637 3447 2085 53691 4962 72717 7231 4717 26397 7129 2873 34135 2807 4458 2446 6865 2829 2116 14859
leaf_count=5407 16703 2264 3288 6720 4683 36381 3367 4001 4272 4765 3772 3637 3447 2085 53691 4962 72717 7231 4717 26397 7129 2873 34135 2807 4458 2446 6865 2829 2116 14859
internal_value=-1.04841e-05 0.00217999 -0.000465549 -1.04389e-05 -0.0011713 -0.000626574 -0.00268874 0.00148193 0.00118023 0.00453602 0.00553702 -0.000945464 -0.00283683 -0.000809068 -0.00104048 0.00067002 0.000408428 -0.00124793 0.000498971 -0.00132761 -0.00105852 0.000213059 0.00139334 -9.87575e-06 0.000682589 0.00338043 -0.00192493 -0.00258385 0.000612299 0.00153028
internal_weight=355024 61062 293962 178722 115240 72327 14915 47118 40671 13944 9179 100325 6735 93590 79523 8599 106395 70924 14067 35946 63693 10002 38407 11982 9175 6447 11548 9549 89692 16975
internal_count=355024 61062 293962 178722 115240 72327 14915 47118 40671 13944 9179 100325 6735 93590 79523 8599 106395 70924 14067 35946 63693 10002 38407 11982 9175 6447 11548 9549 89692 16975
is_linear=0
shrinkage=0.05


Tree=4
num_leaves=31
num_cat=0
split_feature=34 34 32 11 66 72 23 28 72 32 29 35 40 5 40 29 63 5 13 72 56 63 28 70 30 35 11 56 55 40
split_gain=146.958 34.9631 31.1112 17.4917 19.1295 14.748 14.3546 12.5122 12.2478 11.215 11.135 11.1161 11.012 10.9604 12.3776 10.6326 9.57651 9.54192 8.82686 10.4727 9.12306 9.21924 8.82397 8.78266 8.66981 8.51484 8.31044 7.74567 9.1843 8.21298
threshold=-0.31792405247688288 0.56749394536018383 -0.80817386507987965 0.47985640168190008 -0.21202358603477475 19.000000000000004 0.73670554161071788 1.2576035857200625 3.0000000000000004 -0.13930936902761457 -0.49028852581977839 -0.20457834750413892 0.49621178209781652 -0.89548099040985096 0.45009414851665502 -0.65693578124046315 0.27909721434116369 -1.5594999790191648 -7.9976105690002433 17.000000000000004 0.22050127387046817 -0.30081616342067713 -1.529454171657562 -0.004525167401880025 0.84648817777633678 0.60845577716827404 -0.22551973164081571 0.48249736428260809 0.52499839663505565 -0.35428766906261439
decision_type=2 2 2 2 2 2 2 2 2 2 2 2 2 2 2 2 2 2 2 2 2 2 2 2 2 2 2 2 2 2
left_child=2 3 11 6 13 10 17 8 -3 12 -4 -1 -7 14 -5 -14 24 -2 19 23 21 -21 -12 -15 -11 -6 27 29 -29 -8
right_child=1 7 5 4 25 9 26 -9 -10 16 22 -13 15 18 -16 -17 -18 -19 -20 20 -22 -23 -24 -25 -26 -27 -28 28 -30 -31
leaf_value=0.0055278953968656746 0.0036285066634413107 -0.0060410110365930183 0.0038808243498875752 0.0025341402085388601 -0.00026580693811880139 0.00097017889559498525 -0.0025009642958072598 0.00026085001662665234 -0.0020876789583100753 0.0011698619581469235 0.0040954191131401616 0.0015888612595672026 0.0054020767778773125 -0.00654732939063166 -0.0023781130660196297 0.0017824956232067983 -0.0024367038253029129 0.00025930923350305385 -0.0011416088806453881 -6.5721260248251948e-05 -0.00023906975506143163 -0.0039966609765613777 0.00093329466658354703 -0.0025219299597894458 -0.0021627142369790987 0.0018681345855198349 -0.0014911907894707603 0.0028906355541292268 -7.4856402970859619e-05 -0.00010105509367961935
leaf_weight=7434 2134 2096 9708 3456 21472 18685 5358 5350 28838 11301 2826 2372 3217 2464 2026 5509 3208 106165 33093 2073 5752 5311 9979 3043 2349 5965 19931 3572 9629 10616
leaf_count=7434 2134 2096 9708 3456 21472 18685 5358 5350 28838 11301 2826 2372 3217 2464 2026 5509 3208 106165 33093 2073 5752 5311 9979 3043 2349 5965 19931 3572 9629 10616
internal_value=9.48564e-06 -0.000524208 0.0019489 -0.000307208 -0.000886734 0.00156228 4.50763e-06 -0.00197139 -0.00235741 0.00103202 0.00260406 0.00457766 0.00165594 -0.00140713 0.000717679 0.00312158 1.71421e-05 0.000326027 -0.00163237 -0.00250245 -0.0017329 -0.00289466 0.00163381 -0.00433162 0.000595202 0.000198639 -0.000704498 -0.000166739 0.000729144 -0.000907094
internal_weight=354932 278344 76588 242060 84655 66782 157405 36284 30934 44269 22513 9806 27411 57218 5482 8726 16858 108299 51736 18643 13136 7384 12805 5507 13650 27437 49106 29175 13201 15974
internal_count=354932 278344 76588 242060 84655 66782 157405 36284 30934 44269 22513 9806 27411 57218 5482 8726 16858 108299 51736 18643 13136 7384 12805 5507 13650 27437 49106 29175 13201 15974
is_linear=0
shrinkage=0.05


Tree=5
num_leaves=31
num_cat=0
split_feature=23 6 6 63 43 8 32 73 19 5 32 55 7 26 11 8 11 74 31 58 11 12 15 23 64 58 19 41 11 63
split_gain=125.04 34.4853 29.9361 20.6104 17.9074 13.3901 13.2235 12.4025 11.0604 10.7506 10.143 10.115 9.9505 9.79059 9.26294 9.2499 9.73177 9.15288 8.63891 8.46826 8.33859 8.12662 9.09809 8.05455 7.99376 8.55122 7.96144 8.28417 8.62582 7.84817
threshold=0.18592812120914462 1.1834158301353457 -1.3082435727119444 -0.32208073139190668 0.16666667163372043 -0.76341876387596119 -0.61021560430526722 16.500000000000004 0.6957509219646455 -0.58721017837524403 -0.39878328144550318 0.24375997483730319 0.55048474669456493 -1.0823820829391477 -0.32951623201370234 0.38281325995922094 0.80449485778808605 5.5000000000000009 -0.15495514869689939 -0.37620587646961207 0.26958961784839636 -6.6865711212158194 -7.5134723186492911 0.84458461403846752 0.24345343559980395 -0.010217506904155014 0.33338518440723425 1.0000000180025095e-35 -0.70396205782890309 0.11198923736810686
decision_type=2 2 2 2 2 2 2 2 2 2 2 2 2 2 2 2 2 2 2 2 2 2 2 2 2 2 2 2 2 2
left_child=2 3 6 5 8 18 24 9 -3 11 -7 29 -6 20 19 26 -17 -4 -2 23 -12 22 -14 -11 25 -1 -9 28 -28 -5
right_child=1 4 17 7 12 10 -8 15 -10 14 13 -13 21 -15 -16 16 -18 -19 -20 -21 -22 -23 -24 -25 -26 -27 27 -29 -30 -31
leaf_value=0.0038623803756782094 0.0029156642783952076 -0.0017974914755446499 0.00096275026719719759 -0.0015019103911925922 0.00057539411861516599 0.0023460672119407244 0.002352604508212508 0.0018370981070989804 -0.0057408224581707622 -0.00063929564673754005 9.2503392150375234e-05 0.0023608802744679424 -0.0011227537330925699 0.00079581233658139938 -0.0012960884561155623 1.5251913320479879e-05 -0.0023657482185339791 0.0028828656620944219 0.00016989790620692755 0.00033269155201283543 -0.0016266667896784944 0.0011492835571077773 -0.0032099467171662344 -0.0035587280419364267 0.002198624108106994 0.007241344657246112 0.0019043205602370169 0.001281731695345131 -0.0014209969180479657 0.00060469097210680365
leaf_weight=3642 8470 3100 40725 7672 5676 4973 11462 10384 4201 11615 17151 4484 11683 21301 70471 15573 5914 7318 4328 21110 11969 2173 9455 2958 2212 3951 2454 9035 9353 10407
leaf_count=3642 8470 3100 40725 7672 5676 4973 11462 10384 4201 11615 17151 4484 11683 21301 70471 15573 5914 7318 4328 21110 11969 2173 9455 2958 2212 3951 2454 9035 9353 10407
internal_value=4.24435e-05 -0.000419449 0.00194758 -0.000210046 -0.00185946 0.000530974 0.00350908 -0.000488578 -0.00407124 -0.000753114 0.000194059 0.000237947 -0.00130117 -1.86162e-05 -0.000963766 0.000157398 -0.000640881 0.00125576 0.00198796 -0.000307278 -0.000614432 -0.00175814 -0.00205743 -0.00123391 0.00485723 0.00562783 0.000706733 0.000142946 -0.000728827 -0.000289602
internal_weight=355220 285910 69310 249622 36288 68192 21267 181430 7301 128717 55394 22563 28987 50421 106154 52713 21487 48043 12798 35683 29120 23311 21138 14573 9805 7593 31226 20842 11807 18079
internal_count=355220 285910 69310 249622 36288 68192 21267 181430 7301 128717 55394 22563 28987 50421 106154 52713 21487 48043 12798 35683 29120 23311 21138 14573 9805 7593 31226 20842 11807 18079
is_linear=0
shrinkage=0.05


Tree=6
num_leaves=31
num_cat=0
split_feature=33 33 33 56 43 11 74 2 66 23 33 56 34 27 43 32 13 23 11 43 73 22 57 36 36 58 40 43 35 36
split_gain=128.768 41.5089 33.2677 21.2366 17.8238 16.7554 13.2963 13.1968 12.5429 13.949 11.5399 11.2675 10.2529 10.0154 9.69745 20.0153 9.19181 8.21011 10.099 9.65183 8.05307 8.01759 7.31923 7.21765 7.04575 7.30017 8.56791 7.29038 7.05296 6.99067
threshold=-0.28794853389263148 -0.86572635173797596 0.52054768800735485 -1.1890159249305723 0.30000001192092901 -0.73178732395172108 5.5000000000000009 -0.16847541183233258 -0.16380444914102552 0.21700442582368853 -0.39845740795135492 -0.018979703076183792 0.33120709657669073 -0.51816219091415394 0.30000001192092901 -0.015618369914591311 -8.0900931358337385 0.12963841855525973 -0.61118960380554188 1.0000000180025095e-35 15.500000000000002 1.2622205018997195 1.0899114012718203 0.95538970828056347 -0.96659693121910084 -1.0837041735649107 -0.17794185131788251 0.56666669249534618 -0.2782981395721435 -0.83295625448226918
decision_type=2 2 2 2 2 2 2 2 2 2 2 2 2 2 2 2 2 2 2 2 2 2 2 2 2 2 2 2 2 2
left_child=1 13 5 7 16 11 17 20 9 -7 -8 21 24 -1 15 -11 -4 19 -19 -5 -3 -2 -10 -16 -13 -26 27 -27 -28 -21
right_child=2 3 4 6 -6 8 10 -9 22 14 -12 12 -14 -15 23 -17 -18 18 -20 29 -22 -23 -24 -25 25 26 28 -29 -30 -31
leaf_value=0.0053355560338073961 -0.0017130776160170166 -0.00023451330200448717 -0.0054030202354640906 0.0052909902990301736 -0.0011050987439579114 0.001042384887008289 0.0054310136738456687 -0.0027909884821202633 -0.00017952321948523653 -0.00012088913730819924 0.0014640145900909228 -0.00069568792735954978 -0.00083846513579678142 0.0016384515005834453 -0.00084951348898338426 -0.0024435831600611276 -0.0025048101853939872 -0.00081242787976897263 0.0014627259853703888 0.00051445442686706222 0.002119392759693231 0.00047354037343980181 0.0012217564717014245 0.000340496686350693 -0.00043158842002591661 -0.00015761720230790673 0.0047560316167462556 0.0030806079471214247 0.0020540611069552175 0.0024652753141591391
leaf_weight=8673 7143 11730 3791 2205 27698 9707 4293 3717 42540 14890 3211 2796 5053 2336 62565 24591 9920 6741 17583 6897 5253 10120 11922 15994 2699 4562 4611 2797 5117 13770
leaf_count=8673 7143 11730 3791 2205 27698 9707 4293 3717 42540 14890 3211 2796 5053 2336 62565 24591 9920 6741 17583 6897 5253 10120 11922 15994 2699 4562 4611 2797 5117 13770
internal_value=7.82164e-06 0.00168655 -0.00053244 0.00126744 -0.00183562 -0.000294757 0.00178356 -9.66121e-05 -0.000507942 -0.000778791 0.00373772 0.000570329 0.0011962 0.00455327 -0.000928631 -0.00156785 -0.0033095 0.00147213 0.000832129 0.0021521 0.000494391 -0.000431696 0.000127392 -0.000607224 0.00165165 0.00198355 0.00236506 0.00107567 0.00333834 0.00181481
internal_weight=354925 86409 268516 75400 41409 227107 54700 20700 182209 127747 7504 44898 27635 11009 118040 39481 13711 47196 24324 22872 16983 17263 54462 78559 22582 19786 17087 7359 9728 20667
internal_count=354925 86409 268516 75400 41409 227107 54700 20700 182209 127747 7504 44898 27635 11009 118040 39481 13711 47196 24324 22872 16983 17263 54462 78559 22582 19786 17087 7359 9728 20667
is_linear=0
shrinkage=0.05


Tree=7
num_leaves=31
num_cat=0
split_feature=33 33 34 72 63 30 0 59 43 23 8 12 1 73 3 69 59 23 7 21 24 9 69 12 72 53 57 65 73 64
split_gain=141.071 34.7062 32.9334 16.8992 15.9049 15.3182 13.3785 12.0716 11.6818 9.64684 9.43652 9.29177 9.24776 8.82173 9.07489 8.68181 7.93546 7.83655 8.45026 7.69537 8.47806 7.53083 7.27181 11.8474 7.02945 6.56155 6.42417 6.32514 6.302 6.27876
threshold=-0.33398500084877009 -0.80407050251960743 0.59971070289611828 3.0000000000000004 -0.32208073139190668 1.0306928753852846 0.18586850911378863 0.28149999678134924 0.16666667163372043 0.12963841855525973 -0.83769860863685597 -8.8745212554931623 0.26152417063713079 16.500000000000004 1.6433290839195254 -0.035508176311850541 0.057499999180436141 0.80410668253898632 0.93608546257019054 0.97460061311721813 1.2984876036643984 -0.19470997154712674 -0.020870355889201161 -8.3925366401672346 15.000000000000002 0.67843225598335277 1.2258034348487856 0.077195439487695708 19.500000000000004 0.18967140465974811
decision_type=2 2 2 2 2 2 2 2 2 2 2 2 2 2 2 2 2 2 2 2 2 2 2 2 2 2 2 2 2 2
left_child=1 6 4 -3 10 8 21 -5 -4 -6 -2 -9 15 16 26 -13 27 18 22 24 -21 -1 23 -18 -19 -17 -15 -11 -28 -10
right_child=2 3 5 7 9 -7 -8 11 29 13 -12 12 -14 14 -16 25 17 19 -20 20 -22 -23 -24 -25 -26 -27 28 -29 -30 -31
leaf_value=0.0055998143234991969 0.0017134982854196447 0.0044957749100567471 -0.0045566485798545029 -2.630706054648554e-05 0.0016504868401732713 0.0007588190461892976 0.00075589913057338217 -0.0014685238084590916 -0.0011377072515220119 -0.0015673200139092903 4.0788327425020246e-05 0.0014588071472615388 0.00012778126751513858 -0.00020776985603816113 -0.0033608354418280181 0.0026353590179829904 -0.0037409289642986471 -0.0035370942201411212 0.0010895794577053424 0.0018067342798239632 -0.0015207594482380311 0.002744437616767707 -0.00034777733072541511 -0.00091758421305956407 -0.0014611107254795547 0.0057101812062663078 0.0033163165815308609 -0.004774245036761336 0.00016815722289316611 -0.002816914381451915
leaf_weight=8416 9871 3996 5515 16091 4574 4147 2468 2342 11050 5615 57485 19412 7049 42581 2063 10760 4340 5596 7095 3172 4795 3225 51394 25575 15076 2073 2707 2117 3834 11255
leaf_count=8416 9871 3996 5515 16091 4574 4147 2468 2342 11050 5615 57485 19412 7049 42581 2063 10760 4340 5596 7095 3172 4795 3225 51394 25575 15076 2073 2707 2117 3834 11255
internal_value=-4.59925e-05 0.00186678 -0.000564338 0.00135494 -0.000369515 -0.00207451 0.00410336 0.00113678 -0.00249698 -0.000614139 0.000286141 0.00158618 0.00176858 -0.000673097 -0.000120311 0.00212711 -0.000899832 -0.0007972 -0.000564222 -0.00151592 -0.000195339 0.0048118 -0.000708648 -0.0013283 -0.00202453 0.00313611 1.64394e-05 -0.0024504 0.0014741 -0.00198591
internal_weight=355689 75832 279857 61723 247890 31967 14109 57727 27820 180534 67356 41636 39294 175960 51185 32245 124775 117043 88404 28639 7967 11641 81309 29915 20672 12833 49122 7732 6541 22305
internal_count=355689 75832 279857 61723 247890 31967 14109 57727 27820 180534 67356 41636 39294 175960 51185 32245 124775 117043 88404 28639 7967 11641 81309 29915 20672 12833 49122 7732 6541 22305
is_linear=0
shrinkage=0.05


Tree=8
num_leaves=31
num_cat=0
split_feature=33 33 43 11 43 33 14 12 8 40 33 9 17 8 73 19 57 3 57 11 67 35 40 40 73 40 32 0 11 61
split_gain=117.088 38.805 21.9565 20.9871 19.5012 15.5789 15.0888 14.2775 13.7793 13.1019 10.0863 13.7297 10.0375 8.70312 8.21925 7.67557 7.48609 7.43895 7.12022 7.9036 7.89699 6.95546 7.75656 7.65304 9.22656 7.17354 6.94547 7.95693 7.18259 6.86412
threshold=-0.49101734161376948 0.42197586596012121 0.16666667163372043 0.11433161050081254 1.0000000180025095e-35 -0.80407050251960743 -8.5885672569274885 -7.6153430938720694 -0.15115876495838163 0.59831890463829052 0.92653223872184765 0.97375261783599865 0.13530049473047259 1.4489647746086123 1.0000000180025095e-35 0.68716508150100719 1.288352966308594 -0.54338464140892018 0.62398409843444835 -0.54809114336967457 0.02657231874763966 0.2448966056108475 -0.17794185131788251 0.87671843171119701 19.500000000000004 0.20363981276750567 -0.39878328144550318 0.37661668658256536 1.3789057135581972 0.43333333730697637
decision_type=2 2 2 2 2 2 2 2 2 2 2 2 2 2 2 2 2 2 2 2 2 2 2 2 2 2 2 2 2 2
left_child=4 3 15 12 -1 -6 -4 14 17 -10 18 -12 13 21 -5 -3 26 -9 19 -8 -20 22 -2 24 -24 -23 -16 28 -28 -30
right_child=1 2 6 7 5 -7 10 8 9 -11 11 -13 -14 -15 16 -17 -18 -19 20 -21 -22 25 23 -25 -26 -27 27 -29 29 -31
leaf_value=0.0064308873670753221 0.00032753586086731607 -0.0012896211975631485 0.002602986986339859 -0.0035513158020930528 0.0035579603857026736 0.001479892280505944 -0.00010415479663834528 0.003635786485488251 0.000261519973782486 -0.0020535624380754172 -0.0050015175058398939 -0.00068451680120650438 -0.00037059866027406457 -0.0017697085013236313 0.00063682601610349446 -0.0042277268877310252 0.00026811820877044209 0.00086495313823486692 -0.00095253937438335426 -0.0020166029394801956 0.0016289337729717404 0.00066684424591810542 0.0013022810868398187 0.00031985583517526642 0.0033438735166152131 -0.001563002927961419 -0.0012304154722416133 -0.00028770635800465428 -0.0040577283399847288 -0.0013754276817860515
leaf_weight=2820 33009 3033 2711 2891 13211 28472 8049 3105 20612 8676 3813 3561 33339 3616 5470 8431 12695 10941 7351 16427 4948 8595 25790 13312 7047 6200 31089 16130 5071 4524
leaf_count=2820 33009 3033 2711 2891 13211 28472 8049 3105 20612 8676 3813 3561 33339 3616 5470 8431 12695 10941 7351 16427 4948 8595 25790 13312 7047 6200 31089 16130 5071 4524
internal_value=1.43366e-05 -0.000329528 -0.00149166 -6.06294e-05 0.00241254 0.00213921 -0.0010114 -0.000534711 0.000192723 -0.000424745 -0.00123388 -0.00292053 0.000378317 0.00063423 -0.000939495 -0.0034522 -0.00083833 0.00147962 -0.000894976 -0.00138799 8.64905e-05 0.00072693 0.000912902 0.00133143 0.0017413 -0.000268021 -0.00106386 -0.00122768 -0.00160019 -0.00279578
internal_weight=354939 310436 58324 252112 44503 41683 46860 121204 43334 29288 44149 7374 130908 97569 77870 11464 74979 14046 36775 24476 12299 93953 79158 46149 32837 14795 62284 56814 40684 9595
internal_count=354939 310436 58324 252112 44503 41683 46860 121204 43334 29288 44149 7374 130908 97569 77870 11464 74979 14046 36775 24476 12299 93953 79158 46149 32837 14795 62284 56814 40684 9595
is_linear=0
shrinkage=0.05


Tree=9
num_leaves=31
num_cat=0
split_feature=33 33 33 43 73 72 33 11 19 41 22 64 59 66 72 13 55 55 11 1 63 57 56 14 59 57 66 2 65 64
split_gain=115.557 40.4078 21.1425 15.7863 15.03 14.7239 14.6026 14.2816 14.0235 13.5879 13.3273 13.2316 14.3639 13.1184 11.3201 11.0594 10.9738 9.44177 9.28512 8.38512 8.12744 10.3488 8.20376 7.75519 7.64102 7.49222 7.41506 7.25288 6.97247 6.93579
threshold=-0.48217065632343287 0.53010228276252758 -1.1285336613655088 0.36666667461395269 16.500000000000004 5.0000000000000009 -0.13023753464221952 -0.47747690975666041 0.9816424846649171 -1.0000000180025095e-35 1.5789605379104616 -0.50153654813766468 0.16649999469518664 -0.012788029387593268 7.0000000000000009 -8.3279871940612775 -0.15582624822854993 -0.80058804154396046 2.3471915721893315 -0.39937667548656458 -0.1508308872580528 0.44213578104972845 0.99893423914909374 -8.0345931053161603 0.26749999821186071 0.087518893182277693 -0.26985388994216913 0.82161366939544689 -0.14426828175783155 0.043775042518973357
decision_type=2 2 2 2 2 2 2 2 2 2 2 2 2 2 2 2 2 2 2 2 2 2 2 2 2 2 2 2 2 2
left_child=2 4 -1 9 6 -4 10 8 -8 29 18 -7 -13 14 24 -5 -16 -12 27 -6 -17 22 -22 -10 -9 -26 -11 -2 -18 -3
right_child=1 3 5 15 19 11 7 13 23 26 17 12 -14 -15 16 20 28 -19 -20 -21 21 -23 -24 -25 25 -27 -28 -29 -30 -31
leaf_value=0.0057393202593254483 5.9328277724029712e-05 -0.0030690830422622894 0.0048870743449346424 0.0013036148445492576 0.0012079328021602036 0.0034913259409099086 -0.00039175974775612524 -0.0051957623127793957 0.0044692597752858665 -0.0036266847241357989 -1.4923457874190942e-05 -0.0011848084502023726 0.0016767199055765425 2.0539439163016626e-05 -0.0023053800142759529 0.00019967272005856274 -0.0020416158140551728 0.0024053834923553584 -0.0035023029879448237 7.0884673050493384e-05 -0.0058587122342358385 -0.00065136087542211807 -0.0023446893485499498 0.00096976276387305204 -0.0041611970723554811 -0.00080480518572168902 -0.00075990354207058496 -0.0030091649224569025 -0.00045119002274071515 -0.0063503133962767525
leaf_weight=4020 41267 3016 3859 4061 22585 7758 27836 2758 2287 3700 6830 5302 25189 21469 15055 5000 8463 9817 2072 57419 2249 6746 6388 5120 2685 4357 5772 2010 36969 3534
leaf_count=4020 41267 3016 3859 4061 22585 7758 27836 2758 2287 3700 6830 5302 25189 21469 15055 5000 8463 9817 2072 57419 2249 6746 6388 5120 2685 4357 5772 2010 36969 3534
internal_value=-5.60396e-05 -0.000404052 0.0022783 -0.00187693 -0.000182423 0.00194659 -0.000425583 -0.000732638 0.000122878 -0.00309639 0.000203435 0.00164873 0.00117891 -0.00106121 -0.00139159 -0.00107669 -0.00113582 0.00141296 -0.000240777 0.000391982 -0.00155134 -0.00212023 -0.00326543 0.00205484 -0.00296747 -0.00208863 -0.00188238 -8.38501e-05 -0.000747836 -0.00484643
internal_weight=355593 309465 46128 40466 268999 42108 188995 126999 35243 16022 61996 38249 30491 91756 70287 24444 60487 16647 45349 80004 20383 15383 8637 7407 9800 7042 9472 43277 45432 6550
internal_count=355593 309465 46128 40466 268999 42108 188995 126999 35243 16022 61996 38249 30491 91756 70287 24444 60487 16647 45349 80004 20383 15383 8637 7407 9800 7042 9472 43277 45432 6550
is_linear=0
shrinkage=0.05


Tree=10
num_leaves=31
num_cat=0
split_feature=33 34 33 11 41 17 40 59 40 40 66 34 22 56 30 24 26 57 39 73 8 55 41 5 12 56 8 25 41 41
split_gain=104.29 43.7863 29.6763 13.6878 13.1946 11.6464 10.2974 10.0732 9.66683 9.61588 9.51246 9.33903 11.023 8.8564 8.71918 9.79532 8.68449 8.20853 8.39135 8.10455 7.97662 7.03825 6.84723 8.47169 6.72252 8.60374 6.64217 6.56062 6.5304 6.47526
threshold=-0.26177486777305597 0.42824541032314306 -0.80407050251960743 0.13295024633407596 -1.0000000180025095e-35 0.13530049473047259 -0.99655601382255543 0.14649999886751178 -0.27982635796070093 -0.97903615236282338 -0.17435546219348905 -0.48634786903858179 1.9660296440124514 -0.099939715117216096 0.36634783446788793 1.6944090723991396 -1.1757598519325254 0.93543586134910595 -0.81156626343727101 8.5000000000000018 -0.87856554985046376 -0.85380616784095753 -0.87837970256805409 0.49504549801349645 -8.7099614143371564 -0.73437163233757008 0.46082875132560736 0.83964538574218761 0.6078576147556306 0.6078576147556306
decision_type=2 2 2 2 2 2 2 2 2 2 2 2 2 2 2 2 2 2 2 2 2 2 2 2 2 2 2 2 2 2
left_child=2 3 17 5 22 7 -4 13 27 -6 -5 14 16 -2 15 20 -13 18 -1 -18 -8 -7 23 -3 -11 -26 -10 28 -9 -17
right_child=1 4 6 10 9 21 11 8 26 24 -12 12 -14 -15 -16 29 19 -19 -20 -21 -22 -23 -24 -25 25 -27 -28 -29 -30 -31
leaf_value=0.00042853137206791051 -0.0026900225371585037 0.00078420813507716755 0.0045045830196946317 -0.00095100648538150529 -0.0043184917700691342 -0.0034658985186488546 0.0021957418105833823 0.00072911915198423289 0.0015973911986814017 0.001653693602683342 0.00016488032225048257 0.0010623436420224854 0.0039728595777694924 0.00012284229495139527 0.00026645472069126584 0.0020218621961011997 -0.0015940308910777981 0.0064518306917502408 0.0036914663205822422 0.00035058014670754143 0.0050699636974148345 -0.00045198970088541446 -0.0032934386140765614 -0.0025589127660575841 0.00187379861346287 -0.0013346935729172111 0.00016776220431199097 -0.0026514968884208995 -0.0011408942954337347 -0.0012087275972688383
leaf_weight=2485 4118 2721 2068 66627 2200 2080 5969 17382 30575 2363 26767 25908 2269 8685 6935 4511 7681 2040 9558 17655 4077 26555 14919 6203 2241 29330 11067 2149 6372 2353
leaf_count=2485 4118 2721 2068 66627 2200 2080 5969 17382 30575 2363 26767 25908 2269 8685 6935 4511 7681 2040 9558 17655 4077 26555 14919 6203 2241 29330 11067 2149 6372 2353
internal_value=-2.77048e-05 -0.000538721 0.00140593 -0.000187042 -0.00172514 0.000193613 0.00103059 0.000502169 0.000745905 -0.00112222 -0.000631207 0.000937154 0.000570246 -0.00078329 0.00175998 0.00237198 0.000418838 0.00352057 0.00301909 -0.000239355 0.00336608 -0.000672049 -0.00263802 -0.00153983 -0.000913793 -0.00110642 0.00121758 -1.25392e-05 0.00022722 0.000914259
internal_weight=355863 262354 93509 202377 59977 108983 79426 80348 67545 36134 93394 77358 53513 12803 23845 16910 51244 14083 12043 25336 10046 28635 23843 8924 33934 31571 41642 25903 23754 6864
internal_count=355863 262354 93509 202377 59977 108983 79426 80348 67545 36134 93394 77358 53513 12803 23845 16910 51244 14083 12043 25336 10046 28635 23843 8924 33934 31571 41642 25903 23754 6864
is_linear=0
shrinkage=0.05


Tree=11
num_leaves=31
num_cat=0
split_feature=34 25 32 21 72 74 43 3 74 59 58 55 22 20 19 9 22 43 19 39 59 71 22 66 64 52 55 51 64 22
split_gain=107.495 36.6885 20.4048 14.5034 15.9731 14.4135 11.9959 17.4298 11.5992 11.4005 11.1468 10.88 10.0151 11.3092 9.94966 9.54703 9.30906 8.90082 9.33424 8.27332 7.96553 10.1083 8.90987 7.51041 7.50651 7.46252 7.31159 6.96159 6.95386 6.91765
threshold=-0.49436578154563898 0.85026681423187267 -0.37176381051540369 0.19135142117738727 3.0000000000000004 5.5000000000000009 0.30000001192092901 0.28594529628753668 5.5000000000000009 0.35150000452995306 0.75374582409858715 -1.6713621020317075 1.2217721939086916 1.3444216251373293 0.99000588059425365 -0.70168578624725331 1.414568364620209 1.0000000180025095e-35 0.99966251850128185 -0.98554667830467213 0.61249998211860668 -0.24908137321472165 1.5842742323875429 -0.35138934850692743 0.048866903409361846 -0.15249929577112195 -0.92430180311202992 -0.25849531590938563 0.42845802009105688 0.96050870418548595
decision_type=2 2 2 2 2 2 2 2 2 2 2 2 2 2 2 2 2 2 2 2 2 2 2 2 2 2 2 2 2 2
left_child=2 3 8 4 -2 17 7 -5 10 29 -1 -4 23 -14 19 -12 -11 -3 -19 -8 21 22 -13 -9 -7 -21 -24 -16 -18 -6
right_child=1 5 11 6 9 24 14 12 -10 16 15 20 13 -15 27 -17 28 18 -20 25 -22 -23 26 -25 -26 -27 -28 -29 -30 -31
leaf_value=0.0023824727983487283 0.0036243029766187215 -0.0036990150244689823 -0.0019674310051310873 -5.8014509495703389e-05 -0.0031528546142488472 -0.0018555254234612001 0.0015649974221041887 -0.0014961356504605697 0.0065681685604095513 0.00030175600963504041 0.0075700399978407542 -0.00052167332051231033 -0.0011808668851502782 -0.0035656317981234416 -0.00026913133614321676 0.0028609158264112913 0.0025697630942156944 -0.0013535502603178775 0.00039732328928163482 -0.00088083833860359687 0.0029951536806028488 -0.002376198483376868 0.00099851577927610779 0.0012132435951896579 -0.0050920355622201922 1.8214411724696012e-05 0.0050486766774474959 0.0014742193388153071 2.1206819069823999e-05 -0.00022590006148794734
leaf_weight=14977 4080 3219 2352 35005 2253 3432 6172 6711 2637 23464 2201 2989 10118 9792 8614 2135 10572 35803 9662 37044 6632 2038 2260 4120 3779 61206 2200 17056 3583 18717
leaf_count=14977 4080 3219 2352 35005 2253 3432 6172 6711 2637 23464 2201 2989 10118 9792 8614 2135 10572 35803 9662 37044 6632 2038 2260 4120 3779 61206 2200 17056 3583 18717
internal_value=2.15191e-06 -0.00030992 0.00242898 -5.87434e-05 0.000603247 -0.00147136 -0.000270603 -0.00082101 0.00345929 0.000392285 0.00303163 0.0012034 -0.00168954 -0.00235493 7.6039e-06 0.00526324 0.000912935 -0.00116187 -0.000981458 -0.000209215 0.001667 0.000736364 0.00158999 -0.000465347 -0.00355636 -0.000320818 0.00300318 0.000889332 0.00192513 -0.000541723
internal_weight=354823 314402 40421 258507 62669 55895 195838 65746 21950 58589 19313 18471 30741 19910 130092 4336 37619 48684 45465 104422 16119 9487 7449 10831 7211 98250 4460 25670 14155 20970
internal_count=354823 314402 40421 258507 62669 55895 195838 65746 21950 58589 19313 18471 30741 19910 130092 4336 37619 48684 45465 104422 16119 9487 7449 10831 7211 98250 4460 25670 14155 20970
is_linear=0
shrinkage=0.05


Tree=12
num_leaves=31
num_cat=0
split_feature=34 34 32 43 32 11 72 40 66 43 32 20 11 8 63 8 29 15 15 5 73 8 72 5 40 54 73 34 63 17
split_gain=96.5952 45.9908 18.2032 15.9363 14.9701 11.9595 10.3823 10.1091 9.96319 9.76141 22.0368 9.76663 9.59289 9.57756 9.2151 8.98674 8.90758 8.63605 8.46685 8.45934 8.39979 8.10277 8.67405 7.86524 7.37676 7.94929 7.31657 7.10146 7.73827 6.68431
threshold=-0.48634786903858179 0.44228054583072668 -0.57083576917648304 1.0000000180025095e-35 -0.35906785726547236 -0.73178732395172108 3.0000000000000004 -0.27982635796070093 -0.32943098247051233 0.36666667461395269 -0.076688244938850389 1.3889774680137636 -1.429188013076782 -0.92101913690567005 -0.18640499562025067 0.51192742586135875 -0.86040851473808277 -7.4776892662048331 -7.8102049827575675 -1.390600264072418 13.500000000000002 -0.49090647697448725 3.0000000000000004 -1.390600264072418 -0.47331516444683069 -0.64600321650505055 13.500000000000002 0.70661309361457836 0.4462913721799851 -0.48605522513389582
decision_type=2 2 2 2 2 2 2 2 2 2 2 2 2 2 2 2 2 2 2 2 2 2 2 2 2 2 2 2 2 2
left_child=2 4 16 -3 6 7 -2 24 27 10 17 21 -8 -4 -11 -9 -1 20 -14 -20 -7 -12 -23 26 25 -6 -18 -5 -29 -10
right_child=1 3 13 8 5 9 12 15 29 14 11 -13 18 -15 -16 -17 23 -19 19 -21 -22 22 -24 -25 -26 -27 -28 28 -30 -31
leaf_value=0.0055769096970234456 0.0040678385407044203 -0.0046785331149845804 0.00085556550412188852 -0.0016068591270750388 -0.001321601748011465 -0.0015416682429694321 -0.0018285256792747548 0.0016694866479321142 0.00083024581253028423 0.00055298886602461305 0.00039043586980716728 -0.0025001328174295116 -0.00041695263056967048 0.002875673337907155 -0.00042679039598515918 -0.00052748528408184145 0.005450827455271515 0.0016358134643841568 0.0033203814423570957 0.000951590914775344 0.0011191225379130181 -0.0034144027683316578 -0.00096641813917352484 0.0011204787823959528 -0.0028238092420951356 0.001054616342750778 0.0020119375544400886 -0.002064605388493298 -0.0056541902757319424 -0.0011049299086585283
leaf_weight=4345 2366 3857 18679 16886 6071 6811 3506 20465 5414 38410 8400 14689 8967 8554 63924 6019 3583 9408 4549 21850 5239 4410 20050 3962 2624 8346 2747 3560 2611 25206
leaf_count=4345 2366 3857 18679 16886 6071 6811 3506 20465 5414 38410 8400 14689 8967 8554 63924 6019 3583 9408 4549 21850 5239 4410 20050 3962 2624 8346 2747 3560 2611 25206
internal_value=7.01326e-07 -0.000300456 0.00225613 -0.00157775 -1.34589e-05 -0.000180939 0.000859011 0.000559098 -0.00135412 -0.000368949 -0.000828481 -0.00142862 0.000662706 0.00149091 -5.90224e-05 0.00117017 0.00367787 0.000501428 0.00091012 0.00136088 -0.000384863 -0.000949025 -0.00140899 0.00287151 -0.000390722 5.37682e-05 0.003964 -0.00213898 -0.00359008 -0.000762607
internal_weight=355508 313638 41870 57534 256104 214866 41238 43525 53677 171341 69007 47549 38872 27233 102334 26484 14637 21458 35366 26399 12050 32860 24460 10292 17041 14417 6330 23057 6171 30620
internal_count=355508 313638 41870 57534 256104 214866 41238 43525 53677 171341 69007 47549 38872 27233 102334 26484 14637 21458 35366 26399 12050 32860 24460 10292 17041 14417 6330 23057 6171 30620
is_linear=0
shrinkage=0.05


Tree=13
num_leaves=31
num_cat=0
split_feature=33 72 33 34 11 43 66 14 34 73 74 74 11 54 70 2 13 34 55 4 64 34 19 16 71 24 12 5 9 58
split_gain=87.6761 23.198 20.7135 19.0916 15.8598 13.8637 13.8625 12.6036 9.98096 9.32843 9.21937 8.62263 8.41494 8.14355 7.91133 7.78202 7.46887 7.14254 7.018 7.01059 6.42881 6.01058 6.00805 5.97244 6.76394 5.90268 5.79671 5.78803 5.90124 8.58884
threshold=-0.28267507255077357 5.0000000000000009 -0.75725504755973805 0.40181380510330206 0.12382328137755395 1.0000000180025095e-35 -0.32943098247051233 -7.623114585876464 -0.52149292826652516 9.5000000000000018 5.5000000000000009 4.5000000000000009 1.4924960136413576 1.3956828713417055 -1.5020056366920469 0.31097319722175604 -7.6765172481536856 0.64819467067718517 -0.7878131866455077 -2.3630034923553462 -0.067927289754152284 -0.31215213239192957 0.99291545152664196 0.11496691778302194 -0.39340315759181971 1.2230048179626467 -8.2171421051025373 1.5127937197685244 0.31837350130081182 -0.48318329453468317
decision_type=2 2 2 2 2 2 2 2 2 2 2 2 2 2 2 2 2 2 2 2 2 2 2 2 2 2 2 2 2 2
left_child=1 8 14 4 18 15 17 13 -1 12 26 -11 16 22 19 -5 -4 -7 25 -3 -21 -9 23 24 -6 -2 -8 28 29 -20
right_child=3 2 9 5 7 6 10 21 -10 11 -12 -13 -14 -15 -16 -17 -18 -19 27 20 -22 -23 -24 -25 -26 -27 -28 -29 -30 -31
leaf_value=0.0060689574523927897 -0.0032070434923031584 0.0064525677942588837 -0.00025966079111320787 -0.0017277889927283093 -0.0024121520214501367 -0.0013031906100486551 0.0016728429558368974 0.0019868243496006586 0.0025173868459793642 0.00074743334741312261 -0.0029977346699357854 0.0024607451506001815 -0.0021777802278187593 0.00081498809954420415 0.0017354512275198658 -0.0059608938780164357 0.0016266952006809257 -0.0030550533736434697 -0.00018673860071184345 0.0046692946366390714 0.00094969508162480129 -0.00024080659348127331 -0.00032010577135979217 -0.0005154538104218978 -0.00032170776603352206 -0.00035845305222832161 -0.00033983256334961824 -0.0018272805564723158 -0.00030220338831488201 0.00098003109988774643
leaf_weight=3152 2479 2063 16122 2108 23603 18946 4129 3265 5358 26527 2932 10153 3794 4406 8599 2254 7768 8408 23191 2499 2175 40158 9574 7926 4632 6763 26359 3047 23692 49279
leaf_count=3152 2479 2063 16122 2108 23603 18946 4129 3265 5358 26527 2932 10153 3794 4406 8599 2254 7768 8408 23191 2499 2175 40158 9574 7926 4632 6763 26359 3047 23692 49279
internal_value=-8.33744e-06 0.00135834 0.00109308 -0.000459632 -0.000219595 -0.00120394 -0.00100811 -0.000696528 0.00383842 0.00069939 -0.000324753 0.00122222 6.47474e-06 -0.00123649 0.00274384 -0.00392382 0.000354125 -0.00184259 0.000191896 0.00402646 0.00294414 -7.28909e-05 -0.00143426 -0.00172907 -0.00206945 -0.00112518 -6.67961e-05 0.000314692 0.000382746 0.000606681
internal_weight=355361 88210 79700 267151 202015 65136 60774 93564 8510 64364 33420 36680 27684 50141 15336 4362 23890 27354 108451 6737 4674 43423 45735 36161 28235 9242 30488 99209 96162 72470
internal_count=355361 88210 79700 267151 202015 65136 60774 93564 8510 64364 33420 36680 27684 50141 15336 4362 23890 27354 108451 6737 4674 43423 45735 36161 28235 9242 30488 99209 96162 72470
is_linear=0
shrinkage=0.05


Tree=14
num_leaves=31
num_cat=0
split_feature=33 33 33 72 11 43 66 43 24 13 25 17 12 9 58 33 28 32 72 24 43 54 12 59 22 57 43 54 62 17
split_gain=99.6885 29.7374 29.3934 15.3331 15.212 14.3559 14.4017 11.7333 11.2885 11.1095 10.9291 14.3486 10.6979 10.63 9.49725 9.91484 8.88052 8.78599 8.64345 8.27209 8.07603 7.87827 7.64549 7.2334 6.89493 6.88144 6.79786 6.39044 5.85823 6.14689
threshold=-0.28794853389263148 -0.75725504755973805 0.53010228276252758 5.0000000000000009 0.12382328137755395 1.0000000180025095e-35 -0.31140758097171778 0.16666667163372043 0.86685544252395641 -8.3382277488708478 0.86819961667060863 -0.2705243974924087 -8.9979834556579572 -0.88296130299568165 -0.010217506904155014 -1.1285336613655088 1.2576035857200625 0.01999181974679232 15.000000000000002 2.5632565021514897 0.36666667461395269 -1.3286991119384763 -7.6787116527557364 0.28149999678134924 1.2437365651130678 0.93543586134910595 0.83333334326744091 -0.62232640385627735 0.34166666865348821 0.21538785099983218
decision_type=2 2 2 2 2 2 2 2 2 2 2 2 2 2 2 2 2 2 2 2 2 2 2 2 2 2 2 2 2 2
left_child=1 14 4 -3 10 -4 20 17 -5 -8 11 13 -10 -2 18 -16 26 22 -1 25 -7 24 -6 -14 -13 -9 -11 -20 -23 -30
right_child=2 3 5 8 7 6 9 19 12 16 -12 21 23 -15 15 -17 -18 -19 27 -21 -22 28 -24 -25 -26 -27 -28 -29 29 -31
leaf_value=0.0048540257096191261 0.0030758990739818354 0.0031831148585878544 -0.0053796913585763542 -0.0023163620010809845 -0.0018041295154282912 -0.0043511079840744078 0.0022955572591632054 -0.00095074737491061064 -0.0022101036354001944 -0.0012596323597306742 -0.0013178586018548454 -0.0043459008695371816 0.00010005256471593502 0.00065554475945482507 0.0074369262092302268 0.0034804387888080707 0.0009499717494859867 -0.0026568077176392698 0.0027108264775910712 0.0010821727463770532 -0.0018978647713512172 -0.0025337731046501336 0.0010094130285811464 0.0013494098886673933 -0.0006742387232902587 4.6244432622519277e-05 -0.0042133292291080988 -0.00053245296339825049 0.00044500191492957046 -0.00063841354653415029
leaf_weight=2047 5168 6916 2596 2939 5949 5163 2632 54898 2713 13995 12656 2039 16123 36705 2088 6660 4022 12404 3047 7662 9637 2300 4051 41170 3413 25273 2257 3013 34658 21026
leaf_count=2047 5168 6916 2596 2939 5949 5163 2632 54898 2713 13995 12656 2039 16123 36705 2088 6660 4022 12404 3047 7662 9637 2300 4051 41170 3413 25273 2257 3013 34658 21026
internal_value=-6.87009e-05 0.00140511 -0.000544716 0.000950037 -0.000324829 -0.00178939 -0.00154085 -0.000747097 0.000704214 -0.000754827 6.98055e-05 0.000236684 0.000852518 0.00095493 0.00328961 0.0044322 -0.00115177 -0.00176823 0.00205274 -0.000486459 -0.00275604 -0.000237494 -0.000664494 0.000997903 -0.00205285 -0.00063649 -0.00167217 0.00110006 -6.64785e-05 3.58685e-05
internal_weight=355220 86716 268504 69861 228202 40302 37706 110237 62945 22906 117965 105309 60006 41873 16855 8748 20274 22404 8107 87833 14800 63436 10000 57293 5452 80171 16252 6060 57984 55684
internal_count=355220 86716 268504 69861 228202 40302 37706 110237 62945 22906 117965 105309 60006 41873 16855 8748 20274 22404 8107 87833 14800 63436 10000 57293 5452 80171 16252 6060 57984 55684
is_linear=0
shrinkage=0.05


Tree=15
num_leaves=31
num_cat=0
split_feature=33 33 63 33 56 11 14 59 74 14 31 4 56 15 54 69 19 69 43 57 74 64 74 57 8 9 13 63 57 54
split_gain=86.1087 29.6946 16.3797 16.1067 17.7875 12.3809 14.9599 13.4271 11.9525 9.13827 9.10883 8.81402 8.64273 9.18399 9.20967 8.13394 7.68948 7.2376 7.85141 7.3819 7.15441 7.05161 8.64039 6.96396 8.82387 8.55119 7.6575 6.86866 6.85344 6.60624
threshold=-0.42701713740825648 0.53010228276252758 0.0557599924504757 -0.80407050251960743 -1.2576936483383176 0.13295024633407596 -7.6332509517669669 0.16250000149011615 5.5000000000000009 -7.7952470779418936 -0.16442053020000455 -0.85399180650711048 0.16965506225824359 -7.549877166748046 -0.44649447500705713 0.017185721546411518 0.99000588059425365 -0.020870355889201161 0.10000000521540643 0.052663991227746017 5.5000000000000009 0.013946860563009979 2.5000000000000004 0.30261179804801946 0.41183365881443029 0.2985582053661347 -7.2158830165863028 1.0459195375442507 0.89098829030990612 2.0607720613479619
decision_type=2 2 2 2 2 2 2 2 2 2 2 2 2 2 2 2 2 2 2 2 2 2 2 2 2 2 2 2 2 2
left_child=3 5 9 15 -5 7 17 -2 12 16 -8 -12 13 14 -6 -1 -3 -7 -19 -20 23 22 -9 24 -4 -25 28 -26 -27 -13
right_child=1 2 20 4 8 6 10 21 -10 -11 11 29 -14 -15 -16 -17 -18 18 19 -21 -22 -23 -24 25 27 26 -28 -29 -30 -31
leaf_value=0.0038300044752516299 -0.00094327323263758184 -0.00054216168094244868 -0.00083773734655603503 -0.00024210712027159656 0.0024998557878850945 -0.0018098449384412211 0.00093566230292295568 7.3841146121992327e-05 0.0046236517678243617 -0.0012759231181065239 0.0017912550864001243 -0.00081262288808112658 -0.0012502229393043121 0.002851836707719478 -0.00048085421083218343 0.0007688003880421797 0.003147372682107677 -0.0024093985793823772 -0.0013634882405733552 0.00014010604337511188 -0.0045946434904887232 -5.4885371170131963e-05 0.0012592720372531364 -0.003505903904982087 -0.0047349676934050275 0.00048342913875200322 0.0021589130994749315 -0.0013699035706727682 -0.0029814767581940408 0.0017426568688777831
leaf_weight=11324 22903 2863 3480 13094 4584 21751 18989 27373 3721 9274 4177 34848 2417 11781 5939 2691 2772 5655 12783 22550 3235 50536 35054 2855 5849 2784 2231 2060 2913 2718
leaf_count=11324 22903 2863 3480 13094 4584 21751 18989 27373 3721 9274 4177 34848 2417 11781 5939 2691 2772 5655 12783 22550 3235 50536 35054 2855 5849 2784 2231 2060 2913 2718
internal_value=-3.00415e-05 -0.000365246 -0.00162746 0.00177786 0.00128276 -0.00016897 -0.000531348 0.000160364 0.00198462 -0.000311503 2.80562e-05 -0.000384941 0.00158568 0.00189342 0.000818735 0.00324319 0.00127517 -0.00107278 -0.000681291 -0.000404106 -0.00239925 0.000384188 0.000739579 -0.002077 -0.00293899 -0.00116469 -0.00031822 -0.00386133 -0.00129037 -0.000627327
internal_weight=355204 299653 40316 55551 41536 259337 123471 135866 28442 14909 60732 41743 24721 22304 10523 14015 5635 62739 40988 35333 25407 112963 62427 22172 11389 10783 7928 7909 5697 37566
internal_count=355204 299653 40316 55551 41536 259337 123471 135866 28442 14909 60732 41743 24721 22304 10523 14015 5635 62739 40988 35333 25407 112963 62427 22172 11389 10783 7928 7909 5697 37566
is_linear=0
shrinkage=0.05


Tree=16
num_leaves=31
num_cat=0
split_feature=33 33 11 14 33 24 56 12 72 63 33 40 40 31 56 57 57 56 31 10 70 14 64 41 2 73 17 32 33 55
split_gain=83.7847 29.1973 17.1208 15.8132 15.754 14.0412 10.6217 15.4912 10.2136 10.1744 9.40512 10.202 8.73905 8.43948 8.16153 7.94974 7.7138 7.68781 7.59561 7.57259 7.81138 7.41789 7.44561 7.89029 7.20247 7.97966 7.26055 7.86186 7.11991 14.6145
threshold=-0.5287283957004546 0.53010228276252758 0.47985640168190008 -8.6170325279235822 -0.80407050251960743 2.7194116115570073 0.26041916012763983 -7.5166018009185782 5.0000000000000009 -0.22862272709608075 -0.24188893288373944 0.96703672409057628 -0.87671843171119679 -0.32583034038543696 -1.1890159249305723 0.93543586134910595 0.89098829030990612 -1.1080355644226072 -0.14548581838607785 0.80467003583908092 -0.057547386735677712 -8.0054602622985822 -0.50153654813766468 -1.0000000180025095e-35 -0.41123701632022852 16.500000000000004 -0.42716731131076807 0.22910977154970172 0.080627191811800017 0.63212868571281444
decision_type=2 2 2 2 2 2 2 2 2 2 2 2 2 2 2 2 2 2 2 2 2 2 2 2 2 2 2 2 2 2
left_child=4 2 9 -3 15 6 7 10 -5 13 17 16 -10 -2 -6 21 -12 -4 -9 20 -19 -1 -23 -24 25 -15 27 -26 29 -11
right_child=1 3 5 8 14 -7 -8 18 12 28 11 -13 -14 24 -16 -17 -18 19 -20 -21 -22 22 23 -25 26 -27 -28 -29 -30 -31
leaf_value=0.0050069035244542839 0.0015748448614145033 0.0025097619012305703 -0.0029501788397970487 -0.0043573472219381989 0.00033347188389258267 0.0014244454827936378 -7.4176082457268081e-05 0.0018053159922106481 -0.0032944244805007046 1.3371874782455483e-05 -0.0026154806966197314 -0.0055399640152641134 -0.0011772310837983449 0.00047241887871828851 0.0021676638920138445 0.0063594019716341392 -0.00079297194111631298 -0.00064682748539386474 -0.00061149349517549204 -0.0021734944184991058 0.0027330667053872418 0.0044712188304022807 -0.0008987272330983671 0.002731344989202562 8.4598636729456194e-05 0.0032439984006067562 -0.00055843583723172679 0.0032980671342447291 -0.00055570877172762844 0.0027341516286031853
leaf_weight=3310 18528 2250 2740 3525 10522 7355 29117 4475 5859 64289 17147 2201 28922 8307 14321 2049 8793 3644 11806 2729 3205 2600 2481 3749 5781 3771 23018 2828 50904 5336
leaf_count=3310 18528 2250 2740 3525 10522 7355 29117 4475 5859 64289 17147 2201 28922 8307 14321 2049 8793 3644 11806 2729 3205 2600 2481 3749 5781 3771 23018 2828 50904 5336
internal_value=-3.40726e-05 -0.000303619 -0.000119506 -0.00155613 0.00215133 -0.000670916 -0.000850562 -0.00124889 -0.00179554 0.000161745 -0.00177287 -0.00227712 -0.00153473 0.000680869 0.00139126 0.00348019 -0.00199824 -0.000619962 5.34918e-05 4.90301e-05 0.000936478 0.0029894 0.00222831 0.0012866 0.000301609 0.00133973 -9.51366e-05 0.0011428 -0.000106329 0.000222253
internal_weight=355562 316530 275974 40556 39032 93212 85857 56740 38306 182762 40459 28141 34781 62233 24843 14189 25940 12318 16281 9578 6849 12140 8830 6230 43705 12078 31627 8609 120529 69625
internal_count=355562 316530 275974 40556 39032 93212 85857 56740 38306 182762 40459 28141 34781 62233 24843 14189 25940 12318 16281 9578 6849 12140 8830 6230 43705 12078 31627 8609 120529 69625
is_linear=0
shrinkage=0.05


Tree=17
num_leaves=31
num_cat=0
split_feature=23 72 33 63 59 32 39 9 72 23 62 34 59 22 15 51 14 16 2 50 13 74 54 60 10 74 41 0 65 32
split_gain=79.951 25.5507 21.3384 15.4684 15.3554 16.8786 12.7607 12.0878 9.62176 11.08 10.6355 8.63331 8.47989 7.80211 7.73444 7.41554 7.3815 7.15758 6.98635 7.60819 6.71013 7.53183 8.83046 8.37332 8.8634 6.69661 6.66734 6.62058 6.90005 6.26719
threshold=0.20541766285896304 5.0000000000000009 0.85357314348220836 -0.30794006586074824 0.65049999952316295 -1.0323903560638426 -0.47331516444683069 0.97375261783599865 9.0000000000000018 0.76375624537467968 0.37500000000000006 -0.44636404514312739 0.17449999600648883 1.414568364620209 -7.2386348247528067 0.10368892922997476 -6.9552786350250235 -0.18276771157979962 1.174423396587372 0.15167063474655154 -8.8156957626342756 5.5000000000000009 0.52170932292938244 0.70499998331069957 0.93466269969940197 5.5000000000000009 -1.0000000180025095e-35 1.1910637021064761 0.20186930894851687 -0.38496029376983637
decision_type=2 2 2 2 2 2 2 2 2 2 2 2 2 2 2 2 2 2 2 2 2 2 2 2 2 2 2 2 2 2
left_child=1 11 3 29 5 -3 12 -4 9 10 -8 -1 16 -12 25 -9 -5 -15 27 -20 -7 22 -22 24 -24 -6 -11 28 -14 -2
right_child=2 4 7 6 14 20 8 15 -10 26 13 -13 18 17 -16 -17 -18 -19 19 -21 21 -23 23 -25 -26 -27 -28 -29 -30 -31
leaf_value=0.0059004733221112715 0.0017694170927961537 0.0041526193512893932 -0.0038560607681547435 -0.0018679888233821907 0.0011775276013481859 -0.0024408416183889685 -0.004218280494200889 -0.0029879652245949958 -0.00068431026099222017 -0.0052319181560170486 -0.0015023119562216887 0.0025076079176894403 0.00013734190653866515 0.0032212892856507492 0.0036675261239872158 0.00067482716694857597 0.0012370371523975701 -0.00067171075322854416 -0.0027010902289789514 0.00098964626636082733 -0.00031894338588093108 0.0022272921520752188 0.0022966586112613432 0.0043894752446032642 -0.0017960361252416122 0.0037346731714224934 -0.0021532224396443845 0.0025666248645784214 0.0030414455582898998 0.00012793094108789745
leaf_weight=3633 6360 2948 6912 9451 16225 2198 2163 2259 106284 3010 6659 3917 44058 2210 5787 3527 2392 2516 3863 2177 25520 4874 3210 2006 2236 3035 4272 3364 2135 66747
leaf_count=3633 6360 2948 6912 9451 16225 2198 2163 2259 106284 3010 6659 3917 44058 2210 5787 3527 2392 2516 3863 2177 25520 4874 3210 2006 2236 3035 4272 3364 2135 66747
internal_value=-5.50405e-05 0.00138802 -0.000444146 -0.000349087 0.00108143 0.000507885 -0.00058208 -0.00244606 -0.000877012 -0.00185946 -0.00101274 0.00414587 -2.61315e-05 -0.000400561 0.00206529 -0.000757907 -0.00124033 0.00115171 0.000232689 -0.0013714 0.000238593 0.000394812 0.000123337 0.00163636 0.000616082 0.00158221 -0.00343122 0.000428432 0.000272196 0.000270956
internal_weight=355948 75589 280359 267661 68039 42992 194554 12698 127114 20830 13548 7550 67440 11385 25047 5786 11843 4726 55597 6040 40044 37846 32972 7452 5446 19260 7282 49557 46193 73107
internal_count=355948 75589 280359 267661 68039 42992 194554 12698 127114 20830 13548 7550 67440 11385 25047 5786 11843 4726 55597 6040 40044 37846 32972 7452 5446 19260 7282 49557 46193 73107
is_linear=0
shrinkage=0.05


Tree=18
num_leaves=31
num_cat=0
split_feature=34 33 43 32 59 14 55 35 40 59 32 57 58 36 12 33 22 39 6 15 57 39 17 66 31 22 28 15 39 11
split_gain=81.7342 32.3734 26.7677 18.4033 14.3737 12.5839 12.0762 11.3986 10.76 10.55 9.39119 8.51398 8.26817 8.26748 12.4079 9.61234 8.2318 8.17958 7.8098 7.43736 11.9268 8.72375 7.58546 7.14647 6.93704 6.70322 7.49563 6.66843 6.66375 6.83628
threshold=-0.48634786903858179 0.51114162802696239 0.30000001192092901 -0.37176381051540369 0.11850000172853471 -8.5198845863342267 -1.6713621020317075 0.19387514889240268 0.67879429459571849 0.10649999976158143 -1.1145442724227903 1.4702546000480654 0.17964439839124682 0.9796607792377473 -8.4466261863708478 -0.34666977822780604 1.5259327888488772 -0.81156626343727101 1.1627616286277773 -7.3194344043731681 0.2547327727079392 0.04797767102718354 -0.55656364560127247 -0.31140758097171778 0.52227923274040233 1.3166940212249758 0.62591445446014415 -7.3973963260650626 -0.22069533914327619 0.048046642914414413
decision_type=2 2 2 2 2 2 2 2 2 2 2 2 2 2 2 2 2 2 2 2 2 2 2 2 2 2 2 2 2 2
left_child=3 7 23 4 -1 -4 -5 11 13 -7 -6 19 -8 14 16 -16 -9 -13 -17 21 -21 22 -2 -3 -25 -11 -27 -24 29 -10
right_child=1 2 5 6 10 9 12 8 28 25 -12 17 -14 -15 15 18 -18 -19 -20 20 -22 -23 27 24 -26 26 -28 -29 -30 -31
leaf_value=-0.0004193481252338683 0.0019018664079559731 -0.00467345361082814 0.0030345376937012539 -0.0023609245441077445 0.0061150594651733633 0.0019716444773806106 0.00048806372445458899 -0.0031285967965916602 0.002116183045219005 0.00030450588888460579 0.0030716726685210281 0.0042218570005109297 0.0027158938169986081 0.001094657895141477 0.0018539598032887414 -0.00014611516600291234 0.00022570597339491478 0.00086302218554589339 -0.0025909200695145144 0.00011944955445584631 0.0018460530083138538 -0.00059157561619488776 0.00028459836955276675 -0.0014667675478203404 -0.0046150350334220117 -0.0024543899301385347 -0.00034104569982378269 -0.0015362758194354318 -0.001988723983519949 -0.0010557221780524305
leaf_weight=2602 6495 5666 2143 2373 2988 2776 9756 6154 2210 5204 16977 2190 7264 11011 5611 41337 2599 10343 3537 34767 14032 52760 47951 6076 2457 12156 6410 5607 15906 7226
leaf_count=2602 6495 5666 2143 2373 2988 2776 9756 6154 2210 5204 16977 2190 7264 11011 5611 41337 2599 10343 3537 34767 14032 52760 47951 6076 2457 12156 6410 5607 15906 7226
internal_value=3.23636e-05 -0.00024577 -0.00152161 0.00210417 0.00307464 -0.000642377 0.000973858 -4.28619e-05 -0.00048154 -0.000940237 0.00352999 0.000197949 0.00143992 -0.000162853 -0.000396741 -9.52631e-05 -0.00213349 0.00145284 -0.000339351 0.000100549 0.000616205 -0.000122541 0.000289563 -0.0032964 -0.00237762 -0.00128099 -0.00172532 9.37194e-05 -0.00136454 -0.000311378
internal_weight=354584 312624 42888 41960 22567 28689 19393 269736 95591 26546 19965 174145 17020 70249 59238 50485 8753 12533 44874 161612 48799 112813 60053 14199 8533 23770 18566 53558 25342 9436
internal_count=354584 312624 42888 41960 22567 28689 19393 269736 95591 26546 19965 174145 17020 70249 59238 50485 8753 12533 44874 161612 48799 112813 60053 14199 8533 23770 18566 53558 25342 9436
is_linear=0
shrinkage=0.05


Tree=19
num_leaves=31
num_cat=0
split_feature=33 33 13 33 74 63 66 27 33 11 35 54 55 26 5 11 19 57 32 64 55 35 2 5 8 6 74 63 54 58
split_gain=65.5172 33.283 18.6818 15.6097 14.6483 13.0771 11.5151 10.8069 10.2881 10.4329 8.67006 10.8615 8.2626 8.21523 8.19345 7.65669 8.35385 7.5807 7.53405 7.44726 7.31443 8.20711 7.97827 7.69285 7.2307 7.20703 7.20272 8.75592 6.67075 8.73186
threshold=-0.5287283957004546 0.38862350583076483 -8.7255926132202131 -0.80407050251960743 5.5000000000000009 -0.32208073139190668 -0.29833653569221491 -0.65828150510787953 0.92653223872184765 0.5637640953063966 0.20732112228870395 0.093308705836534514 -1.8413338065147398 0.73313787579536449 1.2512249350547793 -0.46578216552734369 0.99000588059425365 0.44213578104972845 -0.080810155719518648 -0.20280724018812177 -1.0872054696083067 -0.29930594563484186 -1.0268502831459043 -0.79629454016685475 1.5120244622230532 0.93351811170578014 5.5000000000000009 0.98927342891693126 0.73840773105621349 0.3608457893133164
decision_type=2 2 2 2 2 2 2 2 2 2 2 2 2 2 2 2 2 2 2 2 2 2 2 2 2 2 2 2 2 2
left_child=3 5 -3 7 6 20 25 -1 9 -8 11 15 -5 -11 -6 16 17 -7 -17 -9 -2 -22 -23 -24 -10 -4 27 -12 -25 -30
right_child=1 2 4 12 14 10 8 19 24 13 26 -13 -14 -15 -16 18 -18 -19 -20 -21 21 22 23 28 -26 -27 -28 -29 29 -31
leaf_value=0.0042155423601594249 -0.00094863969155003581 0.0021898547206730705 -0.00090785125503697211 -0.0016579657485548517 -0.0020190293150412469 -0.00019110575931120422 -0.00077990048398552878 0.0032223928436793873 -0.0034606120301697465 0.00031477367173755747 -0.00064825984883186253 0.00087503134261727707 0.0015329500563278434 0.0035444154923591695 -0.0054514354364252268 9.9777957937765641e-05 0.0024378628544845936 0.0021223617460152835 -0.0011564958946909023 -0.0009967851103168657 0.0019013105595531155 0.0024732354560256802 0.0022163078613424716 -0.00025216940610266295 1.3550359843028602e-05 -0.0026649427873812167 -0.0020758701166610836 0.0013566538395428033 -0.00034761809693700525 0.0026097976026214524
leaf_weight=10021 6340 3890 10120 2219 4019 29544 15287 2153 4192 6040 46578 33822 22762 2913 3081 21452 4245 4013 26885 2018 13997 4792 4832 31107 2327 13824 7431 6157 4673 5342
leaf_count=10021 6340 3890 10120 2219 4019 29544 15287 2153 4192 6040 46578 33822 22762 2913 3081 21452 4245 4013 26885 2018 13997 4792 4832 31107 2327 13824 7431 6157 4673 5342
internal_value=7.32872e-05 -0.00016519 -0.00116712 0.00200208 -0.00137873 9.68569e-05 -0.00110099 0.00332592 -0.000460699 1.37967e-05 -0.000129769 0.000115903 0.00124896 0.00136837 -0.00351407 -0.000182232 0.000350773 8.6106e-05 -0.000599055 0.00118358 0.000671073 0.000829807 0.000533943 0.000331223 -0.00222237 -0.00192299 -0.000619536 -0.000413966 0.000109233 0.0012309
internal_weight=356076 316903 65693 39173 61803 251210 54703 14192 30759 24240 180127 119961 24981 8953 7100 86139 37802 33557 48337 4171 71083 64743 50746 45954 6519 23944 60166 52735 41122 10015
internal_count=356076 316903 65693 39173 61803 251210 54703 14192 30759 24240 180127 119961 24981 8953 7100 86139 37802 33557 48337 4171 71083 64743 50746 45954 6519 23944 60166 52735 41122 10015
is_linear=0
shrinkage=0.05


Tree=20
num_leaves=31
num_cat=0
split_feature=34 34 41 32 23 56 43 13 23 55 59 32 56 9 43 59 2 6 18 43 3 69 1 35 54 10 55 24 23 53
split_gain=79.2894 21.2514 14.1492 13.9654 13.905 11.5841 11.4347 11.7505 11.1919 10.5409 9.44163 9.38884 8.17029 8.13316 8.11098 8.05586 9.99283 7.71868 7.45458 7.58545 7.17404 7.1601 7.13489 6.88401 10.5604 6.8822 6.52287 7.93544 6.38302 7.91025
threshold=-0.48634786903858179 0.38895435631275183 1.0000000180025095e-35 -0.37176381051540369 0.13385891914367679 -0.58978164196014393 0.16666667163372043 -7.844045639038085 0.8814893662929536 -1.0350102186203001 0.13849999755620959 -0.46911935508251185 0.64717221260070812 -0.10344643890857695 0.76666668057441723 0.76949998736381542 1.05001437664032 -0.34411443769931788 2.9960716962814335 0.16666667163372043 -1.7188260555267332 -0.65720340609550465 -0.72589564323425282 0.39782573282718664 0.89098086953163158 0.91922420263290416 1.6308350563049319 2.0504637956619267 0.40397129952907568 0.57097250223159801
decision_type=2 2 2 2 2 2 2 2 2 2 2 2 2 2 2 2 2 2 2 2 2 2 2 2 2 2 2 2 2 2
left_child=3 4 6 10 5 20 8 12 -3 -5 -1 28 -8 18 26 -13 -17 -11 19 -12 -2 -22 -4 -24 -25 -14 27 -9 29 -6
right_child=1 2 22 9 11 -7 7 14 -10 17 13 15 25 -15 -16 16 -18 -19 -20 -21 21 -23 23 24 -26 -27 -28 -29 -30 -31
leaf_value=0.00029359134544824705 0.0025984341995123439 -0.001356895575669235 0.0017153683961500022 -0.0002545838428260203 -0.00072067320406043783 0.0021999016504252412 -0.0015376091557364221 -0.001745236330141364 -0.0051899525743753037 0.0027188787714698885 0.0056424787090139667 -0.00044546513164545238 -9.7052419450284542e-05 0.00083298555939980042 -0.0041882906705508266 0.00055383961174890206 -0.0015653087230680898 -0.0006572123560407519 0.0065538358631835186 0.0027599618273055453 -0.0022989768275463326 0.0003761459879046236 -0.001598056020798305 0.0013592255524575384 -0.0011182690702845298 0.0031281038415543931 -0.0039242151899967041 0.0017090844715819285 0.0021551295859500528 0.0028492478032038568
leaf_weight=3006 2380 3564 4018 8464 6651 11860 6444 7281 4103 9028 2845 152435 5584 2847 3850 43815 6362 2079 2048 11707 3510 8636 9794 8202 9022 2340 2301 2145 6822 2013
leaf_count=3006 2380 3564 4018 8464 6651 11860 6444 7281 4103 9028 2845 152435 5584 2847 3850 43815 6362 2079 2048 11707 3510 8636 9794 8202 9022 2340 2301 2145 6822 2013
internal_value=1.27222e-05 -0.000260985 -0.00103826 0.00205176 -4.27035e-05 0.00104117 -0.0016902 -0.0012483 -0.00341225 0.00107466 0.00290259 -0.000173875 -0.000216692 0.00330551 -0.00219908 -0.000264587 0.000284892 0.00208692 0.00372881 0.003327 9.425e-05 -0.000398177 -0.000247893 -0.000540387 6.16081e-05 0.000858096 -0.00154301 -0.000958186 0.00101236 0.000111093
internal_weight=355156 313132 68648 42024 244484 26386 37612 29945 7667 19571 22453 218098 14368 19447 15577 202612 50177 11107 16600 14552 14526 12146 31036 27018 17224 7924 11727 9426 15486 8664
internal_count=355156 313132 68648 42024 244484 26386 37612 29945 7667 19571 22453 218098 14368 19447 15577 202612 50177 11107 16600 14552 14526 12146 31036 27018 17224 7924 11727 9426 15486 8664
is_linear=0
shrinkage=0.05


Tree=21
num_leaves=31
num_cat=0
split_feature=33 8 43 64 73 3 24 66 21 52 7 64 24 16 25 53 11 58 56 21 28 12 56 53 3 43 17 35 11 21
split_gain=69.1024 22.2878 14.8328 12.2373 10.3847 10.0678 9.93446 7.98631 7.81974 7.59049 7.34982 7.42498 8.84928 7.28616 6.9212 7.40119 6.84011 6.75266 6.83605 6.87232 6.68567 6.42014 6.36892 6.31636 6.01045 5.98596 6.64631 5.98202 6.98869 5.87069
threshold=-0.49101734161376948 0.47076873481273657 1.0000000180025095e-35 -0.50153654813766468 16.500000000000004 1.0919452309608462 1.6492784023284914 0.056393954902887351 0.11114455014467241 0.74618732929229747 -1.2867467999458311 0.034015011042356498 2.7194116115570073 -0.62932854890823353 0.11533848941326143 -1.8749736547470091 0.50294259190559398 2.2005941867828374 -0.67053434252738942 0.21451766788959506 0.95531257987022411 -7.3568050861358634 1.0000000180025095e-35 1.5620649456977846 0.55415982007980358 0.2333333417773247 -0.80027613043785084 -0.67406070232391346 -0.97950837016105641 0.834781974554062
decision_type=2 2 2 2 2 2 2 2 2 2 2 2 2 2 2 2 2 2 2 2 2 2 2 2 2 2 2 2 2 2
left_child=2 4 -1 20 10 7 9 8 -3 -5 -2 14 17 -10 -12 -16 -15 18 -13 -20 21 -4 -7 27 29 -21 -27 -17 -29 -18
right_child=1 5 3 6 -6 22 -8 -9 13 -11 11 12 -14 16 15 23 24 -19 19 25 -22 -23 -24 -25 -26 26 -28 28 -30 -31
leaf_value=0.0053755301141454699 0.0015114132817177124 0.00059982157965341365 0.0030306536078740518 0.0014950667769620311 0.00061918688825326194 -0.0044511195549889132 0.00011783748251393348 0.00016614698421098804 0.00025893074903384996 0.0044278249595469795 0.0018031089506166356 -0.0021262097766319064 0.0019677784336356269 -0.00087018442495488126 0.0027510081291058186 -0.0023088526779590042 -0.0021446260119441663 0.0018540761859274027 0.00083343520222791507 -0.0019399835442171541 0.0012958371283677353 0.0064733140889401304 -0.0015443386332255932 -0.0021364111191900814 -0.00040944354944262682 0.0016987253524015711 -0.00079707271930497421 0.0013484363605950427 -0.00014951733537767306 -0.0049825142157469311
leaf_weight=2784 6182 7710 4244 16421 58092 2108 13546 24311 8475 2544 5391 9594 3024 30727 2267 2750 12214 2286 6597 10357 3086 2008 17421 3759 4147 2969 25541 9113 53139 2143
leaf_count=2784 6182 7710 4244 16421 58092 2108 13546 24311 8475 2544 5391 9594 3024 30727 2267 2750 12214 2286 6597 10357 3086 2008 17421 3759 4147 2969 25541 9113 53139 2143
internal_value=7.75242e-06 -0.000256846 0.00184706 0.0016111 5.55232e-05 -0.000831645 0.00115223 -0.000607594 -0.000895126 0.0018906 -0.000173535 -0.00024979 -0.000664211 -0.00109493 7.76297e-05 -5.3569e-05 -0.001328 -0.000803326 -0.000913978 -0.000657756 0.00320576 0.00414493 -0.00186022 -0.00014642 -0.00208736 -0.000911009 -0.000536659 -3.10304e-05 6.99478e-05 -0.0025714
internal_weight=354950 310317 44633 41849 201061 109256 32511 89727 65416 18965 142969 136787 60368 57706 76419 71028 49231 57344 55058 45464 9338 6252 19529 68761 18504 38867 28510 65002 62252 14357
internal_count=354950 310317 44633 41849 201061 109256 32511 89727 65416 18965 142969 136787 60368 57706 76419 71028 49231 57344 55058 45464 9338 6252 19529 68761 18504 38867 28510 65002 62252 14357
is_linear=0
shrinkage=0.05


Tree=22
num_leaves=31
num_cat=0
split_feature=34 33 57 72 43 35 19 22 73 40 74 30 73 3 54 74 23 23 12 28 63 17 55 55 69 65 5 24 23 63
split_gain=73.4518 26.7351 12.4945 14.9061 10.8297 10.7217 10.6673 11.1127 10.4715 10.304 12.2426 9.6169 7.74686 9.23286 8.83928 10.0966 16.0323 8.20824 7.71068 8.65014 9.62948 7.48749 7.41937 7.41928 8.20777 7.24503 7.14362 7.11301 7.34528 7.73771
threshold=-0.49436578154563898 0.50212892889976513 0.93543586134910595 19.000000000000004 0.30000001192092901 0.27456431090831762 0.69139459729194652 1.7942895889282229 19.500000000000004 0.66587534546852123 5.5000000000000009 0.9101303517818452 16.500000000000004 -1.4613569378852842 0.047252729535102851 5.5000000000000009 0.66678914427757274 0.11329061537981035 -7.9583911895751944 0.60751116275787365 0.48221983015537268 -0.87461489439010609 -0.36669275164604181 -1.0181304812431333 -0.016129978001117703 0.12026001885533334 -1.2778723239898679 2.6842796802520756 0.87431463599205028 0.84891414642333995
decision_type=2 2 2 2 2 2 2 2 2 2 2 2 2 2 2 2 2 2 2 2 2 2 2 2 2 2 2 2 2 2
left_child=2 5 3 26 6 12 -3 -8 11 10 23 25 14 -14 15 -2 21 -16 -6 20 -20 -17 -19 -7 -25 -5 -1 28 29 -11
right_child=1 4 -4 8 18 9 7 -9 -10 27 -12 -13 13 -15 17 16 -18 22 19 -21 -22 -23 -24 24 -26 -27 -28 -29 -30 -31
leaf_value=0.0046345916095433971 -0.00061055302717882582 -4.1117865537525217e-05 0.004247513944418419 0.001443645596087232 0.00022871100639223737 0.0025289351383795513 -0.0021816399833963179 -0.0055649570437871602 0.0036463574273958204 -0.0027129996852234442 -0.0023125664390890597 -0.0020763343183618399 0.0035280557604734845 0.00046842591844489491 0.0023019296044552986 -0.00041052693383740181 -0.0020245628234141951 -0.00080744900786212112 -0.0013104788981291779 -0.00012171613205793472 -0.0043853269414215953 0.0027079525796812362 0.00062934802144546634 -0.00090249751958035535 0.00045386676528248542 -0.0012030352335490211 0.0021151342876072989 0.00086559807571068509 0.00092169354217103898 0.00049721147494366101
leaf_weight=4599 75200 3345 5325 14278 10561 2809 7671 3558 3054 13566 6234 3045 2573 54472 5321 2599 3518 12488 7905 7437 3756 7384 31958 19173 26637 3149 7312 2659 2031 2175
leaf_count=4599 75200 3345 5325 14278 10561 2809 7671 3558 3054 13566 6234 3045 2573 54472 5321 2599 3518 12488 7905 7437 3756 7384 31958 19173 26637 3149 7312 2659 2031 2175
internal_value=-6.25072e-06 -0.00026469 0.00199068 0.00165045 -0.00140423 -7.85091e-05 -0.00251995 -0.00325767 0.000920108 -0.000585476 -0.000228369 0.000511826 0.000116723 0.000607024 -8.52968e-05 -0.000384516 0.00087402 0.00044798 -0.000855314 -0.00145457 -0.00230379 0.00189648 0.00022556 3.92903e-05 -0.00011389 0.000964984 0.003091 -0.00154365 -0.0019044 -0.0022694
internal_weight=355792 315030 40762 35437 44233 270797 14574 11229 23526 75284 54853 20472 195513 57045 138468 88701 13501 49767 29659 19098 11661 9983 44446 48619 45810 17427 11911 20431 17772 15741
internal_count=355792 315030 40762 35437 44233 270797 14574 11229 23526 75284 54853 20472 195513 57045 138468 88701 13501 49767 29659 19098 11661 9983 44446 48619 45810 17427 11911 20431 17772 15741
is_linear=0
shrinkage=0.05


Tree=23
num_leaves=31
num_cat=0
split_feature=23 72 23 33 43 21 55 8 55 63 40 15 40 27 56 73 56 33 74 58 40 22 17 40 31 31 43 14 41 1
split_gain=63.5815 23.4744 19.1805 14.2842 13.5596 14.0465 10.7182 9.19172 12.9169 11.6292 10.2054 9.45802 9.06193 8.90354 8.80565 8.22069 8.16465 9.12491 8.02524 7.9247 7.39855 7.10843 7.38068 7.36897 6.89327 7.06973 6.76343 6.75614 6.63629 6.5738
threshold=0.18592812120914462 5.0000000000000009 0.80026099085807811 -0.77825379371643055 0.16666667163372043 0.99963867664337169 0.7833559811115266 -0.67052745819091786 0.32111242413520819 1.2252664566040041 0.97133281826972973 -7.6914861202239981 -0.99085646867752064 0.59136295318603527 -0.5011722445487975 16.500000000000004 0.53632855415344249 0.56023740768432628 5.5000000000000009 -0.93708691000938404 -0.29653874039649958 1.083257853984833 -0.35783584415912623 -0.9081345498561858 -0.19274693727493283 -0.47934603691101069 0.5000000149011613 -7.7952470779418936 -1.0000000180025095e-35 0.16501323133707049
decision_type=2 2 2 2 2 2 2 2 2 2 2 2 2 2 2 2 2 2 2 2 2 2 2 2 2 2 2 2 2 2
left_child=1 -1 7 -3 28 13 -7 11 12 10 14 15 -9 16 -10 -2 20 -18 21 -13 -6 22 -5 -23 25 -16 -20 -21 -4 -30
right_child=2 3 4 18 5 6 -8 8 9 -11 -12 19 -14 -15 24 -17 17 -19 26 27 -22 23 -24 -25 -26 -27 -28 -29 29 -31
leaf_value=0.004121163809992035 -0.0012778678620056758 0.0025114777987396784 -0.0033577423231723881 -0.0029052740094120022 -0.0025348397187482667 0.0025520976245736546 -0.00026413073436199565 0.0016112331392599364 0.0017474829970497098 0.0031405162482612704 -0.0023721145471585271 -0.0010582576009697795 -0.00063769252208732187 -0.001792653476545056 0.00056720975143153261 0.0014880149861786129 0.0015920174697395446 -0.0010620914905787773 0.0037736334415574505 -0.00031087007228653834 -0.00039276100884961585 0.0025350715448572911 0.00026583256557780076 0.0004130135407413105 0.00049193313028003574 -0.0021357736156205191 0.00072030883145302038 0.0018392603705954592 0.00018460263829552109 -0.0024590884097612266
leaf_weight=6933 9492 13277 7297 3003 6394 5178 9682 4672 9720 3637 3530 3615 103764 21876 4022 3736 7606 5625 3507 4465 10891 4738 4689 29614 25034 6047 3757 20027 4027 5637
leaf_count=6933 9492 13277 7297 3003 6394 5178 9682 4672 9720 3637 3530 3615 103764 21876 4022 3736 7606 5625 3507 4465 10891 4738 4689 29614 25034 6047 3757 20027 4027 5637
internal_value=6.43169e-06 0.00136255 -0.000323267 0.00105635 -0.000957038 -0.000638226 0.000718247 -5.87032e-05 -0.000230013 0.00041788 0.000212483 0.000606064 -0.000540657 -0.00102303 0.000416514 -0.000496162 -0.0004709 0.000463705 0.000664108 0.0011248 -0.00118616 0.000398706 -0.00097435 0.000706351 4.75773e-05 -0.00105659 0.00219759 0.00144732 -0.00222004 -0.00135841
internal_weight=355492 69518 285974 62585 84213 67252 14860 201761 160426 51990 48353 41335 108436 52392 44823 13228 30516 13231 49308 28107 17285 42044 7692 34352 35103 10069 7264 24492 16961 9664
internal_count=355492 69518 285974 62585 84213 67252 14860 201761 160426 51990 48353 41335 108436 52392 44823 13228 30516 13231 49308 28107 17285 42044 7692 34352 35103 10069 7264 24492 16961 9664
is_linear=0
shrinkage=0.05


Tree=24
num_leaves=31
num_cat=0
split_feature=33 32 34 72 17 55 56 33 73 62 56 21 25 69 14 16 55 54 11 21 65 66 45 39 56 56 72 16 64 14
split_gain=61.9553 19.3682 18.9713 15.5897 14.0713 12.0869 13.7618 11.7293 11.4268 10.3178 10.1984 11.4079 9.775 9.16125 9.27951 9.01573 9.21813 8.89144 9.22259 8.74541 8.17696 11.3942 8.27345 8.08843 7.84897 7.28659 7.26421 6.94578 6.89635 6.72774
threshold=-0.37170691788196558 -1.2316720485687254 0.39532946050167089 5.0000000000000009 0.45694579184055334 -0.63084012269973744 0.38933405280113226 1.0258601903915407 16.500000000000004 0.5416666865348817 0.84666976332664501 0.80020481348037731 0.11085687950253488 0.0072550033219158658 -7.8106629848480216 -0.23752316087484357 -0.42698550224304194 -1.3638607263565061 -0.99903658032417286 0.99963867664337169 -0.14842004328966138 0.10113827139139177 -1.1378298401832578 -0.45786954462528223 0.91910922527313244 0.42104756832122808 15.000000000000002 -0.081738036125898347 -0.29554477334022516 -7.6180405616760245
decision_type=2 2 2 2 2 2 2 2 2 2 2 2 2 2 2 2 2 2 2 2 2 2 2 2 2 2 2 2 2 2
left_child=1 -1 8 12 7 6 20 10 13 -9 26 29 -3 14 23 17 25 -15 -19 -13 -5 22 -22 27 -16 -17 -4 -2 -25 -12
right_child=2 3 4 5 -6 -7 -8 9 -10 -11 11 19 -14 15 24 16 -18 18 -20 -21 21 -23 -24 28 -26 -27 -28 -29 -30 -31
leaf_value=0.0054569878866351923 -0.0012765629207837747 0.0064684850549182717 -0.0026705154549785492 0.0032330592598047887 0.0011928809953032325 -0.00024602374883879588 -0.0025860579022796634 -0.0051842141916671487 0.00052980958150165792 -0.0010201935284311367 0.0043010528470930369 -0.0016560870912033562 0.002225181042674771 -0.0020787259866554184 -0.00032381527632319575 -0.00064527834718542906 0.0001447042131240338 0.0034648575939453226 0.0007597277399348768 0.00083426552552184853 0.0039473917776854462 0.00014828765504935136 0.0015224336492489689 -0.0002334311565547607 0.0019820460436074704 -0.0034666803895536044 -0.001057265910708347 0.0027236378210594497 -0.0018372978317587919 0.00022867659233655001
leaf_weight=2865 2019 2055 9539 6605 6682 14425 2031 3312 65575 2705 2050 9122 4014 2296 44282 6939 31134 3704 20848 5734 4409 13091 17396 9058 4016 3409 26024 2325 25796 2000
leaf_count=2865 2019 2055 9539 6605 6682 14425 2031 3312 65575 2705 2050 9122 4014 2296 44282 6939 31134 3704 20848 5734 4409 13091 17396 9058 4016 3409 26024 2325 25796 2000
internal_value=7.06468e-05 0.00144158 -0.000247178 0.00126108 -0.000983152 0.00100821 0.00142378 -0.0012237 -2.38663e-05 -0.00331704 -0.00099189 -5.34763e-05 0.00367027 -0.000256884 -0.000595653 0.00017693 -0.000285114 0.00089066 0.00116908 -0.000694966 0.00162059 0.00131455 0.00201435 -0.00116712 -0.000131711 -0.0015772 -0.00149061 0.000865767 -0.00142066 0.00229552
internal_weight=355460 66891 288569 64026 67168 57957 43532 60486 221401 6017 54469 18906 6069 155826 87496 68330 41482 26848 24552 14856 41501 34896 21805 39198 48298 10348 35563 4344 34854 4050
internal_count=355460 66891 288569 64026 67168 57957 43532 60486 221401 6017 54469 18906 6069 155826 87496 68330 41482 26848 24552 14856 41501 34896 21805 39198 48298 10348 35563 4344 34854 4050
is_linear=0
shrinkage=0.05


Tree=25
num_leaves=31
num_cat=0
split_feature=32 33 8 43 43 32 55 56 35 59 56 34 13 11 35 71 40 9 34 61 11 67 55 74 0 15 43 68 14 6
split_gain=46.6332 22.713 16.0985 14.4574 12.3248 20.1203 13.8658 13.2159 11.7432 11.0808 9.71055 9.27376 9.2341 11.3607 8.25271 8.05982 7.76372 11.0511 7.71101 7.9579 7.47753 8.71835 7.3576 7.31644 6.95692 6.74089 6.63495 6.41603 6.33523 6.05082
threshold=-0.39149312674999232 0.85357314348220836 0.96088802814483654 0.2333333417773247 0.2333333417773247 -0.015618369914591311 -0.77454116940498341 -0.98665493726730336 0.74743822216987621 0.28149999678134924 0.31878475844860082 -0.39027780294418329 -7.5791699886322013 -0.5234118103981017 0.65645992755889904 -0.50640177726745594 0.70400801301002514 -0.53559890389442433 -0.47874069213867182 0.36666667461395269 0.44721688330173498 0.28345593810081487 -0.82681891322135914 5.5000000000000009 1.0000000180025095e-35 -7.3194344043731681 0.83333334326744091 -0.65539169311523426 -7.5972330570220938 0.13916913419961932
decision_type=2 2 2 2 2 2 2 2 2 2 2 2 2 2 2 2 2 2 2 2 2 2 2 2 2 2 2 2 2 2
left_child=3 2 4 23 5 10 -7 29 15 -5 25 16 13 -11 20 -3 17 -9 -15 -20 -13 -22 -19 -1 -4 27 -26 -2 -17 -6
right_child=1 8 24 9 7 6 -8 11 -10 12 -12 14 -14 18 -16 28 -18 22 19 -21 21 -23 -24 -25 26 -27 -28 -29 -30 -31
leaf_value=0.0022449054722667003 -0.0023316286366588429 -0.0011993550295253319 -0.0016550342638789557 -0.00037535528886140633 -0.0021049350001072593 -0.0046534013191520977 -0.0010070343541773055 -6.984032722631875e-05 -2.1984559570251916e-06 -0.0010711201631392862 -0.0020906644550259357 0.00040371987974334141 0.0024781488228589363 0.003202434176904031 0.001914572566247666 -0.0061303401287296916 0.0031362315131299766 0.00092198302146050896 -0.00077955399502556161 0.0022113225496966107 -0.00068674010407497393 0.0012062228769553188 0.004739328062741039 0.0054851434404450117 -3.7625844779575096e-05 0.0021130412466533162 -0.0025639245594341917 0.00066367638389740993 -0.002784158848263558 0.00090565393855758817
leaf_weight=12824 2032 3026 20878 12506 8060 2806 35366 10801 3933 6118 3160 93422 11946 4535 6940 2738 4756 2630 4584 4303 37673 7244 2428 2015 19077 7348 2999 14359 2979 2098
leaf_count=12824 2032 3026 20878 12506 8060 2806 35366 10801 3933 6118 3160 93422 11946 4535 6940 2738 4756 2630 4584 4303 37673 7244 2428 2015 19077 7348 2999 14359 2979 2098
internal_value=5.32724e-05 -0.000201688 -0.000109246 0.00133915 4.96319e-05 -0.000538303 -0.00127623 0.000266958 -0.00227163 0.000883555 0.000508957 0.000374186 0.00138355 0.000713422 0.000233315 -0.00329136 0.00136634 0.00083392 0.00152704 0.000669457 0.00014884 -0.000381252 0.00276017 0.0026883 -0.00100092 0.000855739 -0.000381826 0.000291152 -0.00439463 -0.00148286
internal_weight=355584 296753 284077 58831 241123 65071 38172 176052 12676 43992 26899 165894 31486 19540 145279 8743 20615 15859 13422 8887 138339 44917 5058 14839 42954 23739 22076 16391 5717 10158
internal_count=355584 296753 284077 58831 241123 65071 38172 176052 12676 43992 26899 165894 31486 19540 145279 8743 20615 15859 13422 8887 138339 44917 5058 14839 42954 23739 22076 16391 5717 10158
is_linear=0
shrinkage=0.05


Tree=26
num_leaves=31
num_cat=0
split_feature=33 33 13 43 33 13 59 40 11 66 56 17 36 24 11 14 63 32 3 54 59 40 72 2 65 30 7 17 63 22
split_gain=64.8646 26.2624 17.0094 15.647 13.8346 13.7944 11.3568 11.0161 9.9871 9.90807 9.14887 8.92374 8.89605 8.87932 8.64723 12.777 8.56474 8.24802 7.83584 7.78145 8.05072 7.31936 7.24219 7.20217 7.13933 9.26003 8.59045 7.12281 6.83499 7.49201
threshold=-0.77825379371643055 0.42968827486038214 -8.7255926132202131 1.0000000180025095e-35 -0.24188893288373944 -8.8156957626342756 0.26350000500679022 0.89686420559883129 0.84960737824440014 -0.16380444914102552 -1.8079988956451414 -0.1146307736635208 -0.94432520866394032 1.2984876036643984 0.21156261861324313 -7.2246968746185294 -0.11586131528019904 -0.48629716038703913 -2.479107022285461 0.065863922238349928 0.21049999445676806 0.66587534546852123 19.000000000000004 -0.4841006994247436 -0.08723572269082068 0.80660259723663341 0.71886041760444652 0.086264800280332579 0.25977553427219396 1.402771592140198
decision_type=2 2 2 2 2 2 2 2 2 2 2 2 2 2 2 2 2 2 2 2 2 2 2 2 2 2 2 2 2 2
left_child=18 4 -3 -4 5 -2 8 14 11 23 -8 -7 -9 17 19 -16 -10 -12 -1 20 -6 -22 -17 -5 27 26 -26 -11 29 -25
right_child=1 2 3 9 7 6 10 12 16 24 13 -13 -14 -15 15 22 -18 -19 -20 -21 21 -23 -24 28 25 -27 -28 -29 -30 -31
leaf_value=0.0053576636945048195 -0.0023676576150359532 0.0022709077739341502 -0.0045716947407351141 0.0010323016107134867 -0.0010571143464145429 0.0014450179789548658 -0.001608606992527166 -0.0029873342135975384 0.00019375078666647178 0.0022337613058820206 0.0021099638651215394 -0.00092069848864615225 -0.00066261288587395419 0.0017018367590901349 -0.00074314280354815544 -0.00063744441459051516 -0.0040467782147113763 -0.00023464269851896594 0.0025881949110057737 0.00097848737283008549 4.0490129589469113e-05 0.0017124933534184272 0.001577075745930447 -1.4796132384824373e-05 0.00019547151401290189 0.0013575992644045635 -0.0023107128159074032 -0.0011885242874207173 -0.0030872124823778011 -0.0024148615206956484
leaf_weight=3228 3716 3484 3472 2030 13991 8566 2953 4953 2073 4222 5069 7439 24153 36562 59655 5569 2785 14340 12380 29999 42294 7734 10917 5939 5205 3633 9948 2365 9578 7176
leaf_count=3228 3716 3484 3472 2030 13991 8566 2953 4953 2073 4222 5069 7439 24153 36562 59655 5569 2785 14340 12380 29999 42294 7734 10917 5939 5205 3633 9948 2365 9578 7176
internal_value=1.33547e-05 -0.000131445 -0.00110992 -0.00133018 6.60056e-05 0.000606226 0.000745012 -0.000160396 -0.000257412 -0.00110466 0.00109992 0.000345563 -0.0010591 0.00124308 -6.61694e-06 -0.000402663 -0.00224058 0.000378464 0.00316403 0.000314132 2.71416e-06 0.000299261 0.000829074 -0.00181682 -0.000410291 -0.00090684 -0.00145029 0.00100508 -0.00207203 -0.00132885
internal_weight=355428 339820 57052 53568 282768 83503 79787 199265 20863 50096 58924 16005 29106 55971 170159 76141 4858 19409 15608 94018 64019 50028 16486 24723 25373 18786 15153 6587 22693 13115
internal_count=355428 339820 57052 53568 282768 83503 79787 199265 20863 50096 58924 16005 29106 55971 170159 76141 4858 19409 15608 94018 64019 50028 16486 24723 25373 18786 15153 6587 22693 13115
is_linear=0
shrinkage=0.05


Tree=27
num_leaves=31
num_cat=0
split_feature=34 23 72 30 12 38 7 32 56 35 34 40 72 73 34 56 43 17 63 59 63 19 12 23 14 41 35 14 40 35
split_gain=46.1005 17.2705 15.4549 11.7216 11.4041 14.055 12.2735 8.99695 10.7391 8.94162 10.2556 8.54323 7.51306 7.48323 10.8997 8.45543 17.315 9.75585 11.0238 8.57983 8.04307 7.92585 8.10947 6.82219 6.67153 6.53475 13.1425 9.34165 8.28003 8.99322
threshold=-0.48634786903858179 0.7406124770641328 3.0000000000000004 0.9101303517818452 -9.1251559257507306 1.0000000180025095e-35 0.63781318068504345 -0.75593328475952137 -1.1890159249305723 0.73094817996025097 0.85176280140876781 -0.99655601382255543 13.000000000000002 1.5000000000000002 -0.1455888748168945 0.69362249970436107 0.43333333730697637 -0.72986105084419239 0.59501537680625927 0.19449999928474429 -0.36611495912075037 0.91669395565986644 -8.051595211029051 0.95530337095260631 -7.7952470779418936 -0.60785761475563038 0.31139022111892706 -7.3110833168029776 -0.85034412145614613 1.0000000180025095e-35
decision_type=2 2 2 2 2 2 2 2 2 2 2 2 2 2 2 2 2 2 2 2 2 2 2 2 2 2 2 2 2 2
left_child=3 11 -3 7 -4 6 -6 -1 -9 10 -8 24 -10 14 -13 17 -17 18 21 20 -19 22 -15 -11 -2 26 -21 -28 29 -27
right_child=1 2 4 -5 5 -7 9 8 12 23 -12 13 -14 15 -16 16 -18 19 -20 25 -22 -23 -24 -25 -26 28 27 -29 -30 -31
leaf_value=0.00329630290871195 0.00023498999424809445 -0.0030419039704477884 0.0021871129428529296 -0.00060062556719571328 0.00010882128503385148 -0.0045527474462896842 -0.0011443588745842042 -0.00042439945610028536 0.0035534882586004354 0.0012764472899256577 -0.0037497793463952159 0.00043891558159357344 0.0013954964149744591 -0.0016917349555432264 -0.0020697138398136014 -0.0020602052801079883 0.0004556218678002059 0.00096564891444001074 -0.0041289591490755928 0.0016960507898472596 -0.00095910863142766468 0.0024519202666598195 0.0011388371478345725 -0.0013775832149632329 0.0037623744607522174 -0.0020916890035546981 -0.0025255589547055913 0.0015930784143537988 0.00051070013616738845 0.00042323688736758464
leaf_weight=8128 2739 7111 3458 5731 34610 2338 43102 6225 5363 6298 4133 7362 16295 9144 10493 13382 13971 7301 2346 22987 21068 2026 3489 3920 2618 6985 3613 2212 69370 7222
leaf_count=8128 2739 7111 3458 5731 34610 2338 43102 6225 5363 6298 4133 7362 16295 9144 10493 13382 13971 7301 2346 22987 21068 2026 3489 3920 2618 6985 3613 2212 69370 7222
internal_value=-6.19106e-05 -0.00026989 -0.000792836 0.00149879 -0.000629112 -0.000732494 -0.000634992 0.00183298 0.00140538 -0.00108301 -0.00137308 -6.36884e-06 0.00193126 -5.8431e-05 -0.00103569 3.5879e-05 -0.000775508 0.000176598 -0.00095428 0.000313277 -0.00046359 -0.000443741 -0.000909701 0.000257912 0.00196264 0.000509397 0.00115862 -0.000961488 0.000285473 -0.000813851
internal_weight=355040 313298 104970 41742 97859 94401 92063 36011 27883 57453 47235 208328 21658 202971 17855 185116 27353 157763 17005 140758 28369 14659 12633 10218 5357 112389 28812 5825 83577 14207
internal_count=355040 313298 104970 41742 97859 94401 92063 36011 27883 57453 47235 208328 21658 202971 17855 185116 27353 157763 17005 140758 28369 14659 12633 10218 5357 112389 28812 5825 83577 14207
is_linear=0
shrinkage=0.05


Tree=28
num_leaves=31
num_cat=0
split_feature=34 34 18 17 58 8 5 56 3 11 17 26 40 59 16 65 59 39 8 58 13 69 59 22 15 31 59 56 39 59
split_gain=41.9469 15.5943 13.7617 12.1996 10.004 8.6838 7.738 10.3638 8.98421 8.26464 12.2629 10.0519 8.09286 7.3292 7.01996 6.88807 7.6188 6.69888 6.96984 6.82465 6.439 6.35786 6.6722 5.99136 5.97144 5.99491 5.76033 9.76313 5.85173 5.6998
threshold=-0.52149292826652516 0.44997985661029821 3.1248062849044804 0.47044228017330175 -1.0000000180025095e-35 -0.92101913690567005 -0.80943942070007313 -1.1890159249305723 0.2586189359426499 0.47985640168190008 0.20111145824193957 -1.0823820829391477 0.98403131961822521 0.41650000214576727 -0.10931210219860076 0.14197326451539996 0.19849999994039538 0.99199551343917858 -0.30530171096324915 1.6634017229080202 -8.6309618949890119 -0.0060259348247200242 0.70549997687339794 1.3751118779182436 -7.5005400180816642 0.27745097875595098 0.14649999886751178 0.50375664234161388 0.16934788972139361 0.61249998211860668
decision_type=2 2 2 2 2 2 2 2 2 2 2 2 2 2 2 2 2 2 2 2 2 2 2 2 2 2 2 2 2 2
left_child=2 6 4 14 5 29 7 13 24 10 26 12 17 23 20 16 -6 18 -11 21 -3 -20 -23 -2 25 -9 27 -8 -29 -1
right_child=1 3 -4 -5 15 -7 9 8 -10 11 -12 -13 -14 -15 -16 -17 -18 -19 19 -21 -22 22 -24 -25 -26 -27 -28 28 -30 -31
leaf_value=-0.0010869107397428579 -0.0035040426097852962 0.0016401461276426687 0.0052709842342840421 0.0012434244551057716 0.00013806661915328602 0.0023060008583871052 -0.0012605368799814311 0.0001389383427691681 -0.00085227714601449935 0.00021933107440027684 -0.0008163670156364017 0.00016374465896139205 -0.0036171742566333122 0.00044656621658260907 -0.0017956479600167068 -0.00030244026188272163 0.0031637712938162852 -0.003413863798667201 -0.0018903825870517082 -0.0033524945854072601 -0.00089619389902329178 -0.00095535740854303219 0.00136862290749948 -0.00024279035048137005 0.0023160092757548711 0.0026592974474999153 0.00045148970742058876 0.0028409961336846208 -0.00045373659731202953 0.0010812081669205594
leaf_weight=7361 2935 2810 2376 5665 2529 4792 12911 9712 4875 13315 31227 27734 2854 7411 25004 2330 11747 2432 9469 3176 22249 9738 4511 2702 11647 3107 98003 2818 2570 5139
leaf_count=7361 2935 2810 2376 5665 2529 4792 12911 9712 4875 13315 31227 27734 2854 7411 25004 2330 11747 2432 9469 3176 22249 9738 4511 2702 11647 3107 98003 2818 2570 5139
internal_value=-1.11406e-05 -0.000194432 0.00159974 -0.000954162 0.00134093 0.000498725 -3.35102e-05 0.000585161 0.00110641 -0.000152326 6.32192e-05 -0.000586518 -0.00104382 -0.000586911 -0.00120303 0.0022171 0.00262824 -0.000870773 -0.000716146 -0.0011792 -0.00061124 -0.000886894 -0.000219179 -0.00194402 0.00149687 0.000751406 0.000299437 -0.000514703 0.00127153 -0.000195402
internal_weight=355149 318875 36274 55728 33898 17292 263147 42389 29341 220758 147529 73229 45495 13048 50063 16606 14276 42641 40209 26894 25059 23718 14249 5637 24466 12819 116302 18299 5388 12500
internal_count=355149 318875 36274 55728 33898 17292 263147 42389 29341 220758 147529 73229 45495 13048 50063 16606 14276 42641 40209 26894 25059 23718 14249 5637 24466 12819 116302 18299 5388 12500
is_linear=0
shrinkage=0.05


Tree=29
num_leaves=31
num_cat=0
split_feature=33 33 30 33 56 66 11 16 57 56 12 74 19 13 1 23 43 1 30 39 12 33 4 69 69 56 19 5 43 56
split_gain=37.6218 17.3627 14.535 11.04 18.9828 12.2611 14.6815 15.8849 10.7239 9.38443 9.90121 9.25636 8.66098 9.86071 8.59594 8.00177 8.45677 9.79681 7.98857 7.5531 7.28589 7.16994 7.04888 7.01663 6.97128 6.82166 10.9405 6.99756 10.7293 7.84288
threshold=-0.75725504755973805 0.88789600133895885 0.43762204051017767 -0.26177486777305597 -1.2576936483383176 -0.16380444914102552 -0.18449021875858304 -0.7926344871520995 1.0174013376235964 0.74273961782455455 -8.9019107818603498 5.5000000000000009 0.99966251850128185 -8.3591847419738752 -0.073104064911603914 0.21700442582368853 0.16666667163372043 -0.22075410932302472 -0.0097936317324638349 -0.35428766906261439 -8.4351935386657697 0.52054768800735485 -0.52016165852546681 -0.01185054751113057 -0.0033452593488618727 0.87533587217330944 0.54550543427467357 -0.3197066187858581 0.76666668057441723 -0.38606844842433924
decision_type=2 2 2 2 2 2 2 2 2 2 2 2 2 2 2 2 2 2 2 2 2 2 2 2 2 2 2 2 2 2
left_child=8 3 -3 4 14 6 18 23 -1 10 -6 22 20 -14 19 -9 17 -17 21 -2 -7 24 -12 -8 -5 27 -27 28 -18 -29
right_child=1 2 -4 5 9 12 7 15 -10 -11 11 -13 13 -15 -16 16 25 -19 -20 -21 -22 -23 -24 -25 -26 26 -28 29 -30 -31
leaf_value=0.0017554403155253676 0.0011174998192008902 -0.0032889080991734157 0.00063622975458948561 -0.00018185417797865838 -0.0016029634714731095 -0.0016393514097197441 -0.0010450738758145436 0.00079619734655511946 0.0054573636070466454 -0.0022368879585618405 0.0013209667640934079 0.0028514201402746325 0.0044122202615222306 0.00080158682787417196 -0.0033070769536256658 -0.00041102527700764683 0.0008274418250037727 -0.0028973903651740847 -0.00086062546190482077 -0.0014561805447499657 0.00017677907596445628 -0.0014740985531261394 4.9515019357909884e-05 0.0024061184927541683 0.0010851156341108363 0.0032028479863975274 -0.00053685936962838009 -9.6963301092797924e-05 -0.0024612766526488057 -0.0017535727153961999
leaf_weight=14629 4541 7794 3376 17887 3545 6090 2068 5597 2253 2389 31131 6761 2220 12488 3492 5800 8864 12516 16904 7623 58313 4641 16773 5066 27606 2314 12331 8849 3432 37109
leaf_count=14629 4541 7794 3376 17887 3545 6090 2068 5597 2253 2389 31131 6761 2220 12488 3492 5800 8864 12516 16904 7623 58313 4641 16773 5066 27606 2314 12331 8849 3432 37109
internal_value=-5.03208e-05 -0.000165562 -0.00210307 -9.91844e-05 0.00042744 -0.000259765 -0.00049789 -0.00086994 0.00225242 0.000828414 0.00095458 0.0011207 0.000254897 0.0013492 -0.00112413 -0.00103775 -0.00115036 -0.0021107 7.90368e-05 -0.000495259 4.81646e-06 0.000395977 0.000875887 0.00140563 0.000587036 -0.000908815 5.58197e-05 -0.00115129 -9.17435e-05 -0.00143469
internal_weight=354402 337520 11170 326350 76255 250095 170984 103946 16882 60599 58210 54665 79111 14708 15656 96812 91215 18316 67038 12164 64403 50134 47904 7134 45493 72899 14645 58254 12296 45958
internal_count=354402 337520 11170 326350 76255 250095 170984 103946 16882 60599 58210 54665 79111 14708 15656 96812 91215 18316 67038 12164 64403 50134 47904 7134 45493 72899 14645 58254 12296 45958
is_linear=0
shrinkage=0.05


Tree=30
num_leaves=31
num_cat=0
split_feature=33 74 48 33 46 36 12 15 47 56 15 24 23 55 43 30 43 34 41 37 7 8 24 74 6 51 8 26 33 61
split_gain=43.9534 21.9096 11.9194 10.6897 10.4568 9.63502 12.049 11.3133 8.9156 8.18966 9.27782 8.93741 7.22519 7.04793 6.68447 7.41919 6.62973 6.49397 9.78189 7.69676 6.39206 7.33034 6.36614 6.92019 6.09022 5.98319 6.98582 5.90235 8.02782 5.89248
threshold=-0.44193446636199946 5.5000000000000009 1.5887705087661745 -1.1285336613655088 1.4085702300071719 -0.98107236623764027 -8.5048441886901838 -8.5119810104370099 0.41979114711284643 -1.5061429142951963 -7.6638419628143302 1.0473287105560305 0.91453880071640026 -1.6251121759414671 0.30000001192092901 -0.5068959891796111 1.0000000180025095e-35 0.22961533069610598 1.0000000180025095e-35 0.03398272022604943 -0.91703906655311573 -1.0610637068748472 1.7141011953353884 5.5000000000000009 0.37318666279315954 -0.10350985825061797 1.0000000180025095e-35 0.45451165735721594 0.38862350583076483 0.2333333417773247
decision_type=2 2 2 2 2 2 2 2 2 2 2 2 2 2 2 2 2 2 2 2 2 2 2 2 2 2 2 2 2 2
left_child=1 3 4 -1 5 6 -2 24 17 20 -11 -12 -4 -13 -15 -16 -10 25 19 -19 21 -5 23 -21 -7 26 -9 -20 -29 -27
right_child=2 -3 12 9 -6 7 -8 8 16 10 11 13 -14 14 15 -17 -18 18 27 22 -22 -23 -24 -25 -26 29 -28 28 -30 -31
leaf_value=0.0035292619723665975 -0.0027654055639441694 0.003976543152090263 -0.00093962931992909676 -0.0012960023093072607 -0.001192691769327384 0.00086795534742279345 -0.00038800957216441668 -0.0005045993077839962 -0.0023382143868785903 -1.5674417106747744e-05 -0.0010527691994664905 -0.00022096369140383153 -0.0033878838266205567 0.0040290730278490913 0.00025943483722034731 0.0030627707177578543 -0.00033051671786760042 2.2768751157289804e-05 0.00013958740469821192 -0.0016393260432887051 -0.0014388591901004881 0.0025805341837908239 -0.00032860419544685269 -0.0047738970636575229 0.0040799141539245246 -0.0018033686582205185 0.0008431002717427436 -9.5858518678733633e-05 0.0042408616587757859 0.00087657791735834165
leaf_weight=3691 6371 6876 13498 2109 21725 3573 32373 25836 4387 10971 2413 2581 3875 5317 4258 5291 63524 12654 18227 6532 6532 2866 5515 2411 2513 2118 15302 2013 2260 57401
leaf_count=3691 6371 6876 13498 2109 21725 3573 32373 25836 4387 10971 2413 2581 3875 5317 4258 5291 63524 12654 18227 6532 6532 2866 5515 2411 2513 2118 15302 2013 2260 57401
internal_value=1.6552e-05 0.00134588 -0.000216275 0.000952118 -0.000138672 -5.15668e-05 -0.000779557 7.42294e-05 1.48695e-05 0.000726664 0.0011514 0.0017958 -0.00148734 0.00219015 0.00260862 0.00181431 -0.000460538 0.000229736 -0.000238418 -0.000877858 -0.00041136 0.000937891 -0.00166558 -0.00248878 0.00219874 0.000460482 -3.21577e-06 0.000532141 0.00220239 0.000780924
internal_weight=355013 52905 302108 46029 284735 263010 38744 224266 218180 42338 30831 19860 17373 17447 14866 9549 67911 150269 49612 27112 11507 4975 14458 8943 6086 100657 41138 22500 4273 59519
internal_count=355013 52905 302108 46029 284735 263010 38744 224266 218180 42338 30831 19860 17373 17447 14866 9549 67911 150269 49612 27112 11507 4975 14458 8943 6086 100657 41138 22500 4273 59519
is_linear=0
shrinkage=0.05


Tree=31
num_leaves=31
num_cat=0
split_feature=32 33 32 9 59 59 64 70 35 74 56 33 55 74 73 33 54 72 28 58 72 43 1 5 14 6 57 31 49 43
split_gain=34.5881 16.5313 12.4548 10.6399 10.439 12.0777 12.1766 7.73802 7.59134 10.3067 10.0049 11.1427 11.6675 10.9911 9.18225 9.0364 8.95243 8.25683 8.09555 7.69281 7.38727 7.1022 8.42571 6.76636 6.74526 6.58306 6.35259 6.21577 6.11021 5.9499
threshold=-0.41312889754772181 0.88789600133895885 -1.0323903560638426 0.97375261783599865 0.65049999952316295 0.94750002026557933 -0.37860886752605433 -0.3009385466575622 0.21203774958848956 5.5000000000000009 -1.0894683599472044 -0.18456859886646268 -0.7878131866455077 5.5000000000000009 4.5000000000000009 -0.11167959868907927 0.59079584479331981 15.000000000000002 1.2914713621139529 -0.78789469599723805 7.0000000000000009 0.16666667163372043 -0.064517896622419343 -1.142068564891815 -8.3413944244384748 2.0109090805053715 0.90616664290428173 -0.42446894943714136 -0.22343917936086652 0.30000001192092901
decision_type=2 2 2 2 2 2 2 2 2 2 2 2 2 2 2 2 2 2 2 2 2 2 2 2 2 2 2 2 2 2
left_child=2 8 28 25 7 6 -6 20 10 14 15 13 29 16 17 -2 27 -10 21 -11 -4 -16 -23 -8 -24 -3 -21 -12 -1 -13
right_child=1 3 4 -5 5 -7 23 -9 9 19 11 12 -14 -15 18 -17 -18 -19 -20 26 -22 22 24 -25 -26 -27 -28 -29 -30 -31
leaf_value=0.0048341535163168269 -0.0024809320459372505 -0.0023688619358630948 0.002272350677968073 -0.00049395828717891342 0.0048307717783737832 -0.0012895491010919834 0.0030019161167055995 0.0011953778924579782 -0.0031026836793343689 0.00078778489147913035 0.0011385791269810448 -0.0042696313443674342 -3.0612548824285312e-05 0.0025844094762435808 -0.0012259226505611223 0.0012885835795734049 0.0025072063811503648 -0.00068947605006300459 0.0021212255549427407 -0.0033219505849665615 -0.00078430236746311567 -0.00076141206285233732 0.0030307752655451682 0.00053753154436671994 0.00033961370588123991 -0.0058820137664022344 -0.00076086101746835472 -0.00027914654133016919 0.0015406668245936525 -0.0011619711105400957
leaf_weight=3076 6935 3877 2260 5225 3752 2655 4724 13698 4859 2271 11253 2155 125120 6938 13607 2055 4595 13063 3942 6841 15296 19696 2513 6780 30249 2044 3756 24647 2615 5380
leaf_count=3076 6935 3877 2260 5225 3752 2655 4724 13698 4859 2271 11253 2155 125120 6938 13607 2055 4595 13063 3942 6841 15296 19696 2513 6780 30249 2044 3756 24647 2615 5380
internal_value=-4.09624e-05 -0.000251396 0.00111362 -0.00214013 0.00085689 0.00181896 0.00236043 0.000305142 -0.000178701 -0.000529123 8.12632e-06 8.94276e-05 -0.000145761 0.000747066 -0.000335598 -0.00161879 0.000431714 -0.00134511 -7.70052e-05 -0.00185022 -0.000389747 -0.000208472 5.56269e-05 0.00155123 0.0005469 -0.00358952 -0.00241577 0.000165439 0.00332616 -0.00205524
internal_weight=355877 301021 54856 11146 49165 17911 15256 31254 289875 100797 189078 180088 132655 47433 87929 8990 40495 17922 70007 12868 17556 66065 52458 11504 32762 5921 10597 35900 5691 7535
internal_count=355877 301021 54856 11146 49165 17911 15256 31254 289875 100797 189078 180088 132655 47433 87929 8990 40495 17922 70007 12868 17556 66065 52458 11504 32762 5921 10597 35900 5691 7535
is_linear=0
shrinkage=0.05


Tree=32
num_leaves=31
num_cat=0
split_feature=33 33 64 35 11 71 17 62 57 73 45 43 43 39 33 13 30 74 21 59 8 61 8 25 25 14 4 57 35 1
split_gain=29.2343 15.5077 12.5957 11.0286 9.65481 16.2162 11.115 8.13153 8.11593 7.83858 7.66109 7.29564 7.06808 6.77195 6.31472 7.88159 10.7563 7.86525 10.5169 6.59161 6.28373 7.87234 7.21335 6.2232 5.86209 6.10476 6.13706 5.84964 6.36194 5.76946
threshold=-0.75725504755973805 0.85357314348220836 -0.50153654813766468 0.73094817996025097 0.19224408268928531 -0.38607926666736597 0.13530049473047259 0.39166666567325598 0.89098829030990612 18.500000000000004 -0.18604733049869535 0.83333334326744091 1.0000000180025095e-35 -0.09150074794888495 0.40809661149978643 -7.6648812294006339 -0.73817309737205494 2.5000000000000004 0.9776592254638673 0.067500002682209029 0.5957104265689851 0.43333333730697637 -0.87856554985046376 0.12492376565933229 0.14710965752601626 -7.5147264003753653 -0.98044106364250172 1.3103447556495669 -0.031960451975464814 -0.039458584040403359
decision_type=2 2 2 2 2 2 2 2 2 2 2 2 2 2 2 2 2 2 2 2 2 2 2 2 2 2 2 2 2 2
left_child=2 4 7 -3 6 12 9 -1 10 14 -4 24 -6 -11 17 16 -16 18 20 -19 22 -22 -2 -21 -7 -26 -27 -14 -29 -24
right_child=1 3 8 -5 5 11 -8 -9 -10 13 -12 -13 27 -15 15 -17 -18 19 -20 23 21 -23 29 -25 25 26 -28 28 -30 -31
leaf_value=0.0066295898079795097 0.00088292799070853467 -0.0028807223077359544 0.0015743572344893459 0.00029056365956441456 -0.0023572917846077829 0.0028834942559703156 -0.00048949080638004941 0.0023740104149344316 0.0040845142797736652 0.0013912237158949492 -0.0013127446894559774 -0.0011598104704408374 -0.00081298903577851846 -0.0015708665326017593 -0.0015338370134170957 -0.0023350195299009012 0.0016333801280554354 -0.0011273545262452517 0.0033067815478608135 0.0026627183862249822 0.0026314994090063802 -0.0007380539265302693 -0.0019655229755198181 0.00073835272927768843 -0.00040813964640030857 0.0031449392612447804 0.00062425514302631778 0.0022864468385624301 -0.00026224296084783347 -0.00029934061573080319
leaf_weight=2006 5266 8408 6870 4063 6352 2591 44649 2574 2000 25691 3441 6948 72865 2078 5294 5005 5410 4290 2004 4606 3410 3508 11107 47027 14237 2651 26214 3113 11329 9762
leaf_count=2006 5266 8408 6870 4063 6352 2591 44649 2574 2000 25691 3441 6948 72865 2078 5294 5005 5410 4290 2004 4606 3410 3508 11107 47027 14237 2651 26214 3113 11329 9762
internal_value=-1.70131e-05 -0.000118521 0.00201236 -0.00184813 -5.21801e-05 -0.000353512 0.000193962 0.0042483 0.00117776 0.000420934 0.000610532 0.000348605 -0.000748131 0.00116908 0.000226115 -0.000699324 6.69637e-05 0.000385965 -0.00020117 0.000753998 -0.000414793 0.000924257 -0.000769461 0.000910501 0.000578175 0.000438959 0.000856767 -0.0006308 0.000288334 -0.00118664
internal_weight=354769 337878 16891 12471 325407 146300 179107 4580 12311 134458 10311 52641 93659 27769 106689 15709 10704 90980 35057 55923 33053 6918 26135 51633 45693 43102 28865 87307 14442 20869
internal_count=354769 337878 16891 12471 325407 146300 179107 4580 12311 134458 10311 52641 93659 27769 106689 15709 10704 90980 35057 55923 33053 6918 26135 51633 45693 43102 28865 87307 14442 20869
is_linear=0
shrinkage=0.05


Tree=33
num_leaves=31
num_cat=0
split_feature=34 34 72 2 30 2 13 63 24 15 63 69 66 33 15 10 62 1 55 55 55 55 13 58 41 54 54 71 30 41
split_gain=43.2683 21.4221 14.9915 13.2249 10.9943 9.68213 13.5982 9.45449 9.4307 8.57709 13.8959 8.44981 10.0773 8.99718 9.15661 8.60362 7.71161 7.64043 7.1816 6.90787 7.05199 6.88807 6.75863 6.65638 6.41681 7.49384 6.73412 6.41126 9.82791 6.28727
threshold=-0.5619443655014037 0.22961533069610598 3.0000000000000004 -2.0238069295883174 0.57265207171440136 -0.37129424512386316 -8.9348058700561506 -0.26686945557594294 1.6190887689590456 -7.6595757007598868 -0.33670261502265925 0.00080394497490488004 -0.31780910491943354 1.0258601903915407 -8.1179704666137678 0.77770328521728527 0.52500000596046459 0.47072368860244757 1.1837745904922488 -0.63084012269973744 0.61063283681869518 0.48229598999023443 -9.04730176925659 0.136165626347065 0.6078576147556306 0.67415422201156627 -1.3995889425277708 -0.49469844996929163 -1.8800541162490843 -0.60785761475563038
decision_type=2 2 2 2 2 2 2 2 2 2 2 2 2 2 2 2 2 2 2 2 2 2 2 2 2 2 2 2 2 2
left_child=2 9 -1 -4 7 21 -7 8 -5 10 16 12 -8 14 -13 -16 -2 24 -14 -19 -21 -3 -12 -9 26 -26 -11 -28 -29 -24
right_child=1 5 3 4 -6 6 11 23 -10 17 22 13 18 -15 15 -17 -18 19 -20 20 -22 -23 29 -25 25 -27 27 28 -30 -31
leaf_value=0.0058265212626206035 0.00035211619953933105 -0.00075787631880423615 0.0042623769717705486 0.0044595393080862902 -0.00067972711708187553 0.0024855445622248597 -0.0024790816460036748 -0.00051378504159791717 0.0010911219192820886 -0.0010533148612822054 -0.0033925596299123062 0.0019989208149925365 -0.0014744829177807837 -0.0027085500577996484 -0.0012146906476110742 0.00026267414167252659 0.0031820955309038281 -0.0016567409007087162 0.0010122960086444753 0.00053978314890372481 -0.0012438829604840083 0.00094214368754827699 0.00032394096524288187 0.0020720460141114548 -0.00047461773809678745 0.0013982195482213054 0.0015804167335775219 -0.002762211284933782 0.00075145743832402527 -0.00098351072953720533
leaf_weight=2128 22442 11147 3721 4586 6601 2721 18851 5478 3808 4428 2352 3433 9118 5022 27299 15414 2687 7188 4249 21267 7483 12778 12296 4546 22934 6952 25603 2086 39492 36401
leaf_count=2128 22442 11147 3721 4586 6601 2721 18851 5478 3808 4428 2352 3433 9118 5022 27299 15414 2687 7188 4249 21267 7483 12778 12296 4546 22934 6952 25603 2086 39492 36401
internal_value=-2.28562e-06 -0.000172899 0.00178603 0.00148493 0.00107031 -0.000739652 -0.000986858 0.00169755 0.00293455 0.000119059 -0.000306473 -0.00110045 -0.00173469 -0.000700841 -0.000481806 -0.000681612 0.000655866 0.000354934 -0.000683839 -0.000271522 7.52626e-05 0.000150094 -0.000780223 0.000659816 0.000576758 -3.86415e-05 0.000833565 0.00095807 0.000574552 -0.00065338
internal_weight=354511 323643 30868 28740 25019 110032 86107 18418 8394 213611 76178 83386 32218 51168 46146 42713 25129 137433 13367 35938 28750 23925 51049 10024 101495 29886 71609 67181 41578 48697
internal_count=354511 323643 30868 28740 25019 110032 86107 18418 8394 213611 76178 83386 32218 51168 46146 42713 25129 137433 13367 35938 28750 23925 51049 10024 101495 29886 71609 67181 41578 48697
is_linear=0
shrinkage=0.05


Tree=34
num_leaves=31
num_cat=0
split_feature=33 33 74 56 13 36 34 56 19 24 59 58 73 12 64 44 5 16 13 44 55 70 23 64 64 56 33 15 7 19
split_gain=32.3604 16.0123 14.6808 10.494 11.1864 9.64914 8.54405 9.76862 9.11382 8.08266 9.04959 8.12793 8.07875 7.87925 7.88288 7.86349 8.49059 9.26831 7.40286 14.0841 6.89768 9.75739 7.88781 8.91586 7.7619 7.0955 6.75577 6.39844 8.02253 7.00331
threshold=-0.27733133733272547 0.69387108087539684 5.5000000000000009 0.39947396516799932 -8.8526692390441877 0.91684862971305858 -1.0577873587608335 -1.2346764802932737 0.018873048014938835 1.2845539450645449 0.42849999666213995 0.21112173795700076 16.500000000000004 -8.7295031547546369 -0.038437416777014725 0.21987986564636233 -1.390600264072418 0.27295094728469854 -8.4884204864501935 0.4583591520786286 -0.77454116940498341 -0.1831160634756088 0.74844118952751171 0.043775042518973357 0.26022993028163915 0.99893423914909374 0.53010228276252758 -7.6815726757049552 -0.049439826980233186 0.80004128813743602
decision_type=2 2 2 2 2 2 2 2 2 2 2 2 2 2 2 2 2 2 2 2 2 2 2 2 2 2 2 2 2 2
left_child=2 5 3 4 -1 12 -6 15 -9 -10 -11 -12 20 -4 -15 16 17 -8 19 -7 21 -2 23 27 -25 26 -24 28 29 -22
right_child=1 -3 13 -5 6 18 7 8 9 10 11 -13 -14 14 -16 -17 -18 -19 -20 -21 22 -23 25 24 -26 -27 -28 -29 -30 -31
leaf_value=-0.0027632343094220568 0.00081267452818309545 -0.001531915587687886 -0.00010307624318418385 -0.0018823426751158692 0.0037572818194739942 -0.00084762060637861138 0.00049849813418729062 5.6414874251286691e-06 0.00043636958419774143 0.00095598535564054676 0.0018090260518040598 0.0042945503649066191 0.00019214705689064098 0.0044997477692086778 0.0016544856848843964 -0.0021974115961464775 -0.00071670973250165075 0.004365594723681269 0.00026930462393043477 0.0044740577806458353 -0.0026474647486646329 -0.0026535608063197381 -0.0010004076871633044 -0.001657285273336338 -0.00016144331803737602 0.00044734918378157897 -0.0031191359309805365 0.00081307310895870229 0.00091694399071248647 0.00058907925258146307
leaf_weight=2214 2746 22401 2406 4051 2412 2118 6130 12887 10829 10052 7231 6064 57936 4918 4847 3831 9528 2065 47553 2991 5067 7737 30462 13038 25868 7344 4287 28348 5569 2487
leaf_count=2214 2746 22401 2406 4051 2412 2118 6130 12887 10829 10052 7231 6064 57936 4918 4847 3831 9528 2065 47553 2991 5067 7737 30462 13038 25868 7344 4287 28348 5569 2487
internal_value=2.37486e-05 -0.00025297 0.000846283 0.000591944 0.000729032 -0.000135278 0.000838261 0.00073512 0.00113878 0.00156594 0.00208945 0.00294508 -0.00030058 0.0024597 0.0030906 -0.000146394 0.000297942 0.00147707 0.000463849 0.00227054 -0.00051529 -0.00174568 -0.000409839 -0.000119417 -0.00066302 -0.000964244 -0.00126262 0.000390601 -0.000521938 -0.00158253
internal_weight=355417 265952 89465 77294 73243 243551 71029 68617 47063 34176 23347 13295 190889 12171 9765 21554 17723 8195 52662 5109 132953 10483 122470 80377 38906 42093 34749 41471 13123 7554
internal_count=355417 265952 89465 77294 73243 243551 71029 68617 47063 34176 23347 13295 190889 12171 9765 21554 17723 8195 52662 5109 132953 10483 122470 80377 38906 42093 34749 41471 13123 7554
is_linear=0
shrinkage=0.05


Tree=35
num_leaves=31
num_cat=0
split_feature=33 44 33 74 11 39 56 55 43 53 74 25 15 7 30 56 55 74 54 32 69 13 25 56 73 64 54 8 30 18
split_gain=29.4674 9.3821 8.92622 14.2422 10.1372 10.8796 9.36952 8.92529 8.22997 7.50307 7.38626 7.52114 12.366 7.07771 6.94519 7.82056 11.4936 6.68842 9.41791 7.83475 6.68656 9.44276 6.6368 6.35803 6.3449 6.42496 6.12659 7.83396 6.11269 7.48094
threshold=-0.53914079070091236 -2.6812080144882198 0.45956958830356603 5.5000000000000009 0.47985640168190008 -0.44228447973728174 1.3215959072113039 0.68907210230827343 0.30000001192092901 0.1450961232185364 5.5000000000000009 0.09128515794873239 -7.8102049827575675 -1.2867467999458311 0.020213782787323002 0.11115273460745813 -0.35655869543552393 2.5000000000000004 0.158238559961319 0.6444859802722932 -0.013241069857031105 -7.8790581226348868 0.14710965752601626 -0.26585331559181208 17.500000000000004 0.49458605051040655 -0.97547355294227589 0.94581523537635814 -0.53715541958808888 1.5344557166099551
decision_type=2 2 2 2 2 2 2 2 2 2 2 2 2 2 2 2 2 2 2 2 2 2 2 2 2 2 2 2 2 2
left_child=1 -1 4 6 14 -6 23 -8 -5 -10 11 -3 -13 -7 28 26 -17 19 -19 -9 21 -15 -14 -4 25 -18 -16 -28 29 -2
right_child=2 10 3 8 5 13 7 17 9 -11 -12 12 22 20 15 16 24 18 -20 -21 -22 -23 -24 -25 -26 -27 27 -29 -30 -31
leaf_value=0.0044056040955788049 0.00034123621642530273 0.0018514198731975696 0.0016046834832736607 -0.005491908765454738 0.00030669133308382159 0.0019745693672727593 0.0028505733179592183 0.0033581664965255786 -0.0036480560574851969 0.00047594919908611964 0.003047921110485961 -0.0020391389701151816 -0.0013965843238904234 -0.0027575701090751543 -0.001352137005257647 -0.0028114552309393241 -0.00042933207406810575 -0.0037336110733200522 0.00010787999868040284 -0.00012720949556779812 -0.00052916837136743236 -0.00074887257046771921 0.0014149093871223318 -0.0012652345397024959 0.0010914961467843377 -0.0033371695361441877 0.00074933225180307103 -0.001661578305245494 0.00089451597694866424 -0.0010679891304314721
leaf_weight=2289 61596 11456 2083 2138 29107 2104 3134 2329 2338 2076 4295 4558 2522 10286 5412 6149 11643 2389 4762 5188 34868 13576 12304 24967 5570 2261 28473 3812 40136 11107
leaf_count=2289 61596 11456 2083 2138 29107 2104 3134 2329 2338 2076 4295 4558 2522 10286 5412 6149 11643 2389 4762 5188 34868 13576 12304 24967 5570 2261 28473 3812 40136 11107
internal_value=-1.64868e-05 0.00131032 -0.000172913 -0.000776034 -5.63798e-05 -0.000488247 -0.000457616 0.000433056 -0.00295176 -0.00171176 0.00110747 0.000836325 0.000235756 -0.000868586 0.000164133 -0.000254943 -0.000928761 -8.5067e-05 -0.0011789 0.000955695 -0.00097076 -0.00161554 0.000936037 -0.00104372 -0.000333154 -0.000904249 0.000203182 0.000464241 0.0003993 0.000125828
internal_weight=354928 37424 317504 51404 266100 89941 44852 17802 6552 4414 35135 30840 19384 60834 176159 63320 25623 14668 7151 7517 58730 23862 14826 27050 19474 13904 37697 32285 112839 72703
internal_count=354928 37424 317504 51404 266100 89941 44852 17802 6552 4414 35135 30840 19384 60834 176159 63320 25623 14668 7151 7517 58730 23862 14826 27050 19474 13904 37697 32285 112839 72703
is_linear=0
shrinkage=0.05


Tree=36
num_leaves=31
num_cat=0
split_feature=34 30 11 33 30 36 12 59 5 35 23 23 0 66 11 23 68 32 43 23 43 12 22 10 56 3 12 37 32 63
split_gain=40.8187 12.8696 18.2265 11.2851 11.8874 10.2979 19.9463 10.2895 11.3731 9.16041 8.89167 8.99304 8.75722 7.91958 12.4765 10.8725 9.28418 8.62137 8.22926 7.8195 7.66797 7.66502 7.47165 7.75835 7.2636 8.6167 7.62736 7.17351 6.9291 6.29452
threshold=-0.48634786903858179 0.35493786633014685 1.5880895256996157 0.85357314348220836 0.55783531069755565 -0.98625412583351124 -8.3713293075561506 0.13849999755620959 -1.6951455473899839 0.25449627637863165 0.11329061537981035 0.0076849288307130345 0.80129447579383861 -0.16380444914102552 -0.20508936047554013 0.99985027313232433 0.47316312789916998 -0.28375364840030665 0.16666667163372043 0.74844118952751171 0.83333334326744091 -8.0049095153808576 1.9911614060401919 2.0904043912887578 1.0000000180025095e-35 0.72900402545928966 -8.4246358871459943 0.21822828054428103 0.04308378882706166 -0.33670261502265925
decision_type=2 2 2 2 2 2 2 2 2 2 2 2 2 2 2 2 2 2 2 2 2 2 2 2 2 2 2 2 2 2
left_child=1 2 7 5 -5 6 9 -1 -9 -2 11 -7 -3 14 16 22 21 -16 28 -8 -20 -12 23 24 25 26 -15 -24 -19 -28
right_child=3 12 -4 4 -6 10 19 8 -10 -11 13 -13 -14 15 17 -17 -18 18 20 -21 -22 -23 27 -25 -26 -27 29 -29 -30 -31
leaf_value=-7.580688005732664e-05 -0.0018408133432187613 0.00076417542255215057 -0.0017116775854104224 -0.0025332125396330231 0.0010006488516052718 -0.0016619171995250739 0.00013681998484250629 0.0049727855463857495 0.0022786269838154581 -0.0052154489019708523 0.0012010754248949823 0.0016445021745178192 -0.0027174874067619511 -0.0028412958110905218 0.00066228795300487229 0.0026904735016776374 -0.0015543855759302023 -0.00050889062424114924 -0.00030934241861058261 -0.0015900317145251539 -0.0017121975007709568 -3.663095598113984e-06 0.0027613593536370759 0.002693478693524716 0.0004115036559664975 -0.0034760292048740902 0.0012788886715768763 -0.00072118296749032191 -0.0025656169163419331 -0.0005779769346946896
leaf_weight=3341 7960 11309 2834 9454 3173 2413 29367 5095 17041 2691 22672 13639 2139 2844 11499 4626 6111 6684 56914 8429 11744 31592 5005 2616 34616 2472 6102 2092 10587 18010
leaf_count=3341 7960 11309 2834 9454 3173 2413 29367 5095 17041 2691 22672 13639 2139 2844 11499 4626 6111 6684 56914 8429 11744 31592 5005 2616 34616 2472 6102 2092 10587 18010
internal_value=1.43564e-05 0.0014826 0.00208739 -0.000181376 -0.00164511 -0.000119855 -0.000787443 0.00251049 0.0029007 -0.00269752 8.39391e-06 0.00114674 0.000208784 -6.90174e-05 -0.000273068 0.000341765 0.000291672 -0.000623025 -0.000795082 -0.000248609 -0.000549516 0.000499816 0.000194111 2.97984e-05 -7.94082e-05 -0.000656809 -0.000397079 0.00173523 -0.0017704 -0.000107726
internal_weight=355071 41759 28311 313312 12627 300685 48447 25477 22136 10651 252238 16052 13448 236186 157803 78383 60375 97428 85929 37796 68658 54264 73757 66660 64044 29428 26956 7097 17271 24112
internal_count=355071 41759 28311 313312 12627 300685 48447 25477 22136 10651 252238 16052 13448 236186 157803 78383 60375 97428 85929 37796 68658 54264 73757 66660 64044 29428 26956 7097 17271 24112
is_linear=0
shrinkage=0.05


Tree=37
num_leaves=31
num_cat=0
split_feature=34 34 63 55 64 30 28 11 30 40 10 7 37 40 74 61 66 64 56 40 74 35 33 0 16 9 18 28 28 17
split_gain=34.109 12.8642 17.1922 10.7063 10.5591 16.4213 10.5512 9.2512 16.9667 10.6538 8.70001 9.19086 8.33066 8.06011 7.94121 7.53129 7.57648 7.56376 7.28246 6.25671 8.81581 11.0156 8.81956 6.99377 6.13788 6.03718 6.38602 6.01839 8.52108 5.86319
threshold=-0.51194173097610463 0.46451674401760107 1.9883915185928347 -0.117016464471817 -0.52427884936332692 0.23110346496105197 -0.31167450547218317 0.42573145031929022 0.27423761785030371 -0.27143786847591395 1.2327954173088076 -1.0000000180025095e-35 0.12941304594278338 0.97336998581886303 5.5000000000000009 0.2333333417773247 -0.21202358603477475 -0.21909654140472409 -0.85388118028640736 -0.58424410223960865 4.5000000000000009 0.023312613368034366 0.21718230843544009 1.0171480774879458 -0.10128060728311537 0.95858392119407665 1.6671762466430666 -0.66045475006103505 -0.079713359475135789 0.010266931261867287
decision_type=2 2 2 2 2 2 2 2 2 2 2 2 2 2 2 2 2 2 2 2 2 2 2 2 2 2 2 2 2 2
left_child=3 7 14 4 5 6 -1 9 13 19 -10 -12 -6 15 18 -9 17 -17 -3 20 21 23 -22 -2 -16 26 29 -23 -29 -11
right_child=1 2 -4 -5 12 -7 -8 8 10 25 11 -13 -14 -15 24 16 -18 -19 -20 -21 22 27 -24 -25 -26 -27 -28 28 -30 -31
leaf_value=0.0023285942274048734 -0.0013236332589147426 0.0018810919407204346 0.0032023532708014171 0.0039326514834187587 0.0010421947569176802 0.0006828530657912407 0.0073476692874452354 -0.0027747490048054754 0.00044493604835166631 0.0012134341400898035 0.0054837837373899268 0.00074599251904307741 -0.0015893235544887281 -0.0023759255448501798 -0.0011662593854902291 0.0002551035450939059 0.00048450715293527107 -0.0011061096391253604 -0.00093606177556333509 -0.00096745400984672876 0.0018138002831759713 0.0018731341252947106 -0.00098835308317558293 0.001313340153130599 -0.0044696001203786686 -0.00057438340836861099 -0.00031802324710511243 -0.0029399253045255592 0.00090070619615896313 0.00029406441697630778
leaf_weight=2028 20179 2416 2539 4028 20922 4880 2185 3477 12491 50933 2026 2066 3503 6282 2903 14370 18069 35175 42421 19313 11185 6647 3741 2864 2735 9823 12488 2038 4889 26304
leaf_count=2028 20179 2416 2539 4028 20922 4880 2185 3477 12491 50933 2026 2066 3503 6282 2903 14370 18069 35175 42421 19313 11185 6647 3741 2864 2735 9823 12488 2038 4889 26304
internal_value=7.48749e-05 -9.37337e-05 -0.000804505 0.00149976 0.0012063 0.00265989 0.00494289 4.88274e-05 -0.000349485 0.000268454 0.00110142 0.00309938 0.00066429 -0.000660553 -0.00100665 -0.00050866 -0.000391735 -0.000711332 -0.000783876 -0.000200141 8.75009e-05 -0.000330009 0.00111129 -0.000995458 -0.00277379 0.000601975 0.000730811 0.000799547 -0.000231859 0.00090041
internal_weight=354920 317374 53014 37546 33518 9093 4213 264360 93956 170404 16583 4092 24425 77373 50475 71091 67614 49545 44837 70856 51543 36617 14926 23043 5638 99548 89725 13574 6927 77237
internal_count=354920 317374 53014 37546 33518 9093 4213 264360 93956 170404 16583 4092 24425 77373 50475 71091 67614 49545 44837 70856 51543 36617 14926 23043 5638 99548 89725 13574 6927 77237
is_linear=0
shrinkage=0.05


Tree=38
num_leaves=31
num_cat=0
split_feature=33 74 39 35 74 58 57 54 73 11 0 55 34 17 54 35 65 5 8 32 73 71 54 32 31 57 36 58 31 65
split_gain=22.6772 9.51583 9.50639 10.4188 11.2531 8.74883 8.28139 10.5206 7.32524 8.47668 10.1627 8.03562 10.3792 9.71651 8.32465 7.2508 8.28789 8.71068 7.19724 7.14841 7.13876 8.03248 8.00957 10.2194 7.74552 6.77368 6.52117 6.353 7.78484 5.93257
threshold=-0.53914079070091236 5.5000000000000009 -0.9713328182697295 0.24016102403402331 5.5000000000000009 -0.50399371981620777 0.79604727029800426 -0.64600321650505055 19.500000000000004 1.301902234554291 0.57921260595321666 -1.3266989588737486 -0.38356073200702662 -0.03448973782360553 -1.2123116254806516 0.74743822216987621 -0.073483731597661958 1.0000000180025095e-35 1.4489647746086123 0.31189960241317755 2.5000000000000004 -0.7496577501296996 1.1016080975532534 0.29622058570384985 -0.5744403302669524 1.0899114012718203 -0.44198286533355707 0.32365660369396215 0.18826847523450854 0.21741983294487002
decision_type=2 2 2 2 2 2 2 2 2 2 2 2 2 2 2 2 2 2 2 2 2 2 2 2 2 2 2 2 2 2
left_child=1 6 25 8 15 -6 7 -1 11 10 19 -4 13 26 27 20 18 -18 -17 -10 22 -22 23 -5 -23 -2 -13 28 -14 -26
right_child=2 -3 3 4 5 -7 -8 -9 9 -11 -12 12 14 -15 -16 16 17 -19 -20 -21 21 24 -24 -25 29 -27 -28 -29 -30 -31
leaf_value=0.001620066286790868 0.00040897930368864955 0.0032640597432044027 -0.0020431170085123684 -0.0023151761996323583 0.00028188551174395592 -0.0028208699044461696 0.0025015838001289613 -0.0003864793258335901 0.001616284930596387 -0.0024549816667477531 -0.00077814958229963408 0.00026413975249074792 -0.003405207937573684 -0.00028589375879134742 -0.00014048973121622227 0.0034814436919007132 -0.0025362515885584938 0.00052143060292390592 -0.00021055310400967114 -0.0010057578217821056 -0.0025015509402833251 0.0026794935182841914 -0.0046502663269554888 0.0018357971995595686 -0.00054617953613236359 0.0026001880267940971 0.0026865021095975467 0.00024272891749764242 -8.4607044702247747e-05 0.00188327637682318
leaf_weight=11336 20323 4634 5480 5352 3004 9291 6129 15391 22380 2076 7541 4260 5398 9485 119472 3405 3144 8898 2150 2934 4525 2071 2121 2041 51904 4259 7991 3453 2621 2631
leaf_count=11336 20323 4634 5480 5352 3004 9291 6129 15391 22380 2076 7541 4260 5398 9485 119472 3405 3144 8898 2150 2934 4525 2071 2121 2041 51904 4259 7991 3453 2621 2631
internal_value=-1.77553e-05 0.00114519 -0.0001548 -0.000233881 -0.000646613 -0.00206317 0.000845443 0.000464865 -1.89606e-05 0.000636237 0.000832249 -0.000163698 -9.61122e-05 0.00091548 -0.000264088 -0.000449029 0.000458903 -0.00027833 0.00205469 0.0013121 -0.000675219 -0.000476753 -0.0019486 -0.00116828 -0.00031448 0.000789524 0.00184508 -0.00155003 -0.00232133 -0.000428648
internal_weight=355700 37490 318210 293628 100537 12295 32856 26727 193091 34931 32855 158160 152680 21736 130944 88242 17597 12042 5555 25314 70645 61131 9514 7393 56606 24582 12251 11472 8019 54535
internal_count=355700 37490 318210 293628 100537 12295 32856 26727 193091 34931 32855 158160 152680 21736 130944 88242 17597 12042 5555 25314 70645 61131 9514 7393 56606 24582 12251 11472 8019 54535
is_linear=0
shrinkage=0.05


Tree=39
num_leaves=31
num_cat=0
split_feature=23 43 25 36 15 74 10 17 28 57 64 64 66 10 28 47 17 24 52 73 59 4 43 56 43 3 1 13 21 35
split_gain=27.1277 13.2886 10.7539 10.0795 9.99809 9.74137 8.34993 10.2687 8.01962 7.52283 7.35661 9.03238 7.15101 7.65878 8.95216 6.9885 6.59984 6.3533 7.45954 6.26938 6.24227 5.90652 7.05749 14.165 10.3259 10.2268 9.36413 8.35884 7.14376 7.08144
threshold=0.11748983711004259 0.16666667163372043 0.89359387755393993 -0.95344668626785267 -6.8235108852386466 5.5000000000000009 -0.90398833155632008 -0.47623105347156519 1.4511348605155947 1.0709387660026553 1.0000000180025095e-35 0.64586287736892711 0.55240121483802807 0.46451079845428472 -2.0384393930435176 0.25327862799167639 -0.60431846976280201 1.9242571592330935 -1.0000000180025095e-35 12.500000000000002 0.63750001788139354 -1.1496744155883787 0.43333333730697637 0.25059641897678381 0.76666668057441723 0.65522146224975597 -1.4509320259094236 -7.5443475246429434 0.76933220028877269 0.18933583050966266
decision_type=2 2 2 2 2 2 2 2 2 2 2 2 2 2 2 2 2 2 2 2 2 2 2 2 2 2 2 2 2 2
left_child=1 6 4 17 9 8 -1 -8 10 21 16 -12 13 -11 -15 -14 -4 18 -3 -7 -5 -2 25 24 26 -23 -24 28 -25 -26
right_child=2 3 5 20 -6 19 7 -9 -10 12 11 -13 15 14 -16 -17 -18 -19 -20 -21 -22 22 23 27 29 -27 -28 -29 -30 -31
leaf_value=0.0056555997937170512 0.00074055618428094409 -0.0012636830000228182 0.0026893632951910081 0.00068805209079879652 0.0011961283974908444 -0.0012500186568475196 0.0048667755946992242 0.00077689468211677678 0.0021932394448967271 0.00089162865763642545 -0.0020853995680536297 0.00019361714057230232 0.0033417668358397736 -0.0036439517726513842 -0.00011529765392359003 -2.2734729435878933e-05 -0.00036941321331207359 -0.0025887095670080497 0.0017516246314469492 -0.0047800652241691693 0.0022726177850544648 -0.00029232650017847376 -0.0031632960612505961 0.0021698830324800027 -0.00082587329041841715 -0.0015065453020829769 0.00020120897865006163 -0.00028345683114226695 0.00057178638624134025 -0.0028500012837217193
leaf_weight=2079 15291 4278 2168 16640 16212 2638 2224 4919 2396 20057 13914 6319 4005 2066 13400 2507 9258 2765 3922 2411 9924 68674 2192 10755 15716 23193 33992 15799 19988 5957
leaf_count=2079 15291 4278 2168 16640 16212 2638 2224 4919 2396 20057 13914 6319 4005 2066 13400 2507 9258 2765 3922 2411 9924 68674 2192 10755 15716 23193 33992 15799 19988 5957
internal_value=5.02884e-05 0.00117263 -0.000119603 0.000754343 -7.27867e-06 -0.000894402 0.00287221 0.00205532 -0.000590079 -8.4256e-05 -0.000801351 -0.00137389 0.00052661 0.000247132 -0.000588717 0.00204845 0.000212811 -0.000520725 0.000178893 -0.0029418 0.00128066 -0.00020565 -0.000279403 1.86282e-06 -0.000520464 -0.000599002 -3.42792e-06 0.000651147 0.00113138 -0.00138328
internal_weight=355659 46751 308908 37529 269804 39104 9222 7143 34055 253592 31659 20233 42035 35523 15466 6512 11426 10965 8200 5049 26564 211557 196266 104399 57857 91867 36184 46542 30743 21673
internal_count=355659 46751 308908 37529 269804 39104 9222 7143 34055 253592 31659 20233 42035 35523 15466 6512 11426 10965 8200 5049 26564 211557 196266 104399 57857 91867 36184 46542 30743 21673
is_linear=0
shrinkage=0.05


Tree=40
num_leaves=31
num_cat=0
split_feature=33 34 41 72 46 46 67 43 59 11 12 56 11 6 17 24 39 31 2 34 25 32 63 2 15 25 63 32 19 40
split_gain=39.6249 19.0497 13.2731 11.6737 9.4277 9.13798 8.48408 8.37894 8.01921 8.25139 13.6401 8.65606 9.13722 8.45236 7.67873 7.57891 7.43338 7.42619 7.41994 7.30127 7.0496 7.27006 6.63882 6.47204 7.18802 8.46924 7.53527 7.14411 6.19334 6.01512
threshold=-0.75725504755973805 0.56749394536018383 0.6078576147556306 5.0000000000000009 1.9960766434669497 0.55439239740371715 0.8084673583507539 0.76666668057441723 0.15850000083446505 0.4363152831792832 -7.5091810226440421 0.17964805662631991 2.2711035013198857 -0.95524525642395008 -0.07794818282127379 2.6185778379440312 -0.47331516444683069 -0.43766838312149042 -0.32379832863807673 -0.44636404514312739 0.24592307955026629 -0.20555215328931806 -0.24141424894332883 0.94356071949005138 -7.9232864379882804 0.60359445214271557 -0.087870743125677095 0.39548821747303015 0.1045181378722191 0.48098418116569525
decision_type=2 2 2 2 2 2 2 2 2 2 2 2 2 2 2 2 2 2 2 2 2 2 2 2 2 2 2 2 2 2
left_child=18 4 3 -3 8 7 -4 -5 22 14 11 12 13 -11 16 -13 -10 -16 -1 -18 -12 -22 -2 24 25 26 -21 -26 -19 -23
right_child=1 2 6 5 -6 -7 -8 -9 9 10 20 15 -14 -15 17 -17 19 28 -20 23 21 29 -24 -25 27 -27 -28 -29 -30 -31
leaf_value=0.0028494623974802459 0.00033700324411356107 -0.0050633731467694277 -0.00070711633963859409 -1.6311251475742303e-05 -0.0017547650528877473 -0.0027427954863808099 0.0021987460360850656 -0.0029387154123991224 0.0015377824297126358 0.0012776977031650752 0.0030047136057502152 -8.9272867140473733e-05 -0.0029014450067558315 -0.0010310079693723899 0.0010974532689642237 0.0031155267355769392 0.0019352756694877211 0.00078868223631823556 5.2139631436211837e-06 -0.0045102268460847257 0.0019581155736221063 0.00063474473857776505 -0.00090923141128776874 0.0015918735502644433 0.00050524994333667672 0.00071219299480415469 -0.0007461777552096086 -0.0020344582844872617 -0.00051106788410077352 -0.001541095915522495
leaf_weight=14207 15892 2472 7582 10983 7105 8510 3744 3148 20947 4577 3238 21043 5577 29252 12763 2012 7572 11574 2734 2422 5909 8973 32587 8358 44248 3486 2944 2944 43893 4904
leaf_count=14207 15892 2472 7582 10983 7105 8510 3744 3148 20947 4577 3238 21043 5577 29252 12763 2012 7572 11574 2734 2422 5909 8973 32587 8358 44248 3486 2944 2944 43893 4904
internal_value=3.15977e-05 -8.64817e-05 -0.00116629 -0.00180694 4.3746e-05 -0.00144931 0.000254558 -0.000668961 8.71038e-05 0.000202662 -0.000194402 -0.000577849 -0.00102798 -0.000718359 0.000413289 0.000191638 0.000709017 1.0499e-05 0.00239072 0.000467637 0.000845635 0.00049096 -0.000500715 0.000294807 0.000101122 -0.00120551 -0.00245035 0.000346417 -0.000239763 -0.000134733
internal_weight=355600 338659 36439 25113 302220 22641 11326 14131 295115 246636 85485 62461 39406 33829 161151 23055 92921 68230 16941 71974 23024 19786 48479 64402 56044 8852 5366 47192 55467 13877
internal_count=355600 338659 36439 25113 302220 22641 11326 14131 295115 246636 85485 62461 39406 33829 161151 23055 92921 68230 16941 71974 23024 19786 48479 64402 56044 8852 5366 47192 55467 13877
is_linear=0
shrinkage=0.05


Tree=41
num_leaves=31
num_cat=0
split_feature=23 43 32 43 19 32 20 56 21 63 11 5 49 69 29 56 69 11 17 14 10 63 15 5 43 5 19 56 20 58
split_gain=28.326 11.4547 10.1204 10.3431 15.6443 15.5942 13.2865 9.83293 11.1855 9.96462 9.67607 8.80791 8.74548 8.35804 9.11418 8.15777 7.88325 7.78213 7.54654 7.39725 9.61486 7.52977 7.39084 8.30169 6.72293 9.61483 8.5604 7.26547 9.6091 7.0963
threshold=0.11748983711004259 0.16666667163372043 -0.49542245268821711 0.30000001192092901 0.99000588059425365 -0.080810155719518648 1.3444216251373293 0.43107773363590246 0.76933220028877269 0.54010751843452465 1.7022747397422793 1.2752257585525515 -0.11293102055788039 -0.1195104382932186 0.83405098319053661 -0.060528980568051331 0.19839625805616382 -0.61118960380554188 -0.21331595629453656 -7.9919798374176017 -0.29482875764369959 0.82938671112060558 -7.38877248764038 -1.6951455473899839 0.83333334326744091 0.16000886261463168 0.31572231650352484 -0.40721651911735529 1.3832309842109682 0.12627311050891879
decision_type=2 2 2 2 2 2 2 2 2 2 2 2 2 2 2 2 2 2 2 2 2 2 2 2 2 2 2 2 2 2
left_child=1 12 17 5 7 10 16 13 11 -10 -4 -9 -1 -5 24 18 -7 -2 -8 20 -6 -21 -3 -24 25 27 -26 -15 -29 -27
right_child=2 22 3 4 19 6 15 8 9 -11 -12 -13 -14 14 -16 -17 -18 -19 -20 21 -22 -23 23 -25 26 29 -28 28 -30 -31
leaf_value=0.0041836220404439847 -0.00079561529498512753 0.00022276377135526596 0.00057702341873240917 -0.0012741739003331379 0.0040160097959260161 -0.00095472168332268745 -0.0020823060027777519 0.00085236935744281619 0.00017702563334218019 -0.0018384208269338392 -0.0027527041612819278 0.0043122200274402292 0.0011102661270183866 -0.0001725030268604713 -0.0026231169374708301 -0.0023074378590776969 0.00059728212104404477 0.0015856676243242735 0.001599377467020612 0.00065140749885017428 0.00097095066517887947 -0.0023916592352949805 0.0041794065412703706 0.0010483104108272761 0.00065689197931249063 -0.0019542554606160078 -0.0019665099195642177 0.00067300016250633878 0.0034837463297529413 0.0001190036089285776
leaf_weight=4761 4649 24701 25847 29526 3661 27932 2682 17943 27567 7877 2373 2041 4515 18577 3909 23798 11562 13030 2872 20805 8856 2243 2667 10177 4598 8134 9570 16174 3737 8366
leaf_count=4761 4649 24701 25847 29526 3661 27932 2682 17943 27567 7877 2373 2041 4515 18577 3909 23798 11562 13030 2872 20805 8856 2243 2667 10177 4598 8134 9570 16174 3737 8366
internal_value=-2.77751e-05 0.00111798 -0.000201793 -0.000272453 -6.12351e-05 -0.000693645 -0.00109935 -0.000274485 0.000262079 -0.000271275 0.000296153 0.00120771 0.0026905 -0.000564378 -0.00027741 -0.0019049 -0.000500331 0.000959372 -0.000179037 0.000886068 0.00186407 0.000354352 0.000728854 0.00170121 -0.000144461 0.00010583 -0.00111526 0.000538706 0.00120202 -0.000903615
internal_weight=355150 46821 308329 290650 193584 97066 68846 158019 55428 35444 28220 19984 9276 102591 73065 29352 39494 17679 5554 35565 12517 23048 37545 12844 69156 54988 14168 38488 19911 16500
internal_count=355150 46821 308329 290650 193584 97066 68846 158019 55428 35444 28220 19984 9276 102591 73065 29352 39494 17679 5554 35565 12517 23048 37545 12844 69156 54988 14168 38488 19911 16500
is_linear=0
shrinkage=0.05


Tree=42
num_leaves=31
num_cat=0
split_feature=32 34 14 56 39 64 3 11 72 40 43 32 36 11 5 71 14 15 71 30 72 21 43 56 1 58 40 12 69 35
split_gain=19.3548 11.2591 10.7149 9.77933 9.42603 9.78375 8.93146 8.12689 7.20985 7.20763 6.92766 12.7482 6.91081 6.3634 6.1553 5.52002 5.4725 5.40597 5.9573 5.55233 6.44304 6.75088 6.98913 12.5961 6.85059 6.44446 9.81365 5.51859 5.27445 7.52798
threshold=-0.46911935508251185 0.25322379171848303 -8.8887429237365705 -1.3827732801437376 -0.96703672409057606 -1.4433620572090147 -2.7217692136764522 2.0806654691696171 5.0000000000000009 -0.99952408671379078 0.30000001192092901 0.094904594123363509 0.94754043221473705 -1.4666632413864134 0.64909127354621898 -0.30191254615783686 -7.3809680938720694 -6.8235108852386466 -0.3454847633838653 -0.71795353293418873 15.000000000000002 0.20700977742671969 0.30000001192092901 0.11115273460745813 1.0000000180025095e-35 0.22178815305233004 0.86382728815078746 -8.1529335975646955 -0.0016800040029920635 0.18489995598793033
decision_type=2 2 2 2 2 2 2 2 2 2 2 2 2 2 2 2 2 2 2 2 2 2 2 2 2 2 2 2 2 2
left_child=6 3 -3 -2 15 -6 -1 8 -8 -5 11 16 -12 -10 -13 -4 -7 19 -19 28 25 24 23 -23 -22 -21 27 -27 -11 -30
right_child=1 2 4 9 5 10 7 -9 13 17 12 14 -14 -15 -16 -17 -18 18 -20 20 21 22 -24 -25 -26 26 -28 -29 29 -31
leaf_value=0.0037921054576782395 -0.0020206129757163347 0.0029488923409160509 -2.9280379550754115e-05 0.0031447031123153207 -0.004106650028335079 -0.0006566629918663522 0.0031466621404638417 -0.0020897856237486645 -0.0011889258980875145 -0.00079749592657060394 -0.00064366474376582915 -0.00071844553149408286 0.00065256977614417625 0.0010162331074455714 -0.0026055387201703323 0.0025681250926164103 0.001827291797932575 0.0026343866666639752 0.00028738781535041615 0.00025789685980418198 0.00039797708597392577 0.00025119473509950221 0.00018946090861603958 -0.0021180107497617349 0.0027019133175671395 0.00038309509776223946 -0.0011579189908912724 0.0029101228697718876 0.00043335332003126303 -0.0011977842589176648
leaf_weight=2725 5187 2168 5228 2014 2106 6545 3575 2228 3627 28299 45432 6324 13281 32675 13701 3350 3341 4433 6914 17501 14040 11757 47922 10717 4181 2859 2488 8875 33118 8984
leaf_count=2725 5187 2168 5228 2014 2106 6545 3575 2228 3627 28299 45432 6324 13281 32675 13701 3350 3341 4433 6914 17501 14040 11757 47922 10717 4181 2859 2488 8875 33118 8984
internal_value=5.17976e-05 -8.83186e-05 -0.000520504 0.000121246 -0.000596534 -0.000746332 0.0010229 0.000842818 0.00100715 0.000175775 -0.000666025 -0.00128526 -0.000350393 0.000795645 -0.00201024 0.000986904 0.000183794 0.000146033 0.00120582 8.29274e-05 0.000289252 7.03222e-05 -0.000151732 -0.000879029 0.000927832 0.000900611 0.00169077 0.00229526 -0.000269746 8.50887e-05
internal_weight=355595 310765 101476 209289 99308 90730 44830 42105 39877 204102 88624 29911 58713 36302 20025 8578 9886 202088 11347 190741 120340 88617 70396 22474 18221 31723 14222 11734 70401 42102
internal_count=355595 310765 101476 209289 99308 90730 44830 42105 39877 204102 88624 29911 58713 36302 20025 8578 9886 202088 11347 190741 120340 88617 70396 22474 18221 31723 14222 11734 70401 42102
is_linear=0
shrinkage=0.05


Tree=43
num_leaves=31
num_cat=0
split_feature=33 64 33 70 12 57 16 55 29 33 8 22 9 55 17 0 24 12 58 11 74 20 35 25 9 23 21 33 74 69
split_gain=24.169 14.2308 8.58592 7.46969 7.42432 6.86663 6.77885 6.77235 7.64513 6.64323 6.61591 7.8737 7.66762 7.56563 9.03645 9.05944 12.2835 7.51191 7.69846 12.5744 8.76014 9.91579 9.89474 8.22663 6.42582 6.19544 6.15278 6.08396 6.58308 6.02368
threshold=-0.5287283957004546 -0.50153654813766468 0.85357314348220836 -1.4211359024047849 -8.5188322067260724 0.90616664290428173 -0.18699309974908826 -1.911619961261749 -0.7137557566165923 -0.80407050251960743 1.0351492762565615 2.2979001998901372 2.2075076103210454 -0.13704256713390348 -0.63782629370689381 0.78608015179634105 1.218136787414551 -8.9979834556579572 0.41905479133129125 -0.79066434502601612 5.5000000000000009 1.9879089593887331 -0.036402836441993706 0.12956855446100238 0.97375261783599865 0.96260887384414684 0.95905241370201122 -0.17516894638538358 2.5000000000000004 0.2164857015013695
decision_type=2 2 2 2 2 2 2 2 2 2 2 2 2 2 2 2 2 2 2 2 2 2 2 2 2 2 2 2 2 2
left_child=1 9 3 4 -2 7 -7 8 -3 -1 12 -12 13 14 -5 27 -17 26 23 -20 21 -21 -22 -19 -4 -26 -15 -16 -29 -9
right_child=2 5 24 10 -6 6 -8 29 -10 -11 11 -13 -14 17 15 16 -18 18 19 20 22 -23 -24 -25 25 -27 -28 28 -30 -31
leaf_value=0.004419127221531983 -0.0040696362390843007 0.0004852580234412275 -0.0024933758769617349 -0.0014874481786126027 -0.00078998906987690076 -4.4082482774895657e-06 0.0036661803785480126 0.00096844120166821317 -0.0037643598959131151 0.0016547205205722608 -0.00089435279588391872 0.0018899701239100107 0.0027801981163625227 0.0008139152540148826 0.00048935055244048989 -0.0037722647335212351 -0.00037558109374546028 0.0025258111470611768 0.0028812423632786164 0.00039007326903942442 0.0014335194908829444 0.0031575364616006326 -0.0024910158294334989 -0.00025360560942888752 0.0016832247606426655 -0.0016634167825219847 0.0041064191972421836 -0.0012088031043269111 0.00022089109955821405 -0.0015852328380803879
leaf_weight=3954 2021 2201 6890 14939 11534 2050 3245 17941 2025 4855 35392 2726 2467 4454 38796 3766 9028 2740 5383 40680 2344 3507 5055 83492 2429 3184 2077 14939 17445 2641
leaf_count=3954 2021 2201 6890 14939 11534 2050 3245 17941 2025 4855 35392 2726 2467 4454 38796 3766 9028 2740 5383 40680 2344 3507 5055 83492 2429 3184 2077 14939 17445 2641
internal_value=-4.28229e-05 0.00113269 -0.000187932 -0.000134886 -0.00128161 0.000614977 0.00224775 0.000265713 -0.00155514 0.00289915 -8.11015e-05 -0.000694789 1.20783e-05 -1.54971e-05 -0.000354816 -0.000153167 -0.00137758 0.000208666 0.000132969 0.000583955 0.000343721 0.000610384 -0.00124747 -0.000165008 -0.00147142 -0.000214755 0.00186568 6.70739e-05 -0.000438808 0.000640153
internal_weight=354200 38912 315288 302785 13555 30103 5295 24808 4226 8809 289230 38118 251112 248645 98913 83974 12794 149732 143201 56969 51586 44187 7399 86232 12503 5613 6531 71180 32384 20582
internal_count=354200 38912 315288 302785 13555 30103 5295 24808 4226 8809 289230 38118 251112 248645 98913 83974 12794 149732 143201 56969 51586 44187 7399 86232 12503 5613 6531 71180 32384 20582
is_linear=0
shrinkage=0.05


Tree=44
num_leaves=31
num_cat=0
split_feature=33 5 63 72 55 55 35 24 20 74 69 12 11 33 43 30 33 55 11 27 12 30 31 17 27 43 30 22 30 44
split_gain=21.255 12.3579 9.79444 8.98613 8.67746 13.1671 7.66692 7.55867 7.30512 11.6807 10.5138 13.7679 9.43169 9.02962 7.62609 8.88974 7.15202 7.1418 6.71798 6.55336 6.37362 6.1796 6.04258 6.50464 9.25207 6.53093 6.1412 7.43477 5.81618 5.76511
threshold=-1.0478919744491575 -0.782903492450714 -0.21031018346548078 3.0000000000000004 0.41122882068157202 -0.40675543248653406 0.27456431090831762 3.220288991928101 1.0998161435127261 5.5000000000000009 -0.0016800040029920635 -8.4140920639038068 -1.6813881397247312 -0.068262178450822816 0.36666667461395269 0.46241682767868048 -0.0085756247863173467 1.2676910161972048 0.24984915554523471 -0.97730621695518483 -7.9716951847076407 -0.40962961316108698 -0.67068871855735768 -0.10102878138422965 -0.098853413015604005 0.83333334326744091 -0.81621348857879628 1.5079405307769778 -0.35228811204433436 0.31892126798629766
decision_type=2 2 2 2 2 2 2 2 2 2 2 2 2 2 2 2 2 2 2 2 2 2 2 2 2 2 2 2 2 2
left_child=19 3 7 -2 5 29 21 -3 10 14 11 -4 -12 -14 15 -10 -11 -15 -17 -1 -18 -7 -16 24 28 26 -26 -28 -24 -5
right_child=1 2 8 4 -6 6 -8 -9 9 16 12 -13 13 17 22 18 20 -19 -20 -21 -22 -23 23 -25 25 -27 27 -29 -30 -31
leaf_value=0.0051359411866814643 0.0028330339804906752 0.00014958560399978653 -0.0026773475253163651 0.00099731784644454722 0.0028060878748133082 -0.0016406058083952291 -0.0034102175692057551 0.0030503712088011448 -0.0013982749899019544 -0.00016804090811290437 0.0036001219211644489 -0.00018403163353681784 0.0015795549382650023 -0.00032699474981293846 -0.002573345472359686 -0.00092477479372863225 -0.0015986742373023004 0.0025008058983010746 0.0019065875729100444 0.0016515512066329662 -0.0041032258798033103 0.00085651603671277614 -0.0013600037488969898 -0.00060904462679357179 0.00044190650286759635 -0.00054642256586404558 0.0039315271763157777 0.0010499061257609236 0.0010232205095227381 -0.00035505368320845973
leaf_weight=2228 4099 91932 6955 33394 3562 5337 2880 2292 30896 3895 2276 27008 10433 29588 2377 4345 5911 2405 4028 3437 4474 4608 8332 25034 6487 4511 4385 4582 3685 10308
leaf_count=2228 4099 91932 6955 33394 3562 5337 2880 2292 30896 3895 2276 27008 10433 29588 2377 4345 5911 2405 4028 3437 4474 4608 8332 25034 6487 4511 4385 4582 3685 10308
internal_value=-6.89358e-06 -5.61072e-05 -0.000196899 0.000570778 0.000416011 0.000264933 -0.00114316 0.000220463 -0.000402141 -0.00065978 -3.22042e-05 -0.000695255 0.000471601 0.000302959 -0.000466217 -0.00100674 -0.00199586 -0.000113706 0.000437959 0.00302857 -0.00268058 -0.00048387 -0.000108731 -5.54737e-06 0.000466885 0.00112645 0.0016148 0.00246187 -0.000628947 0.000678325
internal_weight=355684 350019 285831 64188 60089 56527 12825 94224 191607 112942 78665 33963 44702 42426 98662 39269 14280 31993 8373 5665 10385 9945 59393 57016 31982 19965 15454 8967 12017 43702
internal_count=355684 350019 285831 64188 60089 56527 12825 94224 191607 112942 78665 33963 44702 42426 98662 39269 14280 31993 8373 5665 10385 9945 59393 57016 31982 19965 15454 8967 12017 43702
is_linear=0
shrinkage=0.05


Tree=45
num_leaves=31
num_cat=0
split_feature=33 63 27 57 31 43 32 30 25 55 57 24 57 19 12 11 40 7 57 17 5 12 35 24 55 45 0 71 31 29
split_gain=28.2798 16.1871 9.42713 9.651 8.48653 7.93347 10.1307 7.54125 8.80344 7.71028 6.68446 7.36621 7.44538 6.59642 6.10266 5.84718 8.41618 6.96922 5.59087 5.59061 5.47243 12.0216 7.69797 6.17442 6.09555 5.75183 5.1972 5.12325 5.1057 5.65188
threshold=-0.80407050251960743 -0.22229901701211927 0.63975647091865551 0.67082619667053234 -0.60062879323959339 0.36666667461395269 -0.035223042592406266 1.0577884912490847 0.76363500952720653 0.30114546418190008 0.73167681694030773 1.1982972621917727 -0.53976544737815846 0.99000588059425365 -8.4351935386657697 0.89633336663246166 0.91530275344848644 -0.77029263973236073 -0.66306141018867482 0.14791244268417361 -0.11613354459404944 -8.9019107818603498 0.27456431090831762 1.3655617237091067 -0.20484872907400128 0.2359670698642731 1.0000000180025095e-35 -0.45418503880500788 -0.21256200224161145 -0.18964911997318265
decision_type=2 2 2 2 2 2 2 2 2 2 2 2 2 2 2 2 2 2 2 2 2 2 2 2 2 2 2 2 2 2
left_child=10 4 3 15 27 6 -4 8 -5 -10 11 -1 -13 -7 -15 18 17 -17 28 -20 21 -6 23 -23 -24 -22 -19 -2 -3 -30
right_child=1 2 5 7 20 13 -8 -9 9 -11 -12 12 -14 14 -16 16 -18 26 19 -21 25 22 24 -25 -26 -27 -28 -29 29 -31
leaf_value=0.0043142272859881111 0.00083153848846640377 -0.0017010116604655344 0.00079483707090546765 0.00071355621038472479 -0.0034481180731356555 -0.00086830720943093214 -0.0020417913515022056 0.002726565406868726 -0.0023835050146962821 0.0001418432812065907 0.0044260597282238722 0.0028353272334844925 -9.0303514814617835e-05 0.0027966557383889705 -3.4755302715118863e-05 0.0019348248009754072 -0.0039310956975800683 -0.0020110205883110649 0.00023042330082800259 -0.00083226609123278914 0.0009993894441902415 -0.0003389183576472122 -2.1734623772928189e-05 0.0010118111893092289 -0.002758115100512543 -2.3603681412944598e-05 1.7733477679068566e-05 0.00293704042247433 0.00070801390306601429 -0.00097106048654743444
leaf_weight=2099 7798 10577 3725 31681 2646 24984 20132 3345 4950 7735 2681 3524 5652 2453 8370 2017 2483 8026 55273 15936 31721 16521 4163 17323 3972 24234 5199 4591 7865 13778
leaf_count=2099 7798 10577 3725 31681 2646 24984 20132 3345 4950 7735 2681 3524 5652 2453 8370 2017 2483 8026 55273 15936 31721 16521 4163 17323 3972 24234 5199 4591 7865 13778
internal_value=-2.01425e-05 -0.000110328 -0.000352354 -0.000161445 0.000379263 -0.00089256 -0.00159874 0.00044084 0.000267931 -0.000844711 0.00218516 0.00164887 0.00103513 -0.000421743 0.000608965 -0.000398644 -0.00123747 -0.000796374 -0.000254786 -7.48148e-06 0.000227087 -0.000185878 2.05185e-05 0.000352545 -0.00135955 0.000556408 -0.00121407 0.00161352 -0.000801178 -0.000360845
internal_weight=355454 341498 228529 168865 112969 59664 23857 47711 44366 12685 13956 11275 9176 35807 10823 121154 17725 15242 103429 71209 100580 44625 41979 33844 8135 55955 13225 12389 32220 21643
internal_count=355454 341498 228529 168865 112969 59664 23857 47711 44366 12685 13956 11275 9176 35807 10823 121154 17725 15242 103429 71209 100580 44625 41979 33844 8135 55955 13225 12389 32220 21643
is_linear=0
shrinkage=0.05


Tree=46
num_leaves=31
num_cat=0
split_feature=33 25 62 56 43 56 12 33 59 11 56 26 48 1 43 27 16 20 1 35 58 12 57 68 14 20 40 63 28 16
split_gain=21.8515 11.0961 8.5599 8.28628 8.00434 7.6448 13.2987 9.88651 13.4378 8.45818 13.0334 7.98481 7.53392 7.35423 8.12457 7.08273 6.90366 6.87625 6.67569 7.66894 9.64689 6.24696 5.95201 6.34213 5.90736 7.00569 5.8271 5.79974 5.55015 5.54015
threshold=-0.75725504755973805 0.84678876399993908 0.50833332538604747 0.52562427520751964 0.76666668057441723 -1.1675912141799925 -7.5021824836730948 -0.41229183971881861 0.65549999475479137 -0.57316380739212025 -0.63604721426963795 0.85806795954704296 -0.69463604688644398 0.86448577046394359 0.2333333417773247 -0.64897111058235157 -0.050331551581621163 1.9428492784500124 0.031620357185602195 -0.23336701095104215 0.61749723553657543 -8.9649415016174299 -0.81888571381568898 0.47316312789916998 -7.8003499507904044 0.87362489104270946 -0.69778382778167714 -0.043141748756170266 -1.4994766712188718 0.43242588639259344
decision_type=2 2 2 2 2 2 2 2 2 2 2 2 2 2 2 2 2 2 2 2 2 2 2 2 2 2 2 2 2 2
left_child=18 5 3 12 -4 6 17 8 11 10 15 16 -3 24 -15 -9 28 -2 19 20 22 -12 -1 -24 25 -11 -18 29 -7 -26
right_child=1 2 4 -5 -6 7 -8 9 -10 13 21 -13 -14 14 -16 -17 26 -19 -20 -21 -22 -23 23 -25 27 -27 -28 -29 -30 -31
leaf_value=0.0040738788409204144 -0.0011757811392317545 -0.0047453783452948758 0.00022205241056202151 -0.00044083142408611777 -0.0017780436725781453 0.0015048542600896025 0.00082659987782240018 0.00058206708432729333 0.0024841261029746277 -0.0013189928360455943 0.0034464104631515228 -0.0024636067404024561 -0.001693459214578706 -0.0022459763806534291 -0.0003873481799926855 -0.0026940017453806211 -0.00025489564875180943 -0.0039377045889973815 -0.00070466906488262184 0.00041018522046367637 0.0056320617288955375 0.00069519082834199704 0.0024998657232160864 -0.0010785012560649719 0.00081297447509008777 -7.1266774845600732e-05 0.0030372293083800106 -0.00014741528351056872 -0.0011400860457823499 -0.0018039346445755671
leaf_weight=2405 13878 2449 25080 12028 6238 2947 8289 2617 9861 15647 2147 2453 11544 7995 22168 4440 2031 2685 2374 4386 2461 47945 3066 2065 38282 39973 3956 45671 6015 2126
leaf_count=2405 13878 2449 25080 12028 6238 2947 8289 2617 9861 15647 2147 2453 11544 7995 22168 4440 2031 2685 2374 4386 2461 47945 3066 2065 38282 39973 3956 45671 6015 2126
internal_value=-1.26303e-05 -9.99095e-05 -0.000733749 -0.00140378 -0.000176772 2.93911e-05 -0.000807715 0.000110597 0.00101049 3.42817e-06 0.00053032 0.000174499 -0.0022306 -0.000171799 -0.000880577 -0.00148001 0.000608747 -0.00162562 0.00174928 0.00215453 0.00291865 0.000813776 0.00202625 0.00106044 -2.08723e-05 -0.000422451 0.00192186 0.000238627 -0.000269635 0.000674878
internal_weight=355222 338465 57339 26021 31318 281126 24852 256274 27263 229011 57149 17402 13993 171862 30163 7057 14949 16563 16757 14383 9997 50092 7536 5131 141699 55620 5987 86079 8962 40408
internal_count=355222 338465 57339 26021 31318 281126 24852 256274 27263 229011 57149 17402 13993 171862 30163 7057 14949 16563 16757 14383 9997 50092 7536 5131 141699 55620 5987 86079 8962 40408
is_linear=0
shrinkage=0.05


Tree=47
num_leaves=31
num_cat=0
split_feature=23 21 33 12 22 74 64 30 24 11 15 20 19 59 73 35 0 1 20 54 54 58 33 29 28 30 25 54 53 54
split_gain=20.6107 16.23 14.8467 14.1654 13.1571 8.92353 8.47194 7.87134 7.30989 8.26133 9.63315 10.9635 7.81657 7.23539 7.64252 9.33607 7.26231 7.05286 9.78294 6.96145 6.86578 6.74308 9.53566 7.95326 8.16497 7.91016 6.70101 6.68678 6.32637 6.27827
threshold=0.8814893662929536 0.99963867664337169 -0.80407050251960743 -8.7951369285583478 1.206465005874634 5.5000000000000009 -0.17152488231658933 1.1493369340896609 2.6185778379440312 0.77584707736969005 -7.9512474536895743 2.1838984489440922 0.31099063158035284 0.067500002682209029 19.500000000000004 -0.24833456426858899 0.57921260595321666 -0.022051915526390072 1.1838623881340029 -1.8282521367073057 1.1796693205833437 -0.65528935194015492 0.27114650607109075 -0.32908231019973749 -1.4557507634162901 -0.63677528500556935 0.88976579904556286 0.14900349825620654 -0.29513530433177942 0.42685368657112127
decision_type=2 2 2 2 2 2 2 2 2 2 2 2 2 2 2 2 2 2 2 2 2 2 2 2 2 2 2 2 2 2
left_child=2 4 -1 -3 -2 -6 7 26 9 13 12 -12 -11 -8 19 -16 -17 -10 -19 -15 -5 22 27 24 -23 -26 28 -21 -4 -29
right_child=1 3 6 20 5 -7 8 -9 17 10 11 -13 -14 14 15 16 -18 18 -20 21 -22 23 -24 -25 25 -27 -28 29 -30 -31
leaf_value=0.0018084572356216811 0.00041938171543173775 0.0038802127122989001 -3.6540936266695574e-05 0.00037869932060310757 -0.0015507702775427634 -0.0042458397482011169 -0.0012503425555934061 -0.0012817707295154684 -3.9354431570215081e-05 -0.0052182151044725842 -0.00068373593298794676 0.002789038666308993 -0.0010792117688137172 -0.0025245458615234325 0.0030595383854936874 0.0010277924944012598 -0.0019080152190691473 0.0046649590097120001 0.00053840656314174836 -0.00093373828018084221 -0.0024972137421939919 0.0023968535782672509 -0.0031459181697517215 -8.7003741418320124e-05 -0.0013401150734863555 0.0010226319849777604 0.0027767664150946162 0.0032364037059378829 0.00083461940260622634 -6.070797119361556e-05
leaf_weight=14101 8011 2583 31564 11394 27276 3457 9629 5762 6178 2010 37608 2409 2636 2642 4615 10727 2611 2593 3211 12394 2527 7445 3350 47433 4675 14520 3460 2167 61324 4286
leaf_count=14101 8011 2583 31564 11394 27276 3457 9629 5762 6178 2010 37608 2409 2636 2642 4615 10727 2611 2593 3211 12394 2527 7445 3350 47433 4675 14520 3460 2167 61324 4286
internal_value=6.15364e-05 -0.000825693 0.000225305 0.000487141 -0.00138491 -0.00185521 0.000146983 0.000511886 -5.64867e-05 -0.000140092 -0.00072461 -0.000474032 -0.00287723 6.63332e-05 0.000174917 0.00112369 0.00045209 0.00113689 0.00238684 2.61426e-06 -0.000144767 7.22238e-05 -0.000692013 0.0003013 0.000992456 0.00044678 0.000619276 -0.000254401 0.000538621 0.0010498
internal_weight=354598 55248 299350 16504 38744 30733 285249 102110 183139 171157 44663 40017 4646 126494 116865 17953 13338 11982 5804 98912 13921 96270 22197 74073 26640 19195 96348 18847 92888 6453
internal_count=354598 55248 299350 16504 38744 30733 285249 102110 183139 171157 44663 40017 4646 126494 116865 17953 13338 11982 5804 98912 13921 96270 22197 74073 26640 19195 96348 18847 92888 6453
is_linear=0
shrinkage=0.05


Tree=48
num_leaves=31
num_cat=0
split_feature=32 43 6 22 36 26 41 3 15 43 21 43 19 21 19 6 64 70 64 55 6 57 11 35 45 7 10 27 66 55
split_gain=26.4098 16.2493 11.5586 10.4662 9.88535 8.83108 7.67632 7.64031 7.46776 7.8114 12.2841 8.95408 10.5706 9.42882 8.9583 8.03003 7.16842 8.49072 7.29258 7.0903 8.23441 8.68557 8.01341 6.84978 6.65385 6.55124 6.12503 5.99785 5.78392 5.75816
threshold=-0.41312889754772181 1.0000000180025095e-35 1.5883265733718874 1.8659162521362307 -0.86653172969818104 -0.51967018842697132 1.0000000180025095e-35 -2.1725394725799556 -6.8366746902465811 0.30000001192092901 0.42269954085350042 0.83333334326744091 0.33349096775054937 0.66675320267677318 0.9816424846649171 0.4916361272335053 -0.54758515954017628 -0.38200205564498896 -0.19234839081764218 -0.21443118155002591 0.25819113850593572 0.43182469904422766 -0.67692077159881581 -0.45631743967533106 0.087994795292615904 0.77826741337776195 1.3310132622718813 -0.5570961833000182 -0.43791311979293818 0.66694992780685436
decision_type=2 2 2 2 2 2 2 2 2 2 2 2 2 2 2 2 2 2 2 2 2 2 2 2 2 2 2 2 2 2
left_child=1 -1 4 16 -2 28 -7 -5 9 10 29 14 -13 -14 -11 -15 27 18 -18 -12 -21 22 -22 -16 -25 -17 -10 -3 -4 -6
right_child=2 3 5 7 8 6 -8 -9 26 11 19 12 13 15 23 25 17 -19 -20 20 21 -23 -24 24 -26 -27 -28 -29 -30 -31
leaf_value=0.00456249810506158 -0.00073927978452701022 0.0030337546463583198 -0.004651603681494039 0.0047757838473287146 0.00022376649350286027 -0.0018971396186630144 0.00072421877560355143 0.0015009132938202142 0.0014901157565878173 0.00012815431425645534 -0.0020951983893667562 0.0010213567500907041 -0.0023541429555593765 0.00091172454636210686 0.0038740431691673127 -0.00023667321461182751 -0.0023476183564936637 0.00099700923604446098 -1.5461175207321683e-05 0.0003019621269983344 -0.0001322863103564056 1.106748092746009e-05 -0.0027110450663575354 0.0020009706636551525 0.00029146999366640609 -0.0036793581714797512 -0.0013757101330791027 -0.00016540535597320673 -0.0013856780156391206 0.0030036587255293525
leaf_weight=3041 50390 4362 2866 2282 22161 5878 5305 8072 13380 89655 10156 7398 9444 6724 2151 3406 4396 16150 14013 15078 4267 9184 10246 9121 15125 2317 2158 2202 2587 2024
leaf_count=3041 50390 4362 2866 2282 22161 5878 5305 8072 13380 89655 10156 7398 9444 6724 2151 3406 4396 16150 14013 15078 4267 9184 10246 9121 15125 2317 2158 2202 2587 2024
internal_value=4.33391e-06 0.00101683 -0.000179067 0.000806523 -0.000104105 -0.00145968 -0.000654082 0.0022266 3.27034e-05 -4.26488e-05 -0.000464154 0.000169413 -0.000611647 -0.00116373 0.000366572 -0.000259355 0.000448519 0.000160585 -0.000573344 -0.000919726 -0.000611383 -0.00119241 -0.00195347 0.00117598 0.00093512 -0.00163446 0.00109147 0.00196193 -0.00310756 0.000457556
internal_weight=355539 54518 301021 51477 284385 16636 11183 10354 233995 218457 73116 145341 29289 21891 116052 12447 41123 34559 18409 48931 38775 23697 14513 26397 24246 5723 15538 6564 5453 24185
internal_count=355539 54518 301021 51477 284385 16636 11183 10354 233995 218457 73116 145341 29289 21891 116052 12447 41123 34559 18409 48931 38775 23697 14513 26397 24246 5723 15538 6564 5453 24185
is_linear=0
shrinkage=0.05


Tree=49
num_leaves=31
num_cat=0
split_feature=32 63 33 12 66 7 11 13 0 74 0 13 4 46 46 4 43 51 31 73 6 32 28 56 40 17 57 65 70 14
split_gain=16.6154 13.3891 15.2448 17.7649 10.2122 8.31297 9.70827 7.64131 7.77595 7.46974 6.75337 10.314 7.67314 6.77262 6.66087 6.62676 8.40133 6.44349 7.08621 6.96542 5.61134 5.48918 5.9956 6.07898 6.21559 5.42414 5.61932 5.38576 5.35285 6.0849
threshold=-1.1145442724227903 -0.22229901701211927 0.055455731227993972 -9.3176007270812971 0.041745245456695564 1.2317262291908266 -0.47747690975666041 -8.9858884811401349 0.81643518805503856 5.5000000000000009 -0.033470351248979562 -8.1975235939025861 -0.94767451286315907 -1.4767073988914488 0.55439239740371715 0.13472746312618258 0.56666669249534618 0.29775649309158331 -0.3556085973978042 16.500000000000004 -0.89276501536369313 1.0479408502578738 1.2576035857200625 0.14079997688531878 -0.11753627657890318 -0.4132563173770904 0.17100743204355243 -0.022085614502429959 0.3389024436473847 -7.4639689922332755
decision_type=2 2 2 2 2 2 2 2 2 2 2 2 2 2 2 2 2 2 2 2 2 2 2 2 2 2 2 2 2 2
left_child=-1 17 7 -4 5 6 15 -3 10 -8 11 20 14 -12 -13 -5 -17 -2 -19 -20 -9 22 23 24 -6 26 -25 -21 -15 -30
right_child=1 2 3 4 21 -7 9 8 -10 -11 13 12 -14 28 -16 16 -18 18 19 27 -22 -23 -24 25 -26 -27 -28 -29 29 -31
leaf_value=0.0030901954817974357 0.00011420464975866432 -0.0027356669439620104 0.0038886038396346704 0.0017886263484642813 -0.0027665769375687919 -0.002197733867021164 -0.00096617743164936027 0.00051745140235709365 -0.0010076373517827716 -0.0027540447965143256 -0.0013781541845348088 0.0016881980366047142 -6.9317870998216924e-05 0.0013307812465238511 -0.001275606981186356 -0.0014180929027734074 0.0010814292221547103 0.0020103461821885838 -2.7823722858605416e-05 0.0027740469890460777 -0.0020472580780130979 -0.0018576068280393818 0.0018706073101975602 0.00010928422286231139 9.4386164548805639e-05 -0.00010068082384432386 0.0036998368364450059 0.00042561237048230853 0.00091408584952035177 -0.0024519990354232423
leaf_weight=4247 77409 2275 2078 4503 3734 13786 38930 2884 12226 6870 3105 12949 39177 29086 2213 8365 5607 10493 20255 4865 8139 3758 4402 2179 3850 14814 2171 4899 3591 2131
leaf_count=4247 77409 2275 2078 4503 3734 13786 38930 2884 12226 6870 3105 12949 39177 29086 2213 8365 5607 10493 20255 4865 8139 3758 4402 2179 3850 14814 2171 4899 3591 2131
internal_value=-1.47508e-05 -5.24342e-05 -0.000272284 -0.000681622 -0.000766025 -0.0010839 -0.000844689 0.000127593 0.000184222 -0.0012349 0.000325401 1.74344e-05 0.000300379 0.000856192 0.00125505 0.000122799 -0.000414972 0.000381623 0.000892444 0.000501148 -0.00137638 -5.51006e-05 0.000162884 -0.000118755 -0.001316 0.000355485 0.00190563 0.00159738 0.00105584 -0.00034161
internal_weight=354991 350744 232823 115047 112969 78061 64275 117776 115501 45800 103275 65362 54339 37913 15162 18475 13972 117921 40512 30019 11023 34908 31150 26748 7584 19164 4350 9764 34808 5722
internal_count=354991 350744 232823 115047 112969 78061 64275 117776 115501 45800 103275 65362 54339 37913 15162 18475 13972 117921 40512 30019 11023 34908 31150 26748 7584 19164 4350 9764 34808 5722
is_linear=0
shrinkage=0.05


Tree=50
num_leaves=31
num_cat=0
split_feature=5 2 22 36 8 41 3 28 56 57 43 32 69 56 21 55 3 55 56 32 55 9 23 22 39 67 41 14 28 64
split_gain=21.4282 11.8518 12.2391 11.8504 8.73128 7.27401 10.7059 8.11696 7.20033 6.86874 6.74353 9.4091 8.50467 8.64846 7.06696 6.78983 6.52296 6.75876 6.45506 10.2681 7.81894 6.39764 6.39671 6.16332 6.11889 5.75332 5.69232 6.30175 5.58869 5.47921
threshold=-0.782903492450714 0.65246525406837474 1.8491931557655337 -0.98107236623764027 0.77659696340560924 1.0000000180025095e-35 2.0114356279373173 1.2254300117492678 1.5311412215232851 0.89098829030990612 0.30000001192092901 -0.0041161077097058288 0.0014840105432085695 -0.62386596202850331 0.25936947762966162 0.67791575193405162 -2.1725394725799556 -1.911619961261749 -1.1675912141799925 -0.53625908493995655 -0.66482809185981739 0.33803667128086096 0.89226150512695324 1.1796219348907473 -0.97533303499221791 -0.7142421007156371 -0.60785761475563038 -7.1185526847839347 -0.88417023420333851 -0.51239675283431996
decision_type=2 2 2 2 2 2 2 2 2 2 2 2 2 2 2 2 2 2 2 2 2 2 2 2 2 2 2 2 2 2
left_child=1 2 18 22 9 6 8 21 24 10 11 23 -12 14 -14 -15 -4 -18 19 20 29 28 -2 -5 -6 -11 -20 -28 -7 -1
right_child=3 -3 16 4 5 7 -8 -9 -10 25 12 -13 13 15 -16 -17 17 -19 26 -21 -22 -23 -24 -25 -26 -27 27 -29 -30 -31
leaf_value=0.0036586381589839494 -0.00078062059184503499 -0.0012857716058979627 0.0047847864824692842 -0.00093307114084320716 0.0014950170085981623 -0.00020750105457497151 -0.0043740969610737692 0.0024605978601699085 0.001609004098149293 -0.00075888478279020216 -0.00031387766273889323 -0.0010698184946078238 0.00051453199497325964 0.0012088481563513388 -0.0031770779848852545 -0.00011934407280988361 -0.00031624377093674718 0.0025146441417844222 0.0021442653381421755 -0.0019290452642466713 -0.0014526587244612322 0.00017131302514400122 -0.0029337492110686238 0.0010205390056859151 -0.0013165547876186428 0.00096756268050080972 0.00025667228322301302 0.0025135397499732419 -0.003290121630266827 0.00074526813824051419
leaf_weight=2031 39060 6333 2219 6055 2090 2979 2318 2988 2693 5684 45716 30583 2604 33843 2567 13441 2788 8614 8681 5507 3317 17817 3776 12068 24891 31703 18494 3705 2896 7751
leaf_count=2031 39060 6333 2219 6055 2090 2979 2318 2988 2693 5684 45716 30583 2604 33843 2567 13441 2788 8614 8681 5507 3317 17817 3776 12068 24891 31703 18494 3705 2896 7751
internal_value=-1.29494e-05 0.000774801 0.000981757 -0.000204386 -6.91669e-05 -0.000600324 -0.00110861 9.35015e-06 -0.000852138 9.99837e-05 -5.40472e-05 -0.000534977 0.000184589 0.000618994 -0.00132066 0.000831349 0.00230847 0.00182277 0.000616188 -0.00011948 0.000642178 -0.000300705 -0.00097106 0.000367672 -0.00109829 0.000704956 0.00105934 0.000634304 -0.00173004 0.00135328
internal_weight=355212 69440 63107 285772 242936 58672 31992 26680 29674 184264 146877 48706 98171 52455 5171 47284 13621 11402 49486 18606 13099 23692 42836 18123 26981 37387 30880 22199 5875 9782
internal_count=355212 69440 63107 285772 242936 58672 31992 26680 29674 184264 146877 48706 98171 52455 5171 47284 13621 11402 49486 18606 13099 23692 42836 18123 26981 37387 30880 22199 5875 9782
is_linear=0
shrinkage=0.05


Tree=51
num_leaves=31
num_cat=0
split_feature=63 33 31 10 35 17 56 57 15 43 15 24 4 27 17 63 0 12 40 0 24 15 29 55 14 16 73 2 29 8
split_gain=21.7156 12.1283 10.9052 9.1038 8.70587 11.2736 12.3399 10.0549 8.0377 8.0292 7.30356 9.43671 7.22395 7.11586 7.0688 7.74231 6.95072 6.83177 9.56904 7.5401 6.80203 6.68676 7.28794 6.66654 7.24937 6.63389 6.61498 6.60588 8.07879 6.83524
threshold=-0.31483206152915949 0.88789600133895885 -0.3556085973978042 0.22089204937219623 0.2448966056108475 0.48359107971191412 1.0483167767524721 0.41114112734794622 -6.80702781677246 0.70000001788139354 -7.3154659271240225 1.489331901073456 1.3634068965911867 0.044410279020667083 0.13530049473047259 0.65565040707588207 -2.3229291439056392 -7.8147857189178458 0.49621178209781652 0.35770471394062048 1.681200444698334 -7.2436714172363272 -0.034856878221034997 0.71216177940368663 -8.1378617286682111 -0.093611534684896455 2.5000000000000004 -1.6974336504936216 -0.75559696555137623 -0.52153679728507985
decision_type=2 2 2 2 2 2 2 2 2 2 2 2 2 2 2 2 2 2 2 2 2 2 2 2 2 2 2 2 2 2
left_child=2 4 27 -3 7 6 12 8 17 20 11 -9 21 -13 15 -5 -4 -2 -19 -20 -8 22 23 24 -6 -24 -23 -1 29 -29
right_child=1 3 16 14 5 -7 9 10 -10 -11 -12 13 -14 -15 -16 -17 -18 18 19 -21 -22 26 25 -25 -26 -27 -28 28 -30 -31
leaf_value=0.0036630629025254571 5.7438274274976647e-05 -0.0042913817940633701 0.0031394046726383527 -0.00037938900900196947 -0.0032909086163401022 0.0014706739307558411 0.0012414254154736511 0.00095229201387068757 0.0015785501756969739 0.0027314168961773918 0.0015274351703237895 0.00021172003307943119 -0.0039254182049834625 -0.0019359270585542574 0.0012077479635505778 -0.0043998881303070033 0.00018771880546161792 -0.0011960194617750761 0.00096237822692297158 -0.0012991801599900807 -0.0017354677960154795 -0.0027091022913010533 -0.0011792172878897485 0.0014425630160407512 -0.00048674944978506317 -0.0028827432411097408 0.00026934020157406329 0.00090125326664357839 0.0016576907311803689 -0.0023061327454790346
leaf_weight=2910 55674 2918 2044 2827 2813 5987 4066 19597 5805 3481 15256 9196 2120 6631 2434 2070 68919 36072 11581 5394 3616 2128 13979 3400 12584 9687 14547 4439 20842 2641
leaf_count=2910 55674 2918 2044 2827 2813 5987 4066 19597 5805 3481 15256 9196 2120 6631 2434 2070 68919 36072 11581 5394 3616 2128 13979 3400 12584 9687 14547 4439 20842 2641
internal_value=-2.58061e-06 -0.000249983 0.000614371 -0.00193406 -0.000179056 -0.000612888 -0.000785314 2.68682e-05 -0.000232616 0.000743097 0.000613178 0.000219117 -0.00106391 -0.000688729 -0.000991194 -0.00208439 0.000273169 -0.000329457 -0.000735447 0.0002434 -0.000160265 -0.000960684 -0.00129379 -0.000558368 -0.00100087 -0.00187743 -0.000112153 0.00139934 0.00116219 -0.000296739
internal_weight=355658 253863 101795 10249 243614 78408 72421 165206 114526 11163 50680 35424 61258 15827 7331 4897 70963 108721 53047 16975 7682 59138 42463 18797 15397 23666 16675 30832 27922 7080
internal_count=355658 253863 101795 10249 243614 78408 72421 165206 114526 11163 50680 35424 61258 15827 7331 4897 70963 108721 53047 16975 7682 59138 42463 18797 15397 23666 16675 30832 27922 7080
is_linear=0
shrinkage=0.05


Tree=52
num_leaves=31
num_cat=0
split_feature=23 55 55 23 13 27 43 55 74 21 40 54 25 10 55 39 2 12 64 25 69 43 64 19 39 30 55 17 39 0
split_gain=13.815 10.1785 9.22574 9.20272 19.1207 8.15567 8.06331 11.1435 8.76999 8.75967 7.75866 8.54801 8.53984 7.91482 13.4219 11.8629 8.26435 7.67458 7.52172 7.93366 6.51076 7.23608 6.38813 6.3694 6.16738 6.04573 7.85853 6.34227 7.35993 6.96343
threshold=0.10913940891623498 -1.0000000180025095e-35 -0.52188307046890248 0.8814893662929536 -8.9348058700561506 -0.9859928786754607 1.0000000180025095e-35 0.55730995535850536 5.5000000000000009 0.88303709030151378 -0.27143786847591395 0.72568228840827953 0.84319430589675914 -0.34279537200927729 1.3660354614257815 -0.85034412145614613 -0.42196483910083765 -7.8026292324066153 -0.15161406993865964 0.55848458409309398 0.19839625805616382 0.83333334326744091 1.2632048130035403 0.048647258430719383 0.22069533914327624 -0.59662082791328419 -0.97191911935806263 -0.22191984206438062 -0.20363981276750562 0.072682797908782973
decision_type=2 2 2 2 2 2 2 2 2 2 2 2 2 2 2 2 2 2 2 2 2 2 2 2 2 2 2 2 2 2
left_child=1 2 5 10 -5 17 -6 9 20 -8 11 12 25 -12 15 -15 -17 -1 19 -13 -9 -22 -18 -7 -10 27 -27 29 -29 -2
right_child=3 -3 -4 4 6 23 7 8 24 -11 13 18 -14 14 -16 16 22 -19 -20 -21 21 -23 -24 -25 -26 26 -28 28 -30 -31
leaf_value=0.00098223822439464118 -0.0013950892189028856 0.0038744780114992935 -0.0010836709545020537 0.0039168140466025181 -0.0031709188014927593 -0.00031177623366816212 -0.00093188914225795713 -0.0014928062448803616 -0.0046555449532856901 0.0019386281272816019 0.0007434345899639289 0.0042312024326106321 -0.0021960281272027974 0.00088298149222208711 0.0027034484109682414 0.00035566081472168909 -0.0009557655860069408 0.0042729916653971734 -4.8466581537588672e-07 0.00051055320793327169 0.00033131674070727829 -0.0026699183915894959 0.0012794172155698655 0.0012085166833115059 -0.0010107725774548158 -0.0016581222597260839 0.00016534893689244194 -0.0047335723644332519 -0.00085080434277404822 0.00043985284749289294
leaf_weight=3960 12498 2563 6581 2142 3605 11855 4682 17929 2761 6123 51167 2486 7174 21517 4306 22004 47247 3208 15895 3371 13737 2342 3420 16427 2009 6806 44373 2243 2675 8807
leaf_count=3960 12498 2563 6581 2142 3605 11855 4682 17929 2761 6123 51167 2486 7174 21517 4306 22004 47247 3208 15895 3371 13737 2342 3420 16427 2009 6806 44373 2243 2675 8807
internal_value=-1.48127e-06 0.000821489 0.000634444 -0.000119388 -0.000704056 0.000953614 -0.00089085 -0.000724469 -0.00112008 0.00069507 7.00607e-06 -0.000319552 -0.0005469 0.000239018 -2.30719e-05 -0.000147994 -0.000453333 0.0024589 0.000564266 0.0020943 -0.000837924 -0.000107218 -0.000804669 0.000571369 -0.00312579 -0.000393787 -7.74205e-05 -0.00101097 -0.00262767 -0.000636716
internal_weight=355913 44594 42031 311319 55330 35450 53188 49583 38778 10805 255989 106328 84576 149661 98494 94188 72671 7168 21752 5857 34008 16079 50667 28282 4770 77402 51179 26223 4918 21305
internal_count=355913 44594 42031 311319 55330 35450 53188 49583 38778 10805 255989 106328 84576 149661 98494 94188 72671 7168 21752 5857 34008 16079 50667 28282 4770 77402 51179 26223 4918 21305
is_linear=0
shrinkage=0.05


Tree=53
num_leaves=31
num_cat=0
split_feature=34 33 30 2 36 12 0 19 36 60 48 35 28 43 32 17 5 11 19 12 67 27 11 7 15 61 43 26 27 65
split_gain=19.8881 9.73551 9.54083 8.54185 8.28704 15.627 7.71215 6.81856 8.65346 6.57598 7.99161 6.38175 6.8763 6.21344 10.9237 11.8381 8.68303 6.36738 6.22727 8.71076 10.4229 8.54666 6.81783 6.36316 6.55755 6.14289 6.2496 6.25723 5.98691 5.93985
threshold=-0.65018880367279042 0.92653223872184765 0.36634783446788793 -0.86078456044197071 -0.99895831942558277 -8.4578080177307111 -2.2076979875564571 0.99000588059425365 -0.031009615398943421 0.2950000017881394 -0.28207416832447046 0.22612141072750094 -1.5756351351737974 1.0000000180025095e-35 -0.092945229262113557 0.13530049473047259 -0.089397761970758424 0.42573145031929022 0.98437988758087169 -8.7503933906555158 -0.40900522470474238 0.79291602969169628 1.7854241132736208 -1.1115770339965818 -6.80702781677246 0.43333333730697637 0.30000001192092901 0.67413419485092174 0.74439099431037914 -0.023516019806265828
decision_type=2 2 2 2 2 2 2 2 2 2 2 2 2 2 2 2 2 2 2 2 2 2 2 2 2 2 2 2 2 2
left_child=2 4 9 -4 5 11 -6 8 -3 10 -1 12 -2 14 17 16 -16 -8 21 20 -20 23 -23 -15 -25 -21 29 -28 -7 -27
right_child=1 7 3 -5 6 28 13 -9 -10 -11 -12 -13 -14 18 15 -17 -18 -19 19 25 -22 22 -24 24 -26 26 27 -29 -30 -31
leaf_value=0.002874412731781747 0.0002055251207482102 -2.6534928112375342e-05 0.0021058677817943888 -0.0012400063042175965 0.0027276244007266004 4.4959038262736784e-05 0.0021317600994482091 2.8831054094709735e-05 -0.0040271053651373852 0.0030911148814550165 -0.0015797430403659809 -0.0045798463184965298 -0.0029736708675830964 0.0012914179450388098 -0.0051576786281108504 0.0011265740173462665 -0.0016648513735961633 -0.0012991212301346304 0.0040827946525555953 -0.00066780064805325415 4.4148624955523839e-05 -0.0010196989306902327 0.0018144788536478983 -4.3165632804950222e-05 0.0012244521615537472 0.00097352028430090971 0.00086827350569560575 0.0035187381438701948 -0.001588837224946886 -0.0015687942692905164
leaf_weight=2008 2898 2039 3221 4647 2693 36165 3814 3776 4001 8949 2001 2554 4103 10869 2376 2847 7071 2084 3654 10877 2833 27248 2292 151326 10930 4315 19158 2512 6626 4892
leaf_count=2008 2898 2039 3221 4647 2693 36165 3814 3776 4001 8949 2001 2554 4103 10869 2376 2847 7071 2084 3654 10877 2833 27248 2292 151326 10930 4315 19158 2512 6626 4892
internal_value=5.72106e-06 -8.77839e-05 0.00150443 0.000130661 -4.07798e-05 -0.000616795 7.01773e-05 -0.0016383 -0.00267886 0.00233783 0.000652824 -0.00244389 -0.00165926 4.34825e-05 -0.000848529 -0.00169672 -0.00254785 0.000919345 0.000108189 0.000618684 0.00232182 -1.33499e-05 -0.000799256 0.000120786 4.22947e-05 0.000353587 0.00071349 0.001177 -0.000208339 -0.000377537
internal_weight=354779 333953 20826 7868 324137 52346 271791 9816 6040 12958 4009 9555 7001 269098 18192 12294 9447 5898 250906 48241 6487 202665 29540 173125 162256 41754 30877 21670 42791 9207
internal_count=354779 333953 20826 7868 324137 52346 271791 9816 6040 12958 4009 9555 7001 269098 18192 12294 9447 5898 250906 48241 6487 202665 29540 173125 162256 41754 30877 21670 42791 9207
is_linear=0
shrinkage=0.05


Tree=54
num_leaves=31
num_cat=0
split_feature=23 43 63 58 33 55 19 67 3 6 17 55 11 17 41 30 72 63 26 71 24 57 30 33 3 21 65 16 21 55
split_gain=15.1434 12.9691 10.0813 9.77429 8.70735 8.19018 8.49364 9.00662 8.01147 7.14199 11.2675 8.12999 10.3618 8.82005 8.67182 10.2704 8.02645 8.31716 7.62952 7.08477 6.98816 8.51207 7.7003 6.57385 7.27057 6.40053 6.36588 6.34407 6.32095 7.13651
threshold=0.10913940891623498 0.2333333417773247 -0.31483206152915949 -1.0462493300437925 -0.5287283957004546 -0.67705264687538136 0.0071987695991992959 -0.37975281476974482 -1.7743308544158933 2.0109090805053715 0.13530049473047259 -0.027188048698008057 -0.5857504904270171 -0.71250662207603443 -0.60785761475563038 0.8879651427268983 7.0000000000000009 0.98927342891693126 -3.4570351839065547 -0.66954782605171193 1.3455470204353335 -1.168648838996887 -0.49657911062240595 0.021161660552024845 0.57641607522964489 0.12911541014909747 -0.1099201627075672 -0.44094912707805628 0.76501801609992992 0.42151631414890295
decision_type=2 2 2 2 2 2 2 2 2 2 2 2 2 2 2 2 2 2 2 2 2 2 2 2 2 2 2 2 2 2
left_child=1 4 3 -2 -1 6 -3 -8 -9 11 -11 13 18 26 27 -16 19 -18 -13 -14 -5 -22 -23 -21 -25 -24 -4 -15 29 -19
right_child=2 5 9 20 -6 -7 7 8 -10 10 -12 12 16 14 15 -17 17 28 -20 23 21 22 25 24 -26 -27 -28 -29 -30 -31
leaf_value=0.0034488843480026763 0.0020743867768932877 -0.0004091049898537017 0.0003158049043734258 -0.00035929973284645192 0.00066056905020236826 -0.00096921493717404663 0.0029735264525073916 0.0032360271818128784 -0.00027273183285087308 -0.0034787495788748501 0.00095047417707842883 0.0035207923491529002 -0.0039007676029293504 0.00226334129147732 -0.00096250292722145983 0.0012839672025204234 -0.00023469880918859797 -0.00021918379166624663 0.00058483189963142389 0.00083390375184210375 0.0035921657992668086 -0.00027753053678127569 0.003613290120450001 -0.0030938386200196535 -0.00020689308740892196 0.0007957600727261238 -0.0027510442822130179 2.8907764364012107e-05 -0.00013335641866290174 0.0032433085545499883
leaf_weight=6974 7695 8617 2202 31925 4683 8287 6462 2104 7054 4077 2208 2378 2209 4021 50024 5655 76201 2161 30284 4018 2259 19672 2223 4229 4495 20853 7269 14990 5272 4761
leaf_count=6974 7695 8617 2202 31925 4683 8287 6462 2104 7054 4077 2208 2378 2209 4021 50024 5655 76201 2161 30284 4018 2259 19672 2223 4229 4495 20853 7269 14990 5272 4761
internal_value=3.39677e-05 0.000900074 -8.90653e-05 0.000376521 0.00233025 0.000386922 0.000850814 0.00154568 0.000536037 -0.000263066 -0.00192367 -0.000215577 2.34368e-05 -0.000601791 -0.000419372 -0.000734152 -0.00022192 -4.0643e-05 0.000799601 -0.00129294 0.000206447 0.000607741 0.000449227 -0.000838133 -0.00160829 0.00106863 -0.00203842 0.000502452 0.00117122 0.00216359
internal_weight=355262 44181 311081 84627 11657 32524 24237 15620 9158 226454 6285 220169 136008 84161 74690 55679 103346 88395 32662 14951 76932 45007 42748 12742 8724 23076 9471 19011 12194 6922
internal_count=355262 44181 311081 84627 11657 32524 24237 15620 9158 226454 6285 220169 136008 84161 74690 55679 103346 88395 32662 14951 76932 45007 42748 12742 8724 23076 9471 19011 12194 6922
is_linear=0
shrinkage=0.05


Tree=55
num_leaves=31
num_cat=0
split_feature=3 23 72 40 27 41 8 28 12 58 40 11 7 74 71 3 15 26 24 74 22 14 52 51 11 11 21 34 40 56
split_gain=15.6325 12.0511 11.8327 11.625 8.81777 8.81711 9.21585 9.42997 7.44627 7.39447 7.16477 7.15771 9.63013 7.07459 8.25128 7.52493 6.86712 6.65458 6.4718 6.44943 7.82811 6.6141 6.5817 8.52958 6.20137 6.18359 6.01098 5.67922 8.45584 6.36479
threshold=-2.479107022285461 0.74844118952751171 19.000000000000004 -0.99655601382255543 -0.92518308758735646 0.6078576147556306 1.1580391526222231 -1.6853069067001341 -8.8474974632263166 0.40013505518436437 0.71629512310028087 0.25897130370140081 -1.6481161117553709 2.5000000000000004 -0.17665785551071164 1.1546955704689028 -7.710862159729003 1.5893267393112185 1.8497140407562258 5.5000000000000009 1.1833612918853762 -7.4463069438934317 1.1385099887847903 0.52511683106422435 -0.62407359480857838 0.39387084543704992 0.90798914432525646 -0.48634786903858179 0.54096934199333202 -1.3070801496505735
decision_type=2 2 2 2 2 2 2 2 2 2 2 2 2 2 2 2 2 2 2 2 2 2 2 2 2 2 2 2 2 2
left_child=-1 3 5 16 -4 6 7 -3 -6 10 -9 13 -13 24 15 17 -2 27 -7 20 21 -10 -22 -24 -5 -8 -17 28 29 -15
right_child=1 2 4 11 8 18 25 9 19 -11 -12 12 -14 14 -16 26 -18 -19 -20 -21 22 -23 23 -25 -26 -27 -28 -29 -30 -31
leaf_value=0.00314184419046177 -0.00011108222045942175 -0.0031515814588946988 0.0028225003169759701 -0.00068994489831875267 0.0017535948415471983 0.0010469971641116928 -0.0051061429172614007 -0.002357540394551137 0.00011434043047991335 0.00083473258843888218 0.00099729497115282604 0.0029534480559645976 -0.00023777833474748585 -0.0010729504417421858 -0.0013635563308652164 0.00056043162262596133 0.0034179061181063629 -0.0018260934088204996 -0.0016337926646744589 -0.0016850798383291178 -0.00070071112823323059 0.0025542442619587444 -0.00027426570243556814 0.0035421859854365481 0.0003576185937704675 -0.0017726067544149269 -0.0031308011886378804 0.0008381839482466928 0.0043610843115357255 0.0020801036745117735
leaf_weight=4078 2001 4504 2568 21663 4721 6246 2848 6121 7515 5845 2143 2413 97204 2175 4542 2345 4417 2081 3507 7431 35730 4397 4288 2212 40569 2742 2068 57695 2953 5995
leaf_count=4078 2001 4504 2568 21663 4721 6246 2848 6121 7515 5845 2143 2413 97204 2175 4542 2345 4417 2081 3507 7431 35730 4397 4288 2212 40569 2742 2068 57695 2953 5995
internal_value=6.77744e-05 3.19644e-05 -0.000423172 0.000220576 -4.64706e-05 -0.00118687 -0.00169815 -0.00116231 -0.000158014 -0.000525501 -0.00148742 0.000164758 -0.000160189 0.000392575 0.000704005 0.000828862 0.00231918 0.000953582 8.23482e-05 -0.000304844 -0.00011513 0.00101635 -0.000434457 0.00102795 -7.09121e-06 -0.00347707 -0.0011725 0.00103789 0.00207208 0.00124042
internal_weight=355017 350939 102818 248121 68862 33956 24203 18613 66294 14109 8264 241703 99617 142086 79854 75312 6418 70899 9753 61573 54142 11912 42230 6500 62232 5590 4413 68818 11123 8170
internal_count=355017 350939 102818 248121 68862 33956 24203 18613 66294 14109 8264 241703 99617 142086 79854 75312 6418 70899 9753 61573 54142 11912 42230 6500 62232 5590 4413 68818 11123 8170
is_linear=0
shrinkage=0.05


Tree=56
num_leaves=31
num_cat=0
split_feature=23 72 63 23 72 16 66 55 4 67 8 41 27 34 15 73 31 54 40 43 56 56 6 31 5 45 45 8 9 54
split_gain=14.4051 11.8801 9.27579 8.16453 10.2632 8.38839 9.16893 7.82004 11.2295 7.6553 7.32791 6.86362 8.67156 8.65557 6.46389 6.73229 6.34977 6.31932 9.1663 6.05886 13.3606 12.4041 8.2954 8.13373 7.35439 6.12097 6.05435 5.93803 6.13067 5.77032
threshold=0.12541662156581881 3.0000000000000004 -0.087870743125677095 0.80776149034500133 11.000000000000002 -0.63822844624519337 -0.29833653569221491 0.22393541783094409 -0.86801937222480763 -0.71901673078536976 0.42121641337871557 0.6078576147556306 -0.57631853222846974 -0.22895252704620359 -7.8697781562805167 4.5000000000000009 -0.17840769886970517 0.44751293957233435 0.63943293690681469 0.43333333730697637 0.39947396516799932 0.36851415038108831 -0.032774688675999634 -0.34980066120624537 0.37611721456050878 0.34468063712120062 0.83775228261947643 0.50075510144233715 1.0530599951744082 1.3956828713417055
decision_type=2 2 2 2 2 2 2 2 2 2 2 2 2 2 2 2 2 2 2 2 2 2 2 2 2 2 2 2 2 2
left_child=1 -1 19 7 27 -6 -7 10 -9 -10 14 13 -13 -11 15 -4 -15 -18 -19 20 -2 23 -22 -21 -24 -23 29 -5 -29 -25
right_child=2 -3 3 4 5 6 -8 8 9 11 -12 12 -14 16 -16 -17 17 18 -20 21 22 25 24 26 -26 -27 -28 28 -30 -31
leaf_value=0.0036945271850163299 0.00036462770042480498 0.00059511447547879565 -0.0034974687933640226 -0.00084592227659265832 0.001374744044185854 -0.001531683173719608 -3.6431648659830096e-07 0.0028794376354026457 -0.0019823651681900104 0.0038685177672357616 -0.0011460021069291892 0.0018680895225311257 -0.0014760393667319028 -0.00095292053923279893 0.0001591658531982755 -0.00053140670644020733 0.00022167323262775926 0.0033899157111870176 -0.00037397370324754087 0.0012029235374497 -0.0024656954115206257 0.0020567698872582759 0.0014944594302218617 -0.00092992210417578043 -0.0012406418681333107 0.00051880531964347337 0.0013146187375956541 -0.0043827158063397082 -0.0011454323752202991 0.0017745725821546648
leaf_weight=3304 40025 46235 2442 4552 5178 19518 19573 4167 3783 2131 24067 2532 8163 5414 45591 8728 10607 4841 2424 10324 8016 14787 3614 23950 7629 11511 4304 4050 2300 2140
leaf_count=3304 40025 46235 2442 4552 5178 19518 19573 4167 3783 2131 24067 2532 8163 5414 45591 8728 10607 4841 2424 10324 8016 14787 3614 23950 7629 11511 4304 4050 2300 2140
internal_value=1.15659e-05 0.000802533 -0.000116357 -0.000346769 -0.000853275 -0.000514593 -0.000765143 -0.000122966 0.000412845 0.000154554 -0.00041507 0.000378899 -0.000683324 0.000825956 -0.000105003 -0.0011824 0.000545978 0.00100032 0.00213529 0.000212135 -0.000156055 0.000537819 -0.00123779 -8.92078e-06 -0.000360912 0.00138403 -0.000420811 -0.0022268 -0.0032138 -0.000707494
internal_weight=355900 49539 306361 180061 55171 44269 39091 124890 44062 39895 80828 36112 10695 25417 56761 11170 23286 17872 7265 126300 59284 67016 19259 40718 11243 26298 30394 10902 6350 26090
internal_count=355900 49539 306361 180061 55171 44269 39091 124890 44062 39895 80828 36112 10695 25417 56761 11170 23286 17872 7265 126300 59284 67016 19259 40718 11243 26298 30394 10902 6350 26090
is_linear=0
shrinkage=0.05


Tree=57
num_leaves=31
num_cat=0
split_feature=32 32 23 36 32 19 23 62 55 13 32 43 26 16 57 10 59 12 70 35 22 59 0 20 69 43 2 26 11 40
split_gain=18.2142 9.61769 8.25041 13.023 9.14319 9.83452 9.47017 11.8368 11.1101 9.37608 8.77763 8.16845 8.11113 7.98991 8.41018 7.67605 7.60847 7.47675 8.72233 7.19087 8.28216 7.02932 6.90164 6.47194 8.10565 9.16154 5.98805 5.82686 6.90439 5.72451
threshold=-1.2316720485687254 1.0479408502578738 0.12963841855525973 -0.91643390059471119 -0.46911935508251185 0.98437988758087169 0.93329760432243358 0.27500000596046453 1.4227217435836794 -8.4884204864501935 0.22910977154970172 0.30000001192092901 0.67413419485092174 0.2578065842390061 -0.14746960252523419 -0.14693409204483029 0.057499999180436141 -7.3908905982971183 -0.96954676508903492 -0.4064848124980926 1.8929822444915774 0.62950000166893016 1.9388297796249392 1.3444216251373293 0.44471722841262823 0.16666667163372043 0.22023274004459384 -1.2223408818244932 -0.22551973164081571 0.93512630462646495
decision_type=2 2 2 2 2 2 2 2 2 2 2 2 2 2 2 2 2 2 2 2 2 2 2 2 2 2 2 2 2 2
left_child=-1 2 3 13 17 6 7 -6 16 10 -7 -8 19 14 -2 -12 -9 18 -4 -5 -21 -14 29 27 25 -25 -13 28 -11 -18
right_child=1 -3 4 12 5 9 11 8 -10 23 15 26 21 -15 -16 -17 22 -19 -20 20 -22 -23 -24 24 -26 -27 -28 -29 -30 -31
leaf_value=0.003932629607912675 0.00040271347248609351 -0.0021852339201284786 -0.0019415444808288521 0.0026811136857605774 -0.0037577835061211821 -0.00048276121234608652 -0.0030447717202925426 -0.0015664197570466249 0.0014122764948180284 0.0013051982178482583 0.0055227559867031713 -0.0024616192880268055 -0.0017994644905367074 0.0021553231290928946 -0.0022060300186250012 0.0016539195960007696 -0.00010796815553991629 0.0024274263162240286 0.00099554341489990999 0.00053913542680654241 0.0037828004317813262 0.0015571335343395455 -0.0028204509509413855 -0.0044834124710955011 0.00059554521237221731 -0.00079171744262680483 1.5943957986223145e-05 0.0014625165723073682 -0.0008419525589617562 -0.00098537484323241013
leaf_weight=2822 5166 5400 3366 8392 2411 2548 5714 11560 9674 6013 2008 3487 4003 2113 7666 3553 161952 5632 10052 16682 2222 2542 2555 2125 7495 7926 8059 11110 9885 20991
leaf_count=2822 5166 5400 3366 8392 2411 2548 5714 11560 9674 6013 2008 3487 4003 2113 7666 3553 161952 5632 10052 16682 2222 2542 2555 2125 7495 7926 8059 11110 9885 20991
internal_value=-6.12032e-05 -9.33052e-05 -6.06795e-05 0.000542021 -0.000159325 -0.000231682 -0.000374835 -0.000281897 -0.00024118 0.0003837 0.00194641 -0.00150017 0.0010848 -0.000686947 -0.00115629 0.00305831 -0.000322419 0.000900212 0.000257857 0.00146375 0.000922198 -0.000495415 -0.000244815 9.89068e-05 -0.00064853 -0.0015759 -0.000733786 0.000584546 -2.95393e-05 -0.000208691
internal_weight=355124 352302 346902 48786 298116 279066 226403 209143 206732 52663 8109 17260 33841 14945 12832 5561 197058 19050 13418 27296 18904 6545 185498 44554 17546 10051 11546 27008 15898 182943
internal_count=355124 352302 346902 48786 298116 279066 226403 209143 206732 52663 8109 17260 33841 14945 12832 5561 197058 19050 13418 27296 18904 6545 185498 44554 17546 10051 11546 27008 15898 182943
is_linear=0
shrinkage=0.05


Tree=58
num_leaves=31
num_cat=0
split_feature=23 55 43 0 4 20 59 49 55 73 39 6 60 30 73 32 12 9 6 43 19 58 29 61 49 19 12 12 56 55
split_gain=16.1581 13.9068 9.76927 17.564 10.3642 9.707 8.46208 8.00802 7.15598 7.08204 7.01536 6.32955 6.20538 6.1888 5.79902 5.59212 5.55382 5.22191 6.59841 5.07393 5.71323 4.95691 4.92094 4.83038 4.80459 4.69077 9.07515 8.80419 6.21986 7.26686
threshold=0.09692318364977838 -1.0000000180025095e-35 0.10000000521540643 0.33849903941154486 -0.62039160728454579 1.1648694276809695 0.30249999463558203 -0.17939980328083036 -0.39696516096591944 16.500000000000004 -0.32968752086162562 -1.0039088129997251 0.30500000715255743 -0.30267997086048121 10.500000000000002 -0.50489935278892506 -7.7965457439422599 -0.19470997154712674 -0.34411443769931788 0.2333333417773247 0.010313955135643484 0.39022636413574224 -0.027704400941729542 0.43333333730697637 -0.088806729763746248 0.90702003240585338 -8.7717857360839826 -8.4246358871459943 0.37894915044307714 -0.57539942860603321
decision_type=2 2 2 2 2 2 2 2 2 2 2 2 2 2 2 2 2 2 2 2 2 2 2 2 2 2 2 2 2 2
left_child=1 6 3 4 21 24 7 -1 13 25 15 -9 -7 19 -6 -11 17 18 -17 -8 -21 -2 -12 -18 -5 26 -4 -27 -29 -30
right_child=2 -3 9 5 14 12 8 11 -10 10 22 -13 -14 -15 -16 16 23 -19 -20 20 -22 -23 -24 -25 -26 27 -28 28 29 -31
leaf_value=0.00098288161677070169 0.00065619497831446896 0.0049147560353777426 -0.0017602989307510955 0.0014200397947894308 -0.0013786855580066753 -0.0012137939495753219 0.0025553329343486119 -0.00015658499643001931 -0.001212772164927512 0.0025256977783108445 -0.0015578441158154651 -0.0034906876009859287 -0.0040208664649144625 0.002400676385026891 0.00023760690726542068 0.0043928322302123146 -0.00079599872103818133 0.00060148472672104543 0.0012892208962605256 -0.0011593120548741289 0.0012655725266056083 0.0036920926906650769 0.00029709947287628527 0.00050512210698742596 -0.001694775042533416 0.0015681532953697626 -0.00014600714764221822 0.00095727687822668307 -0.0031313934607777542 -0.00019433079060215464
leaf_weight=5665 3276 2151 9310 2074 10274 2870 3124 3148 2604 3820 6545 2590 6340 11254 12049 2316 9646 16630 6550 4176 5778 2277 7860 27295 3041 10879 132247 11252 2281 26105
leaf_count=5665 3276 2151 9310 2074 10274 2870 3124 3148 2604 3820 6545 2590 6340 11254 12049 2316 9646 16630 6550 4176 5778 2277 7860 27295 3041 10879 132247 11252 2281 26105
internal_value=7.1766e-05 0.00101185 -4.9125e-05 -0.000756975 -2.55694e-05 -0.00217926 0.000791657 -0.000349814 0.00127483 6.04258e-05 0.000453563 -0.00166498 -0.0031484 0.00154145 -0.000506564 0.000670973 0.000557111 0.00112459 0.00210399 0.000800784 0.000248119 0.00190546 -0.000546202 0.000165251 -0.000431492 -0.000104688 -0.000252294 0.000308894 -3.70288e-05 -0.000431363
internal_weight=355427 40490 314937 42201 27876 14325 38339 11403 26936 272736 80662 5738 9210 24332 22323 66257 62437 25496 8866 13078 9954 5553 14405 36941 5115 192074 141557 50517 39638 28386
internal_count=355427 40490 314937 42201 27876 14325 38339 11403 26936 272736 80662 5738 9210 24332 22323 66257 62437 25496 8866 13078 9954 5553 14405 36941 5115 192074 141557 50517 39638 28386
is_linear=0
shrinkage=0.05


Tree=59
num_leaves=31
num_cat=0
split_feature=32 34 10 36 11 28 28 15 57 59 31 8 74 27 59 63 36 15 36 20 12 37 36 40 20 41 12 62 61 25
split_gain=10.6629 9.06517 8.78956 8.45712 7.17296 9.98077 9.7792 9.59645 7.96481 7.4052 9.97708 7.14339 6.9988 6.83738 6.80904 7.93297 7.08754 6.86652 6.73341 8.01963 6.82128 11.2765 8.26091 6.6827 8.48324 6.20878 6.0494 5.95575 5.91397 5.84431
threshold=-0.91931161284446705 0.58906403183937084 0.38470867276191717 -0.90886017680168141 0.21156261861324313 -1.7012130618095396 -1.4111525416374204 -7.9148595333099356 0.93543586134910595 0.19449999928474429 0.3772768378257752 1.0685447454452517 2.5000000000000004 0.42354507744312292 0.85449999570846569 1.2252664566040041 -0.7905372381210326 -7.7393510341644278 0.92870518565177929 1.4872967004776003 -8.4466261863708478 -0.35745644569396967 0.14093536138534549 0.91878247261047374 1.2965889573097231 0.87837970256805431 -9.0352020263671857 0.4083333313465119 0.43333333730697637 0.65037265419960033
decision_type=2 2 2 2 2 2 2 2 2 2 2 2 2 2 2 2 2 2 2 2 2 2 2 2 2 2 2 2 2 2
left_child=3 4 -3 -1 5 -2 7 -6 23 -7 18 -9 -12 -14 15 16 -4 -18 20 -20 21 -11 25 -8 -25 -22 -23 -28 -27 -24
right_child=1 2 14 -5 6 9 8 11 -10 10 12 -13 13 -15 -16 -17 17 -19 19 -21 22 26 29 24 -26 28 27 -29 -30 -31
leaf_value=-8.5223397000321066e-05 0.0008342175612143011 -0.0021436442836607573 -0.0036285502130795986 0.003099258658141508 -0.0026796235201084827 -0.00077885727034557653 -0.00014234269000186025 -0.00044333569224834653 0.00067397564594686256 -0.0048192973187103656 0.00016499076186153594 -0.0032609547345528547 0.0034408621404191176 0.00058479006631475302 0.0017120374187257197 0.0015853206295819444 0.0011160821977929602 -0.0013832777285635405 0.0016549915732571197 -0.00062581246494215596 0.00054045866503821033 0.0016111572640143481 -0.00049125032180334064 -0.00010583015884781891 -0.0035505554783985893 0.00048480787900966982 -0.0030213066633338953 0.00022732475359327653 -0.002366684594843153 -0.0026126240167392441
leaf_weight=3770 42610 10050 2465 4653 6534 27288 51920 37380 28817 2006 7411 2384 5058 3581 3340 3118 3717 10464 10885 5957 39259 2175 16039 3696 3452 3381 2976 2672 3917 4063
leaf_count=3770 42610 10050 2465 4653 6534 27288 51920 37380 28817 2006 7411 2384 5058 3581 3340 3118 3717 10464 10885 5957 39259 2175 16039 3696 3452 3381 2976 2672 3917 4063
internal_value=-8.11809e-05 -0.000123917 -0.000910033 0.00167552 -4.07453e-05 0.000166176 -0.000317199 -0.000905211 -7.36549e-06 -4.21497e-05 0.000141698 -0.00061304 0.00129282 0.00225902 -0.000372729 -0.00072573 -0.00115931 -0.000727842 -5.63784e-05 0.000848381 -0.000255683 -0.00148463 -7.42775e-05 -0.000339823 -0.00177204 0.000291479 -0.000624481 -0.00148673 -0.0010468 -0.000921107
internal_weight=355038 346615 33154 8423 313461 179278 134183 46298 87885 136668 109380 39764 16050 8639 23104 19764 16646 14181 93330 16842 76488 9829 66659 59068 7148 46557 7823 5648 7298 20102
internal_count=355038 346615 33154 8423 313461 179278 134183 46298 87885 136668 109380 39764 16050 8639 23104 19764 16646 14181 93330 16842 76488 9829 66659 59068 7148 46557 7823 5648 7298 20102
is_linear=0
shrinkage=0.05


Tree=60
num_leaves=31
num_cat=0
split_feature=32 36 48 0 13 0 2 31 14 29 59 47 70 12 8 5 2 19 35 48 45 41 22 35 74 22 3 43 26 68
split_gain=10.3635 8.57172 8.7237 7.08217 6.59595 8.94747 8.05721 5.8615 5.91927 7.03453 5.84947 6.00617 5.66463 5.61618 5.40309 6.0182 5.29841 5.19338 5.923 5.23204 5.17474 4.93882 7.32096 5.78977 8.69645 7.60204 7.63971 6.33874 5.98013 6.20505
threshold=-0.75593328475952137 0.95024752616882335 1.633365333080292 0.27230939269065862 -8.5529227256774885 0.86285230517387401 1.9474791288375857 -0.75273633003234852 -7.3872990608215323 0.87583643198013317 0.13849999755620959 -0.15273174643516538 -3.0530884265899654 -7.6153430938720694 1.389554560184479 1.2752257585525515 -1.3522227406501768 0.015998688526451591 -0.32068254053592676 1.183141887187958 -1.7981287240982053 0.6078576147556306 1.8929822444915774 0.20732112228870395 5.5000000000000009 1.4473664164543154 0.42930962145328527 0.56666669249534618 -0.80742719769477833 -0.61415392160415638
decision_type=2 2 2 2 2 2 2 2 2 2 2 2 2 2 2 2 2 2 2 2 2 2 2 2 2 2 2 2 2 2
left_child=10 2 7 13 5 -3 -6 -2 12 17 -1 16 -9 -4 20 -16 -12 18 -10 -19 -14 23 -23 25 -25 -22 28 -28 29 -27
right_child=1 4 3 -5 6 -7 -8 8 9 -11 11 -13 14 -15 15 -17 -18 19 -20 -21 21 22 -24 24 -26 26 27 -29 -30 -31
leaf_value=-0.0011290281040950809 0.0011750334845687157 0.00041717659833062951 -0.0018191320593186342 -0.0032031883843871146 0.00044440485160163244 0.0043456360899463481 -0.0019423059638519358 -0.0022987445835040547 -0.00059800495020815312 -0.0021671724233515558 0.0016560538636400603 0.00026505710532520859 0.0014735477915166456 0.00050407450125657843 -0.0022303151366001128 0.00068393021621562225 0.0044331926454173592 9.5251702613982396e-06 0.0021388300248792549 0.0018118602370218115 0.000511039435929571 -0.0010265850976377844 0.0011082615596673838 -0.00021205752408815675 -0.0020980850007624435 -0.0011121032628034252 -0.0032059788559792241 -9.9822087300655319e-05 -0.0011526676788580347 0.0012758967526713509
leaf_weight=2186 8410 3530 5425 3905 54620 2452 3771 3604 2775 3098 5830 4863 4339 4983 6809 2388 2439 69834 6832 4263 48709 33301 4558 26583 7928 3803 4127 2725 7771 9490
leaf_count=2186 8410 3530 5425 3905 54620 2452 3771 3604 2775 3098 5830 4863 4339 4983 6809 2388 2439 69834 6832 4263 48709 33301 4558 26583 7928 3803 4127 2725 7771 9490
internal_value=-9.9872e-06 -6.73138e-05 -0.000188629 -0.00139012 0.000452134 0.002032 0.00028996 -0.000122777 -0.000165973 0.000168643 0.00126178 0.00166032 -0.000340803 -0.000707443 -0.000297248 -0.00147371 0.00247956 0.000255343 0.00134849 0.000113449 -0.000226592 -0.000276199 -0.000769337 -0.000108155 -0.000645805 0.000134049 -0.000523687 -0.00197262 -5.16436e-05 0.00059239
internal_weight=355351 340033 275660 14313 64373 5982 58391 261347 252937 86802 15318 13132 166135 10408 162531 9197 8269 83704 9607 74097 153334 148995 37859 111136 34511 76625 27916 6852 21064 13293
internal_count=355351 340033 275660 14313 64373 5982 58391 261347 252937 86802 15318 13132 166135 10408 162531 9197 8269 83704 9607 74097 153334 148995 37859 111136 34511 76625 27916 6852 21064 13293
is_linear=0
shrinkage=0.05


Tree=61
num_leaves=31
num_cat=0
split_feature=34 2 33 35 57 36 24 35 5 74 56 2 43 55 34 2 43 74 56 55 10 12 24 74 64 39 5 19 50 31
split_gain=12.1624 10.2078 5.80196 7.75285 6.66021 6.55231 7.80664 9.93049 9.93082 14.5606 7.71596 9.63008 7.11931 6.22294 9.96213 8.91331 7.26344 7.13887 5.47213 5.47537 5.40703 5.2651 5.80133 6.82611 5.61638 7.7136 5.87423 5.60995 5.21485 5.39486
threshold=-0.93255537748336781 -0.87641507387161244 1.087475657463074 0.74743822216987621 1.9380721449851992 0.84641027450561535 1.9150742888450625 0.68506714701652538 -0.79629454016685475 5.5000000000000009 -1.1890159249305723 -0.61813479661941517 0.10000000521540643 0.29157102108001715 0.22961533069610598 -0.13408277183771131 0.30000001192092901 1.5000000000000002 -0.57838398218154896 0.83526429533958446 0.68872112035751354 -8.3713293075561506 1.2372419238090517 5.5000000000000009 0.068798333406448378 0.81156626343727123 0.41606925427913671 0.86032533645629894 0.44736543297767645 0.19809858500957492
decision_type=2 2 2 2 2 2 2 2 2 2 2 2 2 2 2 2 2 2 2 2 2 2 2 2 2 2 2 2 2 2
left_child=1 -1 4 -4 5 6 7 8 9 10 11 -2 -7 14 21 18 -17 -18 19 -15 -6 27 23 -23 25 26 -24 -10 -19 -30
right_child=2 -3 3 -5 20 12 -8 -9 13 -11 -12 -13 -14 15 -16 16 17 28 -20 -21 -22 22 24 -25 -26 -27 -28 -29 29 -31
leaf_value=0.0041895559120423117 0.00017449470632613481 -0.00015409357184460946 -0.0031534886164329896 0.00065470932486883144 0.0020286052012403145 -0.00084126250006187695 -0.00060967445239087697 0.0020689588925498869 -0.0015882924196947365 0.0030326269507343294 0.00085818113128931749 -0.0029116219203468158 0.00059009172130308632 0.0010964458593865785 -0.0018039882650956055 -0.0013029337715004159 0.0015111114550811274 -0.00090345934989043977 0.00052312911453218809 0.0043895638568493371 -0.00011096707433949792 -0.00098047406065534626 0.00085526004647958379 0.0013991336937750282 -0.00041286141465355367 -0.0012537113894530382 0.0031959769016300615 0.00092454424268821958 0.0021073697404129454 -0.00086128839399025967
leaf_weight=3195 8691 2339 3284 2244 7314 10049 65696 5737 12041 5577 20831 3554 63736 3259 12488 12061 7263 12892 15719 2060 4946 21720 13812 3490 14443 3530 3320 2716 3615 2641
leaf_count=3195 8691 2339 3284 2244 7314 10049 65696 5737 12041 5577 20831 3554 63736 3259 12488 12061 7263 12892 15719 2060 4946 21720 13812 3490 14443 3530 3320 2716 3615 2641
internal_value=3.31964e-05 0.0023567 -3.74199e-06 -0.00160922 2.21639e-05 -2.02467e-05 -0.000139421 2.19611e-05 -4.13789e-05 0.000671699 0.000272823 -0.000722868 0.000395064 -0.000228823 -0.000496933 0.000165677 -0.000286833 0.000177504 0.00099292 0.00237768 0.00116606 -0.000279297 -7.21086e-05 -0.000650624 0.000343408 0.000871994 0.00131047 -0.0011255 -0.00032887 0.000854762
internal_weight=354263 5534 348729 5528 343201 330941 257156 191460 185723 38653 33076 12245 73785 147070 87560 59510 38472 26411 21038 5319 12260 75072 60315 25210 35105 20662 17132 14757 19148 6256
internal_count=354263 5534 348729 5528 343201 330941 257156 191460 185723 38653 33076 12245 73785 147070 87560 59510 38472 26411 21038 5319 12260 75072 60315 25210 35105 20662 17132 14757 19148 6256
is_linear=0
shrinkage=0.05


Tree=62
num_leaves=31
num_cat=0
split_feature=34 58 73 24 69 13 55 56 1 14 24 39 5 45 11 14 65 64 30 30 5 39 45 15 35 4 13 57 59 30
split_gain=13.0428 14.7346 8.78418 9.98188 10.5982 14.3911 9.63579 9.74131 7.5547 7.55305 7.263 6.23485 5.80393 7.04235 5.62343 6.70805 6.25175 5.58291 8.897 7.4683 7.35348 6.2154 5.91968 5.57873 5.71343 7.75415 6.77348 5.57499 5.96702 5.48441
threshold=-0.65018880367279042 -1.0000000180025095e-35 16.500000000000004 1.8980011343955996 1.0000000180025095e-35 -8.4181942939758283 0.61063283681869518 -0.62386596202850331 -0.42886373400688166 -8.2798829078674299 1.8649761080741885 -0.22069533914327619 -0.29090435802936548 -0.26575230062007899 -0.82270050048828114 -7.8831169605255118 0.20691256225109103 -0.20826119184494016 0.9101303517818452 0.9101303517818452 2.006417036056519 -0.87671843171119679 0.30745416879653936 -6.80702781677246 0.73094817996025097 1.4567430019378664 -7.5142469406127921 0.84765815734863292 0.63350000977516185 -0.91886469721794117
decision_type=2 2 2 2 2 2 2 2 2 2 2 2 2 2 2 2 2 2 2 2 2 2 2 2 2 2 2 2 2 2
left_child=1 -1 3 10 9 -6 7 -7 -3 -5 17 14 13 -11 15 -4 23 18 22 20 21 -19 -2 24 25 -16 -26 28 -13 -9
right_child=2 8 11 4 5 6 -8 29 -10 12 -12 27 -14 -15 16 -17 -18 19 -20 -21 -22 -23 -24 -25 26 -27 -28 -29 -30 -31
leaf_value=5.8740835112339575e-06 0.00094288426274087328 0.0038768319442773883 0.0041057295248599374 -0.0035968156685355366 0.0029570878091237647 -0.0026961334423081934 -0.0019523856352437899 0.0022892830754658831 0.0010569184408450818 -0.0017140860700903243 0.0022691752679592741 -0.00037685403063230299 -0.0017440067444110348 0.00089657519961186961 0.00011448942397567462 0.00096746794291715371 0.0024220316181240114 -0.0020075454466007376 -0.0016265150446388124 0.0011217237562152194 -0.0028016526126381416 -0.00022405887066412116 -0.00020587155683120936 0.0020854454225390923 0.0037430306651133533 -0.0023786462381662947 0.00020436552324134467 0.0012768841131660597 -0.0030773376997280735 3.2243840544656545e-05
leaf_weight=11214 32666 5530 2010 3552 3441 2315 7596 4206 4175 4535 3355 5773 15944 5975 57680 10921 3390 5113 5182 9004 3025 105302 17070 3808 2275 3287 3316 2640 3161 7444
leaf_count=11214 32666 5530 2010 3552 3441 2315 7596 4206 4175 4535 3355 5773 15944 5975 57680 10921 3390 5113 5182 9004 3025 105302 17070 3808 2275 3287 3316 2640 3161 7444
internal_value=2.98779e-05 0.00124071 -4.59966e-05 -0.000211551 -0.000801224 -4.08397e-05 -0.000520439 0.000259281 0.00266607 -0.00143458 -3.20275e-05 0.000351144 -0.001143 -0.000230468 0.000496686 0.00145808 0.000327958 -7.56828e-05 0.00034315 -0.000263548 -0.00037359 -0.000306821 0.000548655 0.000226743 0.000120103 -2.02946e-05 0.00164837 -0.000738419 -0.0013347 0.000848367
internal_weight=354905 20919 333986 235725 55008 25002 21561 13965 9705 30006 180717 98261 26454 10510 86687 12931 73756 177362 54918 122444 113440 110415 49736 70366 66558 60967 5591 11574 8934 11650
internal_count=354905 20919 333986 235725 55008 25002 21561 13965 9705 30006 180717 98261 26454 10510 86687 12931 73756 177362 54918 122444 113440 110415 49736 70366 66558 60967 5591 11574 8934 11650
is_linear=0
shrinkage=0.05


Tree=63
num_leaves=31
num_cat=0
split_feature=63 31 59 32 67 24 15 31 15 46 63 55 59 57 29 10 30 8 67 50 40 33 6 56 21 40 56 48 55 11
split_gain=16.7231 11.0289 10.6465 9.11401 7.12716 6.51622 6.3429 6.23027 8.65847 6.44383 6.25203 6.89887 6.37348 6.23493 6.60307 6.43803 5.83206 5.35524 5.29158 5.27654 5.20783 5.18063 5.0437 6.00115 4.90559 7.22526 6.60475 6.56684 6.26402 6.03729
threshold=-0.33670261502265925 -0.39822293817996973 0.8465000092983247 1.1375319957733157 2.4457459449768071 0.93136131763458263 -8.5541043281555158 -0.2386079207062721 -7.6724383831024161 0.72967451810836803 0.27288214862346655 -0.70132410526275624 0.48950000107288366 -0.099592402577400194 -0.42761868238449091 -0.7731679081916808 0.27423761785030371 -0.13249935954809186 -0.55118614435195912 -0.4707197099924087 0.10018710792064668 0.17122697085142138 1.2054767012596133 1.0483167767524721 0.10752783715724946 0.54096934199333202 0.10114843398332597 1.0748589038848879 0.12650141865015033 -0.94288507103919972
decision_type=2 2 2 2 2 2 2 2 2 2 2 2 2 2 2 2 2 2 2 2 2 2 2 2 2 2 2 2 2 2
left_child=1 5 3 4 7 -1 -3 8 10 24 11 -2 -12 14 20 -15 21 -17 -19 -7 -10 -16 -11 -24 25 29 27 -26 -29 -9
right_child=2 6 -4 -5 -6 19 -8 9 13 22 12 -13 -14 15 16 17 -18 18 -20 -21 -22 -23 23 -25 26 -27 -28 28 -30 -31
leaf_value=-0.0010780043822717852 0.00079824177834926513 0.0028522030736131462 0.00051548479438532518 -0.0029617102568506998 0.0011849369306315947 0.00051748209359002016 0.00014596571373669652 -0.0021680777298184284 -0.0011932440238387233 -0.0005559602213250041 -0.0016387217385724598 -0.0018224524323817522 -0.0046084742126669669 0.0020680698333723868 -0.0018107573422043209 0.00055327515325352813 0.00024673195038528049 -0.0028636702607920603 -0.00011287349983359044 0.0021496572988553508 0.0014053003024239361 -0.0048154351419112361 -0.0038077819263508481 -0.00045327231495302059 -0.00039361151544499624 0.0019330518235316824 0.00022705737040762571 -0.00074853375072505863 -0.0041791561685194153 0.00046886542230103068
leaf_weight=2353 3780 2226 42034 3290 7639 6989 68433 2624 4334 23102 4663 7444 2959 3770 4546 9687 2114 2962 4248 17042 3457 2102 2877 2483 44946 7188 48090 3080 2340 12328
leaf_count=2353 3780 2226 42034 3290 7639 6989 68433 2624 4334 23102 4663 7444 2959 3770 4546 9687 2114 2962 4248 17042 3457 2102 2877 2483 44946 7188 48090 3080 2340 12328
internal_value=-2.1016e-06 0.00055741 -0.000212496 -0.000354146 -0.000313687 0.00142951 0.000231613 -0.000369552 -0.000818814 -0.000200525 -0.00169174 -0.000939934 -0.00279616 -0.000376477 -0.00109927 0.000202688 -0.00204012 -0.000214487 -0.00124535 0.00167538 -3.9902e-05 -0.0027666 -0.000877087 -0.00225756 -4.07896e-05 0.000631524 -0.000192023 -0.000592131 -0.00223462 4.95554e-06
internal_weight=355130 97043 258087 216053 212763 26384 70659 205124 56066 149058 18846 11224 7622 37220 16553 20667 8762 16897 7210 24031 7791 6648 28462 5360 120596 22140 98456 50366 5420 14952
internal_count=355130 97043 258087 216053 212763 26384 70659 205124 56066 149058 18846 11224 7622 37220 16553 20667 8762 16897 7210 24031 7791 6648 28462 5360 120596 22140 98456 50366 5420 14952
is_linear=0
shrinkage=0.05


Tree=64
num_leaves=31
num_cat=0
split_feature=34 72 30 11 40 65 34 43 51 12 64 4 70 42 59 65 9 15 65 64 6 58 24 55 10 36 43 56 12 24
split_gain=11.1509 11.4665 8.38031 7.71582 7.53265 6.95868 6.62288 8.2967 7.22432 6.45457 6.37215 6.13401 5.9541 6.07631 5.81382 5.69832 6.54272 5.61062 7.48659 5.90141 5.59645 5.59012 5.58682 5.57646 7.81167 5.23724 9.27391 5.60106 9.83807 7.52966
threshold=-0.30674460530281061 17.000000000000004 0.57265207171440136 2.2022187709808354 0.52620890736579906 -0.14211717247962949 0.62324663996696483 0.16666667163372043 -0.92694920301437367 -7.5021824836730948 -0.46938939392566675 -1.8492866754531858 0.01854158099740744 1.0000000180025095e-35 0.52549999952316295 0.070409849286079421 1.1626932024955752 -7.7247304916381827 -0.0042629207018762818 0.48384153842926031 -0.26839746534824366 -0.75926944613456715 1.4997447133064272 1.1634919047355654 0.39443938434123998 0.92328709363937389 0.10000000521540643 -0.11954648792743681 -8.4466261863708478 1.4290087819099428
decision_type=2 2 2 2 2 2 2 2 2 2 2 2 2 2 2 2 2 2 2 2 2 2 2 2 2 2 2 2 2 2
left_child=1 10 3 4 17 -4 11 -8 -9 22 -1 -2 13 -12 -11 23 -17 18 -3 20 21 -19 -6 -10 -25 -13 -27 -28 29 -29
right_child=6 2 5 -5 9 -7 7 8 15 14 12 25 -14 -15 -16 16 -18 19 -20 -21 -22 -23 -24 24 -26 26 27 28 -30 -31
leaf_value=0.0027880474122706114 0.0025923225303375996 0.00055059496487400367 0.0014426399735793496 -0.0025154045434305286 0.0022047559846415654 -0.0017166256125129829 -0.0025248046790098729 -0.0030475134310365731 -0.0020259474108560377 0.0013831517163186184 0.00062733398174701191 -0.00019812194363522443 -0.00046275605397388329 0.0028976608601518398 0.0050861709455170684 -0.00035946497787487026 0.002684507526450585 -0.0020427617400272258 -0.0022646389948280912 0.0031840840897043332 0.0025290685034131555 0.00042338151463657708 -0.00030376395847731908 -0.0022373629576590052 0.0010313596803828322 -0.0013477681943733313 -0.00029740398993952495 0.00077497886831890588 0.00057443488288791682 0.0044501543696955376
leaf_weight=6455 2156 4700 2161 2091 3999 8862 5908 2355 5146 2198 7238 194215 5225 4970 2056 3900 3212 2803 4730 2004 2476 12538 4968 2602 6078 6764 11660 2455 26322 3229
leaf_count=6455 2156 4700 2161 2091 3999 8862 5908 2355 5146 2198 7238 194215 5225 4970 2056 3900 3212 2803 4730 2004 2476 12538 4968 2602 6078 6764 11660 2455 26322 3229
internal_value=9.22469e-06 0.000531059 0.000137261 0.000442625 0.000588814 -0.00109652 -0.00014105 -0.000852968 -0.000428024 0.00157877 0.00144696 -5.67858e-05 0.000949076 0.00155322 0.00318059 -0.000132083 0.00101713 0.00014098 -0.000862403 0.000618542 0.000328354 -2.82521e-05 0.000816167 -0.000723537 5.0049e-05 -8.02368e-05 0.000373709 0.000640619 0.000982334 0.00286694
internal_weight=355476 79474 55586 44563 42472 11023 276002 29201 23293 13221 23888 246801 17433 12208 4254 20938 7112 29251 9430 19821 17817 15341 8967 13826 8680 244645 50430 43666 32006 5684
internal_count=355476 79474 55586 44563 42472 11023 276002 29201 23293 13221 23888 246801 17433 12208 4254 20938 7112 29251 9430 19821 17817 15341 8967 13826 8680 244645 50430 43666 32006 5684
is_linear=0
shrinkage=0.05


Tree=65
num_leaves=31
num_cat=0
split_feature=23 72 59 11 32 66 11 11 28 11 59 58 15 7 30 30 14 40 19 19 39 73 14 11 6 61 33 54 6 36
split_gain=15.0464 11.9789 11.1582 8.95594 7.96908 9.52721 9.30654 9.09809 9.63755 7.9076 7.64505 9.24658 7.32449 8.47808 8.53287 6.79669 6.62532 7.91415 6.57699 8.15143 6.55865 6.52879 6.51536 6.56283 6.39166 6.35486 6.19391 6.76473 6.34904 6.06739
threshold=0.20541766285896304 5.0000000000000009 0.32250000536441809 -0.69048580527305592 -0.39878328144550318 0.65879794955253612 0.5637640953063966 0.048046642914414413 -1.7157179713249204 0.57667875289917003 0.23249999433755877 -1.2962048053741453 -7.4633414745330802 0.79069283604621898 -1.1942362189292905 -0.096292447298765169 -7.8106629848480216 0.9117533564567567 0.99966251850128185 0.14760711789131167 -0.83146169781684864 19.500000000000004 -7.4755101203918448 -0.7612796127796172 1.2054767012596133 0.43333333730697637 0.62054964900016796 -0.13463786244392392 0.65350887179374706 0.92870518565177929
decision_type=2 2 2 2 2 2 2 2 2 2 2 2 2 2 2 2 2 2 2 2 2 2 2 2 2 2 2 2 2 2
left_child=1 9 22 -4 -2 7 18 8 12 15 -10 -12 -6 14 25 -1 17 29 19 -7 -8 -18 -3 -24 -20 -14 27 28 -13 -9
right_child=4 2 3 -5 5 6 20 16 10 -11 11 26 13 -15 -16 -17 21 -19 24 -21 -22 -23 23 -25 -26 -27 -28 -29 -30 -31
leaf_value=0.0050966405633372097 0.00074505860479037614 8.6943029152897243e-05 -0.00034428230134528483 0.0012496338010508101 0.0015109423552652234 0.0020465164990243257 0.0033945326772501054 -0.001282020858058509 -0.0012350015568790252 -6.9149838601619134e-05 -0.0024815354364435887 -0.00056861547005739304 -0.0027130884743007473 -0.0026569635349910645 0.0019852548950658267 0.0015101605669800677 -0.00013517363242283506 -0.0030771932332036281 0.0024368555638278333 -0.00096222840794056477 0.0008756966698852944 -0.0013785743072096211 0.00066377039902422062 -0.0027058150177869263 -0.00098960104090912884 0.00047481075157366148 -0.0016921063053929111 0.00099993923884704222 0.0011490586122111172 0.00014600526640932808
leaf_weight=3031 21812 14238 11785 34892 14733 2601 3536 30288 18209 2121 3691 24588 2457 2591 5318 2356 54181 4806 4189 16341 9572 13103 2003 5146 2007 4261 4421 19084 6876 9856
leaf_count=3031 21812 14238 11785 34892 14733 2601 3536 30288 18209 2121 3691 24588 2457 2591 5318 2356 54181 4806 4189 16341 9572 13103 2003 5146 2007 4261 4421 19084 6876 9856
internal_value=-2.47345e-06 0.000623194 0.000413927 0.000847215 -0.000172254 -0.000250222 0.000477685 -0.000377672 -4.59972e-05 0.00251723 -0.000340326 -6.24413e-05 0.000724454 -6.82241e-05 0.000490799 0.0035338 -0.000691568 -0.00116152 -8.56375e-05 -0.000548224 0.00155724 -0.000377484 -0.000531675 -0.00176212 0.00132716 -0.000693411 0.000100415 0.000257495 -0.000192997 -0.000931468
internal_weight=354093 75572 68064 46677 278521 256709 38246 218463 106229 7508 76869 58660 29360 14627 12036 5387 112234 44950 25138 18942 13108 67284 21387 7149 6196 6718 54969 50548 31464 40144
internal_count=354093 75572 68064 46677 278521 256709 38246 218463 106229 7508 76869 58660 29360 14627 12036 5387 112234 44950 25138 18942 13108 67284 21387 7149 6196 6718 54969 50548 31464 40144
is_linear=0
shrinkage=0.05


Tree=66
num_leaves=31
num_cat=0
split_feature=34 72 59 40 48 27 7 57 54 6 65 36 43 1 43 2 0 18 14 56 23 0 56 27 27 53 12 71 71 50
split_gain=12.232 10.5012 9.62619 8.70271 7.87451 7.73554 7.18134 7.07793 6.76865 6.27917 6.15542 5.1948 6.39165 13.6596 6.26305 7.78636 5.79509 9.46186 8.65918 7.97049 7.18306 6.1196 5.882 5.7306 6.01372 5.62717 5.58811 5.70372 5.65454 5.26541
threshold=-0.51194173097610463 15.000000000000002 0.23249999433755877 0.99975252151489269 1.7338179945945742 -0.68433484435081471 -1.4339947700500486 0.69385024905204784 -0.53499445319175709 -1.6658291816711424 -0.030320830643177029 -0.9257289171218871 0.16666667163372043 0.13224512338638308 0.83333334326744091 -0.63063681125640858 -0.088538244366645799 1.292048513889313 -8.4625248908996564 1.4020969271659853 0.89226150512695324 0.78608015179634105 0.70555713772773754 0.79291602969169628 0.37248854339122778 -0.22196892648935315 -8.3713293075561506 -0.57046413421630848 -0.49268965423107142 -0.2046241611242294
decision_type=2 2 2 2 2 2 2 2 2 2 2 2 2 2 2 2 2 2 2 2 2 2 2 2 2 2 2 2 2 2
left_child=1 9 8 4 6 7 -2 -4 -3 -1 -7 26 13 -13 16 -16 19 -18 -19 -14 21 -20 25 24 -15 -23 27 -8 -28 -27
right_child=3 2 5 -5 -6 10 11 -9 -10 -11 -12 12 14 23 15 -17 17 18 20 -21 -22 22 -24 -25 -26 29 28 -29 -30 -31
leaf_value=0.0043836622160394433 0.0026870684319322265 0.00019829237839669091 0.0012244814814788719 -0.0031740481643906882 -0.0012097818841417104 0.0012272790795645986 -0.0002427775932993245 0.0045350082211579861 -0.003121721202093225 0.0015255214077748776 -0.001093612661962991 0.00042191696689737352 -0.00023922248879702961 -0.0013545957403636182 0.0013168659877325947 -0.00075865816924880968 0.0008765836525879893 0.0025840607682129698 -3.1569725498996452e-05 0.0028524298099483316 0.00083761632403919414 0.0010945477386068425 -0.0028860050868223476 -0.002405707730533222 0.00068959534177582963 -0.0036303712480545754 0.00045410176791350405 -0.0025310207750530145 -0.00069919192584468341 -0.00015522258073894134
leaf_weight=2597 2468 3266 8099 2231 13912 5348 5092 2011 2885 7392 6110 23912 48662 12169 5394 27590 72584 2822 14775 2168 10306 2834 4884 7506 5099 2017 18640 5850 24701 2360
leaf_count=2597 2468 3266 8099 2231 13912 5348 5092 2011 2885 7392 6110 23912 48662 12169 5394 27590 72584 2822 14775 2168 10306 2834 4884 7506 5099 2017 18640 5850 24701 2360
internal_value=3.17868e-05 0.000883126 0.000381898 -6.9196e-05 -4.71579e-05 0.00087948 6.46777e-06 0.00188682 -0.00136143 0.00227224 -1.02152e-05 -1.57204e-05 8.23073e-05 -0.000430481 0.000209441 -0.000418943 0.000336296 0.000536353 -8.11264e-05 -0.000106822 -0.000284079 -0.000714457 -0.00154794 -0.00125306 -0.000750925 -0.000638935 -0.000458239 -0.00146735 -0.000203196 -0.00176126
internal_weight=355684 37708 27719 317976 315745 21568 301833 10110 6151 9989 11458 299365 245082 48686 196396 32984 163412 112582 39998 50830 37176 26870 12095 24774 17268 7211 54283 10942 43341 4377
internal_count=355684 37708 27719 317976 315745 21568 301833 10110 6151 9989 11458 299365 245082 48686 196396 32984 163412 112582 39998 50830 37176 26870 12095 24774 17268 7211 54283 10942 43341 4377
is_linear=0
shrinkage=0.05


Tree=67
num_leaves=31
num_cat=0
split_feature=23 39 39 13 56 33 12 71 28 57 41 64 56 36 13 21 0 45 9 46 7 23 56 51 49 11 45 41 36 20
split_gain=11.2233 11.9649 9.05617 8.72926 12.3005 7.44786 14.9177 6.60476 6.29907 10.7244 8.63241 7.31346 6.39825 6.27908 7.77772 8.08057 6.65156 6.6403 6.09907 5.79779 5.71991 6.08672 5.68616 5.68181 5.53123 5.26474 5.31543 5.21273 5.21188 5.11837
threshold=0.20927598327398303 0.87671843171119701 0.93199899792671215 -9.120022773742674 0.1304292976856232 0.82441043853759777 -6.8472189903259268 -0.66954782605171193 -0.28276370465755457 0.90616664290428173 -1.0000000180025095e-35 -0.51239675283431996 -1.1675912141799925 0.9631328582763673 -8.1735181808471662 0.085787571966648116 -0.033470351248979562 -1.3392600417137144 -0.13086182624101636 -0.11931865289807318 0.42878115177154547 0.73292145133018505 1.4338605403900149 0.44162976741790777 -0.056490695104002946 1.2326277494430544 1.0000000180025095e-35 0.6078576147556306 -0.69212540984153736 2.3306244611740117
decision_type=2 2 2 2 2 2 2 2 2 2 2 2 2 2 2 2 2 2 2 2 2 2 2 2 2 2 2 2 2 2
left_child=1 8 -3 4 -2 13 22 -4 10 11 -1 28 -12 14 16 25 -5 27 -11 -13 -18 -22 -7 -24 -21 26 -16 -17 -10 -19
right_child=3 2 7 5 -6 6 -8 -9 9 18 12 19 -14 -15 15 17 20 29 -20 24 21 -23 23 -25 -26 -27 -28 -29 -30 -31
leaf_value=0.0020896955453111403 -0.00061378797048305001 -0.0030274280300837883 0.001897830218189237 -0.0016009388679780771 0.0048515868423413674 -0.0036235782541750822 0.0024805958695597406 -0.00092959473572158289 0.0033600093348275699 0.0044075014174538747 -0.0011483942074657584 0.00014233583280198357 0.0010340061795222767 0.00036964909729634589 0.00074937540633550435 -0.00073679183001276987 -0.00095880973659951622 -0.00020573079200066394 0.00073116213603699194 -0.00055059792132992847 0.0028343353739182331 -0.00012998462023580722 -0.0024814074984958199 0.00028430322657047795 -0.0031960967383315541 -0.0012467438912482233 0.0029924763238387574 -0.0034490901051490589 0.00025399208182893244 0.0013106471384294581
leaf_weight=16457 2050 3493 2972 17857 2054 3841 2142 6710 2119 2159 4395 10390 14135 49940 11249 5476 12843 140192 2361 4817 2409 6092 4186 3328 3346 2396 3446 2614 3699 5785
leaf_count=16457 2050 3493 2972 17857 2054 3841 2142 6710 2119 2159 4395 10390 14135 49940 11249 5476 12843 140192 2361 4817 2409 6092 4186 3328 3346 2396 3446 2614 3699 5785
internal_value=-1.13273e-05 0.000522574 -0.000848891 -0.000159375 0.00212671 -0.000193718 -0.0013385 -6.06218e-05 0.000805531 0.000259002 0.00125663 -0.000156188 0.000516038 -0.00013431 -0.000253963 -0.000108441 -0.00088915 -0.000222883 0.00249304 -0.000641251 -0.000293176 0.000712383 -0.00206048 -0.00125771 -0.00163757 0.000922727 0.00127706 -0.00161635 0.00138907 -0.000145552
internal_weight=354953 77053 13175 277900 4104 273796 13497 9682 63878 28891 34987 24371 18530 260299 210359 171158 39201 154067 4520 18553 21344 8501 11355 7514 8163 17091 14695 8090 5818 145977
internal_count=354953 77053 13175 277900 4104 273796 13497 9682 63878 28891 34987 24371 18530 260299 210359 171158 39201 154067 4520 18553 21344 8501 11355 7514 8163 17091 14695 8090 5818 145977
is_linear=0
shrinkage=0.05


Tree=68
num_leaves=31
num_cat=0
split_feature=32 56 23 39 39 16 40 51 10 2 39 56 2 30 36 16 35 66 22 22 60 24 9 7 3 7 33 24 71 7
split_gain=9.64304 7.02251 7.65348 10.4993 8.56281 6.92252 6.53333 6.3111 6.9994 6.84159 6.14799 6.14674 9.76542 6.69476 7.27637 10.3263 6.59046 5.9404 5.89498 5.70737 6.30229 5.64873 6.17643 6.46525 8.70557 8.30678 6.41005 6.33883 5.55141 5.36426
threshold=-1.0323903560638426 -1.8079988956451414 0.19368824362754825 0.87671843171119701 -0.9713328182697295 0.15291333198547366 0.04797767102718354 -0.11183317005634306 2.8046840429306035 2.2301875352859502 0.93199899792671215 -0.94083973765373219 -0.10057541355490683 0.57265207171440136 -0.48263804614543909 -0.21775014698505399 0.26471652090549475 -0.30534704029560084 1.5593023300170901 1.1205790042877199 0.36500000953674322 2.6185778379440312 0.65066358447074901 -0.16813486069440839 -0.091095827519893632 0.3405627459287644 -0.19802634418010709 1.3655617237091067 -0.48702053725719446 0.57146915793418895
decision_type=2 2 2 2 2 2 2 2 2 2 2 2 2 2 2 2 2 2 2 2 2 2 2 2 2 2 2 2 2 2
left_child=28 5 3 11 6 -2 -4 9 17 -6 -5 12 19 14 15 -13 -16 21 -15 -3 -21 22 23 -9 26 27 -25 -26 -1 -19
right_child=1 2 4 10 7 -7 -8 8 -10 -11 -12 13 -14 18 16 -17 -18 29 -20 20 -22 -23 -24 24 25 -27 -28 -29 -30 -31
leaf_value=-3.0890939063884559e-05 -0.0025767701208832027 -0.0014616624205358024 0.0015592538989030813 -0.0028990652172558372 -0.00041758909455359402 0.00035559762710357917 -0.00019596293847221676 -0.00080074945991645487 0.0029503965360036838 -0.0031087476466880731 -0.00017871852066169821 -0.00099305158998118002 -0.0028210448892538936 0.001576266235914508 0.0024846364411678663 0.001963812126197814 -0.00041964301452512159 0.00075709688222747864 -0.0017276136867247314 -0.00055674320922629867 0.0020299634834888241 0.0011354435209604194 -0.0011086002368370009 -0.00074169608284888836 -0.00044350120756162257 -0.0011264275857595203 0.0015895062638229913 0.0020558200465732169 0.0032360233547425034 -0.00018196357794200325
leaf_weight=2025 5165 2756 13210 2818 96893 3290 8848 23252 2009 2411 7826 5748 2558 2252 15684 6052 2228 36404 3340 3674 6530 6683 21435 3746 5386 14662 13758 4781 3623 26108
leaf_count=2025 5165 2756 13210 2818 96893 3290 8848 23252 2009 2411 7826 5748 2558 2252 15684 6052 2228 36404 3340 3674 6530 6683 21435 3746 5386 14662 13758 4781 3623 26108
internal_value=1.90769e-05 -1.40713e-05 2.12371e-05 0.00052635 -8.98251e-05 -0.00143666 0.000855424 -0.000170818 2.5277e-05 -0.000483234 -0.000900976 0.000825403 -4.02385e-06 0.00118988 0.00148851 0.000523847 0.00212335 -1.25279e-05 -0.000396643 0.000553736 0.00109897 -0.000264356 -0.000371976 -0.000131095 0.000236825 -0.000365178 0.00109047 0.000732662 0.00206674 0.000364934
internal_weight=355155 349507 341052 61466 279586 8455 22058 257528 158224 99304 10644 50822 15518 35304 29712 11800 17912 156215 5592 12960 10204 93703 87020 65585 42333 24829 17504 10167 5648 62512
internal_count=355155 349507 341052 61466 279586 8455 22058 257528 158224 99304 10644 50822 15518 35304 29712 11800 17912 156215 5592 12960 10204 93703 87020 65585 42333 24829 17504 10167 5648 62512
is_linear=0
shrinkage=0.05


Tree=69
num_leaves=31
num_cat=0
split_feature=33 39 20 36 13 69 21 66 13 24 13 22 58 69 7 55 10 32 64 26 68 22 61 71 56 27 41 65 13 64
split_gain=14.4934 7.92122 8.30111 7.78673 8.98941 14.8431 10.0879 10.1066 8.28712 7.10361 7.04179 7.02111 7.01314 6.81038 7.12687 11.9647 7.53211 7.37936 6.60519 6.71537 6.49729 6.02865 6.06583 5.97346 5.70016 5.69086 5.59508 5.44742 7.15305 6.07682
threshold=-1.1285336613655088 -0.96703672409057606 2.1420000791549687 0.95024752616882335 -8.1975235939025861 -0.0060259348247200242 0.21075240522623065 0.50272858142852794 -8.5710973739624006 1.0414778590202334 -8.6309618949890119 1.0521571636199953 -0.029020822606980797 -0.7762867510318755 0.37977682054042822 -0.77454116940498341 0.25890168547630316 0.1388901695609093 -0.35596011579036707 -1.8329316377639768 -0.4934301078319549 1.1717884540557864 0.5000000149011613 -0.64584004878997792 0.50375664234161388 0.22958879172801974 1.0000000180025095e-35 0.044122116640210159 -8.4448747634887678 1.0000000180025095e-35
decision_type=2 2 2 2 2 2 2 2 2 2 2 2 2 2 2 2 2 2 2 2 2 2 2 2 2 2 2 2 2 2
left_child=12 2 -2 4 5 9 7 11 -5 -3 20 -6 -1 24 15 17 -16 -15 -12 -20 -11 22 23 -17 -8 -10 27 28 29 -7
right_child=1 3 -4 8 6 26 13 -9 25 10 18 -13 -14 14 16 21 -18 -19 19 -21 -22 -23 -24 -25 -26 -27 -28 -29 -30 -31
leaf_value=0.00093687750473606622 0.00051758813155166803 0.00071401851875738597 0.003486520028734964 0.0023134371557102227 -0.00053733301035185346 0.003212581628109645 7.1219682668902755e-05 -0.00065562455270603746 0.00077156972280841842 -0.0054593612039367592 0.00052062603127184801 0.0011525511926093015 0.0050657068170794047 -0.00082885585875010995 -0.0014897234018029833 0.00067055667254966754 -0.00029246831523677862 -0.0036639341375172031 -0.00054528086259813776 -0.0029811690646472859 -0.0021398240586248331 0.00055744848612684081 0.00043924240396261364 -0.0017847469269728371 0.0021161011806008754 -0.00024543442193877672 -0.0012398119785531495 -0.00063893598111741364 -0.00040464906317194536 0.00051060192506370745
leaf_weight=2096 26157 2705 2578 5319 7354 4273 10898 14238 26728 2389 3404 37267 2020 11675 24029 3314 28979 2850 4809 6882 3885 42080 10800 9748 4949 28322 7183 8452 5650 4056
leaf_count=2096 26157 2705 2578 5319 7354 4273 10898 14238 26728 2389 3404 37267 2020 11675 24029 3314 28979 2850 4809 6882 3885 42080 10800 9748 4949 28322 7183 8452 5650 4056
internal_value=2.44044e-05 -1.02298e-05 0.00078507 -8.11714e-05 -0.000199184 -0.000775987 -5.04021e-05 0.000503922 0.000430694 -0.00169779 -0.00200328 0.000873983 0.00297054 -0.000268922 -0.000385281 -8.87141e-05 -0.000835373 -0.00138727 -0.00141652 -0.00198051 -0.00341051 0.000197486 -0.000437266 -0.00116177 0.000710766 0.000248394 -2.63085e-05 0.000362667 0.000968281 0.00189898
internal_weight=355089 350973 28735 322238 261869 53688 208181 58859 60369 24074 21369 44621 4116 149322 133475 80467 53008 14525 15095 11691 6274 65942 23862 13062 15847 55050 29614 22431 13979 8329
internal_count=355089 350973 28735 322238 261869 53688 208181 58859 60369 24074 21369 44621 4116 149322 133475 80467 53008 14525 15095 11691 6274 65942 23862 13062 15847 55050 29614 22431 13979 8329
is_linear=0
shrinkage=0.05


Tree=70
num_leaves=31
num_cat=0
split_feature=4 19 36 43 11 0 43 19 36 25 11 12 54 56 18 61 35 35 49 64 25 12 5 43 58 5 32 25 59 16
split_gain=11.9507 8.7505 7.29693 7.53563 11.6499 9.75419 8.43053 9.34241 8.08159 7.82111 7.55179 7.2166 7.08859 6.50568 7.307 6.49316 6.27707 6.42576 6.2043 6.47257 6.18406 7.41049 6.16136 6.0271 5.99325 5.67941 5.41709 5.9464 5.41274 5.34343
threshold=-1.1287890076637266 0.18680631369352343 -0.949937343597412 0.16666667163372043 1.1698089838027956 0.4583591520786286 0.83333334326744091 0.45842736959457403 0.90927797555923473 0.58087328076362621 -0.7612796127796172 -8.7099614143371564 2.0607720613479619 -1.0190255045890806 2.4432277679443364 0.43333333730697637 0.27456431090831762 0.009429817087948324 -0.27789579331874842 -0.54758515954017628 0.21160472184419635 -8.1608648300170881 0.16886986792087558 0.2333333417773247 0.61749723553657543 1.3283774852752688 -0.035223042592406266 0.639543116092682 0.21049999445676806 -0.27403523027896876
decision_type=2 2 2 2 2 2 2 2 2 2 2 2 2 2 2 2 2 2 2 2 2 2 2 2 2 2 2 2 2 2
left_child=1 11 16 4 5 26 8 -8 12 15 -7 -1 -5 14 -3 -9 17 28 23 -20 -10 -22 -12 -13 -15 -23 -4 -28 -2 -6
right_child=2 13 3 6 29 10 7 9 20 -11 22 18 -14 24 -16 -17 -18 -19 19 -21 21 25 -24 -25 -26 -27 27 -29 -30 -31
leaf_value=-0.001429904580313708 -0.0022515205971805796 -0.0019276830607274247 0.0010584637508574862 -2.3868106376494677e-06 -0.000931163397392716 0.00077697032071658326 0.00049424157145619668 -0.0019048105763193436 0.0024671951318836517 -0.0021192926626514186 -0.0032189015554936733 0.0044166806522132019 0.0021963611558258583 -2.8291091024038307e-05 0.0015103149599124191 0.00065517652225692384 -0.0015564029735821883 0.00059164712134070229 0.0033505216610109079 0.00023267155397211048 0.0016579476177185427 0.00046657155369695378 -0.0008726278493532048 0.0017786910471753313 0.0030796864883299263 -0.0015893910420268663 0.00058296606873778085 -0.0013489573966795456 -0.00042146091709508007 -0.0034337962796540163
leaf_weight=2095 5045 6315 13175 126527 4097 3469 12638 3810 5168 11430 4916 2903 3765 4838 2037 7036 14296 12664 2022 9216 12063 23113 6502 8557 2273 3920 8609 7396 20167 4462
leaf_count=2095 5045 6315 13175 126527 4097 3469 12638 3810 5168 11430 4916 2903 3765 4838 2037 7036 14296 12664 2022 9216 12063 23113 6502 8557 2273 3920 8609 7396 20167 4462
internal_value=-2.02168e-05 0.00079078 -0.000124123 -1.66211e-05 -0.000551447 -0.000223376 0.000117765 -0.000591385 0.000259633 -0.00120725 -0.0012644 0.00137277 6.13133e-05 -0.000142649 -0.00108837 -0.000245026 -0.000664072 -0.000326947 0.00163197 0.000796132 0.000843244 0.000628002 -0.00188474 0.0024502 0.00096809 0.000167963 0.000307984 -0.000310071 -0.000788409 -0.00223833
internal_weight=354524 40256 314268 262096 52626 44067 209470 34914 174556 22276 14887 24793 130292 15463 8352 10846 52172 37876 22698 11238 44264 39096 11418 11460 7111 27033 29180 16005 25212 8559
internal_count=354524 40256 314268 262096 52626 44067 209470 34914 174556 22276 14887 24793 130292 15463 8352 10846 52172 37876 22698 11238 44264 39096 11418 11460 7111 27033 29180 16005 25212 8559
is_linear=0
shrinkage=0.05


Tree=71
num_leaves=31
num_cat=0
split_feature=33 3 25 56 11 57 26 14 31 7 1 55 31 33 43 35 58 22 33 74 17 22 13 5 17 55 29 64 21 70
split_gain=11.2694 10.5149 8.26039 7.60376 6.86391 11.1161 9.92202 9.84407 8.79693 6.87957 6.48242 7.68725 6.15677 5.88748 5.72089 5.7198 5.63732 6.43369 5.1681 7.40638 6.22832 6.86241 6.71842 6.01037 4.84002 9.82747 8.03608 6.42636 5.53387 5.85988
threshold=0.9715576469898225 -2.479107022285461 0.99992328882217418 1.4020969271659853 0.21156261861324313 0.93543586134910595 -1.0975440740585325 -7.8270318508148184 -0.71537500619888295 -0.87345632910728443 -2.4090019464492793 -2.0990648269653316 -0.34363529086112971 -0.33398500084877009 0.83333334326744091 0.73094817996025097 -0.80254060029983509 2.0041513442993169 0.42197586596012121 1.5000000000000002 0.041387384757399566 0.86883923411369335 -7.8268043994903556 1.2048900723457339 -0.50654867291450489 -0.037286898121237748 -0.77973935008049 -0.29554477334022516 0.19135142117738727 -0.48739278316497797
decision_type=2 2 2 2 2 2 2 2 2 2 2 2 2 2 2 2 2 2 2 2 2 2 2 2 2 2 2 2 2 2
left_child=1 12 4 -2 10 7 13 8 -6 -9 -3 -12 -1 -7 -11 -15 -10 -18 20 23 21 22 -13 -20 25 27 -26 -23 29 -28
right_child=3 2 -4 -5 5 6 -8 9 16 14 11 18 -14 15 -16 -17 17 -19 19 -21 -22 24 -24 -25 26 -27 28 -29 -30 -31
leaf_value=0.0044615904307892442 -0.0044400407211482836 0.0029459927386842142 0.0024787483804315376 -0.00096318423006165371 0.0020019918942252115 0.0014342580939047721 0.0010279416707928975 0.0012104160662957345 -4.4413862525247578e-05 -0.00017673242620408122 -0.0026556550565874203 6.0448753474151034e-05 0.00060550058129114437 -0.0010218952468672806 -0.0017457871149546536 0.001577583624502942 -0.0018212769489653513 0.00076907365526918744 -0.00046069419370214221 -0.0010663605831848961 -0.0001756526138667711 0.00094171284424776668 -0.0034443572934346207 0.0025563835211805802 -0.00064308118729651607 0.001012897950981089 0.00028865859844701028 -0.0012410022560520584 0.00073332365874813137 0.0024116728326057718
leaf_weight=2049 2093 2060 3288 6268 2059 3731 24852 7786 6905 43598 2430 3950 2089 18281 6693 2384 30236 2598 3663 17184 52806 4470 2081 2991 8277 15483 4529 13644 45380 11529
leaf_count=2049 2093 2060 3288 6268 2059 3731 24852 7786 6905 43598 2430 3950 2089 18281 6693 2384 30236 2598 3663 17184 52806 4470 2081 2991 8277 15483 4529 13644 45380 11529
internal_value=-2.498e-05 1.87487e-05 -1.15221e-05 -0.00183781 -3.57051e-05 -0.000289746 0.000324972 -0.000592863 -0.0011779 -0.000171683 0.000163186 0.000132607 0.00252106 -0.000391264 -0.000385856 -0.000721391 -0.00134312 -0.00161614 0.000169177 -0.000518091 0.00027024 0.000485576 -0.00115259 0.000897295 0.000581308 8.82869e-05 0.000818858 -0.00070215 0.00101588 0.00181345
internal_weight=355387 347026 342888 8361 339600 149123 49248 99875 41798 58077 190477 188417 4138 24396 50291 20665 39739 32834 185987 23838 162149 109343 6031 6654 103312 33597 69715 18114 61438 16058
internal_count=355387 347026 342888 8361 339600 149123 49248 99875 41798 58077 190477 188417 4138 24396 50291 20665 39739 32834 185987 23838 162149 109343 6031 6654 103312 33597 69715 18114 61438 16058
is_linear=0
shrinkage=0.05


Tree=72
num_leaves=31
num_cat=0
split_feature=34 57 11 57 8 64 61 30 55 25 11 25 39 8 65 46 68 56 36 19 13 51 13 69 69 4 24 56 0 60
split_gain=10.3863 9.53725 7.54971 10.2916 9.77327 7.24339 7.32963 6.33254 10.505 6.95906 6.94474 6.70146 6.00896 6.79735 5.71525 5.58211 5.47916 5.24929 5.04384 6.47902 8.25527 8.69378 6.93531 7.77918 8.54211 8.8506 7.39812 6.87346 6.35928 5.97526
threshold=-0.68119516968727101 0.63549154996871959 1.1309061050415041 0.90616664290428173 1.1385630965232851 -0.50153654813766468 0.30000001192092901 0.072000037878751769 1.0000000180025095e-35 0.864587962627411 2.4311461448669438 0.84319430589675914 -0.44228447973728174 0.29652598500251776 0.12487334385514261 1.5912793278694155 -0.58133926987647999 -0.85388118028640736 -0.98107236623764027 0.37215331196784979 -8.4884204864501935 -0.27635537087917322 -8.8906226158142072 0.26795618236064916 -0.098571632057428346 -1.1082037091255186 1.9242571592330935 0.020141499117016796 0.47983630001544958 0.085000000894069686
decision_type=2 2 2 2 2 2 2 2 2 2 2 2 2 2 2 2 2 2 2 2 2 2 2 2 2 2 2 2 2 2
left_child=1 5 15 4 12 17 -7 8 10 -10 -5 -9 13 -4 -14 18 -17 -1 29 22 21 -21 -20 24 -24 -26 -27 -23 -25 -2
right_child=2 -3 3 7 -6 6 -8 11 9 -11 -12 -13 14 -15 -16 16 -18 -19 19 20 -22 27 23 28 25 26 -28 -29 -30 -31
leaf_value=0.0035812288863273558 -0.0022727636874498407 0.0036258596526966298 0.0017011629181634487 -0.00063843719113627906 -0.0037285779172424767 0.0015417860670499483 -0.0012322561545592364 0.0025864437103122217 0.0014143073606922684 -0.0017071305591472982 -0.0035155808927004872 -0.0004496871971126496 -0.00099815728035636481 -0.0015724458195802865 -0.0032889540115603314 0.0013586919222070388 -0.0013512853806661321 0.00028365031495554606 -0.0020731007403038556 -0.0010078811811142848 -0.00018397335151190938 6.6336190735187908e-05 0.00018281634978104292 0.00011019965564773992 0.0032086095195947573 0.0013926807325262416 -0.00047541182269877506 0.0028187931538923572 -0.00287131475022946 -0.00025829640769307687
leaf_weight=2794 4052 3117 3915 6310 3539 3832 6253 4331 7948 2293 3136 3122 17440 2651 3221 2180 12622 2122 2516 3560 128106 3469 33009 5386 5178 23605 6828 6545 2667 39301
leaf_count=2794 4052 3117 3915 6310 3539 3832 6253 4331 7948 2293 3136 3122 17440 2651 3221 2180 12622 2122 2516 3560 128106 3469 33009 5386 5178 23605 6828 6545 2667 39301
internal_value=-5.20883e-05 0.00111377 -0.000114812 -0.000634306 -0.00126022 0.00058973 -0.000177719 7.54301e-05 -0.000394548 0.000714422 -0.00159633 0.00131574 -0.000938123 0.000379073 -0.00135671 -6.98269e-06 -0.000951519 0.00216129 4.59653e-05 0.000142754 -5.97085e-05 0.00111233 0.000504949 0.000589806 0.000762348 0.00129933 0.000973534 0.00186632 -0.000879558 -0.00044706
internal_weight=355048 18118 336930 57906 30766 15001 10085 27140 19687 10241 9446 7453 27227 6566 20661 279024 14802 4916 264222 220869 141680 13574 79189 76673 68620 35611 30433 10014 8053 43353
internal_count=355048 18118 336930 57906 30766 15001 10085 27140 19687 10241 9446 7453 27227 6566 20661 279024 14802 4916 264222 220869 141680 13574 79189 76673 68620 35611 30433 10014 8053 43353
is_linear=0
shrinkage=0.05


Tree=73
num_leaves=31
num_cat=0
split_feature=33 74 22 54 22 55 14 10 33 56 24 2 60 15 62 65 35 73 25 54 33 73 39 14 14 30 55 30 11 73
split_gain=9.06643 14.2386 12.2679 8.8356 11.3136 8.56652 8.27084 8.40705 8.22918 9.49169 8.19019 8.38641 7.32443 7.67681 6.73114 6.38594 6.29686 6.09611 6.01673 7.12966 7.61109 6.38729 5.88119 10.2603 8.60377 6.42249 8.14987 5.95186 5.82481 7.85965
threshold=-0.17980906367301938 5.5000000000000009 1.2691742181777956 0.35424543917179113 2.0041513442993169 -0.59742465615272511 -7.3872990608215323 -0.11127856746315955 1.0258601903915407 1.6064345836639407 2.6842796802520756 -0.58271244168281544 0.44499999284744268 -7.5005400180816642 0.5416666865348817 -0.16730853915214536 0.14823136478662494 19.500000000000004 0.81839591264724743 1.1397662758827212 0.22165737301111224 7.5000000000000009 -0.41071493923664087 -7.7732076644897452 -7.7896504402160636 0.1570585519075394 -0.70132410526275624 0.76845985651016246 -0.5857504904270171 1.0000000180025095e-35
decision_type=2 2 2 2 2 2 2 2 2 2 2 2 2 2 2 2 2 2 2 2 2 2 2 2 2 2 2 2 2 2
left_child=1 2 -1 15 12 6 -2 -8 9 10 18 -12 -5 -14 -10 -4 -3 22 28 20 -20 -21 23 -17 -24 -25 27 -27 -7 -30
right_child=5 16 3 4 -6 8 7 -9 14 -11 11 -13 13 -15 -16 17 -18 -19 19 21 -22 -23 24 25 -26 26 -28 -29 29 -31
leaf_value=-0.00059006054434861675 -0.0018350210618818187 0.0022665445661026956 0.0017835212275148914 -0.00014291234409599999 0.0048742848202745206 0.00061379566784261995 -0.0014885015807255151 0.0020578771353330205 -0.0031428469345389089 0.0014058895033358177 -0.0018140200249764839 0.0016335827816769226 0.00037131184303628529 0.003419968774482899 -2.7869930140189724e-05 0.0021864312652801177 -0.00024728270318448339 0.0015051322090432716 -0.0013226704015683801 -0.0031040506908569417 0.00019403079066087096 -0.00069034813228285071 -0.00071384497594931999 -0.0033682653076441724 0.0011271383693184131 -0.00011593790455663111 0.0014918878638185515 -0.0037739523272843651 -0.002318264124472415 -6.6676308712177861e-05
leaf_weight=33269 13249 13159 5935 6898 2224 32389 3262 3406 3781 11761 2066 11771 3736 4614 3197 2018 3070 6093 12136 4790 25924 6407 12213 3719 13191 2080 2492 2381 4022 100091
leaf_count=33269 13249 13159 5935 6898 2224 32389 3262 3406 3781 11761 2066 11771 3736 4614 3197 2018 3070 6093 12136 4790 25924 6407 12213 3719 13191 2080 2492 2381 4022 100091
internal_value=5.68317e-05 0.000417074 0.000195828 0.000582663 0.00155055 -0.000120224 -0.00111262 0.00032335 -2.96488e-05 2.61642e-05 -5.52011e-05 0.00111788 0.00106289 0.002058 -0.00171779 0.000245025 0.00179115 3.80239e-05 -0.000142638 -0.000616286 -0.000289812 -0.00172476 -0.000196968 -0.00107554 0.000242151 -0.00169382 -0.000794647 -0.00207243 2.83108e-05 -0.000153872
internal_weight=355344 117092 100863 67594 17472 238252 19917 6668 218335 211357 199596 13837 15248 8350 6978 50122 16229 44187 185759 49257 38060 11197 38094 12690 25404 10672 6953 4461 136502 104113
internal_count=355344 117092 100863 67594 17472 238252 19917 6668 218335 211357 199596 13837 15248 8350 6978 50122 16229 44187 185759 49257 38060 11197 38094 12690 25404 10672 6953 4461 136502 104113
is_linear=0
shrinkage=0.05


Tree=74
num_leaves=31
num_cat=0
split_feature=3 55 34 19 27 56 27 32 36 20 73 39 53 30 71 56 46 11 15 11 18 4 19 56 57 27 40 68 13 3
split_gain=7.91074 6.70743 9.81639 6.60801 6.31242 5.85906 6.0854 5.89708 5.79667 11.0341 7.07698 6.82629 7.15604 7.24785 7.2246 11.4978 7.54205 7.11546 6.1551 7.19981 6.6793 6.56822 5.82576 5.74726 5.59387 6.96616 5.58824 5.39184 5.66674 5.33037
threshold=-2.1725394725799556 -1.8413338065147398 -0.51194173097610463 1.0000000180025095e-35 -0.23111922293901441 -1.4744210243225095 -0.83533808588981617 -0.41312889754772181 0.92870518565177929 1.6722514033317568 16.500000000000004 -0.84103098511695851 -1.8120155334472654 0.9101303517818452 -0.29450061917304987 0.89011102914810192 1.4735032916069033 0.37290807068347936 -7.6638419628143302 0.47985640168190008 1.5432610511779787 -0.66928327083587635 0.44905938208103185 0.48249736428260809 -0.28037434816360468 -0.49859672784805292 0.11753627657890321 -0.03947955556213855 -8.3699769973754865 1.2476403117179873
decision_type=2 2 2 2 2 2 2 2 2 2 2 2 2 2 2 2 2 2 2 2 2 2 2 2 2 2 2 2 2 2
left_child=3 4 5 -1 -2 6 -3 26 10 27 11 17 -13 14 15 16 18 -4 19 -14 21 -20 -17 -16 -22 -26 -7 28 -10 -12
right_child=1 2 8 -5 -6 7 -8 -9 9 -11 29 12 13 -15 23 22 -18 -19 20 -21 24 -23 -24 -25 25 -27 -28 -29 -30 -31
leaf_value=-0.00018332600539253596 -0.00053291815696605014 0.001213762763344132 -0.0023213402598954215 0.0029576912182661982 -0.0038377442196696784 0.00351347832166167 -0.0024454230719089766 0.00071066939201373184 0.0018872623145637067 -0.00085654963202810126 0.00040241095165441279 0.0015717334315635577 -0.00039067840048376311 0.00097810398566726604 -0.00071741468196138177 0.0031836591885221915 -0.0022239467445151024 0.00012367916334294699 0.0012447434119466231 -0.0018884073935104214 -0.0029065121506018699 -0.00011284593712857952 0.00054879534361570634 -0.0026937182226107418 0.0014477483551080753 -0.0018186579087100104 0.00080793065456782702 0.0016885791164190469 0.00020193284290977696 -0.0011415474292862217
leaf_weight=2757 4892 2168 8040 4250 2043 4566 2367 16008 5885 13627 68657 5396 25659 10681 11798 2377 5630 4719 11102 11670 3357 44942 17383 5343 2872 3755 3287 11670 32430 6076
leaf_count=2757 4892 2168 8040 4250 2043 4566 2367 16008 5885 13627 68657 5396 25659 10681 11798 2377 5630 4719 11102 11670 3357 44942 17383 5343 2872 3755 3287 11670 32430 6076
internal_value=6.11546e-05 2.76769e-05 5.89623e-05 0.00172332 -0.00151062 0.000948945 -0.000697293 0.00126199 -2.17887e-05 0.00040423 -0.000130436 -0.000304603 -0.000216839 -0.000278577 -0.000370644 -0.000242204 -0.000443408 -0.00141765 -0.000346213 -0.000859287 -5.60605e-05 0.000156259 0.000867202 -0.00133466 -0.00124685 -0.000403019 0.0023835 0.000748049 0.000461216 0.000276747
internal_weight=355407 348400 341465 7007 6935 28396 4535 23861 313069 63612 249457 174724 161965 156569 145888 128747 108987 12759 103357 37329 66028 56044 19760 17141 9984 6627 7853 49985 38315 74733
internal_count=355407 348400 341465 7007 6935 28396 4535 23861 313069 63612 249457 174724 161965 156569 145888 128747 108987 12759 103357 37329 66028 56044 19760 17141 9984 6627 7853 49985 38315 74733
is_linear=0
shrinkage=0.05


Tree=75
num_leaves=31
num_cat=0
split_feature=4 40 6 5 74 19 13 73 21 66 8 39 14 54 59 59 21 0 10 65 7 35 40 40 12 23 33 3 22 41
split_gain=11.0855 8.05199 9.92964 6.90217 14.096 8.66846 13.3068 8.76298 9.74822 7.53484 7.48793 6.79382 9.36053 8.5395 6.61804 7.52848 9.5067 6.59764 6.59185 6.42229 6.72841 6.29361 8.11275 6.74133 7.93638 6.25549 6.2173 6.5229 6.115 5.87479
threshold=-2.5696381330490108 -0.99655601382255543 0.35323421657085424 -0.80943942070007313 5.5000000000000009 0.98437988758087169 -8.3927154541015607 16.500000000000004 0.95577460527420055 -0.012788029387593268 -0.69312059879302967 0.94692111015319835 -7.8270318508148184 0.065863922238349928 0.94449999928474437 0.65049999952316295 0.24763359129428866 -1.0245001316070554 -0.30464883148670191 0.13458214700222018 -0.4235584139823913 0.20732112228870395 0.9117533564567567 -0.9081345498561858 -7.2792973518371573 0.78597483038902294 -0.21712546050548551 0.019285689108073715 1.1205790042877199 1.0000000180025095e-35
decision_type=2 2 2 2 2 2 2 2 2 2 2 2 2 2 2 2 2 2 2 2 2 2 2 2 2 2 2 2 2 2
left_child=-1 2 -2 4 14 7 18 8 11 10 -8 13 -13 19 15 26 -17 -9 -7 20 -5 -15 23 29 25 -25 27 -3 -11 -23
right_child=1 3 -4 5 -6 6 9 17 -10 28 -12 12 -14 21 -16 16 -18 -19 -20 -21 -22 22 -24 24 -26 -27 -28 -29 -30 -31
leaf_value=0.0031653493496770387 0.0026703379194400194 -7.0661868673307595e-05 -0.00071089292344079765 -4.5691513011388788e-05 0.0023539068071912039 0.0040663670762182691 0.0015205754291139914 0.0014978179768374306 -0.0021472984145272768 0.0033659960002531217 -0.00077337997511292848 -0.00061898922782404155 0.001442662132896877 0.00050504653145685085 -0.0021046236911091117 0.0018192132711432108 -0.0010466211408289882 5.6000592126895922e-06 0.0012447921304821565 -0.0022584968909525878 -0.001174596993892972 -0.002825106066347395 -0.0027936461747114453 0.00021096920666795988 0.0014760752432445537 -0.0016333207626202937 0.0017670142903663132 -0.0021028974014214003 0.00053166914945589918 -7.3893219145059106e-05
leaf_weight=2774 5969 25897 3404 21159 8287 2930 4175 8386 8357 2260 23727 10941 11064 24543 3086 12571 3751 62908 7047 8062 35078 4287 3546 13122 7421 7066 3778 4649 11807 3539
leaf_count=2774 5969 25897 3404 21159 8287 2930 4175 8386 8357 2260 23727 10941 11064 24543 3086 12571 3751 62908 7047 8062 35078 4287 3546 13122 7421 7066 3778 4649 11807 3539
internal_value=2.26226e-05 -2.17587e-06 0.00144292 -4.16553e-05 0.000435781 -0.000146882 0.000436312 -0.00027891 -0.000486329 4.59619e-05 -0.000429712 -0.000393547 0.000417783 -0.000533241 0.000139568 0.000276702 0.00116037 0.000181309 0.00207666 -0.000939403 -0.000749933 -0.000122041 -0.000516892 -0.000288332 7.89958e-05 -0.00043504 -0.000143723 -0.000380548 0.000989099 -0.00158266
internal_weight=355591 352817 9373 343444 62019 281425 51946 229479 158185 41969 27902 149828 22005 127823 53732 50646 16322 71294 9977 64299 56237 63524 38981 35435 27609 20188 34324 30546 14067 7826
internal_count=355591 352817 9373 343444 62019 281425 51946 229479 158185 41969 27902 149828 22005 127823 53732 50646 16322 71294 9977 64299 56237 63524 38981 35435 27609 20188 34324 30546 14067 7826
is_linear=0
shrinkage=0.05


Tree=76
num_leaves=31
num_cat=0
split_feature=11 23 34 68 66 21 12 55 72 55 74 66 57 9 6 52 27 1 43 1 13 70 37 60 8 29 11 73 55 17
split_gain=6.49418 8.44537 8.5798 8.74392 9.28459 7.25352 11.193 8.55162 9.41499 11.7424 8.66924 8.41614 6.78856 6.53685 7.6313 6.6394 5.92662 5.88795 5.87469 8.00141 6.48216 12.2263 7.59312 5.32926 5.2821 5.52778 5.52158 5.15577 5.1242 5.96866
threshold=1.1116977334022524 0.0042543113231658944 0.77866068482398998 0.54498565196990978 0.68873336911201488 0.13303922116756442 -9.180299758911131 0.40067006647586828 5.0000000000000009 -0.59742465615272511 5.5000000000000009 0.43069243431091314 0.95136451721191417 0.074639469385147109 -0.89276501536369313 -0.025469432584941384 -0.99480292201042164 -1.6052116155624387 0.16666667163372043 0.20799621939659121 -8.5710973739624006 0.069703742861747756 -0.12036471813917159 0.56499999761581432 -0.58355271816253651 0.041638657450675971 -0.020520194433629509 1.0000000180025095e-35 -0.016373201273381707 -0.72115620970726002
decision_type=2 2 2 2 2 2 2 2 2 2 2 2 2 2 2 2 2 2 2 2 2 2 2 2 2 2 2 2 2 2
left_child=5 -2 3 27 12 6 -1 8 -8 11 17 13 -5 14 15 -10 -7 -11 19 -18 21 22 -20 -15 -19 26 -26 -3 -29 -30
right_child=1 2 -4 4 -6 16 7 -9 9 10 -12 -13 -14 23 -16 -17 18 24 20 -21 -22 -23 -24 -25 25 -27 -28 28 29 -31
leaf_value=-0.0029471742571679314 -0.0036074957479442006 -0.0029214140046313927 -0.0027446811325035521 -0.0015394770949907067 0.0038596357547094912 0.0018996462604700393 0.0024793554000020687 0.002795550572648073 0.00060657890907110375 -0.0035373549472047829 0.0020075802645870204 -0.00025661412990900928 0.0019696034612734009 0.0015888517531210955 -0.00050219675356798384 0.0038679120453402245 4.4949802790672215e-05 0.00092116267587038581 -0.0024863518394983245 -0.00126095212377393 -4.0772232442043154e-05 0.0028179912904136737 0.00082503470671678545 0.0044778196726042432 -0.0035223868033237753 0.00040056327335071836 -0.00067838133537453992 -0.0009565044437031318 0.001678143458655049 -0.00027301427510986802
leaf_weight=2166 2092 2067 3598 2831 2449 3823 5501 4502 3550 2183 2544 9697 2667 3736 5493 2781 24439 3518 2464 22544 170692 5860 5756 2801 3475 3155 3356 20599 4867 19955
leaf_count=2166 2092 2067 3598 2831 2449 3823 5501 4502 3550 2183 2544 9697 2667 3736 5493 2781 24439 3518 2464 22544 170692 5860 5756 2801 3475 3155 3356 20599 4867 19955
internal_value=-2.41638e-05 -0.000493052 -0.000382091 -0.00022828 0.00130575 7.33235e-05 0.000571801 0.000707703 0.000525706 0.000293048 -0.000694664 0.000934844 0.000163212 0.00156389 0.000861178 0.00204302 -5.03912e-05 -0.00113389 -8.26394e-05 -0.0005818 4.43096e-05 0.00107505 -0.000169391 0.00283168 -0.00074303 -0.00132965 -0.00212819 -0.000485216 -0.000373732 0.000110083
internal_weight=355161 61125 59033 55435 7947 294036 58458 56292 51790 46289 18231 28058 5498 18361 11824 6331 235578 15687 231755 46983 184772 14080 8220 6537 13504 9986 6831 47488 45421 24822
internal_count=355161 61125 59033 55435 7947 294036 58458 56292 51790 46289 18231 28058 5498 18361 11824 6331 235578 15687 231755 46983 184772 14080 8220 6537 13504 9986 6831 47488 45421 24822
is_linear=0
shrinkage=0.05


Tree=77
num_leaves=31
num_cat=0
split_feature=6 57 29 15 12 10 61 12 59 35 30 64 64 30 31 14 20 69 63 18 45 12 18 52 37 16 58 45 57 63
split_gain=9.9204 13.2401 6.39476 6.00578 6.46542 7.16342 6.10412 5.16316 5.11396 4.95842 6.01652 6.23957 4.651 8.70847 7.29756 9.0034 6.35784 7.93059 6.21495 5.88776 5.5308 6.62033 6.25693 5.8321 5.34996 5.02842 6.18757 5.56443 4.84833 5.79177
threshold=-1.426079213619232 1.0356438755989077 -0.9332049787044524 -6.8235108852386466 -6.934276580810546 1.2112479209899905 0.5000000149011613 -6.627199411392211 0.53550001978874218 -0.69177186489105214 0.040064834058284766 -0.087462160736322389 -0.16163039952516553 1.0577884912490847 -0.54925110936164845 -8.0809364318847638 1.1648694276809695 -0.010561542585492132 0.02768235839903355 0.51087823510169994 0.11066163703799249 -8.7717857360839826 1.2003648877143862 0.26685006916522985 1.0749179459946038e-13 -0.021322404034435746 2.0184860229492192 -0.49481178820133204 -0.84673961997032154 0.75821793079376232
decision_type=2 2 2 2 2 2 2 2 2 2 2 2 2 2 2 2 2 2 2 2 2 2 2 2 2 2 2 2 2 2
left_child=1 2 -1 12 5 6 8 -6 -5 -4 -11 -12 14 16 15 -2 17 20 -17 24 21 -14 23 -22 -18 27 -27 -16 29 -21
right_child=3 -3 9 4 7 -7 -8 -9 -10 10 11 -13 13 -15 25 18 19 -19 -20 28 22 -23 -24 -25 -26 26 -28 -29 -30 -31
leaf_value=0.0030088650036279177 0.0034350613576106339 0.0043463298744107126 0.0019052284539407376 -0.00048548961964188118 -0.001540235781577822 -0.00091854541896972891 0.0035214330598828977 0.0009533025224212863 0.0028378032762621784 0.00074806381990036612 -0.00011650131410043016 -0.0035424740136811546 -0.0038060046856176013 0.0011061720790960135 0.001076866546685148 0.0011852362060945267 -0.0041159897656868382 0.00039856658232162033 -0.0018466405372594464 -0.00094443563966517617 0.00038742108504924119 -0.00082599529355922461 0.0021268936342020801 -0.0021495453637404914 -0.00055502285808758944 -0.00069271903517129465 0.0021096418340879526 4.6423985252096257e-06 -0.00036961081865825309 -0.0037836918285102453
leaf_weight=2359 3492 2676 3426 2704 4070 2318 4427 4217 2011 6880 3387 2178 2085 11148 15618 7027 2196 49549 2215 12620 7101 16997 3123 3315 2028 30102 2098 53602 88687 2087
leaf_count=2359 3492 2676 3426 2704 4070 2318 4427 4217 2011 6880 3387 2178 2085 11148 15618 7027 2196 49549 2215 12620 7101 16997 3123 3315 2028 30102 2098 53602 88687 2087
internal_value=1.24271e-05 0.00106885 0.000585627 -5.3562e-05 0.000792087 0.00156092 0.00218992 -0.000271731 0.000934938 0.000223779 -0.000240267 -0.00146129 -0.000106583 -0.00025137 0.000148273 0.001276 -0.000331165 3.10323e-08 0.000457386 -0.000584021 -0.000605253 -0.00115343 0.000167634 -0.000421282 -0.00241167 6.56737e-06 -0.000509532 0.000246687 -0.000509129 -0.00134964
internal_weight=355743 20906 18230 334837 19747 11460 9142 8287 4715 15871 12445 5565 315090 200936 114154 12734 189788 82170 9242 107618 32621 19082 13539 10416 4224 101420 32200 69220 103394 14707
internal_count=355743 20906 18230 334837 19747 11460 9142 8287 4715 15871 12445 5565 315090 200936 114154 12734 189788 82170 9242 107618 32621 19082 13539 10416 4224 101420 32200 69220 103394 14707
is_linear=0
shrinkage=0.05


Tree=78
num_leaves=31
num_cat=0
split_feature=34 54 40 15 2 22 71 11 57 57 33 24 25 63 73 57 28 11 64 24 15 50 7 65 63 23 34 66 49 40
split_gain=7.28039 6.57634 6.49125 6.1871 8.95339 7.85732 8.86227 5.74149 6.17796 5.54348 5.58697 5.31703 7.03078 7.77307 5.75097 5.19761 5.19252 7.841 5.87626 10.3623 6.64284 6.75348 5.06159 4.99144 4.98366 4.94635 4.87263 5.56301 4.91198 5.7621
threshold=-0.52149292826652516 0.35424543917179113 0.96004071831703197 -7.2436714172363272 1.0890201330184939 1.6524559259414675 -0.38607926666736597 0.9993884563446046 0.55597439408302318 -1.5332967042922971 0.13610152155160907 1.3608562350273135 0.65037265419960033 0.19789376109838488 1.0000000180025095e-35 -1.3988242149353025 0.91018936038017284 0.790234535932541 -0.86237651109695423 2.2832962274551396 -7.4959070682525626 -0.31031508743762964 -0.36611814796924586 0.27236160635948187 -0.093330033123493181 0.62994748353958141 0.2248586639761925 1.1713203191757204 -0.69798287749290455 -0.67236042022705067
decision_type=2 2 2 2 2 2 2 2 2 2 2 2 2 2 2 2 2 2 2 2 2 2 2 2 2 2 2 2 2 2
left_child=1 16 3 9 15 6 -6 11 -9 10 -2 22 13 14 -13 -5 17 18 -1 20 21 -20 -4 -11 -24 -14 -17 28 -28 -30
right_child=2 -3 7 4 5 -7 -8 8 -10 23 -12 12 25 -15 -16 26 -18 -19 19 -21 -22 -23 24 -25 -26 -27 27 -29 29 -31
leaf_value=0.0032182015540869039 0.0021701082459897329 0.0025816913106277983 -0.0031907344692926349 -0.0017921426341084544 -0.0019006659925133113 -0.0031497779312901759 0.0019304824416794639 -0.0040358066181857069 -0.00081952030809630261 -0.00019922633088129238 -0.00047500028068329545 0.0041533237185955845 -0.0025175208111413976 -0.0011532678459186168 0.00080830233097569845 0.0010431327937847109 -0.00065443994848453195 -0.0013348841159898364 -0.0012355706672631437 -0.0025199974408518198 0.0024485746031315289 0.0015886461502322862 -0.002413731943135941 0.0015344838793352545 0.00060843000994249764 0.00016359227033953022 0.0016400421558356642 0.0024286126840960191 -0.0021262735768005653 4.7622147042293725e-05
leaf_weight=3051 5140 4086 2677 2117 3050 2971 2969 2488 3728 206121 3255 2333 2940 2333 2859 39837 7941 3585 3743 2017 6809 4846 2213 4227 3523 4124 2977 2241 4283 10511
leaf_count=3051 5140 4086 2677 2117 3050 2971 2969 2488 3728 206121 3255 2333 2940 2333 2859 39837 7941 3585 3743 2017 6809 4846 2213 4227 3523 4124 2977 2241 4283 10511
internal_value=2.21136e-05 0.000695226 -5.40527e-05 1.75964e-05 0.00042327 -0.00105051 -1.08029e-05 -0.000764223 -0.00211128 -0.00011401 0.00114517 -0.000399439 0.000177941 0.00124063 0.00231647 0.000637221 0.000453557 0.000819508 0.00119736 0.000841674 0.00128337 0.000357875 -0.0013997 -0.000164316 -0.000559719 -0.000954254 0.000723438 8.68321e-05 -0.000209676 -0.000582752
internal_weight=354995 36078 318917 289699 70956 8990 6019 29218 6216 218743 8395 23002 14589 7525 5192 61966 31992 24051 20466 17415 15398 8589 8413 210348 5736 7064 59849 20012 17771 14794
internal_count=354995 36078 318917 289699 70956 8990 6019 29218 6216 218743 8395 23002 14589 7525 5192 61966 31992 24051 20466 17415 15398 8589 8413 210348 5736 7064 59849 20012 17771 14794
is_linear=0
shrinkage=0.05


Tree=79
num_leaves=31
num_cat=0
split_feature=5 10 24 64 58 63 14 2 14 64 17 4 60 40 35 22 8 59 4 56 20 8 2 5 15 71 70 11 65 14
split_gain=9.61098 10.4566 7.37147 5.52627 5.62144 5.08606 7.49239 7.44025 6.74759 7.73019 7.30773 6.74285 6.15652 6.12586 7.76192 6.90357 5.99342 5.45804 6.31642 8.67079 6.4006 6.38302 5.828 5.52375 5.52238 5.54594 5.40812 5.26538 5.18407 7.19267
threshold=-1.5594999790191648 -0.10235219821333884 1.8036086559295657 -0.86237651109695423 0.50955083966255199 -0.22229901701211927 -8.6816534996032697 0.091657515615224852 -7.7361531257629386 -0.36319011449813837 0.64513960480690014 0.56913173198699962 0.70499998331069957 0.9824410378932954 0.25449627637863165 1.3207178711891177 -1.2201476097106931 0.28550000488758093 1.0631498098373415 1.0483167767524721 2.1629931926727299 1.5489678382873537 0.057815080508589752 2.006417036056519 -6.80702781677246 -0.31994360685348505 -2.3469007015228267 -1.6813881397247312 -0.16730853915214536 -7.9192082881927481
decision_type=2 2 2 2 2 2 2 2 2 2 2 2 2 2 2 2 2 2 2 2 2 2 2 2 2 2 2 2 2 2
left_child=1 3 -3 -1 -5 6 7 -2 9 -8 16 12 -11 17 -15 -16 -10 27 21 20 -20 24 -23 -21 26 -26 -19 -7 29 -29
right_child=5 2 -4 4 -6 13 8 -9 10 11 -12 -13 -14 14 15 -17 -18 18 19 23 -22 22 -24 -25 25 -27 -28 28 -30 -31
leaf_value=0.0044649286415786617 0.00041785029615709651 0.00074896851850771347 -0.0026703249372964626 0.00074979482074701768 0.0035270022438637326 0.0014174891739241141 0.00056914718499227778 0.0042454176674363098 0.0025103020172630259 -0.0017869987477427077 -0.001444453022383765 0.00051415595762239726 6.0664690943376123e-05 -0.00029728141653473594 -0.0050175649031048838 -0.0012284033584962814 0.00048004917513334877 -0.0016630592746510902 -0.0027900753040792162 0.00058533103562123461 0.00041999738863951605 -0.0030747593007248806 0.00013511406434949885 -0.0017175252699043614 0.0032191495668010095 0.00036796236630425808 0.00022161314681114539 0.0031280133229161116 -0.00082382661122650685 -0.00031641803061196647
leaf_weight=2011 2940 4881 2316 6247 2567 3287 15176 2228 3894 15658 4629 7122 6329 8170 2052 2904 52960 3930 6382 10562 2048 2833 2812 3445 3012 3922 112308 2004 50730 6119
leaf_count=2011 2940 4881 2316 6247 2567 3287 15176 2228 3894 15658 4629 7122 6329 8170 2052 2904 52960 3930 6382 10562 2048 2833 2812 3445 3012 3922 112308 2004 50730 6119
internal_value=-1.331e-06 0.00112335 -0.000353541 0.00210468 0.00156171 -6.14265e-05 0.000215937 0.00207298 0.000125012 -0.000345504 0.000463916 -0.00082239 -0.00125536 -0.000197266 -0.00124525 -0.00280423 0.000619521 -0.000132749 2.93381e-05 -0.000744676 -0.00201064 0.000164201 -0.00147838 1.81258e-05 0.000239595 0.00160932 0.000157755 -0.000527225 -0.000636061 0.000536148
internal_weight=355478 18022 7197 10825 8814 337456 110936 5168 105768 44285 61483 29109 21987 226520 13126 4956 56854 213394 151254 22437 8430 128817 5645 14007 123172 6934 116238 62140 58853 8123
internal_count=355478 18022 7197 10825 8814 337456 110936 5168 105768 44285 61483 29109 21987 226520 13126 4956 56854 213394 151254 22437 8430 128817 5645 14007 123172 6934 116238 62140 58853 8123
is_linear=0
shrinkage=0.05


Tree=80
num_leaves=31
num_cat=0
split_feature=0 45 6 32 68 58 49 65 57 11 7 62 1 15 49 20 55 45 50 21 8 55 71 24 35 16 45 71 17 21
split_gain=8.24795 8.09604 6.10986 5.88403 6.77358 5.77583 4.92419 5.0612 4.92076 8.14453 7.55528 6.63637 6.16403 8.34729 6.67864 7.45708 6.00493 6.35965 6.88748 5.86943 5.21546 5.09242 6.34533 4.9515 5.71794 5.98062 4.90644 4.8551 4.75387 6.22581
threshold=1.9388297796249392 -0.19418495893478391 -1.5749614238739011 -0.71095046401023854 -0.42484824359416956 -0.010217506904155014 -0.9942701756954192 -0.04006115905940532 0.93543586134910595 1.1116977334022524 1.0112328529357912 0.35833333432674414 -1.0000000180025095e-35 -7.7024927139282218 -0.096521310508251176 1.1885707378387453 1.3401077389717104 1.4107875227928164 1.1381654739379885 0.7857547700405122 0.19353374838829043 1.0711369514465334 -0.57046413421630848 2.0179134607315068 0.71433201432228099 -0.15976838022470471 0.26250262558460241 -0.38607926666736597 0.14145409315824511 0.99963867664337169
decision_type=2 2 2 2 2 2 2 2 2 2 2 2 2 2 2 2 2 2 2 2 2 2 2 2 2 2 2 2 2 2
left_child=2 -2 3 5 -5 -1 7 -4 9 16 11 -10 13 -11 20 26 21 18 19 -18 -14 28 -23 24 25 -12 -16 -9 29 -8
right_child=1 -3 6 4 -6 -7 8 27 10 12 23 -13 14 -15 15 -17 17 -19 -20 -21 -22 22 -24 -25 -26 -27 -28 -29 -30 -31
leaf_value=0.00071332353238312953 -0.0030914655983572117 -0.00029365352652684269 0.0011813201463811336 0.0020651530720044065 -0.00079071829193623055 0.0038369855269847226 -2.1972494026552522e-06 -0.0004929580567289959 -0.0014067583828863959 -0.0040511254656496786 0.0011388270011199605 0.00078655648261252416 -0.00025073641786236628 -0.0010502923996027807 0.0037037427274086844 -0.00074085721840911288 0.002493293774177811 -0.0013062657379459962 0.0038137959087856618 -6.5465753997669934e-05 -0.0036641714028409103 -0.0032906621570780964 -0.00045942505921577254 -0.0028501843995154437 0.002019430928620166 -0.0022339638298071746 0.00031346761389158492 0.0010003369063368772 -0.00050596234306123165 0.0013064178113263408
leaf_weight=2948 4041 7155 17601 3263 5669 2973 123490 14727 3724 3012 2007 45282 2427 9992 2195 5322 3418 2621 2378 6472 2069 2672 7566 2411 2024 3771 2072 8621 43855 9801
leaf_count=2948 4041 7155 17601 3263 5669 2973 123490 14727 3724 3012 2007 45282 2427 9992 2195 5322 3418 2621 2378 6472 2069 2672 7566 2411 2024 3771 2072 8621 43855 9801
internal_value=2.96172e-05 -0.00130533 7.30535e-05 0.00106469 0.000253719 0.00228557 2.83262e-05 0.000541356 -4.44879e-05 -0.000149401 0.000361808 0.000619632 -0.000963402 -0.00174793 -0.000238362 0.000507255 -4.03448e-05 0.000925782 0.00140332 0.000820471 -0.0018262 -0.000117156 -0.00120084 -0.000874731 -0.000261403 -0.00106247 0.00206205 5.86174e-05 -5.44612e-05 9.41171e-05
internal_weight=355579 11196 344383 14853 8932 5921 329530 40949 288581 229362 59219 49006 27089 13004 14085 9589 202273 14889 12268 9890 4496 187384 10238 10213 7802 5778 4267 23348 177146 133291
internal_count=355579 11196 344383 14853 8932 5921 329530 40949 288581 229362 59219 49006 27089 13004 14085 9589 202273 14889 12268 9890 4496 187384 10238 10213 7802 5778 4267 23348 177146 133291
is_linear=0
shrinkage=0.05


Tree=81
num_leaves=31
num_cat=0
split_feature=31 65 29 74 55 43 4 22 13 74 11 13 21 55 5 19 70 66 42 45 55 22 32 32 3 2 54 73 34 13
split_gain=6.37453 8.35069 10.9691 6.40407 6.36731 11.6197 13.5012 8.91986 8.14115 7.55622 6.93098 6.83795 6.81616 7.12691 6.38781 7.03483 6.32 6.07923 6.04046 5.76716 6.71336 7.6101 5.93118 5.92286 5.53879 5.52062 5.42231 8.30124 5.38595 5.86009
threshold=-0.50853335857391346 0.082569114863872542 -0.60932233929634083 4.5000000000000009 -0.027188048698008057 0.43333333730697637 0.53684750199317943 1.1680889129638674 -9.04730176925659 5.5000000000000009 0.57667875289917003 -7.4502742290496817 0.99963867664337169 0.64389979839324962 -1.7496723532676695 0.23082405328750613 -3.3781412839889522 0.71979016065597545 -0.56174489110708226 -0.69765922427177418 -1.6713621020317075 1.9911614060401919 -0.37817668914794916 -0.59675648808479298 1.111796021461487 0.74223008751869213 -1.0508392453193662 19.500000000000004 -0.17675401270389554 -7.5326242446899405
decision_type=2 2 2 2 2 2 2 2 2 2 2 2 2 2 2 2 2 2 2 2 2 2 2 2 2 2 2 2 2 2
left_child=1 3 -3 26 8 6 11 -8 -2 10 18 17 28 -14 15 -10 -16 -6 -9 -18 -21 22 23 -22 -15 -13 -1 -28 -7 -30
right_child=4 2 -4 -5 5 12 7 9 14 -11 -12 25 13 24 16 -17 19 -19 -20 20 21 -23 -24 -25 -26 -27 27 -29 29 -31
leaf_value=0.0021171908949277544 -0.0029956180754273113 0.00098997859723492674 -0.0022150980171938709 0.0019778434082364806 3.3402005194825388e-05 0.0016740424500095435 0.0004243653444224798 -0.0032640231721677206 0.0022638022212255965 -0.0037640007896426932 9.5979067378501393e-06 0.0014741929947070945 0.0033071636721218735 0.00206476591699946 -0.0025198788956402444 -0.0010454576165328047 -0.00090437231076531557 -0.0024269473244213882 -0.0011109489691074849 -0.0025035318211748606 -0.00078336218915201123 0.00181199859601781 -0.00032342162490898849 0.0014508233445921651 -0.0004894452176507218 -0.0010173425223768409 -0.00021532840304145317 0.0024414066684453404 0.00059480777060949021 -0.00033742293728967294
leaf_weight=4387 2764 5156 5516 10310 30119 7091 7873 4838 4893 3210 8013 13869 4155 4208 3237 2381 28583 2729 9986 2786 4192 5345 69345 10093 4266 2640 18950 3470 43004 27714
leaf_count=4387 2764 5156 5516 10310 30119 7091 7873 4838 4893 3210 8013 13869 4155 4208 3237 2381 28583 2729 9986 2786 4192 5345 69345 10093 4266 2640 18950 3470 43004 27714
internal_value=2.78773e-05 0.000565026 -0.000667141 0.000919388 -5.56626e-05 0.000143934 -0.000282199 -0.00105001 -0.000315144 -0.00149565 -0.0011753 0.000245576 0.000536312 0.00161331 -0.000258301 0.00118063 -0.000343086 -0.000171679 -0.00181536 -0.00028433 -9.11132e-05 -1.53023e-05 -0.000132292 0.000795102 0.000779858 0.00107539 0.000511719 0.000196766 0.000361322 0.000229476
internal_weight=355123 47789 10672 37117 307334 173715 83277 33920 133619 26047 22837 49357 90438 12629 130855 7274 123581 32848 14824 120344 91761 88975 83630 14285 8474 16509 26807 22420 77809 70718
internal_count=355123 47789 10672 37117 307334 173715 83277 33920 133619 26047 22837 49357 90438 12629 130855 7274 123581 32848 14824 120344 91761 88975 83630 14285 8474 16509 26807 22420 77809 70718
is_linear=0
shrinkage=0.05


Tree=82
num_leaves=31
num_cat=0
split_feature=33 9 17 71 11 27 40 47 55 29 17 0 13 9 27 13 33 21 37 41 45 35 3 11 17 64 14 17 55 34
split_gain=8.58264 9.02073 7.70929 6.90108 6.04106 10.056 9.82741 6.92801 13.6481 6.49632 6.67379 7.92567 10.605 7.13698 6.18407 5.78336 8.61042 7.78926 7.14089 6.77007 6.39289 5.36086 5.44841 7.13352 5.30209 5.25815 8.10224 5.12954 9.22228 5.06614
threshold=0.88789600133895885 0.97375261783599865 -0.16392496973276136 -0.49850133061408991 1.1698089838027956 -0.98329651355743397 0.96244606375694286 1.1971771717071535 0.14664035290479663 -0.97662320733070362 -0.29220947623252863 -1.0000000180025095e-35 -8.0103678703308088 -0.70168578624725331 -0.9859928786754607 -8.6737718582153303 -0.017268183641135689 0.12911541014909747 -0.26098230481147761 -1.0000000180025095e-35 -0.17758893221616742 0.59797829389572155 0.8369446098804475 0.24058464914560321 -0.38940946757793421 -0.16654583811759946 -7.0134472846984854 -0.54498520493507374 -0.10650464892387389 0.0044081320520490417
decision_type=2 2 2 2 2 2 2 2 2 2 2 2 2 2 2 2 2 2 2 2 2 2 2 2 2 2 2 2 2 2
left_child=4 3 -3 -2 9 -6 7 25 -9 -1 11 12 -11 27 -12 16 -15 -17 20 -18 -19 22 -20 -24 -8 29 -27 28 -13 -7
right_child=1 2 -4 -5 5 6 24 8 -10 10 14 13 -14 15 -16 17 19 18 21 -21 -22 -23 23 -25 -26 26 -28 -29 -30 -31
leaf_value=0.0026174000183489454 -0.00050602833258798108 -0.0020575809436654173 0.0018321805334654308 -0.0040364004831384371 -0.0031863295830790125 0.001640748637442252 -0.0043880082501603227 -0.0012898152530386553 0.0041409977188040714 -0.00079684882262454505 0.0011141080924254433 -0.0012329600922473729 0.00067267198948336819 -0.0003488294251858384 -0.00018466031122393097 0.0024818259167259868 0.001260687815868306 -0.0034519524021123012 0.00057572518562229555 0.0051632015417569675 0.00028914194033161057 0.0025100454059012751 5.4145096052208863e-06 -0.0030565551043142593 -0.00099472546304471359 -0.00097646428801924736 0.0015217732836715176 0.0030129212335396256 0.0031547809398879711 -0.00035114809983961327
leaf_weight=2531 2201 2258 2896 3735 3204 5844 2047 2068 2605 25515 9690 2614 23645 2793 166313 3740 2260 2505 23309 2193 2089 2623 6839 2625 2632 25475 3710 5455 2194 7014
leaf_count=2531 2201 2258 2896 3735 3204 5844 2047 2068 2605 25515 9690 2614 23645 2793 166313 3740 2260 2505 23309 2193 2089 2623 6839 2625 2632 25475 3710 5455 2194 7014
internal_value=-3.49698e-05 -0.00140337 0.000127367 -0.00273043 9.24493e-06 -0.000473041 -0.000303306 -8.42624e-05 0.00174001 0.000100395 7.80607e-05 0.000382794 -9.0045e-05 0.000762322 -0.000113096 0.000519907 0.00182725 0.000302914 9.85649e-05 0.00318985 -0.00175386 0.000339416 0.000164976 -0.000846204 -0.00248543 -0.000287393 -0.000658476 0.00196471 0.000771658 0.000554747
internal_weight=354622 11090 5154 5936 343532 54599 51395 46716 4673 288933 286402 110399 49160 61239 176003 50976 7246 43730 39990 4453 4594 35396 32773 9464 4679 42043 29185 10263 4808 12858
internal_count=354622 11090 5154 5936 343532 54599 51395 46716 4673 288933 286402 110399 49160 61239 176003 50976 7246 43730 39990 4453 4594 35396 32773 9464 4679 42043 29185 10263 4808 12858
is_linear=0
shrinkage=0.05


Tree=83
num_leaves=31
num_cat=0
split_feature=36 13 71 1 68 0 0 14 5 48 60 30 60 18 60 3 0 56 43 56 30 57 28 70 55 58 43 70 18 55
split_gain=7.56755 10.2819 10.3109 6.79603 6.37251 8.29846 5.55694 5.49955 6.71105 5.0299 6.81447 4.97705 4.87975 4.86825 4.66717 4.40361 9.94315 8.63324 8.50658 9.83744 7.05935 6.99435 6.14289 6.27967 5.7606 6.75592 6.46292 5.62085 5.32766 5.81585
threshold=-0.9582364261150359 -7.9089043140411368 -0.69701641798019398 -2.5903104543685909 -0.5708780288696288 -1.6517584323883054 -0.53626808524131764 -7.6128656864166251 -0.80943942070007313 1.1623277664184573 0.58499997854232799 -0.66823402047157276 0.81499999761581432 0.7866838574409486 0.94499999284744274 -0.69467929005622853 0.65211883187294017 -0.85388118028640736 0.36666667461395269 -1.0000000180025095e-35 -2.3019202947616573 0.96708944439888012 -1.3686472177505491 1.0000000180025095e-35 0.45158003270626074 0.57232016324996959 0.2333333417773247 -0.50433671474456776 1.3653461933135989 0.016380240209400657
decision_type=2 2 2 2 2 2 2 2 2 2 2 2 2 2 2 2 2 2 2 2 2 2 2 2 2 2 2 2 2 2
left_child=1 2 -1 -2 6 -6 -4 8 -3 14 -11 -10 -12 -7 15 16 24 -17 19 21 -20 -19 23 27 26 -26 -5 -22 -21 -30
right_child=3 7 4 9 5 13 -8 -9 11 10 12 -13 -14 -15 -16 17 -18 18 20 28 22 -23 -24 -25 25 -27 -28 -29 29 -31
leaf_value=0.00077567680889896375 0.0029399748745483744 0.0030099501333342065 -0.0018067540564534346 0.0017518574319300576 0.0014381679769879833 -7.5574282272289925e-05 -0.0048783101222101754 -0.00033754055531387913 -0.0015102416111746396 -0.0010722791314017048 0.0013228287224032822 0.0010634690327873874 -0.0006811132258646433 -0.0022969657821348176 0.0011287354008728669 -0.0011872083744345705 -0.0012596853580727554 0.00026098406173494731 0.0030589986895731957 -0.00028112499293222115 0.0013333978916526285 0.0026730375475141036 0.00063057336836582671 0.00036158320959559675 0.0010338322865327502 0.0045124217007085051 0.00024348419582497925 -0.0015151816979173637 -0.0026879123935849782 -0.00066557863699025167
leaf_weight=5287 2176 3033 3677 9447 2586 3426 2469 23189 2676 18408 6934 6239 5392 8802 13197 13002 6398 14912 2493 43146 2055 3755 71709 19788 3926 2163 28529 10774 5378 10479
leaf_count=5287 2176 3033 3677 9447 2586 3426 2469 23189 2676 18408 6934 6239 5392 8802 13197 13002 6398 14912 2493 43146 2055 3755 71709 19788 3926 2163 28529 10774 5378 10479
internal_value=5.70595e-05 -0.000447851 -0.00119637 0.000162469 -0.00169394 -0.00113107 -0.00304659 0.000111469 0.000982471 0.000141663 -0.000463274 0.000290096 0.000446364 -0.00167515 0.000212871 0.000164082 0.000580879 5.75573e-05 0.000145343 -0.000252801 0.000434836 0.000747357 0.000371842 -0.000197003 0.000848344 0.00227491 0.000619073 -0.0010582 -0.000569298 -0.00135273
internal_weight=355445 61384 26247 294061 20960 14814 6146 35137 11948 291885 30734 8915 12326 12228 261151 247954 50463 197491 184489 77670 106819 18667 104326 32617 44065 6089 37976 12829 59003 15857
internal_count=355445 61384 26247 294061 20960 14814 6146 35137 11948 291885 30734 8915 12326 12228 261151 247954 50463 197491 184489 77670 106819 18667 104326 32617 44065 6089 37976 12829 59003 15857
is_linear=0
shrinkage=0.05


Tree=84
num_leaves=31
num_cat=0
split_feature=33 40 5 56 32 56 43 20 56 12 43 66 43 66 70 51 27 27 19 0 6 27 65 23 43 21 64 15 60 40
split_gain=12.2986 7.25234 7.15637 14.017 8.56076 8.89019 10.0841 9.27318 8.60332 8.33241 7.30727 7.17345 7.18126 6.65259 7.76965 6.43836 6.31156 6.89181 6.71285 6.26017 5.82636 5.77983 5.65461 5.61778 5.57932 5.27998 5.29524 5.24798 4.79734 4.68462
threshold=-1.2351192235946653 0.94408002495765697 -0.55399814248085011 -1.4121786355972288 -0.37176381051540369 -0.62386596202850331 0.10000000521540643 1.3613268733024599 0.75515863299369823 -7.4744901657104483 0.16666667163372043 0.19832543283700946 0.83333334326744091 -0.12074471637606619 -1.5020056366920469 -0.40373557806015009 0.25935342907905584 0.59136295318603527 0.61813524365425121 -0.70752924680709828 1.852096736431122 -0.63139572739601124 0.030872797593474392 0.0042543113231658944 0.63333335518836986 0.20005327463150027 0.073812216520309462 -8.0543980598449689 0.46500000357627874 0.97533303499221813
decision_type=2 2 2 2 2 2 2 2 2 2 2 2 2 2 2 2 2 2 2 2 2 2 2 2 2 2 2 2 2 2
left_child=-1 2 3 9 10 11 7 -7 16 19 -5 12 -6 20 -15 -16 18 -18 25 22 -4 -11 -2 -12 27 26 -8 -3 -21 -29
right_child=1 24 13 4 5 6 8 -9 -10 21 23 -13 -14 14 15 -17 17 -19 -20 28 -22 -23 -24 -25 -26 -27 -28 29 -30 -31
leaf_value=0.0032313194294567439 0.0010412545652426922 -0.0021356268604999229 -0.00028448994830352481 0.0029816775827532851 0.00063141136809671198 0.0010999624712457838 0.0028758887458601189 -0.0028505754575300292 -0.0014317605787711805 0.0018832361748239046 -0.00089743067321277313 -0.0031390772495757009 -0.002229325023498136 -0.0016910722957030032 -0.00044898347289490728 0.00065082447112245392 0.0049417929031252425 0.0015731237026114905 0.0025600306871783468 -0.0045125867981044209 -0.0023749912030000993 -0.0013842783295825768 -0.0023116284207473805 0.0013555477874766871 -0.0015863927089454452 -0.0011438812857041175 -0.00037538489615732297 0.00098189424243140251 -0.0015210244854485238 -0.00055684283677485567
leaf_weight=2819 2734 3359 151978 5883 7380 2715 2554 3259 2629 3474 3327 2619 3110 4856 17765 52948 2507 3864 4547 2560 3398 2204 2312 16249 12707 4014 2444 7631 2833 14016
leaf_count=2819 2734 3359 151978 5883 7380 2715 2554 3259 2629 3474 3327 2619 3110 4856 17765 52948 2507 3864 4547 2560 3398 2204 2312 16249 12707 4014 2444 7631 2833 14016
internal_value=-5.22236e-05 -7.86203e-05 3.60361e-08 0.000397552 0.000715576 0.000273862 0.000768976 -0.00105634 0.0012526 -0.000926125 0.00143768 -0.000803567 -0.000218035 -0.000143215 0.000241561 0.000374499 0.00160724 0.00290437 0.000996069 -0.001764 -0.000330358 0.000614698 -0.000496519 0.000972385 -0.000733683 0.000205011 0.00128846 -0.00029991 -0.00294681 -1.42044e-05
internal_weight=354695 351876 314163 83218 67101 41642 28533 5974 22559 16117 25459 13109 10490 230945 75569 70713 19930 6371 13559 10439 155376 5678 5046 19576 37713 9012 4998 25006 5393 21647
internal_count=354695 351876 314163 83218 67101 41642 28533 5974 22559 16117 25459 13109 10490 230945 75569 70713 19930 6371 13559 10439 155376 5678 5046 19576 37713 9012 4998 25006 5393 21647
is_linear=0
shrinkage=0.05


Tree=85
num_leaves=31
num_cat=0
split_feature=40 63 33 63 35 13 51 9 7 30 54 14 11 57 31 28 12 10 25 57 20 25 66 31 0 39 18 9 28 28
split_gain=7.49674 7.22356 8.50632 8.6019 7.72398 6.73889 6.69949 6.57775 5.95501 6.14172 5.98024 7.71005 6.93983 8.17405 9.57316 7.86684 6.9241 6.59579 6.54141 5.94108 7.47147 5.75456 5.67171 6.67506 5.28923 5.21721 7.19926 5.18593 5.09484 8.15902
threshold=-0.99952408671379078 0.044715501368045814 0.92653223872184765 0.91509932279586803 0.59797829389572155 -8.0562276840209943 0.391280546784401 0.97375261783599865 1.1335473060607912 0.75016540288925182 0.065863922238349928 -7.9783790111541739 -0.42340362071990961 0.60008391737937938 -0.30243453383445734 -0.73023882508277882 -7.865431308746337 -0.04813497141003608 0.23058116436004641 -0.17634759098291394 1.3613268733024599 0.44293557107448583 -0.050067201256752007 -0.66082894802093495 0.63930153846740734 0.70400801301002514 1.292048513889313 1.7373868227005007 -1.8262220621109007 -0.096098862588405595
decision_type=2 2 2 2 2 2 2 2 2 2 2 2 2 2 2 2 2 2 2 2 2 2 2 2 2 2 2 2 2 2
left_child=-1 6 3 5 -5 28 27 -4 10 -10 12 -12 16 14 -14 21 -7 24 -13 20 -16 -15 23 -8 -18 -20 -27 -2 -3 -30
right_child=1 2 7 4 -6 8 22 -9 9 -11 11 18 13 15 19 -17 17 -19 25 -21 -22 -23 -24 -25 -26 26 -28 -29 29 -31
leaf_value=0.0022829283772940732 1.8840246626825945e-05 -3.0814105964309511e-05 -0.0033644544409015802 0.00027470460773792625 0.0028573550137660762 0.0018580937172544426 0.0024773892448846507 -0.00041316847959648134 -0.0018493606962714543 0.00094598352235389859 0.0032956933199972784 0.002677763840858615 -0.0035233078939174603 0.0036439590284124117 -0.0011969122140843399 -0.0014878015534654043 -0.00033214562694115307 -0.0024640856818809735 -0.00026325340194407586 -0.0020406875421307888 0.0024332701781661285 -5.4237491319582962e-05 0.0013318386081577367 6.6837388044669474e-05 0.0019511613927277521 0.00018600385146362423 0.003559831877519991 -0.0017296088112349469 -0.0018429440523863297 0.00023868448785456108
leaf_weight=3449 123285 10347 3884 25036 3264 5035 3118 3671 8927 2512 2227 2599 4733 2092 3539 3219 11248 2800 25358 5406 2350 2105 18443 35078 3264 5006 2302 4382 19624 6189
leaf_count=3449 123285 10347 3884 25036 3264 5035 3118 3671 8927 2512 2227 2599 4733 2092 3539 3219 11248 2800 25358 5406 2350 2105 18443 35078 3264 5006 2302 4382 19624 6189
internal_value=-3.34102e-05 -5.62326e-05 -0.000294686 -0.000216819 0.00057348 -0.000387733 0.000159494 -0.00193286 -0.000166018 -0.00123521 -1.90326e-05 0.000449146 -0.000402374 -0.00100315 -0.00163791 0.000369079 0.000228063 -0.000246812 0.000268502 -0.000845439 0.000253378 0.00179341 0.00061203 0.000264211 0.0001824 7.60532e-05 0.00125216 -4.13037e-05 -0.000968314 -0.00134395
internal_weight=354492 351043 166737 159182 28300 130882 184306 7555 94722 11439 83283 37492 45791 23444 16028 7416 22347 17312 35265 11295 5889 4197 56639 38196 14512 32666 7308 127667 36160 25813
internal_count=354492 351043 166737 159182 28300 130882 184306 7555 94722 11439 83283 37492 45791 23444 16028 7416 22347 17312 35265 11295 5889 4197 56639 38196 14512 32666 7308 127667 36160 25813
is_linear=0
shrinkage=0.05


Tree=86
num_leaves=31
num_cat=0
split_feature=40 59 71 40 51 33 54 22 11 29 30 25 59 21 54 71 47 44 22 55 31 43 29 54 65 22 71 68 21 17
split_gain=6.84392 5.99478 9.22092 6.09705 5.10517 8.66508 7.30688 8.4637 8.49515 8.48419 7.19548 5.19614 4.96657 6.5619 5.10888 5.14656 4.82227 5.11836 4.82116 6.67421 7.06375 4.96599 4.68511 5.02363 5.16806 4.96097 6.37365 4.55902 4.55193 4.45905
threshold=-0.99952408671379078 0.66850000619888317 -0.45418503880500788 0.97722181677818309 0.056813577190041549 0.92653223872184765 0.22488860040903094 1.9660296440124514 0.4363152831792832 0.55458632111549389 0.23110346496105197 0.76004433631896984 0.91349998116493236 0.20316150784492495 0.98293143510818493 -0.56787782907485951 0.79777351021766674 -0.77736321091651905 1.7253265380859377 0.027221000753343109 -0.30243453383445734 0.36666667461395269 0.62124380469322216 -0.54590645432472218 -0.12626942992210385 1.4857388734817507 -0.39871294796466822 -0.6448976695537566 0.12193801254034044 -0.50654867291450489
decision_type=2 2 2 2 2 2 2 2 2 2 2 2 2 2 2 2 2 2 2 2 2 2 2 2 2 2 2 2 2 2
left_child=-1 4 3 12 5 6 -2 8 9 27 -10 -9 13 28 29 -16 -4 -18 19 20 -14 -21 23 24 -6 -26 -27 -8 -3 -15
right_child=1 2 16 -5 22 -7 7 11 10 -11 -12 -13 18 14 15 -17 17 -19 -20 21 -22 -23 -24 -25 25 26 -28 -29 -30 -31
leaf_value=0.002183281984394742 -0.00064614299543878744 0.00069160744179373702 0.00089016865438830059 -0.0020093549646204626 -0.00090780126961737201 -0.0033100654679702225 -0.000596826494121333 0.0037038648993106497 -0.0011667626838411903 -0.0014444529052820053 0.00076287622760245295 0.00043495809082656745 0.00073128964480236676 0.0010991413265113797 2.7931300047809766e-05 -0.0034537300631148626 0.0018676695516649175 -0.0007903086053970105 -0.0030130113558728281 -0.001091218714649213 -0.0027225363975189707 0.0019085329843024916 0.00073804143003232143 -0.00032222494776084119 0.0017914903821209566 0.0016133911616625822 -0.0013905910707782123 0.0015955341882571744 0.0030447780590295757 -0.00033620589599768036
leaf_weight=3503 75745 8533 50164 4276 4521 2488 2889 2488 19187 3735 6448 2374 2235 7841 2062 2177 2258 8985 2168 2218 4354 3618 21348 60806 8886 3313 3758 13108 2701 17400
leaf_count=3503 75745 8533 50164 4276 4521 2488 2889 2488 19187 3735 6448 2374 2235 7841 2062 2177 2258 8985 2168 2218 4354 3618 21348 60806 8886 3313 3758 13108 2701 17400
internal_value=-1.2695e-05 -3.46049e-05 0.000250519 -0.000192599 -0.000183887 -0.000393931 -0.000336079 0.000131532 -8.11236e-05 0.000698538 -0.00068129 0.0021119 -5.18004e-05 0.000231887 -0.000160035 -0.00176405 0.000680437 -0.000255305 -0.000842897 -0.000462122 -0.00155166 0.000768546 7.90326e-05 -9.41156e-05 0.000583044 0.00100574 1.71659e-05 0.00119948 0.00125959 0.000109937
internal_weight=355587 352084 120990 59583 231094 128462 125974 50229 45367 19732 25635 4862 55307 40714 29480 4239 61407 11243 14593 12425 6589 5836 102632 81284 20478 15957 7071 15997 11234 25241
internal_count=355587 352084 120990 59583 231094 128462 125974 50229 45367 19732 25635 4862 55307 40714 29480 4239 61407 11243 14593 12425 6589 5836 102632 81284 20478 15957 7071 15997 11234 25241
is_linear=0
shrinkage=0.05


Tree=87
num_leaves=31
num_cat=0
split_feature=32 2 13 36 43 23 43 13 69 20 48 73 4 63 15 24 52 63 4 54 31 28 11 32 24 70 35 28 34 49
split_gain=8.83341 5.28799 7.55271 7.20084 8.45303 6.9349 6.9759 7.32466 6.81853 6.7643 6.5962 6.48574 6.31383 5.90807 6.75559 5.54918 5.93426 5.47134 6.6143 7.19105 5.42239 5.85791 5.35836 5.73341 8.23287 7.20362 6.80742 6.16145 5.65547 11.1506
threshold=-1.2316720485687254 -0.44195048511028284 -8.1975235939025861 0.85307607054710399 0.10000000521540643 0.18980564922094348 0.83333334326744091 -8.7255926132202131 -0.09373788163065909 1.3119460940361025 -0.16831145435571668 13.500000000000002 1.0108988285064699 0.11198923736810686 -7.9915349483489981 1.2462753653526308 -0.89478188753128041 -0.21626139432191846 1.3090313076972964 -0.97547355294227589 0.67791250348091137 -0.63275074958801258 -0.65040147304534901 -0.42038469016551966 1.1613069772720339 -0.32250921428203577 0.33278432488441473 0.80287480354309093 -0.27418935298919672 -0.19636949151754376
decision_type=2 2 2 2 2 2 2 2 2 2 2 2 2 2 2 2 2 2 2 2 2 2 2 2 2 2 2 2 2 2
left_child=-1 2 8 15 9 10 7 -7 -2 -5 -6 13 22 14 -10 16 -3 18 19 -17 -19 -22 28 25 -25 27 -27 -24 29 -4
right_child=1 3 12 4 5 6 -8 -9 11 -11 -12 -13 -14 -15 -16 17 -18 20 -20 -21 21 -23 23 24 -26 26 -28 -29 -30 -31
leaf_value=0.002793304816372251 -0.0014871213585216077 -0.0019664767113836633 0.00071003914022944208 0.00019820222249614379 0.00063650719711210672 0.003484912510203718 -0.00095088959725981291 0.00047843027019760025 -0.0014344472902298184 -0.0024658187824902274 0.004223893594464562 0.0022613587980272044 0.0026509514685467642 -0.0018981238203028676 0.0023217423242108031 0.0018618883021100784 -0.0004867076391722008 -0.00022089420439082766 0.0026169413366163774 -8.9581758526186613e-05 -0.00028181538077146268 -0.0034278741718022296 0.0011298980635622 0.0016079164613626064 -0.00015647977637870162 0.0030331867899987784 -0.00021066552111326131 -0.0012528756112480288 0.00050032619006541636 -0.0028083234523224075
leaf_weight=2874 9909 8009 4148 5044 2781 2114 8375 44035 2063 4504 2373 3077 3344 3752 2825 5510 43766 79017 3029 32597 3093 2830 11735 8691 27525 7469 2062 3519 10670 4908
leaf_count=2874 9909 8009 4148 5044 2781 2114 8375 44035 2063 4504 2373 3077 3344 3752 2825 5510 43766 79017 3029 32597 3093 2830 11735 8691 27525 7469 2062 3519 10670 4908
internal_value=3.73716e-05 1.48409e-05 0.000310797 -0.000111773 0.000320848 0.000541872 0.000375934 0.000616877 -0.000522377 -0.00105974 0.00229319 0.000294074 0.000525155 -0.000408348 0.000736735 -0.000280174 -0.000715947 -0.000101175 0.000372078 0.000193001 -0.000330385 -0.00178824 0.000436779 0.0006684 0.000267261 0.0012542 0.0023319 0.000579747 -0.000279464 -0.00119777
internal_weight=355648 352774 105697 247077 69226 59678 54524 46149 21626 9548 5154 11717 84071 8640 4888 177851 51775 126076 41136 38107 84940 5923 80727 61001 36216 24785 9531 15254 19726 9056
internal_count=355648 352774 105697 247077 69226 59678 54524 46149 21626 9548 5154 11717 84071 8640 4888 177851 51775 126076 41136 38107 84940 5923 80727 61001 36216 24785 9531 15254 19726 9056
is_linear=0
shrinkage=0.05


Tree=88
num_leaves=31
num_cat=0
split_feature=32 0 49 15 48 19 0 67 59 55 15 14 23 56 20 56 5 70 32 23 73 39 66 23 11 39 55 14 39 69
split_gain=9.04692 7.96217 8.12879 8.31213 6.28626 5.73271 6.355 6.32143 5.73148 5.62194 5.62017 5.06911 4.72121 6.65042 5.22316 4.63109 6.99942 6.56914 7.30954 5.30072 6.89642 6.97301 6.05644 8.21215 8.87206 7.47726 7.86978 9.00533 8.76614 7.33303
threshold=-0.62430247664451588 0.27230939269065862 0.91598820686340343 -7.3194344043731681 1.7338179945945742 0.018873048014938835 -2.2076979875564571 -0.098231639713048921 0.20250000059604648 -1.9978865981101988 -7.0776324272155753 -7.9445297718048087 0.40822598338127142 1.1223196983337405 1.5410531759262087 -1.1890159249305723 -0.11613354459404944 -2.3469007015228267 -0.49542245268821711 0.12963841855525973 6.5000000000000009 -0.14349126070737836 0.041745245456695564 0.91453880071640026 -0.1459587216377258 0.99199551343917858 -0.21443118155002591 -7.0919513702392569 0.45009414851665502 -0.0051668428350239983
decision_type=2 2 2 2 2 2 2 2 2 2 2 2 2 2 2 2 2 2 2 2 2 2 2 2 2 2 2 2 2 2
left_child=1 2 3 5 9 6 -1 -8 -6 -2 -5 -7 -10 14 -14 16 -11 -17 -19 20 -20 -22 23 24 25 26 28 -28 -21 -25
right_child=4 -3 -4 10 8 11 7 -9 12 15 -12 -13 13 -15 -16 17 -18 18 19 22 21 -23 -24 29 -26 -27 27 -29 -30 -31
leaf_value=0.0023696411001869959 -0.0025932307122678113 -0.0020869628390227527 -0.0018019156207702018 0.0043832295523313974 0.00084380012688386726 0.0039187939916903386 -0.0021411302572063007 0.00096230659538397022 0.00019207488652172634 -0.0013143108013027119 0.0013844168969414697 0.00090739094655509504 -0.0017971726182951552 -0.0003673604815027087 -0.0048894522694846176 -0.001544549775655261 0.0010636507514754383 0.0015787973259077639 -0.00045117902159724831 0.00025446573601810741 0.00052033760129782311 0.0027459392267986777 0.00038046178104615995 -0.0027334441375936156 -0.00035252559094695675 0.0028270325039998936 0.00098585387407456866 -0.00095607332114408571 -0.0018026123289695954 -0.00058498174031149043
leaf_weight=2135 2103 2025 2078 3362 3054 2192 3678 2948 2819 13921 2936 3848 3007 3265 2521 6374 3970 7871 7563 14416 8849 5840 66946 5043 98963 2991 36388 7133 8071 18600
leaf_count=2135 2103 2025 2078 3362 3054 2192 3678 2948 2819 13921 2936 3848 3007 3265 2521 6374 3970 7871 7563 14416 8849 5840 66946 5043 98963 2991 36388 7133 8071 18600
internal_value=-1.3984e-07 0.000912747 0.00117562 0.00146959 -6.9944e-05 0.0008212 3.75039e-06 -0.000760998 -0.00108147 -2.28223e-05 0.00298965 0.00200494 -0.00158811 -0.0021584 -0.00321366 -5.46641e-06 -0.000786343 4.19091e-05 7.69909e-05 3.484e-05 0.000775161 0.00140645 -2.89027e-05 -0.000171945 -4.91076e-05 0.000386063 0.000275045 0.00066743 -0.000484331 -0.00104421
internal_weight=354910 25202 23177 21099 329708 14801 8761 6626 14666 315042 6298 6040 11612 8793 5528 312939 17891 295048 288674 280803 22252 14689 258551 191605 167962 68999 66008 43521 22487 23643
internal_count=354910 25202 23177 21099 329708 14801 8761 6626 14666 315042 6298 6040 11612 8793 5528 312939 17891 295048 288674 280803 22252 14689 258551 191605 167962 68999 66008 43521 22487 23643
is_linear=0
shrinkage=0.05


Tree=89
num_leaves=31
num_cat=0
split_feature=11 19 12 43 43 10 49 28 2 23 57 68 15 21 56 22 7 54 4 12 33 43 31 46 28 51 0 54 73 13
split_gain=6.8496 9.30974 9.48095 7.34149 7.27382 7.50996 7.07038 6.42515 6.34745 5.52058 5.05481 6.35148 6.14319 5.42344 9.37353 7.52893 6.55737 6.17717 5.60031 7.79704 7.19468 7.00029 5.58362 6.48608 6.18174 5.51426 5.47718 5.57672 5.4915 5.80096
threshold=1.4614753127098086 0.039233369752764709 -8.2252383232116681 1.0000000180025095e-35 0.83333334326744091 -0.53341144323348988 -0.71190840005874623 0.56991520524024974 -2.786008238792419 0.57707396149635326 1.0529490113258364 0.94082772731781017 -6.7627723217010489 0.18754035979509356 -1.5384531021118162 1.2399958968162539 -1.151145815849304 -1.5280675888061521 0.099821817129850401 -8.9979834556579572 0.29137526452541357 0.56666669249534618 0.031442472711205489 0.14560583978891375 -0.84293311834335316 0.28826552629470831 1.1429260373115542 0.1959483474493027 16.500000000000004 -7.821176052093505
decision_type=2 2 2 2 2 2 2 2 2 2 2 2 2 2 2 2 2 2 2 2 2 2 2 2 2 2 2 2 2 2
left_child=8 2 -2 -3 5 -5 -7 -8 -1 -6 12 -12 13 14 -10 -16 25 22 -19 -20 -21 26 23 -15 -24 -17 28 -28 -22 -30
right_child=1 3 -4 4 9 6 7 -9 10 -11 11 -13 -14 17 15 16 -18 18 19 20 21 -23 24 -25 -26 -27 27 -29 29 -31
leaf_value=0.002591034406988811 -0.0048417978386496793 -0.0029749496167988509 -0.00091064140643268548 0.0025207696274349538 -8.6831080991873983e-05 -0.0018164344071496326 4.869164130617544e-05 0.0030179445509717368 -0.0010006563080057803 -0.0035656536138557078 0.00031279142535140664 0.0019991059905761 0.0011188588222423202 -0.00097950032332918494 -0.00016338750437032396 -0.00097378689565264355 0.0014714091902282966 -0.00046854795086598576 0.0019509015962041309 0.00040935597880624062 -0.0017269929603627551 0.00028776252659358574 0.0017523562591853265 -0.0045560490155412848 -0.002086766388445193 0.0020592003603201936 0.0018588884951039595 -0.00098167307478819383 -0.0020496188136966604 0.00092780200721836288
leaf_weight=2503 2366 2317 4344 3192 2178 4602 17187 2028 10807 2385 36738 6576 11470 2900 19449 5780 25064 73732 5367 53104 17205 21119 2175 2252 2006 2012 3247 3671 2472 4789
leaf_count=2503 2366 2317 4344 3192 2178 4602 17187 2028 10807 2385 36738 6576 11470 2900 19449 5780 25064 73732 5367 53104 17205 21119 2175 2252 2006 2012 3247 3671 2472 4789
internal_value=9.28306e-06 -0.000601823 -0.00230194 -0.000264622 -6.48375e-05 0.000247309 -5.83151e-05 0.000363481 8.82034e-05 -0.00190897 6.8038e-05 0.000569213 -1.27925e-05 -6.33104e-05 0.000339282 0.000616271 0.0010777 -0.000194266 -0.000130811 9.36055e-05 -9.59e-07 -0.00041597 -0.00144859 -0.00254865 -9.01987e-05 -0.000188993 -0.000889468 0.000352318 -0.0012406 -8.72826e-05
internal_weight=355037 40599 6710 33889 31572 27009 23817 19215 314438 4563 311935 43314 268621 257151 63112 52305 32856 194039 184706 110974 105607 52503 9333 5152 4181 7792 31384 6918 24466 7261
internal_count=355037 40599 6710 33889 31572 27009 23817 19215 314438 4563 311935 43314 268621 257151 63112 52305 32856 194039 184706 110974 105607 52503 9333 5152 4181 7792 31384 6918 24466 7261
is_linear=0
shrinkage=0.05


Tree=90
num_leaves=31
num_cat=0
split_feature=33 9 36 23 12 43 3 70 44 56 19 36 43 56 49 12 56 33 11 35 17 21 50 9 19 65 7 22 21 12
split_gain=7.07194 10.67 6.89291 9.80797 7.23565 7.04489 8.86229 7.50737 7.82917 7.29654 12.209 7.38586 6.72883 6.86401 7.03832 6.39192 6.14787 7.882 5.82074 5.76627 5.79736 7.20599 5.56016 5.63767 5.38725 5.20948 5.12553 5.02402 5.02042 4.94602
threshold=1.0258601903915407 0.95858392119407665 -0.94432520866394032 0.10091860964894296 -8.7717857360839826 0.16666667163372043 0.082191735506057753 -0.38200205564498896 0.67647176980972301 1.2251237630844118 0.72687911987304699 0.89498746395111095 1.0000000180025095e-35 1.1223196983337405 0.95072293281555187 -8.4246358871459943 -0.62386596202850331 0.092977497726678862 0.13295024633407596 -0.75558292865753163 0.31947523355484014 1.0000000180025095e-35 2.0715988874435429 -1.6207182407379148 0.51116162538528453 -0.081042405217885957 -1.5957579612731931 1.2290905714035036 0.19135142117738727 -8.4466261863708478
decision_type=2 2 2 2 2 2 2 2 2 2 2 2 2 2 2 2 2 2 2 2 2 2 2 2 2 2 2 2 2 2
left_child=2 -2 4 19 -1 6 7 28 25 11 -11 22 -6 14 -14 -12 24 -18 -17 -4 21 -21 23 -7 -13 27 -23 -9 -5 -19
right_child=1 -3 3 5 12 9 -8 8 -10 10 15 16 13 -15 -16 18 17 29 -20 20 -22 26 -24 -25 -26 -27 -28 -29 -30 -31
leaf_value=-0.0022711988062285348 -0.0036021454786672176 0.00031151071958378305 0.0031178517956299552 0.00060036458469159228 0.0017880086651036636 -0.0018666695144147389 -0.0010385928917210382 0.00079933798303656817 -0.0015766102268291336 0.0035402028626334188 0.00270419937732374 0.00047601909890195005 -0.00027442582726227037 0.0020457281193870919 -0.0019708433811006843 0.0010805854962890145 0.0017654049674450095 0.0019248521514998473 -0.00087632937526375932 -0.00091453277871395141 -0.0013692104425851164 0.0035251342073479293 -0.0021925535025907081 4.1371685161164994e-05 -0.0023395138343919554 0.00058683217474749709 0.0011487268762533705 0.0040010727470673971 -0.0024649653049664075 -1.7343708254704938e-05
leaf_weight=4699 3263 3719 3063 2141 3835 3980 27645 2232 2950 4103 2815 4076 45064 2769 7065 7682 16016 3955 7500 3757 2686 2631 2988 130192 2900 10173 16297 2723 3527 18918
leaf_count=4699 3263 3719 3063 2141 3835 3980 27645 2232 2950 4103 2815 4076 45064 2769 7065 7682 16016 3955 7500 3757 2686 2631 2988 130192 2900 10173 16297 2723 3527 18918
internal_value=5.4383e-05 -0.00152005 8.59793e-05 0.000190914 -0.000385364 9.323e-05 -0.000430215 0.000278195 0.000775984 0.000224386 0.00108235 0.000120734 -0.000234125 -0.000375685 -0.000504674 0.000520353 0.000669933 0.000915091 0.000113917 0.00107182 0.000823676 0.00108381 -6.29482e-05 -1.53622e-05 -0.000696102 0.00123548 0.00148074 0.00256335 -0.00130807 0.000319178
internal_weight=355364 6982 348382 284950 63432 256516 51391 23746 18078 205125 22100 183025 58733 54898 52129 17997 45865 38889 15182 28434 25371 22685 137160 134172 6976 15128 18928 4955 5668 22873
internal_count=355364 6982 348382 284950 63432 256516 51391 23746 18078 205125 22100 183025 58733 54898 52129 17997 45865 38889 15182 28434 25371 22685 137160 134172 6976 15128 18928 4955 5668 22873
is_linear=0
shrinkage=0.05


Tree=91
num_leaves=31
num_cat=0
split_feature=63 59 11 14 2 43 30 22 5 21 64 55 69 12 64 23 26 14 15 19 5 9 15 22 2 31 43 24 25 73
split_gain=9.86955 7.86828 8.35762 9.62063 6.53113 8.22435 7.47188 6.60166 6.52265 6.42555 9.98902 7.29988 6.39736 6.3684 7.08895 6.7224 7.24635 7.32988 6.3541 6.84991 7.34415 6.08525 5.85923 5.71253 5.6133 5.58229 5.39887 5.31135 5.28204 5.02677
threshold=-0.30794006586074824 0.48950000107288366 0.89633336663246166 -8.3540215492248517 0.42773839831352239 0.30000001192092901 0.48777495324611669 2.157760858535767 1.3283774852752688 0.24763359129428866 -0.5894753336906432 -0.7878131866455077 -1.5713713765144346 -9.0352020263671857 -0.95379543304443348 0.29863317310810095 1.0981932282447817 -8.2798829078674299 -7.7296807765960684 0.14760711789131167 -1.1638195514678953 -1.4781259298324583 -8.2086687088012678 1.9324585199356081 1.4894469976425173 0.36445911228656774 0.70000001788139354 1.681200444698334 0.042593989521265037 16.500000000000004
decision_type=2 2 2 2 2 2 2 2 2 2 2 2 2 2 2 2 2 2 2 2 2 2 2 2 2 2 2 2 2 2
left_child=4 2 8 -4 7 6 -6 -1 21 10 -3 -11 -13 -14 -15 27 17 -17 22 20 -20 -2 -12 -5 -7 -18 -10 -16 -23 -30
right_child=1 9 3 23 5 24 -8 -9 26 11 18 12 13 14 15 16 25 -19 19 -21 -22 28 -24 -25 -26 -27 -28 -29 29 -31
leaf_value=0.00054574258478777419 -0.0018463541533607704 0.0031645808227410473 -0.0042505967223861697 -0.0012168663352959623 -0.00068049017310609951 2.5931966988354074e-05 -0.0040694774121320656 0.0024557152394574493 -0.0022448376080392483 -0.0015592755618781668 0.0015822979032614239 0.0020736449498706408 0.0023099367986054459 -0.0020927686643390396 0.00034330634214548364 -0.0021456339562941264 0.0027983108537431036 -0.00019553607309038862 0.0020286899951844936 0.0018448332209320521 -0.00056073150029020116 0.0024630975740529849 -0.0013856506396346931 0.00092080563438088747 0.0023222933167337022 -0.00036530775469572658 0.00055786477090055968 0.0030251363140795318 -0.00031327677162938715 0.00055716511456810021
leaf_weight=67224 4675 3598 2359 22719 8083 17301 2028 4842 6577 7990 2148 3624 2701 4440 4982 5288 3358 53291 3709 9769 10374 2121 7249 3616 3135 2376 2320 2926 56781 23419
leaf_count=67224 4675 3598 2359 22719 8083 17301 2028 4842 6577 7990 2148 3624 2701 4440 4982 5288 3358 53291 3709 9769 10374 2121 7249 3616 3135 2376 2320 2926 56781 23419
internal_value=1.27016e-06 -0.000166819 -0.000449567 -0.00119806 0.000414715 -0.000197934 -0.00136358 0.000674394 -0.000225496 0.000108785 0.000665726 -0.000116835 2.22165e-05 -7.17098e-05 -0.000155913 -3.65655e-05 -0.000205786 -0.00037191 0.000394445 0.000828207 0.000122193 -9.35428e-05 -0.000706265 -0.000923109 0.000379171 0.00148905 -0.00151419 0.00133816 6.21128e-06 -5.90635e-05
internal_weight=355023 252410 124587 28694 102613 30547 10111 72066 95893 127823 36847 90976 82986 79362 76661 72221 64313 58579 33249 23852 14083 86996 9397 26335 20436 5734 8897 7908 82321 80200
internal_count=355023 252410 124587 28694 102613 30547 10111 72066 95893 127823 36847 90976 82986 79362 76661 72221 64313 58579 33249 23852 14083 86996 9397 26335 20436 5734 8897 7908 82321 80200
is_linear=0
shrinkage=0.05


Tree=92
num_leaves=31
num_cat=0
split_feature=34 58 15 8 62 53 19 35 6 70 35 48 59 63 63 34 15 40 41 17 43 19 69 55 53 19 56 53 43 48
split_gain=7.86062 10.3702 7.9793 6.91766 6.5152 5.3699 5.80866 8.43277 5.5653 6.0079 5.63877 5.40464 5.30448 5.57858 7.67268 5.12325 4.94809 4.71085 4.9479 5.31547 4.34334 6.97227 5.59525 4.85559 4.2856 4.12293 4.99045 4.38158 4.17851 4.40786
threshold=-0.55128526687622059 0.09795736521482469 -7.3040552139282218 -1.010802626609802 0.39166666567325598 0.041846534237265594 1.0000000180025095e-35 0.33278432488441473 2.1141473054885869 2.1774101257324223 0.82732823491096508 1.5487338304519656 0.15049999952316287 -0.0656469091773033 0.66984036564826976 0.58906403183937084 -7.2790739536285392 0.72836405038833629 1.0000000180025095e-35 0.13530049473047259 0.16666667163372043 0.045471694320440299 -0.09373788163065909 -0.72482952475547779 -0.49704840779304499 0.074137981981039061 -1.3316470384597776 -1.8749736547470091 0.30000001192092901 -0.14392018318176267
decision_type=2 2 2 2 2 2 2 2 2 2 2 2 2 2 2 2 2 2 2 2 2 2 2 2 2 2 2 2 2 2
left_child=1 3 4 17 -3 6 7 16 9 10 11 12 13 -8 -15 -11 -2 18 19 -1 21 22 -7 -23 -5 28 -27 -28 -14 -30
right_child=5 2 -4 24 -6 20 8 -9 -10 15 -12 -13 25 14 -16 -17 -18 -19 -20 -21 -22 23 -24 -25 -26 26 27 -29 29 -31
leaf_value=-0.00088425556333906498 -0.0009535103049961559 -7.5116980834222873e-05 0.0038220265248226481 -0.0003939740646904178 0.002382237429998308 -0.00010697959772901949 4.7994940909769621e-05 -0.0030109042368449543 -0.0027161387840814546 0.0020458041861085604 0.0013439427654787985 -0.0015136725486805851 0.0027231841339846875 -0.0024286017812730973 0.00045810610834306239 -0.00089687666489732384 0.0011534580575590309 0.0012563566809882221 1.0670433810759075e-05 -0.0040628093967758922 0.00027012383663896323 -0.002890659178416998 0.0033289132544745666 -0.00051392105943981893 0.0024476394456378441 -0.0019410183091225532 0.0013393987488620734 -0.00014506702391135922 0.0018973942420102991 -0.0010381303279868757
leaf_weight=3093 14569 5807 3463 2126 5026 2835 8391 4312 2097 5465 5666 8133 2536 8453 3158 2020 3436 2373 4458 2288 118753 2364 2025 22763 3509 3671 5241 93167 2266 2909
leaf_count=3093 14569 5807 3463 2126 5026 2835 8391 4312 2097 5465 5666 8133 2536 8453 3158 2020 3436 2373 4458 2288 118753 2364 2025 22763 3509 3671 5241 93167 2266 2909
internal_value=-1.27228e-05 0.000732964 0.00173591 -7.09466e-05 0.00106612 -8.66679e-05 -0.000273994 -0.00102743 -0.000164159 -0.000128559 -0.000200581 -0.000264123 -0.000185714 -0.000934378 -0.00164375 0.00125152 -0.000551008 -0.000739536 -0.0012217 -0.00224081 0.000134351 -0.000403239 0.00132854 -0.00073859 0.00137674 -4.92461e-05 -0.000133497 -6.58795e-05 0.00106481 0.000248441
internal_weight=356373 32143 14296 17847 10833 324230 175490 22317 153173 151076 143591 137925 129792 20002 11611 7485 18005 12212 9839 5381 148740 29987 4860 25127 5635 109790 102079 98408 7711 5175
internal_count=356373 32143 14296 17847 10833 324230 175490 22317 153173 151076 143591 137925 129792 20002 11611 7485 18005 12212 9839 5381 148740 29987 4860 25127 5635 109790 102079 98408 7711 5175
is_linear=0
shrinkage=0.05


Tree=93
num_leaves=31
num_cat=0
split_feature=33 13 52 53 11 70 24 67 21 43 17 13 37 12 0 55 15 25 55 31 53 0 69 17 15 17 62 5 22 45
split_gain=7.31712 5.70962 4.75707 8.08351 5.20343 5.74687 5.04871 5.55499 4.58001 5.44243 5.47252 5.19991 5.67553 4.8685 4.75492 4.50624 4.50429 4.47335 6.41263 5.72079 5.01751 4.98558 4.91342 6.98749 5.30139 4.57055 4.47142 5.07879 5.85813 6.3653
threshold=-1.0478919744491575 -7.366130828857421 -0.27589404582977289 -1.8749736547470091 1.5214498639106753 0.031183103099465374 0.92268031835556041 0.16085286438465121 0.14844547957181933 0.30000001192092901 -0.43673585355281824 -7.6356890201568595 -0.22853806614875791 -7.9029617309570304 -1.4924939870834348 -0.80058804154396046 -7.3646667003631583 0.15117527544498446 -0.17601156234741208 -0.49376662075519556 -0.18692936003208158 -1.1063882708549497 0.12054024636745454 -0.87461489439010609 -8.2900419235229474 -0.50160750746726979 0.35833333432674414 1.5911241173744204 1.206465005874634 -0.033634902909398072
decision_type=2 2 2 2 2 2 2 2 2 2 2 2 2 2 2 2 2 2 2 2 2 2 2 2 2 2 2 2 2 2
left_child=1 -1 4 -4 6 -6 7 -2 9 10 -8 13 -13 -11 -10 16 -16 18 19 -5 26 -22 -23 -24 -25 -21 -19 28 -28 -30
right_child=2 -3 3 17 5 -7 8 -9 14 11 -12 12 -14 -15 15 -17 -18 20 -20 25 21 22 23 24 -26 -27 27 -29 29 -31
leaf_value=0.0029737956852497146 -0.0022314942619288233 -0.0003200165696896486 0.0017399070096913662 0.0015799513580579455 -0.0021679301240328961 -1.996891756891648e-05 0.003676114879274427 0.00059047587668559307 -0.0024725718107730778 -5.7625336976041205e-05 0.00077446064885383181 0.0023062866296464086 -0.00071779983965307827 -0.0026814662979824993 -0.0018374982185131305 -4.6132191772484735e-06 0.00021137406757527593 -0.0017875639913454749 0.0023923538078811854 -0.0022016617866452808 0.0010766180950926433 -0.00015175177488380482 0.0033635806928749902 0.0028209614267937521 0.00022410231221744385 0.00019422817732887301 -0.00084632874959450488 -0.002327082075503722 0.00090598513641178518 -0.00035588818239889211
leaf_weight=3654 5587 2050 7447 5728 7100 5541 2299 2528 2312 6548 5511 3861 2583 2412 7263 61634 4247 5037 4654 2584 13655 81120 2057 2076 34023 8551 19930 2779 17864 22659
leaf_count=3654 5587 2050 7447 5728 7100 5541 2299 2528 2312 6548 5511 3861 2583 2412 7263 61634 4247 5037 4654 2584 13655 81120 2057 2076 34023 8551 19930 2779 17864 22659
internal_value=1.6721e-05 0.00179152 -1.22875e-05 0.000120571 -0.000268327 -0.00122716 -0.000154718 -0.00135274 -5.60609e-05 0.000557953 0.00163222 1.25835e-05 0.00109488 -0.000766156 -0.000245011 -0.000174272 -0.00108197 6.63492e-05 0.000751399 0.000297365 -6.94612e-06 0.000171988 6.83425e-05 0.000536182 0.000374184 -0.000363241 -0.000355335 -0.00024098 -0.000144714 0.000200477
internal_weight=355294 5704 349590 230164 119426 12641 106785 8115 98670 23214 7810 15404 6444 8960 75456 73144 11510 222717 21517 16863 201200 132931 119276 38156 36099 11135 68269 63232 60453 40523
internal_count=355294 5704 349590 230164 119426 12641 106785 8115 98670 23214 7810 15404 6444 8960 75456 73144 11510 222717 21517 16863 201200 132931 119276 38156 36099 11135 68269 63232 60453 40523
is_linear=0
shrinkage=0.05


Tree=94
num_leaves=31
num_cat=0
split_feature=6 31 62 8 55 19 73 28 4 72 59 23 32 40 6 69 55 31 54 56 40 59 28 2 15 31 31 45 43 59
split_gain=9.77607 10.701 7.18075 8.03095 8.52259 8.33698 8.19921 10.6272 7.43725 6.71695 6.31159 6.16507 9.36845 8.14623 6.17586 6.09299 7.73825 9.10862 6.0487 5.99117 5.86608 6.40028 5.85739 5.59626 5.53944 5.40618 9.64329 5.27567 5.19143 4.98701
threshold=-1.0200303196907041 -0.50853335857391346 0.60833334922790538 0.44001434743404394 -0.33648283779621119 0.66671821475029003 15.500000000000002 -0.53185576200485218 0.72205942869186412 5.0000000000000009 0.63750001788139354 0.93701511621475231 0.43156372010707861 -0.99655601382255543 0.96625429391860973 -0.0025217700749635692 0.67791575193405162 -0.15033119916915891 0.72568228840827953 0.93384909629821788 0.98554667830467235 0.50650000572204601 -1.7157179713249204 0.42773839831352239 -7.4913158416748038 -0.583308845758438 -0.71537500619888295 -0.11970526725053786 0.30000001192092901 0.28149999678134924
decision_type=2 2 2 2 2 2 2 2 2 2 2 2 2 2 2 2 2 2 2 2 2 2 2 2 2 2 2 2 2 2
left_child=1 25 3 4 5 6 10 -8 22 -3 -2 13 -13 -6 -14 19 -17 -18 29 -15 -5 -22 -7 -4 -21 26 -1 -28 -24 -11
right_child=2 9 23 20 11 8 7 -9 -10 18 -12 12 14 15 -16 16 17 -19 -20 24 21 -23 28 -25 -26 -27 27 -29 -30 -31
leaf_value=0.0026784779673126092 -0.0011243046272483826 0.0023052750598848174 0.0027544246407984192 -0.00045793735510427433 0.0028542868197678163 0.00093217504593698678 0.0019892493586881263 -0.00067586766069536411 -0.0035218146506969718 -0.0015600515556842324 0.00030959858171257211 -0.0022610785398369105 0.0020751203755010081 -0.00032336504589312442 -0.00085735709748070005 0.00091492826647689379 -0.0018238717032566687 0.00061373687041660916 0.0016148007205166318 -0.00018230450078385719 -0.00053707240998482114 -0.0038369255345632684 -0.0031819743260392401 -7.202072359825383e-05 0.0032968298337402273 0.003574336340653521 0.0011176927145812197 -0.0021472968907782337 -0.00078004817018005991 2.2920621573907081e-05
leaf_weight=5484 20083 3155 3689 102010 3134 3335 8586 6615 3333 6916 12411 5969 3147 44364 4154 47722 6354 9625 4265 2261 3152 2749 3119 3325 2304 3230 2726 2249 8041 17666
leaf_count=5484 20083 3155 3689 102010 3134 3335 8586 6615 3333 6916 12411 5969 3147 44364 4154 47722 6354 9625 4265 2261 3152 2749 3119 3325 2304 3230 2726 2249 8041 17666
internal_value=-6.33106e-05 0.000619316 -0.000164108 -0.000200804 -8.92022e-06 -0.000473273 -0.000128355 0.000829792 -0.00139544 0.000118696 -0.000576702 0.000226895 -0.000793514 0.000343923 0.000407758 0.000273823 0.000596092 -0.000356105 -0.000121166 -0.000145776 -0.000546725 -0.00207821 -0.000904408 0.00141635 0.00157702 0.00178872 0.00123439 -0.000359626 -0.00145359 -0.000422892
internal_weight=355173 45691 309482 302468 194557 65523 47695 15201 17828 32002 32494 129034 13270 115764 7301 112630 63701 15979 28847 48929 107911 5901 14495 7014 4565 13689 10459 4975 11160 24582
internal_count=355173 45691 309482 302468 194557 65523 47695 15201 17828 32002 32494 129034 13270 115764 7301 112630 63701 15979 28847 48929 107911 5901 14495 7014 4565 13689 10459 4975 11160 24582
is_linear=0
shrinkage=0.05


Tree=95
num_leaves=31
num_cat=0
split_feature=15 40 23 49 19 13 24 33 56 19 60 13 65 18 48 65 35 56 66 71 59 41 71 35 28 65 13 57 57 18
split_gain=8.30299 6.92157 10.6251 7.71544 6.77285 8.46167 7.42857 6.34232 8.67417 9.72968 6.7753 6.56921 8.74794 7.28196 6.26977 6.13149 6.11991 5.72942 5.57759 5.28521 5.19923 5.43501 7.21277 12.1442 7.68967 6.75135 6.53044 6.55465 5.87516 5.40871
threshold=-6.7400693893432608 -0.99305900931358326 0.75214272737503063 -0.040238345041871064 0.99000588059425365 -7.8268043994903556 1.256179213523865 0.17551409453153613 0.93384909629821788 0.65003323554992687 0.62500000000000011 -8.9858884811401349 0.013598950579762461 2.9960716962814335 -0.10269547626376151 -0.15313677489757535 -0.35568597912788386 1.0000000180025095e-35 1.6503614783287051 -0.40767867863178248 0.045500000938773162 0.6078576147556306 -0.7019250988960265 0.22612141072750094 -2.322551846504211 0.19701647758483889 -7.7989139556884757 -0.5275493562221526 -0.87489590048789967 1.223338305950165
decision_type=2 2 2 2 2 2 2 2 2 2 2 2 2 2 2 2 2 2 2 2 2 2 2 2 2 2 2 2 2 2
left_child=1 2 3 -1 7 6 14 11 18 10 -10 12 -3 20 -6 -11 -2 -8 -9 -7 -13 22 23 28 -24 26 -23 -28 -22 -26
right_child=16 4 -4 -5 5 19 17 8 9 15 -12 13 -14 -15 -16 -17 -18 -19 -20 -21 21 25 24 -25 29 -27 27 -29 -30 -31
leaf_value=0.0035456355641221337 0.0033295769925007442 0.00031141377854305253 -0.0011442240651021876 0.00061774485590884818 -0.0023911548046005237 -0.00099420314832944848 -0.00011229072798503523 -0.0010685645347574984 0.0006180460397293186 0.0019404976212694471 0.0039539123699318017 -0.0012440755951742782 -0.0042664651741433227 0.0021152775292584843 0.00069493962530521277 -0.00075837691877269622 0.00067120721710164292 0.0019360193111149053 0.0010411535976862854 0.00052553704361658351 0.0041845487883012617 -0.0013691039157150717 -0.001258960770469014 -0.0019203909560618869 0.00046882832887802547 0.0019184529650842109 -0.0014004299369408989 0.00025024824821284476 0.0013223849609795973 -0.00027535891327856038
leaf_weight=4274 2599 2049 3793 4750 2487 12295 4335 51019 4168 2414 2392 8786 2114 3928 4819 15967 12773 16040 3330 10683 2128 16739 10414 2648 60233 2883 7953 24563 11250 41046
leaf_count=4274 2599 2049 3793 4750 2487 12295 4335 51019 4168 2414 2392 8786 2114 3928 4819 15967 12773 16040 3330 10683 2128 16739 10414 2648 60233 2883 7953 24563 11250 41046
internal_value=-1.36713e-05 -6.51487e-05 0.00107418 0.00200686 -0.00010988 0.000421486 0.00101009 -0.000207414 -0.000584914 0.000187033 0.00183858 -5.5248e-05 -0.00201792 -1.27164e-05 -0.000357415 -0.000403068 0.00112254 0.00150038 -0.000939133 -0.00028772 -5.71361e-05 9.11745e-07 0.000176525 0.00116814 3.41538e-05 -0.000429227 -0.000567003 -0.000153793 0.00178045 0.000167229
internal_weight=354872 339500 12817 9024 326683 50659 27681 276024 79290 24941 6560 196734 4163 192571 7306 18381 15372 20375 54349 22978 188643 179857 127719 16026 111693 52138 49255 32516 13378 101279
internal_count=354872 339500 12817 9024 326683 50659 27681 276024 79290 24941 6560 196734 4163 192571 7306 18381 15372 20375 54349 22978 188643 179857 127719 16026 111693 52138 49255 32516 13378 101279
is_linear=0
shrinkage=0.05


Tree=96
num_leaves=31
num_cat=0
split_feature=65 47 35 5 21 65 58 74 11 43 34 17 58 5 73 66 51 60 39 56 30 0 69 34 50 69 58 60 30 72
split_gain=6.11006 5.46419 4.90218 8.97562 7.09772 7.04986 6.15208 6.07331 5.71148 9.41406 10.4544 8.90473 8.22407 6.79905 7.50338 7.4077 8.0201 6.40561 6.33237 6.44396 7.76291 7.46811 8.08503 6.40637 7.47034 6.54258 6.70605 6.31389 6.03714 7.65957
threshold=0.21741983294487002 -0.30513453483581537 0.73094817996025097 1.7343798875808718 0.42721652984619146 0.016497795470058921 0.22178815305233004 3.5000000000000004 0.12382328137755395 0.76666668057441723 0.12969886511564258 0.14791244268417361 0.23212663084268573 -0.57647198438644398 1.0000000180025095e-35 -0.12074471637606619 -0.14500600844621656 0.11499999836087228 0.99305900931358349 -0.62386596202850331 -0.18985015898942945 0.14467225223779681 -0.084610417485237108 -0.52149292826652516 -1.8414757847785947 3.6066899299621586 0.67616984248161327 0.46500000357627874 -1.3293835520744322 7.0000000000000009
decision_type=2 2 2 2 2 2 2 2 2 2 2 2 2 2 2 2 2 2 2 2 2 2 2 2 2 2 2 2 2 2
left_child=2 -2 3 8 -4 6 -5 -7 11 13 -11 18 -13 17 -15 28 -17 -10 19 20 21 22 -1 -21 -25 26 -26 -23 29 -16
right_child=1 -3 4 5 -6 7 -8 -9 9 10 -12 12 -14 14 15 16 -18 -19 -20 23 -22 27 -24 24 25 -27 -28 -29 -30 -31
leaf_value=-0.0012574673337549061 0.0021677271153013895 0.0002585285472722052 -0.00090917267068306527 -0.0020382558324924817 0.0011946834504380545 -0.0015006751247677984 0.0017503266643734711 -0.0050636787249837591 -0.0014067990389926106 -0.00037690572597881067 -0.0023737876450606894 -0.0010349649685632255 0.00045001095692833392 -0.0027570494463207474 -0.0022926188659466089 -0.00075272839686552648 0.0012005844570897916 0.00081833372697873272 0.0019487925637417785 0.0021399714199580202 0.00078478946401511109 -0.004702754417820961 0.00096002296656059159 -0.0023534463466850859 0.00060479032421873261 0.0028988482778694842 -0.0004745985994706165 -0.00095161940859423387 -0.00085275513514299582 0.00094063747935349291
leaf_weight=10937 5614 11243 5373 2162 15710 2985 2105 2000 3692 17033 10649 27203 14176 3104 2203 8168 14698 25631 5673 5312 10027 2100 6573 2468 61584 2595 18768 2409 42618 10627
leaf_count=10937 5614 11243 5373 2162 15710 2985 2105 2000 3692 17033 10649 27203 14176 3104 2203 8168 14698 25631 5673 5312 10027 2100 6573 2468 61584 2595 18768 2409 42618 10627
internal_value=-3.35213e-05 0.00089527 -7.9788e-05 -0.000128821 0.000658339 -0.00166246 -0.000169547 -0.00293744 -8.2737e-05 -0.000321117 -0.00114567 0.000111572 -0.000526242 -0.000114919 -0.000350031 -0.000254288 0.000502814 0.000537788 0.00031707 0.00024152 -0.000367903 -0.000892934 -0.000424981 0.000456793 0.000351877 0.000432645 0.000352647 -0.0027052 -0.000566541 0.000384112
internal_weight=355440 16857 338583 317500 21083 9252 4267 4985 308248 138423 27682 169825 41379 110741 81418 78314 22866 29323 128446 122773 32046 22019 17510 90727 85415 82947 80352 4509 55448 12830
internal_count=355440 16857 338583 317500 21083 9252 4267 4985 308248 138423 27682 169825 41379 110741 81418 78314 22866 29323 128446 122773 32046 22019 17510 90727 85415 82947 80352 4509 55448 12830
is_linear=0
shrinkage=0.05


Tree=97
num_leaves=31
num_cat=0
split_feature=34 30 36 55 57 72 0 27 35 22 41 30 32 35 35 40 41 21 40 66 68 59 66 22 12 24 21 36 55 24
split_gain=6.46363 12.0999 11.1071 9.04922 6.94846 6.29809 6.242 5.24322 4.18757 6.1546 4.98071 10.2469 5.40862 4.22284 6.79897 10.6586 7.22747 6.95414 13.1229 6.31644 6.3137 6.18774 8.3536 6.42772 6.52074 6.02053 8.71356 6.96688 5.54227 5.3272
threshold=-0.51194173097610463 0.36634783446788793 -0.76071646809577931 -1.7236061692237852 -0.22573647648096082 9.0000000000000018 -0.64318946003913868 -0.91512373089790333 0.68506714701652538 1.1911226511001589 1.0000000180025095e-35 0.31969887018203741 0.01999181974679232 0.19812278449535373 0.014051713049411775 0.52620890736579906 -1.0000000180025095e-35 0.61920908093452465 0.48098418116569525 0.25157320499420172 0.98017627000808727 0.57850000262260448 -0.59548336267471302 1.5941960811614992 -8.4140920639038068 1.4089793562889101 0.62411227822303783 -0.73900964856147755 0.3407775759696961 3.068534374237061
decision_type=2 2 2 2 2 2 2 2 2 2 2 2 2 2 2 2 2 2 2 2 2 2 2 2 2 2 2 2 2 2
left_child=1 2 7 -3 -5 -4 -7 -1 13 -10 12 -12 -11 14 15 29 -17 18 20 21 28 23 -23 24 -19 -18 27 -27 -16 -2
right_child=8 3 5 4 -6 6 -8 -9 9 10 11 -13 -14 -15 17 16 25 19 -20 -21 -22 22 -24 -25 -26 26 -28 -29 -30 -31
leaf_value=0.0013189487604445313 -0.00043465773880404731 -0.0029177021164783789 0.0042506930721383958 0.0013328151353088299 -0.0014549116559167 0.0038178231564977086 0.0010661726157974425 -0.0011246407589335784 0.0020785656307793429 -0.0024802097034952969 -0.00053128817871350589 0.0024664357303754549 7.9687682323440693e-05 -0.00040821730372900288 0.0014984626065467652 0.0011623430461651665 -0.00099304698714820392 0.0033342150457863922 -0.00046203669232368474 0.00143837991464506 -0.00093918549785840374 0.00078539472424207747 -0.0026731284884657504 -0.001967771041191879 7.8224523364355599e-05 -0.0026859295832891775 0.0019350675920590595 0.00047448636458273714 0.0035540570186384209 -0.0026689596856539458
leaf_weight=3618 89822 3289 2636 5207 3901 2528 11050 5549 5083 2919 6165 5288 6980 97771 14794 19471 11072 2014 10967 4796 2084 2502 5739 2628 6402 2562 6373 5408 4217 2740
leaf_count=3618 89822 3289 2636 5207 3901 2528 11050 5549 5083 2919 6165 5288 6980 97771 14794 19471 11072 2014 10967 4796 2084 2502 5739 2628 6402 2562 6373 5408 4217 2740
internal_value=-1.22033e-05 0.000606006 0.00123123 -0.000674004 0.000138532 0.00201731 0.00158092 -0.000159827 -8.57095e-05 0.000516736 0.000144132 0.000853744 -0.000676912 -0.000140385 -5.10461e-06 -0.000194482 0.000437739 0.000458476 0.000940628 -0.000183596 0.00166973 -0.000587502 -0.00162343 0.000186272 0.000860435 -0.000117634 0.000558357 -0.000543539 0.00195606 -0.000501078
internal_weight=355575 37778 25381 12397 9108 16214 13578 9167 317797 26435 21352 11453 9899 291362 193591 137448 44886 56143 32062 24081 21095 19285 8241 11044 8416 25415 14343 7970 19011 92562
internal_count=355575 37778 25381 12397 9108 16214 13578 9167 317797 26435 21352 11453 9899 291362 193591 137448 44886 56143 32062 24081 21095 19285 8241 11044 8416 25415 14343 7970 19011 92562
is_linear=0
shrinkage=0.05


Tree=98
num_leaves=31
num_cat=0
split_feature=7 65 34 25 41 11 40 55 58 71 23 39 19 11 68 14 11 41 23 69 41 40 17 23 55 10 43 33 19 29
split_gain=6.27713 7.55676 7.81081 8.58472 5.78577 7.17191 5.7008 6.59159 5.26233 5.18175 5.11039 5.08114 6.22604 6.40017 6.11745 5.71608 8.32892 7.82107 6.42417 8.71873 6.11703 5.22438 5.21077 5.45826 7.36915 6.83129 5.06829 5.09019 5.78213 4.7982
threshold=-0.84726488590240467 -0.04006115905940532 -0.98615485429763783 0.071067191660404219 -0.60785761475563038 0.61408469080924999 -0.77987706661224354 -0.89523300528526295 0.26417694985866552 -0.40589459240436548 0.20145463198423388 -0.9713328182697295 0.99000588059425365 -0.9053528606891631 -0.013604743871837853 -8.2598948478698713 0.47985640168190008 0.6078576147556306 0.97060522437095653 0.031813533976674087 -1.0000000180025095e-35 -0.056692248210310929 -0.5735693871974944 0.40004795789718633 1.054927706718445 0.39443938434123998 0.5000000149011613 0.01702072843909264 0.067823398858308806 -0.23352053761482236
decision_type=2 2 2 2 2 2 2 2 2 2 2 2 2 2 2 2 2 2 2 2 2 2 2 2 2 2 2 2 2 2
left_child=1 29 -3 8 5 9 -6 -8 -4 -5 -9 14 15 21 -2 16 17 26 -17 -20 -18 -14 -15 -24 -25 -26 27 28 -13 -1
right_child=11 2 3 4 6 -7 7 10 -10 -11 -12 12 13 22 -16 18 20 -19 19 -21 -22 -23 23 24 25 -27 -28 -29 -30 -31
leaf_value=0.0016599971235205053 3.5693439151344723e-05 0.0025784548821699629 -0.0032023246936585073 0.0039971923364802353 -0.0020458044341527598 -0.0010562154276542661 -0.00096050420594886521 -0.00047563449439464594 -0.00013620828639890559 0.00063964314453627527 0.0022231184348439296 -0.0016090130121162926 0.0003022722662741314 0.0012300840857273534 0.0017436876199098388 -9.6931564044522878e-05 -0.0034217678662861878 -0.0030131363010934137 -0.0041496762509752143 -0.00035543281554093159 -0.00078931460596226197 0.0029647585975644559 -0.0018140325314137684 0.00063181068779265292 -0.0028193282607715713 0.00020932757586492 0.00096692246107956011 -0.0020251361896427736 0.0018392428958839792 0.00023001559713596117
leaf_weight=16113 14882 2673 3455 2581 3684 2020 6838 2837 2349 2073 4573 2146 3422 8486 8084 192895 4668 2374 2311 4361 4192 3988 4322 18706 3529 3926 7949 4240 2778 9227
leaf_count=16113 14882 2673 3455 2581 3684 2020 6838 2837 2349 2073 4573 2146 3422 8486 8084 192895 4668 2374 2311 4361 4192 3988 4322 18706 3529 3926 7949 4240 2778 9227
internal_value=1.62789e-05 0.000490033 -7.69665e-06 -0.000235789 0.000172435 0.00142803 -0.000295414 0.000158289 -0.00196377 0.00250624 0.00119062 -7.68455e-05 -0.000136669 0.000391347 0.000637402 -0.000244129 -0.000908395 -0.000330083 -0.000149735 -0.0016739 -0.00217855 0.00173726 0.000135039 -0.000170108 0.00010207 -0.00122621 4.36655e-05 -0.000757363 0.000336193 0.0011396
internal_weight=355682 58423 33083 30410 24606 6674 17932 14248 5804 4654 7410 297259 274293 46379 22966 227914 28347 19487 199567 6672 8860 7410 38969 30483 26161 7455 17113 9164 4924 25340
internal_count=355682 58423 33083 30410 24606 6674 17932 14248 5804 4654 7410 297259 274293 46379 22966 227914 28347 19487 199567 6672 8860 7410 38969 30483 26161 7455 17113 9164 4924 25340
is_linear=0
shrinkage=0.05


Tree=99
num_leaves=31
num_cat=0
split_feature=23 55 55 36 54 74 23 43 62 69 64 12 2 69 55 48 24 35 24 63 64 16 4 31 52 15 56 64 2 2
split_gain=7.29586 10.9356 10.2436 8.23609 6.37598 5.9914 10.5415 9.05282 8.76031 7.66684 7.4667 7.10408 6.95469 6.87146 6.73024 7.25026 6.11773 6.01452 7.40306 9.07268 5.31706 7.87483 7.20983 5.28305 5.95827 5.70231 5.10142 5.19258 4.93818 5.13474
threshold=0.11748983711004259 -1.0000000180025095e-35 -0.34624929726123804 0.6660401225090028 -1.3638607263565061 3.5000000000000004 0.90698409080505382 0.16666667163372043 0.60833334922790538 4.5134088993072519 -0.60529741644859303 -6.8084843158721915 1.013840973377228 0.085731156170368208 1.2039316892623904 1.9194383621215823 1.2704871296882632 0.26471652090549475 1.7076863646507265 0.4728145450353623 -0.12176264822483061 -0.59668245911598194 0.15197212249040606 -0.49376662075519556 -0.24869330227375028 -7.7449612617492667 0.25059641897678381 0.26022993028163915 0.21156953275203708 -0.20425555109977719
decision_type=2 2 2 2 2 2 2 2 2 2 2 2 2 2 2 2 2 2 2 2 2 2 2 2 2 2 2 2 2 2
left_child=1 2 3 23 -2 8 10 -8 9 -6 28 12 14 -9 15 17 -14 18 -12 26 -19 -22 -23 24 -1 -26 27 -20 29 -7
right_child=4 -3 -4 -5 5 6 7 13 -10 -11 11 -13 16 -15 -16 -17 -18 20 19 -21 21 22 -24 -25 25 -27 -28 -29 -30 -31
leaf_value=9.1838124606558101e-05 -0.00091803817747817737 0.0037141163127923783 -0.0020442100696418 0.002687824083345123 0.00016405918293171316 0.00089357462027120273 -0.003467212907944767 -0.0018795990232893984 0.0025646187263072546 0.0022503244892901606 0.00074059526538362527 -0.0020474871184176322 -0.0029910409686259324 0.00026626007209980409 0.0020844643381950317 -0.0029124385271960479 -0.00040785642412485921 0.00095136586863805983 -0.00156964881742532 -0.0034926850937157627 0.0015344495992175105 -0.00058461059664454958 -0.0029067514047527183 7.1847508802659393e-05 0.0045440204987884395 0.0013015075152871573 0.0017264290314174908 0.0014154057043429672 -6.490200991995331e-05 0.0034189111305586162
leaf_weight=4815 16796 2816 3607 4746 158079 5460 3744 6899 4082 4520 37271 4677 3425 8105 4095 2061 6900 4254 5217 2303 2531 8575 5475 24864 2104 3816 2947 2011 5728 3188
leaf_count=4815 16796 2816 3607 4746 158079 5460 3744 6899 4082 4520 37271 4677 3425 8105 4095 2061 6900 4254 5217 2303 2531 8575 5475 24864 2104 3816 2947 2011 5728 3188
internal_value=0.000117218 0.000699076 0.000505101 0.00073347 2.89453e-05 8.35305e-05 -0.00017834 -0.001271 0.000279705 0.000222189 1.48022e-05 -0.000151258 -4.91716e-05 -0.000721024 0.0001148 3.49831e-06 -0.00126681 8.9042e-05 0.00038772 -0.000666043 -0.000623975 -0.00102847 -0.00149093 0.000472237 0.00139867 0.00245963 -2.34628e-05 -0.000738328 0.0010739 0.00182739
internal_weight=355111 46768 43952 40345 308343 291547 124866 18748 166681 162599 106118 91742 87065 15004 76740 72645 10325 70584 49749 12478 20835 16581 14050 35599 10735 5920 10175 7228 14376 8648
internal_count=355111 46768 43952 40345 308343 291547 124866 18748 166681 162599 106118 91742 87065 15004 76740 72645 10325 70584 49749 12478 20835 16581 14050 35599 10735 5920 10175 7228 14376 8648
is_linear=0
shrinkage=0.05


Tree=100
num_leaves=31
num_cat=0
split_feature=6 72 56 73 59 40 46 23 28 59 21 39 39 10 20 55 14 72 34 15 35 37 34 9 19 59 39 7 34 40
split_gain=5.1387 9.68187 8.16681 6.56949 6.72667 5.65456 6.15349 7.14132 5.6702 5.63708 5.47354 5.42028 7.73205 11.1336 9.60876 6.53377 8.6072 7.15649 7.18206 6.92258 6.88201 6.7031 6.25225 11.6494 6.8593 6.58722 6.21606 5.39741 5.38831 5.35788
threshold=-0.90851128101348866 19.000000000000004 0.7176901400089265 19.500000000000004 0.63350000977516185 -0.88497918844223011 0.53233501315116893 0.2593733817338944 -1.4111525416374204 0.64650002121925365 0.14090938121080401 -0.45786954462528223 -0.68517646193504322 -1.1811189651489256 2.3306244611740117 1.0000000180025095e-35 -8.1468396186828596 9.0000000000000018 0.85176280140876781 -8.5119810104370099 0.73094817996025097 0.045799143612384803 -0.30136747658252711 -0.33919325470924372 0.17863747477531436 0.28550000488758093 -0.9713328182697295 -0.78259283304214466 0.38895435631275183 0.04797767102718354
decision_type=2 2 2 2 2 2 2 2 2 2 2 2 2 2 2 2 2 2 2 2 2 2 2 2 2 2 2 2 2 2
left_child=1 5 3 4 -3 -1 7 8 -7 -10 -6 12 14 -14 26 16 22 21 19 -19 -20 -17 27 -24 -25 -26 29 -13 -18 -2
right_child=11 2 -4 -5 10 6 -8 -9 9 -11 -12 15 13 -15 -16 17 28 18 20 -21 -22 -23 23 24 25 -27 -28 -29 -30 -31
leaf_value=0.0036080271731824655 0.0011700403647441108 -0.00071084320458540153 -0.0028338317786803287 0.0017803920149350137 0.001971491915515055 0.003376160643402295 -0.00096619979820758168 0.0042355772826286799 -0.00056773282963795387 0.0021076877484638868 -0.0002157830316900769 -0.0014531353468112611 0.0045106272290739852 0.00064138412970904293 0.0023629022377187688 0.00053456797912661963 -0.00018249518726320052 0.0029498216386433735 -0.0034502159246178189 0.00019823183699359649 2.6004079096597666e-06 -0.0018697704293596335 -0.0046267791583578756 -0.0029321275642132192 0.0020472822121359781 -0.0013184707280610008 -0.00047489857379442622 0.0017907135567068731 -0.0019573609316619013 -0.0004199251288874602
leaf_weight=2461 13082 18449 2410 5352 5477 2009 3083 2026 5299 3120 5971 2893 2001 24722 3903 4303 62239 2337 2598 87810 3231 8850 3339 3847 2079 4771 52441 2287 4582 8894
leaf_count=2461 13082 18449 2410 5352 5477 2009 3083 2026 5299 3120 5971 2893 2001 24722 3903 4303 62239 2337 2598 87810 3231 8850 3339 3847 2079 4771 52441 2287 4582 8894
internal_value=-9.29814e-06 0.000431929 -2.40486e-05 0.000168808 -0.000120188 0.0013855 0.00103136 0.00152624 0.000996306 0.000425076 0.00083147 -9.11107e-05 0.00019847 0.000932689 -5.21347e-05 -0.000246972 -0.000572764 9.91068e-06 0.000159838 0.000269884 -0.0015396 -0.00108338 -0.00150506 -0.00205262 -0.00124555 -0.000295457 -0.000179098 -2.02664e-05 -0.000304475 0.00052666
internal_weight=355866 55657 37659 35249 29897 17998 15537 12454 10428 8419 11448 300209 105043 26723 78320 195166 86037 109129 95976 90147 5829 13153 19216 14036 10697 6850 74417 5180 66821 21976
internal_count=355866 55657 37659 35249 29897 17998 15537 12454 10428 8419 11448 300209 105043 26723 78320 195166 86037 109129 95976 90147 5829 13153 19216 14036 10697 6850 74417 5180 66821 21976
is_linear=0
shrinkage=0.05


Tree=101
num_leaves=31
num_cat=0
split_feature=40 63 21 12 15 21 31 53 11 71 51 39 34 5 74 35 41 13 69 68 47 65 21 39 65 29 56 12 74 11
split_gain=8.94244 5.51638 6.65539 7.8291 7.4998 6.35322 5.97727 5.60777 4.79156 8.64771 7.0726 6.02178 5.90657 6.24167 6.37282 5.97338 7.8353 6.96824 5.65849 5.31154 5.08902 5.19361 5.07798 5.02662 4.72916 4.5276 4.44456 7.02866 6.84519 6.51499
threshold=-0.99952408671379078 1.2252664566040041 0.76933220028877269 -8.1685447692871076 -7.5530407428741446 0.98959213495254528 -0.8438228666782378 -1.8120155334472654 0.42573145031929022 -0.38978777825832361 -0.60017496347427357 0.99838215112686168 0.63508477807044994 0.12280924245715143 5.5000000000000009 0.25449627637863165 1.0000000180025095e-35 -8.1569366455078107 0.70167669653892528 0.49668377637863165 -1.1929363608360288 0.02082852274179459 0.7289300560951234 0.67879429459571849 -0.091830350458621965 0.51463347673416149 -0.11954648792743681 -8.9979834556579572 5.5000000000000009 -0.79066434502601612
decision_type=2 2 2 2 2 2 2 2 2 2 2 2 2 2 2 2 2 2 2 2 2 2 2 2 2 2 2 2 2 2
left_child=-1 6 3 -3 -5 -4 -2 -8 11 12 -11 19 13 15 18 16 -10 -18 -15 26 -12 24 -16 25 -22 -23 27 -9 29 -29
right_child=1 2 5 4 -6 -7 7 8 9 10 20 -13 -14 14 22 -17 17 -19 -20 -21 21 23 -24 -25 -26 -27 -28 28 -30 -31
leaf_value=0.0025792985065499815 0.0018378188315806617 -0.00034795162063283049 -0.0014508178551656504 0.0042919160506013259 0.001155604422163236 0.0019102792721777237 0.00098111813214719879 -0.0025484017577375308 0.00011335850740083123 -0.00095991558856066298 -0.001373316250212496 0.0021505291178342037 -0.0024711413488995027 1.2752803016321052e-05 0.00050444294448451644 -0.0019020264646358528 -0.004000527952182766 -0.00089255947734813077 0.0021914498415872979 -0.00052133312064297501 0.0010636497721976551 0.0025379970386579923 -0.002598873617417907 -0.00070346184933939727 -0.00057139369443132593 9.4244914438119939e-05 0.00035573979055810942 -0.0010735615907257199 0.0012517424218304639 9.2036749931385584e-05
leaf_weight=3402 4180 3579 4525 3282 4553 2028 12375 2974 15794 10259 3141 3321 4436 18847 2031 12498 2448 6806 3530 38420 8234 8020 3731 2123 9531 2482 93717 17310 8539 38939
leaf_count=3402 4180 3579 4525 3282 4553 2028 12375 2974 15794 10259 3141 3321 4436 18847 2031 12498 2448 6806 3530 38420 8234 8020 3731 2123 9531 2482 93717 17310 8539 38939
internal_value=3.19012e-05 7.18423e-06 0.000860372 0.00158904 0.00247317 -0.000409311 -3.87792e-05 -6.26402e-05 -0.000103399 -0.000362975 0.000188284 4.21118e-05 -0.00070721 -0.000587725 -2.4676e-05 -0.00100959 -0.000563711 -0.00171815 0.00035727 6.97797e-06 0.000539764 0.00073788 -0.00150603 0.00151282 0.000186614 0.00196109 0.000132701 -0.000175775 -6.64866e-05 -0.00026679
internal_weight=355055 351653 17967 11414 7835 6553 333686 329506 317131 113911 43790 203220 70121 65685 28139 37546 25048 9254 22377 199899 33531 30390 5762 12625 17765 10502 161479 67762 64788 56249
internal_count=355055 351653 17967 11414 7835 6553 333686 329506 317131 113911 43790 203220 70121 65685 28139 37546 25048 9254 22377 199899 33531 30390 5762 12625 17765 10502 161479 67762 64788 56249
is_linear=0
shrinkage=0.05


Tree=102
num_leaves=31
num_cat=0
split_feature=46 40 24 40 59 29 10 4 55 11 5 40 44 59 30 60 54 55 13 65 62 70 55 10 17 10 37 26 22 55
split_gain=6.55739 6.92108 6.77125 6.62982 7.04973 10.0336 6.56875 6.4819 6.33671 6.69887 6.24365 7.90027 5.40947 5.11335 6.83254 8.6902 4.74939 6.83241 4.82695 4.66112 5.93254 5.26586 4.63489 4.8554 4.78241 4.62598 4.52459 4.46898 4.31152 5.26178
threshold=1.5488206744194033 -0.99952408671379078 4.0993838310241708 0.97533303499221813 0.14649999886751178 -0.23352053761482236 0.50740084052085888 0.69733920693397533 -0.44753110408782953 -0.27735662460327143 -1.4215964674949644 -0.9081345498561858 1.036994516849518 0.89849999547004711 0.072000037878751769 0.44499999284744268 -1.6302931308746336 -0.21443118155002591 -7.7711477279663077 -0.23344549536705014 0.45833332836627966 -3.0530884265899654 -0.38682888448238367 -0.61193245649337757 -0.47123213112354273 -0.14693409204483029 0.11333559826016427 -2.7682007551193233 2.4354174137115483 -1.6251121759414671
decision_type=2 2 2 2 2 2 2 2 2 2 2 2 2 2 2 2 2 2 2 2 2 2 2 2 2 2 2 2 2 2
left_child=1 -1 3 4 5 -3 12 -8 -5 26 11 -6 22 14 15 -13 17 -12 -19 20 -18 -21 -7 -24 -25 -16 -10 -2 29 -23
right_child=27 2 -4 8 10 6 7 -9 9 -11 16 13 -14 -15 25 -17 19 18 -20 21 -22 28 23 24 -26 -27 -28 -29 -30 -31
leaf_value=0.0023731197857236944 -0.0030409239997916462 -0.001414343216226438 0.0025908795753566611 0.00037773478212514222 0.0036826949301265012 0.00068325930266097687 0.00029905982397622212 0.0031378624825382779 -0.0012256023871216031 -0.0021342726065383334 -0.0025571800253207056 -1.1549070195517168e-05 0.0017977829182122197 -0.0016563918303507267 0.00081467123403696775 0.0033627780706632945 0.00038591353836293674 0.0018765668809225091 -0.0014400928282315647 -0.0014236331264703354 -0.0016419795017556466 -0.0017561164406723736 0.0003755292093591872 -0.0039497142335600793 -0.0012024562423442911 -0.0022210459558081471 0.0016533271772842502 -0.00058803093159090632 0.0017464391684927638 0.00027149752943376066
leaf_weight=3264 2056 17350 2618 7959 2547 4322 6310 2943 3100 9926 3897 3247 2410 2024 3257 4617 6804 2323 2061 4656 7657 3240 3486 2033 7130 2028 2422 18452 4851 207106
leaf_count=3264 2056 17350 2618 7959 2547 4322 6310 2943 3100 9926 3897 3247 2410 2024 3257 4617 6804 2323 2061 4656 7657 3240 3486 2033 7130 2028 2422 18452 4851 207106
internal_value=3.24211e-05 8.54717e-05 6.29323e-05 4.27814e-05 0.000104771 -0.000465893 0.000109088 0.00120438 -0.000768104 -0.00135832 0.000205592 0.00111137 -0.000414184 0.000677593 0.00103784 0.00197129 0.000139388 -0.0010367 0.000317615 0.000180995 -0.000688235 0.000238198 -0.000729172 -0.00121194 -0.00181563 -0.000352212 3.78287e-05 -0.000835304 0.000274218 0.000240184
internal_weight=356096 335588 332324 329706 306299 45984 28634 9253 23407 15448 260315 17720 19381 15173 13149 7864 242595 8281 4384 234314 14461 219853 16971 12649 9163 5285 5522 20508 215197 210346
internal_count=356096 335588 332324 329706 306299 45984 28634 9253 23407 15448 260315 17720 19381 15173 13149 7864 242595 8281 4384 234314 14461 219853 16971 12649 9163 5285 5522 20508 215197 210346
is_linear=0
shrinkage=0.05


Tree=103
num_leaves=31
num_cat=0
split_feature=0 47 46 12 37 59 52 37 3 17 37 37 50 69 64 16 35 49 48 2 55 40 6 49 22 67 65 45 11 73
split_gain=4.38647 3.8612 6.03121 5.01971 4.72072 4.51254 4.51052 3.93001 6.68861 4.96634 6.42922 9.04156 6.85122 5.82693 5.50491 6.25759 5.21123 5.10598 4.7019 4.22214 10.0396 7.25176 6.82792 6.37814 6.33128 5.74009 5.63059 5.29804 4.99181 4.97975
threshold=-2.9685500860214229 0.97231313586235057 -0.26431521773338312 -8.5321888923645002 0.67694640159606945 0.69750002026557933 -0.25732448697090143 0.3230076283216477 0.96221703290939342 -0.67435726523399342 -0.12837999314069745 -0.058166006579995148 -0.99948930740356434 -1.4112517237663267 -0.40284626185894007 -0.22166482359170911 0.081814393401145949 0.033629536628723151 0.99665564298629772 -0.41123701632022852 0.41122882068157202 0.97533303499221813 0.67740339040756237 -0.21423353999853131 1.6695322990417483 -0.40569129586219782 -0.053086193278431885 0.50398445129394542 1.1698089838027956 19.500000000000004
decision_type=2 2 2 2 2 2 2 2 2 2 2 2 2 2 2 2 2 2 2 2 2 2 2 2 2 2 2 2 2 2
left_child=-1 4 5 -4 7 -3 -7 9 -9 10 13 -12 -13 -2 -14 17 -17 -16 -10 20 23 -21 27 28 26 -26 -22 -23 -11 -25
right_child=1 2 3 -5 -6 6 -8 8 18 19 11 12 14 -15 15 16 -18 -19 -20 21 24 22 -24 29 25 -27 -28 -29 -30 -31
leaf_value=0.0020595603130906708 -0.0037853599697372656 -0.00062395892539285184 0.001871053506578474 -0.00023085104180095768 -0.001358894005203034 -0.0041264731564012863 -0.001232983957904692 0.00096841962723479545 -0.00096779088634821081 0.0010159430723898841 0.0028949351176924079 0.0022773578484442886 0.001277002056761688 -0.00093904553249271367 -0.0032527321924157512 0.002111268632170146 -0.0014844042228371445 -0.00051648423544238477 0.00078576968281876775 1.2904205247848443e-05 0.00086354219386000023 0.000169179003556528 -0.0038418187337711978 -0.00054163345231515508 -0.0015478652916742352 0.0016143563030947994 0.0035681889663070677 -0.0026557268537794852 -0.0010762059972520656 0.00093590012283843076
leaf_weight=2524 2066 12281 3151 28004 5917 2153 3605 28035 10121 21432 2433 2104 2622 13543 4252 2003 2008 2849 6130 131229 3196 5460 2192 32818 2386 3569 4857 2374 3280 6892
leaf_count=2524 2066 12281 3151 28004 5917 2153 3605 28035 10121 21432 2433 2104 2622 13543 4252 2003 2008 2849 6130 131229 3196 5460 2192 32818 2386 3569 4857 2374 3280 6892
internal_value=-1.33037e-05 -2.81845e-05 -0.000439081 -1.77334e-05 3.83708e-05 -0.00116637 -0.00232018 6.6173e-05 0.000500706 -9.73641e-06 -0.000573115 6.35859e-05 -0.000372912 -0.00131796 -0.000780286 -0.00126644 0.000311976 -0.00215719 -0.000306258 7.71705e-05 0.000371315 -8.61643e-05 -0.00138158 0.000107431 0.00158396 0.000346873 0.0024972 -0.000689169 0.000737931 -0.000285024
internal_weight=355486 352962 49194 31155 303768 18039 5758 297851 44286 253565 33880 18271 15838 15609 13734 11112 4011 7101 16251 219685 78430 141255 10026 64422 14008 5955 8053 7834 24712 39710
internal_count=355486 352962 49194 31155 303768 18039 5758 297851 44286 253565 33880 18271 15838 15609 13734 11112 4011 7101 16251 219685 78430 141255 10026 64422 14008 5955 8053 7834 24712 39710
is_linear=0
shrinkage=0.05


Tree=104
num_leaves=31
num_cat=0
split_feature=63 59 55 65 23 13 58 18 71 34 24 9 30 12 63 3 30 40 30 60 55 73 19 60 57 73 34 35 34 31
split_gain=6.19869 7.83643 8.88774 6.71658 7.97858 7.56804 7.23091 7.16966 7.14851 6.46958 11.0379 8.66966 8.31178 8.03939 7.74496 6.89472 6.57106 6.13908 5.95872 5.95855 5.57724 6.26337 5.56738 5.41512 5.33102 5.83386 5.32443 5.3522 6.23851 5.02688
threshold=-0.33670261502265925 0.67749997973442089 -1.8413338065147398 0.060857806354761131 0.20927598327398303 -6.7148041725158683 0.49896502494812017 0.63278666138648998 -0.4908356368541717 -0.57288464903831471 1.4842764139175417 -1.3342095613479612 -0.71795353293418873 -6.8281455039978018 -0.52688190340995777 -0.24441910535097119 -1.1654382348060606 0.4344411194324494 0.75016540288925182 0.044999999925494201 -1.0181304812431333 3.5000000000000004 0.052025388926267631 0.64499998092651378 0.505007565021515 14.500000000000002 0.67566150426864635 -0.30449740588665003 -0.14102606475353238 -0.80846264958381642
decision_type=2 2 2 2 2 2 2 2 2 2 2 2 2 2 2 2 2 2 2 2 2 2 2 2 2 2 2 2 2 2
left_child=9 2 -2 4 6 26 22 -5 -9 11 13 -1 15 20 24 -12 17 -17 23 -4 -11 -22 -3 -14 25 -13 27 28 -6 -21
right_child=1 3 19 7 5 -7 -8 8 -10 10 12 14 18 -15 -16 16 -18 -19 -20 29 21 -23 -24 -25 -26 -27 -28 -29 -30 -31
leaf_value=-0.0012465327067252125 -0.0031185223333912502 -0.0017260995600758809 0.00089204099938866056 0.0031552490243444524 -0.00048297803546512293 0.0024090561691656517 0.0027397613230360622 -0.00061046501492091414 0.0012884302742718528 -0.0019081266993651342 -0.0014880988475663322 -0.00063867747569188707 0.0010573941839649601 -0.0026983553505007894 0.004450912072678539 0.0031964243754340153 -0.0009091239215783674 -3.2184288491277954e-05 -0.00078368546423765678 0.001893411437239958 -0.0014832473432430839 0.00026391308786239992 0.0010804802362354665 0.0027938618080992567 0.0034382393141414907 0.0025899739078110513 -0.0022462119702013621 -8.1169667327647793e-05 -0.0035170632863480706 -0.00044127953251825658
leaf_weight=2649 2909 2582 9328 3084 4779 2334 4206 7914 13230 4356 5917 4026 12953 3528 2384 3212 3951 2711 2845 2330 6116 31527 5542 6880 2018 2132 3993 35142 2618 158140
leaf_count=2649 2909 2582 9328 3084 4779 2334 4206 7914 13230 4356 5917 4026 12953 3528 2384 3212 3951 2711 2845 2330 6116 31527 5542 6880 2018 2132 3993 35142 2618 158140
internal_value=-6.09912e-05 -0.000189142 -0.000382886 0.000202561 -7.64345e-05 -0.000363243 0.00105961 0.000906999 0.000577739 0.000279302 0.000117475 0.00130749 0.000740913 -0.00040936 0.00194875 -0.000139845 0.000668785 0.0017211 0.00135399 -0.000335838 -0.000216483 -2.02732e-05 0.000187457 0.00166087 0.00121461 0.000481521 -0.000502786 -0.000338647 -0.00156012 -0.000407264
internal_weight=355336 258131 172707 85424 61196 48866 12330 24228 21144 97205 83996 13209 38469 45527 10560 15791 9874 5923 22678 169798 41999 37643 8124 19833 8176 6158 46532 42539 7397 160470
internal_count=355336 258131 172707 85424 61196 48866 12330 24228 21144 97205 83996 13209 38469 45527 10560 15791 9874 5923 22678 169798 41999 37643 8124 19833 8176 6158 46532 42539 7397 160470
is_linear=0
shrinkage=0.05


Tree=105
num_leaves=31
num_cat=0
split_feature=33 17 69 9 20 55 34 8 56 4 65 28 56 19 10 9 7 17 15 9 56 70 2 56 10 26 8 44 16 56
split_gain=9.503 12.1251 7.59578 6.55034 5.37822 5.5511 7.78149 9.63315 7.39266 8.26256 5.2505 4.8335 6.48944 4.6405 5.28926 4.41644 5.56082 5.47313 5.62967 5.1405 7.393 6.90529 5.96369 6.53632 5.9097 7.51633 7.65043 6.81894 5.88941 5.88587
threshold=1.0258601903915407 0.15391663461923602 5.1771392822265634 0.90108942985534679 2.807173609733582 -1.8413338065147398 -0.57288464903831471 -0.89256149530410755 -1.2576936483383176 -1.0682817697525022 0.0026986493030563001 0.88865786790847789 -0.40721651911735529 0.14760711789131167 -0.30464883148670191 -1.2452710866928098 -1.4339947700500486 -0.34035113453865046 -7.5803563594818106 -0.88296130299568165 -0.19702842086553571 -0.042922809720039361 -0.4316506534814834 -1.1262168288230894 -0.87267148494720448 -1.8830975890159605 0.44001434743404394 2.0990842580795293 -0.34528703987598414 0.52562427520751964
decision_type=2 2 2 2 2 2 2 2 2 2 2 2 2 2 2 2 2 2 2 2 2 2 2 2 2 2 2 2 2 2
left_child=2 3 4 -2 5 10 7 8 -7 -10 -1 12 -11 -6 -15 17 -17 -8 -19 20 -18 -22 29 -24 25 -25 28 -26 -27 -21
right_child=1 -3 -4 -5 13 6 15 -9 9 11 -12 -13 -14 14 -16 16 19 18 -20 22 21 -23 23 24 27 26 -28 -29 -30 -31
leaf_value=-1.9255575672083897e-05 -0.0051550615838408349 0.0013315960204400028 0.0017593313568345669 -0.0014828921307175865 0.0033421939962808705 -0.0015493325805048955 0.00034975633092030234 0.0028871548472928642 0.0033554029102393457 -0.00088973985828090366 -0.0027338982881237421 -0.0019375976412314034 0.0021402534074961652 -0.0014301408921577633 0.0020176879963414236 0.0019993157003475571 -0.00053121829324421967 -0.0030668803929993355 -0.00067190899312489713 9.7142335340393569e-05 0.0033540799676635927 0.00069617407147134851 -0.0019660892839542458 0.00189640150030976 -0.00028455618241704066 -0.0012733864992361449 -0.0022569456111270632 -0.0023573130694739875 0.0016467469533659818 0.0017035534888386425
leaf_weight=3368 2327 2054 5897 2552 2041 4002 5516 4675 2706 3116 3771 2021 4059 2011 2465 3215 7420 3998 6347 71426 3467 8248 5661 7011 164887 2609 3189 4056 5062 6187
leaf_count=3368 2327 2054 5897 2552 2041 4002 5516 4675 2706 3116 3771 2021 4059 2011 2465 3215 7420 3998 6347 71426 3467 8248 5661 7011 164887 2609 3189 4056 5062 6187
internal_value=-5.48743e-05 -0.00188652 -1.83754e-05 -0.00324127 -4.90306e-05 -7.66409e-05 -4.6677e-05 0.000894447 0.000307242 0.000932285 -0.00145502 0.000216392 0.000824964 0.0013725 0.000468895 -0.000109524 -6.54361e-05 -0.000921847 -0.00159955 -8.84562e-05 0.000703274 0.00148496 -0.000144572 -0.000293763 -0.000242984 0.00062144 -0.000202637 -0.000334456 0.000653209 0.000225402
internal_weight=355364 6933 348431 4879 342534 336017 328878 20579 15904 11902 7139 9196 7175 6517 4476 308299 292438 15861 10345 289223 19135 11715 270088 192475 186814 17871 10860 168943 7671 77613
internal_count=355364 6933 348431 4879 342534 336017 328878 20579 15904 11902 7139 9196 7175 6517 4476 308299 292438 15861 10345 289223 19135 11715 270088 192475 186814 17871 10860 168943 7671 77613
is_linear=0
shrinkage=0.05


Tree=106
num_leaves=31
num_cat=0
split_feature=34 29 16 21 11 55 11 70 33 15 18 55 10 18 24 11 73 30 69 29 35 15 11 59 30 21 4 10 40 21
split_gain=7.7482 6.76747 8.12184 6.40465 5.80404 5.33244 4.77151 4.48715 5.08332 8.42132 6.14138 5.76256 5.73366 5.3926 5.3794 5.05696 7.71252 5.08955 4.92643 4.86421 4.83878 4.83264 8.63377 6.87981 6.20406 5.97653 7.72019 5.53413 6.31078 7.21945
threshold=-1.0577873587608335 0.86752054095268261 -0.081738036125898347 0.99500498175621044 -3.156002283096313 0.99143105745315563 0.10520446300506593 2.3520646095275883 0.53010228276252758 -7.5208401679992667 0.89676329493522655 1.4518757462501528 0.31596860289573675 0.79717049002647411 1.9504176974296572 2.3471915721893315 7.5000000000000009 -0.74899524450302113 -0.03303221054375171 0.42518073320388799 0.58718809485435497 -7.655198097229003 1.5532057881355288 0.21849999576807025 0.029768733307719234 0.1000664569437504 -0.66928327083587635 -0.44988194108009333 0.22069533914327624 0.15646374225616458
decision_type=2 2 2 2 2 2 2 2 2 2 2 2 2 2 2 2 2 2 2 2 2 2 2 2 2 2 2 2 2 2
left_child=-1 4 3 5 -2 -3 -4 8 11 10 -10 13 -11 18 20 21 -17 -18 -6 -9 -14 22 27 24 -23 26 -25 28 29 -15
right_child=1 2 6 -5 7 -7 -8 19 9 12 -12 -13 14 15 -16 16 17 -19 -20 -21 -22 23 -24 25 -26 -27 -28 -29 -30 -31
leaf_value=0.0025669852775061174 -0.0023593893105470355 0.00011631117045549304 -0.00080217324302631868 0.0019775454660994388 -0.00019835281012102373 -0.0028628419104632544 -0.0030708359910769614 0.002579587371044171 -0.002090913036378074 -0.0027396953807942367 0.00072254363171735103 0.0016421355290440532 -0.0012200202999816461 3.210900497942822e-05 -0.0025810851160355855 -0.0029668569880589028 -0.0015215277084712328 0.0019153794965741469 0.000637624948049113 0.00030251040106764858 0.0018513877087316098 -4.0045910368867137e-05 -0.003217339278122679 0.0016370082553480748 -0.0015909442316350613 0.0001239604713848656 -0.00064466933587612873 2.2967346724986523e-05 0.00010966348307654597 -0.0025626464797762235
leaf_weight=2870 2542 5014 4373 2986 25750 2134 4944 3462 2345 5748 10990 5639 2622 4019 2417 3804 2243 2054 55802 7237 2491 19309 2604 15308 9672 81213 4885 44790 8039 8039
leaf_count=2870 2542 5014 4373 2986 25750 2134 4944 3462 2345 5748 10990 5639 2622 4019 2417 3804 2243 2054 55802 7237 2491 19309 2604 15308 9672 81213 4885 44790 8039 8039
internal_value=-1.59123e-05 -3.70156e-05 -0.000943307 3.65872e-05 1.59451e-05 -0.000775857 -0.00200802 3.42865e-05 5.71628e-07 -0.000660946 0.000226593 6.06425e-05 -0.00155179 2.95705e-05 -0.000642582 -0.00010668 -0.00133032 0.000121974 0.000373673 0.00104105 0.00027703 -5.65197e-05 -0.000399933 0.000121255 -0.000558007 0.000315418 0.00108499 -0.000286389 -0.000975516 -0.00169849
internal_weight=355345 352475 19451 10134 333024 7148 9317 330482 319783 26613 13335 293170 13278 287531 7530 205979 8101 4297 81552 10699 5113 197878 67491 130387 28981 101406 20193 64887 20097 12058
internal_count=355345 352475 19451 10134 333024 7148 9317 330482 319783 26613 13335 293170 13278 287531 7530 205979 8101 4297 81552 10699 5113 197878 67491 130387 28981 101406 20193 64887 20097 12058
is_linear=0
shrinkage=0.05


Tree=107
num_leaves=31
num_cat=0
split_feature=63 30 9 20 48 55 29 26 0 12 59 7 8 68 61 54 60 71 36 43 56 3 13 55 0 24 1 56 2 55
split_gain=7.95057 8.20549 6.65011 6.43471 5.10409 5.49685 12.1772 6.32481 6.28736 7.7346 5.7577 5.61224 6.26611 5.36328 5.35806 4.97312 5.52414 4.44357 4.27662 6.37777 6.01461 5.71377 15.3542 8.94836 6.62897 4.98585 6.22054 5.36347 5.11388 4.64444
threshold=-1.4164759516716001 0.57265207171440136 -0.62100982666015614 1.0951747894287112 1.633365333080292 -1.0872054696083067 0.13402822613716128 2.0332022905349736 0.7304368019104005 -8.7717857360839826 0.59150001406669628 -1.3407582044601438 -1.1152564287185667 -0.62266334891319264 0.30000001192092901 0.66252216696739208 0.51499998569488536 -0.40411639213562006 -0.93929156661033619 1.0000000180025095e-35 0.67013707756996166 0.71715989708900463 -8.7255926132202131 -0.63084012269973744 -0.59478396177291859 1.1668227910995486 -1.7002544999122617 -0.73437163233757008 -0.47346475720405573 0.7833559811115266
decision_type=2 2 2 2 2 2 2 2 2 2 2 2 2 2 2 2 2 2 2 2 2 2 2 2 2 2 2 2 2 2
left_child=1 2 -1 -4 5 6 8 11 9 -2 -8 12 -7 -6 -11 16 -16 -18 19 -13 25 -20 -23 -24 -25 -21 -27 28 -28 -26
right_child=4 -3 3 -5 13 7 10 -9 -10 14 -12 18 -14 -15 15 -17 17 -19 21 20 -22 22 23 24 29 26 27 -29 -30 -31
leaf_value=0.0042388004817496879 -0.0026731677739515601 -0.0007855207889025667 -0.00046756415470641821 0.0026665908874394751 -0.0027403180069718348 -0.0003040501229694579 -0.0013081777006710414 0.0020960743422623693 -0.0019661811234650789 0.001396692260869384 -0.004615592712154698 0.0017108195174841967 0.0027601556552024698 -0.00044024564375332113 -0.0014397071491156297 0.0018568006839193183 0.0017464340494855381 -0.00076433847815442918 0.00027392807686843392 0.00026415439622459969 0.0009273968218067105 0.0033224975351709369 -0.0033105001911262278 0.0020057586783631732 -3.6008074336337526e-05 -0.0033372628424663663 0.0010288488625923198 -0.0013022709384923573 -0.0017360771847726481 -0.001038060745997806
leaf_weight=2517 2290 3512 3042 3531 3064 2847 3060 3928 4213 8304 2314 3374 4014 14474 7612 2613 3547 3484 174210 9019 6041 2751 2683 2805 25364 2753 5778 19200 2342 21244
leaf_count=2517 2290 3512 3042 3531 3064 2847 3060 3928 4213 8304 2314 3374 4014 14474 7612 2613 3547 3484 174210 9019 6041 2751 2683 2805 25364 2753 5778 19200 2342 21244
internal_value=3.25358e-05 0.00126548 0.00205789 0.00121759 -1.27555e-05 3.19853e-05 -0.000537926 0.000105993 -0.000168396 0.000104172 -0.00273825 7.84368e-05 0.00149006 -0.000843416 0.00035395 -0.000148361 -0.000507199 0.000502978 4.3491e-05 -0.000382951 -0.000539819 0.000133811 -0.000311212 -0.000503696 -0.000350655 -0.000766731 -0.00107588 -0.000846868 0.000230224 -0.00049287
internal_weight=355930 12602 9090 6573 343328 325790 37437 288353 32063 27850 5374 284425 6861 17538 25560 17256 14643 7031 277564 48507 45133 229057 54847 52096 49413 39092 30073 27320 8120 46608
internal_count=355930 12602 9090 6573 343328 325790 37437 288353 32063 27850 5374 284425 6861 17538 25560 17256 14643 7031 277564 48507 45133 229057 54847 52096 49413 39092 30073 27320 8120 46608
is_linear=0
shrinkage=0.05


Tree=108
num_leaves=31
num_cat=0
split_feature=63 24 15 64 11 3 64 65 15 7 8 10 16 27 20 27 57 11 60 14 24 55 64 40 25 8 40 64 11 59
split_gain=5.51414 11.5758 5.13306 6.84446 7.28021 8.47091 6.33533 8.01911 6.19697 6.02654 5.94639 5.7704 6.30456 5.47129 5.3601 7.18326 6.62994 7.06457 6.07578 5.70811 4.93596 4.89029 4.82825 6.80746 8.16846 5.94428 6.24206 6.38561 5.69024 4.81008
threshold=-1.4164759516716001 1.6552942991256716 -7.655198097229003 -0.14648724347352979 1.5214498639106753 -0.12669070810079572 0.64586287736892711 -0.14211717247962949 -7.5803563594818106 -0.93136087059974659 -0.4321842342615127 1.3847708702087405 -0.52691760659217823 0.90766632556915294 1.2123775482177737 0.40292263031005865 0.63549154996871959 0.24984915554523471 0.45499999821186071 -7.9985530376434317 1.6132382154464724 0.15614113956689837 0.43721614778041845 -0.88497918844223011 0.2647486031055451 -0.22680791467428205 -0.17794185131788251 0.81125894188880932 -0.20508936047554013 0.21450000256299975
decision_type=2 2 2 2 2 2 2 2 2 2 2 2 2 2 2 2 2 2 2 2 2 2 2 2 2 2 2 2 2 2
left_child=1 -1 3 14 6 -6 7 10 -4 -9 -5 12 -11 -14 16 18 -2 -18 -16 -17 21 -12 29 28 -25 -26 27 -27 -24 -10
right_child=2 -3 8 4 5 -7 -8 9 22 11 20 -13 13 -15 15 19 17 -19 -20 -21 -22 -23 23 24 25 26 -28 -29 -30 -31
leaf_value=0.00023192788432336675 -0.00092281013612029801 0.0039582626444520435 0.00084018358005671749 0.0026317969137892088 -0.0049119573665824473 -0.00066553635100119056 0.00033901833865123483 -0.0024649912912653137 -0.00041643328636477555 0.00098365271792381502 -0.0028993647042585076 -0.003108691403319716 -0.00062177045811228195 -0.002478206619712018 -0.0010398304080074796 0.0031092723168863576 -0.00063278244162881287 0.0029198518199081407 0.00097277708868637864 0.00050609559885166501 0.0018239968088713495 0.00050927525416524474 0.00026950806760208849 -0.0024269442993448652 0.0016688820974339155 0.0022320495398395618 -0.00090127655556905778 -0.0004969927184191083 -0.0029088368056707525 0.00025511291262104232
leaf_weight=10122 15850 2615 24132 2608 2052 2737 17788 6175 33867 5201 2081 2496 27263 4638 6995 4379 2900 2689 8060 4057 2007 2113 2006 3640 4892 4104 14024 4469 4703 125249
leaf_count=10122 15850 2615 24132 2608 2052 2737 17788 6175 33867 5201 2081 2496 27263 4638 6995 4379 2900 2689 8060 4057 2007 2113 2006 3640 4892 4104 14024 4469 4703 125249
internal_value=-2.16647e-05 0.000999477 -5.95925e-05 -0.0003198 -0.00060545 -0.00249149 -0.000480316 -0.000747346 8.41082e-05 -0.00101319 0.000633594 -0.000786225 -0.000629188 -0.000892365 0.000170777 0.000692361 -0.000400787 0.00107864 3.75904e-05 0.00185945 -0.000209689 -0.00118491 -8.56868e-06 -0.000516154 -0.000204547 9.05112e-05 -0.000251776 0.000810512 -0.00195952 0.000112161
internal_weight=355912 12737 343175 122089 77159 4789 72370 54582 221086 45773 8809 39598 37102 31901 44930 23491 21439 5589 15055 8436 6201 4194 196954 37838 31129 27489 22597 8573 6709 159116
internal_count=355912 12737 343175 122089 77159 4789 72370 54582 221086 45773 8809 39598 37102 31901 44930 23491 21439 5589 15055 8436 6201 4194 196954 37838 31129 27489 22597 8573 6709 159116
is_linear=0
shrinkage=0.05


Tree=109
num_leaves=31
num_cat=0
split_feature=26 33 20 31 54 34 74 64 65 41 54 19 11 1 29 64 72 65 5 21 11 40 54 16 65 23 65 66 54 41
split_gain=5.81265 6.61953 9.11812 6.22416 6.76346 9.21262 11.0082 8.89869 12.7852 9.3522 8.80972 7.6672 6.9798 6.63365 6.22138 6.11423 6.02765 5.96514 5.94469 6.6521 6.17143 5.9106 5.70658 5.6164 5.49021 5.46921 5.4681 6.11176 5.5864 5.35727
threshold=1.0271064639091494 0.82441043853759777 2.807173609733582 -0.8438228666782378 0.35424543917179113 -0.21003746241331098 5.5000000000000009 0.12845856696367267 -0.047275090590119355 0.6078576147556306 -1.9082969427108762 0.44010677933692938 0.55227917432785045 0.83390781283378612 -0.21170896291732785 0.61399435997009288 15.000000000000002 0.14462689310312274 0.2711694091558457 0.834781974554062 -1.085053503513336 -0.75755777955055226 -0.46572582423686976 -0.66596257686614979 -0.26886057853698725 0.78238132596015941 0.073838241398334517 -0.54004755616188038 -0.67028918862342823 1.0000000180025095e-35
decision_type=2 2 2 2 2 2 2 2 2 2 2 2 2 2 2 2 2 2 2 2 2 2 2 2 2 2 2 2 2 2
left_child=1 2 3 -1 7 11 15 9 24 10 -5 14 -13 26 -6 -7 -8 -17 19 21 25 -12 -23 -22 -9 -20 -11 -28 -29 -10
right_child=-2 -3 -4 4 5 6 16 8 29 13 18 12 -14 -15 -16 17 -18 -19 20 -21 23 22 -24 -25 -26 -27 27 28 -30 -31
leaf_value=0.0019806455252970841 0.00054039864418477018 -0.0015007166332518913 0.0026450753844162594 0.0028598856010767192 0.0014037313551426385 -2.9338323018657096e-05 -0.0032681081281728595 -0.0023723919787297671 -0.0018560279718751558 -0.0014413308741264719 0.0012517452662361528 0.0047362363324977754 0.0012639679936336926 0.00084970570073858432 -0.0011681015338088885 0.00068392451587550186 -0.00074748002713016359 0.0035217075086919798 0.002950962477534323 0.002441970501101641 0.0013111857943422117 0.00059217622468311123 -0.0005529874146367285 -0.0010157551607117145 0.00021775211374460042 -0.00059384032936216243 0.0023848389557816737 -0.0027838005621553192 0.0005943983770256081 -0.00068301062950506923
leaf_weight=3468 35524 8607 2995 2979 6198 63894 3253 2205 23006 22606 11727 2454 3533 5358 3776 14032 8717 2125 2291 3703 2910 20602 23028 23241 26786 2059 2127 2080 2946 16897
leaf_count=3468 35524 8607 2995 2979 6198 63894 3253 2205 23006 22606 11727 2454 3533 5358 3776 14032 8717 2125 2291 3703 2910 20602 23028 23241 26786 2059 2127 2080 2946 16897
internal_value=-6.6261e-05 -0.000133706 -9.58264e-05 -0.000122564 -0.000146579 0.000171317 -2.10735e-05 -0.000321226 -0.000779141 -7.40566e-05 0.000189584 0.00127984 0.00269273 -0.000768657 0.000429881 0.000190451 -0.00143465 0.0010591 0.000100455 0.000393177 -0.000466296 0.000255711 -1.22316e-05 -0.000756418 2.00006e-05 0.00127558 -0.00106023 0.000144534 -0.000806414 -0.00135961
internal_weight=355127 319603 310996 308001 304533 107982 92021 196551 68894 127657 92540 15961 5987 35117 9974 80051 11970 16157 89561 59060 30501 55357 43630 26151 28991 4350 29759 7153 5026 39903
internal_count=355127 319603 310996 308001 304533 107982 92021 196551 68894 127657 92540 15961 5987 35117 9974 80051 11970 16157 89561 59060 30501 55357 43630 26151 28991 4350 29759 7153 5026 39903
is_linear=0
shrinkage=0.05


Tree=110
num_leaves=31
num_cat=0
split_feature=32 61 7 25 13 24 32 28 59 40 7 51 52 24 24 41 1 56 6 17 58 39 0 14 50 16 58 59 13 40
split_gain=6.56858 5.19297 11.8285 8.32303 6.35229 6.15258 5.49707 6.51319 5.25813 4.64552 10.4686 5.30482 5.14548 4.89692 7.99658 6.61647 6.25007 6.87401 6.40616 6.18294 5.76892 5.71365 5.70019 5.78708 5.66206 5.75138 5.60475 5.37676 6.82978 4.75372
threshold=-1.1145442724227903 0.2333333417773247 0.21633818000555041 0.23058116436004641 -9.120022773742674 1.3455470204353335 1.0479408502578738 0.51440531015396129 0.74950000643730175 -0.99085646867752064 0.82767093181610119 0.36312770843505865 -0.16151233017444608 1.9150742888450625 1.4585921764373782 -1.0000000180025095e-35 0.022580636665225032 0.83283850550651561 1.5101439356803896 -0.67435726523399342 -0.16698908060789106 -0.74605026841163624 -1.0854609608650205 -7.0242023468017569 -0.50315448641777027 -0.76441222429275502 -0.21952484548091886 0.46150000393390661 -7.8970785140991202 -0.94116705656051625
decision_type=2 2 2 2 2 2 2 2 2 2 2 2 2 2 2 2 2 2 2 2 2 2 2 2 2 2 2 2 2 2
left_child=-1 2 3 5 -3 -2 9 -8 -5 10 11 -6 -11 14 -14 19 17 20 24 -16 21 -15 -21 -24 26 -26 -18 -22 -29 -17
right_child=1 4 -4 8 6 -7 7 -9 -10 12 -12 -13 13 16 15 29 18 -19 -20 22 27 -23 23 -25 25 -27 -28 28 -30 -31
leaf_value=0.0019267076409536822 0.0019962474728405276 0.0021034890261630193 0.0015697693661125773 -0.0035847280418221023 0.0022869095068026014 -0.0014398841688050593 -0.0033678537008417111 0.00015848300768948637 -0.00059066968401965455 -0.00029954765661912973 -0.0020075192425987377 -6.0470311512004995e-05 -2.816325672635278e-05 -0.0022232453611298829 -0.0015367244252545483 -0.0010932014380603649 -0.00028184793240355969 0.0017018259227477052 -0.0024071515308100814 0.0029643660246109083 -0.00070210570268943763 0.00071974014702235606 0.00056996256219788235 -0.0021998962381440425 0.0019580064584474046 -0.00045490645445530405 0.0029644667973169423 -0.0044722459308209079 -0.0014237460544743381 0.0013895887471902023
leaf_weight=4234 2046 3510 3707 5233 7673 3546 2660 2568 2042 121585 2525 3504 87770 2257 4595 2059 2026 2353 2029 2090 6711 6042 13882 2172 3072 12419 3849 3054 4626 28800
leaf_count=4234 2046 3510 3707 5233 7673 3546 2660 2568 2042 121585 2525 3504 87770 2257 4595 2059 2026 2353 2029 2090 6711 6042 13882 2172 3072 12419 3849 3054 4626 28800
internal_value=-2.85504e-05 -5.22304e-05 -0.000915816 -0.00163258 -9.32904e-06 -0.000181354 -3.18429e-05 -0.00163872 -0.0027463 -5.95226e-06 0.000894747 0.00155161 -4.56128e-05 0.000117059 0.000265716 0.000746876 -0.000316767 -0.00086557 0.000270814 9.96219e-05 -0.00113245 -8.2348e-05 0.000514648 0.000194083 0.000526131 2.45496e-05 0.0018464 -0.00173754 -0.00264024 0.00122363
internal_weight=354639 350405 16574 12867 333831 5592 330321 5228 7275 325093 13702 11177 311391 189806 141368 53598 48438 25043 23395 22739 22690 8299 18144 16054 21366 15491 5875 14391 7680 30859
internal_count=354639 350405 16574 12867 333831 5592 330321 5228 7275 325093 13702 11177 311391 189806 141368 53598 48438 25043 23395 22739 22690 8299 18144 16054 21366 15491 5875 14391 7680 30859
is_linear=0
shrinkage=0.05


Tree=111
num_leaves=31
num_cat=0
split_feature=64 41 40 23 20 26 19 34 58 51 7 69 55 40 11 11 17 22 5 56 12 35 41 24 3 32 29 68 47 73
split_gain=4.58186 5.53889 7.10873 14.9975 7.00521 6.52127 6.09135 5.48013 8.75151 6.97707 6.79727 6.62736 5.72966 5.35529 7.32299 5.3825 9.51515 7.02972 4.81994 4.77635 4.59949 4.507 6.88309 5.09552 4.84378 4.80397 4.4782 4.82462 5.84118 4.37124
threshold=-0.0047903466038405887 -1.0000000180025095e-35 -0.48861658573150629 0.18200870603322986 1.3719951510429385 2.128294944763184 0.22228048741817477 -0.58444499969482411 0.60653904080390941 -0.11183317005634306 -1.3715672492980955 -0.22311199456453321 -1.409296929836273 -0.27982635796070093 -0.21513364464044568 1.0540922880172732 -0.67435726523399342 1.9911614060401919 -0.782903492450714 -0.62386596202850331 -7.2047188282012931 -0.29930594563484186 -0.60785761475563038 1.7964870333671572 1.5579321384429934 0.35098281502723699 -0.67269873619079579 -0.33711710572242731 1.0000000180025095e-35 16.500000000000004
decision_type=2 2 2 2 2 2 2 2 2 2 2 2 2 2 2 2 2 2 2 2 2 2 2 2 2 2 2 2 2 2
left_child=7 2 3 19 -5 29 -6 8 10 11 12 26 -1 14 -4 17 -17 -15 -12 -2 -8 22 -13 -24 25 -23 -9 28 -28 -3
right_child=1 5 13 4 6 -7 20 9 -10 -11 18 21 -14 15 -16 16 -18 -19 -20 -21 -22 24 23 -25 -26 -27 27 -29 -30 -31
leaf_value=-0.0018707665132162371 0.0011814710273817934 -0.00024460014502405671 -0.0046707294017023426 0.00034933651576005793 0.00087660809715210978 0.0028174865857645559 -0.0028641810888852754 0.00059896926132303556 0.0028402402066910687 0.0003062305088897377 0.002431219883419565 0.0028171702226337135 0.00098225331836746346 -0.00018528272656312809 -0.00091931481022518823 -0.0048115150306990567 -0.00095475740052904578 -0.0025438164946417234 -0.00042636651482960708 0.0044278520973771692 -8.3359019514214137e-05 -0.00048755718013001069 0.0010936792700396542 -0.001260907125827183 -0.0024785226044170151 0.0011114755932568733 -0.0044802605768712268 -0.00073178090421199945 -0.0012212023555186785 0.00049207806306666047
leaf_weight=4380 2403 72759 2115 12717 2202 2026 5474 2392 4584 95985 4427 2969 2929 31165 3371 2009 7730 3506 2207 2151 2041 28444 5201 4100 2551 5616 2710 5467 2801 27831
leaf_count=4380 2403 72759 2115 12717 2202 2026 5474 2392 4584 95985 4427 2969 2929 31165 3371 2009 7730 3506 2207 2151 2041 28444 5201 4100 2551 5616 2710 5467 2801 27831
internal_value=-4.65377e-05 -0.00022447 -0.000545317 0.000108393 -0.000422967 1.59515e-05 -0.00143303 0.000134152 0.000947527 3.88645e-05 0.000323676 -0.000373371 -0.000727671 -0.00089885 -0.00237145 -0.000716446 -0.00175446 -0.000424447 0.00148135 0.00272118 -0.00211005 -0.000103457 0.000725504 5.55079e-05 -0.000381401 -0.000223651 -0.00135937 -0.00178623 -0.00282904 -4.07491e-05
internal_weight=356263 179500 76884 26988 22434 102616 9717 176763 18527 158236 13943 62251 7309 49896 5486 44410 9739 34671 6634 4554 7515 48881 12270 9301 36611 34060 13370 10978 5511 100590
internal_count=356263 179500 76884 26988 22434 102616 9717 176763 18527 158236 13943 62251 7309 49896 5486 44410 9739 34671 6634 4554 7515 48881 12270 9301 36611 34060 13370 10978 5511 100590
is_linear=0
shrinkage=0.05


Tree=112
num_leaves=31
num_cat=0
split_feature=35 71 41 28 56 2 74 33 11 35 40 56 54 10 26 20 9 74 57 16 56 2 29 22 22 9 12 10 11 71
split_gain=4.96211 10.432 8.69814 8.30642 6.95696 7.61311 6.61571 12.5146 8.60306 8.55169 9.71212 10.1059 11.8587 9.25703 7.51812 7.03727 6.66124 8.24426 6.19454 7.13554 8.58648 6.0637 6.03023 5.87439 5.84763 5.84484 6.52298 5.80663 5.69115 5.68945
threshold=0.2448966056108475 -0.75727394223213185 1.0000000180025095e-35 1.2576035857200625 0.91910922527313244 0.17759093642234805 5.5000000000000009 0.034269185736775405 -0.66363161802291859 0.023312613368034366 0.41865575313568121 -1.1890159249305723 0.71297159790992748 -0.95567420125007618 -2.4284487962722774 1.6806022524833681 0.68445563316345226 1.5000000000000002 -0.7036415934562682 -0.60453107953071583 -0.81299299001693714 -0.75900688767433155 0.34022568166255956 1.8838337659835818 1.9545770287513735 0.79330679774284374 -8.2847652435302717 -0.40038979053497309 0.46878026425838476 -0.39171673357486719
decision_type=2 2 2 2 2 2 2 2 2 2 2 2 2 2 2 2 2 2 2 2 2 2 2 2 2 2 2 2 2 2
left_child=6 -2 4 -4 18 -6 9 23 -9 10 11 13 -13 -1 -11 29 17 -12 22 -20 -21 -22 -3 28 -5 26 -23 -10 -8 -16
right_child=1 2 3 24 5 -7 7 8 27 14 16 12 -14 -15 15 -17 -18 -19 19 20 21 25 -24 -25 -26 -27 -28 -29 -30 -31
leaf_value=0.00032762055277093892 -0.0021826469546365823 0.001943858051543098 0.00014457841510642934 0.00063008003463373933 0.0028336454932239999 -0.0001680313176597541 0.0018336457124006459 0.0014489809957209867 0.0005131249505857747 -0.00055978440840137372 -0.00037844654956005171 -0.00038043686980791737 0.0028413939696278678 -0.0025297496610432136 0.00072485437314478616 -0.00030780363056467246 -0.0021938479782960883 0.00093878629354912787 0.00057517797535484004 0.00039198671741994846 -0.003670685680508531 -0.0031250087816775784 -0.0014644341148710598 0.0039415525794111676 0.0044192769368800377 -0.0022320996079189712 -2.9646347212243095e-05 -0.0020572067766067006 6.9155690890014006e-05 0.0020871078608320028
leaf_weight=3953 6710 3483 43653 2065 2629 10581 13133 4346 3264 11999 18263 79924 2952 9989 22145 10077 2432 33946 5359 5550 3618 2101 2056 2193 2006 11926 8786 6692 7007 11727
leaf_count=3953 6710 3483 43653 2065 2629 10581 13133 4346 3264 11999 18263 79924 2952 9989 22145 10077 2432 33946 5359 5550 3618 2101 2056 2193 2006 11926 8786 6692 7007 11727
internal_value=4.48497e-06 -0.000273447 -0.000149847 0.000346282 -0.00057197 0.000431042 0.000130362 0.000749691 -0.000404952 2.09372e-05 -0.000174198 -0.000474968 -0.000265348 -0.00171994 0.000549131 0.000851947 0.000358725 0.000478027 -0.000881002 -0.00111244 -0.00139532 -0.00177063 0.000678388 0.00148897 0.00250347 -0.00146782 -0.000629317 -0.00121487 0.00122009 0.00119696
internal_weight=354565 110523 103813 47724 56089 13210 244042 36635 14302 207407 151459 96818 82876 13942 55948 43949 54641 52209 42879 37340 31981 26431 5539 22333 4071 22813 10887 9956 20140 33872
internal_count=354565 110523 103813 47724 56089 13210 244042 36635 14302 207407 151459 96818 82876 13942 55948 43949 54641 52209 42879 37340 31981 26431 5539 22333 4071 22813 10887 9956 20140 33872
is_linear=0
shrinkage=0.05


Tree=113
num_leaves=31
num_cat=0
split_feature=48 43 0 12 57 66 25 46 45 6 56 1 6 16 56 19 43 46 32 1 30 34 48 48 35 32 69 72 69 56
split_gain=6.67181 7.21823 4.84363 7.4349 5.34725 5.69058 6.34056 4.58358 5.37199 4.67013 4.36478 5.93966 5.68068 6.03256 7.28242 7.11912 7.30064 6.38065 5.70182 6.7919 5.2752 6.47445 5.36929 4.932 4.66866 4.61517 5.29691 6.05169 6.58382 4.99527
threshold=1.7338179945945742 0.36666667461395269 1.5225188732147219 -8.4578080177307111 0.89098829030990612 0.056393954902887351 0.81491270661354076 1.4085702300071719 -0.24763537198305127 0.26768805086612707 1.4654314517974856 0.41050566732883459 0.32431656122207647 0.60916474461555492 -1.1467670202255247 0.20596836507320407 0.83333334326744091 -0.11100695282220839 0.52837038040161144 1.4539281725883486 0.64846962690353405 -0.69902965426444996 -0.44701746106147761 -0.70795944333076466 -0.11696501821279524 -0.19159192591905591 0.20708723366260531 17.000000000000004 -0.50994488596916188 0.15981475263834002
decision_type=2 2 2 2 2 2 2 2 2 2 2 2 2 2 2 2 2 2 2 2 2 2 2 2 2 2 2 2 2 2
left_child=2 -2 4 -4 10 6 7 8 9 -6 12 -12 13 14 15 16 17 23 19 20 21 -16 -22 -1 -19 -14 27 28 -27 -28
right_child=1 -3 3 -5 5 -7 -8 -9 -10 -11 11 -13 25 -15 18 -17 -18 24 -20 -21 22 -23 -24 -25 -26 26 29 -29 -30 -31
leaf_value=0.001694984953221703 -0.0024881041587799407 -0.00021535332488010155 0.0020753453091050442 -0.0010255668556104858 0.00087773106811931821 0.001213555683082648 -0.00097626104294110377 -0.0016215378466971579 0.0001791628634559399 0.0030596335662242905 0.0027204781889630303 0.00016900536722924662 0.00052036521488778157 0.0017749782308272217 0.0022252524875623096 -0.0021695730948079659 0.0024436423980331375 -0.0030460306141172361 -0.0021391310390990975 0.0028620806913988552 0.00077171749431923463 0.00025057604796062893 -0.0012130926184452798 -0.00059466526914384032 -0.00019767582443796697 0.00079579047607914615 -0.0010691206088391922 -0.00047131808255914602 -0.0021533400523199831 0.00077047342863534763
leaf_weight=3438 5386 9915 2153 18215 9360 19474 9236 2425 24026 3320 3360 7063 11513 5291 4308 6315 2237 3569 2528 2439 4810 107491 11628 7389 2408 2238 5368 34756 12089 11750
leaf_count=3438 5386 9915 2153 18215 9360 19474 9236 2425 24026 3320 3360 7063 11513 5291 4308 6315 2237 3569 2528 2439 4810 107491 11628 7389 2408 2238 5368 34756 12089 11750
internal_value=4.54072e-06 -0.00101647 5.04912e-05 -0.000696927 9.81101e-05 0.000492097 0.000201425 0.00047957 0.000618784 0.00145098 -7.97547e-06 0.000993328 -5.12188e-05 0.000115767 6.02927e-05 -0.000716196 -0.000233294 -0.000590897 0.000208144 0.000253713 0.000203884 0.000326859 -0.000632192 0.000133282 -0.00190074 -0.00040326 -0.000563942 -0.000828024 -0.00169243 0.000193311
internal_weight=355498 15301 340197 20368 319829 67841 48367 39131 36706 12680 251988 10423 241565 163851 158560 25356 19041 16804 133204 130676 128237 111799 16438 10827 5977 77714 66201 49083 14327 17118
internal_count=355498 15301 340197 20368 319829 67841 48367 39131 36706 12680 251988 10423 241565 163851 158560 25356 19041 16804 133204 130676 128237 111799 16438 10827 5977 77714 66201 49083 14327 17118
is_linear=0
shrinkage=0.05


Tree=114
num_leaves=31
num_cat=0
split_feature=16 56 14 34 30 28 36 49 63 9 28 22 29 1 56 56 23 72 2 69 56 23 23 56 46 72 72 71 46 48
split_gain=4.62974 9.44373 8.85946 7.60988 6.784 8.52803 6.82823 6.94013 5.71035 5.62257 5.37451 5.15632 7.09222 5.0886 11.6804 10.9277 10.3536 5.92243 5.85649 5.19977 5.12141 7.76413 7.27875 9.33653 6.07921 4.78769 8.70928 5.00561 4.96045 4.70982
threshold=-0.52691760659217823 0.14978232234716418 -8.2598948478698713 -0.061044089496135705 -1.6042985916137693 0.2276682332158089 0.45844843983650213 -0.088806729763746248 -1.4164759516716001 -1.437759220600128 -1.2128544449806211 1.4945543408393862 0.034575035795569427 0.2432677820324898 0.91910922527313244 -0.55564260482788075 0.8848363757133485 3.0000000000000004 -0.97368407249450672 0.031813533976674087 0.75515863299369823 0.99985027313232433 0.72513902187347423 1.0000000180025095e-35 1.5912793278694155 17.000000000000004 5.0000000000000009 -0.32436051964759821 -0.25506986677646631 0.84419223666191112
decision_type=2 2 2 2 2 2 2 2 2 2 2 2 2 2 2 2 2 2 2 2 2 2 2 2 2 2 2 2 2 2
left_child=1 2 -1 -3 -5 6 -6 -8 -2 -4 -9 -11 -13 14 16 -15 17 18 -10 -18 22 24 25 -24 -22 26 -17 28 -27 -19
right_child=8 3 9 4 5 -7 7 10 13 11 -12 12 -14 15 -16 20 19 29 -20 -21 21 -23 23 -25 -26 27 -28 -29 -30 -31
leaf_value=-0.0019705162086981875 0.0010884245801726486 0.002851167704129666 -0.0017017748912641112 0.0028441695386068897 -0.0011554081663815734 0.0033107583725071805 -0.0013612763658679566 0.0040085483893208531 0.0034038268203971031 -8.7307574703079918e-06 0.00051652757591959849 0.002568721566741036 -0.00023125121875357862 -0.0017864243681440927 0.0014839763684315168 -0.00041748078759334587 -0.0024697632168031265 8.8347352538058451e-05 0.00055379609177267134 0.00011550757903200074 -0.0006883115179353007 0.00094368909164298611 -0.0021156304627590796 0.00014614366720253657 -0.0028752039347160513 0.0006838712501224597 0.0024750755390790576 0.0014000910092018197 -0.00094184011627732479 -0.00070090260758353187
leaf_weight=5336 10383 5302 3373 3115 7605 2040 2029 2079 2332 19570 2339 5497 3835 12104 13370 4135 6384 116846 7849 2794 32100 6747 7026 12977 3519 8234 6999 6122 10882 22540
leaf_count=5336 10383 5302 3373 3115 7605 2040 2029 2079 2332 19570 2339 5497 3835 12104 13370 4135 6384 116846 7849 2794 32100 6747 7026 12977 3519 8234 6999 6122 10882 22540
internal_value=2.04017e-05 0.000412489 -8.52089e-05 0.00117597 0.000712296 0.00029811 -0.000141295 0.00105491 -6.26402e-05 0.000227001 0.00216513 0.000452609 0.00141905 -0.000104915 6.52458e-05 -0.000369114 -5.43301e-05 4.57464e-05 0.00120931 -0.00168348 -0.000195212 -0.000610529 0.000116953 -0.000648959 -0.000905113 0.000538234 0.00140141 0.000157029 -0.000241592 -3.93228e-05
internal_weight=355463 62120 37611 24509 19207 16092 14052 6447 293343 32275 4418 28902 9332 282960 172115 110845 158745 149567 10181 9178 98741 42366 56375 20003 35619 36372 11134 25238 19116 139386
internal_count=355463 62120 37611 24509 19207 16092 14052 6447 293343 32275 4418 28902 9332 282960 172115 110845 158745 149567 10181 9178 98741 42366 56375 20003 35619 36372 11134 25238 19116 139386
is_linear=0
shrinkage=0.05


Tree=115
num_leaves=31
num_cat=0
split_feature=33 14 54 56 43 24 41 11 11 1 9 14 22 11 13 37 65 47 18 26 22 68 68 37 48 39 60 33 15 0
split_gain=5.28096 10.3762 8.50642 7.08682 8.1048 9.90184 8.31397 11.4322 6.24617 7.11525 5.55595 5.45686 5.20585 4.95656 4.73108 14.9994 5.25633 4.80416 7.64665 5.18934 4.73037 4.4642 5.30731 4.73036 6.50107 4.64524 8.3384 6.22638 5.17806 5.1232
threshold=0.53959646821022045 -8.5885672569274885 1.7945837378501894 -0.060528980568051331 0.5000000149011613 1.1116572022438052 0.6078576147556306 0.60158783197402965 2.3471915721893315 -0.36075869202613825 1.2251496911048891 -7.55342674255371 1.2217721939086916 0.4363152831792832 -8.9858884811401349 0.012501686811447145 0.0066645976621657619 -2.1655777692794795 3.1248062849044804 -0.92318308353424061 1.5890951156616213 0.47316312789916998 0.57017403841018688 0.59683704376220714 0.8290730118751527 -0.64611783623695362 0.49500000476837164 -0.28267507255077357 -7.249187469482421 0.35770471394062048
decision_type=2 2 2 2 2 2 2 2 2 2 2 2 2 2 2 2 2 2 2 2 2 2 2 2 2 2 2 2 2 2
left_child=2 -2 8 -3 5 -5 7 -7 14 -10 -6 -12 -11 -8 15 16 -1 19 21 -16 -21 23 -23 -19 -25 27 29 -24 -28 -27
right_child=1 3 -4 4 10 6 13 -9 9 12 11 -13 -14 -15 17 -17 -18 18 -20 20 -22 22 25 24 -26 26 28 -29 -30 -31
leaf_value=-0.0013204733677580163 0.0026584355992336829 0.0020748925895990233 0.00137760354474234 0.0012799390766220183 -0.00065358927880690583 -0.0043158492752967386 0.0010191227517416489 -0.00089155988429389505 -0.0031962258268612865 0.0017952424889080014 0.0032988442850527019 -0.00034243123772047745 -0.0013984559643290763 -0.0022362481296666369 0.00067938775939328322 0.0018513383299672221 -0.0048784457175618046 0.00023061238112725971 0.0027046010990119567 -0.0039568366100933587 -0.00065175083312261309 -0.0020518030053430325 -0.0020754902705155567 -0.0019959618915193762 0.0012618359303387787 2.6667981288623134e-06 0.00058503435669642371 -0.00012982195971552262 0.0029218384487521513 -0.0021704726886076445
leaf_weight=2112 2370 2086 12057 2421 13085 6173 2626 4034 3140 2023 2019 2084 3417 2092 2305 2436 2051 223684 2832 2093 2241 4124 6197 5270 2149 9059 9932 12186 3107 3861
leaf_count=2112 2370 2086 12057 2421 13085 6173 2626 4034 3140 2023 2019 2084 3417 2092 2305 2436 2051 223684 2832 2093 2241 4124 6197 5270 2149 9059 9932 12186 3107 3861
internal_value=7.95521e-06 -0.000541011 7.56458e-05 -0.000748744 -0.000919855 -0.00168201 -0.00216301 -0.0029647 2.40022e-05 -0.00130511 -0.00015016 0.00145303 -0.000209685 -0.000426012 6.26184e-05 -0.00126012 -0.00308088 9.28601e-05 0.000124134 -0.0012356 -0.0022533 9.78982e-05 -0.000338352 0.000189398 -0.00105187 -0.000178567 0.000252072 -0.000786488 0.00114367 -0.000647928
internal_weight=355266 38990 316276 36620 34534 17346 14925 10207 304219 8580 17188 4103 5440 4718 295639 6599 4163 289040 282401 6639 4334 279569 48466 231103 7419 44342 25959 18383 13039 12920
internal_count=355266 38990 316276 36620 34534 17346 14925 10207 304219 8580 17188 4103 5440 4718 295639 6599 4163 289040 282401 6639 4334 279569 48466 231103 7419 44342 25959 18383 13039 12920
is_linear=0
shrinkage=0.05


Tree=116
num_leaves=31
num_cat=0
split_feature=35 74 40 74 33 56 59 24 10 33 22 19 24 22 40 55 15 40 37 37 58 4 10 11 12 47 35 43 35 18
split_gain=6.06989 9.68786 8.05055 6.407 14.4336 8.33094 7.86508 7.43458 6.98482 6.80884 7.271 6.6738 6.37431 8.32434 7.24481 7.67631 6.94428 6.33682 6.25709 5.9128 5.88771 5.82527 6.41104 5.10712 6.86296 6.3577 5.49239 5.43165 5.46104 5.5385
threshold=0.24016102403402331 5.5000000000000009 0.98698699474334728 5.5000000000000009 -0.02165114693343639 -1.2346764802932737 0.11850000172853471 0.91456237435340892 -0.81420645117759693 -0.19359415024518964 1.8748632669448855 0.13642208278179171 1.6877099275588991 2.3614912033081059 -0.32968752086162562 -0.58620506525039662 -7.3040552139282218 -0.58424410223960865 -0.17856421321630475 -0.60315921902656544 0.14697823673486712 0.10886435955762865 -0.43926861882209772 1.4326606392860415 -8.0449013710021955 -1.5325124263763426 -0.23846416920423505 0.30000001192092901 -0.080518946051597581 0.71805435419082653
decision_type=2 2 2 2 2 2 2 2 2 2 2 2 2 2 2 2 2 2 2 2 2 2 2 2 2 2 2 2 2 2
left_child=3 2 -2 5 6 9 -5 21 -6 10 11 19 14 23 15 18 -16 -8 -9 -1 -21 22 -7 25 -25 -14 -27 -28 -29 -30
right_child=1 -3 -4 4 8 7 17 12 -10 -11 -12 -13 13 -15 16 -17 -18 -19 -20 20 -22 -23 -24 24 -26 26 27 28 29 -31
leaf_value=-0.0032832693894917957 -9.9140952876064053e-05 -0.0016329851391720903 -0.0021144052006257358 -0.0010811623852278389 0.0019895790275751032 0.00061408488357281949 0.0033428433945985937 0.00024172623441845822 -0.00087590256324334868 0.0018535989798209836 0.00038939850493648992 -0.0031109110456976176 -0.0023679442095255344 -0.0033014733058739408 0.00042251734305528727 0.00033445627143794109 0.0016094432278976661 0.0013006037280905 -0.0020156760813319604 0.00085893182281790697 -0.0017433626248595743 0.0001182682690076582 -0.002621534540123711 -0.0038026641996358017 0.0001735196003118545 -0.00036397381998261443 0.0016817163788947808 0.0014505945861884903 -0.0025629261096106869 9.793844877292046e-05
leaf_weight=2209 93854 13498 5222 2451 2507 2001 5516 5140 13713 2024 5574 5542 2673 2123 41724 33691 17485 12232 7604 4518 4171 6675 6461 2117 2214 27406 8554 5370 2487 9017
leaf_count=2209 93854 13498 5222 2451 2507 2001 5516 5140 13713 2024 5574 5542 2673 2123 41724 33691 17485 12232 7604 4518 4171 6675 6461 2117 2214 27406 8554 5370 2487 9017
internal_value=-7.33083e-05 -0.000376845 -0.000205562 6.72049e-05 0.000678623 -4.05083e-05 0.00157028 7.46135e-05 -0.000432054 -0.000915356 -0.00117066 -0.00169952 0.000170475 -0.000232131 0.000406606 -6.09529e-05 0.000773241 0.00193685 -0.00110573 -0.000979587 -0.000390821 -0.000986228 -0.00185659 -0.0001227 -0.00177433 6.46615e-06 0.000127019 0.00065614 0.000135552 -0.000479029
internal_weight=355773 112574 99076 243199 36419 206780 20199 182742 16220 24038 22014 16440 167605 61961 105644 46435 59209 17748 12744 10898 8689 15137 8462 59838 4331 55507 52834 25428 16874 11504
internal_count=355773 112574 99076 243199 36419 206780 20199 182742 16220 24038 22014 16440 167605 61961 105644 46435 59209 17748 12744 10898 8689 15137 8462 59838 4331 55507 52834 25428 16874 11504
is_linear=0
shrinkage=0.05


Tree=117
num_leaves=31
num_cat=0
split_feature=32 59 59 63 55 34 40 34 55 12 55 22 24 71 40 21 41 32 23 59 71 30 28 39 9 10 30 63 28 22
split_gain=5.76102 7.04604 5.77249 4.69487 4.35984 3.90007 11.3152 9.41572 7.68829 6.66337 5.7591 5.62735 5.46143 7.90348 7.01935 6.20541 5.7998 5.35936 5.72431 5.09662 5.71992 6.10787 6.74219 5.47113 5.19193 5.16271 7.17743 5.0921 4.88679 5.0156
threshold=-0.80817386507987965 0.17050000280141833 0.42849999666213995 1.9883915185928347 0.86203604936599743 -0.21003746241331098 0.999524086713791 -0.061044089496135705 -0.076714325696229921 -8.7099614143371564 0.62164065241813671 1.1988573074340823 1.5357446670532229 -0.42578607797622675 -0.68517646193504322 0.38385769724845892 1.0000000180025095e-35 -0.051903724670410149 0.15010988712310794 0.66850000619888317 -0.61513152718543995 -1.4330795407295225 -1.6696515679359434 0.065402505919337287 -0.72534212470054615 0.39443938434123998 -0.058194702491164201 -0.30794006586074824 -3.3397591114044185 1.1365461945533755
decision_type=2 2 2 2 2 2 2 2 2 2 2 2 2 2 2 2 2 2 2 2 2 2 2 2 2 2 2 2 2 2
left_child=1 -1 -3 5 -5 8 7 9 19 11 17 -7 13 15 -14 16 -11 18 -10 20 23 -22 -23 -2 -25 -24 -27 -16 -9 -30
right_child=3 2 -4 4 -6 6 -8 28 10 12 -12 -13 14 -15 27 -17 -18 -19 -20 -21 21 22 25 24 -26 26 -28 -29 29 -31
leaf_value=-0.0015742027991472566 0.0027345541042935705 0.0032950790217054801 0.00075939017292645211 0.00016169202855427766 0.0029867261988792094 -0.00088825928921701456 -0.0036024486966762387 -0.0022388395193432059 0.0024823921054434707 0.00044791653619324228 -0.00064644289725033805 -0.0046198760704701958 0.0021827643334797588 -2.4372242924517687e-05 0.001098858996801009 -0.002818998510470508 -0.0027776732603792356 0.0023295965563351817 -0.00027184253685904117 0.00048333173671580775 -0.0026457811451161624 0.001642848894070952 -0.00098121032298516026 0.0017294749010493234 -0.0011248675656273781 -0.00077421749208198573 0.0029765294857777508 -0.0010242208770709837 0.00045962023468936933 -0.00013577324661401109
leaf_weight=2171 2486 3255 7209 3213 2367 2025 2415 2440 2696 3948 4220 2018 3134 9631 3910 7817 2142 8272 6224 26627 3486 3446 25495 2605 4067 3165 2123 10099 46659 146108
leaf_count=2171 2486 3255 7209 3213 2367 2025 2415 2440 2696 3948 4220 2018 3134 9631 3910 7817 2142 8272 6224 26627 3486 3446 25495 2605 4067 3165 2123 10099 46659 146108
internal_value=-3.52625e-05 0.00101282 0.00155055 -7.39172e-05 0.00136325 -9.77351e-05 -0.000204139 -0.000169785 0.000173948 -0.00082408 0.00100747 -0.00275764 -0.000631287 -0.00112553 4.75887e-05 -0.00188755 -0.000689295 0.00141358 0.000562451 -6.89769e-05 -0.000382761 -0.000654922 -0.000451453 0.000737559 -9.50437e-06 -0.000686356 0.00073439 -0.000431295 -1.98449e-05 8.35733e-06
internal_weight=355473 12635 10464 342838 5580 337258 242346 239931 94912 44724 21412 4043 40681 23538 17143 13907 6090 17192 8920 73500 46873 37715 34229 9158 6672 30783 5288 14009 195207 192767
internal_count=355473 12635 10464 342838 5580 337258 242346 239931 94912 44724 21412 4043 40681 23538 17143 13907 6090 17192 8920 73500 46873 37715 34229 9158 6672 30783 5288 14009 195207 192767
is_linear=0
shrinkage=0.05


Tree=118
num_leaves=31
num_cat=0
split_feature=67 70 65 16 0 34 31 64 56 32 15 51 43 20 12 28 13 35 9 7 33 67 0 33 63 71 17 71 12 40
split_gain=6.14643 5.86513 5.5616 6.50203 6.68315 7.01732 6.31799 7.12333 5.24727 6.61448 5.10627 4.92371 4.86659 4.63833 5.50399 4.44545 5.14471 4.51452 4.95508 4.42932 5.51615 4.21045 4.0844 4.05091 4.96633 4.2644 4.04391 7.36831 7.19282 8.67151
threshold=-0.75569793581962574 0.08865764364600183 -0.028925019316375252 0.32131335139274603 0.77130243182182323 -0.58444499969482411 -0.72745576500892628 0.72966322302818309 -1.5384531021118162 -0.7807028293609618 -7.1666014194488517 -0.26736956834793085 0.30000001192092901 1.1979398131370547 -7.1100988388061515 1.4511348605155947 -7.0414257049560538 0.43151608109474188 0.020281689241528515 0.075900409370660796 -0.9878384768962859 -0.86635252833366383 0.13653282821178439 1.087475657463074 1.2252664566040041 -0.4560024738311767 -0.073208812624216066 -0.57046413421630848 -8.3713293075561506 0.48098418116569525
decision_type=2 2 2 2 2 2 2 2 2 2 2 2 2 2 2 2 2 2 2 2 2 2 2 2 2 2 2 2 2 2
left_child=1 10 6 8 5 -5 -2 26 19 -10 21 -6 -12 -9 -15 16 17 18 -7 20 -4 -1 -3 24 -11 -26 27 -8 -29 -30
right_child=2 22 3 4 11 15 7 13 9 23 12 -13 -14 14 -16 -17 -18 -19 -20 -21 -22 -23 -24 -25 25 -27 -28 28 29 -31
leaf_value=-0.0035990160060540943 0.0017987241839482592 0.0021528106141398594 0.00014100781493069296 0.0031410669577978017 -0.002524163672765015 4.3707164273107372e-05 -9.5972264557449849e-05 4.6069553289980999e-05 0.0024951776595998425 -0.00024769100303643788 0.0015002902485790187 0.00037458181687756063 -0.0012237986252680857 -0.0023868649975676386 0.00059252448962959564 0.0024202086354843909 -0.0019964626250256151 -0.0013882170656517594 0.0026364083430080519 0.0006468183616855711 -0.0028582077053135955 -0.0013224648275587851 -0.00040812129986274011 -0.002288649720767838 -2.1552437163339704e-05 0.0026036509353341954 -1.0842432196923685e-05 -0.00034302781802301302 0.0017675331783309975 0.00028913545817372459
leaf_weight=3032 6540 2302 2178 3465 2445 3866 27673 8647 2272 134763 2464 3627 4852 6002 2084 2798 2154 2010 3512 2070 5160 6177 4760 2314 3331 2878 50845 9268 25657 16173
leaf_count=3032 6540 2302 2178 3465 2445 3866 27673 8647 2272 134763 2464 3627 4852 6002 2084 2798 2154 2010 3512 2070 5160 6177 4760 2314 3331 2878 50845 9268 25657 16173
internal_value=2.57004e-06 -0.000777138 5.8031e-05 -0.000131256 0.000636622 0.00112498 0.000279445 0.000211434 -0.000249604 -0.000175585 -0.00129233 -0.000794881 -0.000305541 -0.000759139 -0.00161921 0.000635975 0.000201722 0.000707666 0.00127976 -0.0013934 -0.00196903 -0.00207509 0.000428529 -0.000218105 -0.000183958 0.00119751 0.000336781 0.000561137 0.000916955 0.00119614
internal_weight=355319 23587 331732 178843 23877 17805 152889 146349 154966 145558 16525 6072 7316 16733 8086 14340 11542 9388 7378 9408 7338 9209 7062 143286 140972 6209 129616 78771 51098 41830
internal_count=355319 23587 331732 178843 23877 17805 152889 146349 154966 145558 16525 6072 7316 16733 8086 14340 11542 9388 7378 9408 7338 9209 7062 143286 140972 6209 129616 78771 51098 41830
is_linear=0
shrinkage=0.05


Tree=119
num_leaves=31
num_cat=0
split_feature=52 52 8 3 24 25 55 2 4 55 18 67 74 73 57 7 25 13 22 60 56 20 42 10 11 24 11 8 23 56
split_gain=4.85469 5.36745 6.08063 6.98752 6.19857 5.58984 5.40962 5.11793 6.44192 5.43227 5.05935 5.56244 4.97082 5.17522 6.23712 4.70676 4.99528 6.6123 5.44871 4.69244 4.62415 4.27686 4.51549 4.06356 3.98655 5.8653 4.33429 3.97299 3.94456 3.86841
threshold=2.8812146186828618 -0.25732448697090143 0.44001434743404394 2.3362160921096806 3.3204891681671147 0.99992328882217418 -1.2517476081848142 -0.97368407249450672 -0.83917415142059315 0.50327026844024669 2.4893225431442265 0.099042441695928587 5.5000000000000009 7.5000000000000009 0.57743102312088024 -1.5488775968551634 0.38057529926300054 -8.5358757972717267 1.2691742181777956 0.47499999403953558 -1.2113508582115171 0.74461889266967785 0.81174489855766307 -1.4238952994346616 -1.6813881397247312 1.9330314397811892 -1.4666632413864134 -0.23675832897424695 0.093054145574569716 0.11115273460745813
decision_type=2 2 2 2 2 2 2 2 2 2 2 2 2 2 2 2 2 2 2 2 2 2 2 2 2 2 2 2 2 2
left_child=1 24 6 4 5 7 12 8 -4 -10 15 -12 13 -3 19 -8 17 18 -17 -15 -19 -22 -23 -9 25 27 -26 -1 -18 -24
right_child=-2 2 3 -5 -6 -7 10 23 9 -11 11 -13 -14 14 -16 16 28 20 -20 -21 21 22 29 -25 26 -27 -28 -29 -30 -31
leaf_value=0.0013928493890953851 -0.002268506644230592 0.00036502566589969194 0.00327115715459356 -0.0028399935772085525 -0.0027630039259609537 0.0020387271680769804 0.0025681618100518184 -0.0025434483389373116 -0.0010537394578086371 0.0019151862925818105 0.00029176887621095544 0.0038426089911920871 0.0016323312389880011 -0.0038998421769737531 0.00069099174605483495 -0.00026029986686749388 0.0022159407638766243 -0.0016501647714033656 -0.0034769100944064333 -0.0011748790600132955 -0.00099900483658731218 0.00021669929986004358 0.0029007226528673011 -0.00027280328546551202 -0.0024293038912701348 0.002817798749655813 -0.00033948938851829539 -0.0015583644877485575 0.00048047799657462224 0.00016538770562291385
leaf_weight=2085 2478 4573 2214 2540 2241 2925 2283 2028 3804 2575 2238 2168 2097 3064 2020 2855 3434 3481 2436 3276 6146 37477 3122 59580 2526 2437 115299 2493 66848 2203
leaf_count=2085 2478 4573 2214 2540 2241 2925 2283 2028 3804 2575 2238 2168 2097 3064 2020 2855 3434 3481 2436 3276 6146 37477 3122 59580 2526 2437 115299 2493 66848 2203
internal_value=-6.76142e-05 -5.20771e-05 9.24199e-05 -0.000265807 -0.000178687 -9.9122e-05 0.000278828 -0.000188475 0.000953952 0.000145844 0.000379232 0.00204373 -0.0006206 -0.000986876 -0.00172593 0.00032279 0.000282545 -6.21238e-05 -0.00174501 -0.00249587 0.000108009 0.000233355 0.000410503 -0.000347949 -0.000315533 0.000841649 -0.000384494 -0.00021416 0.000565576 0.00177152
internal_weight=354946 352468 227628 77907 75367 73126 149721 70201 8593 6379 134691 4406 15030 12933 8360 130285 128002 57720 5291 6340 52429 48948 42802 61608 124840 7015 117825 4578 70282 5325
internal_count=354946 352468 227628 77907 75367 73126 149721 70201 8593 6379 134691 4406 15030 12933 8360 130285 128002 57720 5291 6340 52429 48948 42802 61608 124840 7015 117825 4578 70282 5325
is_linear=0
shrinkage=0.05


Tree=120
num_leaves=31
num_cat=0
split_feature=55 13 21 13 10 52 26 2 5 1 66 14 1 24 50 25 73 10 15 16 39 22 66 13 22 39 55 59 13 33
split_gain=5.79951 6.89716 4.52079 8.41836 9.14737 5.53801 5.15076 7.07446 4.73414 4.86218 5.32518 4.2793 6.87677 6.60829 6.78418 6.5498 5.78065 4.77151 6.6441 4.63102 5.88634 4.27426 4.24413 6.29694 4.49446 4.19774 3.92874 3.86162 8.64724 6.81209
threshold=-1.9978865981101988 -7.520533323287963 0.99963867664337169 -8.3927154541015607 -0.038522697985172265 2.8812146186828618 0.82672998309135448 1.9474791288375857 -1.6461810469627378 -0.53428584337234486 -0.28498314321041102 -8.3540215492248517 0.031620357185602195 0.91456237435340892 -0.6318131387233733 0.8289819359779359 11.500000000000002 0.39443938434123998 -8.1926932334899885 -0.4012694507837295 0.9117533564567567 0.98538354039192211 -0.2544062733650207 -7.5620262622833243 1.6361103653907778 -0.074107784777879701 0.15614113956689837 0.28149999678134924 -8.4448747634887678 0.64850091934204113
decision_type=2 2 2 2 2 2 2 2 2 2 2 2 2 2 2 2 2 2 2 2 2 2 2 2 2 2 2 2 2 2
left_child=1 -1 5 4 -4 8 7 22 9 10 -2 12 15 14 -13 16 19 18 -14 -10 -21 -16 24 -24 -5 -11 -23 28 -15 -29
right_child=2 -3 3 6 -6 -7 -8 -9 11 25 -12 13 17 27 21 -17 -18 -19 -20 20 -22 26 23 -25 -26 -27 -28 29 -30 -31
leaf_value=-0.00011942725093090626 0.0040205086477001859 -0.0033762038760179408 0.0043606658545528648 6.3125605206437607e-05 0.00062740040705015494 -0.0025233472352865216 0.0019439518635427752 -0.0027201043119822375 -0.0032537182487761712 0.0013585092562067541 0.00089924594974345067 -0.0027779172458002109 0.0011689563271799065 0.0025171243393653682 0.0016400216634595726 -0.003702459066086065 0.00044560484919146047 0.0018721305395275334 -0.0018121190224754604 -0.0018363851924547111 0.0013599577982798886 -0.0015388060037603262 0.0022847309523090593 -0.000733377275301255 -0.0025235280599318895 -0.0015999018874410097 0.00032842785145222996 0.00026037413329522887 -0.00034747478176949751 -0.001055622816132481
leaf_weight=3923 2018 2767 2760 8334 4035 2219 3410 2361 2938 2263 4215 3880 3610 2726 2132 2359 5359 3463 3855 4809 2046 7006 4448 2816 2093 2528 4702 175057 71019 10409
leaf_count=3923 2018 2767 2760 8334 4035 2219 3410 2361 2938 2263 4215 3880 3610 2726 2132 2359 5359 3463 3855 4809 2046 7006 4448 2816 2093 2528 4702 175057 71019 10409
internal_value=-1.23385e-05 -0.00146947 1.5645e-05 0.000599609 0.00214796 -3.98281e-05 0.000150456 -0.000155359 -2.23309e-05 0.000995128 0.00191461 -5.90931e-05 -0.00064306 8.97547e-07 -0.000932988 -0.00125701 -0.000874092 0.000340985 -0.000370865 -0.00159598 -0.000881787 -0.000414136 0.000188269 0.00111532 -0.000458011 -0.000202595 -0.000789274 6.47727e-05 -0.000241257 0.000186463
internal_weight=355560 6690 348870 30257 6795 318613 23462 20052 316394 11024 6233 305370 28439 276931 17720 17511 15152 10928 7465 9793 6855 13840 17691 7264 10427 4791 11708 259211 73745 185466
internal_count=355560 6690 348870 30257 6795 318613 23462 20052 316394 11024 6233 305370 28439 276931 17720 17511 15152 10928 7465 9793 6855 13840 17691 7264 10427 4791 11708 259211 73745 185466
is_linear=0
shrinkage=0.05


Tree=121
num_leaves=31
num_cat=0
split_feature=62 32 40 23 30 52 57 7 39 58 27 37 11 73 0 74 54 32 59 34 24 5 25 12 43 25 43 37 23 54
split_gain=6.66042 5.63336 7.32784 6.84665 5.60433 5.95111 4.29106 6.07494 6.64008 6.32284 4.67063 6.50715 4.48878 7.23425 7.81244 7.39847 6.60716 6.71553 6.20197 6.38835 6.12295 6.06616 6.2016 6.04602 5.61617 5.52654 5.40441 6.77171 5.47587 5.71721
threshold=0.22500000149011615 -0.75593328475952137 -0.88497918844223011 1.0000000180025095e-35 0.10314493998885156 -0.47992506623268122 1.0709387660026553 1.0968992710113528 -0.97533303499221791 -0.10469134524464606 0.20870496332645419 0.25000356137752539 0.13295024633407596 19.500000000000004 0.60212388634681713 1.0000000180025095e-35 -1.6302931308746336 -0.13930936902761457 0.21049999445676806 0.77866068482398998 0.83092787861824047 0.88402801752090465 0.63576745986938488 -6.9656667709350577 0.83333334326744091 0.94060319662094127 1.0000000180025095e-35 0.075169511139392867 0.99985027313232433 0.28374648094177252
decision_type=2 2 2 2 2 2 2 2 2 2 2 2 2 2 2 2 2 2 2 2 2 2 2 2 2 2 2 2 2 2
left_child=-1 2 -2 -3 5 -4 12 8 -8 -10 -9 -12 13 16 15 -15 17 -5 21 20 -20 -18 -23 -17 26 -22 27 -14 29 -28
right_child=1 3 4 6 -6 -7 7 10 9 -11 11 -13 24 14 -16 23 18 -19 19 -21 25 22 -24 -25 -26 -27 28 -29 -30 -31
leaf_value=0.0025987373044642275 0.0033458113937105669 -0.0018008227508859911 0.0031086997475665867 0.00021289678966970535 -0.0010057904203107538 0.00024179081409874466 0.0027338283476022471 0.0004941651181329654 0.0026881492880227557 0.00024960762260696029 -0.003676944697588583 -0.00016115001167532484 -0.00015284382949113973 -0.0011915289403045524 -0.00077076223410464781 0.0019402097534401402 -0.0010525802713327731 -0.0027785824768079229 -0.0015657107312766366 -0.0021656044153633962 0.00023299497775907188 0.0030056063723188369 -0.0006488380360441554 -0.00087437005400414097 -0.0012616157622209528 0.0022064898707462722 -0.00067508364872651146 -0.0031178622834972343 0.001664607246157654 0.00013907529145852711
leaf_weight=2394 2537 5702 2690 3206 4516 5498 3276 3780 2829 41805 2464 2814 4228 2710 6257 16020 22053 4508 4543 2872 87303 2024 2698 2160 15448 3688 37996 3528 4052 49833
leaf_count=2394 2537 5702 2690 3206 4516 5498 3276 3780 2829 41805 2464 2814 4228 2710 6257 16020 22053 4508 4543 2872 87303 2024 2698 2160 15448 3688 37996 3528 4052 49833
internal_value=-2.41526e-05 -4.20119e-05 0.000897964 -8.44478e-05 0.000406879 0.0011863 -5.49247e-05 0.000340015 0.000564532 0.000404735 -0.00084682 -0.00180633 -0.000136711 3.45532e-05 0.000778173 0.00124226 -0.000117396 -0.00153663 -2.98232e-05 0.000153767 0.000223713 -0.000704377 0.000920615 0.00160551 -0.00037486 0.000313217 -0.000237262 -0.00150383 -0.000130194 -0.000213178
internal_weight=355432 353038 15241 337797 12704 8188 332095 56968 47910 44634 9058 5278 275127 160042 27147 20890 132895 7714 125181 98406 95534 26775 4722 18180 115085 90991 99637 7756 91881 87829
internal_count=355432 353038 15241 337797 12704 8188 332095 56968 47910 44634 9058 5278 275127 160042 27147 20890 132895 7714 125181 98406 95534 26775 4722 18180 115085 90991 99637 7756 91881 87829
is_linear=0
shrinkage=0.05


Tree=122
num_leaves=31
num_cat=0
split_feature=15 70 28 28 2 38 72 43 43 19 2 13 13 11 6 7 11 73 22 4 11 22 68 52 59 68 26 5 60 1
split_gain=4.49103 9.6497 5.80535 6.62212 3.92578 11.3382 8.13587 7.13465 7.74564 10.2955 6.88525 6.43956 6.21798 6.14558 5.90368 5.17611 5.14073 6.45192 4.82851 6.40289 4.7709 6.34686 4.67232 4.40526 5.14486 5.01554 5.78294 4.04279 3.98345 4.1403
threshold=-8.4727268218994123 0.30584469437599188 -0.38697625696659083 -1.1015707850456236 -0.41123701632022852 1.0000000180025095e-35 1.0000000180025095e-35 0.30000001192092901 0.83333334326744091 0.28092306852340704 0.41781137883663183 -8.8526692390441877 -7.4569728374481192 0.41458372771739965 -0.80721756815910328 0.54029324650764476 1.7437533736228945 7.5000000000000009 1.8407295942306521 0.2713350802659989 -0.53571116924285878 1.1365461945533755 -0.48505361378192896 -0.27589404582977289 0.93850001692771923 2.1017509698867802 -3.2671171426773067 -0.47895601391792292 0.51499998569488536 -1.4509320259094236
decision_type=2 2 2 2 2 2 2 2 2 2 2 2 2 2 2 2 2 2 2 2 2 2 2 2 2 2 2 2 2 2
left_child=1 2 3 -1 5 6 -2 10 9 -9 12 -11 14 15 22 27 -13 -18 20 -20 21 -12 -6 24 25 26 -8 -10 29 -28
right_child=4 -3 -4 -5 7 -7 23 8 13 11 18 16 -14 -15 -16 -17 17 -19 19 -21 -22 -23 -24 -25 -26 -27 28 -29 -30 -31
leaf_value=0.00065793444615599354 0.0027059338820403477 0.0037868554881177203 0.0016785809251048094 -0.0030916772694304395 0.0028995793340686193 0.0035854019072759182 0.0021936286905842148 -0.00087213524458575715 -0.00089663629300119636 0.0032190431053579121 0.0027398190274593535 0.00028813092394222025 0.00078452484620518317 -0.0015138708614167056 -0.00081586728640733542 -0.0013284242256790188 -4.3366059153776527e-05 0.0026964447675121971 -5.4366010787361429e-05 -0.0033107829915726447 -0.001111316095579389 -0.00050979811127224803 -0.00029623506490143075 0.00034236846983220348 -0.002665627302731852 0.001981873908341742 -0.0026365258164802339 0.00097585188084279109 9.4477087138757971e-05 -0.00065691391310829499
leaf_weight=2805 3085 2460 3899 2016 2066 2491 2065 17134 4021 2045 2018 97303 14318 11769 23514 5811 3698 5118 2281 4455 21366 5791 2543 67758 2223 2460 3335 10115 13504 12611
leaf_count=2805 3085 2460 3899 2016 2066 2491 2065 17134 4021 2045 2018 97303 14318 11769 23514 5811 3698 5118 2281 4455 21366 5791 2543 67758 2223 2460 3335 10115 13504 12611
internal_value=4.21984e-05 0.00102801 0.000246268 -0.000913197 1.0214e-05 0.00025748 0.000179707 -0.000104862 8.96055e-05 0.000266293 -0.000494528 0.000446693 -6.33331e-05 -0.000608286 -0.00049512 -7.34879e-05 0.000392969 0.00154844 -0.00100397 -0.00220978 -0.000724909 0.000332397 0.00113948 0.000104486 -0.000340772 -0.000187916 -0.00035786 0.000442963 -0.000537452 -0.00107233
internal_weight=356078 11180 8720 4821 344898 109532 107041 235366 157014 125298 78352 108164 42441 31716 28123 19947 106119 8816 35911 6736 29175 7809 4609 103956 36198 33975 31515 14136 29450 15946
internal_count=356078 11180 8720 4821 344898 109532 107041 235366 157014 125298 78352 108164 42441 31716 28123 19947 106119 8816 35911 6736 29175 7809 4609 103956 36198 33975 31515 14136 29450 15946
is_linear=0
shrinkage=0.05


Tree=123
num_leaves=31
num_cat=0
split_feature=2 63 59 5 54 65 28 45 3 41 13 32 17 64 65 9 68 26 15 48 13 15 13 35 29 54 9 6 4 47
split_gain=6.34568 5.16026 7.34244 5.22761 5.86524 4.80697 4.29812 4.45015 4.2293 9.058 4.56943 13.606 4.32635 4.32414 5.27382 6.07727 3.87409 6.79429 6.72442 6.27154 5.77738 6.54581 5.52886 5.22363 5.84807 6.24538 5.70925 5.55028 6.11434 5.53964
threshold=-2.786008238792419 -0.37374542653560633 0.91749998927116405 1.550199627876282 -1.8282521367073057 -0.29368479549884791 1.6797575354576113 -0.16131418198347089 2.0114356279373173 0.6078576147556306 -9.04730176925659 0.047241564840078361 -0.15044109523296353 0.94317996501922619 -0.1698188781738281 0.55254727602005016 -0.66225525736808766 -0.70919477939605702 -7.6768727302551261 -1.080244719982147 -7.1389963626861563 -6.8366746902465811 -7.0414257049560538 0.16174911707639697 0.39343866705894476 1.3139111995697024 1.144319534301758 -0.14067792147397992 -0.66928327083587635 -0.095292638987302766
decision_type=2 2 2 2 2 2 2 2 2 2 2 2 2 2 2 2 2 2 2 2 2 2 2 2 2 2 2 2 2 2
left_child=-1 2 3 4 -2 -6 8 -8 10 12 11 -3 -10 16 -15 -16 17 19 -18 -12 21 23 -22 -20 26 -26 27 28 -25 -29
right_child=1 6 -4 -5 5 -7 7 -9 9 -11 13 -13 -14 14 15 -17 18 -19 20 -21 22 -23 -24 24 25 -27 -28 29 -30 -31
leaf_value=0.0023799623127397826 0.00301618144596479 -0.0043657266584136737 -0.0011930006521963653 0.0028252518477795393 -0.0020507497949769746 0.00035242244126701378 0.0029876744055471315 3.8665287829866125e-05 -0.0013248547282592037 0.0013730098100115439 0.0010861670064854733 0.0012148060898065289 -0.0042085283929297439 -0.0013065864534389784 0.0021468382508177909 0.00020372582747320159 -0.00051300777819303649 0.00098105160926857996 0.00051534528848402677 -0.0012318705067691691 -0.0018457432414100028 0.0025661047788800412 -0.00014757311184590986 0.0007597912921866669 -0.00049423105670618047 -0.0030801328803866487 0.001543344466188894 -0.00087008620472667708 -0.0025009993333819543 0.001344405424556985
leaf_weight=2700 2008 2322 7691 2193 2131 74243 2164 3109 3475 2201 3279 2048 2083 3157 6324 11040 64943 5244 58229 25991 6147 3057 21646 2161 10191 3021 6089 4817 4262 6798
leaf_count=2700 2008 2322 7691 2193 2131 74243 2164 3109 3475 2201 3279 2048 2083 3157 6324 11040 64943 5244 58229 25991 6147 3057 21646 2161 10191 3021 6089 4817 4262 6798
internal_value=-3.02739e-05 -4.88252e-05 0.000282083 0.000423012 0.00035545 0.000285109 -0.000159553 0.00125228 -0.000188396 -0.00133735 -0.000152795 -0.00175361 -0.0024112 -0.000124333 0.00057042 0.000912239 -0.000187475 -0.00067498 -9.9517e-05 -0.000971908 0.000112924 0.000292359 -0.000523688 0.000219366 -0.000242219 -0.00108739 0.00022086 -0.000226172 -0.00140444 0.000426048
internal_weight=354764 352064 88266 80575 78382 76374 263798 5273 258525 7759 250766 4370 5558 246396 20521 17364 225875 34514 191361 29270 126418 98625 27793 95568 37339 13212 24127 18038 6423 11615
internal_count=354764 352064 88266 80575 78382 76374 263798 5273 258525 7759 250766 4370 5558 246396 20521 17364 225875 34514 191361 29270 126418 98625 27793 95568 37339 13212 24127 18038 6423 11615
is_linear=0
shrinkage=0.05


Tree=124
num_leaves=31
num_cat=0
split_feature=32 56 27 13 64 34 38 18 57 68 11 72 17 17 33 54 63 41 48 47 12 8 68 11 68 33 34 26 14 54
split_gain=6.39818 6.63626 6.8374 7.66491 6.07946 7.03522 5.9676 5.66754 5.14546 5.99019 5.91146 6.32717 5.20916 7.11355 6.85704 5.91729 8.64596 5.07119 4.40824 5.16093 4.34176 4.44554 7.40875 8.34204 7.03311 4.55278 4.2811 7.36473 6.85987 6.36355
threshold=-1.2316720485687254 -1.8079988956451414 0.64860326051712047 -8.9348058700561506 -0.53646516799926747 -0.53107213973999012 1.0000000180025095e-35 0.7235097885131837 0.079011749476194396 2.0116189718246464 0.9631289839744569 15.000000000000002 0.14145409315824511 0.54559102654457103 0.53010228276252758 0.89098086953163158 0.1627742871642113 -1.0000000180025095e-35 1.4054753780364992 -0.59816932678222645 -8.9332442283630353 -0.76341876387596119 -0.64848890900611866 -0.82270050048828114 0.94082772731781017 -0.60709694027900685 0.69086143374443065 0.92415535449981701 -7.4343910217285147 0.010711869690567257
decision_type=2 2 2 2 2 2 2 2 2 2 2 2 2 2 2 2 2 2 2 2 2 2 2 2 2 2 2 2 2 2
left_child=-1 4 8 -4 -2 -6 7 -5 10 18 12 -12 14 -14 15 20 -17 -16 -10 -20 -3 22 -22 -24 25 -23 27 29 -28 -9
right_child=1 2 3 6 5 -7 -8 26 9 -11 11 -13 13 -15 17 16 -18 -19 19 -21 21 24 23 -25 -26 -27 28 -29 -30 -31
leaf_value=0.0023730817928931474 0.0011082415696997314 -0.0011859792339749355 0.0024453624188288344 0.00057087040400217277 -0.0036035341261478984 -0.00063304904272405314 -0.0025892451702143942 -0.0011500078364697084 0.00039667894177520087 0.0019027955432901972 -0.0032389031303536988 -0.00043973775570995918 -0.00099258734739432605 0.00078243710481414204 -0.0034746746446223265 0.003057239526475024 -0.0002987858776650263 -0.00021014711564488355 -0.0028852540244360247 5.2558259998685647e-05 -0.0016200696338657204 0.0023521746041475816 3.5234905671506355e-06 0.0027482381908508716 -0.0018738138000092494 0.00017569603795780992 -0.00047869088161268003 0.0010324127044864741 -0.0031715210575073713 -2.6152859940261757e-05
leaf_weight=2879 2186 5097 2411 14479 3376 4859 3014 24789 115999 6311 2766 7416 21383 7659 2024 4602 3284 2869 2221 4530 2058 2521 4665 6799 4067 47473 6484 8240 3717 25597
leaf_count=2879 2186 5097 2411 14479 3376 4859 3014 24789 115999 6311 2766 7416 21383 7659 2024 4602 3284 2869 2221 4530 2058 2521 4665 6799 4067 47473 6484 8240 3717 25597
internal_value=2.9641e-05 1.04561e-05 4.82946e-05 -0.000329482 -0.00123192 -0.00185372 -0.00040726 -0.000328015 0.000180406 0.000401698 -4.86699e-05 -0.00120258 5.40375e-05 -0.000524367 0.000250638 0.000361079 0.00166107 -0.00156486 0.000324372 -0.000916786 0.000219817 0.000326 0.00113649 0.00163232 0.000123105 0.000285896 -0.000517167 -0.000352537 -0.00146204 -0.000579188
internal_weight=355775 352896 342475 88731 10421 8235 86320 83306 253744 129061 124683 10182 114501 29042 85459 80566 7886 4893 122750 6751 72680 67583 13522 11464 54061 49994 68827 58626 10201 50386
internal_count=355775 352896 342475 88731 10421 8235 86320 83306 253744 129061 124683 10182 114501 29042 85459 80566 7886 4893 122750 6751 72680 67583 13522 11464 54061 49994 68827 58626 10201 50386
is_linear=0
shrinkage=0.05


Tree=125
num_leaves=31
num_cat=0
split_feature=25 28 72 28 0 28 55 15 13 15 28 13 13 19 33 11 17 53 8 57 20 37 58 6 8 57 31 45 55 43
split_gain=5.65971 6.187 7.06413 6.05465 7.7242 4.90253 4.71851 6.93109 11.3226 7.13848 8.34309 9.73011 6.46374 6.26125 5.84129 6.00111 8.62192 8.40015 8.12192 6.29131 6.81093 5.62244 5.5616 5.33875 5.58345 5.25098 7.3539 12.7844 5.77538 5.22704
threshold=0.15521208941936496 1.2914713621139529 3.0000000000000004 1.6797575354576113 0.39640155434608465 1.9554068446159365 -0.027188048698008057 -7.3154659271240225 -7.9719810485839835 -7.4065475463867179 -2.1827509403228755 -8.8156957626342756 -9.120022773742674 0.84978586435318004 0.92653223872184765 -0.36066712439060206 0.14145409315824511 -0.82686573266983021 1.3615111708641054 0.89098829030990612 2.1629931926727299 0.44604219496250158 0.83832672238349926 -0.24098444730043408 -0.58355271816253651 -0.19590790569782254 -0.11233800649642943 0.095255695283412947 -0.66482809185981739 0.43333333730697637
decision_type=2 2 2 2 2 2 2 2 2 2 2 2 2 2 2 2 2 2 2 2 2 2 2 2 2 2 2 2 2 2
left_child=1 2 -1 6 5 -5 7 9 -9 10 -2 -12 -8 25 15 16 17 -14 22 23 21 -21 -19 24 -17 26 -10 29 -27 -28
right_child=3 -3 -4 4 -6 -7 12 8 13 -11 11 -13 14 -15 -16 19 -18 18 -20 20 -22 -23 -24 -25 -26 28 27 -29 -30 -31
leaf_value=0.0030731260397020748 0.00094795066678728167 -0.0014022784777294618 0.00050684465549658898 0.0044579815157590299 -0.00075709423124408208 0.00098625021412452251 0.0024210934895589685 -0.0028183132346069821 -0.0014632960331730737 -0.0017905786140971153 -0.0029800430451402547 -0.00048079422659317011 0.0024868112316524015 -0.00099728724151807303 -0.0013105016470146673 0.0028322057003636698 -0.00091368845420436093 0.00046748552027718121 -0.0018979437633863468 -1.4052113755192197e-05 0.0032104554615878418 0.0019147039856329197 0.0022515972809607995 -0.00054723938226211143 6.5481519099334649e-05 0.0022414052522322387 0.0011812572739552309 0.0039340017172481171 0.00045807787747534308 -0.0021897112844665913
leaf_weight=2877 9455 3864 37819 2059 2550 2014 2790 2912 5427 11239 4152 60716 6250 6486 8104 2276 8920 29479 3198 27748 2056 4364 5120 68995 9016 8131 2217 2403 10279 2369
leaf_count=2877 9455 3864 37819 2059 2550 2014 2790 2912 5427 11239 4152 60716 6250 6486 8104 2276 8920 29479 3198 27748 2056 4364 5120 68995 9016 8131 2217 2403 10279 2369
internal_value=-1.95535e-05 0.000507362 0.000688978 -9.51304e-05 0.0013993 0.00274791 -0.000127722 -0.000362209 0.00017908 -0.000616668 -0.000438934 -0.000641198 3.76977e-05 0.000413703 -3.22307e-07 6.31709e-05 0.000503161 0.000790231 0.000509106 -0.000140472 0.000427692 0.000248579 0.000732075 -0.000382291 0.000625151 0.000710812 -8.3845e-05 0.000987867 0.0012465 -0.000561067
internal_weight=355285 44560 40696 310725 6623 4073 304102 125786 40224 85562 74323 64868 178316 37312 175526 167422 52967 44047 37797 114455 34168 32112 34599 80287 11292 30826 12416 6989 18410 4586
internal_count=355285 44560 40696 310725 6623 4073 304102 125786 40224 85562 74323 64868 178316 37312 175526 167422 52967 44047 37797 114455 34168 32112 34599 80287 11292 30826 12416 6989 18410 4586
is_linear=0
shrinkage=0.05


Tree=126
num_leaves=31
num_cat=0
split_feature=34 30 64 61 55 37 20 16 59 42 8 59 8 66 2 32 48 29 59 60 34 69 39 59 55 20 63 28 64 9
split_gain=4.99972 8.43271 9.86046 6.93706 5.94832 5.25029 6.22926 6.32737 4.95844 4.91354 4.87918 5.20917 4.83563 5.44586 4.80262 4.68173 4.48569 4.77775 4.43368 4.15551 4.15084 5.06318 6.20616 5.00595 4.88171 4.58716 4.48285 4.18585 5.15892 4.09812
threshold=-0.48634786903858179 0.35493786633014685 -0.4906285405158996 0.2333333417773247 -0.19509198516607282 -0.043888967484235757 1.5997800827026369 0.2578065842390061 0.83949998021125805 0.81174489855766307 -0.90654975175857533 0.19449999928474429 -1.5372550487518308 -0.51746490597724903 -0.89128026366233815 1.1375319957733157 0.6502443552017213 -0.19697456061840055 0.62149998545646679 0.49500000476837164 0.090600688010454192 0.036188453435897834 -0.46561008691787714 0.88350000977516185 -0.77454116940498341 1.5997800827026369 -0.66880774497985829 -1.7626224160194395 -0.15646709501743314 -0.3668739646673202
decision_type=2 2 2 2 2 2 2 2 2 2 2 2 2 2 2 2 2 2 2 2 2 2 2 2 2 2 2 2 2 2
left_child=1 2 14 9 10 6 -3 -8 15 -2 11 -4 -13 -14 -1 -5 20 -18 -7 -15 23 25 -23 -10 -25 -22 -26 -28 -29 -12
right_child=3 5 4 8 -6 18 7 -9 16 -11 29 12 13 19 -16 -17 17 -19 -20 -21 21 22 -24 24 26 -27 27 28 -30 -31
leaf_value=0.001083333555423391 -0.0018557797621082048 0.001801251922203685 -0.0025030098013733761 -6.3837875552501274e-05 0.002880497492151335 -0.0029975440139093854 -0.0030329280286343365 0.00059849321664887502 0.0023773223374514377 0.00039968976931136456 0.0021978738994906794 0.0018909116089767591 -0.0025579571157295995 -0.001081412224069095 0.0039277270328338743 -0.0019207240316629682 -0.0019518860183473656 0.00025060996566426394 3.3637246463119943e-05 0.0018608840191739696 -0.0011631277756581286 -0.00066771727501904472 0.0022169829682931147 -0.0010196104910560712 -0.00099803438727803177 0.0012795598760234766 0.0031839419548682457 0.0027250911329854415 9.0822029935979394e-06 -0.00021438349061577114
leaf_weight=2483 8610 3735 2306 246084 2397 2969 2034 2897 6090 3350 4511 2790 2298 2377 3716 3432 3524 8113 2027 2404 7987 3035 4809 3295 2049 2521 2861 2659 5069 2881
leaf_count=2483 8610 3735 2306 246084 2397 2969 2034 2897 6090 3350 4511 2790 2298 2377 3716 3432 3524 8113 2027 2404 7987 3035 4809 3295 2049 2521 2861 2659 5069 2881
internal_value=2.47741e-05 0.000538193 0.00103256 -4.37403e-05 0.000534942 -0.000480907 0.000263509 -0.000902547 3.12186e-06 -0.00122422 0.000246282 -0.000368924 0.000131757 -0.000563256 0.00279199 -8.94546e-05 0.000447169 -0.000417469 -0.00177011 0.00039884 0.000696419 0.000140915 0.00110141 0.00115905 0.000692199 -0.000576437 0.00113896 0.00155302 0.000945903 0.00125869
internal_weight=355313 41825 28163 313488 21964 13662 8666 4931 301528 11960 19567 12175 9869 7079 6199 249516 52012 11637 4996 4781 40375 18352 7844 22023 15933 10508 12638 10589 7728 7392
internal_count=355313 41825 28163 313488 21964 13662 8666 4931 301528 11960 19567 12175 9869 7079 6199 249516 52012 11637 4996 4781 40375 18352 7844 22023 15933 10508 12638 10589 7728 7392
is_linear=0
shrinkage=0.05


Tree=127
num_leaves=31
num_cat=0
split_feature=2 63 46 48 8 56 43 0 30 54 54 10 65 40 23 63 13 1 56 19 17 63 26 22 68 52 55 17 64 23
split_gain=9.66193 5.6405 5.28129 4.51742 5.73884 4.45847 6.52624 4.41392 4.19656 4.05519 4.24412 5.14359 4.04734 3.74333 3.72324 3.59743 4.58961 4.09806 3.7851 8.07827 4.97754 5.10202 4.1196 4.04137 4.00627 5.73753 4.99839 9.49542 8.11242 4.96191
threshold=-2.786008238792419 1.9883915185928347 1.5912793278694155 1.5487338304519656 -0.78705358505249012 0.493063434958458 0.43333333730697637 -1.2229012250900266 -2.5486736297607417 0.98293143510818493 0.14900349825620654 -0.52224865555763234 0.0053159829694777736 -0.99952408671379078 0.80776149034500133 -1.4961175322532652 -8.1118302345275861 0.17335593700408938 -1.3827732801437376 0.15547928959131244 -0.47123213112354273 1.0000000180025095e-35 -1.0191137194633482 1.8491931557655337 -0.25552971661090845 0.35917678475379949 1.054927706718445 -0.44177420437335962 -0.19762483239173886 0.87785911560058605
decision_type=2 2 2 2 2 2 2 2 2 2 2 2 2 2 2 2 2 2 2 2 2 2 2 2 2 2 2 2 2 2
left_child=-1 2 3 8 -5 -6 -7 -4 -2 10 11 -9 -3 -10 -8 16 -15 -18 19 20 21 -17 -22 -21 26 -26 -20 28 -28 -30
right_child=1 12 7 4 5 6 14 9 13 -11 -12 -13 -14 15 -16 18 17 -19 24 23 22 -23 -24 -25 25 -27 27 -29 29 -31
leaf_value=0.0028878671869146844 0.0016545759534322476 0.00023678586724237851 0.0010706398427099875 0.0012801288067670643 -0.0020260265329859902 -0.0023564719929758766 0.0023177365768373565 -5.4764234374688385e-05 0.0017220839467583682 -0.0028465222766804869 0.00036754702011324486 -0.0025509378155210223 0.0029191152807090137 0.0026620779489466961 -0.0004370566263351276 3.46877442756325e-05 0.0012150205543186529 -0.0012185040830161279 -0.00010745610234108275 -0.0030240093919941917 0.0020040963821942601 -0.0033393528373809227 -0.00016028620237622766 -0.00036650837868333554 -6.8545760549292722e-05 0.00072797030583893522 0.0028655804567842068 -0.0018519723903381972 0.0010675639114629089 -0.0022179113537272575
leaf_weight=2714 3621 3080 2362 2712 8072 2627 2096 3531 2924 3153 4625 4958 2581 2610 2931 2517 4196 2929 151264 4555 3207 2009 6940 2088 68757 33674 2352 11605 2087 2535
leaf_count=2714 3621 3080 2362 2712 8072 2627 2096 3531 2924 3153 4625 4958 2581 2610 2931 2517 4196 2929 151264 4555 3207 2009 6940 2088 68757 33674 2352 11605 2087 2535
internal_value=-7.8522e-05 -0.000101436 -0.000127 -8.0516e-05 -0.000840638 -0.00120695 -0.000341629 -0.000945726 -3.52613e-05 -0.00123898 -0.000850609 -0.00151394 0.00146272 -5.52948e-05 0.000713871 -7.24846e-05 0.000872636 0.000214323 -0.000103852 -0.000745327 -8.9989e-05 -0.00146704 0.000525075 -0.00219052 -5.36062e-05 0.000193353 -0.000202548 -0.00097628 0.000481472 -0.000735299
internal_weight=355312 352598 346937 328308 18438 15726 7654 18629 309870 16267 13114 8489 5661 306249 5027 303325 9735 7125 293590 21316 14673 4526 10147 6643 272274 102431 169843 18579 6974 4622
internal_count=355312 352598 346937 328308 18438 15726 7654 18629 309870 16267 13114 8489 5661 306249 5027 303325 9735 7125 293590 21316 14673 4526 10147 6643 272274 102431 169843 18579 6974 4622
is_linear=0
shrinkage=0.05


Tree=128
num_leaves=31
num_cat=0
split_feature=62 63 25 25 30 17 54 69 17 18 17 10 54 40 59 54 73 25 12 55 7 18 59 57 26 6 9 3 66 43
split_gain=8.70356 7.04112 6.79366 6.19035 6.16375 5.72478 6.78734 6.15808 7.62178 7.51443 6.29983 5.99209 6.8755 5.53875 6.48288 5.53288 5.51622 5.19718 5.06646 4.93587 9.46841 5.21006 4.79647 4.70527 6.79567 4.75674 4.9956 4.68861 5.61011 4.65677
threshold=0.60833334922790538 0.29268160462379461 0.036631703376770026 0.99992328882217418 0.17833693325519565 0.52871596813201915 0.35424543917179113 -0.013241069857031105 -0.71250662207603443 0.82726594805717479 -0.059168016538023942 -1.2062768340110777 0.020349524915218357 0.55556493997573864 0.15049999952316287 0.89098086953163158 7.5000000000000009 0.96656945347785961 -8.0180134773254377 0.45158003270626074 0.88108670711517345 1.6021526455879214 0.21049999445676806 0.89098829030990612 -2.6378568410873409 0.28624762594699865 -0.58834967017173756 -0.30946615338325495 0.26931159198284155 0.10000000521540643
decision_type=2 2 2 2 2 2 2 2 2 2 2 2 2 2 2 2 2 2 2 2 2 2 2 2 2 2 2 2 2 2
left_child=1 3 -3 17 -2 7 -7 8 16 10 15 -11 27 14 -14 22 -4 23 -15 29 -21 -22 -9 -1 -25 26 -26 -13 -29 -10
right_child=4 2 5 -5 -6 6 -8 9 19 11 -12 12 13 18 -16 -17 -18 -19 -20 20 21 -23 -24 24 25 -27 -28 28 -30 -31
leaf_value=1.6477755611037209e-05 8.0462395488679406e-05 0.0024818609196506792 -0.0047219179254111322 0.0027614736934525094 0.0030805090213625284 -0.00051373280402057118 0.0025620392918985408 -0.00026626382860292925 0.00055292639488650752 0.0014859920477803058 -0.00067705917944819636 -0.00017403597784326134 0.0028745120219363473 0.00064879900064843652 -7.5808838288767344e-05 -0.00087477247647305936 -0.0011792625842227001 -0.0016144343383029782 -0.0023113474165030201 0.0013942305191089585 -0.0025037232475263391 0.00064496062382995555 0.0023295212180774552 -0.00084402936771781154 0.0017347182124496489 0.0015537512082196715 7.2710392007459479e-05 -0.002742688772588936 -9.3666540764344403e-05 -0.0014500488223057667
leaf_weight=184213 3059 2052 2194 2195 3880 3772 3405 2275 3375 3221 6230 4344 2178 2111 12492 2452 2209 4330 4550 6395 3733 2019 8131 7225 5733 14315 21258 8407 2622 20488
leaf_count=184213 3059 2052 2194 2195 3880 3772 3405 2275 3375 3221 6230 4344 2178 2111 12492 2452 2209 4330 4550 6395 3733 2019 8131 7225 5733 14315 21258 8407 2622 20488
internal_value=7.86566e-06 -2.71282e-05 -0.000360895 0.000124448 0.00175998 -0.000415843 0.000947047 -0.000514307 -0.000989736 -0.000188614 0.000627169 -0.000578696 -0.00076024 -0.000179091 0.000363874 0.00125913 -0.00295126 9.99172e-05 -0.00137365 -0.000749145 7.13363e-05 -0.00139931 0.00176231 0.000131879 0.000569824 0.000817271 0.000426239 -0.00156598 -0.00211357 -0.00116665
internal_weight=354863 347924 108655 239269 6939 106603 7177 99426 40413 59013 19088 39925 36704 21331 14670 12858 4403 237074 6661 36010 12147 5752 10406 232744 48531 41306 26991 15373 11029 23863
internal_count=354863 347924 108655 239269 6939 106603 7177 99426 40413 59013 19088 39925 36704 21331 14670 12858 4403 237074 6661 36010 12147 5752 10406 232744 48531 41306 26991 15373 11029 23863
is_linear=0
shrinkage=0.05


Tree=129
num_leaves=31
num_cat=0
split_feature=40 59 12 35 35 34 28 10 8 10 22 34 73 57 59 11 35 0 6 34 17 5 60 22 56 17 22 21 9 9
split_gain=6.02553 6.31139 6.81412 5.90434 5.56254 7.37839 5.28825 5.10461 5.26884 5.09822 6.31905 7.15709 5.50953 6.16592 5.09705 5.02299 6.21877 5.73892 5.54035 5.30585 4.89422 4.82388 7.33464 5.78016 5.49602 6.6256 5.37648 6.01513 5.27102 5.11685
threshold=-0.27143786847591395 0.47949999570846563 -9.0784764289855939 -0.69177186489105214 -0.067357454448938356 0.40181380510330206 1.5004223585128786 -1.0693546533584593 0.13098002225160602 -0.33271300792694086 1.1796219348907473 -0.2843793779611587 12.500000000000002 -0.16724309325218198 0.10249999910593034 3.1221500635147099 0.97158616781234752 -0.97008424997329701 0.85820508003234874 0.95599409937858593 -0.39437139034271235 0.88402801752090465 0.57499998807907116 1.2765067815780642 -0.55564260482788075 -0.38940946757793421 1.544981896877289 0.25022859871387487 1.0036732554435732 -0.72534212470054615
decision_type=2 2 2 2 2 2 2 2 2 2 2 2 2 2 2 2 2 2 2 2 2 2 2 2 2 2 2 2 2 2
left_child=1 4 -3 -4 7 -6 21 -1 9 12 -11 -12 20 -14 -7 16 17 18 -2 -19 -9 22 24 -23 -5 -26 29 -28 -25 -24
right_child=15 2 3 6 5 14 -8 8 -10 10 11 -13 13 -15 -16 -17 -18 19 -20 -21 -22 23 26 28 25 -27 27 -29 -30 -31
leaf_value=0.00034689275806690001 0.00066141049815063183 0.0026674992393071768 0.0022529596594312129 -0.0014115807202970346 0.0003181604503809611 0.00091484490309719571 0.0020594144863907145 -0.0025455966855211249 -0.0035888832533102323 0.0021225078976753547 0.00031882762316848311 -0.0031440798842080932 -0.001421169813581008 -0.0048320392081866457 -0.0016032945495124422 -0.0017590300176217291 0.0020324381146264014 0.00017785986452346797 0.0028487661205839287 -0.0022320136220795837 0.00035075406692450521 0.00074443212621459027 0.0021903447174518435 -0.0024399713781371453 0.0012507318187190387 -0.00059134252587228562 0.0035908582425350864 0.00074340517705368371 0.00047838803488458768 -0.00015576801315397553
leaf_weight=5302 24061 2603 2964 9762 28425 2479 2921 2372 2397 2193 3959 2383 2939 2421 10476 3009 5017 171063 3283 2305 3757 3275 2757 6348 7249 14894 2922 5067 2041 14511
leaf_count=5302 24061 2603 2964 9762 28425 2479 2921 2372 2397 2193 3959 2383 2939 2421 10476 3009 5017 171063 3283 2305 3757 3275 2757 6348 7249 14894 2922 5067 2041 14511
internal_value=9.3238e-05 -0.000152659 0.000157688 6.98988e-05 -0.000499855 -0.000132597 -2.05888e-05 -0.00104779 -0.0013776 -0.00111124 -0.000185193 -0.000985258 -0.00179842 -0.00296792 -0.0011211 0.000265719 0.000295417 0.000251899 0.000924976 0.000145693 -0.000772491 -0.000109151 7.99896e-05 -0.00103535 -0.000423884 1.19936e-05 0.000716406 0.00178806 -0.00173023 0.000219862
internal_weight=355155 146417 77314 74711 69103 41380 71747 27723 22421 20024 8535 6342 11489 5360 12955 208738 205729 200712 27344 173368 6129 68826 57162 11664 31905 22143 25257 7989 8389 17268
internal_count=355155 146417 77314 74711 69103 41380 71747 27723 22421 20024 8535 6342 11489 5360 12955 208738 205729 200712 27344 173368 6129 68826 57162 11664 31905 22143 25257 7989 8389 17268
is_linear=0
shrinkage=0.05


Tree=130
num_leaves=31
num_cat=0
split_feature=36 43 47 12 62 24 36 65 14 30 58 37 9 14 50 12 35 25 11 71 9 9 41 13 5 13 19 43 30 69
split_gain=5.56221 7.15342 6.47457 7.47385 5.61494 6.34317 8.38104 7.76236 5.77231 5.68676 5.64088 6.51779 6.50802 4.88824 4.88065 4.42542 5.87087 9.13013 7.58862 7.2047 5.5213 5.15017 4.88672 7.86205 5.41346 5.26586 7.98949 6.76641 5.21263 4.97248
threshold=0.94136744737625133 0.16666667163372043 -0.37269781529903406 -8.4466261863708478 0.62500000000000011 1.9150742888450625 0.14093536138534549 0.26148431003093725 -8.5636601448059064 0.57265207171440136 -0.33599099516868586 -0.12036471813917159 -0.43522879481315607 -7.5481991767883292 0.52259084582328807 -8.4140920639038068 0.24016102403402331 0.36471730470657354 0.4363152831792832 -0.52703517675399769 -0.58834967017173756 0.83275753259658825 0.87837970256805431 -8.0229640007019025 -0.48966376483440394 -7.832676649093627 0.5214388668537141 0.76666668057441723 -0.70815265178680409 0.023726998828351501
decision_type=2 2 2 2 2 2 2 2 2 2 2 2 2 2 2 2 2 2 2 2 2 2 2 2 2 2 2 2 2 2
left_child=4 -2 -3 -4 5 6 7 15 -7 10 13 12 -12 -8 -5 16 17 18 20 -19 -1 -18 25 -24 -25 26 28 29 -17 -28
right_child=1 2 3 14 -6 8 9 -9 -10 -11 11 -13 -14 -15 -16 22 21 19 -20 -21 -22 -23 23 24 -26 -27 27 -29 -30 -31
leaf_value=0.0013474443167957198 -0.00060825531632464284 0.0015378084224272842 0.001796501430760196 0.00036187079100212467 0.0019964107100220512 -0.0026749191826343378 -0.00194705646005378 0.002433820869504234 -0.00041358874414229813 -0.0014126020199462855 0.0038181216515975839 -0.00023499524247059178 0.00049135010030549068 -2.6941829962456141e-05 -0.0010897095587481872 0.00070384021188444831 -0.0028044656241511656 0.0017573281224518103 -0.0032781164537662431 -0.00082238889137994323 -0.0015510677449836626 0.00029462444284143068 -0.0032194929478808567 0.001172962617781762 -0.00073094308124801424 0.00017802644337339485 -5.5613663475398846e-05 -0.0022870805382275735 0.0022244172799976108 0.0026767695905879057
leaf_weight=3009 13293 15760 7028 22437 3212 2931 7267 3869 70058 12772 2106 23820 4828 6088 7794 10917 4041 8060 2948 4065 3595 2001 2242 5712 10734 70255 7825 2714 11671 2105
leaf_count=3009 13293 15760 7028 22437 3212 2931 7267 3869 70058 12772 2106 23820 4828 6088 7794 10917 4041 8060 2948 4065 3595 2001 2242 5712 10734 70255 7825 2714 11671 2105
internal_value=1.56134e-05 0.000428549 0.000688564 0.000329029 -7.91984e-05 -0.000102608 3.54425e-05 0.000225132 -0.00050475 -0.000483952 -0.000214798 0.000157859 0.0015058 -0.00107243 -1.26047e-05 0.000168717 -0.000402407 -1.79799e-05 -0.00117343 0.000892493 -0.00023037 -0.00177931 0.000296228 -0.00044881 -6.93705e-05 0.000428249 0.000927016 -7.9372e-05 0.00149014 0.000525718
internal_weight=355157 66312 53019 37259 288845 285633 212644 155763 72989 56881 44109 30754 6934 13355 30231 151894 27719 21677 9552 12125 6604 6042 124175 18688 16446 105487 35232 12644 22588 9930
internal_count=355157 66312 53019 37259 288845 285633 212644 155763 72989 56881 44109 30754 6934 13355 30231 151894 27719 21677 9552 12125 6604 6042 124175 18688 16446 105487 35232 12644 22588 9930
is_linear=0
shrinkage=0.05


Tree=131
num_leaves=31
num_cat=0
split_feature=27 19 13 20 34 71 22 56 29 22 8 10 6 3 28 57 56 55 40 1 12 1 40 47 18 57 20 69 25 43
split_gain=6.49181 9.64131 7.84238 6.73758 6.19955 5.29395 6.53454 5.09159 4.25416 5.75371 6.61194 6.56327 6.48915 8.56034 5.53492 4.91597 4.59134 4.53085 4.22276 7.9195 7.50162 6.78272 5.99369 5.56696 6.97142 5.16067 4.91095 5.05587 4.88458 4.6955
threshold=0.78516632318496715 0.99291545152664196 -8.6737718582153303 2.8838458061218266 0.44228054583072668 -0.48702053725719446 1.2656059861183169 1.0154504179954531 -0.73872768878936756 1.5789605379104616 -1.1749932765960691 -0.50143021345138539 0.084835730493068709 0.2586189359426499 -1.7787016630172727 -0.27088297903537745 -2.0990827083587642 -0.72482952475547779 -0.3214364200830459 1.4539281725883486 -8.9649415016174299 0.040339052677154548 -0.47331516444683069 -0.64619100093841542 0.82255768775939953 0.49446238577365881 0.85195821523666393 0.29190935194492346 0.19219563901424411 0.16666667163372043
decision_type=2 2 2 2 2 2 2 2 2 2 2 2 2 2 2 2 2 2 2 2 2 2 2 2 2 2 2 2 2 2
left_child=3 4 -3 8 -2 6 -4 -6 9 10 -1 -11 13 14 -12 -13 -10 -16 19 22 21 -20 23 26 -25 -26 -18 29 -24 -28
right_child=1 2 5 -5 7 -7 -8 -9 16 11 12 15 -14 -15 17 -17 18 -19 20 -21 -22 -23 28 24 25 -27 27 -29 -30 -31
leaf_value=0.0026941372509147431 -0.00052841804601770571 0.0031615239161866988 0.0006670444838233053 0.0017402650955400613 -0.0028739330239736559 0.00092488990187886708 -0.0017911220346514139 -0.00083837620096983013 -0.0018600861031574387 -0.00012000931366680681 0.002099360391565839 0.00034713803418879533 0.0016241744603770472 -0.0028714305214578065 0.00047970749711884962 0.0029125950101666987 -0.0017251780732818974 -0.00144850942177382 -0.0026022800582504962 0.0017096393242143457 0.00024017673717887544 0.00076675410745536722 0.0007822651852838875 0.00032000226495319524 -0.001248926968844267 -4.353052633084509e-05 0.0032259534542746597 -0.0009736650833870983 -0.0018486877592311917 0.0008174182966730327
leaf_weight=2171 33351 2266 4908 5962 6054 9579 5998 6250 3384 4926 2430 2658 4009 3356 5932 6291 2077 6245 4445 4791 138436 2242 2125 19746 25647 13580 2504 3054 10241 10438
leaf_count=2171 33351 2266 4908 5962 6054 9579 5998 6250 3384 4926 2430 2658 4009 3356 5932 6291 2077 6245 4445 4791 138436 2242 2125 19746 25647 13580 2504 3054 10241 10438
internal_value=-2.60158e-05 -0.000463641 0.00037713 7.84168e-05 -0.000882609 6.77352e-05 -0.000685282 -0.00184146 4.30623e-05 0.000534783 6.83422e-05 0.00134577 -0.000192214 -0.000598275 -7.44041e-05 0.00215185 -3.39795e-05 -0.00050956 -8.08219e-06 -0.000268747 0.000161129 -0.00147326 -0.000374935 -0.000210842 -0.000446117 -0.000831748 0.000556693 0.000853875 -0.00139631 0.00128555
internal_weight=355096 68406 22751 286690 45655 20485 10906 12304 280728 38018 24143 13875 21972 17963 14607 8949 242710 12177 239326 94203 145123 6687 89412 77046 58973 39227 18073 15996 12366 12942
internal_count=355096 68406 22751 286690 45655 20485 10906 12304 280728 38018 24143 13875 21972 17963 14607 8949 242710 12177 239326 94203 145123 6687 89412 77046 58973 39227 18073 15996 12366 12942
is_linear=0
shrinkage=0.05


Tree=132
num_leaves=31
num_cat=0
split_feature=62 6 28 61 10 71 16 54 54 54 14 36 4 11 23 12 56 29 55 5 40 35 11 40 57 28 5 23 59 36
split_gain=4.64782 4.02136 6.14543 5.96354 5.98417 7.64759 5.9233 5.12112 4.93458 4.64664 4.45786 4.14088 6.77023 6.68744 6.49208 6.34647 6.18409 7.78917 5.47201 7.4995 7.07117 7.59854 6.89098 5.4009 5.38804 4.91764 5.45707 4.82346 4.70854 5.20888
threshold=0.22500000149011615 -1.6658291816711424 1.2254300117492678 0.2333333417773247 -0.24828293919563291 -0.60286757349967945 0.32982811331748968 -0.97547355294227589 -0.011008223053067921 -1.4365845918655393 -8.2107572555541974 0.86966630816459667 -0.8831178843975066 -0.82270050048828114 0.8848363757133485 -7.8966276645660392 1.0655180215835574 0.46576799452304846 0.61063283681869518 0.81205540895462047 -0.46561008691787714 0.24975717067718509 1.7437533736228945 0.76322519779205333 -0.86058193445205677 0.2276682332158089 0.38626082241535192 0.6978125572204591 0.062500000000000014 0.25052301585674291
decision_type=2 2 2 2 2 2 2 2 2 2 2 2 2 2 2 2 2 2 2 2 2 2 2 2 2 2 2 2 2 2
left_child=-1 2 6 4 10 -6 7 -2 -9 -5 -3 14 15 -14 28 -13 24 -18 19 20 -15 -22 25 -23 -16 26 -20 -21 -11 -30
right_child=1 3 -4 9 5 -7 -8 8 -10 11 -12 12 13 18 16 -17 17 -19 22 27 21 23 -24 -25 -26 -27 -28 -29 29 -31
leaf_value=0.0022777497284028505 0.0029211678439018157 -0.001511000787088353 -0.0011695372184169447 -0.0007770488508695041 -0.0036246200812568605 -0.00053884541701541909 0.0037281134191397059 -0.0014596801503002578 0.0016289205880029856 -0.00082480475942523542 0.0013385356719431321 0.0008080485358972129 0.0017838841797140775 0.001521182769142361 -0.0032591664319374415 -0.0027399968600350425 0.0019909062204049115 -0.00069624702678121396 0.0005031071491726466 0.00057396541595231725 0.00052943453541305348 -0.00052135724715661946 0.0023966795722231361 -0.0036617251503712582 -0.00086259756991875823 0.00060053666881774645 -0.0018427951686697188 0.0036624743874414927 0.00028054131303233235 -0.00036459605061458074
leaf_weight=2295 2048 2254 2738 16652 3565 4590 2286 2778 2402 13239 3476 2107 9522 9653 2660 3113 4198 7500 3436 2080 13481 3996 2094 2076 19430 5589 8857 3230 154076 39251
leaf_count=2295 2048 2254 2738 16652 3565 4590 2286 2778 2402 13239 3476 2107 9522 9653 2660 3113 4198 7500 3436 2080 13481 3996 2094 2076 19430 5589 8857 3230 154076 39251
internal_value=3.98356e-05 2.51961e-05 0.000914777 -6.87439e-06 -0.00102134 -0.00189059 0.00151521 0.000811154 -2.70967e-05 3.63318e-05 0.000216939 8.01053e-05 0.00042079 0.000562032 -1.80423e-05 -0.00130906 -0.000660452 0.000268954 0.000348236 0.000729331 0.000414666 -0.000132102 -0.000310284 -0.0015993 -0.00115253 -0.000628435 -0.00118722 0.00245602 8.70636e-05 0.000149548
internal_weight=354672 352377 12252 340125 13885 8155 9514 7228 5180 326240 5730 309588 69234 64014 240354 5220 33788 11698 54492 34516 29206 19553 19976 6072 22090 17882 12293 5310 206566 193327
internal_count=354672 352377 12252 340125 13885 8155 9514 7228 5180 326240 5730 309588 69234 64014 240354 5220 33788 11698 54492 34516 29206 19553 19976 6072 22090 17882 12293 5310 206566 193327
is_linear=0
shrinkage=0.05


Tree=133
num_leaves=31
num_cat=0
split_feature=15 70 48 59 51 48 49 4 59 53 16 36 12 24 15 22 13 0 50 35 40 49 52 15 52 29 15 46 12 69
split_gain=6.77965 6.57214 5.90766 5.53495 4.35574 4.65309 4.23909 5.01248 4.82383 4.17717 5.52643 3.98832 4.44313 5.48113 4.30842 4.79338 4.00071 3.93755 4.0918 3.90174 3.7756 3.75842 4.1969 4.53626 4.35553 3.69961 5.61704 3.53335 4.2691 3.80472
threshold=-8.5119810104370099 0.14161735028028491 1.633365333080292 0.28949999809265142 -0.11183317005634306 -1.0593327879905698 -1.2351869344711301 0.027000855654478077 0.3184999972581864 1.1502273082733157 0.32131335139274603 0.9988151788711549 -7.833319664001464 1.3752052783966067 -6.8366746902465811 1.7186564207077029 -8.0630559921264631 -0.70752924680709828 -0.98220661282539357 -0.1625876650214195 -0.37864500284194941 -0.34326714277267451 -0.072988126426935182 -7.3767948150634757 0.23086184263229373 -0.63329914212226857 -7.5291106700897208 1.6373372077941897 -7.7965457439422599 -0.04070326313376426
decision_type=2 2 2 2 2 2 2 2 2 2 2 2 2 2 2 2 2 2 2 2 2 2 2 2 2 2 2 2 2 2
left_child=1 3 4 -1 5 17 -4 -8 -9 11 21 14 13 16 -6 19 -13 -2 -19 -16 -10 -11 23 -23 -24 -20 -27 29 -29 -7
right_child=2 -3 6 -5 9 27 7 8 20 10 -12 12 -14 -15 15 -17 -18 18 25 -21 -22 22 24 -25 -26 26 -28 28 -30 -31
leaf_value=0.0026350520425435058 0.001955206091613035 0.0033433455775136881 0.0011591815184410804 -0.00041971287202450164 -0.00010859821516608683 -0.00065462811445791969 -0.0029018503219749641 0.00071401532128190009 -0.002787101141928643 0.0015467149037385608 0.0026067512194722212 -0.0012744469517617422 -0.00012607749608780904 0.0018202815971716246 0.0033974466155683039 -0.00095483549051572018 0.0012354472368567386 -0.0019124099869143214 0.0020578587799898172 0.00086201218289235935 -0.00054980177157917657 -0.002426536215231893 0.0025595209188279911 0.00064334119202873912 -0.00018985790379247416 0.0014215358389147346 -0.0011339837588559608 -0.0032511216796076124 -0.00044891157165214139 -4.8908903997676507e-05
leaf_weight=2087 3842 2765 2086 5056 133755 40677 3486 3818 3151 5269 3600 3210 12078 10650 2174 2374 3122 2044 2883 5006 4690 2902 2224 2045 4052 3839 4862 2221 3488 71460
leaf_count=2087 3842 2765 2086 5056 133755 40677 3486 3818 3151 5269 3600 3210 12078 10650 2174 2374 3122 2044 2883 5006 4690 2902 2224 2045 4052 3839 4862 2221 3488 71460
internal_value=-1.06621e-05 0.0012782 -4.7712e-05 0.000475247 -2.60597e-07 -0.000217626 -0.000949833 -0.00124089 -0.00074221 0.000152569 0.000834655 7.30181e-05 0.000607013 0.00112817 -3.52995e-05 0.000989915 -3.69439e-05 0.000543677 0.000144597 0.00163336 -0.00145129 0.000446483 -7.09731e-05 -0.00115877 0.00078695 0.000508893 -6.11611e-06 -0.000330521 -0.00154285 -0.000268669
internal_weight=354916 9908 345008 7143 327777 135316 17231 15145 11659 192461 20092 172369 29060 16982 143309 9554 6332 17470 13628 7180 7841 16492 11223 4947 6276 11584 8701 117846 5709 112137
internal_count=354916 9908 345008 7143 327777 135316 17231 15145 11659 192461 20092 172369 29060 16982 143309 9554 6332 17470 13628 7180 7841 16492 11223 4947 6276 11584 8701 117846 5709 112137
is_linear=0
shrinkage=0.05


Tree=134
num_leaves=31
num_cat=0
split_feature=7 11 56 39 57 68 54 29 23 32 55 11 54 60 10 15 23 32 72 55 59 67 23 26 12 30 55 20 9 37
split_gain=6.23152 6.11317 13.208 9.45226 5.82593 7.74541 7.49607 6.31104 5.80349 5.22816 5.95933 7.03297 5.4499 5.49564 4.99268 5.89367 3.96302 7.42048 6.87274 9.01986 4.53239 7.22332 5.04901 4.73374 5.62771 3.95166 3.79734 5.02321 5.4309 4.66563
threshold=1.5725734233856203 2.3471915721893315 1.0000000180025095e-35 0.013089470565319063 -0.5275493562221526 1.6331000924110415 1.0156811475753786 0.66284692287445079 0.30245947837829595 -0.91931161284446705 -1.7768106460571287 -0.54809114336967457 -0.88041144609451283 0.34499999880790716 2.4295314550399785 -7.3845045566558829 0.10913940891623498 -0.13095074146986005 5.0000000000000009 -0.34624929726123804 0.38050000369548803 -0.44461199641227717 0.037065755575895316 -2.4734454154968257 -8.4466261863708478 -0.039038848131895058 -0.9400438368320464 1.0446733832359316 0.59534987807273876 0.03083770722150803
decision_type=2 2 2 2 2 2 2 2 2 2 2 2 2 2 2 2 2 2 2 2 2 2 2 2 2 2 2 2 2 2
left_child=1 9 3 -3 -2 6 7 -6 -5 12 11 -11 -1 -14 16 -16 17 18 -12 20 21 -20 -23 -22 -25 -13 27 -18 29 -29
right_child=4 2 -4 8 5 -7 -8 -9 -10 10 14 25 13 -15 15 -17 26 -19 19 -21 23 22 -24 24 -26 -27 -28 28 -30 -31
leaf_value=0.0032764216187357339 -0.0031655276574537941 0.00044013403221461044 0.00068119878572588468 -0.0053226404081961705 -0.0014917202278421583 0.0018470072986959268 -0.0031327418133930752 0.0016604346281427604 -0.0020196119817841919 -0.0037039765506707255 0.0025045524350438587 0.001238513620171796 -0.0015954162366248949 0.0015927730912531333 0.0035079597031362612 -0.00022600768659849593 -0.002148103211530548 0.0030748965811799953 0.0011512867727550924 -0.0027199711697627454 -0.0012532395919475615 -0.00017426106159768248 -0.003253907301649421 -0.0011323754118976988 0.0017523097387554957 -0.0017039788913846957 -1.0205036798901054e-05 2.6861301629230215e-06 0.0016258213646975044 -0.0017478084265200454
leaf_weight=2375 2689 2005 5925 2524 4019 2557 3408 2611 2841 2320 3128 2136 2110 3721 2200 2023 4629 2603 3726 2670 2173 2659 2657 2019 10202 2427 251423 9751 3027 6234
leaf_count=2375 2689 2005 5925 2524 4019 2557 3408 2611 2841 2320 3128 2136 2110 3721 2200 2023 4629 2603 3726 2670 2173 2659 2657 2019 10202 2427 251423 9751 3027 6234
internal_value=-6.98929e-05 -2.54178e-05 -0.00107596 -0.00248762 -0.00105717 -0.000604886 -0.00123068 -0.00024972 -0.00358056 1.74295e-05 -1.47436e-05 -0.00146888 0.00126273 0.000438342 1.74725e-05 0.00172292 -6.05007e-06 0.000521983 0.000293697 2.79364e-05 0.000342025 -0.000534917 -0.00171672 0.000892889 0.0012752 -0.000326863 -6.71834e-05 -0.00067289 -0.000312768 -0.000680656
internal_weight=354792 339508 13295 7370 15284 12595 10038 6630 5365 326213 318007 6883 8206 5831 311124 4223 306901 31837 29234 26106 23436 9042 5316 14394 12221 4563 275064 23641 19012 15985
internal_count=354792 339508 13295 7370 15284 12595 10038 6630 5365 326213 318007 6883 8206 5831 311124 4223 306901 31837 29234 26106 23436 9042 5316 14394 12221 4563 275064 23641 19012 15985
is_linear=0
shrinkage=0.05


Tree=135
num_leaves=31
num_cat=0
split_feature=57 28 18 26 32 20 39 30 39 68 12 9 32 17 55 7 63 57 8 55 0 40 34 5 39 63 24 36 28 39
split_gain=5.61364 6.39437 6.99166 4.88329 4.72404 6.33208 4.84959 9.40062 5.52375 4.42913 4.32396 4.57612 4.55793 5.11964 10.7845 5.09188 4.60059 5.01443 7.14717 4.57633 4.45005 4.30941 4.15113 4.17704 3.79847 4.42849 4.89532 3.75696 4.96048 5.91475
threshold=0.93543586134910595 -2.1193175315856929 1.2119280695915224 2.128294944763184 0.88877540826797496 2.5398980379104619 0.87671843171119701 -0.63677528500556935 0.79599440097808849 0.52042898535728466 -8.4689688682556135 -0.094434395432472215 0.78677189350128185 -0.087472289800643907 -0.9400438368320464 -0.83433642983436573 0.34000161290168768 -0.57507246732711781 -0.35318697988986963 0.29157102108001715 0.056756345555186279 -0.99952408671379078 0.13900081068277362 -0.10791464522480963 -0.96244606375694264 0.186065249145031 1.5962603688240053 0.83312234282493602 -0.096098862588405595 -0.94692111015319813
decision_type=2 2 2 2 2 2 2 2 2 2 2 2 2 2 2 2 2 2 2 2 2 2 2 2 2 2 2 2 2 2
left_child=3 2 22 9 5 6 8 -8 27 21 11 -11 13 16 20 -16 17 -12 -19 -20 -15 -1 23 -2 -17 -26 -27 28 -3 -30
right_child=1 4 -4 -5 -6 -7 7 -9 -10 10 12 -13 -14 14 15 24 -18 18 19 -21 -22 -23 -24 -25 25 26 -28 -29 29 -31
leaf_value=0.002168762067854654 -0.00044739467291070659 -3.1232247792125084e-05 -0.0028664312457598769 0.0016436612157666305 -0.0016166114951747725 0.0031101815150752026 0.0011575850403052674 -0.0021854684098870252 0.003045822404517156 -0.00022309810912436257 -0.00065996926736926241 -0.0034154378855467157 -0.0022484115063530811 -0.0014623684496963673 0.0018227774029767306 0.0015262896250325978 -0.0010003991932145916 0.0034083079958576396 -0.00091020004602569964 0.0020276752624650667 -0.0043351873827877432 1.7528868038775322e-05 -0.0016810555962061724 0.0026915706259816722 -0.0014735724318460383 0.0012378797173369939 -0.00174926530533731 0.0015301101674082803 0.0035098717961209469 0.00072976666176556874
leaf_weight=2342 2227 21890 2760 4301 2214 2662 4257 4137 2604 2069 3338 2448 2896 3637 2972 2171 3838 3388 2814 2489 2148 228175 2074 2008 8242 4295 2003 10245 2247 12623
leaf_count=2342 2227 21890 2760 4301 2214 2662 4257 4137 2604 2069 3338 2448 2896 3637 2972 2171 3838 3388 2814 2489 2148 228175 2074 2008 8242 4295 2003 10245 2247 12623
internal_value=7.3765e-05 0.000468173 -0.000772394 -2.63194e-05 0.000647193 0.000730065 0.000620314 -0.000490686 0.00080836 -5.2097e-05 -0.000485051 -0.00195692 -0.000334332 -0.000199716 -0.000638839 -8.06255e-05 0.000505075 0.000985847 0.001618 0.000469933 -0.0025347 3.9478e-05 0.000146771 0.00104376 -0.000420028 -0.000711486 0.000286589 0.000683786 0.000447564 0.00115194
internal_weight=355514 71948 9069 283566 62879 60665 58003 8394 49609 279265 48748 4517 44231 41335 25468 19683 15867 12029 8691 5303 5785 230517 6309 4235 16711 14540 6298 47005 36760 14870
internal_count=355514 71948 9069 283566 62879 60665 58003 8394 49609 279265 48748 4517 44231 41335 25468 19683 15867 12029 8691 5303 5785 230517 6309 4235 16711 14540 6298 47005 36760 14870
is_linear=0
shrinkage=0.05


Tree=136
num_leaves=31
num_cat=0
split_feature=5 35 25 34 54 5 59 74 59 58 55 34 74 31 15 30 9 21 25 17 37 10 24 21 17 25 68 65 45 48
split_gain=6.62879 6.52259 4.69459 5.02452 4.61385 7.58905 7.0763 8.00887 7.57691 5.94709 5.16949 10.2625 9.67441 10.2057 7.92078 7.6173 7.395 9.47163 6.09312 5.9261 5.85099 5.62141 6.32742 7.32097 6.248 7.177 7.1351 6.32517 5.87121 5.60997
threshold=2.573283433914185 -1.0065523982048032 0.99992328882217418 1.0690566897392275 0.065863922238349928 -0.76906874775886525 0.1904999986290932 5.5000000000000009 0.5704999864101411 -0.10469134524464606 -0.17601156234741208 -0.23889750242233274 5.5000000000000009 0.43928645551204687 -6.7627723217010489 -1.7445577979087827 0.42867422103881841 0.28503668308258062 0.60359445214271557 0.16051949560642245 0.18888684362173083 0.95028468966484081 2.6185778379440312 0.28016939759254461 -0.39908213913440699 0.95752474665641796 -0.55562672019004811 -0.19873889535665509 1.4107875227928164 0.072832562029361739
decision_type=2 2 2 2 2 2 2 2 2 2 2 2 2 2 2 2 2 2 2 2 2 2 2 2 2 2 2 2 2 2
left_child=1 -1 3 4 5 6 9 -8 -9 -3 14 -12 21 15 16 -14 20 19 -19 -18 -6 24 23 -23 26 27 29 -26 -25 -13
right_child=-2 2 -4 -5 10 -7 7 8 -10 -11 11 12 13 -15 -16 -17 17 18 -20 -21 -22 22 -24 28 25 -27 -28 -29 -30 -31
leaf_value=0.0024439546394736562 -0.0023795024295398259 0.00050016711300553997 0.0016207118734234494 -0.0024211511482074739 -0.00047457401356079036 -0.00033703765729056913 0.00043447682421415314 0.0048434350994210097 0.00081704817450057015 -0.0022043012666179244 0.0025666410592957746 0.0017321429377468265 0.0023346382541503861 -0.0032822343974652983 0.0025080806402443968 -0.0008784489375434772 0.00071652419762550457 0.0013178119234329871 -0.0013696985129909244 0.0033296722350558195 -0.0022085175481321453 -0.0024111843075977951 0.0016058416924743845 -0.00030534933782257586 -0.0012975623740871724 -0.002136145646313271 0.0025298054152613292 0.00084377442363657096 0.0024635451141174114 -0.0012000094625521057
leaf_weight=2792 2841 3916 4522 2118 24142 138487 29901 2138 2573 4210 5265 3503 2383 3433 2612 8039 9664 2804 8419 2791 6086 3774 4735 18452 3817 2481 9234 34957 2126 3036
leaf_count=2792 2841 3916 4522 2118 24142 138487 29901 2138 2573 4210 5265 3503 2383 3433 2612 8039 9664 2804 8419 2791 6086 3774 4735 18452 3817 2481 9234 34957 2126 3036
internal_value=2.17571e-05 4.11822e-05 2.19246e-05 9.28406e-07 1.59557e-05 -0.000157295 0.000425079 0.000736808 0.00265074 -0.000901978 0.000210061 0.000417195 0.000303747 -0.000922076 -0.000175624 -0.00014224 -0.000306103 0.000355505 -0.000697665 0.0013043 -0.000824295 0.000501053 -6.45919e-05 -0.000389917 0.00078952 0.000465706 0.00163564 0.000632696 -1.82255e-05 0.000371017
internal_weight=355251 352410 349618 345096 342978 181225 42738 34612 4711 8126 161753 105235 99970 13855 56518 10422 53906 23678 11223 12455 30228 86115 29087 24352 57028 41255 15773 38774 20578 6539
internal_count=355251 352410 349618 345096 342978 181225 42738 34612 4711 8126 161753 105235 99970 13855 56518 10422 53906 23678 11223 12455 30228 86115 29087 24352 57028 41255 15773 38774 20578 6539
is_linear=0
shrinkage=0.05


Tree=137
num_leaves=31
num_cat=0
split_feature=35 20 24 12 24 34 30 64 9 50 11 56 50 51 18 64 2 24 10 11 63 24 25 34 17 63 17 13 8 17
split_gain=6.15936 7.65389 5.7832 8.46554 5.09956 4.87923 6.86918 7.48995 6.54304 5.24592 6.46653 6.24331 5.27339 6.57448 7.57233 5.0512 4.97434 6.57061 4.76823 4.60458 4.46207 6.25888 9.2195 5.44886 4.86008 4.35774 4.43158 4.43012 5.16562 4.95119
threshold=0.76461970806121837 2.4566626548767094 2.0079201459884648 -7.5704569816589347 2.6185778379440312 -0.65018880367279042 0.50106266140937816 -0.46938939392566675 -1.2452710866928098 0.46938739717006689 -0.42340362071990961 -1.9342152476310728 1.7826670408248904 0.44162976741790777 1.1366860270500185 0.10348670929670335 -0.16847541183233258 1.5357446670532229 1.4459942579269411 1.301902234554291 0.91509932279586803 1.6751743555068972 0.70413899421691906 0.58906403183937084 -0.49110667407512659 0.81039372086524974 -1.0763233900070188 -8.1118302345275861 0.76378780603408825 -0.2705243974924087
decision_type=2 2 2 2 2 2 2 2 2 2 2 2 2 2 2 2 2 2 2 2 2 2 2 2 2 2 2 2 2 2
left_child=5 2 3 -2 19 6 7 -1 -9 11 12 -7 13 -11 -15 -10 17 -8 -12 -4 23 24 -23 25 -22 26 -13 28 -28 -29
right_child=1 -3 4 -5 -6 9 16 8 15 10 18 20 -14 14 -16 -17 -18 -19 -20 -21 21 22 -24 -25 -26 -27 27 29 -30 -31
leaf_value=0.0032884490121244019 0.0036516693055748508 0.0034501278462079955 -6.6595101129729599e-05 -0.00010251015763705775 0.00084880321120633896 -0.0020877818842267104 -0.0016221337305790649 -0.0012163253415308779 0.0026249226758913069 0.0006236276908335532 6.5390464938224648e-05 0.0015376834990306111 -0.00090132894956695964 0.004087160858656941 0.00073660830115100521 -1.501854560950768e-05 -0.0024714145920777062 0.0022756316040463236 -0.0018115097198929094 -0.0030346077811474891 0.0028702245091686337 -0.0027470735809365932 0.0012997604712878558 -0.0013711339314919778 0.00059921365270247217 -0.0017737357345174913 -0.00082729580095438021 0.00035769973998743358 0.00074545758247664042 -0.0002687226852165275
leaf_weight=3600 2946 2498 3186 3051 5812 4352 2091 3247 4150 16620 55396 3778 3574 3494 3261 3210 2347 2218 3594 2206 2853 3120 2549 10297 13351 4243 39364 48490 6011 90216
leaf_count=3600 2946 2498 3186 3051 5812 4352 2091 3247 4150 16620 55396 3778 3574 3494 3261 3210 2347 2218 3594 2206 2853 3120 2549 10297 13351 4243 39364 48490 6011 90216
internal_value=1.05077e-05 0.000869535 0.000492984 0.00174472 -0.000177974 -3.9966e-05 0.000700327 0.00132103 0.000650819 -8.90857e-05 0.000243933 -0.000214271 0.000885471 0.00115894 0.00247315 0.00147508 -0.00062453 0.000384812 -4.92484e-05 -0.00128425 -0.000177824 0.000500448 -0.000928377 -0.000251146 0.00100059 -0.000191044 -0.000155205 -0.00019003 -0.000618829 -4.97227e-05
internal_weight=355125 19699 17201 5997 11204 335426 20863 14207 10607 314563 85939 228624 26949 23375 6755 7360 6656 4309 58990 5392 224272 21873 5669 202399 16204 192102 187859 184081 45375 138706
internal_count=355125 19699 17201 5997 11204 335426 20863 14207 10607 314563 85939 228624 26949 23375 6755 7360 6656 4309 58990 5392 224272 21873 5669 202399 16204 192102 187859 184081 45375 138706
is_linear=0
shrinkage=0.05


Tree=138
num_leaves=31
num_cat=0
split_feature=40 23 37 62 29 59 10 26 39 71 57 71 70 71 23 47 22 29 59 3 48 59 64 64 22 4 17 3 54 54
split_gain=5.81346 11.3624 6.91871 5.00775 4.20272 7.44207 5.23276 5.18078 5.10412 7.17069 6.52453 4.75513 4.7364 4.87814 4.83985 4.6328 7.19699 8.17555 10.2764 6.28998 6.62932 5.40031 4.78649 4.61548 4.61387 6.32934 5.49882 6.71917 4.79083 8.32
threshold=-0.99495905637741078 0.72110930085182201 -0.29999682307243342 0.22500000149011615 -0.45858250558376307 0.14649999886751178 -1.7816802263259885 1.8114739656448366 -0.96703672409057606 -0.30430601537227625 -0.63782083988189686 -0.37295012176036829 0.2395322993397713 -0.52499723434448231 0.87431463599205028 0.056749733164906509 1.6096910834312441 0.46576799452304846 0.78949999809265148 -0.63325703144073475 0.032971538603305824 0.42450000345706945 0.10831653699278833 -0.48019666969776148 1.745424807071686 0.045589094981551177 -0.30510310828685755 0.58731800317764293 0.68685573339462291 -0.073962554335594163
decision_type=2 2 2 2 2 2 2 2 2 2 2 2 2 2 2 2 2 2 2 2 2 2 2 2 2 2 2 2 2 2
left_child=1 2 -1 -2 5 -5 -7 8 9 10 -6 -9 14 -14 24 -10 -17 19 21 -18 -21 22 -19 -12 25 28 -27 -28 29 -8
right_child=3 -3 -4 4 7 6 12 11 15 -11 23 -13 13 -15 -16 16 17 18 -20 20 -22 -23 -24 -25 -26 26 27 -29 -30 -31
leaf_value=0.0047355135891618896 0.0023782727917815039 -0.0011159416421925603 0.0013404847973763219 -0.00080352219737151245 -0.0022975657701833868 0.0027254910953055126 0.00038188206153807612 0.0028551877373723692 -0.00043487553085661728 0.0018419770639070293 0.0025480570352593994 0.00019686842101641975 0.00097691136565672193 -0.0019688164139042143 -0.0017851730921826002 0.0002939128437512779 0.0025701717893213617 3.8116594891150513e-05 0.0011167321285343568 -0.001294421670781973 0.00076617878142232914 -0.0034927781444172908 -0.0027576745942554759 -2.9238955711520137e-05 0.001360169791432532 0.0025603735013036426 0.0015351459130138506 -0.0016457002319783592 0.0012270518957451136 -0.0013691188789161268
leaf_weight=2050 2199 3699 5577 13285 2671 2498 18945 2719 120005 7401 2110 4390 2168 3960 2183 72856 2239 3333 2906 7751 7843 4744 2821 9617 15337 5275 4832 2517 6792 10556
leaf_count=2050 2199 3699 5577 13285 2671 2498 18945 2719 120005 7401 2110 4390 2168 3960 2183 72856 2239 3333 2906 7751 7843 4744 2821 9617 15337 5275 4832 2517 6792 10556
internal_value=4.20089e-05 0.00115609 0.00225801 5.29095e-06 -1.0047e-05 0.000286887 0.000479954 -0.000113578 -0.000152008 0.000578271 -7.21388e-05 0.00121619 0.000402289 -0.000926766 0.000524999 -0.000222941 2.04734e-05 -0.000609117 -0.00152221 9.814e-05 -0.000258216 -0.00222628 -0.00124587 0.000436261 0.000603751 0.000366361 0.00133023 0.000444964 3.08204e-05 -0.00024491
internal_weight=355279 11326 7627 343953 341754 88348 75063 253406 246297 21799 14398 7109 72565 6128 66437 224498 104493 31637 13804 17833 15594 10898 6154 11727 64254 48917 12624 7349 36293 29501
internal_count=355279 11326 7627 343953 341754 88348 75063 253406 246297 21799 14398 7109 72565 6128 66437 224498 104493 31637 13804 17833 15594 10898 6154 11727 64254 48917 12624 7349 36293 29501
is_linear=0
shrinkage=0.05


Tree=139
num_leaves=31
num_cat=0
split_feature=30 15 4 43 55 29 71 69 12 14 32 43 6 14 55 25 12 15 24 73 57 15 55 40 16 7 4 34 54 74
split_gain=4.60338 5.71732 4.56028 8.00606 6.33217 6.08249 6.09771 5.5748 6.3366 5.34766 5.0845 9.70149 6.93047 5.08047 5.04437 7.30258 5.63101 5.5065 4.92256 4.85264 4.81773 4.57379 4.51385 5.04322 4.49063 6.2221 4.22724 4.72747 9.51298 6.04195
threshold=-2.5486736297607417 -7.3606402873992911 -1.0682817697525022 0.2333333417773247 0.40067006647586828 -0.80400508642196644 -0.21611246466636655 -0.03303221054375171 -8.7717857360839826 -8.9526696205139142 0.47966618835926061 1.0000000180025095e-35 0.1844783499836922 -7.3240633010864249 0.84869986772537243 0.52027902007102977 -8.2413878440856916 -7.6300506591796866 1.3406574130058291 19.500000000000004 -0.25262519717216486 -7.72005271911621 -0.58620506525039662 -0.59831890463829029 0.21115257591009143 -0.74593546986579884 1.3344677090644839 -0.31792405247688288 0.5800459384918214 5.5000000000000009
decision_type=2 2 2 2 2 2 2 2 2 2 2 2 2 2 2 2 2 2 2 2 2 2 2 2 2 2 2 2 2 2
left_child=1 -1 3 13 5 24 19 8 20 -9 26 -12 18 21 16 -16 -14 -18 -13 22 -4 -2 -7 -24 25 -5 27 28 29 -11
right_child=2 -3 7 4 -6 6 -8 9 -10 10 11 12 14 -15 15 -17 17 -19 -20 -21 -22 -23 23 -25 -26 -27 -28 -29 -30 -31
leaf_value=0.0035257323616094413 0.00086899301496283889 -0.00023423130010448244 -0.00016927075200243483 -0.0011118434698939902 0.0027304702416389628 -0.00061495120107931225 0.0018503983052720408 0.0019142809686744011 -0.0003073495874126501 8.1259331539182856e-05 -0.0037790351311891438 -0.0033862425322875069 0.0033293883648625767 -0.00018747605116163437 -0.0028370618001977155 -9.0281000853287345e-06 -0.0018545590912038988 0.001226501642281933 -0.00069930341230248151 0.00097766946026654647 -0.003133984603728027 0.0032364205061309118 -0.00037315439988271873 -0.0035279180330052952 0.0028043980201430726 0.0022486948016824976 0.0017739975833115488 -3.5139407382691813e-05 0.0033877284463464104 0.002445157233920464
leaf_weight=2026 3596 2006 2214 3372 2044 11826 2348 3755 99530 22303 2140 2667 2026 2981 2675 15235 2022 5056 4712 3117 3591 4735 2018 3405 2479 2314 3819 129629 2897 3066
leaf_count=2026 3596 2006 2214 3372 2044 11826 2348 3755 99530 22303 2140 2667 2026 2981 2675 15235 2022 5056 4712 3117 3591 4735 2018 3405 2479 2314 3819 129629 2897 3066
internal_value=-1.86288e-05 0.00165912 -3.79167e-05 0.000436686 4.22523e-05 -0.000136518 -0.000557241 -0.000106238 -0.000401116 4.75393e-05 1.20866e-05 -0.000520579 -0.000316792 0.00158361 5.434e-05 -0.000432765 0.00101203 0.000344948 -0.00167372 -0.00083559 -0.00200549 0.00221681 -0.00116363 -0.00235682 0.00103313 0.000257323 0.000132446 9.26325e-05 0.000678405 0.000367802
internal_weight=355604 4032 351572 44235 32923 30879 22714 307337 105335 202002 198247 36533 34393 11312 27014 17910 9104 7078 7379 20366 5805 8331 17249 5423 8165 5686 161714 157895 28266 25369
internal_count=355604 4032 351572 44235 32923 30879 22714 307337 105335 202002 198247 36533 34393 11312 27014 17910 9104 7078 7379 20366 5805 8331 17249 5423 8165 5686 161714 157895 28266 25369
is_linear=0
shrinkage=0.05


Tree=140
num_leaves=31
num_cat=0
split_feature=27 43 32 56 55 0 33 56 55 69 55 69 2 70 55 15 17 57 22 60 34 15 43 14 55 0 6 14 31 17
split_gain=5.91685 7.13668 7.10343 5.47968 4.38187 5.41956 3.96694 6.452 10.0301 6.35105 5.07191 4.9723 4.65593 5.51209 5.06389 4.47329 4.16296 3.97188 3.91256 4.31746 4.96665 4.04542 3.78557 3.76746 3.63972 3.63504 3.52575 3.42953 3.42291 3.90204
threshold=0.73592591285705578 0.43333333730697637 -0.031414868310093873 1.0000000180025095e-35 1.6728116869926455 1.1661680936813357 -0.75725504755973805 -1.2576936483383176 0.27221073210239416 0.24669744074344638 -2.0990648269653316 -0.65720340609550465 -0.20425555109977719 -0.38200205564498896 -0.52188307046890248 -7.6866447925567618 -0.38036811351776117 -0.1088215336203575 1.2622205018997195 0.25499999523162847 0.34214511513710028 -7.8765411376953116 0.70000001788139354 -7.9192082881927481 -1.3021468520164488 -0.55923166871070851 -0.5159437060356139 -7.8777220249176017 0.35285532474517828 -0.21770559251308438
decision_type=2 2 2 2 2 2 2 2 2 2 2 2 2 2 2 2 2 2 2 2 2 2 2 2 2 2 2 2 2 2
left_child=6 2 25 26 5 28 9 8 12 10 -1 15 13 14 24 -12 -15 -13 23 20 -20 -21 -7 -4 -8 -2 -3 -28 -5 -30
right_child=1 3 18 4 -6 22 7 -9 -10 -11 11 17 -14 16 -16 -17 -18 -19 19 21 -22 -23 -24 -25 -26 -27 27 -29 29 -31
leaf_value=-0.00038775236134351034 -0.00075041643792425725 0.00034491969324214984 -0.0016841488818275898 0.00067987515825177782 -0.0011711664463380077 0.0036099398227641163 -0.0022275228787328092 0.00014845606650790239 0.0018319611305854485 -0.0017077442744291842 -0.0010918662510955653 0.0013973621861407273 -0.0029859703165534481 -0.0013343556731038634 -0.0037754787368468111 0.0017690834536843354 0.0011978124668506147 0.0042947577318780969 -0.0018387068200792533 -0.00044947110401701159 0.0012204530595805157 -0.002469824116985965 0.00069088011819736081 0.00033645252968879038 0.00045744981507803639 0.001899421161306442 -0.00012243579074154039 -0.0026318149296916307 0.00046157196032576685 -0.0020009292346625123
leaf_weight=3599 2216 3144 3577 16796 3934 2304 2594 242025 3103 2079 2020 2181 3154 2718 2256 4177 3998 2611 2753 3161 2543 11538 2147 6457 2444 3087 2131 3766 3484 2974
leaf_count=3599 2216 3144 3577 16796 3934 2304 2594 242025 3103 2079 2020 2181 3154 2718 2256 4177 3998 2611 2753 3161 2543 11538 2147 6457 2444 3087 2131 3766 3484 2974
internal_value=1.76698e-05 -0.000373365 -0.000893115 7.81641e-05 0.000388401 0.000610196 0.00012423 7.66843e-05 -0.000780053 0.000871977 0.00124054 0.00177369 -0.00125306 -0.000861085 -0.00181176 0.00083626 0.000172571 0.00298171 -0.001191 -0.00159517 -0.000370247 -0.00203595 0.0022066 -0.000384827 -0.000926681 0.000792788 -0.00100674 -0.00172674 0.000303815 -0.000673785
internal_weight=354971 76012 35332 40680 31639 27705 278959 262292 20267 16667 14588 10989 17164 14010 7294 6197 6716 4792 30029 19995 5296 14699 4451 10034 5038 5303 9041 5897 23254 6458
internal_count=354971 76012 35332 40680 31639 27705 278959 262292 20267 16667 14588 10989 17164 14010 7294 6197 6716 4792 30029 19995 5296 14699 4451 10034 5038 5303 9041 5897 23254 6458
is_linear=0
shrinkage=0.05


Tree=141
num_leaves=31
num_cat=0
split_feature=52 49 53 66 56 22 52 53 60 24 44 52 13 10 11 11 49 15 36 15 23 55 66 10 66 24 48 49 62 16
split_gain=5.59565 5.70861 4.37809 4.14606 4.6842 3.88246 4.15042 4.17944 3.82509 6.33607 5.24195 7.33886 6.71522 5.04217 4.43869 4.5659 4.13179 4.04056 4.26266 4.00123 4.08233 9.93438 4.39472 4.75091 4.14732 4.02062 3.99472 3.99352 3.98529 3.97465
threshold=-0.303008422255516 -1.1842474341392515 -1.4475321173667905 -0.18397312611341474 -0.82686731219291676 2.4354174137115483 -0.40846711397171015 0.66574615240097057 0.54500001668930065 1.7890022397041323 0.43721216917037969 0.78968182206153881 -8.2504048347473127 -1.2322528958320615 -1.5053655505180357 -1.2349303364753721 0.85266155004501354 -7.249187469482421 -0.80382993817329396 -6.7627723217010489 0.20927598327398303 -0.24538124352693555 -0.27768291532993311 -1.0000000180025095e-35 -0.24668239057064054 1.601493299007416 0.55567771196365368 0.10371388867497446 0.60833334922790538 -0.085745442658662782
decision_type=2 2 2 2 2 2 2 2 2 2 2 2 2 2 2 2 2 2 2 2 2 2 2 2 2 2 2 2 2 2
left_child=1 3 -2 -1 -5 6 -3 -8 9 14 11 16 -12 -10 -4 -16 17 18 -11 20 22 -22 -17 -24 -23 29 -14 -13 -15 -26
right_child=2 5 8 4 -6 -7 7 -9 13 10 12 27 26 28 15 19 -18 -19 -20 -21 21 24 23 -25 25 -27 -28 -29 -30 -31
leaf_value=4.8348031765669846e-05 0.0010074165371532632 -0.00027755592943683475 -0.0012784263413630477 0.00019552170570661786 0.0033729728003078388 0.0014958339784906663 -0.001713679745408477 0.00056570384793424558 0.0015943786031459226 -0.0019139673500596672 0.0028225738682028478 -0.0032476991403093286 0.00036426355332013491 0.00021054735208747815 0.0024403301378813484 0.0017695769804363737 -0.0020877365752387071 0.0011839674760726338 3.0127996049239559e-05 0.0021140363884074114 -0.0011865701571064475 -5.3919738385442772e-05 -0.0011526175211453507 0.0017098685129228093 0.0022415769316845272 -0.00073447525931608255 -0.0020372082794992796 -0.00091549154468807301 0.0023981842595643121 0.000581876583433738
leaf_weight=7027 15345 91870 4805 2083 2611 2782 9897 2518 7692 4102 2183 4381 6605 88753 2374 7252 3233 4302 8970 2674 14125 27684 3755 2347 6081 3041 2336 3172 2122 8871
leaf_count=7027 15345 91870 4805 2083 2611 2782 9897 2518 7692 4102 2183 4381 6605 88753 2374 7252 3233 4302 8970 2674 14125 27684 3755 2347 6081 3041 2336 3172 2122 8871
internal_value=5.02573e-05 -0.000229657 0.00019103 0.000817493 0.00196637 -0.000344358 -0.000393587 -0.00125129 0.000134266 -5.25438e-05 -0.000575621 -0.000938541 0.000343113 0.000366025 0.000195042 0.000285727 -0.000449384 -0.000143489 -0.000580927 0.00021796 0.000148375 -2.81752e-05 0.000938433 -5.06291e-05 0.000330224 0.000920969 -0.00026474 -0.00227076 0.000261889 0.00125793
internal_weight=354993 118788 236205 11721 4694 107067 104285 12415 220860 122293 39284 28160 11124 98567 83009 78204 20607 17374 13072 75830 73156 59802 13354 6102 45677 17993 8941 7553 90875 14952
internal_count=354993 118788 236205 11721 4694 107067 104285 12415 220860 122293 39284 28160 11124 98567 83009 78204 20607 17374 13072 75830 73156 59802 13354 6102 45677 17993 8941 7553 90875 14952
is_linear=0
shrinkage=0.05


Tree=142
num_leaves=31
num_cat=0
split_feature=40 56 6 17 74 20 7 10 65 8 29 29 11 13 38 21 35 11 2 6 35 74 25 13 19 72 10 55 4 13
split_gain=3.67763 6.73533 5.45149 6.95211 6.68111 5.27996 5.79251 6.63118 4.29346 5.73143 5.95747 4.13349 9.42467 7.18348 6.5546 11.6863 6.14899 5.60203 11.6348 6.5149 5.14235 5.04021 10.5969 8.34829 10.1881 7.17611 6.7195 6.19527 7.34438 6.4572
threshold=0.93512630462646495 0.47190062701702123 -0.82134246826171864 -0.65929523110389698 2.5000000000000004 1.3444216251373293 -0.22459474951028821 0.30655439198017126 -0.073483731597661958 0.78828659653663646 -0.020943723618984219 -0.47419950366020197 -1.5887823700904844 -8.8156957626342756 1.0000000180025095e-35 0.7500695288181306 -0.34945106506347651 -1.3920832276344297 -0.1597880348563194 -0.61248755455017079 0.059254379943013198 5.5000000000000009 0.77387380599975597 -8.3382277488708478 0.090937715023756041 11.000000000000002 -0.40038979053497309 1.0711369514465334 0.94341549277305614 -8.6516385078430158
decision_type=2 2 2 2 2 2 2 2 2 2 2 2 2 2 2 2 2 2 2 2 2 2 2 2 2 2 2 2 2 2
left_child=11 2 4 -4 -2 -5 -7 -8 -3 10 -10 12 16 -14 17 -16 -1 18 19 -13 -20 23 25 24 -19 -23 -27 28 29 -26
right_child=1 8 3 5 -6 6 7 -9 9 -11 -12 14 13 -15 15 -17 -18 21 20 -21 -22 22 -24 -25 27 26 -28 -29 -30 -31
leaf_value=0.0042029266048043482 -0.0013679393124103043 0.0018308596419594281 -0.0038611927233232384 -0.00040894737261061657 0.001785199649391555 -0.004241722040786911 0.00088099528710497009 -0.0030162756485406501 -0.0013189544613935733 -0.0023113773241675928 0.0019722861987032554 -0.0047174791555743001 -0.0020946902259800391 0.00030216986635209794 6.3314771377241867e-06 -0.0042451306855544766 0.00065789612791252307 -0.001014499718667465 0.00086409380394631211 -0.0014524478905704307 -0.0015403976711371424 -0.0019324359670961737 -0.0022736541674149469 1.5617262307390144e-05 8.4577519568730121e-05 0.0020108441993412123 -0.00021609570556057912 -0.00028084270871933279 0.0048933975178194434 0.0027295532814547128
leaf_weight=2480 3060 4090 2297 13798 3701 2167 2165 2184 2262 2221 3475 2135 3262 70083 4267 2592 2413 4315 7730 5365 3110 3915 7000 163898 3858 4827 11297 3002 2158 5734
leaf_count=2480 3060 4090 2297 13798 3701 2167 2165 2184 2262 2221 3475 2135 3262 70083 4267 2592 2413 4315 7730 5365 3110 3915 7000 163898 3858 4827 11297 3002 2158 5734
internal_value=-3.6111e-05 -0.000478841 -0.000887107 -0.00125946 0.00035819 -0.000963517 -0.00213542 -0.00107858 0.000516387 -0.000160634 0.00067457 2.24074e-05 0.000337204 0.000195299 -8.23165e-05 -0.00160413 0.00245959 -3.6536e-05 -0.000874325 -0.00238694 0.00017346 3.66676e-05 -0.000600394 0.000130842 0.00112077 -1.50507e-05 0.000451411 0.00174561 0.00226315 0.00166691
internal_weight=354861 41420 29372 22611 6761 20314 6516 4349 12048 7958 5737 313441 78238 73345 235203 6859 4893 228344 18340 7500 10840 210004 27039 182965 19067 20039 16124 14752 11750 9592
internal_count=354861 41420 29372 22611 6761 20314 6516 4349 12048 7958 5737 313441 78238 73345 235203 6859 4893 228344 18340 7500 10840 210004 27039 182965 19067 20039 16124 14752 11750 9592
is_linear=0
shrinkage=0.05


Tree=143
num_leaves=31
num_cat=0
split_feature=40 25 47 30 74 40 55 60 7 1 55 12 65 60 1 11 40 50 37 51 23 14 25 18 57 7 40 13 24 50
split_gain=6.20518 5.48328 4.59834 4.76012 4.72239 5.84988 4.55844 5.38296 4.98385 8.28906 9.22539 7.70895 6.11744 5.30751 7.11989 7.01914 5.43531 5.63357 5.49487 5.31448 5.16826 7.20114 5.32155 5.72351 5.19085 4.98124 4.89007 4.83647 4.5947 5.68528
threshold=0.999524086713791 0.99992328882217418 -0.81591564416885365 0.50106266140937816 2.5000000000000004 -0.53360944986343373 -1.8413338065147398 0.33500000834465032 0.67203059792518627 -0.68682378530502308 0.79593434929847728 -9.0784764289855939 -0.27587759494781489 0.57499998807907116 2.045387983322144 2.2711035013198857 -0.27143786847591395 -0.818580001592636 0.50461861491203319 -0.21353279054164884 0.7406124770641328 -7.2726101875305167 0.8610655963420869 0.61316251754760753 -0.92344155907630909 -1.5488775968551634 -0.09150074794888495 -7.6300978660583487 1.9242571592330935 0.21996285766363147
decision_type=2 2 2 2 2 2 2 2 2 2 2 2 2 2 2 2 2 2 2 2 2 2 2 2 2 2 2 2 2 2
left_child=1 2 3 -1 -5 -6 7 -4 12 10 26 -11 -8 14 15 16 17 19 28 -14 21 -13 24 -24 -22 -15 -10 -12 29 -19
right_child=-2 -3 6 4 5 -7 8 -9 9 11 27 20 13 25 -16 -17 -18 18 -20 -21 22 -23 23 -25 -26 -27 -28 -29 -30 -31
leaf_value=-0.0006564414532074012 -0.0021192254646206824 0.0016172448796399419 -0.0034256867355690851 0.0014827402651284407 0.0014179098742844144 -0.0020557670120271584 -0.0012510014029555611 -0.0002420539615826032 -0.0017949570683046048 0.0023262604038436249 0.0039737750542428486 0.0010509454657446952 -0.00072660820100814037 0.0028192801952110162 0.0029399852049076108 -0.001843667271056869 0.00034213585392194263 -0.00081149750437031559 -0.0027406298254279531 0.0018040112943214486 0.0006812562311574147 -0.0016976635854075908 -0.0028025421452965186 -0.00011451254067820516 -0.0017804309717529582 0.00047024030548449601 0.00096452346790709502 0.00088388795225428679 -0.0017569443986869817 0.00057830107629614153
leaf_weight=48812 3557 5011 2020 5742 2058 2920 7172 3843 3042 2221 2660 8295 3449 2310 2041 5102 66255 16820 2821 5180 2416 3332 2190 19842 18521 83561 3378 2423 5656 13066
leaf_count=48812 3557 5011 2020 5742 2058 2920 7172 3843 3042 2221 2660 8295 3449 2310 2041 5102 66255 16820 2821 5180 2416 3332 2190 19842 18521 83561 3378 2423 5656 13066
internal_value=-4.4277e-05 -2.32593e-05 -4.69855e-05 -0.000446932 0.000506763 -0.000619719 3.58098e-05 -0.00134289 6.45458e-05 -0.000307111 0.000916362 -0.000554929 0.000183522 0.000233461 1.92441e-05 -3.137e-05 5.04331e-05 -0.00036083 -0.000620468 0.000792856 -0.000672542 0.000262483 -0.000925553 -0.000382855 -0.00149618 0.000533752 -0.000343764 0.00250549 -0.000451465 -0.000203895
internal_weight=355716 352159 347148 59532 10720 4978 287616 5863 281753 68320 11503 56817 213433 206261 120390 118349 113247 46992 38363 8629 54596 11627 42969 22032 20937 85871 6420 5083 35542 29886
internal_count=355716 352159 347148 59532 10720 4978 287616 5863 281753 68320 11503 56817 213433 206261 120390 118349 113247 46992 38363 8629 54596 11627 42969 22032 20937 85871 6420 5083 35542 29886
is_linear=0
shrinkage=0.05


Tree=144
num_leaves=31
num_cat=0
split_feature=6 22 13 56 51 8 33 56 56 1 33 72 8 74 22 39 39 6 19 28 10 54 23 56 12 55 59 19 25 67
split_gain=3.80239 8.95999 8.04252 7.4929 7.26933 6.88485 6.42288 6.03096 5.05611 10.7682 7.24301 7.48207 7.74042 7.33354 7.14047 6.53834 8.43692 6.36127 6.12171 5.95437 5.75203 9.57741 5.59362 5.15985 5.50115 5.72275 5.09661 5.0542 5.00447 4.81045
threshold=0.032149052247405059 1.554406523704529 -9.120022773742674 -1.4744210243225095 0.041367493569850929 0.27735409140586859 -0.0085756247863173467 -0.37584018707275385 0.83283850550651561 0.20799621939659121 0.1058638095855713 15.000000000000002 -0.59448543190956105 4.5000000000000009 1.156170189380646 0.013089470565319063 -0.45786954462528223 0.77546966075897228 0.87885269522666942 -0.28276370465755457 0.19235024601221087 1.1984535455703738 0.92558813095092785 -0.89550247788429249 -8.8205761909484846 0.32111242413520819 0.49850000441074377 0.99966251850128185 0.15953591465950015 0.65958717465400707
decision_type=2 2 2 2 2 2 2 2 2 2 2 2 2 2 2 2 2 2 2 2 2 2 2 2 2 2 2 2 2 2
left_child=1 3 -2 -1 -5 7 -3 -6 10 29 17 13 18 19 -11 16 -16 28 -13 27 22 -22 -17 -14 -25 -26 -21 -12 -4 -10
right_child=2 6 8 4 5 -7 -8 -9 9 14 11 12 23 -15 15 20 -18 -19 -20 26 21 -23 -24 24 25 -27 -28 -29 -30 -31
leaf_value=-0.0016983661103572908 0.0028231960314125002 0.00057797660531896109 0.0024252863076532094 -0.00060846511726566916 -0.00024881641371244631 -0.00071251278131542262 -0.00081448711651125466 0.001183376292122615 0.0013226387690371303 0.0015042259075950229 -0.0020078556498589716 -0.0029249370689785129 0.0023517701942426359 -0.0026291273967784159 -0.00020659816664525592 0.00098540650965376979 -0.0029140609676602978 0.0022343493853226571 0.00040197242557435116 -0.00071952790871065086 0.0027986774420559481 -0.00097546168219819328 -0.0022419590628927084 0.002170149498169413 0.00098833020325186731 -0.00035917477316247927 0.0021803224395607768 0.00082984356808506318 0.00014311261864407605 0.0037043858075404262
leaf_weight=9980 2849 51740 2550 64204 11930 13681 9850 19127 10434 7278 6854 3806 2587 5809 9546 2577 4110 4638 2165 3150 4734 2597 2783 2910 10048 36364 2903 2028 38990 2659
leaf_count=9980 2849 51740 2550 64204 11930 13681 9850 19127 10434 7278 6854 3806 2587 5809 9546 2577 4110 4638 2165 3150 4734 2597 2783 2910 10048 36364 2903 2028 38990 2659
internal_value=2.65822e-05 -0.000134271 0.0001931 -0.00038777 -0.000267564 0.000221695 0.000355186 0.000633322 0.000149251 0.000592891 -1.68535e-05 -0.000308758 -1.67021e-05 -0.00112325 0.000119042 -0.000264022 -0.00102299 0.000480111 -0.00171999 -0.000536175 0.000552819 0.00146218 -0.000691349 0.000179518 6.51269e-05 -6.72956e-05 0.000672534 -0.00135973 0.000283758 0.0018088
internal_weight=354881 180512 174369 118922 108942 44738 61590 31057 171520 46718 124802 78624 57880 20744 33625 26347 13656 46178 5971 14935 12691 7331 5360 51909 49322 46412 6053 8882 41540 13093
internal_count=354881 180512 174369 118922 108942 44738 61590 31057 171520 46718 124802 78624 57880 20744 33625 26347 13656 46178 5971 14935 12691 7331 5360 51909 49322 46412 6053 8882 41540 13093
is_linear=0
shrinkage=0.05


Tree=145
num_leaves=31
num_cat=0
split_feature=28 58 26 34 55 15 60 33 26 63 41 28 55 20 33 17 15 56 24 23 12 60 26 34 10 7 56 59 15 24
split_gain=4.64626 4.32734 7.59887 6.36544 5.8854 6.5765 4.80379 4.31364 4.29108 8.06405 4.36086 8.78524 8.07279 7.0639 6.15791 5.68578 7.19706 5.62301 4.90814 5.49791 4.60481 4.92669 6.20485 4.54535 4.42559 3.9639 5.66714 3.9289 3.90277 4.10187
threshold=-3.4933066368103023 0.27489650249481207 -3.9843477010726924 -0.76167452335357655 -1.911619961261749 -7.559929132461547 0.45499999821186071 0.084821090102195754 1.7493888139724734 0.072492808103561415 0.6078576147556306 1.0520824790000918 1.3401077389717104 2.0022730827331547 -0.62049722671508778 0.51190492510795604 -7.5170035362243643 -1.3070801496505735 1.1451130509376528 0.34301976859569555 -8.0180134773254377 0.23499999940395358 -2.0025250911712642 -0.30674460530281061 2.0904043912887578 0.31172500550746923 -0.18703880161046979 0.49850000441074377 -8.0015397071838361 1.2936893701553347
decision_type=2 2 2 2 2 2 2 2 2 2 2 2 2 2 2 2 2 2 2 2 2 2 2 2 2 2 2 2 2 2
left_child=-1 2 7 -3 5 -4 -5 -2 10 -10 11 14 13 18 17 16 -13 -6 19 -12 23 27 -23 -20 28 26 -24 -22 29 -16
right_child=1 3 4 6 8 -7 -8 -9 9 -11 12 15 -14 -15 24 -17 -18 -19 20 -21 21 22 25 -25 -26 -27 -28 -29 -30 -31
leaf_value=-0.0018964853010183563 0.0029606257263541502 0.0021983742098572339 0.00012590927584222049 -4.3856119963024847e-05 0.00025250287167559617 -0.0035849074698508622 0.00051404157455918161 6.9497653314172498e-05 -0.00056801131196657442 0.0031149186337936334 -0.0033568964591337382 -0.0045174273079499842 0.0017481992370978452 -0.0025528460173768063 -0.00026856481506247617 0.00046793925964338915 -0.00052502362075728662 0.003133614621780783 0.00086076583725960278 -0.00060029172444549901 -0.002347825177367984 0.0023084176738809663 -0.00067156293526351258 -0.0015698228797488623 0.0020172470248090695 -0.001120437582787064 0.0018362321762290632 0.00028749764490974892 -0.00011148768752601549 0.0012806614187516562
leaf_weight=2884 3227 4322 2267 72002 3569 2511 83122 2146 2974 2956 2822 2469 3728 4478 6892 2055 2078 3216 2453 5022 2958 4083 4141 8809 2837 4520 4920 2698 92016 11219
leaf_count=2884 3227 4322 2267 72002 3569 2511 83122 2146 2974 2956 2822 2469 3728 4478 6892 2055 2078 3216 2453 5022 2958 4083 4141 8809 2837 4520 4920 2698 92016 11219
internal_value=9.87743e-05 0.000115151 -4.4052e-05 0.000307912 -9.71688e-05 -0.00182766 0.000255103 0.00180817 -5.18679e-05 0.00127002 -9.62283e-05 6.08917e-05 -0.000488252 -0.000666343 0.000158844 -0.00171335 -0.00269804 0.00162071 -0.000466671 -0.00159503 -0.000210345 0.000190653 0.000601886 -0.00104012 7.09035e-05 8.75127e-05 0.000690659 -0.00109245 2.05848e-05 0.000691293
internal_weight=355394 352510 193064 159446 187691 4778 155124 5373 182913 5930 176983 126351 50632 46904 119749 6602 4547 6785 42426 7844 34582 23320 17664 11262 112964 13581 9061 5656 110127 18111
internal_count=355394 352510 193064 159446 187691 4778 155124 5373 182913 5930 176983 126351 50632 46904 119749 6602 4547 6785 42426 7844 34582 23320 17664 11262 112964 13581 9061 5656 110127 18111
is_linear=0
shrinkage=0.05


Tree=146
num_leaves=31
num_cat=0
split_feature=62 33 5 59 54 71 34 56 65 14 30 9 17 11 73 30 57 44 55 18 17 17 19 59 31 2 32 45 56 55
split_gain=3.98682 4.67483 4.13587 4.24925 8.32134 6.97362 6.0995 8.74502 6.37807 5.82373 4.41165 6.58671 5.57148 7.49931 7.14008 5.91424 5.4913 5.29566 5.06448 4.90412 4.7345 7.23702 6.07619 5.97168 5.67134 5.12547 4.95653 4.79761 7.24706 6.37937
threshold=0.62500000000000011 0.85357314348220836 1.9250877499580386 0.15049999952316287 0.47903749346733099 -0.80848547816276539 0.63508477807044994 1.0310203433036806 0.068767290562391295 -7.2015295028686515 -0.53715541958808888 1.9200853109359743 0.14145409315824511 -0.19471788406372068 19.500000000000004 -0.46706391870975489 1.186041057109833 0.23770347237586978 -0.28555957973003382 2.1148930788040166 -0.34467002749443049 -0.22191984206438062 0.38070411980152136 0.45350000262260443 0.49124757945537573 0.79424914717674266 -0.25798952579498285 0.28942137956619268 0.32863785326480871 -0.80058804154396046
decision_type=2 2 2 2 2 2 2 2 2 2 2 2 2 2 2 2 2 2 2 2 2 2 2 2 2 2 2 2 2 2
left_child=1 2 3 4 5 -1 10 8 9 -8 -5 12 13 14 15 -12 -14 -16 -18 20 27 22 -22 26 25 -25 -23 28 29 -15
right_child=-2 -3 -4 6 -6 -7 7 -9 -10 -11 11 -13 16 19 17 -17 18 -19 -20 -21 21 23 -24 24 -26 -27 -28 -29 -30 -31
leaf_value=0.0018473679167270497 0.0015774422880989636 -0.0010029270790889026 0.0021306624889695759 -9.8489485426598818e-05 0.00055418316619813346 -0.0010070333510718279 -0.0034126641823822579 0.0011701327049450309 0.0002543959227928786 -0.00024674269380163847 0.0031579660782000093 0.0025763625952869539 -0.00032059056365111097 0.0028774896614404519 0.0035442659417868443 0.00052143400511017203 0.0028523341985504554 0.00059369835966043764 0.00012126494551443455 0.0016983910351518992 -5.529391012710387e-05 -0.00090251161423761264 -0.0028134997876324 0.00024317395315365207 -0.0027688051844382399 -0.0021570489326983295 0.0016775148926724355 -0.00060030522045853281 0.0038256688231619105 -0.00033325455103479489
leaf_weight=2274 3952 11628 2287 119302 15532 34089 5105 3570 2935 2031 2293 3123 49253 2195 4390 27956 2724 2331 4480 4581 3519 2454 4607 14170 2314 2628 7631 4369 2319 5179
leaf_count=2274 3952 11628 2287 119302 15532 34089 5105 3570 2935 2031 2293 3123 49253 2195 4390 27956 2724 2331 4480 4581 3519 2454 4607 14170 2314 2628 7631 4369 2319 5179
internal_value=2.27982e-07 -1.75611e-05 1.62026e-05 1.80545e-06 -0.00041434 -0.000828071 7.74705e-05 -0.000953857 -0.00170719 -0.00251321 0.00012926 0.000307407 0.000259806 0.000497776 0.00105029 0.000722272 -0.000131944 0.00252334 0.00115647 0.000132671 -7.21659e-06 -0.000301817 -0.00162058 6.56456e-05 -0.00045376 -0.000133394 0.00104944 0.000774364 0.00139396 0.000625082
internal_weight=355221 351269 339641 337354 51895 36363 285459 13641 10071 7136 271818 152516 149393 92936 36970 30249 56457 6721 7204 55966 51385 37323 8126 29197 19112 16798 10085 14062 9693 7374
internal_count=355221 351269 339641 337354 51895 36363 285459 13641 10071 7136 271818 152516 149393 92936 36970 30249 56457 6721 7204 55966 51385 37323 8126 29197 19112 16798 10085 14062 9693 7374
is_linear=0
shrinkage=0.05


Tree=147
num_leaves=31
num_cat=0
split_feature=23 66 13 31 24 6 45 66 11 50 55 24 45 6 54 57 55 11 56 56 16 7 31 24 16 23 29 23 9 48
split_gain=5.26396 7.38908 8.81962 5.0342 5.39101 7.72089 6.32891 5.3485 5.03505 8.71069 5.73374 4.78371 5.34581 4.78247 5.83012 4.9548 4.92599 6.83573 5.42756 6.54509 6.67375 7.10683 4.87653 4.5585 4.63453 5.18556 4.43851 5.80558 4.93618 4.46878
threshold=1.0000000180025095e-35 -0.15339744091033933 -7.710726022720336 -0.75273633003234852 1.8036086559295657 -0.93951407074928273 -0.17758893221616742 -0.16380444914102552 -0.35021506249904627 2.4106404781341557 -0.21443118155002591 3.220288991928101 0.32581637799739843 -1.0539717674255369 0.54469034075737011 -1.4399726986885069 0.3311238586902619 2.3471915721893315 0.99893423914909374 -0.90982013940811146 0.27295094728469854 -0.25247342884540552 -0.6188487410545348 2.5106909275054936 -0.062194844707846635 0.46151067316532141 0.67157045006752025 0.93701511621475231 -0.42601715028285975 -1.2387906312942503
decision_type=2 2 2 2 2 2 2 2 2 2 2 2 2 2 2 2 2 2 2 2 2 2 2 2 2 2 2 2 2 2
left_child=1 -1 -3 4 5 -2 -7 8 10 11 23 12 13 14 -10 -15 17 22 19 -18 21 -21 -17 24 25 -5 29 28 -28 -12
right_child=3 2 -4 7 -6 6 -8 -9 9 -11 26 -13 -14 15 -16 16 18 -19 -20 20 -22 -23 -24 -25 -26 -27 27 -29 -30 -31
leaf_value=0.00050921654772406754 0.0039218585460898915 -0.0037326880285729197 0.00013043269981295277 -0.00014013246479117723 -0.00076474938768069333 0.0029370253469835463 -0.00049882421008818722 0.00027715795522090941 0.00026227854701877176 -0.0035468845969618829 0.0022541115926544746 0.0015158367372774919 -0.00076436799522661863 0.0017564154293058542 0.0033386917778211347 0.001526498549088387 0.002528133124076409 -0.0027126983879840064 0.0017075190681420341 -0.0023849611837387665 -0.0028130611676544892 0.00034913906829873602 -0.00054312030620713117 -0.0023167226764198978 -0.00096604666958181786 0.0020400201071179461 0.004343562928927085 -0.00070954667844430586 0.0013814437487729874 0.00014056269383702505
leaf_weight=4226 2680 3721 2445 10436 2980 2038 3872 117328 5821 2042 2694 3661 44507 3087 2085 3020 2189 3461 5166 2749 2405 17146 47030 2709 10267 3682 2005 2153 4712 33330
leaf_count=4226 2680 3721 2445 10436 2980 2038 3872 117328 5821 2042 2694 3661 44507 3087 2085 3020 2189 3461 5166 2749 2405 17146 47030 2709 10267 3682 2005 2153 4712 33330
internal_value=7.51795e-06 -0.00110069 -0.00220312 4.09054e-05 0.00106579 0.00170098 0.000688951 5.33849e-06 -0.000142072 -0.00031239 0.00019949 -0.000265738 -0.000312881 -9.94136e-05 0.00107679 -0.000207338 -0.000280432 -0.000566859 0.000236429 -7.44706e-05 -0.000330965 -2.96548e-05 -0.00041796 -0.000374827 -0.000158235 0.000429497 0.000546102 0.00154738 0.00227077 0.000299203
internal_weight=355647 10392 6166 345255 11570 8590 5910 333685 216357 144369 71988 142327 138666 94159 7906 86253 83166 53511 29655 24489 22300 19895 50050 27094 24385 14118 44894 8870 6717 36024
internal_count=355647 10392 6166 345255 11570 8590 5910 333685 216357 144369 71988 142327 138666 94159 7906 86253 83166 53511 29655 24489 22300 19895 50050 27094 24385 14118 44894 8870 6717 36024
is_linear=0
shrinkage=0.05


Tree=148
num_leaves=31
num_cat=0
split_feature=15 34 39 28 13 65 6 59 33 26 39 12 36 69 24 43 58 52 35 28 43 65 5 34 63 59 53 67 10 17
split_gain=5.04154 6.79624 6.87557 4.39216 7.52492 3.74603 7.00405 8.16473 7.60014 4.95993 5.17143 4.93888 10.1944 7.60256 12.1369 6.65818 6.29785 5.55633 4.80033 5.19656 5.44154 4.79185 4.84347 5.27693 4.77924 5.27851 4.77629 4.62621 4.54626 6.50127
threshold=-6.7627723217010489 -0.39672672748565668 -0.85034412145614613 -1.8921543955802915 -7.0294229984283438 -0.13795938342809674 -0.79471674561500538 0.33949999511241918 0.49353085458278662 -3.4066706895828243 0.97533303499221813 -7.8528833389282218 0.14093536138534549 0.01865436136722565 1.2417673468589785 0.36666667461395269 2.2730202674865727 1.3462645411491396 -0.55397918820381153 0.29533015191555029 0.36666667461395269 0.023700554855167869 0.088096581399440779 0.61081454157829296 0.46369501948356634 0.28949999809265142 0.84418153762817394 -0.51556578278541554 -0.41031259298324579 0.068973422050476088
decision_type=2 2 2 2 2 2 2 2 2 2 2 2 2 2 2 2 2 2 2 2 2 2 2 2 2 2 2 2 2 2
left_child=5 -2 -3 -4 -5 6 18 8 27 -9 28 13 16 -7 -15 26 17 21 -1 20 -20 22 -13 -24 25 -17 -16 -8 29 -11
right_child=1 2 3 4 -6 11 7 9 -10 10 -12 12 -14 14 15 24 -18 -19 19 -21 -22 -23 23 -25 -26 -27 -28 -29 -30 -31
leaf_value=0.0033460273257427762 0.0033909930762326952 0.0028604719513838448 -0.0016608208743065706 0.0024454630636614031 -0.00058571505566025678 -0.00016159960024981939 -0.00056242001619296635 -0.0024526638035923644 0.0037267636138791521 0.0015891532042089957 0.0021535588110179727 -0.00073729298190284816 -0.00078787567247067892 -0.00074361834772705313 0.00063692401681135274 -9.2486826246259205e-05 0.002279957202765154 -0.0013570758888842411 0.0035664249281040696 -0.0009836360843105056 0.00045168191957953394 0.00056118276449677602 0.00085118621866736837 -0.0018117827700330101 0.0030656259638870216 0.0018260939387725148 -0.0018835750594495351 0.0012395646828664232 -0.00073276756852780854 -0.0012788395730068392
leaf_weight=2611 2304 2475 3059 3241 5523 85788 5613 2578 2184 5794 2206 22162 61142 12174 12406 5124 3093 7021 2354 2557 3455 32373 12111 2188 4603 11919 2205 9714 21906 2987
leaf_count=2611 2304 2475 3059 3241 5523 85788 5613 2578 2184 5794 2206 22162 61142 12174 12406 5124 3093 7021 2354 2557 3455 32373 12111 2188 4603 11919 2205 9714 21906 2987
internal_value=2.65069e-05 0.000876921 0.000469713 -3.27576e-05 0.000536749 -1.52556e-05 0.000329297 9.10285e-05 0.00097412 -0.00034508 -0.000179202 -9.56021e-05 -0.000303259 0.000121145 0.000621913 0.00108049 7.21087e-05 -1.82054e-05 0.00147821 0.000891967 0.00171784 0.000118535 -0.000274529 0.000442723 0.00163698 0.00124955 0.000255518 0.000579712 -0.000347544 0.000613214
internal_weight=354870 16602 14298 11823 8764 338268 63959 52982 17511 35471 32893 274309 140090 134219 48431 36257 78948 75855 10977 8366 5809 68834 36461 14299 21646 17043 14611 15327 30687 8781
internal_count=354870 16602 14298 11823 8764 338268 63959 52982 17511 35471 32893 274309 140090 134219 48431 36257 78948 75855 10977 8366 5809 68834 36461 14299 21646 17043 14611 15327 30687 8781
is_linear=0
shrinkage=0.05


Tree=149
num_leaves=31
num_cat=0
split_feature=33 58 62 7 52 56 33 65 63 71 28 11 11 58 64 35 71 6 56 58 54 4 28 65 18 71 57 9 54 39
split_gain=7.315 7.77318 4.04248 4.51571 4.05123 3.72336 5.29355 4.50066 3.98263 5.56084 6.23663 6.71372 5.3837 5.7645 5.53763 8.71554 6.77658 6.88535 6.86645 6.63314 6.15254 7.47551 6.22082 6.07499 6.07146 5.51723 5.3383 5.19792 7.00652 7.77322
threshold=-1.1285336613655088 -0.057638794183731072 0.60833334922790538 2.087507009506226 2.8812146186828618 2.0971541404724126 0.88789600133895885 0.035311998799443252 0.96268755197525036 -0.71809419989585865 -0.12908791005611417 0.41458372771739965 0.19224408268928531 2.5694009065628056 0.15317551046609881 0.077377099543809905 -0.54421818256378163 -0.30610767006874079 -0.33465656638145441 -1.4169899225234983 -0.34333735704421992 -0.86801937222480763 -1.9994513392448423 -0.026262832805514332 0.65875139832496654 -0.37673299014568323 -0.89086607098579396 1.2686944007873537 0.33433459699153906 -0.84103098511695851
decision_type=2 2 2 2 2 2 2 2 2 2 2 2 2 2 2 2 2 2 2 2 2 2 2 2 2 2 2 2 2 2
left_child=1 -1 3 4 5 6 8 -7 12 -10 -11 -12 14 -14 15 16 17 18 23 -18 24 25 -23 -2 -21 -22 -26 28 29 -16
right_child=2 -3 -4 -5 -6 7 -8 -9 9 10 11 -13 13 -15 27 -17 19 -19 -20 20 21 22 -24 -25 26 -27 -28 -29 -30 -31
leaf_value=-7.1630703360281276e-05 0.0020902623431889398 0.0042173934318716095 0.0011801611726182286 -0.0021895364276927494 -0.00207894335775787 0.0027009265785066447 -0.0017395020773971128 9.9248645621876445e-06 0.002579560959060645 -0.00035005828773729893 0.00026055523199279454 0.0032179946998747533 -0.00023242287038534421 -0.0021985315795117828 -0.0018276967905248886 0.0011343716185894743 -0.0024618047645414906 3.5956644111949981e-05 0.0028868824524662137 0.0019462588073361816 -0.0042937221791864407 0.0020755078353358425 -0.00062929410109877526 -0.00097736766754765174 -0.0010394622232196748 -0.00068598139848394355 0.00044203928233349564 -0.0017730763285183537 0.0010231912596722207 -6.6821303431254829e-05
leaf_weight=2101 3129 2114 6999 2400 2357 2778 4437 3510 3122 13125 4913 3141 130435 3828 7973 25975 3034 14857 5783 4997 2251 2426 16689 3313 8062 2003 24636 5304 10387 29166
leaf_count=2101 3129 2114 6999 2400 2357 2778 4437 3510 3122 13125 4913 3141 130435 3828 7973 25975 3034 14857 5783 4997 2251 2426 16689 3313 8062 2003 24636 5304 10387 29166
internal_value=1.63136e-05 0.00208439 -8.57746e-06 -3.27949e-05 -1.75799e-05 -3.19832e-06 -2.59771e-05 0.00120119 -2.78395e-06 0.000613047 0.000322082 0.00141649 -5.19903e-05 -0.000288639 0.000134933 0.000326565 9.6341e-05 0.000759332 0.0016377 -0.000183854 -7.02877e-05 -0.000707542 -0.000285106 0.000513568 0.000324861 -0.00260061 7.6555e-05 -0.000290009 -0.000124158 -0.000445236
internal_weight=355245 4215 351030 344031 341631 339274 332986 6288 328549 24301 21179 8054 304248 134263 169985 117155 91180 27082 12225 64098 61064 23369 19115 6442 37695 4254 32698 52830 47526 37139
internal_count=355245 4215 351030 344031 341631 339274 332986 6288 328549 24301 21179 8054 304248 134263 169985 117155 91180 27082 12225 64098 61064 23369 19115 6442 37695 4254 32698 52830 47526 37139
is_linear=0
shrinkage=0.05


Tree=150
num_leaves=31
num_cat=0
split_feature=33 41 18 35 67 29 10 14 69 12 64 16 69 12 56 0 19 56 12 35 27 18 40 18 29 56 25 27 33 55
split_gain=5.03292 8.19719 5.7812 5.72297 6.47732 9.67146 5.68381 5.70211 4.35414 4.09912 3.85382 5.56223 3.67575 8.52275 7.22633 7.23713 6.09344 7.07883 6.99035 6.4837 6.5017 5.87336 5.73499 5.65215 5.48959 6.95159 7.34242 6.68737 5.41033 6.13625
threshold=0.85357314348220836 0.6078576147556306 2.5957847833633427 -0.67406070232391346 -0.38382928073406214 -0.43540202081203455 -0.67091444134712208 -7.3494672775268546 -0.0070321224629878989 -7.7597074508666983 -0.024706657044589516 0.19860577583312991 -0.084610417485237108 -8.9979834556579572 0.45039999485015875 -0.83628365397453297 0.31572231650352484 -0.55564260482788075 -9.2425498962402326 0.41809110343456274 0.40292263031005865 2.3251106739044194 -0.26302871108055109 1.1094363927841189 0.37821269035339361 -0.49073110520839686 0.58472701907157909 -0.088515304028987871 -0.24672956764698026 0.27221073210239416
decision_type=2 2 2 2 2 2 2 2 2 2 2 2 2 2 2 2 2 2 2 2 2 2 2 2 2 2 2 2 2 2
left_child=2 10 3 4 8 -6 -4 9 -1 -8 -2 -12 13 -5 24 -16 19 28 -19 22 -21 -20 23 -14 27 -26 -27 -15 -18 -30
right_child=1 -3 6 12 5 -7 7 -9 -10 -11 11 -13 16 14 15 -17 17 18 21 20 -22 -23 -24 -25 25 26 -28 -29 29 -31
leaf_value=-0.0010258061227236299 -0.00035316939161838563 0.00089901168914524468 0.0028807367822361162 -0.0028392595438274759 7.7606225981758183e-05 -0.003244511681199247 -0.00047994052715974624 -0.0017582639815786145 0.0016727376117715805 0.0023041368618809915 -0.0043920493828237392 -0.0012539268155811979 0.00089134975107286758 -0.00026080026732090727 0.0025161103977719111 0.00016046815725359657 -0.00013570313565504775 0.0021105369912155724 6.4701047306538084e-05 7.4045635709402721e-05 -0.0031279818878059678 -0.0026379240714153387 0.0012347826302394954 -0.00078776531026325872 0.0018815636708428428 0.0012885377266982239 -0.0017077187483488675 -0.0014501017041665823 -0.0029002409862201352 3.0745699310468018e-05
leaf_weight=3052 2804 3854 3268 3041 3807 5149 2130 2192 2911 3463 2488 3275 11213 48085 4446 12159 8717 4128 137947 6664 2070 2030 29417 9046 5706 3651 4622 15665 5397 2666
leaf_count=3052 2804 3854 3268 3041 3807 5149 2130 2192 2911 3463 2488 3275 11213 48085 4446 12159 8717 4128 137947 6664 2070 2030 29417 9046 5706 3651 4622 15665 5397 2666
internal_value=-2.61428e-05 -0.00101444 9.71228e-06 -2.78005e-05 -0.000984471 -0.00183384 0.0011341 0.000398139 0.000292156 0.0012449 -0.00187528 -0.00261398 1.72999e-05 -0.000238326 -0.000154189 0.000792328 0.000130813 -2.80034e-05 8.51958e-05 0.000568188 -0.00068756 2.53209e-05 0.000789067 0.000141577 -0.000356466 0.000540582 -0.000385466 -0.000553224 -0.000999619 -0.00193228
internal_weight=355063 12421 342642 331589 14919 8956 11053 7785 5963 5593 8567 5763 316670 97375 94334 16605 219295 160885 144105 58410 8734 139977 49676 20259 77729 13979 8273 63750 16780 8063
internal_count=355063 12421 342642 331589 14919 8956 11053 7785 5963 5593 8567 5763 316670 97375 94334 16605 219295 160885 144105 58410 8734 139977 49676 20259 77729 13979 8273 63750 16780 8063
is_linear=0
shrinkage=0.05


Tree=151
num_leaves=31
num_cat=0
split_feature=63 55 0 17 73 54 25 8 59 13 30 54 11 57 35 8 56 58 35 19 70 11 23 11 55 5 23 37 21 63
split_gain=4.62957 5.45501 7.43421 5.90544 5.52031 4.44028 4.87759 5.121 6.09621 4.4812 4.28905 6.90889 4.23371 6.09563 6.91146 6.64539 9.46051 6.86016 6.27677 5.67723 5.62377 5.61253 5.48398 5.11065 4.89839 4.81185 4.4554 9.76154 5.57794 6.20645
threshold=-1.4961175322532652 -1.2517476081848142 -1.6088715791702268 -0.81109583377838124 4.5000000000000009 0.36402501165866857 0.46621170639991766 -1.0610637068748472 0.53949999809265148 -7.6938965320587149 0.95711153745651256 -0.24741723388433454 1.2326277494430544 1.24558562040329 0.71433201432228099 1.1975615024566653 0.6352105736732484 1.4596121311187746 0.17106312513351443 0.81184285879135143 -0.62651327252387989 2.1383438110351567 0.6978125572204591 1.7022747397422793 0.027221000753343109 0.13176685571670535 0.22085499018430713 -0.28285299241542811 0.52647754549980175 -0.5586462914943694
decision_type=2 2 2 2 2 2 2 2 2 2 2 2 2 2 2 2 2 2 2 2 2 2 2 2 2 2 2 2 2 2
left_child=10 2 -2 -4 -5 6 7 8 -6 -7 11 -1 26 15 18 16 17 20 -15 -18 -14 -20 -16 -21 -22 -26 27 -3 29 -29
right_child=1 12 3 4 5 9 -8 -9 -10 -11 -12 -13 13 14 22 -17 19 -19 21 23 24 -23 -24 -25 25 -27 -28 28 -30 -31
leaf_value=0.0029714684635069621 0.0011497131533734872 -0.00047188534430448923 -0.0035643468725149157 0.00072201571910746314 -0.0042516584243290634 -0.0014027019211435238 -0.0038770890106894123 -0.00029754822242353317 -0.00071737674375961719 0.0018853808629486796 -0.0011159698100542221 0.00022069800490942261 -0.0033215183152278402 0.0012096492035440559 0.0037581251559506562 -0.002877229785995453 0.002873370960397911 0.0015799031393048471 -0.002582481293942502 -0.001826121159686037 -0.00026173184245354596 0.00033389146038087552 0.00043872106127350503 0.0015036260232875681 -0.0035082126662224406 -0.00085684030557784795 -7.2177789828201083e-06 -0.00067031017702164422 0.003055761213537192 0.0012031969313851694
leaf_weight=4071 4504 15938 2138 4601 2402 2109 2101 6203 2479 2018 2001 5184 3142 4070 2223 3482 2584 2156 3683 2151 9310 2978 2817 2459 3032 3932 220870 5529 3116 21929
leaf_count=4071 4504 15938 2138 4601 2402 2109 2101 6203 2479 2018 2001 5184 3142 4070 2223 3482 2584 2156 3683 2151 9310 2978 2817 2459 3032 3932 220870 5529 3116 21929
internal_value=-1.84402e-05 -5.11069e-05 -0.000712751 -0.00106186 -0.000816189 -0.00122518 -0.00167289 -0.00125196 -0.00246178 0.000205759 0.000978932 0.00143258 8.81611e-06 -0.000423407 0.000381984 -0.000817283 -0.000567022 -0.00109055 -0.000335543 0.00100218 -0.00138775 -0.00128008 0.00190736 -5.0605e-05 -0.00101259 -0.00201458 8.64518e-05 0.000531163 0.00105403 0.000825837
internal_weight=355212 343956 28555 24051 21913 17312 13185 11084 4881 4127 11256 9255 315401 48019 15771 32248 28766 21572 10731 7194 19416 6661 5040 4610 16274 6964 267382 46512 30574 27458
internal_count=355212 343956 28555 24051 21913 17312 13185 11084 4881 4127 11256 9255 315401 48019 15771 32248 28766 21572 10731 7194 19416 6661 5040 4610 16274 6964 267382 46512 30574 27458
is_linear=0
shrinkage=0.05


Tree=152
num_leaves=31
num_cat=0
split_feature=28 33 9 39 58 9 18 24 55 19 8 25 52 22 2 60 69 12 71 63 29 22 28 19 74 12 12 57 31 2
split_gain=4.64372 7.28599 6.19893 5.63536 6.01594 5.22959 7.59866 6.798 7.21187 5.33537 5.83141 5.16356 6.20351 5.13888 5.0496 6.1176 5.33432 5.47824 4.93118 4.54161 4.52487 6.9016 9.2428 6.17289 4.9896 4.48596 6.02068 5.03312 5.42043 4.79989
threshold=-1.7157179713249204 -0.59471648931503285 -0.81420880556106556 0.46561008691787725 0.34234468638896948 -0.52553871273994435 2.9960716962814335 1.9242571592330935 -0.13704256713390348 0.78389132022857677 -0.65927287936210621 0.40809273719787603 1.1180630922317507 0.84712859988212597 0.22901464998722079 0.50499999523162853 -0.8119826316833495 -7.6787116527557364 -0.22827716171741483 2.5188223123550419 -0.55317860841751088 1.5497176647186282 -0.44625735282897944 0.99000588059425365 2.5000000000000004 -6.7636187076568595 -7.5503990650176993 -0.081192534416913972 -0.2386079207062721 0.91007155179977428
decision_type=2 2 2 2 2 2 2 2 2 2 2 2 2 2 2 2 2 2 2 2 2 2 2 2 2 2 2 2 2 2
left_child=1 -1 3 -3 -5 6 7 8 9 14 -11 12 25 -13 15 -2 -17 -18 -10 20 21 22 24 -22 -15 26 29 -28 -29 -7
right_child=5 2 -4 4 -6 11 -8 -9 18 10 -12 13 -14 19 -16 16 17 -19 -20 -21 23 -23 -24 -25 -26 -27 27 28 -30 -31
leaf_value=0.002736854499810397 -0.00077268640154018681 0.00038066055870977512 0.00045952706954839194 -0.0032480180068425327 8.0832281538933878e-05 -0.00093225195730664069 0.0029683478643107411 -0.00048964572349159501 0.001575064642815178 -3.4357204981605057e-05 -0.0033631970659832077 0.0017943422888358339 0.0011463981323483724 -0.00038083147990729054 0.0021828394369431971 0.0028444993199802154 0.0017406080699670348 -0.0010043348951227608 -0.00095337311250552701 0.0021870122007859511 -0.00041088717478745076 0.001678571707600524 -0.0012996670216110966 0.00050374919786388874 0.0023038907430805874 -0.0028103814446963434 -0.00098516546835257577 0.0023955295252590597 -0.0003904896642926833 -0.0031601277188469147
leaf_weight=3125 10392 5008 65336 3395 2256 21216 2560 23835 17137 3307 2175 3639 4201 2970 3298 2718 3343 3960 2166 2123 106310 8138 7939 22311 4129 2769 5305 3621 3358 2722
leaf_count=3125 10392 5008 65336 3395 2256 21216 2560 23835 17137 3307 2175 3639 4201 2970 3298 2718 3343 3960 2166 2123 106310 8138 7939 22311 4129 2769 5305 3621 3358 2722
internal_value=3.69779e-05 0.0003746 0.000277114 -0.000840396 -0.00192127 -5.9943e-05 0.000296602 0.000201644 0.000541433 4.55311e-05 -0.0013588 -0.000192962 -0.000677218 -6.01769e-05 0.00037065 7.69407e-05 0.000957915 0.000252844 0.001291 -0.000104135 -0.000136321 0.000506637 -0.000128265 -0.000252205 0.00118173 -0.000873943 -0.000725177 0.000174625 0.00105637 -0.0011868
internal_weight=354762 79120 75995 10659 5651 275642 74891 72331 48496 29193 5482 200751 43192 157559 23711 20413 10021 7303 19303 153920 151797 23176 15038 128621 7099 38991 36222 12284 6979 23938
internal_count=354762 79120 75995 10659 5651 275642 74891 72331 48496 29193 5482 200751 43192 157559 23711 20413 10021 7303 19303 153920 151797 23176 15038 128621 7099 38991 36222 12284 6979 23938
is_linear=0
shrinkage=0.05


Tree=153
num_leaves=31
num_cat=0
split_feature=52 10 65 46 16 0 43 56 9 71 3 15 63 12 19 10 49 19 27 23 27 26 19 27 38 23 22 33 57 25
split_gain=4.85424 4.69357 4.63364 3.6818 4.00095 3.63611 6.17971 4.80156 5.49285 4.95115 4.78439 4.0468 3.99525 3.49154 8.95629 5.48649 4.39284 3.89812 3.80864 4.40364 3.59158 5.76566 5.71933 5.27023 5.57408 5.29372 5.18425 4.82373 4.52649 5.95629
threshold=-0.27589404582977289 2.8046840429306035 0.25218138098716741 0.35683798789978033 -0.021322404034435746 0.77130243182182323 0.10000000521540643 1.0483167767524721 0.029203032143414024 -0.3308050781488418 1.3257806301116946 -7.2881896495819083 0.20387922227382663 -8.6535930633544904 0.94287157058715831 0.48585931956768041 -0.088806729763746248 0.20002371072769168 0.29943504929542547 0.7015039622783662 0.74439099431037914 0.92415535449981701 0.9293540120124818 0.38243374228477484 1.0000000180025095e-35 0.0042543113231658944 1.2691742181777956 -0.80407050251960743 0.55597439408302318 0.8610655963420869
decision_type=2 2 2 2 2 2 2 2 2 2 2 2 2 2 2 2 2 2 2 2 2 2 2 2 2 2 2 2 2 2
left_child=5 2 13 4 -4 10 -7 9 -9 11 -1 -8 -12 14 15 18 -16 -17 19 -2 23 26 -23 24 25 27 -22 -15 29 -28
right_child=1 -3 3 -5 -6 6 7 8 -10 -11 12 -13 -14 20 16 17 -18 -19 -20 -21 21 22 -24 -25 -26 -27 28 -29 -30 -31
leaf_value=-0.00021046816966860412 -0.00061782872294216897 0.0021737242845384346 0.00087351709460664487 -0.00035538504642260827 0.0038642330541579471 -0.0029349919609424416 -5.4153113710744029e-05 -0.0038092929029273411 -0.00045813211281659497 0.0014530083707051536 0.0025648521122486516 -0.0023187039313257505 -0.000171538235618079 0.00039346698183150724 -0.00096837217601271211 -0.0040790647433934825 0.0017912473965535005 -0.0012696712252203315 -0.0019797653748683283 0.0019515475844922772 0.00023430572036482186 -0.00012991905685099723 0.0026918064837535274 0.00086377148186433808 0.0021590192850307641 0.00012565220052047202 -0.0011129684916274952 -0.0027484198070793424 -0.0020709734637783333 0.0011984120000666978
leaf_weight=94100 7064 2769 2521 2026 2011 3010 8045 2065 2985 3992 2928 2604 2441 2007 2006 2176 5072 2869 3342 2172 13304 4540 2960 28438 3230 119891 10854 3103 6942 3740
leaf_count=94100 7064 2769 2521 2026 2011 3010 8045 2065 2985 3992 2928 2604 2441 2007 2006 2176 5072 2869 3342 2172 13304 4540 2960 28438 3230 119891 10854 3103 6942 3740
internal_value=-2.66513e-06 0.000131166 0.00010651 0.00141549 0.00220618 -0.000257935 -0.00082878 -0.000505494 -0.00183328 -4.6574e-05 -0.000127585 -0.00060956 0.00132275 6.80765e-05 -0.000492483 -0.00109571 0.00100887 -0.00248709 -0.000536099 -1.21397e-05 0.000137674 -0.000270875 0.000985823 0.000248096 0.0001115 5.84238e-05 -0.00054161 -0.00151606 -0.00102082 -0.000520217
internal_weight=355207 233037 230268 6558 4532 122170 22701 19691 5050 14641 99469 10649 5369 223710 24701 17623 7078 5045 12578 9236 199009 42340 7500 156669 128231 125001 34840 5110 21536 14594
internal_count=355207 233037 230268 6558 4532 122170 22701 19691 5050 14641 99469 10649 5369 223710 24701 17623 7078 5045 12578 9236 199009 42340 7500 156669 128231 125001 34840 5110 21536 14594
is_linear=0
shrinkage=0.05


Tree=154
num_leaves=31
num_cat=0
split_feature=30 15 40 36 27 40 62 65 64 29 46 65 15 15 44 43 17 19 51 45 18 48 10 30 45 27 36 58 23 43
split_gain=4.48849 13.2736 7.75377 4.14996 4.76471 4.75001 4.5142 4.63 4.19851 4.97403 5.45553 4.8097 4.26573 5.2342 4.10312 8.78338 7.31743 6.42487 5.91865 4.08174 5.53341 4.04724 5.02733 3.89104 4.3995 3.85851 3.79702 4.29624 3.72973 3.61097
threshold=-2.3019202947616573 -7.4913158416748038 0.41865575313568121 -0.94432520866394032 -0.99648907780647267 -0.92880073189735401 0.39166666567325598 0.030872797593474392 0.024197277612984184 -0.66468194127082814 -0.27340753376483912 0.12026001885533334 -7.5005400180816642 -7.8536355495452872 0.81643518805503856 0.10000000521540643 0.58287504315376293 0.60006457567214977 -0.25849531590938563 -0.60963967442512501 1.5165755748748782 -0.5014381706714629 0.23987295478582385 -1.1524195671081541 0.27138322591781622 0.99452474713325512 0.84641027450561535 0.59451520442962658 0.78959584236145031 0.70000001788139354
decision_type=2 2 2 2 2 2 2 2 2 2 2 2 2 2 2 2 2 2 2 2 2 2 2 2 2 2 2 2 2 2
left_child=1 -1 -3 5 6 21 -5 -8 29 10 -10 12 13 -11 25 18 17 19 -16 20 -17 -2 -23 -14 -25 -6 27 28 -27 -7
right_child=3 2 -4 4 14 8 7 -9 9 11 -12 -13 23 -15 15 16 -18 -19 -20 -21 -22 22 -24 24 -26 26 -28 -29 -30 -31
leaf_value=0.0036500639798822832 0.0025625121398688035 0.0011678930532099472 -0.0027913929898131127 0.0027025840580843048 0.00016132118881661636 -0.0004823861065766091 -0.00093080013184953722 0.0018593183372356344 0.0023337871830811305 -0.00033319252920878135 -0.0010221455557371734 -0.0030171315110581335 -0.0020267470693382367 -0.0026827044589065509 -0.0039022767583503761 0.0014332644751911081 -0.0028747614539335561 0.00026257865810136818 -0.00092240320459562953 -0.0027673837396113891 -0.0018723351753911306 0.0012100852583926337 -0.0017729404929194307 0.0015945662439340712 -0.0012410042501143994 0.00082617167940282122 0.00063953148733271112 -0.0033401014565561868 -0.0021492204138730394 0.00080008744643312874
leaf_weight=3230 2190 3036 2072 3160 208133 20586 3190 2768 2099 4054 2835 3602 2016 5709 2572 2238 2297 40687 4724 2930 2889 3625 2300 3593 2196 2167 2834 2202 2032 7473
leaf_count=3230 2190 3036 2072 3160 208133 20586 3190 2768 2099 4054 2835 3602 2016 5709 2572 2238 2297 40687 4724 2930 2889 3625 2300 3593 2196 2167 2834 2202 2032 7473
internal_value=9.20617e-07 0.00114661 -0.000440461 -2.66333e-05 5.42136e-05 -0.000396328 0.00117811 0.000366392 -0.000565359 -0.00102164 0.000407353 -0.00135472 -0.00101235 -0.00170843 1.7003e-05 -0.000355293 -0.00012317 7.05859e-06 -0.00197678 -0.00128202 -0.000429418 0.000731162 5.10813e-05 -0.000140579 0.000518635 0.000116931 -0.000882597 -0.00155646 -0.00061538 -0.000140659
internal_weight=355439 8338 5108 347101 284823 62278 9118 5958 54163 26104 4934 21170 17568 9763 275705 58337 51041 48744 7296 8057 5127 8115 5925 7805 5789 217368 9235 6401 4199 28059
internal_count=355439 8338 5108 347101 284823 62278 9118 5958 54163 26104 4934 21170 17568 9763 275705 58337 51041 48744 7296 8057 5127 8115 5925 7805 5789 217368 9235 6401 4199 28059
is_linear=0
shrinkage=0.05


Tree=155
num_leaves=31
num_cat=0
split_feature=63 59 58 20 31 55 57 70 57 59 40 25 26 63 40 63 9 34 60 40 51 11 31 43 64 7 11 64 58 22
split_gain=4.63415 6.22897 5.61681 5.73299 7.02174 5.41023 7.97112 7.0188 6.15256 5.36786 4.93598 4.6087 4.70208 4.48987 6.49632 5.07261 4.78405 5.85314 4.86828 4.39326 4.33999 4.51596 4.93301 4.54852 4.49616 4.52158 6.04705 5.36558 7.12053 6.69652
threshold=-0.26686945557594294 0.48450000584125524 1.2551297545433047 1.4248650670051577 0.16313885152339938 1.0391024351119997 -0.40492966771125788 0.2230055704712868 -1.1071315407752989 0.79350000619888317 0.99655601382255565 0.61782744526863109 -0.12375934794545172 -0.71446722745895375 -0.91530275344848622 -1.4961175322532652 -0.28497630357742304 -0.5619443655014037 0.2950000017881394 0.99724069237709057 1.1504527330398562 1.4059562683105471 -0.72745576500892628 0.16666667163372043 -0.95379543304443348 -1.1319471597671507 -0.31898713111877436 0.28376053273677831 0.66396912932395946 0.98538354039192211
decision_type=2 2 2 2 2 2 2 2 2 2 2 2 2 2 2 2 2 2 2 2 2 2 2 2 2 2 2 2 2 2
left_child=5 10 19 4 -4 7 -7 13 -9 -10 20 -8 -13 14 -1 -16 17 -15 -19 -3 21 22 -2 -23 -24 26 -26 28 -27 -29
right_child=1 2 3 -5 -6 6 11 8 9 -11 -12 12 -14 16 15 -17 -18 18 -20 -21 -22 23 24 -25 25 27 -28 29 -30 -31
leaf_value=0.0014455194841672509 0.0015206942227195181 -4.9461020192491965e-05 0.0010913404757275232 0.0018952549711223035 -0.0013847068683054855 0.001457937962907759 -8.307395609559352e-05 0.0036633565767457002 0.0012461992376129282 -0.00065763661833826922 0.0014975220467619418 -0.0041279481233308301 -0.00090695093201301831 0.0012006176174897073 0.00046871215019956094 -0.0010415005698866137 0.00082147489661862482 -0.0022064754641453418 -0.00014533335081414373 -0.0022619016037930336 0.00034484906591256262 -0.0033992282969098689 -0.002050722463952946 -0.0010273966592711751 -0.0038355749655790334 0.00030972428313437743 -0.00017501502270122248 -0.0031504265901994865 -0.0010250847059969966 -0.00066784842769663025
leaf_weight=4267 2922 102558 7481 7618 4625 2554 2549 2066 16080 4802 3133 2608 2010 5256 7543 21091 26903 4076 9591 2284 13137 2534 4800 9926 2261 35120 2244 3023 13952 26135
leaf_count=4267 2922 102558 7481 7618 4625 2554 2549 2066 16080 4802 3133 2608 2010 5256 7543 21091 26903 4076 9591 2284 13137 2534 4800 9926 2261 35120 2244 3023 13952 26135
internal_value=-7.73656e-05 -0.000199462 4.77797e-05 0.000821634 0.000145024 0.000189795 -0.000936537 0.000297563 0.00106681 0.00080829 -0.000457843 -0.00179066 -0.00273099 7.32282e-05 -0.000372339 -0.000643643 0.000393136 -0.000215948 -0.000761205 -9.78705e-05 -0.000510755 -0.000619993 -0.000496956 -0.0015121 -0.000564473 -0.000478009 -0.00201663 -0.000389158 -6.9916e-05 -0.000926225
internal_weight=355149 243753 124566 19724 12106 111396 9721 101675 22948 20882 119187 7167 4618 78727 32901 28634 45826 18923 13667 104842 116054 102917 90457 12460 87535 82735 4505 78230 49072 29158
internal_count=355149 243753 124566 19724 12106 111396 9721 101675 22948 20882 119187 7167 4618 78727 32901 28634 45826 18923 13667 104842 116054 102917 90457 12460 87535 82735 4505 78230 49072 29158
is_linear=0
shrinkage=0.05


Tree=156
num_leaves=31
num_cat=0
split_feature=15 8 64 0 40 13 55 47 43 23 5 4 40 20 69 43 18 13 26 11 11 6 3 5 48 43 72 3 55 24
split_gain=5.04989 5.66452 5.67035 4.67005 4.53241 8.05194 4.4197 5.7248 3.49472 8.90218 5.68757 10.3779 6.02191 5.43401 5.3042 7.71182 6.70722 6.66364 5.62634 5.44875 7.56057 5.32018 7.38902 7.2666 6.40256 5.67309 5.38561 5.25307 7.63097 10.3741
threshold=-6.7627723217010489 -0.77476951479911793 0.48384153842926031 -2.2076979875564571 0.48098418116569525 -7.0414257049560538 -1.8413338065147398 -0.2487094849348068 0.83333334326744091 0.8814893662929536 -0.14356088638305661 -0.79607233405113209 -0.45009414851665491 1.6389234066009524 -0.0016800040029920635 0.16666667163372043 0.44890262186527258 -8.0900931358337385 -1.8830975890159605 -0.3088944256305694 0.60158783197402965 0.24849523603916171 0.71715989708900463 -0.46860995888710016 0.22857102006673816 0.43333333730697637 19.000000000000004 0.27658212184906011 0.7833559811115266 1.818676292896271
decision_type=2 2 2 2 2 2 2 2 2 2 2 2 2 2 2 2 2 2 2 2 2 2 2 2 2 2 2 2 2 2
left_child=3 -2 4 -1 5 -3 7 -5 14 10 11 13 -12 -10 17 16 -16 18 -8 -20 -21 22 26 -23 25 -24 -17 -25 -29 -30
right_child=1 2 -4 6 -6 -7 8 -9 9 -11 12 -13 -14 -15 15 21 -18 -19 19 20 -22 23 24 27 -26 -27 -28 28 29 -31
leaf_value=0.0012473799091382558 0.0030727671539218164 0.0025553493696899095 0.002565113018789646 -1.1931591427632622e-05 -0.0013651204491694911 -0.00076439997928569163 5.3630465815246679e-06 -0.0027651354669321385 0.0021173835511001031 -0.0020248748627005298 0.0017760785399840867 -0.0016753502591437632 -0.00013462728034424043 -0.00069291009145408186 0.0018298906735662709 0.001212426614129654 -0.00057823796819137776 3.038464058616682e-05 -0.0026812436079999731 0.000368904633698263 -0.0021697690330555555 0.0031772595727079045 -0.0036976505982729002 -2.2044509824753779e-06 0.00010060319448214251 -0.00072673208542731486 0.00010461356527864083 0.0019186290028432411 0.0012311628660728634 -0.0012527916466482513
leaf_weight=7389 2531 3333 2685 4347 3896 4019 11849 3328 3649 7139 6311 11035 11859 3239 3152 15554 33823 91719 5654 6401 5399 3073 2797 18301 8165 3773 37183 14391 12362 6357
leaf_count=7389 2531 3333 2685 4347 3896 4019 11849 3328 3649 7139 6311 11035 11859 3239 3152 15554 33823 91719 5654 6401 5399 3073 2797 18301 8165 3773 37183 14391 12362 6357
internal_value=4.66702e-05 0.000901511 0.00050517 5.03606e-06 1.16011e-05 0.000742022 -2.27457e-05 -0.00120781 5.43368e-06 -0.000412912 -9.36017e-05 -0.000725367 0.000529632 0.000796788 7.00495e-05 0.00025996 -0.000372513 -0.00017935 -0.000835609 -0.0014062 -0.0007935 0.00045173 0.00015493 0.000819186 -0.000834595 -0.00199522 0.000431515 0.000677646 0.00105331 0.00038739
internal_weight=354713 16464 13933 338249 11248 7352 330860 7675 323185 43232 36093 17923 18170 6888 279953 158931 36975 121022 29303 17454 11800 121956 67472 54484 14735 6570 52737 51411 33110 18719
internal_count=354713 16464 13933 338249 11248 7352 330860 7675 323185 43232 36093 17923 18170 6888 279953 158931 36975 121022 29303 17454 11800 121956 67472 54484 14735 6570 52737 51411 33110 18719
is_linear=0
shrinkage=0.05


Tree=157
num_leaves=31
num_cat=0
split_feature=69 12 72 11 66 11 65 48 21 53 59 6 28 34 14 72 21 69 65 52 49 73 22 65 57 17 13 27 12 6
split_gain=7.03604 10.7719 6.82055 5.92142 5.66716 6.62644 5.4968 4.87141 4.44886 4.62228 4.46055 6.39389 4.40394 6.09574 4.99066 4.75046 7.8937 5.90179 4.55189 4.37953 4.19179 4.12934 4.25918 4.99258 4.12398 4.68386 4.44137 5.2054 5.82391 5.04545
threshold=-0.03303221054375171 -8.4466261863708478 1.0000000180025095e-35 0.51542466878891002 -0.17435546219348905 1.7854241132736208 0.27236160635948187 2.2875311374664311 1.0000000180025095e-35 -1.3780144453048704 0.36849999427795416 -0.62394669651985157 -1.0081938505172727 -0.47874069213867182 -7.8106629848480216 17.000000000000004 0.67432439327240001 0.01865436136722565 0.023700554855167869 0.60447323322296154 1.7409283518791201 16.500000000000004 1.4227197766304018 -0.091830350458621965 -0.97434216737747181 -0.8348485231399535 -8.3812389373779279 0.53251183032989513 -6.7148311138153067 0.38249208033084875
decision_type=2 2 2 2 2 2 2 2 2 2 2 2 2 2 2 2 2 2 2 2 2 2 2 2 2 2 2 2 2 2
left_child=1 3 -3 -1 5 20 7 12 10 -10 -6 -12 13 14 -2 16 17 18 -15 -11 -4 24 -23 -24 -14 -26 29 28 -28 -27
right_child=6 2 4 -5 8 -7 -8 -9 9 19 11 -13 21 15 -16 -17 -18 -19 -20 -21 -22 22 23 -25 25 26 27 -29 -30 -31
leaf_value=-0.00087004835357582888 0.00060950332452432599 0.001977067926898468 -0.00032880851117503252 -0.0028564584193800317 -0.0024038627112234305 -0.0023235867317364539 0.0018580452976418001 -0.0016959916806256932 -0.0014388426334325825 0.00016521693197963213 0.0012231588384487299 -0.0022702108892458531 0.00064684653779243512 0.00046713902662072249 0.0039857287999447459 0.00050691508885737906 -0.0011927242963745755 0.0015424656028795091 -0.002182215368299753 0.0013440523563608511 -0.0024667397991889341 0.00091949413343160667 0.0012268306630389551 -0.00058890085261889438 0.0015428717711432824 -0.0028569012238139173 0.00015464716060993076 -0.00095364419757279571 -0.0021409639415841011 -1.5059499873653127e-05
leaf_weight=11313 2367 3544 48871 5614 3189 5064 4388 3815 3469 31813 3545 2064 10222 4408 2033 63301 12667 7088 2552 10464 2396 17147 4992 15562 2893 3984 36065 24259 2982 2565
leaf_count=11313 2367 3544 48871 5614 3189 5064 4388 3815 3469 31813 3545 2064 10222 4408 2033 63301 12667 7088 2552 10464 2396 17147 4992 15562 2893 3984 36065 24259 2982 2565
internal_value=-6.2929e-05 -0.000353296 -0.000179075 -0.00153016 -0.000248165 -0.000599871 0.000107882 7.2716e-05 0.000115107 0.000313174 -0.000913947 -6.40839e-05 0.000104165 0.000359924 0.00217497 0.000270972 -0.000288073 0.000527913 -0.000506028 0.00045724 -0.000429188 -9.59605e-05 0.000337886 -0.000147528 -0.000293114 -0.000425261 -0.000506979 -0.000378591 -2.11708e-05 -0.00174558
internal_weight=354636 131346 114419 16927 110875 56331 223290 218902 54544 45746 8798 5609 215087 94416 4400 90016 26715 14048 6960 42277 51267 120671 37701 20554 82970 72748 69855 63306 39047 6549
internal_count=354636 131346 114419 16927 110875 56331 223290 218902 54544 45746 8798 5609 215087 94416 4400 90016 26715 14048 6960 42277 51267 120671 37701 20554 82970 72748 69855 63306 39047 6549
is_linear=0
shrinkage=0.05


Tree=158
num_leaves=31
num_cat=0
split_feature=69 57 11 31 43 72 15 74 24 32 26 13 57 55 43 31 5 39 12 15 35 66 57 30 30 33 39 11 30 8
split_gain=5.96815 4.85329 9.18919 7.15275 6.57976 6.38853 5.69711 5.57126 5.083 6.67344 9.8238 6.84991 6.49031 5.77556 5.72575 5.86716 5.48583 6.14539 5.41845 5.74354 5.23032 5.14219 5.07671 6.6727 5.52509 6.19315 5.81179 5.57668 5.19145 5.15234
threshold=6.0128972530364999 0.41114112734794622 0.89633336663246166 0.70053386688232433 0.76666668057441723 5.0000000000000009 -6.80702781677246 5.5000000000000009 1.579463839530945 0.17657759785652163 0.34831862151622778 -7.4829108715057364 -0.43689493834972376 -0.40675543248653406 0.36666667461395269 0.4608809649944306 -0.88108575344085682 0.37055389583110815 -8.7503933906555158 -8.035153388977049 0.10002895072102548 -0.60091653466224659 0.46373176574707037 -0.67799332737922657 -0.48606525361537928 -0.73531168699264515 0.87671843171119701 0.9993884563446046 1.0000000180025095e-35 1.259093225002289
decision_type=2 2 2 2 2 2 2 2 2 2 2 2 2 2 2 2 2 2 2 2 2 2 2 2 2 2 2 2 2 2
left_child=1 2 6 22 5 -4 8 -7 9 10 12 -12 16 -13 15 20 17 -1 -18 -20 -11 -14 28 29 27 -26 -27 -25 -3 -24
right_child=-2 3 4 -5 -6 7 -8 -9 -10 14 11 13 21 -15 -16 -17 18 -19 19 -21 -22 -23 23 24 25 26 -28 -29 -30 -31
leaf_value=0.0025761656794474246 0.0015345413704747706 0.0026787090568573535 -0.0029261827658885039 -0.0014848429490914631 -0.0026320244550389281 -0.00075131921533131373 0.0011121059898996 0.001408629705532466 0.00019873803140116293 -0.0020686761596478433 1.1275786239453961e-05 -0.0032768178057921353 -0.00050972594626841046 -0.00056526573919877187 -0.00038628083747667825 -0.0041923397467786604 -0.0031019719468550252 -0.00092240506081450529 0.0020709511910163127 -0.00075050679094518387 0.00026497919901094378 0.0010472083697120097 -0.00013968433861666162 0.0027790795247657481 0.0025702579154869582 0.0004121198729728963 -0.0012300997990611216 0.00020262247365799202 -0.00031787574376209772 -0.0026993315915177412
leaf_weight=2973 6318 4287 2664 5816 5178 14592 10170 3743 79027 7112 6276 4871 6754 3294 19061 2060 2130 2160 2013 16653 3619 24593 41045 5041 3022 56822 5942 3598 2175 2055
leaf_count=2973 6318 4287 2664 5816 5178 14592 10170 3743 79027 7112 6276 4871 6754 3294 19061 2060 2130 2160 2013 16653 3619 24593 41045 5041 3022 56822 5942 3598 2175 2055
internal_value=1.27618e-05 -1.48505e-05 -0.000158467 0.000227385 -0.0010373 -0.000643 -3.90766e-05 -0.000309849 -0.000103251 -0.000333677 -6.61609e-05 -0.00123112 0.000227724 -0.00218493 -0.000935798 -0.00175374 -0.000357427 0.00110501 -0.000718753 -0.000445286 -0.00128214 0.000711697 0.000307816 0.000232717 0.000519396 0.000363139 0.000256476 0.0017075 0.00167118 -0.000262326
internal_weight=355064 348746 218943 129803 26177 20999 192766 18335 182596 103569 71717 14441 57276 8165 31852 12791 25929 5133 20796 18666 10731 31347 123987 117525 74425 65786 62764 8639 6462 43100
internal_count=355064 348746 218943 129803 26177 20999 192766 18335 182596 103569 71717 14441 57276 8165 31852 12791 25929 5133 20796 18666 10731 31347 123987 117525 74425 65786 62764 8639 6462 43100
is_linear=0
shrinkage=0.05


Tree=159
num_leaves=31
num_cat=0
split_feature=58 16 12 69 15 10 16 11 64 35 15 58 64 22 39 22 16 60 3 72 21 55 53 23 46 51 58 13 16 59
split_gain=4.37138 6.06487 5.77497 8.172 7.32448 6.5502 7.19287 7.04003 6.28043 6.07766 5.35832 7.22572 7.62426 5.80233 5.2428 5.77321 5.13 8.19858 6.32902 4.93241 4.71867 4.61151 4.53629 4.35092 7.91947 5.82969 5.41642 5.19586 5.02621 6.62837
threshold=2.0771739482879643 0.094973966479301467 -7.9395952224731436 0.19839625805616382 -7.2546005249023429 -0.73337706923484791 -0.32827194035053248 -1.0617594122886655 0.67908382415771495 -0.50671139359474171 -8.2412886619567853 -0.17736876755952832 -0.14648724347352979 1.6935324072837832 0.59831890463829052 1.4106376767158511 -0.15605559945106504 0.28499999642372137 -0.73172560334205616 15.000000000000002 0.25936947762966162 0.54617744684219371 0.64104557037353527 0.85563403367996227 -0.07941108942031859 0.41119211912155157 0.95676898956298839 -9.120022773742674 -0.34971189498901362 0.77349999547004711
decision_type=2 2 2 2 2 2 2 2 2 2 2 2 2 2 2 2 2 2 2 2 2 2 2 2 2 2 2 2 2 2
left_child=2 -2 3 8 -4 6 -6 -8 9 19 -5 12 -12 22 -10 -16 17 21 -19 -1 -9 -7 -13 25 -25 27 -26 -11 -27 -30
right_child=1 -3 4 10 5 16 7 20 14 23 11 13 -14 -15 15 -17 -18 18 -20 -21 -22 -23 -24 24 26 28 -28 -29 29 -31
leaf_value=0.0033134542187674165 0.00029575393830467734 0.0022699089789349892 -0.00033797064717840634 0.0027910586618058418 -0.00018148495917861629 -4.6871447340197653e-05 5.3445330788948588e-05 0.0047028872998292658 0.0020190683293122842 -0.0026774269825573416 0.0014965914162425574 0.0024218232017685784 -0.0014359028099720393 -0.00044293279497103978 -0.0012963146971833913 0.0017574233677362799 -0.00037962021525970606 0.0031322657650354468 0.00070061467885774921 0.00052830954371325305 0.0019503300169688696 -0.0027606228486530839 -2.2300449169721077e-06 -0.0029097016256921958 -0.00076228362351972326 -0.00019978249255897166 0.0020666765482797323 -0.00014092300440496502 0.0007911551447539163 0.0037295710841449455
leaf_weight=2188 14079 5368 123683 3901 6263 5516 3313 2302 7430 2092 3607 9930 5715 3180 3488 2766 32725 3226 15522 5762 4859 2176 2395 3730 9615 7258 2043 51149 7792 2540
leaf_count=2188 14079 5368 123683 3901 6263 5516 3313 2302 7430 2092 3607 9930 5715 3180 3488 2766 32725 3226 15522 5762 4859 2176 2395 3730 9615 7258 2043 51149 7792 2540
internal_value=0.000112912 0.000841571 7.07359e-05 0.000321241 -0.000100698 0.000285933 0.00115892 0.00195983 0.000121594 -2.38955e-05 0.00107047 0.000799099 -0.000300833 0.00146017 0.00112209 5.49327e-05 3.88231e-05 0.000556682 0.00112048 0.00129804 0.0028405 -0.000817156 0.00195116 -0.000145923 -0.000907675 1.96715e-05 -0.000265178 -0.000241074 0.000808578 0.00151644
internal_weight=355613 19447 336166 136581 199585 75902 16737 10474 107853 94169 28728 24827 9322 15505 13684 6254 59165 26440 18748 7950 7161 7692 12325 86219 15388 70831 11658 53241 17590 10332
internal_count=355613 19447 336166 136581 199585 75902 16737 10474 107853 94169 28728 24827 9322 15505 13684 6254 59165 26440 18748 7950 7161 7692 12325 86219 15388 70831 11658 53241 17590 10332
is_linear=0
shrinkage=0.05


Tree=160
num_leaves=31
num_cat=0
split_feature=65 7 57 28 58 37 55 59 47 9 58 30 60 23 8 59 5 7 20 59 2 41 43 60 58 7 41 65 13 54
split_gain=4.63781 4.44377 4.25417 5.44174 6.19686 6.71482 5.78093 5.78751 6.29273 6.4779 6.23315 6.26593 5.40156 6.71411 5.80387 7.82244 6.08341 6.24416 6.00618 7.37099 5.79128 7.06642 6.56862 6.41396 5.84999 5.81947 5.66324 5.36511 7.14501 5.35373
threshold=0.27236160635948187 -0.41368263959884638 0.93543586134910595 -2.1827509403228755 1.3210809826850893 -0.050392705947160714 -0.066793296486139284 0.36450000107288366 -0.16859581321477887 -0.47445371747016901 1.0703098773956301 -0.22691620886325833 0.24499999731779101 0.99985027313232433 0.53168049454689037 0.92649999260902416 -0.69355678558349598 1.3258701562881472 1.2915123105049136 0.83550000190734874 0.20302312821149829 0.6078576147556306 0.2333333417773247 0.50499999523162853 -0.74361050128936756 -0.59870630502700795 0.6078576147556306 0.099672809243202223 -8.3382277488708478 1.1600164175033572
decision_type=2 2 2 2 2 2 2 2 2 2 2 2 2 2 2 2 2 2 2 2 2 2 2 2 2 2 2 2 2 2
left_child=2 -2 12 4 5 -4 7 10 9 -9 -5 -12 13 -1 15 20 -16 18 26 -20 21 27 24 -23 -22 -26 -18 -14 -29 -19
right_child=1 -3 3 6 -6 -7 -8 8 -10 -11 11 -13 14 -15 16 -17 17 29 19 -21 22 23 -24 -25 25 -27 -28 28 -30 -31
leaf_value=-0.0005680453688244278 -0.00058646446410982303 0.0021531108999450778 0.0023080513483033759 0.00020880148709843607 -0.0028137049929443593 -0.0013093092786517066 0.00090874923520171513 0.0039149526884319219 -0.00039465952601608345 0.00064162760296052296 -0.0041664762123660238 -0.00044213643507379588 0.0010844725097532825 0.0020121997093374877 0.0010143804484394005 -0.00085343609391626415 -0.0008394986930668069 0.001076414719896554 -0.002118119977229398 0.00063266545993556232 0.00091909919474409969 -0.0012579142226200803 0.00023943482583622827 0.00044021816303366771 -0.0035542741582415441 -0.00089113061479547935 0.00089890165267150041 -0.002462172300190532 0.00057303602846270774 -0.0015668003700742734
leaf_weight=67743 2142 4755 2102 4642 2725 3258 36224 2090 9156 5412 2369 2155 49442 2609 6758 15852 17025 8439 13237 2979 2936 8427 37067 16301 2793 7690 6453 2539 8092 2468
leaf_count=67743 2142 4755 2102 4642 2725 3258 36224 2090 9156 5412 2369 2155 49442 2609 6758 15852 17025 8439 13237 2979 2936 8427 37067 16301 2793 7690 6453 2539 8092 2468
internal_value=1.96662e-05 0.00130266 -5.72645e-06 0.000342341 -0.000877048 0.000110946 0.000501346 -7.0259e-05 0.000484933 0.00155755 -0.00107868 -0.00239728 -9.32774e-05 -0.000472085 3.45574e-05 0.000197071 -0.000393619 -0.000581827 -0.000872934 -0.0016127 0.000320216 0.000572607 -0.000103754 -0.000138759 -0.00105121 -0.00160339 -0.000361515 0.000865403 -0.000153495 0.000477429
internal_weight=355880 6897 348983 70133 8085 5360 62048 25824 16658 7502 9166 4524 278850 70352 208498 151139 57359 50601 39694 16216 135287 84801 50486 24728 13419 10483 23478 60073 10631 10907
internal_count=355880 6897 348983 70133 8085 5360 62048 25824 16658 7502 9166 4524 278850 70352 208498 151139 57359 50601 39694 16216 135287 84801 50486 24728 13419 10483 23478 60073 10631 10907
is_linear=0
shrinkage=0.05


Tree=161
num_leaves=31
num_cat=0
split_feature=23 14 27 13 55 23 55 30 52 8 52 72 29 29 70 29 6 55 0 39 31 31 4 30 68 10 2 23 49 54
split_gain=5.86376 9.20505 5.60925 5.73374 8.29157 6.35086 5.68568 5.32949 4.95552 6.91258 5.9726 5.72793 6.17662 4.78013 4.70707 7.46908 4.68704 8.77438 6.37262 5.88761 6.44957 5.44039 4.77229 4.52048 4.62007 4.46476 4.26834 6.94329 4.05007 4.03412
threshold=0.99985027313232433 -8.0731248855590803 0.73592591285705578 -8.9858884811401349 -0.1272294148802757 0.94780287146568309 1.5543113350868227 0.029768733307719234 -0.26689597964286799 1.4489647746086123 -0.40846711397171015 19.000000000000004 -0.21842206269502637 0.79945015907287609 2.3520646095275883 0.68866494297981273 -0.92405959963798512 -0.60787236690521229 0.26373188197612768 0.52620890736579906 -0.45848535001277918 -0.30794793367385859 -0.24198217689990995 -0.26400499045848841 -0.38310328125953669 0.64072072505950939 0.68983668088912975 0.82248359918594371 -1.2081079483032224 0.44751293957233435
decision_type=2 2 2 2 2 2 2 2 2 2 2 2 2 2 2 2 2 2 2 2 2 2 2 2 2 2 2 2 2 2
left_child=2 -2 3 4 -1 6 7 8 10 -10 11 12 -5 29 16 -16 22 18 -18 20 -19 -21 -4 24 -3 -17 27 -23 -22 -9
right_child=1 23 14 5 -6 -7 -8 13 9 -11 -12 -13 -14 -15 15 25 17 19 -20 21 28 26 -24 -25 -26 -27 -28 -29 -30 -31
leaf_value=-0.0030923215292112112 0.002817213115878037 0.0003974397611644697 0.0027684640785075433 0.0018053786957172907 0.00056280528507606246 -0.0011398565654595833 0.0016903060737192572 -0.00032352962510309155 0.00058932569325061655 -0.0017266658142736438 -0.0012685141083547894 -0.00022424397735450619 -0.00011387791508714035 -0.0020313351355306991 0.0024846368002908793 -0.0014729579525065066 -0.0012575022921862437 0.0011827308167786698 -0.004842478323868772 -0.0014344161996351823 -0.0031525647643535063 0.0011935288252377084 -0.00050839020320355018 0.0014054293396809237 -0.0026635028357281463 0.0013715593138006335 0.0019922747714849354 -0.0017482479855895365 -0.00096190946425978919 0.00043363305216469032
leaf_weight=3339 4795 2952 2022 8934 2886 9426 6081 59000 102440 3317 8647 33571 7888 3313 3429 3794 3205 3334 2022 3665 2288 5323 2446 3772 2104 2155 4478 3205 26170 25054
leaf_count=3339 4795 2952 2022 8934 2886 9426 6081 59000 102440 3317 8647 33571 7888 3313 3429 3794 3205 3334 2022 3665 2288 5323 2446 3772 2104 2155 4478 3205 26170 25054
internal_value=3.93003e-05 0.00105616 -1.30169e-06 9.93351e-05 -0.00139957 0.000134245 0.000180792 0.000144324 0.000311685 0.00051653 -5.52746e-05 0.000153117 0.000905888 -0.000171361 -0.000409394 0.000629629 -0.000577016 -0.000706533 -0.0026509 -0.000496318 -0.0008953 0.000264632 0.000977426 9.75227e-05 -0.000879082 -0.000441971 0.000744146 8.71951e-05 -0.00113908 -9.78172e-05
internal_weight=355055 13623 341432 273896 6225 267671 258245 252164 164797 105757 59040 50393 16822 87367 67536 9378 58158 53690 5227 48463 31792 16671 4468 8828 5056 5949 13006 8528 28458 84054
internal_count=355055 13623 341432 273896 6225 267671 258245 252164 164797 105757 59040 50393 16822 87367 67536 9378 58158 53690 5227 48463 31792 16671 4468 8828 5056 5949 13006 8528 28458 84054
is_linear=0
shrinkage=0.05


Tree=162
num_leaves=31
num_cat=0
split_feature=55 32 34 54 11 3 52 53 48 5 1 47 35 12 26 58 5 68 72 53 55 54 11 25 9 29 49 27 62 25
split_gain=3.78393 8.35745 4.51634 5.76459 5.45023 3.90981 3.8101 5.81177 5.76335 4.83575 4.67512 7.69229 4.05149 7.09559 8.06289 5.50601 7.2338 4.35846 5.03407 5.24411 4.14999 4.13866 6.65068 4.44695 4.05805 4.50562 3.88012 3.82639 7.47314 5.2085
threshold=-1.8413338065147398 -1.1145442724227903 -0.68119516968727101 -0.86577779054641713 0.0201939269900322 -0.74651381373405445 -0.24869330227375028 -1.8749736547470091 1.996468782424927 0.088096581399440779 -1.1280637383460996 -0.52936398983001698 0.018856624141335491 -7.062189817428588 -3.7516020536422725 0.79495650529861461 -0.80943942070007313 -0.72226187586784352 17.000000000000004 -0.40322664380073542 -0.32574482262134546 0.24407221376895907 -1.6338538527488706 0.24210660159587863 0.30834580957889562 0.17693708837032321 0.29755793511867529 -0.98329651355743397 0.45833332836627966 0.065396178513765349
decision_type=2 2 2 2 2 2 2 2 2 2 2 2 2 2 2 2 2 2 2 2 2 2 2 2 2 2 2 2 2 2
left_child=1 -1 3 -2 5 -5 8 9 10 -8 11 -4 13 14 -12 16 20 -18 19 -19 -14 22 -16 -23 -21 -26 -13 28 -9 -29
right_child=2 -3 6 4 -6 -7 7 27 -10 -11 12 26 15 -15 21 -17 17 18 -20 24 -22 23 -24 -25 25 -27 -28 29 -30 -31
leaf_value=0.0017813234032329696 0.0022572825527853251 -0.0017751785311083722 0.0014272921853890419 0.0004605719757603182 0.0017931349680985918 -0.0025229991698882386 0.00066089492846683193 -0.0017549223159382045 -0.0022316269436641624 0.0035463045036165722 0.0023240745574921321 -0.0010308878383838737 0.0033749066773676203 0.0011104449763388376 0.0011346944359698894 -0.00050243535100204511 -0.001642403880138281 0.0015719661875499551 0.00091549232880623025 0.00057784575941130707 0.00061930368690250013 0.0023125881903493452 -0.0012279772241846239 -0.00053481206080007078 -0.00054569365159725096 -0.0037564820676455691 -0.0032923471952011302 0.0019557179596929805 0.0009203521802739591 0.00011062264928899326
leaf_weight=2131 5197 7234 2237 2195 2794 2182 4475 7279 3421 2144 2196 5077 3312 6888 3292 16602 2645 2198 19778 2056 2330 2041 30580 4129 2245 2126 3032 3891 4059 196115
leaf_count=2131 5197 7234 2237 2195 2794 2182 4475 7279 3421 2144 2196 5077 3312 6888 3292 16602 2645 2198 19778 2056 2330 2041 30580 4129 2245 2126 3032 3891 4059 196115
internal_value=2.63348e-05 -0.000964862 5.31501e-05 0.000991014 7.14521e-05 -0.00102914 1.84079e-05 0.000141675 -0.000212833 0.00159947 -0.000151395 -0.0011638 -4.90207e-05 -0.000376522 -0.000619216 0.000252893 0.000594718 0.00029511 0.000476053 -0.000531518 0.00224002 -0.000781173 -0.000998083 0.000409309 -0.00125222 -0.00211239 -0.00187947 9.59452e-05 -0.000797208 0.000146614
internal_weight=355881 9365 346516 12368 7171 4377 334148 217963 116185 6619 112764 10346 102418 49126 42238 53292 36690 31048 28403 8625 5642 40042 33872 6170 6427 4371 8109 211344 11338 200006
internal_count=355881 9365 346516 12368 7171 4377 334148 217963 116185 6619 112764 10346 102418 49126 42238 53292 36690 31048 28403 8625 5642 40042 33872 6170 6427 4371 8109 211344 11338 200006
is_linear=0
shrinkage=0.05


Tree=163
num_leaves=31
num_cat=0
split_feature=34 18 54 40 31 12 58 31 28 64 17 39 63 8 11 14 58 17 34 56 21 8 63 68 54 31 35 33 72 58
split_gain=4.21151 7.72619 3.46949 9.77941 7.71311 6.59924 5.98607 5.33313 7.55771 4.78651 6.86651 5.94897 6.56369 5.95124 5.4493 5.5204 7.08139 4.75085 5.01384 4.76054 6.84023 4.99609 5.20313 4.53431 4.51628 6.84794 7.13201 6.72208 6.20257 5.55386
threshold=1.0690566897392275 2.0641278028488164 -0.47557674348354334 0.52620890736579906 -0.31974877417087549 -6.883415460586547 1.2551297545433047 0.18826847523450854 -0.44625735282897944 -0.033696494996547692 0.063682276755571379 -0.94116705656051625 -0.021294447593390938 -0.12250901013612746 -1.429188013076782 -7.6028189659118643 0.43689993023872381 -0.72986105084419239 -0.19073288887739179 -0.53304225206375111 0.70832315087318432 -0.64754503965377797 -0.34417195618152613 -0.53113862872123707 0.020349524915218357 0.54730811715126049 0.21203774958848956 0.37633329629898077 19.000000000000004 2.0771739482879643
decision_type=2 2 2 2 2 2 2 2 2 2 2 2 2 2 2 2 2 2 2 2 2 2 2 2 2 2 2 2 2 2
left_child=2 -2 3 4 -1 6 9 17 -9 11 14 -6 -13 -14 -11 16 -16 -5 19 21 23 22 -19 -21 25 26 29 -28 -27 -4
right_child=1 -3 24 7 5 -7 -8 8 -10 10 -12 12 13 -15 15 -17 -18 18 -20 20 -22 -23 -24 -25 -26 28 27 -29 -30 -31
leaf_value=0.00062358989632234937 -0.0038384864934409208 0.00047036871687984719 -0.00030609774373325621 -0.0017535978975500345 0.0015082224849258896 0.0015281740794736271 0.0010496954113184864 0.0029945729844209489 -0.00038793928156498738 -0.0028612602772604772 -0.0034598274561409102 -0.0016638275181419483 0.0017859467430562396 -0.0010231431552012965 -0.00014801505604944654 0.0013240064108276815 -0.0035201098262966678 0.003197766687592694 -0.00020608902317262027 0.0015699976848691354 0.0029467093531578945 0.0041076168894161628 -0.00014683827718396119 -0.0012971677492297426 -1.7239285782678076e-05 -0.0010645973019443697 -0.0027636947419615748 0.00010047202289356196 0.0020231996603319621 -0.0023167096219959332
leaf_weight=20954 2048 2100 57568 2091 3392 3554 4305 5625 2333 3052 3640 9399 3592 3947 4940 3048 2264 2024 9105 2036 2069 2347 2713 4221 172533 2443 6694 2949 4825 3643
leaf_count=20954 2048 2100 57568 2091 3392 3554 4305 5625 2333 3052 3640 9399 3592 3947 4940 3048 2264 2024 9105 2036 2069 2347 2713 4221 172533 2443 6694 2949 4825 3643
internal_value=-7.92175e-05 -0.00166117 -6.04921e-05 0.00018746 -0.000168978 -0.000537002 -0.000713849 0.000868828 0.0020037 -0.000917759 -0.00153817 -0.000400176 -0.000783016 0.000315857 -0.0010102 -0.000456889 -0.00121117 0.000528756 0.000724064 0.00127342 0.000461865 0.00222527 0.00128595 -0.000363188 -0.000160061 -0.000475442 -0.000625394 -0.00188859 0.000985259 -0.000426119
internal_weight=355454 4148 351306 100651 66087 45133 41579 34564 7958 37274 16944 20330 16938 7539 13304 10252 7204 26606 24515 15410 8326 7084 4737 6257 250655 78122 70854 9643 7268 61211
internal_count=355454 4148 351306 100651 66087 45133 41579 34564 7958 37274 16944 20330 16938 7539 13304 10252 7204 26606 24515 15410 8326 7084 4737 6257 250655 78122 70854 9643 7268 61211
is_linear=0
shrinkage=0.05


Tree=164
num_leaves=31
num_cat=0
split_feature=33 56 64 34 41 54 20 70 0 47 41 40 22 28 13 71 66 65 71 0 21 11 55 43 30 22 56 55 57 11
split_gain=5.23526 6.91902 5.02909 6.27323 9.21514 10.1324 7.33387 5.75788 7.11289 6.14838 5.44203 5.14343 4.68649 7.02886 5.33033 7.28999 5.24489 4.85368 5.0646 4.569 3.9131 8.99193 8.0697 6.60152 6.12651 6.07191 5.78602 5.59671 5.53303 5.74311
threshold=-1.2351192235946653 -2.0990827083587642 3.1855032444000249 0.57821097970008861 0.6078576147556306 0.95064809918403637 1.5272266268730166 2.3520646095275883 1.1429260373115542 0.66364225745201122 -1.0000000180025095e-35 -0.98835211992263783 1.7320137619972231 -0.75842562317848194 -8.1488375663757306 -0.43833941221237177 -0.038165660575032227 0.060857806354761131 -0.38978777825832361 -0.88424351811408985 0.20005327463150027 2.5286265611648564 -0.82681891322135914 0.30000001192092901 -1.3636287450790403 1.7589904069900515 0.48249736428260809 -1.3522417545318601 1.3103447556495669 -0.82270050048828114
decision_type=2 2 2 2 2 2 2 2 2 2 2 2 2 2 2 2 2 2 2 2 2 2 2 2 2 2 2 2 2 2
left_child=-1 19 3 7 12 6 -6 11 9 10 -9 -3 17 -14 -15 -16 -17 18 -5 -2 21 23 25 -13 -25 -22 27 -27 29 -24
right_child=1 2 -4 4 5 -7 -8 8 -10 -11 -12 20 13 14 15 16 -18 -19 -20 -21 22 -23 28 24 -26 26 -28 -29 -30 -31
leaf_value=0.0022187697126319393 -0.00042989686299356233 0.0010170469552213586 0.0022344614769325643 -0.0020221462516351982 0.0038644398715257213 -0.0012854296647512458 0.00044924183894181626 -0.0020919307803684037 0.0039593088243031743 0.0029428810157554708 0.001118169283989573 0.0011229251029844366 -0.0040254828525682837 0.0010383664524078377 -0.0041338307836263589 -0.0027181985293439357 0.00014380429564712915 0.0015648797012391216 0.00092564677857723352 -0.0032887410557322044 -0.0015531591104938161 -0.0026481285939325312 0.00054604721292024288 -0.0011273847565098506 0.00036707007588424528 -0.00056463605729728224 -0.0019948391672643777 0.0022107830117953781 0.00079364542108266477 -0.00019659776814153203
leaf_weight=2812 3222 14547 2690 4151 2693 4153 3764 2305 2040 2065 3063 24684 2650 2200 2294 2490 4448 2609 2235 2463 14712 2403 32576 8169 42448 3766 2543 3493 22238 129445
leaf_count=2812 3222 14547 2690 4151 2693 4153 3764 2305 2040 2065 3063 24684 2650 2200 2294 2490 4448 2609 2235 2463 14712 2403 32576 8169 42448 3766 2543 3493 22238 129445
internal_value=7.37558e-05 5.65848e-05 8.49636e-05 6.80996e-05 -0.000579863 0.000639339 0.00187738 0.000138416 0.00135151 0.000631438 -0.000261563 0.000100197 -0.00114044 -0.00170961 -0.00116972 -0.00169647 -0.000885782 -0.00024849 -0.000990631 -0.00167208 5.36066e-05 0.000356484 -5.9134e-05 0.000452705 0.000125707 -0.000911194 5.29436e-05 0.000772088 5.42682e-05 -4.72568e-05
internal_weight=355371 352559 346874 344184 33687 10610 6457 310497 9473 7433 5368 301024 23077 14082 11432 9232 6938 8995 6386 5685 286477 77704 208773 75301 50617 24514 9802 7259 184259 162021
internal_count=355371 352559 346874 344184 33687 10610 6457 310497 9473 7433 5368 301024 23077 14082 11432 9232 6938 8995 6386 5685 286477 77704 208773 75301 50617 24514 9802 7259 184259 162021
is_linear=0
shrinkage=0.05


Tree=165
num_leaves=31
num_cat=0
split_feature=67 27 40 60 61 25 23 72 45 55 35 41 56 24 11 54 11 2 35 68 6 41 48 31 45 19 67 25 31 39
split_gain=4.28926 5.53576 5.14834 4.21756 4.74121 4.21628 4.18561 5.18307 5.14936 4.50829 4.71797 4.22908 5.12036 4.8851 4.70492 6.5124 4.64445 4.43156 4.26566 4.45607 5.16858 4.06133 3.87489 4.49092 3.63396 3.60396 3.54577 3.36864 3.30968 3.69409
threshold=2.4457459449768071 -0.97400841116905201 -0.99952408671379078 0.73500001430511486 0.2333333417773247 0.14297994971275332 0.43667829036712652 17.000000000000004 0.70786583423614513 -0.20484872907400128 0.10002895072102548 1.0000000180025095e-35 1.2251237630844118 2.2024577856063847 0.038864359259605415 0.96640944480896007 -0.17477236688137052 -0.4841006994247436 -0.067357454448938356 -0.051538439467549317 0.65350887179374706 -0.60785761475563038 -0.37713791429996485 -0.41765531897544855 2.3083896636962895 0.24396488070487979 -0.41909280419349665 0.46228919923305517 -0.8438228666782378 -0.45786954462528223
decision_type=2 2 2 2 2 2 2 2 2 2 2 2 2 2 2 2 2 2 2 2 2 2 2 2 2 2 2 2 2 2
left_child=2 -2 -1 24 26 -3 7 22 9 10 21 14 13 -13 16 18 17 -8 -16 20 -20 -9 -6 -24 28 -25 -5 -11 -4 -30
right_child=1 5 3 4 6 -7 11 8 -10 27 -12 12 -14 -15 15 -17 -18 -19 19 -21 -22 -23 23 25 -26 -27 -28 -29 29 -31
leaf_value=0.001886065951373422 0.0030668102277360766 -0.0016974024136599394 0.0014674268861452388 -0.0029272172019159776 0.0029260888436024989 0.00078382919297711844 0.0018090823162456708 0.0020110786255421254 -0.0013547785750080716 0.00054489588225869676 0.0025515296056830682 0.00059102523923077691 0.0024265868003492085 -0.0015512056457749703 0.00032863604960968375 0.00072986031835259443 0.0022582627618869633 -0.00070238095698891753 -0.0040452289903527786 -0.00036809529878435899 -0.0010864768020333627 -4.886109916936603e-05 0.0028698144393446011 -0.0015386912006808563 0.001398952579639696 0.0012833693923660124 -6.5925879289703158e-05 -0.0022075054523238782 2.9252926763020971e-05 -0.00037938735621640914
leaf_weight=3321 2263 2028 2873 2018 3773 10707 2220 3331 3874 2321 3848 14933 3031 3228 2177 3905 2416 8263 3705 2513 2465 8429 2027 2003 3520 2573 2324 2118 84965 158412
leaf_count=3321 2263 2028 2873 2018 3773 10707 2220 3331 3874 2321 3848 14933 3031 3228 2177 3905 2416 8263 3705 2513 2465 8429 2027 2003 3520 2573 2324 2118 84965 158412
internal_value=-3.35501e-05 0.0007937 -7.0001e-05 -8.93174e-05 0.000209406 0.000387681 0.000293572 0.000716876 0.000311775 0.000634345 0.00103409 -3.67315e-06 0.000527693 0.000209613 -0.000410769 -0.00101994 0.000286777 -0.000169308 -0.00164922 -0.00214492 -0.00286684 0.000535826 0.0016496 0.000916886 -0.000193965 4.74395e-05 -0.00139942 -0.00077038 -0.000216791 -0.000236732
internal_weight=355584 14998 340586 337265 87495 12735 83153 34297 23921 20047 15608 48856 21192 18161 27664 14765 12899 10483 10860 8683 6170 11760 10376 6603 249770 4576 4342 4439 246250 243377
internal_count=355584 14998 340586 337265 87495 12735 83153 34297 23921 20047 15608 48856 21192 18161 27664 14765 12899 10483 10860 8683 6170 11760 10376 6603 249770 4576 4342 4439 246250 243377
is_linear=0
shrinkage=0.05


Tree=166
num_leaves=31
num_cat=0
split_feature=2 15 71 15 58 16 8 39 16 10 33 11 62 26 6 54 28 29 55 24 15 54 56 50 28 6 23 11 39 15
split_gain=4.93977 4.91884 6.49379 5.98566 6.06117 5.8975 6.29688 5.66265 5.61269 6.35436 4.61957 4.69937 4.57453 5.97131 4.88486 8.0075 7.3673 6.26463 5.90986 5.71921 5.74355 5.4619 6.38781 7.45128 5.70946 9.02375 6.63161 6.58253 8.07428 6.9505
threshold=-2.786008238792419 -6.8366746902465811 -0.34336344897747034 -7.0046696662902823 0.88409465551376354 -0.28669098019599909 -0.33461964130401606 0.99975252151489269 -0.22988131642341611 0.064907375723123564 -0.41229183971881861 -1.1076439023017881 0.60833334922790538 -0.57259327173233021 1.0844458937644961 1.0662921667099001 0.21093177795410159 0.28060181438922888 0.7833559811115266 1.5849776864051821 -7.5954668521881095 1.3956828713417055 0.78126469254493724 -0.9636234939098357 -1.6541438698768614 -1.1495782136917112 0.99611544609069835 -0.11645156890153883 0.9824410378932954 -7.9067268371582022
decision_type=2 2 2 2 2 2 2 2 2 2 2 2 2 2 2 2 2 2 2 2 2 2 2 2 2 2 2 2 2 2
left_child=-1 3 8 7 10 -4 -7 12 -3 -10 -5 -12 14 -14 21 16 17 -16 -19 -18 -21 24 23 -23 25 -2 -26 28 29 -27
right_child=1 2 5 4 -6 6 -8 -9 9 -11 11 -13 13 -15 15 -17 19 18 -20 20 -22 22 -24 -25 26 27 -28 -29 -30 -31
leaf_value=0.0020935035193674406 0.0029152133931758572 0.00041354938847559428 0.0013221885167330341 -0.0034127316405357677 0.00072483318300119886 0.00095764284284606961 -0.0019234930749856098 -0.0026142632173086176 0.0049168467906762492 0.0011800422939944209 0.00076926981084967175 -0.0016014467452994863 -0.00082187430284168988 0.0025576789415520341 0.00043054231941373923 -0.0019932678328545054 -6.0357506915416678e-05 0.00017287695529290679 -0.0024340114815125371 0.0041728799163403291 0.00040478827494440107 -0.0022741309389623767 0.0026926508733736707 0.00084953926945758099 -0.00021873004420945314 0.0024119872266072226 0.0018300799310012443 -0.00022972469809864695 0.0037651887587984694 0.00018122675433882048
leaf_weight=2725 3301 4172 5056 2491 4077 3012 5088 2106 2156 2414 2732 8820 2002 3734 5814 7963 7064 3148 7008 2022 2018 2230 3745 12923 182619 4205 4027 33749 2132 20363
leaf_count=2725 3301 4172 5056 2491 4077 3012 5088 2106 2156 2414 2732 8820 2002 3734 5814 7963 7064 3148 7008 2022 2018 2230 3745 12923 182619 4205 4027 33749 2132 20363
internal_value=-2.32255e-05 -3.96622e-05 0.000685869 -8.77833e-05 -0.000971003 -1.62361e-05 -0.000852278 -3.64875e-05 0.00174129 0.00294985 -0.00146351 -0.0010406 -1.88953e-05 0.00137876 -4.52826e-05 -0.000600552 -0.000190342 -0.000877877 -0.00162659 0.000798383 0.00229635 2.69815e-05 0.000846411 0.000388646 -3.48942e-05 0.000373599 -0.00017443 0.000234348 0.000820805 0.000563864
internal_weight=354916 352191 21898 330293 18120 13156 8100 312173 8742 4570 14043 11552 310067 5736 304331 35037 27074 15970 10156 11104 4040 269294 18898 15153 250396 63750 186646 60449 26700 24568
internal_count=354916 352191 21898 330293 18120 13156 8100 312173 8742 4570 14043 11552 310067 5736 304331 35037 27074 15970 10156 11104 4040 269294 18898 15153 250396 63750 186646 60449 26700 24568
is_linear=0
shrinkage=0.05


Tree=167
num_leaves=31
num_cat=0
split_feature=46 1 56 33 31 65 11 65 64 55 4 67 31 55 65 54 35 65 37 16 54 8 4 26 67 19 38 12 43 3
split_gain=5.17723 5.48928 6.48952 5.24016 4.88891 8.51408 4.81602 4.77269 4.20737 3.95262 3.76995 3.58747 3.45053 3.42547 5.43819 3.41345 6.30732 3.10473 5.15331 5.03923 5.31346 3.17124 3.1193 4.40368 7.55499 4.20343 7.64255 6.20388 6.64169 7.17475
threshold=1.9960766434669497 -2.8501467704772945 -1.8702500462532041 -0.83360588550567616 -0.6188487410545348 -0.056020537391304963 -0.5234118103981017 -0.11708750203251837 3.1855032444000249 -1.8413338065147398 -0.062650457024574266 0.32265758514404302 -0.1217185966670513 -1.581384479999542 -0.0014120462583377955 0.31362815201282507 -0.34362007677555079 -0.24354821443557736 0.23565538227558139 -0.26974597573280329 -0.0203892458230257 0.048353020101785667 1.9648859500885012 0.82672998309135448 -0.23048356175422666 0.91669395565986644 1.0000000180025095e-35 -9.2425498962402326 0.30000001192092901 1.5579321384429934
decision_type=2 2 2 2 2 2 2 2 2 2 2 2 2 2 2 2 2 2 2 2 2 2 2 2 2 2 2 2 2 2
left_child=1 -1 13 9 5 7 -7 10 17 -4 -5 12 -2 -3 -15 16 -8 18 19 21 -21 -6 25 24 -24 -19 27 -27 29 -29
right_child=11 2 3 4 8 6 15 -9 -10 -11 -12 -13 -14 14 -16 -17 -18 22 -20 20 -22 -23 23 -25 -26 26 -28 28 -30 -31
leaf_value=0.0022858017549105959 -0.0004453778378813677 -0.00028146049893515445 -0.00024127459999761762 0.0020912574661887218 -0.001349613343344591 -0.0015074137183833426 0.002102146297871586 0.0031717408512142494 0.0019865552839306547 0.0024502379143591818 -0.00040961520112430878 0.00019336564455513445 -0.002735819402008535 -0.00019411938236971031 -0.0034751733909606738 0.0018157960596767702 -0.0010800771481412339 -0.00011717575912704596 0.00085756855192630236 -0.0007501871324738016 -0.0035546779287291387 0.0011026393474806212 -8.9057927432106872e-05 0.00037166701427833714 -0.0043166220568204355 0.0030677566764888871 -0.0024940764674194187 -0.00074098396545370252 0.00074721233019163957 0.0022769503109436881
leaf_weight=2599 2782 4572 2116 3213 2584 4251 2222 3873 2478 3820 2825 3361 4027 2116 3127 3296 5140 215550 3742 3352 3408 2671 2216 3106 2011 2188 2262 17085 37619 2216
leaf_count=2599 2782 4572 2116 3213 2584 4251 2222 3873 2478 3820 2825 3361 4027 2116 3127 3296 5140 215550 3742 3352 3408 2671 2216 3106 2011 2188 2262 17085 37619 2216
internal_value=-3.17143e-05 1.01542e-06 -1.63601e-05 2.09789e-05 -5.74411e-06 0.000668718 -8.64988e-05 0.00180372 -6.11059e-05 0.001492 0.000922431 -0.00114304 -0.00180202 -0.00128285 -0.00215388 0.000481123 -0.000118069 -7.80847e-05 -0.000761029 -0.00126543 -0.00216721 -0.000103461 -4.02016e-05 -0.00105734 -0.00210577 -1.323e-05 0.000351818 0.000461131 0.000360411 -0.000393487
internal_weight=355828 345658 343059 333244 327308 24820 14909 9911 302488 5936 6038 10170 6809 9815 5243 10658 7362 300010 15757 12015 6760 5255 284253 7333 4227 276920 61370 59108 56920 19301
internal_count=355828 345658 343059 333244 327308 24820 14909 9911 302488 5936 6038 10170 6809 9815 5243 10658 7362 300010 15757 12015 6760 5255 284253 7333 4227 276920 61370 59108 56920 19301
is_linear=0
shrinkage=0.05


Tree=168
num_leaves=31
num_cat=0
split_feature=36 35 59 40 12 2 11 69 29 56 52 56 1 43 56 11 64 18 55 31 66 1 56 25 13 34 64 4 56 34
split_gain=4.90396 5.94414 6.56633 5.2716 5.53042 5.04261 6.99684 6.87685 6.65137 5.5655 4.97779 4.89326 6.8421 6.42427 7.9128 6.3568 6.54497 5.77256 6.661 6.17221 5.73143 5.67777 8.91458 8.75856 6.7956 7.1419 6.02954 5.47122 7.47675 8.42058
threshold=-0.98107236623764027 0.25449627637863165 0.049499999731779105 0.76322519779205333 -8.2673721313476545 -0.71888098120689381 -0.63653007149696339 0.041240219026803977 -0.85235461592674244 -0.060528980568051331 -1.6727378368377683 -0.67053434252738942 0.065521799027919783 0.30000001192092901 -1.0000000180025095e-35 -0.73178732395172108 0.36354245245456701 1.3866961598396303 1.0000000180025095e-35 0.022464822977781299 -0.47355796396732325 -0.039458584040403359 0.67013707756996166 0.81839591264724743 -8.5901584625244123 0.051563870161771781 -0.31479476392269129 0.50623551011085521 -0.099939715117216096 -0.22417557239532468
decision_type=2 2 2 2 2 2 2 2 2 2 2 2 2 2 2 2 2 2 2 2 2 2 2 2 2 2 2 2 2 2
left_child=1 2 -1 4 -3 6 -2 -8 9 -7 -4 12 20 14 -13 16 -16 -17 -19 -20 -10 22 23 -15 25 -23 -24 28 29 -26
right_child=5 3 10 -5 -6 8 7 -9 11 -11 -12 13 -14 21 15 17 -18 18 19 -21 -22 24 26 -25 27 -27 -28 -29 -30 -31
leaf_value=-0.0028563035285518821 -0.00051140580281127811 -0.0027821228441309871 -0.002462839899529768 -0.0030465653567907057 -0.00021539563096301714 -0.00020069443073859606 0.001118951463275264 -0.00056596148836135019 -0.0011715812743342882 -0.0022920672403797531 8.7523384889901562e-05 0.00072314026599479601 -0.0016577114487712177 -0.00028564370470553555 -7.482416678709378e-05 -0.00048679151073791516 0.0030384060290475226 -0.0033836510384521838 -0.0027435480975558702 2.8809164616017881e-05 0.00075199697208949831 2.6867860791864046e-05 0.0034867087976204964 -0.0026214582674675556 0.0016328424299223892 0.0031055281429811054 0.00040687387840564188 -5.8946332618498229e-05 0.0012181523133214711 -0.00083503434290494957
leaf_weight=2169 13706 2742 2003 3463 8848 6749 31950 7465 6409 6011 38602 14796 10340 22853 9477 33682 2044 4131 3092 5690 9751 3120 2058 4859 4880 4745 6878 42049 28896 11781
leaf_count=2169 13706 2742 2003 3463 8848 6749 31950 7465 6409 6011 38602 14796 10340 22853 9477 33682 2044 4131 3092 5690 9751 3120 2058 4859 4880 4745 6878 42049 28896 11781
internal_value=-6.19434e-05 -0.000483207 -0.000182361 -0.00133739 -0.000824515 1.9978e-05 0.000461438 0.000799775 -7.60324e-05 -0.00118692 -3.88586e-05 -1.4761e-05 -0.000653997 6.78873e-05 -0.000308838 -0.000571653 0.000479666 -0.000831648 -0.00173009 -0.000949303 -1.11402e-05 0.000275797 -0.000253191 -0.000696001 0.000478863 0.00188583 0.00111928 0.000352349 0.000731903 -0.000111648
internal_weight=355239 57827 42774 15053 11590 297412 53121 39415 244291 12760 40605 231531 26500 205031 72912 58116 11521 46595 12913 8782 16160 132119 36648 27712 95471 7865 8936 87606 45557 16661
internal_count=355239 57827 42774 15053 11590 297412 53121 39415 244291 12760 40605 231531 26500 205031 72912 58116 11521 46595 12913 8782 16160 132119 36648 27712 95471 7865 8936 87606 45557 16661
is_linear=0
shrinkage=0.05


Tree=169
num_leaves=31
num_cat=0
split_feature=35 61 55 12 32 24 6 63 65 68 39 30 26 3 43 9 57 5 25 44 53 23 17 54 29 17 10 59 15 20
split_gain=5.10064 6.33728 6.36347 8.29663 6.65087 6.35328 5.2634 7.23578 4.90552 4.34752 4.24417 4.19752 3.81714 6.45885 5.81393 5.49795 4.80523 6.48813 4.74246 4.53787 4.42625 4.14339 4.20626 3.62201 8.80347 5.95059 7.29482 5.18231 8.21558 6.6185
threshold=0.69912385940551769 0.36666667461395269 0.57827934622764599 -7.5704569816589347 0.01999181974679232 2.3544107675552373 1.852096736431122 0.20989984273910525 -0.012265519239008425 -0.14397643506526944 0.99975252151489269 0.36634783446788793 0.95796334743499767 -0.10938281193375586 0.36666667461395269 -0.020669726654887196 0.51456439495086681 -1.6461810469627378 0.65400403738021862 -0.08081533387303351 -0.12000351026654242 0.76010558009147655 0.068973422050476088 0.27369698882102972 -0.45858250558376307 0.041387384757399566 0.73811095952987682 0.23249999433755877 -7.8249537944793692 1.6895184516906741
decision_type=2 2 2 2 2 2 2 2 2 2 2 2 2 2 2 2 2 2 2 2 2 2 2 2 2 2 2 2 2 2
left_child=6 -2 3 4 -3 8 10 -8 -4 -5 12 -10 20 15 -15 16 17 -14 -17 -19 23 -16 -23 27 -25 26 -26 -1 29 -29
right_child=1 2 5 9 -6 -7 7 -9 11 -11 -12 -13 13 14 21 18 -18 19 -20 -21 -22 22 -24 24 25 -27 -28 28 -30 -31
leaf_value=-0.0013087734944417743 -0.0016100322805351411 0.0011802637976157768 0.0021527963336759695 -0.0013763105996734879 0.0049244839235460351 -0.0015042001341136193 0.00076540551438512589 -0.0029355405406978636 -0.0014643639306464722 0.0017263296145522021 -0.0023004091248744573 0.0014652301880714392 0.0017583642352508918 1.4254106748737351e-06 0.0029971148039668483 -0.0025851263485698046 0.0026057850751246706 0.00017553954181129654 0.00021282821982450355 -0.0027699111513835063 2.6895977636867676e-05 0.0024487522674851605 -0.00075431360628157491 0.0011783396430877042 -0.00015389532172378035 0.00085319050607152126 -0.0020141941377659657 -0.00086847769372167731 -3.6184264257169069e-05 -0.0036171790505046537
leaf_weight=18171 2830 2082 4216 2016 2771 3904 2045 3701 2752 2541 2155 2184 3056 6071 4830 3603 2086 2944 2605 2341 171354 2019 2064 11579 14367 6756 8314 10385 47007 2769
leaf_count=18171 2830 2082 4216 2016 2771 3904 2045 3701 2752 2541 2155 2184 3056 6071 4830 3603 2086 2944 2605 2341 171354 2019 2064 11579 14367 6756 8314 10385 47007 2769
internal_value=-6.81703e-05 0.00061596 0.000896956 0.00188743 0.0033239 0.000182184 -0.000120594 -0.00161933 0.000902408 0.000353725 -9.40043e-05 -0.000167784 -7.91816e-05 0.000442461 0.00119506 -0.000235756 0.000465589 -7.21318e-05 -0.00141259 -0.00113192 -0.000135933 0.00200718 0.000831681 -0.000369697 1.09628e-05 -0.000448467 -0.000836398 -0.000568993 -0.00034537 -0.0014494
internal_weight=355518 25296 22466 9410 4853 13056 330222 5746 9152 4557 324476 4936 322321 31619 14984 16635 10427 8341 6208 5285 290702 8913 4083 119348 41016 29437 22681 78332 60161 13154
internal_count=355518 25296 22466 9410 4853 13056 330222 5746 9152 4557 324476 4936 322321 31619 14984 16635 10427 8341 6208 5285 290702 8913 4083 119348 41016 29437 22681 78332 60161 13154
is_linear=0
shrinkage=0.05


Tree=170
num_leaves=31
num_cat=0
split_feature=15 25 73 49 64 72 37 54 74 35 23 43 18 10 25 66 41 71 35 14 40 25 39 53 57 25 13 10 37 23
split_gain=4.03963 4.91834 6.08182 5.0918 4.56035 4.59631 4.35827 4.30272 6.98643 11.8663 8.71226 7.58482 7.19621 6.88267 5.74979 6.01416 5.72012 5.653 9.54083 7.02139 5.79545 5.35975 5.99812 5.31839 5.22368 5.68351 5.19895 5.02318 4.97284 4.86509
threshold=-6.7627723217010489 0.2267914488911629 3.5000000000000004 0.83790728449821483 -0.33503599464893336 17.000000000000004 9.2736931279818412e-14 0.21537114679813388 5.5000000000000009 -0.10755506530404089 0.72513902187347423 0.76666668057441723 1.3794087171554568 0.35488341748714453 0.639543116092682 -0.20281362533569333 -0.87837970256805409 -0.47803090512752527 0.12631019949913028 -7.3686881065368643 0.88900867104530346 0.61409276723861705 0.98554667830467235 1.2442975640296938 1.445329010486603 0.80452340841293346 -8.8526692390441877 -1.1811189651489256 -0.18248961120843885 0.92951092123985302
decision_type=2 2 2 2 2 2 2 2 2 2 2 2 2 2 2 2 2 2 2 2 2 2 2 2 2 2 2 2 2 2
left_child=7 -2 -3 4 -4 -6 -7 8 11 27 13 12 24 -11 21 17 -17 18 -16 -20 -19 22 -9 -18 25 26 -1 -10 -27 -14
right_child=1 2 3 -5 5 6 -8 14 9 10 -12 -13 29 -15 15 16 23 20 19 -21 -22 -23 -24 -25 -26 28 -28 -29 -30 -31
leaf_value=-0.0028136837546168759 0.0029056512848495576 -0.0018365339209601606 -0.00058656880080822354 -0.0011933481045975905 0.0039190000862725539 -0.00035366394565292689 0.0025568942328023231 0.00058687570524089926 0.0038366451242762868 0.0014800870594900853 -0.0020170276722998553 0.00040456625732639687 -0.0011199333895082226 -0.0013490423888650575 0.0028074955697925787 0.001968788369943427 -8.0216183061763481e-05 -0.00061464421687530257 -0.0005874673932625814 0.0023956150102997752 -0.0027074003805318222 0.0022796806917675678 -0.0016485062867482103 0.0020331999683152993 0.0013422133064726247 -0.0012654886695474168 -0.0003473450866271205 0.0011903653932556536 0.0014753011073996981 0.00067653453522925134
leaf_weight=2191 2374 2404 2170 2295 2215 2413 2739 51767 2082 6122 5478 33529 40662 3301 2909 5235 25004 19911 17631 2211 3960 4346 3176 3369 5303 2115 73510 12722 7493 4147
leaf_count=2191 2374 2404 2170 2295 2215 2413 2739 51767 2082 6122 5478 33529 40662 3301 2909 5235 25004 19911 17631 2211 3960 4346 3176 3369 5303 2115 73510 12722 7493 4147
internal_value=4.25732e-05 0.000803613 0.000451282 0.000917274 0.0014259 0.00201867 0.00119566 5.17081e-06 -0.000144291 0.000562738 -0.000433253 -0.000268628 -0.000435322 0.000488627 0.000217978 -5.79577e-05 0.00045184 -0.000425469 0.000138493 -0.000254022 -0.000962803 0.000591322 0.000457382 0.000171358 -0.000178969 -0.000273675 -0.00041909 0.00156487 0.000871285 -0.000953559
internal_weight=354784 16610 14236 11832 9537 7367 5152 338174 198655 29705 14901 168950 135421 9423 139519 80230 33608 46622 22751 19842 23871 59289 54943 28373 90612 85309 75701 14804 9608 44809
internal_count=354784 16610 14236 11832 9537 7367 5152 338174 198655 29705 14901 168950 135421 9423 139519 80230 33608 46622 22751 19842 23871 59289 54943 28373 90612 85309 75701 14804 9608 44809
is_linear=0
shrinkage=0.05


Tree=171
num_leaves=31
num_cat=0
split_feature=34 30 30 57 27 64 20 30 63 22 56 34 10 10 71 22 71 40 63 55 58 14 40 40 57 58 56 22 24 40
split_gain=4.4227 4.40839 6.70729 5.69369 5.55947 7.98247 6.15126 5.45016 6.47438 6.82028 5.34746 8.7647 8.5165 5.15462 8.62719 7.53851 7.62506 7.53016 7.14602 6.36469 5.87774 5.24117 9.33613 5.18737 5.06826 7.03281 9.78107 4.99382 4.98924 5.12561
threshold=1.0690566897392275 -0.53715541958808888 0.010385814588516952 0.56651994585990917 0.61117056012153637 -0.053087420761585229 1.131471633911133 0.20053113996982577 -0.69906359910964955 2.2443000078201298 0.21049639582633975 -0.42470991611480707 -1.1566086411476133 -0.23919117450714109 -0.74263799190521229 2.0309194326400761 -0.32211585342884058 0.3542876690626145 0.71117520332336437 -0.9400438368320464 -0.1448387876152992 -7.0733366012573233 -0.074107784777879701 -0.98835211992263783 1.8906635046005251 1.1248382329940798 -0.62386596202850331 1.5740871429443362 1.0951495170593264 0.88900867104530346
decision_type=2 2 2 2 2 2 2 2 2 2 2 2 2 2 2 2 2 2 2 2 2 2 2 2 2 2 2 2 2 2
left_child=1 13 4 10 6 -6 -3 -5 -9 -10 -4 -12 -13 15 -15 16 17 23 19 -19 -18 24 -23 -1 25 -16 -27 -21 -8 -30
right_child=-2 2 3 7 5 -7 28 8 9 -11 11 12 -14 14 21 -17 20 18 -20 27 -22 22 -24 -25 -26 26 -28 -29 29 -31
leaf_value=0.0018135936786928199 -0.0015625972727360987 0.00019821608315001064 6.5773764448539269e-05 -0.00068513016493059711 0.00096101237925985824 -0.00098677508740281899 0.0026549035969463748 -0.00092238456944423888 0.0008555526536951491 0.0038262998669310517 -0.0030815141295415273 0.0024836962893928353 -0.0007206825379382 -0.0015028074244224539 -0.00015351734657472206 0.0031150549361664511 -0.0037721025722013838 0.0029407780417004628 0.0038216509381444868 0.00071755521849664898 -0.00030024160371219463 0.0039955643963281206 -8.2989925113738464e-05 -0.00041702788655729214 0.0015893049774264778 -0.004158655868214553 -0.00069624014029496053 -0.0017950365690818895 0.001267924612153015 -0.00058485621216374233
leaf_weight=2880 4189 23072 52370 7864 9536 11706 5344 4688 24222 2091 3591 2249 25278 14121 57600 2181 2063 2761 2083 13040 2964 2035 4469 26555 3431 2667 8592 2321 25420 4369
leaf_count=2880 4189 23072 52370 7864 9536 11706 5344 4688 24222 2091 3591 2249 25278 14121 57600 2181 2063 2761 2083 13040 2964 2035 4469 26555 3431 2667 8592 2321 25420 4369
internal_value=5.05103e-05 6.9775e-05 0.000222298 -9.99095e-06 0.000579994 -0.00011233 0.000832634 0.000489845 0.000788025 0.00109299 -0.000242703 -0.000761709 -0.000458073 -0.000135746 -0.000365177 0.000239245 0.000123963 0.000311992 0.00105503 0.000735096 -0.0017297 -0.000161133 0.0011973 -0.000198236 -0.000283501 -0.000377033 -0.00151937 0.000336989 0.00124908 0.000996082
internal_weight=355752 351563 201800 122353 79447 21242 58205 38865 31001 26313 83488 31118 27527 149763 92915 56848 54667 49640 20205 18122 5027 78794 6504 29435 72290 68859 11259 15361 35133 29789
internal_count=355752 351563 201800 122353 79447 21242 58205 38865 31001 26313 83488 31118 27527 149763 92915 56848 54667 49640 20205 18122 5027 78794 6504 29435 72290 68859 11259 15361 35133 29789
is_linear=0
shrinkage=0.05


Tree=172
num_leaves=31
num_cat=0
split_feature=62 0 18 23 39 14 8 14 16 14 71 40 63 25 55 54 55 18 19 19 39 39 71 57 65 66 11 68 3 14
split_gain=5.52916 4.54751 4.45668 7.11698 6.44597 6.09109 5.65402 6.10391 8.31834 7.22881 5.24504 6.32296 6.02481 6.13388 5.59266 5.15993 4.99964 5.49535 4.99923 4.97355 4.53358 5.44019 4.65322 5.11314 4.98314 4.4562 6.35707 4.77324 4.6093 4.44268
threshold=0.22500000149011615 -0.60689100623130787 1.3794087171554568 0.90328025817871105 -0.45009414851665491 -8.5885672569274885 1.7195472717285158 -7.4343910217285147 0.071372888982296004 -7.6865367889404288 -0.50239285826683033 -0.99655601382255543 0.27288214862346655 0.75301015377044689 -0.47955916821956629 0.93588608503341686 0.83526429533958446 0.60611972212791454 0.67332914471626293 0.91669395565986644 -0.98554667830467213 0.23768363147974017 -0.39340315759181971 0.33156570792198187 -0.099743418395519243 0.91924026608467113 0.5637640953063966 -0.19450688362121579 2.0114356279373173 -8.1725707054138166
decision_type=2 2 2 2 2 2 2 2 2 2 2 2 2 2 2 2 2 2 2 2 2 2 2 2 2 2 2 2 2 2
left_child=-1 -2 3 4 15 -4 7 8 9 19 29 -12 13 -13 -14 -3 17 -16 -17 -5 -7 25 24 -24 -23 28 27 -27 -22 -6
right_child=1 2 5 6 10 20 -8 -9 -10 -11 11 12 14 -15 16 18 -18 -19 -20 -21 21 22 23 -25 -26 26 -28 -29 -30 -31
leaf_value=0.002465336151074624 0.00032700674438282938 0.00039308688137554032 0.0016267847511435805 -0.0011145531472594966 -0.00043868604790581141 0.0010291660949960453 -0.0032216937660841174 0.00066919457404086456 -0.0034676434825971028 -0.002389274198060341 0.0022517272774326379 -0.00059476219092858976 0.0018781351968567832 -0.002312234444856729 0.001337620872228062 0.00069446931945725413 0.0016273164277814086 -0.0014675613051478836 0.0032288736845121936 0.0010596882871502125 -0.0010903884808531577 -0.0020120228787183811 -0.00021303924297573138 0.002234436518705198 -8.4672876655991728e-05 0.0011023507991528032 0.001646285684252447 -0.0017400879326096197 -0.003466266392368383 0.00055777086826632588
leaf_weight=2277 81297 49043 3493 4583 15686 4520 2072 7634 2896 3863 2106 28189 3990 6368 2278 4625 2695 7373 3358 6145 30111 4217 4676 3913 16237 2058 3566 5171 2183 38927
leaf_count=2277 81297 49043 3493 4583 15686 4520 2072 7634 2896 3863 2106 28189 3990 6368 2278 4625 2695 7373 3358 6145 30111 4217 4676 3913 16237 2058 3566 5171 2183 38927
internal_value=1.47766e-05 -1.08765e-06 -9.91676e-05 3.16611e-05 0.000155444 -0.000412277 -0.000717555 -0.000509811 -0.0010246 -0.000537663 -7.23111e-05 -0.000426618 -0.000537871 -0.000911827 0.000253267 0.000585171 -0.000272955 -0.000804733 0.00176326 0.00013068 -0.000505397 -0.000601686 -7.27329e-05 0.00090329 -0.000482824 -0.000958113 -7.85392e-05 -0.000930479 -0.00125202 0.00027154
internal_weight=355550 353273 271976 191831 164638 80145 27193 25121 17487 14591 107612 52999 50893 34557 16336 57026 12346 9651 7983 10728 76652 72132 29043 8589 20454 43089 10795 7229 32294 54613
internal_count=355550 353273 271976 191831 164638 80145 27193 25121 17487 14591 107612 52999 50893 34557 16336 57026 12346 9651 7983 10728 76652 72132 29043 8589 20454 43089 10795 7229 32294 54613
is_linear=0
shrinkage=0.05


Tree=173
num_leaves=31
num_cat=0
split_feature=69 10 29 14 15 28 28 71 64 14 0 40 39 59 19 65 13 56 23 39 53 23 66 14 56 18 73 18 34 39
split_gain=4.81998 4.77005 6.69315 8.34576 4.73278 4.35524 5.18106 4.29011 4.74078 4.18874 4.28542 4.56812 4.4506 4.10563 4.01759 3.81637 5.64766 3.82245 4.23699 4.21002 4.37866 3.94644 8.05658 3.98933 4.55213 3.88681 3.8601 4.15769 3.4045 9.52771
threshold=6.0128972530364999 -1.7816802263259885 -0.42761868238449091 -7.2172129154205313 -6.6446421146392813 1.6797575354576113 1.9554068446159365 -0.3454847633838653 0.0048568393103778371 -6.4795331954956046 2.1961196660995488 -0.99952408671379078 0.10018710792064668 0.44850000739097601 0.99291545152664196 -0.30432033538818354 -7.821176052093505 -1.5384531021118162 0.416343703866005 0.99975252151489269 -1.8120155334472654 0.054076790809631355 -0.2297662943601608 -7.4282660484313956 -1.9342152476310728 2.1148930788040166 15.500000000000002 0.8715999722480775 -0.20029461383819577 0.87671843171119701
decision_type=2 2 2 2 2 2 2 2 2 2 2 2 2 2 2 2 2 2 2 2 2 2 2 2 2 2 2 2 2 2
left_child=1 2 -1 13 5 9 -7 -6 -9 10 11 -3 -12 -4 -2 16 -13 18 21 20 26 22 -17 24 -23 -24 27 -19 29 -22
right_child=14 4 3 -5 7 6 -8 8 -10 -11 12 15 -14 -15 -16 17 -18 19 -20 -21 28 23 25 -25 -26 -27 -28 -29 -30 -31
leaf_value=0.0029142792084444857 0.0003134926397671974 0.0018592110916381421 0.0030544111580022228 -0.0018689586530339715 0.0026191076043562342 0.0024416907892281913 -0.00018407920807762075 -0.0011722703339628268 0.0016106185729753385 -0.0019198499415599948 -0.0028893794132222768 0.00048085252161896778 -1.2661223777335517e-05 0.00014826903007306765 0.002875870504212417 0.0021065812056424191 -0.0025406687747981911 -0.00015063455081618622 0.00097867399821993033 -0.0022485551642657158 0.00051779975520736268 -0.0042130149587258177 -0.0029769631547956043 -0.00010818995293874383 -0.0012690270117738864 -3.4174789655233029e-05 -0.0003870504271167885 0.0025744515714056105 -0.00012365581359467692 -0.0010264772462296506
leaf_weight=3287 3594 3108 2257 2947 3053 3753 3749 2831 3308 3077 2712 2654 2657 2622 2657 2367 3687 2009 2898 2048 62773 2471 2216 2179 2816 2263 3114 4597 199546 11868
leaf_count=3287 3594 3108 2257 2947 3053 3753 3749 2831 3308 3077 2712 2654 2657 2622 2657 2367 3687 2009 2898 2048 62773 2471 2216 2179 2816 2263 3114 4597 199546 11868
internal_value=3.04722e-05 5.79503e-06 0.00102459 0.000228188 -2.77552e-05 -5.90758e-05 0.00113101 0.00109063 0.00032747 -8.6918e-05 -6.91216e-05 -4.50431e-05 -0.00146843 0.00149613 0.00140549 -6.42247e-05 -0.00127726 -3.88116e-05 -0.000762292 4.75569e-06 2.10889e-05 -0.00111525 -0.000247529 -0.00190952 -0.00265032 -0.00149352 0.00106343 0.00174673 -1.59e-05 0.000272153
internal_weight=355118 348867 11113 7826 337754 328562 7502 9192 6139 321060 317983 312614 5369 4879 6251 309506 6341 303165 17210 285955 283907 14312 6846 7466 5287 4479 9720 6606 274187 74641
internal_count=355118 348867 11113 7826 337754 328562 7502 9192 6139 321060 317983 312614 5369 4879 6251 309506 6341 303165 17210 285955 283907 14312 6846 7466 5287 4479 9720 6606 274187 74641
is_linear=0
shrinkage=0.05


Tree=174
num_leaves=31
num_cat=0
split_feature=57 46 8 11 48 55 43 25 56 40 9 54 62 58 54 59 40 29 65 30 0 51 9 25 55 69 15 14 58 41
split_gain=5.50791 9.13211 7.68576 7.20078 7.92234 6.06518 5.58398 7.13912 6.20125 5.50097 7.57221 6.80847 5.60456 7.82468 6.38962 5.19632 5.17961 4.97423 4.96225 6.66518 4.76752 4.99318 4.64509 6.12095 9.37759 6.15637 6.09894 5.5741 5.21372 5.61191
threshold=0.89098829030990612 1.5488206744194033 -1.3506043553352354 0.35187938809394842 -1.6762062311172483 1.3936959505081179 0.76666668057441723 0.76004433631896984 0.30849198997020727 0.52620890736579906 0.95858392119407665 -1.3638607263565061 0.44166666269302374 0.66396912932395946 0.47903749346733099 0.42450000345706945 -0.99883887171745289 0.52224624156951915 -0.076501354575157152 -0.79367929697036732 1.5617284178733828 -1.3892905712127683 0.46975643932819372 0.071067191660404219 -0.90959510207176197 0.0082960114814341086 -8.1179704666137678 -7.6380555629730216 0.09795736521482469 -0.60785761475563038
decision_type=2 2 2 2 2 2 2 2 2 2 2 2 2 2 2 2 2 2 2 2 2 2 2 2 2 2 2 2 2 2
left_child=3 2 -2 9 -5 6 20 8 -8 11 12 18 -11 14 -14 -7 -13 -12 -1 -20 21 -6 23 27 25 -25 -24 -18 -28 -30
right_child=1 -3 -4 4 5 15 7 -9 -10 10 17 16 13 -15 -16 -17 22 -19 19 -21 -22 -23 26 24 -26 -27 28 -29 29 -31
leaf_value=0.00025028235947704367 0.0034896769978457285 -0.0017599241567098523 0.0004964264524630655 0.0017449913686148504 0.0013682486782219648 0.0024472592223559464 -0.0016397735845642453 -0.003391363651808517 0.00088636467651986156 0.00012133513300675131 -0.00010651758803519219 0.0023301252128896922 0.0018465227752737284 -0.00058644035520333238 -0.00026926483143586451 -0.00034888926214810429 0.0024288389650625967 -0.0028828807274099799 -0.004248956658117667 -0.0010055560632742187 -0.0023294018706115911 -0.0004493981203204365 0.0027737824113020283 -0.00070770528188791068 -5.5596088843574845e-05 -0.0030291264476017608 -0.00026278182418544392 -0.00025185895296779787 -0.00092368781937381724 0.0017887025518146715
leaf_weight=4022 2204 4381 68777 4070 4054 3055 8024 3734 3475 21654 5434 2479 22495 5327 4238 3624 4149 2285 2185 5725 3107 53802 2831 7823 66642 4496 15222 3630 2462 8369
leaf_count=4022 2204 4381 68777 4070 4054 3055 8024 3734 3475 21654 5434 2479 22495 5327 4238 3624 4149 2285 2185 5725 3107 53802 2831 7823 66642 4496 15222 3630 2462 8369
internal_value=7.38634e-05 0.000453033 0.000589847 -2.87844e-05 -0.000406105 -0.000511943 -0.000638604 -0.0014946 -0.000876267 0.000142568 0.000532442 -4.16488e-05 0.000742888 0.00116253 0.00151113 0.000931826 7.33871e-05 -0.000931051 -0.00117938 -0.00190572 -0.000424503 -0.00032182 2.48049e-05 -0.000158081 -0.000289958 -0.00155671 0.000573884 0.0011792 0.000333864 0.00117186
internal_weight=353775 75362 70981 278413 86945 82875 76196 15233 11499 191468 61433 130035 53714 32060 26733 6679 118103 7719 11932 7910 60963 57856 115624 86740 78961 12319 28884 7779 26053 10831
internal_count=353775 75362 70981 278413 86945 82875 76196 15233 11499 191468 61433 130035 53714 32060 26733 6679 118103 7719 11932 7910 60963 57856 115624 86740 78961 12319 28884 7779 26053 10831
is_linear=0
shrinkage=0.05


Tree=175
num_leaves=31
num_cat=0
split_feature=65 34 64 30 69 3 74 48 66 1 5 22 23 22 74 54 11 22 13 30 11 1 69 32 65 24 19 13 64 34
split_gain=8.81479 7.54835 5.40431 5.41093 4.51407 6.97322 5.62687 5.43928 4.65805 4.39453 4.58338 5.31297 4.36415 7.30786 6.14059 9.80474 6.80326 8.68356 8.50743 7.95408 7.93795 6.76631 12.1777 6.68652 6.1057 5.97667 5.82212 5.28436 8.63478 6.8725
threshold=-0.1099201627075672 -0.53107213973999012 -0.92168471217155445 -0.12457082048058508 -0.22311199456453321 -0.30026517808437342 1.5000000000000002 1.4054753780364992 0.3655297458171845 -0.63698190450668324 0.69675904512405407 1.4769062399864199 0.55708003044128429 1.2437365651130678 5.5000000000000009 0.6150231957435609 -0.56010401248931874 1.0331478118896487 -8.8156957626342756 0.71535140275955211 -0.36066712439060206 0.42015498876571661 -0.0520570371299982 0.2110116928815842 -0.060407344251871102 2.1593592166900639 0.045471694320440299 -7.55027151107788 0.2051627114415169 -0.48634786903858179
decision_type=2 2 2 2 2 2 2 2 2 2 2 2 2 2 2 2 2 2 2 2 2 2 2 2 2 2 2 2 2 2
left_child=1 -1 3 -3 5 -4 8 -8 9 -6 11 -11 14 -14 16 27 17 -2 -18 23 26 22 -22 25 -23 -19 -20 28 29 -16
right_child=12 2 4 -5 6 -7 7 -9 -10 10 -12 -13 13 -15 15 -17 18 19 20 -21 21 24 -24 -25 -26 -27 -28 -29 -30 -31
leaf_value=0.0018786529083157115 -0.0035070343484854801 0.00029729230962228359 -0.0013521083590190578 -0.0024289292394301166 0.0032294013868575814 0.00072291848185619114 0.00051271942877390009 -0.0017712448685348646 0.0035612123045880074 0.00057427005362993143 -0.0011608911464046575 0.0033860473958268219 0.00071921278315246052 -0.00012498596637883905 0.003904851392899639 -0.0020834516126874737 -0.0028719572211876139 -0.0012106066413513322 -0.0010397539835578166 -0.0029572089318701941 -0.00074336087532555367 0.00091977560841495748 0.00070767868399366585 0.0014561717403581177 -0.0014755577611350271 0.00083635575012367162 0.0020041125929170143 0.0032495711470755364 -0.0012021560300115191 0.00076500648064536817
leaf_weight=8673 3202 3914 7806 3389 2075 8391 36924 2795 2260 6980 2495 2205 35920 89465 2196 3065 2862 17644 2030 3633 28153 3180 29706 3858 16088 4461 6858 2226 4449 8336
leaf_count=8673 3202 3914 7806 3389 2075 8391 36924 2795 2260 6980 2495 2205 35920 89465 2196 3065 2862 17644 2030 3633 28153 3180 29706 3858 16088 4461 6858 2226 4449 8336
internal_value=4.47791e-05 0.000479089 0.000325674 -0.000969418 0.000457278 -0.000277339 0.000670779 0.000351593 0.00146168 0.00111439 0.000736203 0.00125223 -9.80479e-05 0.000116896 -0.000287908 0.000517595 -0.000422142 -0.00103749 -0.000194972 -0.000769214 -0.000105576 -0.000268682 1.62622e-06 -0.000462027 -0.00107996 -0.000797319 0.00130851 0.000981848 0.000642948 0.00142277
internal_weight=355239 87907 79234 7303 71931 16197 55734 39719 16015 13755 11680 9185 267332 125385 141947 20272 121675 32798 88877 29596 86015 77127 57859 25963 19268 22105 8888 17207 14981 10532
internal_count=355239 87907 79234 7303 71931 16197 55734 39719 16015 13755 11680 9185 267332 125385 141947 20272 121675 32798 88877 29596 86015 77127 57859 25963 19268 22105 8888 17207 14981 10532
is_linear=0
shrinkage=0.05


Tree=176
num_leaves=31
num_cat=0
split_feature=36 16 65 62 29 73 66 7 15 5 71 39 30 58 57 26 1 8 6 66 55 64 40 39 71 58 54 57 19 58
split_gain=5.02769 5.60294 5.19111 4.95229 4.31069 4.24455 3.92526 3.76194 3.88054 6.74473 7.29337 4.29484 3.69339 7.02876 6.16823 5.97358 6.69299 5.80463 5.10041 5.34865 4.83748 6.74913 4.62993 9.08101 11.0875 8.55478 5.226 5.05102 5.0013 4.53416
threshold=0.95024752616882335 -0.60453107953071583 0.02082852274179459 0.60833334922790538 -0.82826745510101307 12.500000000000002 -0.66625303030014027 1.9778953790664675 -6.8874816894531241 -0.99114653468132008 -0.3089222759008407 -0.19508846849203107 -0.53715541958808888 2.0771739482879643 -1.329400300979614 -2.3032996654510494 0.3606929630041123 -1.415871202945709 0.60891649127006542 -0.41122238337993616 -0.66482809185981739 0.13817714154720309 -0.30486139655113215 0.83627820014953624 -0.48156552016735071 1.0192110538482668 0.51089125871658336 0.58870041370391857 0.28574447333812719 0.3608457893133164
decision_type=2 2 2 2 2 2 2 2 2 2 2 2 2 2 2 2 2 2 2 2 2 2 2 2 2 2 2 2 2 2
left_child=3 2 -2 6 -3 -5 -1 8 12 -10 -11 -12 14 15 -8 16 18 -16 19 -14 -15 -22 23 24 25 27 -26 -19 -25 -24
right_child=1 4 -4 5 -6 -7 7 -9 9 10 11 -13 13 20 17 -17 -18 22 -20 -21 21 -23 29 28 26 -27 -28 -29 -30 -31
leaf_value=-0.00060477522577350416 0.00061938380483551718 -0.0014035192667993196 0.003162994970618495 -0.00040150661895357078 0.00032192972027433008 0.0023876099883172672 0.0014431671471024196 -0.0019884889821501646 0.0030545110885620676 0.0015585647039348856 9.0610883242822794e-05 -0.0024141922042480789 0.0027744596709824744 0.0036012586489604899 0.0018148824295875846 -0.00014093008080762442 -0.00096195167408570431 0.0011484777881344229 -0.00072872693528098576 -6.6309170934426437e-06 -0.00055722631180373276 0.0027766526991602333 -0.0006375229996787757 -0.0049561793717042809 -0.0030151069134695544 -0.0022677962168055942 -0.00024069818921287423 -0.001223922990935425 -0.0015602791680895069 0.00030738421315932652
leaf_weight=38051 5345 3878 3207 2179 52490 3626 4559 2491 2566 6047 4994 2593 6641 2018 2742 116569 3517 10496 2015 2336 3749 2538 30052 2005 5591 3105 2438 2844 2377 21969
leaf_count=38051 5345 3878 3207 2179 52490 3626 4559 2491 2566 6047 4994 2593 6641 2018 2742 116569 3517 10496 2015 2336 3749 2538 30052 2005 5591 3105 2438 2844 2377 21969
internal_value=-1.36652e-05 0.000384053 0.00157582 -0.000102676 0.000202995 0.00134178 -0.000132216 -5.91741e-05 -3.93777e-05 0.000708077 0.000264549 -0.000767504 -9.26175e-05 6.76007e-05 -0.000345853 -2.18219e-05 0.000934562 -0.000443554 0.00154169 0.00205156 0.00147729 0.0007909 -0.000520337 -0.00102817 -0.000652189 9.16831e-05 -0.00217401 0.00064216 -0.00312183 -0.000238497
internal_weight=355028 64920 8552 290108 56368 5805 284303 246252 243761 16200 13634 7587 227561 139383 88178 131078 14509 83619 10992 8977 8305 6287 80877 28856 24474 16445 8029 13340 4382 52021
internal_count=355028 64920 8552 290108 56368 5805 284303 246252 243761 16200 13634 7587 227561 139383 88178 131078 14509 83619 10992 8977 8305 6287 80877 28856 24474 16445 8029 13340 4382 52021
is_linear=0
shrinkage=0.05


Tree=177
num_leaves=31
num_cat=0
split_feature=65 31 56 22 6 56 34 5 28 59 15 28 5 28 69 68 66 24 5 16 71 12 26 34 3 27 8 66 45 7
split_gain=4.71716 6.15906 5.01817 8.52582 5.54616 6.41171 5.09266 4.82052 6.34295 4.73751 7.60078 7.52432 6.56619 5.46977 7.99648 4.90672 4.95398 4.66813 4.56707 5.93635 5.98838 5.7808 5.23106 5.00281 4.55515 4.46667 6.14258 4.80161 7.45908 7.05973
threshold=-0.051632314920425408 -0.80846264958381642 -1.442809462547302 1.9660296440124514 -1.5749614238739011 -0.41787403821945185 0.021692793816328052 -1.3326565027236936 0.76055234670639049 0.75350001454353344 -6.7863495349884024 -1.061688184738159 -1.0449748635292051 -2.2745715379714961 -0.068441227078437791 -0.43792195618152613 -0.64922782778739918 1.9979255199432375 1.1614414453506472 -0.085745442658662782 -0.72999677062034596 -8.5321888923645002 -1.5300368070602415 1.0000000180025095e-35 -0.80112409591674794 -0.83533808588981617 -0.76341876387596119 -0.48238095641136164 1.8652765750885012 1.1157370209693911
decision_type=2 2 2 2 2 2 2 2 2 2 2 2 2 2 2 2 2 2 2 2 2 2 2 2 2 2 2 2 2 2
left_child=1 -1 3 6 5 -4 17 8 24 11 -11 12 -6 15 -15 16 -14 -2 19 20 -16 -22 23 -21 -3 26 -9 29 -29 -27
right_child=2 7 4 -5 9 -7 -8 25 -10 10 -12 -13 13 14 18 -17 -18 -19 -20 22 21 -23 -24 -25 -26 27 -28 28 -30 -31
leaf_value=0.0025564157306147139 -0.0015185683114415523 0.0034429101532860843 0.0029618802637640749 0.001078574028074151 0.0020665343165367982 -0.00026479404240688833 0.00064092487213105083 0.0010806868161877304 -0.00081801578030356141 0.00012390974329546067 0.003023012893433714 -0.00060892446970532373 -0.0018413768386252374 -0.00086740127958439932 -0.0018152504625968018 -0.0025559730598664937 0.00038418872255346122 -0.004070890472099538 -0.0011104933558903193 -0.00056857114644275791 0.0025398223553044683 0.00030452509121418534 0.0040487379227678155 0.0027089341854532076 0.00050745844673508438 -1.2503516215679136e-05 -0.0011104032319676955 0.00034973475006711539 0.0030316266580317792 -0.0022004384909490356
leaf_weight=2686 8723 3308 3101 3781 4064 3045 2096 4067 2368 46674 2366 83829 3724 10858 2473 3242 7561 2254 3029 2170 3752 12528 2427 2495 2203 40514 14856 64797 2691 4046
leaf_count=2686 8723 3308 3101 3781 4064 3045 2096 4067 2368 46674 2366 83829 3724 10858 2473 3242 7561 2254 3029 2170 3752 12528 2427 2495 2203 40514 14856 64797 2691 4046
internal_value=-3.45396e-05 0.000189438 -0.000182544 -0.00101041 -0.000111791 0.00136541 -0.00161495 0.000143469 0.00134381 -0.000159345 0.000264369 -0.000305528 0.000130581 -1.47762e-05 0.000288791 -0.000844674 -0.000351218 -0.00204589 0.000723725 0.000939039 0.000472509 0.00082093 0.00217026 0.00118639 0.00227252 7.11608e-05 -0.000639164 0.000191169 0.000457105 -0.000211615
internal_weight=355728 141536 214192 16854 197338 6146 13073 138850 7879 191192 49040 142152 58323 54259 39732 14527 11285 10977 28874 25845 18753 16280 7092 4665 5511 130971 18923 112048 67488 44560
internal_count=355728 141536 214192 16854 197338 6146 13073 138850 7879 191192 49040 142152 58323 54259 39732 14527 11285 10977 28874 25845 18753 16280 7092 4665 5511 130971 18923 112048 67488 44560
is_linear=0
shrinkage=0.05


Tree=178
num_leaves=31
num_cat=0
split_feature=16 57 72 37 60 46 55 23 12 53 58 40 16 63 35 15 3 55 27 39 65 8 16 14 14 19 40 71 40 37
split_gain=7.54006 7.45439 6.8923 7.58673 6.14372 5.91571 5.62388 6.13757 5.59894 5.64642 5.4575 5.43302 5.3422 4.9316 4.90896 4.79446 4.73509 5.97372 5.87831 4.96291 4.53434 5.33742 5.29743 5.13009 7.0947 5.71227 4.98088 5.83964 5.7501 5.59784
threshold=0.28845268487930303 -1.3617860674858091 19.000000000000004 0.00060020896489731978 0.57499998807907116 1.9960766434669497 -0.037286898121237748 0.22085499018430713 -9.3176007270812971 -1.1600154042243955 2.0771739482879643 -0.99655601382255543 0.44487728178501135 1.3836213350296023 0.23562946915626529 -7.2589566707611075 0.11695097386837007 -0.32574482262134546 -0.43909829854965204 0.91878247261047374 0.21224681288003924 0.77659696340560924 -0.3199420422315597 -8.2695684432983381 -7.9376995563507071 0.44905938208103185 0.94116705656051647 -0.44897501170635218 0.76322519779205333 -0.39229284226894373
decision_type=2 2 2 2 2 2 2 2 2 2 2 2 2 2 2 2 2 2 2 2 2 2 2 2 2 2 2 2 2 2
left_child=4 -2 3 -3 5 6 15 -8 -9 14 13 -6 -5 -4 -10 16 17 -1 -19 -18 21 26 -22 -23 -25 -26 28 -28 29 -13
right_child=1 2 10 12 11 -7 7 8 9 -11 -12 20 -14 -15 -16 -17 19 18 -20 -21 22 23 -24 24 25 -27 27 -29 -30 -31
leaf_value=-0.00023379351249837264 -0.0019317793502725208 0.0026926674354509194 -0.00012303308162294127 0.0019040879525216361 0.0021265037822056367 -0.0022186841123554447 0.0018164573596986689 0.002409510346529733 0.0023812383036302311 -0.00028547694441365552 0.0027570974944522322 -0.0009404650145201413 -0.00076055832116560034 0.0020519069314399096 -0.00041449167746574497 6.7052969519652435e-05 -0.0011878276472498262 -0.0029485591291818318 -0.0004139353761021113 -0.0036875978863083847 0.0035137135152009677 -0.0028166592017256145 0.00029899036678275592 0.0016954162257224962 0.0003148071399057014 -0.0015027379489099403 -0.0018447332173058492 0.00046903574117464116 0.0013492123484316479 0.00032191298228323651
leaf_weight=33709 2895 7448 26803 3425 3298 4032 4319 2141 3853 81544 2038 10216 4149 2877 2641 20502 14319 4541 4607 2300 2009 2458 3514 3367 7045 11166 6152 4886 11447 62176
leaf_count=33709 2895 7448 26803 3425 3298 4032 4319 2141 3853 81544 2038 10216 4149 2877 2641 20502 14319 4541 4607 2300 2009 2458 3514 3367 7045 11166 6152 4886 11447 62176
internal_value=-4.54926e-05 0.000526115 0.000678734 0.00156062 -0.000138152 -0.000327587 -0.000283761 -2.25968e-05 -0.000110867 -0.000172427 0.0002607 0.000126589 0.00044533 8.84126e-05 0.00124537 -0.000592297 -0.000819555 -0.000541519 -0.00167395 -0.00153579 7.34171e-05 8.31324e-06 0.00147259 -0.000657063 -0.000409867 -0.000799826 0.00017693 -0.00082104 0.000308402 0.00014366
internal_weight=355877 49635 46740 15022 306242 178508 174476 94498 90179 88038 31718 127734 7574 29680 6494 79978 59476 42857 9148 16619 124436 118913 5523 24036 21578 18211 94877 11038 83839 72392
internal_count=355877 49635 46740 15022 306242 178508 174476 94498 90179 88038 31718 127734 7574 29680 6494 79978 59476 42857 9148 16619 124436 118913 5523 24036 21578 18211 94877 11038 83839 72392
is_linear=0
shrinkage=0.05


Tree=179
num_leaves=31
num_cat=0
split_feature=6 51 65 22 59 59 40 21 59 32 64 65 45 5 35 8 66 66 68 13 42 13 22 49 26 8 8 16 54 23
split_gain=3.73862 4.01033 5.87682 4.68393 4.72979 4.43675 4.29315 11.218 4.20352 4.38106 4.15542 4.55451 3.99735 4.57466 4.37274 6.37343 3.97781 3.78316 5.89036 4.27413 4.08094 3.88081 3.77123 3.67278 4.03015 3.92547 4.19603 6.519 4.20099 7.28854
threshold=-2.2984753847122188 0.096180047839880004 -0.051632314920425408 1.2839446067810061 0.37250000238418585 0.29850000143051153 -0.97533303499221791 0.44944551587104803 0.037499999627470977 0.066798519343137755 0.9780138134956361 -0.013681101612746714 1.7445518374443056 -1.6461810469627378 0.80387192964553844 1.4194241166114809 -0.43791311979293818 1.2618553042411806 -0.16511666774749753 -8.104667663574217 -0.56174489110708226 -7.4763586521148673 0.86883923411369335 -1.3818614482879636 0.17737485468387607 -1.0272822380065916 0.26791325211524969 -0.41578444838523859 0.22488860040903094 0.51544204354286205
decision_type=2 2 2 2 2 2 2 2 2 2 2 2 2 2 2 2 2 2 2 2 2 2 2 2 2 2 2 2 2 2
left_child=-1 2 12 4 5 -3 7 -5 9 -4 -8 -12 13 -2 15 17 -7 18 -15 -20 21 -21 -10 -6 25 -25 28 -28 -27 -30
right_child=1 3 8 6 23 16 10 -9 22 -11 11 -13 -14 14 -16 -17 -18 -19 19 20 -22 -23 -24 24 -26 26 27 -29 29 -31
leaf_value=0.0018229134386778566 0.0022000251960460336 0.0007658232426059064 -0.00018937686839193342 0.0014612308597484016 -0.0016353273043211208 0.0010614677271091894 -5.356784899528145e-05 -0.0029367168314431459 -0.0022971104137387882 0.0028343026564611553 -0.00024716506415625375 0.0023264945113436832 0.0018520147459093466 -0.00016686866606571447 0.0019289101383728009 -0.0024364891306671113 0.0041449380116475353 -0.0012208511262294941 -0.00067132543086998906 0.0040328456636481037 0.00068768327822257228 0.0011962160256460399 -0.00040103846872470466 -0.0019925265710844719 0.0017241423191037511 0.0002185468451875818 -0.0021624290854386011 0.00038790143049375573 0.0038473560097970782 0.00013713833043985297
leaf_weight=2768 2483 16849 2941 2293 2561 2133 79741 3911 2675 2010 3020 3975 3360 44773 2883 2691 2060 5477 3599 2128 10655 2794 113649 2051 4456 10602 3764 7449 2569 2721
leaf_count=2768 2483 16849 2941 2293 2561 2133 79741 3911 2675 2010 3020 3975 3360 44773 2883 2691 2060 5477 3599 2128 10655 2794 113649 2051 4456 10602 3764 7449 2569 2721
internal_value=-4.15119e-06 -1.85588e-05 -0.000163963 0.000177163 0.000533039 0.00112891 -4.19534e-05 -0.0013115 -0.000384078 0.00104141 4.89945e-05 0.00121658 0.000166245 9.29129e-05 2.28694e-05 -5.35847e-05 0.00258262 3.91159e-05 0.000147202 0.000880212 0.00123889 0.00242831 -0.000444834 0.000186204 0.000325437 0.000111151 0.00027101 -0.000469362 0.000793364 0.0019428
internal_weight=355041 352273 202118 150155 57215 21042 92940 6204 121275 4951 86736 6995 80843 77483 75000 72117 4193 69426 63949 19176 15577 4922 116324 36173 33612 29156 27105 11213 15892 5290
internal_count=355041 352273 202118 150155 57215 21042 92940 6204 121275 4951 86736 6995 80843 77483 75000 72117 4193 69426 63949 19176 15577 4922 116324 36173 33612 29156 27105 11213 15892 5290
is_linear=0
shrinkage=0.05


Tree=180
num_leaves=31
num_cat=0
split_feature=30 15 32 64 62 7 57 55 15 57 14 11 24 13 13 11 27 24 37 10 54 50 41 10 17 16 17 46 64 15
split_gain=3.71326 12.5247 4.55484 3.13997 7.36536 8.13254 5.26935 4.99855 7.33977 5.03413 4.91626 6.88214 5.7653 5.63475 7.86759 7.21942 5.93878 5.86887 7.92538 5.8145 7.57931 5.47923 5.38067 5.29628 5.25473 5.19062 5.52937 4.94699 4.89138 6.61692
threshold=-2.3019202947616573 -7.4672334194183341 0.051138950511813171 0.068798333406448378 0.35833333432674414 -1.4699273705482481 -0.92344155907630909 -1.0000000180025095e-35 -7.9067268371582022 -0.57507246732711781 -7.1274757385253897 -0.020520194433629509 1.218136787414551 -7.7929134368896475 -8.0759372711181623 1.6632198691368105 0.62035909295082103 1.303084194660187 -0.028887721709907051 0.66431948542594921 0.158238559961319 0.75826561450958263 -1.0000000180025095e-35 1.3571223020553591 -0.0096094552427530271 0.030205303803086284 0.041387384757399566 0.20358583331108096 0.379041537642479 -7.9009611606597892
decision_type=2 2 2 2 2 2 2 2 2 2 2 2 2 2 2 2 2 2 2 2 2 2 2 2 2 2 2 2 2 2
left_child=1 -1 -3 -2 7 -6 -7 9 -9 -5 11 21 -12 14 15 17 25 -13 -19 20 -16 28 -14 -21 -18 26 -15 -24 -8 -30
right_child=3 2 -4 4 5 6 10 8 -10 -11 12 13 22 16 19 -17 24 18 -20 23 -22 -23 27 -25 -26 -27 -28 -29 29 -31
leaf_value=0.0033908773282122148 0.00014799476591443607 -0.001875641984090307 0.001176894825383147 0.00015464386251204016 0.0027548725220225435 -0.00093528054354141427 0.00070668443466980217 -0.0014857915369701081 0.0020518839305174326 -0.0023321047667448185 -0.0012647661965805215 -0.0018725300862731124 -0.00012977489257970861 -0.00034421319428197577 0.0015855797533878232 -0.0029212818484314466 -0.0032608765984056733 -0.0013608748027943531 0.0018003473958228208 0.0033654397852142201 -0.0015128943309812206 0.0016837805567925636 0.00083678463028007556 0.00036119516764347264 -0.0008576969093028726 0.00036772029437485813 -0.002474456355899031 0.0029029335530063442 0.0016574093882936462 -0.0011415759683236699
leaf_weight=3437 192088 2771 2171 2661 2558 16063 16219 3381 2573 8627 3137 3564 6320 8224 3912 3001 4247 3269 5007 3451 3963 6954 7192 2551 4906 10278 4832 4855 2624 10646
leaf_count=3437 192088 2771 2171 2661 2558 16063 16219 3381 2573 8627 3137 3564 6320 8224 3912 3001 4247 3269 5007 3451 3963 6954 7192 2551 4906 10278 4832 4855 2624 10646
internal_value=3.80254e-05 0.00107748 -0.000535007 1.29028e-05 -0.000154496 -3.25377e-05 -8.54698e-05 -0.00112843 4.38795e-05 -0.00174627 2.91629e-05 -0.000121572 0.000713377 -0.000445448 6.48272e-05 -0.000735194 -0.000896404 -0.000179104 0.000551537 0.000920337 2.63684e-05 0.000422341 0.00105174 0.00209129 -0.00197512 -0.000472604 -0.0011339 0.00167117 0.000124403 -0.000587275
internal_weight=355482 8379 4942 347103 155015 137773 135215 17242 5954 11288 119152 97648 21504 61205 28718 14841 32487 11840 8276 13877 7875 36443 18367 6002 9153 23334 13056 12047 29489 13270
internal_count=355482 8379 4942 347103 155015 137773 135215 17242 5954 11288 119152 97648 21504 61205 28718 14841 32487 11840 8276 13877 7875 36443 18367 6002 9153 23334 13056 12047 29489 13270
is_linear=0
shrinkage=0.05


Tree=181
num_leaves=31
num_cat=0
split_feature=64 44 35 9 28 34 71 35 39 52 44 39 14 51 24 54 68 29 35 63 40 3 41 64 66 68 57 15 17 69
split_gain=4.52276 3.79718 5.93303 3.47299 3.20791 2.97522 7.02187 5.22056 5.17044 5.37058 4.3542 4.18053 4.14215 3.12535 4.69783 2.96949 8.94563 6.72864 6.54317 6.1899 6.01911 5.91575 5.71694 6.36383 5.34664 4.97665 8.83502 6.64205 6.26354 5.49517
threshold=3.1855032444000249 1.9388297796249392 -0.26303732395172114 1.0036732554435732 -3.3397591114044185 0.64819467067718517 -0.45418503880500788 0.48882867395877844 0.84103098511695873 -0.44912369549274439 0.49082675576210028 -0.7223570942878722 -7.8831169605255118 2.1652277708053593 1.2609707713127138 0.51089125871658336 0.2453788369894028 -0.45858250558376307 0.27986897528171545 0.13459175825119021 -0.48098418116569513 -0.22560677677392957 0.6078576147556306 0.034015011042356498 -0.038165660575032227 0.36221842467784887 1.2258034348487856 -7.2717719078063956 -0.23523121327161786 -0.00092681130627170194
decision_type=2 2 2 2 2 2 2 2 2 2 2 2 2 2 2 2 2 2 2 2 2 2 2 2 2 2 2 2 2 2
left_child=1 4 -3 -4 -1 13 7 -7 9 -8 11 -11 -9 15 -15 25 17 19 -18 -17 22 -20 24 -24 -19 -6 27 -27 -29 -28
right_child=-2 2 3 -5 5 6 8 12 -10 10 -12 -13 -14 14 -16 16 18 20 21 -21 -22 -23 23 -25 -26 26 29 28 -30 -31
leaf_value=-0.001416128377019116 0.0019905335030207991 0.0013709603999165314 -0.0020883667421504903 0.00016128623375327825 9.4480450374242203e-05 -0.0001729207743621159 0.0016396846520512617 -0.0015002893082711891 0.0024434540244615121 2.3528847213642661e-05 0.00055632902375573289 -0.0025657714282161181 -0.0045216498155963118 -0.0030327021951844042 -5.5353490119793502e-05 0.00012364005012370001 0.0025095672625762172 0.00061293928489744077 -0.0008140561586458899 0.0021222893412979897 -0.00059256085244814029 0.0014971469035058615 0.0010674971472484755 -0.0027091119239052541 0.0032641411949017908 -0.0010901455306996787 0.0035656617191280938 0.0023618276222895462 -0.00037132385462419011 -0.00010203257006174203
leaf_weight=3983 2762 2216 6692 2304 178346 3079 2853 2600 2003 2519 3733 4079 2024 2029 3784 9427 6934 8295 4634 6568 35034 6850 2127 2326 2460 30404 2025 2849 7849 2049
leaf_count=3983 2762 2216 6692 2304 178346 3079 2853 2600 2003 2519 3733 4079 2024 2029 3784 9427 6934 8295 4634 6568 35034 6850 2127 2326 2460 30404 2025 2849 7849 2049
internal_value=-2.1209e-05 -3.70471e-05 -0.000942012 -0.00151266 -7.25333e-06 9.44563e-06 -0.000540762 -0.00176934 8.31411e-05 -0.000277033 -0.000807426 -0.00157868 -0.00282969 4.95719e-05 -0.00109801 7.12531e-05 0.000323434 5.23368e-05 0.00129783 0.000945155 -0.000232032 0.000564638 0.000598347 -0.000906844 0.00122182 -2.42662e-05 -0.000492972 -0.000713209 0.000358072 0.00172528
internal_weight=354837 352075 11212 8996 340863 336880 22890 7703 15187 13184 10331 6598 4624 313990 5813 308177 84655 66237 18418 15995 50242 11484 15208 4453 10755 223522 45176 41102 10698 4074
internal_count=354837 352075 11212 8996 340863 336880 22890 7703 15187 13184 10331 6598 4624 313990 5813 308177 84655 66237 18418 15995 50242 11484 15208 4453 10755 223522 45176 41102 10698 4074
is_linear=0
shrinkage=0.05


Tree=182
num_leaves=31
num_cat=0
split_feature=25 54 73 54 24 50 64 39 58 57 35 5 37 59 71 37 55 19 31 16 30 73 35 29 22 56 54 1 50 71
split_gain=4.14712 3.76503 9.38553 7.12987 6.81648 6.21051 6.13398 5.62708 6.7674 6.51084 5.61181 5.974 5.56537 5.56509 7.34089 6.99138 5.5386 5.6936 5.35871 5.65522 7.24017 8.2249 6.17016 5.44725 5.33965 5.09037 4.89972 4.72378 4.69293 5.68601
threshold=0.99992328882217418 -0.32614815235137934 19.500000000000004 0.020349524915218357 1.9150742888450625 0.041654946282505996 0.86008974909782421 -0.36243458092212671 0.28493790328502661 -0.65066388249397267 0.22612141072750094 -1.6024876832962034 0.012501686811447145 0.87450000643730175 -0.31778590381145472 0.54426071047782909 -1.3802971243858335 0.38983950018882757 0.42485515773296362 -0.093611534684896455 -0.82720729708671559 7.5000000000000009 -0.33196738362312311 -0.56153789162635792 1.6200460195541384 0.38933405280113226 -1.3995889425277708 1.7097979784011843 0.51152202486991893 -0.24908137321472165
decision_type=2 2 2 2 2 2 2 2 2 2 2 2 2 2 2 2 2 2 2 2 2 2 2 2 2 2 2 2 2 2
left_child=1 2 6 4 18 12 10 26 9 -9 11 -1 -6 15 -15 28 17 -13 19 23 21 -21 -22 -3 -20 -24 -4 -18 -5 -30
right_child=-2 3 7 13 5 -7 -8 8 -10 -11 -12 16 -14 14 -16 -17 27 -19 24 20 22 -23 25 -25 -26 -27 -28 -29 29 -31
leaf_value=0.0012034593041715528 0.0013972082385984058 -0.0017087250727658759 0.0039477007509324388 -0.00020054901786431819 -0.0021703057387027695 -0.0032371191622263124 0.0018480302119539419 -0.00090193171194187819 -0.0022834877669762259 0.0027644660387309756 0.0015617815909008967 -0.00068706556898063436 0.00099731646296248653 0.00022801124488658318 0.0023721595749109058 -0.0014154521232420225 -0.00026203725158508443 -0.0039163372433943184 0.0019478826884485039 -0.0018459910511672225 0.00013166323836130112 0.0023499630890978455 -0.0014662205375747292 0.00049315206167995374 -0.0010630009773997398 -0.0035752188341821056 0.0013425197256827044 0.0017527839661304959 0.0002010943437760314 0.0019547796108339509
leaf_weight=7168 5057 3511 2151 102691 3032 4420 4224 2257 2188 2593 4843 4231 2540 16884 5219 9652 76603 2009 4322 2035 3714 2714 8464 13878 2223 4334 11112 3014 32541 5378
leaf_count=7168 5057 3511 2151 102691 3032 4420 4224 2257 2188 2593 4843 4231 2540 16884 5219 9652 76603 2009 4322 2035 3714 2714 8464 13878 2223 4334 11112 3014 32541 5378
internal_value=-2.29827e-05 -4.3545e-05 0.000180069 -0.000163822 -0.000658392 -0.00183957 -1.52167e-05 0.00116167 1.87457e-05 0.00105992 -9.58153e-05 -0.000182271 -0.000727143 -5.44432e-06 0.000735135 -0.000114423 -0.000298089 -0.00173135 -0.000396901 -0.000620964 -0.00116774 0.000551849 -0.00166234 4.78461e-05 0.000925179 -0.00218266 0.00176769 -0.000185553 -2.50207e-05 0.000450267
internal_weight=355002 349945 122393 227552 55187 9992 102092 20301 7038 4850 97868 93025 5572 172365 22103 150262 85857 6240 45195 38650 21261 4749 16512 17389 6545 12798 13263 79617 140610 37919
internal_count=355002 349945 122393 227552 55187 9992 102092 20301 7038 4850 97868 93025 5572 172365 22103 150262 85857 6240 45195 38650 21261 4749 16512 17389 6545 12798 13263 79617 140610 37919
is_linear=0
shrinkage=0.05


Tree=183
num_leaves=31
num_cat=0
split_feature=34 36 59 60 54 35 66 12 44 28 21 55 10 55 10 9 50 17 45 25 13 18 35 17 13 46 60 30 16 12
split_gain=6.82943 5.34199 5.47707 5.55379 5.29573 9.79776 6.60276 5.04717 7.31515 5.52499 5.31577 5.31367 5.01891 5.90722 5.87951 5.49027 4.89928 4.88824 4.81427 4.76303 4.55403 6.64987 5.99011 7.3714 4.65019 5.85227 5.25902 4.56802 5.09707 4.53201
threshold=-1.0577873587608335 -0.94432520866394032 0.045500000938773162 0.085000000894069686 -0.23879534751176831 -0.30449740588665003 0.95938467979431163 -7.7840068340301505 -0.68189638853073109 1.2576035857200625 0.7500695288181306 -1.4414793848991392 -0.1377170383930206 1.2920379042625429 -0.23919117450714109 -0.57715463638305653 -0.064444795250892625 0.20111145824193957 -1.8635721802711485 0.14297994971275332 -8.1488375663757306 1.5524904727935793 0.48882867395877844 -0.6308491826057433 -8.7255926132202131 0.91199281811714183 0.66500002145767223 -0.58674994111061085 0.16997161507606509 -7.6219666004180899
decision_type=2 2 2 2 2 2 2 2 2 2 2 2 2 2 2 2 2 2 2 2 2 2 2 2 2 2 2 2 2 2
left_child=-1 2 -2 -4 16 -6 -7 18 9 10 11 -9 13 14 17 -14 -5 29 -3 -13 21 22 -20 -24 -23 26 -26 -22 -29 -10
right_child=1 7 3 4 5 6 -8 8 12 -11 -12 19 15 -15 -16 -17 -18 -19 20 -21 27 24 23 -25 25 -27 -28 28 -30 -31
leaf_value=0.0023937358152518635 -0.0025877772300591175 0.0019743507128408134 -0.0019440373917830906 0.0012051433936147618 -0.0036442426716066811 -0.00014639238394642621 -0.0026195995949182937 -0.0017282736723198443 -0.001076622033514529 0.0027453273500546516 -0.0019693883862104454 0.0029427949363638943 0.0015349317182564541 -0.0027987137361812028 -0.0022281564734463149 -0.00018018760261213982 -0.00029846994229106618 -0.0010744373507332783 -0.0005883662418266402 0.0005727885198601898 3.4147788663987493e-05 0.0026751385735622741 0.0033678508358268786 -0.00043258045596578445 0.00016906397660631411 -0.001594775985070077 0.0030992806619250645 0.00094006440867707309 -0.0014489367717954028 0.0003821868409307433
leaf_weight=2835 2933 3869 5172 9765 2482 27970 2977 2085 7128 2736 2184 2515 5011 3153 4810 65988 12146 16421 43585 13268 36353 2831 2234 2953 4597 2706 2287 38865 2360 20939
leaf_count=2835 2933 3869 5172 9765 2482 27970 2977 2085 7128 2736 2184 2515 5011 3153 4810 65988 12146 16421 43585 13268 36353 2831 2234 2953 4597 2706 2287 38865 2360 20939
internal_value=-4.6183e-05 -6.58834e-05 -0.000481286 -0.000378774 -0.000232162 -0.000628077 -0.000385076 2.53632e-05 -0.000181039 0.000641861 0.000353627 0.000638512 -0.00033298 -0.000703849 -0.000569325 -5.8938e-05 0.000371884 -0.000389514 0.00023697 0.00095207 0.000188392 -0.000134103 -0.000397157 0.00120757 0.000898285 0.000371512 0.00114562 0.000442758 0.000802983 1.14508e-05
internal_weight=355158 352323 63445 60512 55340 33429 30947 288878 146238 22788 20052 17868 123450 52451 49298 70999 21911 44488 142640 15783 138771 61193 48772 5187 12421 9590 6884 77578 41225 28067
internal_count=355158 352323 63445 60512 55340 33429 30947 288878 146238 22788 20052 17868 123450 52451 49298 70999 21911 44488 142640 15783 138771 61193 48772 5187 12421 9590 6884 77578 41225 28067
is_linear=0
shrinkage=0.05


Tree=184
num_leaves=31
num_cat=0
split_feature=39 56 36 8 56 12 23 54 58 74 11 61 39 14 20 10 40 55 14 30 24 14 59 52 51 7 31 10 8 68
split_gain=5.23659 5.3996 7.28601 4.95732 5.59624 4.74412 7.1321 6.52606 6.27933 5.45654 5.24897 8.963 6.13108 5.16837 7.47314 4.99173 8.2134 5.06994 6.11822 5.08443 4.89593 5.24441 4.84598 4.81502 4.77184 4.70392 4.41142 4.35029 4.33776 4.29196
threshold=-0.45786954462528223 1.2971223592758181 0.3751456886529923 1.4795306324958803 -0.32485210895538325 -7.9395952224731436 0.91453880071640026 0.50015532970428478 -1.1609222888946531 4.5000000000000009 0.077206838876009001 0.5000000149011613 -0.67236042022705067 -6.9433083534240714 1.4676773548126223 -1.2880830168724058 0.54096934199333202 -0.92430180311202992 -7.3240633010864249 0.76845985651016246 1.681200444698334 -7.3809680938720694 0.79350000619888317 0.49218295514583593 -0.14500600844621656 -0.44406485557556147 -0.2278497442603111 -0.20214999467134473 1.0200183391571047 -0.23907845467329022
decision_type=2 2 2 2 2 2 2 2 2 2 2 2 2 2 2 2 2 2 2 2 2 2 2 2 2 2 2 2 2 2
left_child=5 3 28 -2 -5 6 8 15 -1 -8 11 12 26 14 -9 16 25 18 24 -20 21 -16 -19 -24 -17 -7 -10 -4 29 -3
right_child=1 2 27 4 -6 7 9 13 10 -11 -12 -13 -14 -15 20 17 -18 22 19 -21 -22 -23 23 -25 -26 -27 -28 -29 -30 -31
leaf_value=0.0032727603965210157 -0.00017941437561238514 0.001363703143387016 0.0012866029391833682 0.00069121464932524971 -0.0020499612031690162 0.0015658084518225396 0.00039626568785767151 -0.00053583422190611773 -0.0017654884994590698 -0.0029554096958896055 0.00013060198403932086 0.0036670844694007693 0.0029454083035416055 0.0019622019987549223 0.0038894580680970906 0.001484883822594512 0.0036940893844222959 -0.00042158955235277674 -0.0012711338959994017 -0.0043543265240313239 5.352782127992401e-05 0.00065365312292568799 0.00011049782932387644 0.0024383493123763039 -0.0016590595016341169 -0.0017920296964995808 0.00089568504251972116 -0.00076440361254368437 -0.00010069845600023688 0.0041324378896542046
leaf_weight=2840 201408 3390 3698 2510 7155 2022 2905 11207 2408 2074 13869 3547 2271 6308 2760 2458 2064 36200 3427 2196 3818 2294 7662 3119 2352 2133 4365 8530 2182 2393
leaf_count=2840 201408 3390 3698 2510 7155 2022 2905 11207 2408 2074 13869 3547 2271 6308 2760 2458 2064 36200 3427 2196 3818 2294 7662 3119 2352 2133 4365 8530 2182 2393
internal_value=-1.71247e-05 -0.000157797 0.000623117 -0.000232531 -0.0013381 0.000244596 0.000745079 5.39536e-05 0.00104237 -0.001003 0.000801836 0.00154051 0.000703352 0.000714909 0.000322279 -0.000220197 0.00112425 -0.000365996 -0.0013625 -0.00248083 0.00140562 0.00242492 -0.000144462 0.000785593 -5.26982e-05 -0.000158126 -5.16481e-05 -0.000143592 0.00179889 0.00251456
internal_weight=355565 231266 20193 211073 9665 124299 34279 90020 29300 4979 26460 12591 9044 26387 20079 63633 6219 57414 10433 5623 8872 5054 46981 10781 4810 4155 6773 12228 7965 5783
internal_count=355565 231266 20193 211073 9665 124299 34279 90020 29300 4979 26460 12591 9044 26387 20079 63633 6219 57414 10433 5623 8872 5054 46981 10781 4810 4155 6773 12228 7965 5783
is_linear=0
shrinkage=0.05


Tree=185
num_leaves=31
num_cat=0
split_feature=64 13 11 30 30 34 56 5 19 16 7 4 37 14 22 12 8 72 16 7 15 14 64 14 54 22 48 21 6 71
split_gain=3.81181 8.39329 7.41367 7.53863 6.77131 6.31176 9.3457 7.35276 6.68542 5.98136 5.93766 5.90738 5.87149 5.36435 6.10907 5.17532 5.7939 6.12488 5.56415 5.12696 4.988 4.95604 4.85081 5.90434 4.70333 4.69322 4.62516 4.95504 5.81079 6.05349
threshold=-0.22428754717111585 -7.4955306053161612 2.3471915721893315 -0.55687108635902394 1.0871900916099551 -0.69902965426444996 -1.4121786355972288 -1.3604273200035093 0.98437988758087169 0.29666966199874883 2.087507009506226 -1.4033576250076292 -0.36332258582115168 -7.3174064159393302 1.9435604214668276 -7.652721405029296 -0.34394747018814081 13.000000000000002 -0.28669098019599909 -0.43366999924182886 -7.5996487140655509 -7.9071502685546866 0.30911290645599371 -7.3174064159393302 -0.71863892674446095 1.4681447744369509 -0.65575775504112233 0.16760829091072085 -0.032774688675999634 -0.60286757349967945
decision_type=2 2 2 2 2 2 2 2 2 2 2 2 2 2 2 2 2 2 2 2 2 2 2 2 2 2 2 2 2 2
left_child=1 5 4 19 10 -1 11 -8 9 15 -2 -7 -3 20 -15 16 17 -9 26 -4 -14 -10 23 -6 -19 -23 -18 -28 -29 -30
right_child=2 12 3 -5 22 6 7 8 21 -11 -12 -13 13 14 -16 -17 18 24 -20 -21 -22 25 -24 -25 -26 -27 27 28 29 -31
leaf_value=0.0025030356699728157 -0.00012671524593249581 0.0010786514935089829 -0.0045538183480828562 0.00050248262718427398 0.00049365110278976087 -0.0036727507683860221 0.0034457976854784036 0.0012105304068371413 0.0023658057419632954 -0.0018149703041505977 -0.0027011981877653225 8.8648309595105258e-05 -0.0010142803260111966 -0.00067408052380706269 -0.0028262875378614496 0.0018132014387144163 -0.0019881975766329906 0.00036602908228125416 0.0014360913509595891 -0.0015270849080495721 0.0011168350082827166 0.0014971478673577122 0.00022613197352635493 0.0039829163960655089 -0.001976089277322287 -0.0013392293826012488 0.0023573279199001632 -0.0019367641490797693 -0.0016347875564281151 0.0015172630929237063
leaf_weight=3826 217159 6072 2019 3178 2362 2170 2135 3225 7080 3421 2253 2002 4484 20582 3919 5325 2511 3039 11125 4566 7049 3860 6910 2488 7242 2331 2481 3104 2110 5406
leaf_count=3826 217159 6072 2019 3178 2362 2170 2135 3225 7080 3421 2253 2002 4484 20582 3919 5325 2511 3039 11125 4566 7049 3860 6910 2488 7242 2331 2481 3104 2110 5406
internal_value=-3.47596e-05 0.000202752 -0.000147636 -0.00149654 -9.06054e-05 0.000529207 0.00041872 0.00056739 0.000468147 0.000198354 -0.000153273 -0.00187189 -0.000358515 -0.000600921 -0.00101934 0.000349869 0.000155837 -0.000687963 0.000582174 -0.0024606 0.000288102 0.00146317 0.00107775 0.00228812 -0.00128409 0.000428774 -2.68518e-05 0.000350299 -0.000120351 0.000631378
internal_weight=355434 114499 240935 9763 231172 72393 68567 64395 62260 48989 219412 4172 42106 36034 24501 45568 40243 13506 26737 6585 11533 13271 11760 4850 10281 6191 15612 13101 10620 7516
internal_count=355434 114499 240935 9763 231172 72393 68567 64395 62260 48989 219412 4172 42106 36034 24501 45568 40243 13506 26737 6585 11533 13271 11760 4850 10281 6191 15612 13101 10620 7516
is_linear=0
shrinkage=0.05


Tree=186
num_leaves=31
num_cat=0
split_feature=65 30 33 72 14 17 74 23 54 11 66 65 51 54 14 11 24 13 14 52 13 13 9 60 74 5 9 54 58 65
split_gain=5.34777 5.709 5.03729 9.87849 6.13741 5.77446 8.17591 5.46473 5.30498 8.04849 8.23699 5.36323 6.37546 5.88685 5.01007 4.51933 6.35686 6.27494 6.20483 5.80163 5.36434 4.49413 5.50425 4.06279 3.74876 8.2432 8.35417 6.62056 6.0222 4.44629
threshold=0.27236160635948187 -0.12457082048058508 -0.28267507255077357 5.0000000000000009 -7.6332509517669669 -0.80027613043785084 5.5000000000000009 0.40004795789718633 -0.24741723388433454 -0.48843508958816523 0.50272858142852794 0.059279287233948715 -0.51967179775238026 0.35424543917179113 -7.6707317829132071 -0.54809114336967457 2.0079201459884648 -7.6356890201568595 -7.8159079551696768 -0.8625178039073943 -7.0640664100646964 -9.120022773742674 -1.8401631712913511 0.7749999761581422 5.5000000000000009 1.2512249350547793 0.95858392119407665 -0.099837519228458391 1.6006450057029726 0.099672809243202223
decision_type=2 2 2 2 2 2 2 2 2 2 2 2 2 2 2 2 2 2 2 2 2 2 2 2 2 2 2 2 2 2
left_child=2 -2 3 4 -1 6 -5 8 15 -10 11 12 -11 -13 -12 17 20 18 -7 -19 23 -4 -23 -17 -24 26 27 -26 29 -29
right_child=1 -3 21 5 -6 7 -8 -9 9 10 14 13 -14 -15 -16 16 -18 19 -20 -21 -22 22 24 -25 25 -27 -28 28 -30 -31
leaf_value=0.0033610061345038648 -8.7385658309866964e-05 0.0027971369550244558 0.0016374259444589387 -0.002738113987214171 0.00064146893124814855 0.00027816778508315718 0.00075199011394075344 0.0018734286449063671 -0.0021658922401831477 0.0026288345690135863 0.00035485023520458094 -0.002435493150071136 0.0003809065186746619 0.00079459300613585855 -0.0024172469896847092 0.0024365347742498992 -0.00082040202426056277 -0.0012840101153017665 -0.0026512606211180202 0.0017619817063774233 -0.00066911490423665664 -0.0019533790623180898 4.4835181748570797e-05 0.00033707047777767097 0.00092918582170290723 -0.0026989170804091848 -0.0024782787769198774 0.00014586172350036856 -0.0030982447623115398 -0.0023190456159306191
leaf_weight=4275 3159 3742 3946 3711 4033 4029 3050 5515 4593 4755 2599 2584 9343 3084 4351 10500 3274 2095 3266 6080 2230 3775 219058 2956 12145 3822 3688 11712 2114 2158
leaf_count=4275 3159 3742 3946 3711 4033 4029 3050 5515 4593 4755 2599 2584 9343 3084 4351 10500 3274 2095 3266 6080 2230 3775 219058 2956 12145 3822 3688 11712 2114 2158
internal_value=0.000101212 0.0014785 7.39158e-05 0.000405214 0.0020432 0.000230541 -0.00116488 0.000363093 0.000236121 -0.00023486 9.78076e-05 0.000618417 0.00114042 -0.000679676 -0.00138158 0.000664353 0.00118159 3.00786e-05 -0.00103518 0.000980773 0.0015997 -3.50769e-05 -6.06728e-05 0.00197592 -3.25444e-05 -0.000508044 -0.000244101 4.95996e-05 -0.000618893 -0.000239042
internal_weight=355642 6901 348741 86323 8308 78015 6761 71254 65739 31309 26716 19766 14098 5668 6950 34430 18960 15470 7295 8175 15686 262418 258472 13456 254697 35639 31817 28129 15984 13870
internal_count=355642 6901 348741 86323 8308 78015 6761 71254 65739 31309 26716 19766 14098 5668 6950 34430 18960 15470 7295 8175 15686 262418 258472 13456 254697 35639 31817 28129 15984 13870
is_linear=0
shrinkage=0.05


Tree=187
num_leaves=31
num_cat=0
split_feature=64 62 39 14 17 58 16 31 11 16 46 11 71 17 63 15 11 15 58 39 58 64 40 64 26 6 60 58 68 7
split_gain=4.44414 8.60227 5.33059 5.90461 5.51615 6.11177 5.37302 5.78482 5.10061 4.93793 4.86144 4.58074 4.53221 10.8687 4.86513 5.15057 4.44417 9.84935 11.8255 5.25912 10.6948 8.3698 5.76394 4.94502 4.84703 4.80139 5.74673 5.22817 4.38988 5.1152
threshold=-0.5894753336906432 0.29166667163372045 -0.98244103789329518 -6.9925262928009024 -0.16392496973276136 -0.4931859672069549 -0.71637406945228566 -0.46557566523551935 -0.3088944256305694 -0.50788003206253041 0.8017890751361848 -0.3088944256305694 -0.37477184832096094 0.47044228017330175 -0.40652528405189509 -8.0885167121887189 2.2711035013198857 -7.2436714172363272 0.65217876434326183 -0.86819055676460255 0.24293725192546847 0.54845657944679271 -0.27143786847591395 -0.029433571733534333 -2.1093702316284175 -0.014050638303160666 0.69499999284744274 -0.20862509310245511 -0.39089085161685938 0.075900409370660796
decision_type=2 2 2 2 2 2 2 2 2 2 2 2 2 2 2 2 2 2 2 2 2 2 2 2 2 2 2 2 2 2
left_child=2 8 -1 4 5 -4 -7 -8 -2 -5 16 -11 14 -14 15 -6 19 -18 -19 20 24 22 -22 -24 -3 -26 27 -27 29 -9
right_child=1 10 3 9 12 6 7 28 -10 11 -12 -13 13 -15 -16 -17 17 18 -20 -21 21 -23 23 -25 25 26 -28 -29 -30 -31
leaf_value=0.0025736688300416768 7.5865751612998639e-05 0.00051078667835828008 0.0027292915407229395 -0.0024504003724111494 0.002215087893715168 0.002556424319323904 0.0026129520273785313 -0.002637681638037201 -0.0026017902482354579 0.0018867031991270542 -0.00046913797761192723 -0.0012560709879817084 0.0022484113479775657 -0.0015033147733189403 -0.0018260506824237758 -0.0006440338578461109 -0.0022877733247320341 -0.0020554580955283517 0.0029315707514999245 0.00021754687350702571 -0.00086342793325854981 -0.0024223568727669694 0.00043440655582332256 0.0024109281715535965 -0.00070861400371747814 -0.00047386713385162542 -0.0042984302121424969 -0.0035457886768574401 0.00094217263581208703 0.00018500384694016298
leaf_weight=2714 2681 3666 4570 3228 2189 3031 2120 2880 5270 2012 52745 2708 5271 3034 5056 5543 5963 2104 2707 190074 3729 2188 6689 6005 9696 4173 2588 2066 4639 3607
leaf_count=2714 2681 3666 4570 3228 2189 3031 2120 2880 5270 2012 52745 2708 5271 3034 5056 5543 5963 2104 2707 190074 3729 2188 6689 6005 9696 4173 2588 2066 4639 3607
internal_value=-4.34427e-06 -7.81439e-05 0.000419773 0.000302105 0.000538925 0.00111551 0.000661024 0.00022571 -0.00169995 -0.000946655 -3.42857e-05 8.47596e-05 -3.11967e-05 0.000877663 -0.000621669 0.000167225 6.06458e-05 -0.000931475 0.000750848 0.000106983 -0.000408027 0.00047576 0.000863109 0.00137058 -0.00114918 -0.00147782 -0.00232099 -0.00149516 -0.000231105 -0.0010703
internal_weight=354946 302344 52602 49888 41940 20847 16277 13246 7951 7948 294393 4720 21093 8305 12788 7732 241648 10774 4811 230874 40800 18611 16423 12694 22189 18523 8827 6239 11126 6487
internal_count=354946 302344 52602 49888 41940 20847 16277 13246 7951 7948 294393 4720 21093 8305 12788 7732 241648 10774 4811 230874 40800 18611 16423 12694 22189 18523 8827 6239 11126 6487
is_linear=0
shrinkage=0.05


Tree=188
num_leaves=31
num_cat=0
split_feature=17 6 40 69 65 35 71 3 56 65 55 39 55 40 11 33 57 48 66 39 11 12 64 49 3 29 17 65 39 70
split_gain=4.4565 6.62951 6.31336 6.60474 5.72841 7.13837 6.6807 5.1191 5.35465 6.5879 6.92996 7.68056 6.0038 5.90362 6.57042 7.24731 6.24559 6.66447 6.1059 5.73608 5.48863 5.48415 5.46186 5.4094 4.86661 5.23314 5.02131 6.46571 5.874 5.76575
threshold=-0.30510310828685755 -1.847327649593353 0.99921953678131115 -2.4149734973907466 0.21224681288003924 0.22144149243831637 -0.41497136652469629 2.0114356279373173 0.020141499117016796 0.14462689310312274 1.1446580886840823 -0.35428766906261439 -0.88113099336624134 0.71629512310028087 2.0806654691696171 0.52054768800735485 0.1051752343773842 -0.025255872868001458 -0.23821972310543058 0.99724069237709057 0.62721163034439098 -8.1374258995056135 -0.038437416777014725 -0.1376729533076286 0.7942170798778535 -0.52169299125671376 -0.74846637248992909 0.022261875681579116 0.4344411194324494 -0.004525167401880025
decision_type=2 2 2 2 2 2 2 2 2 2 2 2 2 2 2 2 2 2 2 2 2 2 2 2 2 2 2 2 2 2
left_child=1 -1 3 -3 -2 6 -6 8 9 10 11 12 -5 14 15 -10 17 -15 -17 24 22 -19 -11 -14 25 -13 28 -28 -27 -29
right_child=4 2 -4 7 5 -7 -8 -9 13 20 -12 19 23 16 -16 18 -18 21 -20 -21 -22 -23 -24 -25 -26 26 27 29 -30 -31
leaf_value=0.0025554899199213064 -0.00028383474550283764 -0.0013948217463501597 -0.0025435803067097181 0.003391265939787249 0.0016313345306371162 0.00256560130547456 -0.0014586386814053449 -0.001612937636293346 0.00046184505730506668 -0.0021132535358745659 0.0026590422245143745 0.00063474451275959305 -0.00084640058148070698 0.00057012551563067238 0.0020503303885445619 -0.0023820424507215352 0.00046202366237168137 0.0057284121355007387 0.00042306878554256857 0.0021409617685157378 -0.0031504873341707661 0.0020508922563061763 0.001086356365591545 0.0016096269718673369 -0.0025399807649187189 -0.0036347461829566545 -0.00074641216060488747 -8.7675093444961258e-05 -0.00075327756672182898 0.0028675707517996831
leaf_weight=2771 198526 6731 2229 2428 3160 4012 3893 3738 33424 2515 2610 12176 3797 2433 5033 4652 6596 2016 3318 2388 2815 2064 2818 5447 2431 2546 16513 4196 5766 2710
leaf_count=2771 198526 6731 2229 2428 3160 4012 3893 3738 33424 2515 2610 12176 3797 2433 5033 4652 6596 2016 3318 2388 2815 2064 2818 5447 2431 2546 16513 4196 5766 2710
internal_value=-7.43311e-05 0.000137579 9.06785e-05 0.000132452 -0.000222109 0.000884615 -7.38689e-05 0.000209022 0.000261252 -3.15058e-05 0.000141574 3.2364e-05 0.00118382 0.000611096 0.000346362 0.000138736 0.0015477 0.00264482 -0.00121518 -0.000243646 -0.00136846 0.00387758 -0.000423685 0.000600982 -0.000366971 -0.000246107 -0.000584206 -0.000209225 -0.00163919 0.00107447
internal_weight=355752 146161 143390 141161 209591 11065 7053 134430 130692 71156 63008 60398 11672 59536 46427 41394 13109 6513 7970 48726 8148 4080 5333 9244 46338 43907 31731 23419 8312 6906
internal_count=355752 146161 143390 141161 209591 11065 7053 134430 130692 71156 63008 60398 11672 59536 46427 41394 13109 6513 7970 48726 8148 4080 5333 9244 46338 43907 31731 23419 8312 6906
is_linear=0
shrinkage=0.05


Tree=189
num_leaves=31
num_cat=0
split_feature=54 24 8 64 15 12 17 23 54 23 50 22 63 63 6 72 74 57 16 8 16 22 24 29 11 54 22 59 36 54
split_gain=4.31931 5.32182 4.85217 4.80277 7.41786 4.1534 3.96225 3.73515 6.39123 5.41054 5.2591 4.77708 3.3933 3.37866 3.38121 7.74715 3.34583 5.12791 4.50718 3.01051 2.89091 4.36651 7.38642 11.2074 4.99059 4.17787 5.68867 5.41141 4.97813 5.56189
threshold=-1.3638607263565061 1.4636543989181521 0.53168049454689037 -0.28938409686088556 -7.38877248764038 -7.9333405494689933 -0.3140468150377273 0.0076849288307130345 -0.69468021392822255 0.037065755575895316 -0.42757061123847956 1.5740871429443362 -0.15705319494009015 2.5188223123550419 -1.3355284333229063 15.000000000000002 2.5000000000000004 0.27362374961376196 0.15291333198547366 -0.44210210442543024 -0.013172953389585016 2.3977549076080327 1.9150742888450625 -0.014179993886500595 -1.733526825904846 -0.75661534070968617 1.3246684670448305 0.63750001788139354 0.14093536138534549 0.158238559961319
decision_type=2 2 2 2 2 2 2 2 2 2 2 2 2 2 2 2 2 2 2 2 2 2 2 2 2 2 2 2 2 2
left_child=1 5 3 6 -5 -1 -3 8 -2 11 -10 12 -9 14 15 -11 18 -18 -17 -12 -16 22 24 -24 -22 26 -26 -28 -27 -30
right_child=7 2 -4 4 -6 -7 -8 9 10 13 19 -13 -14 -15 20 16 17 -19 -20 -21 21 -23 23 -25 25 28 27 -29 29 -31
leaf_value=-0.0036176183369923359 0.0011862663450031364 0.00067535703143835183 -0.0019810822488247983 -0.00038369140646271204 0.0028338426681077402 -0.00091537599454913495 -0.0019775404060994816 -0.0011757723057864483 6.7492396007223687e-05 0.0012457939814564524 -0.0014062499012955823 0.0028241957350356906 0.0015087415742465508 0.0018136510289022169 0.00015900544757935258 -0.0019936220057374227 -0.0034276011274424513 -0.00040287288648925914 0.0011116957002369405 -0.0037902039064793567 -0.0023139128416275077 0.0014101896385015113 0.00043221268799105525 -0.0032877583225972827 -0.00053883490832484305 0.00019049243145613875 0.0032048794616355834 4.0726727108071766e-05 -0.0012400082282631791 1.1504089796047133e-05
leaf_weight=2324 2837 2408 3151 3985 3241 3664 3364 2086 3161 3618 2905 3222 2676 2603 192584 2313 3528 2325 2342 2454 2479 4198 3582 4641 3829 44523 3413 2233 17435 18076
leaf_count=2324 2837 2408 3151 3985 3241 3664 3364 2086 3161 3618 2905 3222 2676 2603 192584 2313 3528 2325 2342 2454 2479 4198 3582 4641 3829 44523 3413 2233 17435 18076
internal_value=-2.04741e-05 -0.00069662 -0.000224112 0.000203011 0.00106136 -0.00196842 -0.000871534 2.44855e-05 -0.000866276 5.59575e-05 -0.00155032 0.00134049 0.000332787 2.32254e-05 8.18785e-06 -0.000747333 -0.00143412 -0.00222882 -0.000432256 -0.00250294 4.41469e-05 -0.000167706 -0.000233941 -0.00166875 -0.000105513 -4.40981e-05 0.000948136 0.00195574 -0.00016167 -0.000603133
internal_weight=355200 22137 16149 12998 7226 5988 5772 333063 11357 321706 8520 7984 4762 313722 311119 14126 10508 5853 4655 5359 296993 104409 100211 8223 91988 89509 9475 5646 80034 35511
internal_count=355200 22137 16149 12998 7226 5988 5772 333063 11357 321706 8520 7984 4762 313722 311119 14126 10508 5853 4655 5359 296993 104409 100211 8223 91988 89509 9475 5646 80034 35511
is_linear=0
shrinkage=0.05


Tree=190
num_leaves=31
num_cat=0
split_feature=10 29 29 69 2 43 24 20 24 8 58 64 26 58 31 57 31 0 43 48 41 14 22 57 46 51 14 24 9 31
split_gain=5.62151 9.61178 9.28622 4.21425 6.00946 8.65119 5.73208 5.40629 5.24988 5.69762 5.11607 4.96441 6.22205 5.46762 4.94433 5.40578 5.55883 5.06074 4.92365 4.65963 4.64933 4.45488 5.19537 5.12013 4.38242 4.23738 4.04698 3.99458 3.91652 5.77088
threshold=-1.7816802263259885 -0.43540202081203455 -0.11956085264682768 -0.03303221054375171 0.13397600501775744 0.30000001192092901 1.9242571592330935 1.2274218797683718 0.93952298164367687 -0.39162242412567133 2.3583619594573979 -0.30183811485767359 0.3727028369903565 -0.97059744596481312 -0.026694580912590023 0.62398409843444835 0.32878321409225469 0.74406707286834728 0.83333334326744091 -1.548387289047241 1.0000000180025095e-35 -7.1185526847839347 2.1047044992446904 0.15164130926132205 -0.087709408253431306 -0.33270354568958277 -7.564340114593505 1.3991599678993227 0.21212147176265719 0.33449371159076696
decision_type=2 2 2 2 2 2 2 2 2 2 2 2 2 2 2 2 2 2 2 2 2 2 2 2 2 2 2 2 2 2
left_child=1 -1 -3 6 8 7 21 -6 9 -5 11 12 13 -10 -9 16 -16 -17 28 -13 -15 22 -2 -24 25 -23 -4 -22 -7 -30
right_child=3 2 26 4 5 18 -8 14 10 -11 -12 19 -14 20 15 17 -18 -19 -20 -21 27 24 23 -25 -26 -27 -28 -29 29 -31
leaf_value=0.0034094416083838563 -0.00033945418957124693 -0.002606382417206822 0.002876237734846316 -0.0031188021856088351 -0.00012046011985857616 -2.7937296946134786e-05 -0.00087104424118360647 -0.0021115264809689663 0.0039791737282022354 -7.0819611918554307e-05 -0.0013395957027398013 0.0021801644674026427 -0.00070294917309741435 0.0019499792112018086 0.001418410034981347 -0.00030387948732099162 -0.0012193729340335508 -0.0038454242303282977 -0.00063953070517152515 0.00023018113177139762 0.0019957796363753366 0.0015277597881081005 -0.00018464412098755581 0.0028575621397902047 0.0015483335623162557 -0.0011960373197817643 0.00015004549219227437 -0.00055288432147016344 0.0012500814527767676 -0.00020645069472913008
leaf_weight=3172 76142 2190 2226 2046 18304 34249 31298 9898 2068 6032 3671 3223 3619 10032 4150 2000 3832 2029 16079 58558 2262 2190 2941 2599 7556 4059 3483 4746 19909 10322
leaf_count=3172 76142 2190 2226 2046 18304 34249 31298 9898 2068 6032 3671 3223 3619 10032 4150 2000 3832 2029 16079 58558 2262 2190 2941 2599 7556 4059 3483 4746 19909 10322
internal_value=-1.91898e-05 0.00108927 0.000154423 -5.49133e-05 7.88829e-05 -0.000156001 -0.000283932 -0.000754866 0.000373574 -0.000845716 0.000485355 0.000564779 0.00119648 0.0015564 -0.00128459 -0.000601935 0.000152121 -0.0020925 0.000142993 0.000332245 0.00126021 -9.14221e-05 -0.000231842 0.00124513 0.000738986 -0.00024055 0.00121619 0.00027143 0.000338195 0.000752863
internal_weight=354885 11071 7899 343814 217029 120772 126785 40213 96257 8078 88179 84508 22727 19108 21909 12011 7982 4029 80559 61781 17040 95487 81682 5540 13805 6249 5709 7008 64480 30231
internal_count=354885 11071 7899 343814 217029 120772 126785 40213 96257 8078 88179 84508 22727 19108 21909 12011 7982 4029 80559 61781 17040 95487 81682 5540 13805 6249 5709 7008 64480 30231
is_linear=0
shrinkage=0.05


Tree=191
num_leaves=31
num_cat=0
split_feature=63 57 54 9 72 17 35 57 58 10 10 54 55 25 16 54 7 17 28 40 63 33 42 39 25 40 57 15 20 7
split_gain=4.05428 5.98817 7.70556 10.4228 8.03232 6.73395 6.73338 5.61359 6.00678 6.67277 9.42597 6.39566 6.15743 5.96276 5.27058 8.81188 7.96314 6.81366 5.15563 5.12903 7.29184 5.12305 5.08696 7.03412 6.12852 7.54481 4.53135 4.44311 4.40014 4.31604
threshold=-0.31483206152915949 -1.0860436558723447 -0.15161602944135663 -0.14035549014806745 9.0000000000000018 -0.53343650698661793 -0.16681723296642301 -1.1909879446029661 0.16887815296649936 -0.27637821435928339 0.43355989456176763 0.43717931210994726 1.0711369514465334 0.34900143742561346 0.31281398236751562 -0.15161602944135663 -0.094470903277397142 -0.46612073481082911 -0.016406605951488015 0.78530946373939525 -0.73054727911949147 -0.25658524036407465 -0.56174489110708226 -0.79068204760551442 0.24592307955026629 -0.16934788972139356 -0.23471196740865705 -7.3767948150634757 1.0402670502662661 -0.87345632910728443
decision_type=2 2 2 2 2 2 2 2 2 2 2 2 2 2 2 2 2 2 2 2 2 2 2 2 2 2 2 2 2 2
left_child=7 2 4 -4 -2 -5 -6 13 9 22 18 14 -13 -1 16 -16 19 -18 -11 20 21 -10 27 -24 25 -25 -20 -9 -26 -12
right_child=1 -3 3 5 6 -7 -8 8 11 10 29 12 -14 -15 15 -17 17 -19 26 -21 -22 -23 23 24 28 -27 -28 -29 -30 -31
leaf_value=0.00016962794096301328 -0.0027199551835101555 -1.399848807209655e-05 -0.0045473727011761588 -0.0033150116400203935 -0.00035896342083954226 0.0001221437675058115 0.0022294443432699816 -0.0019994343651897196 -0.0042728182230426228 -0.0010164694239606117 0.0023585113522993331 0.0016853878115554704 -0.0011850504815211493 0.0029306026685445609 0.0031103347405965066 -0.00086660585898515959 0.0029123222676143935 8.3447347999161161e-05 -0.001386776587834634 0.00069812472904972472 -0.00021162512556338644 -0.0012785708702596737 0.0034344465294554893 -0.002833856328053083 -0.00022629182318779754 0.0012174491310623665 -0.0046662688333449351 0.00081764758138083606 0.0025656022003672208 -0.00017608148698731546
leaf_weight=3863 2438 229338 2734 2015 8289 4807 3594 3219 2610 9421 2015 15084 2125 3953 3440 2330 3067 6908 2013 4112 6686 3169 2428 2419 2270 2173 2227 2463 3714 9841
leaf_count=3863 2438 229338 2734 2015 8289 4807 3594 3219 2610 9421 2015 15084 2125 3953 3440 2330 3067 6908 2013 4112 6686 3169 2428 2419 2270 2173 2227 2463 3714 9841
internal_value=1.45724e-05 -9.24696e-05 -0.000845861 -0.00194465 -0.000111825 -0.000896448 0.000425114 0.000281464 0.000174033 -0.000249636 -0.000775211 0.000552103 0.00133046 0.00156797 0.000137405 0.00150567 -0.000160388 0.000955283 -0.00166997 -0.0008319 -0.00133679 -0.00263592 0.000468103 0.0010132 0.00045462 -0.000918241 -0.00311621 -0.000779011 0.0015079 0.000256313
internal_weight=354765 253215 23877 9556 14321 6822 11883 101550 93734 44203 25517 49531 17209 7816 32322 5770 26552 9975 13661 16577 12465 5779 18686 13004 10576 4592 4240 5682 5984 11856
internal_count=354765 253215 23877 9556 14321 6822 11883 101550 93734 44203 25517 49531 17209 7816 32322 5770 26552 9975 13661 16577 12465 5779 18686 13004 10576 4592 4240 5682 5984 11856
is_linear=0
shrinkage=0.05


Tree=192
num_leaves=31
num_cat=0
split_feature=6 56 28 56 36 34 17 55 68 21 14 4 32 73 68 30 58 0 24 47 41 15 9 41 25 53 55 7 39 45
split_gain=6.75075 5.99359 6.48071 4.28568 12.4805 7.68854 6.11475 4.59904 4.77317 4.18719 5.27655 3.699 7.3881 3.67666 3.55902 3.50323 3.47282 5.08784 3.45189 3.38316 3.34991 3.80123 3.32146 5.33684 6.67303 3.61628 5.77202 4.75512 5.55038 4.73248
threshold=-1.5749614238739011 -0.42776533961296076 0.46214395761489874 -1.1080355644226072 -0.39943820238113398 0.11204112693667413 -1.1710231304168699 -0.50030821561813343 -0.5015524923801421 0.0053041172213852414 -7.8003499507904044 -1.1287890076637266 -0.35906785726547236 14.500000000000002 0.70840653777122509 -0.40000729262828821 0.54146403074264537 0.22841620445251468 1.5849776864051821 -0.60994225740432728 -0.60785761475563038 -7.4199674129486075 -1.4781259298324583 -0.60785761475563038 0.13855139911174777 0.6052117943763734 1.3401077389717104 -0.013377093710005282 0.89686420559883129 0.40256623923778539
decision_type=2 2 2 2 2 2 2 2 2 2 2 2 2 2 2 2 2 2 2 2 2 2 2 2 2 2 2 2 2 2
left_child=1 9 -3 4 5 7 -5 8 -2 -1 -11 12 20 -12 -10 -14 17 -6 -9 -18 -8 -22 23 -13 -25 -24 27 -27 29 -29
right_child=3 2 -4 6 16 -7 11 18 14 10 13 22 15 -15 -16 -17 19 -19 -20 -21 21 -23 25 24 -26 26 -28 28 -30 -31
leaf_value=6.920932140652857e-05 -0.0010874167264474915 0.001209007986676195 -0.0026074543073888474 0.0020756126068290719 -0.0013425653299893603 0.0021294011691236538 0.0033348278592254784 -0.00042879417950392353 0.0017470764682796487 0.0040411341206859604 7.3953963688838e-05 0.0010635256879742447 -0.0022475558413091014 0.0027594806231971054 -0.00065800854546280109 0.00050598194060709001 0.00093859188533703211 -0.0037365124191709159 -0.0031330484598490315 -0.0017315599316723971 0.00010893044708864466 0.0026371504282544393 -0.00010753735260174184 0.00043646236286394141 -0.0026048621351756709 0.00063866402216863937 0.0015102430746511467 -0.00095029241796498504 0.0013633116465517664 0.00041549727598418052
leaf_weight=2955 4085 2477 2003 3580 5862 4215 2269 2849 5219 2747 2741 2581 2169 2373 2173 2452 2044 3581 2009 2801 3825 2423 209914 2758 5188 26317 8737 19771 4552 9329
leaf_count=2955 4085 2477 2003 3580 5862 4215 2269 2849 5219 2747 2741 2581 2169 2373 2173 2452 2044 3581 2009 2801 3825 2423 209914 2758 5188 26317 8737 19771 4552 9329
internal_value=1.05143e-05 0.00103776 -0.000499332 -3.56332e-05 -0.000560998 0.000228173 2.42222e-05 -0.000263413 0.000282585 0.00167429 0.0022768 -1.40538e-07 0.000820072 0.00132305 0.00104013 -0.000788533 -0.00169541 -0.0022534 -0.00155126 -0.000605468 0.00169274 0.00109203 -3.74357e-05 -0.000908831 -0.00155002 -4.48065e-06 0.000310353 0.000135316 -0.000258392 -0.00051245
internal_weight=355999 15296 4480 340703 34838 20550 305865 16335 11477 10816 7861 302285 13138 5114 7392 4621 14288 9443 4858 4845 8517 6248 289147 10527 7946 278620 68706 59969 33652 29100
internal_count=355999 15296 4480 340703 34838 20550 305865 16335 11477 10816 7861 302285 13138 5114 7392 4621 14288 9443 4858 4845 8517 6248 289147 10527 7946 278620 68706 59969 33652 29100
is_linear=0
shrinkage=0.05


Tree=193
num_leaves=31
num_cat=0
split_feature=30 7 40 12 62 65 35 6 74 18 30 1 35 49 52 7 3 14 14 18 14 53 48 45 72 21 64 1 63 54
split_gain=6.76405 5.79327 7.70058 5.94297 6.40002 7.98644 5.93307 5.5238 9.83962 6.43212 5.79136 5.42106 5.7231 5.46929 5.87843 5.81545 4.90561 4.80106 6.32671 4.79876 4.71717 4.63618 4.68976 6.02254 4.53025 4.44522 4.16158 4.10226 6.12032 5.5134
threshold=-2.5486736297607417 -0.97519820928573597 0.99921953678131115 -8.7717857360839826 0.30833333730697637 -0.14628927409648892 -0.30984906852245325 -0.52628445625305165 5.5000000000000009 0.59182989597320568 -1.9109356999397276 0.97640815377235424 -0.12140532955527304 -0.29637546837329859 0.32153710722923284 -0.6098191738128661 1.0000000180025095e-35 -9.043703079223631 -8.7536840438842756 0.43690170347690588 -7.6332509517669669 -1.8749736547470091 1.633365333080292 0.83775228261947643 17.000000000000004 0.033352032303810127 -0.057847952470183366 -0.42886373400688166 -0.38189141452312464 -0.78244599699974049
decision_type=2 2 2 2 2 2 2 2 2 2 2 2 2 2 2 2 2 2 2 2 2 2 2 2 2 2 2 2 2 2
left_child=-1 3 7 -2 -5 6 -6 8 9 19 -11 13 -13 14 -12 -15 26 -9 -19 -3 -17 -20 -23 24 -24 -7 -10 -27 -29 -30
right_child=1 2 -4 4 5 25 -8 17 16 10 11 12 -14 15 -16 20 -18 18 21 -21 -22 22 23 -25 -26 27 -28 28 29 -31
leaf_value=0.0020815043631975307 -0.0015215087158973477 -0.0008610232892806998 -0.0022711702964850096 0.0028496154574497654 0.00089346041563375463 -0.00097486865479765039 0.0038721463331486267 0.0021425887012532607 0.0033800661874075714 -0.0034468084362112373 -0.00046615118685380905 -0.0007162574673294903 -0.0041201032814420458 -0.0021656942976174651 0.0016225095070584008 0.00040394560069581368 -0.0005761434715465016 -0.0017845006842971468 0.0015263115864122623 0.0021625987447627232 -0.0012885648819955331 0.00012138272830499876 -0.00303807376269917 0.0013076664429945326 -0.00072373055327758619 0.0013674895467294963 0.00069656344591535941 0.0011207970550463321 0.0010518944818668535 -0.0015669525620870225
leaf_weight=4058 3193 2201 3835 3226 4268 6406 2747 2804 2716 2090 11708 2627 2329 7849 4718 7587 2845 4525 5560 3224 8981 214105 3012 2529 7073 8855 3088 7403 2849 6766
leaf_count=4058 3193 2201 3835 3226 4268 6406 2747 2804 2716 2090 11708 2627 2329 7849 4718 7587 2845 4525 5560 3224 8981 214105 3012 2529 7073 8855 3088 7403 2849 6766
internal_value=5.43739e-05 3.08871e-05 -4.76942e-05 0.000555779 0.000712092 0.000535923 0.00206373 -1.93444e-05 -0.000440108 -0.000693907 -0.000878766 -0.000760849 -0.00232092 -0.000571024 0.000134392 -0.00104544 0.00112335 8.94794e-05 6.50791e-05 0.000936545 -0.000513736 0.000101186 6.61706e-05 -0.000870332 -0.00141726 0.000203357 0.00195597 0.000495343 4.1001e-05 -0.000790681
internal_weight=355177 351119 305406 45713 42520 39294 7015 301571 61963 53314 47889 45799 4956 40843 16426 24417 8649 239608 236804 5425 16568 232279 226719 12614 10085 32279 5804 25873 17018 9615
internal_count=355177 351119 305406 45713 42520 39294 7015 301571 61963 53314 47889 45799 4956 40843 16426 24417 8649 239608 236804 5425 16568 232279 226719 12614 10085 32279 5804 25873 17018 9615
is_linear=0
shrinkage=0.05


Tree=194
num_leaves=31
num_cat=0
split_feature=35 70 69 56 12 10 35 0 65 6 32 73 74 56 3 72 58 11 66 57 50 34 66 10 6 5 24 11 45 56
split_gain=4.04679 4.80306 3.08441 13.5924 8.55387 8.90887 5.99363 7.52592 5.61962 5.32367 5.13959 5.08819 4.73231 4.51739 4.55956 5.20699 4.31036 4.16207 4.21182 4.14109 4.07022 4.29479 4.75456 4.05429 4.94186 6.62902 4.86508 4.6163 4.82832 5.02798
threshold=-0.88241654634475697 -0.34445361793041224 -0.10341597720980643 0.75515863299369823 -7.6592178344726554 0.71346238255500805 0.014051713049411775 -0.27423870563507075 0.1369593292474747 0.36333923041820532 0.16364298760890963 2.5000000000000004 5.5000000000000009 0.020141499117016796 0.49123992025852209 5.0000000000000009 -0.42377670109271998 0.50294259190559398 -0.17435546219348905 -0.56325161457061756 1.1859351396560671 1.0690566897392275 3.2461453676223759 -0.72058203816413868 -1.4958902597427366 -1.1638195514678953 2.1869909763336186 -0.63653007149696339 -0.95498904585838307 -0.255715861916542
decision_type=2 2 2 2 2 2 2 2 2 2 2 2 2 2 2 2 2 2 2 2 2 2 2 2 2 2 2 2 2 2
left_child=1 -1 3 4 5 6 8 19 9 11 -5 -2 16 14 15 -6 -13 -7 -19 -8 21 22 -4 -17 -25 -26 27 -27 -29 -30
right_child=2 -3 20 10 13 17 7 -9 -10 -11 -12 12 -14 -15 -16 23 -18 18 -20 -21 -22 -23 -24 24 25 26 -28 28 29 -31
leaf_value=0.0032226749708520012 -0.0025068465365709839 0.00022152842483729184 0.00018296689291851778 0.0032451215869942723 0.0020898793561462971 -0.00097815109850762786 0.0029874132303137398 -0.0017912218304719449 -0.0028033169874156511 -0.0024490494558969669 0.00080400908522594485 0.0009845270597085014 0.0017209108500656192 -0.00087356159331394411 0.0024696527441490619 0.0011232391644527655 -0.0010212963271475199 -0.004212554755388234 -0.0016690126024293433 0.00050291574983358112 -0.00049025724034660321 -0.0019108403789015683 0.002141484400371995 -0.0024748587546642147 0.0019927329639877252 -0.0030639534964631877 0.0017175328680329709 -0.0026723955035496158 0.00072284481299003049 -0.0019885821499776371
leaf_weight=2155 2278 3474 216158 2843 3325 5028 2080 3138 3484 3420 8874 3818 3229 8935 2439 6137 8913 3141 3412 8522 24562 2401 3134 2385 3230 2001 2119 2003 6738 2280
leaf_count=2155 2278 3474 216158 2843 3325 5028 2080 3138 3484 3420 8874 3818 3229 8935 2439 6137 8913 3141 3412 8522 24562 2401 3134 2385 3230 2001 2119 2003 6738 2280
internal_value=4.53788e-05 0.00137416 2.39711e-05 -0.00020466 -0.000408854 -0.000846357 -0.000483521 0.000356059 -0.000942308 -0.000641782 0.00139858 -0.000301726 1.43878e-05 0.000122038 0.000394619 0.000226375 -0.000419454 -0.00206307 -0.00289275 0.000992704 0.000120321 0.000187987 0.000211053 -4.71666e-06 -0.000338604 -6.00705e-05 -0.000499017 -0.000860746 -0.000458311 3.58777e-05
internal_weight=355656 5629 350027 103772 92055 50463 38882 13740 25142 21658 11717 18238 15960 41592 32657 30218 12731 11581 6553 10602 246255 221693 219292 26893 20756 18371 15141 13022 11021 9018
internal_count=355656 5629 350027 103772 92055 50463 38882 13740 25142 21658 11717 18238 15960 41592 32657 30218 12731 11581 6553 10602 246255 221693 219292 26893 20756 18371 15141 13022 11021 9018
is_linear=0
shrinkage=0.05


Tree=195
num_leaves=31
num_cat=0
split_feature=10 63 22 24 16 66 63 37 0 67 66 67 21 65 25 53 43 58 10 45 63 17 17 17 29 1 24 71 30 45
split_gain=4.85463 4.99186 4.7306 3.9315 6.62648 5.9967 6.43958 6.33209 5.82516 6.66094 5.82465 5.03317 7.1331 4.97194 5.7874 5.42258 5.00311 4.95673 4.79974 4.78232 5.33107 5.8333 5.64416 8.10086 6.2987 5.523 5.05649 5.01118 8.80727 4.73868
threshold=-1.7152901291847227 -0.26686945557594294 1.624999523162842 1.8036086559295657 -0.58887404203414906 -0.67780867218971241 -0.66880774497985829 -0.015522437170147894 -0.33913135528564448 -0.79448845982551564 3.460665345191956 -0.063480060547590242 0.50804027915000927 0.12708197534084323 0.62510675191879284 0.065901979804039015 0.63333335518836986 -0.43354961276054377 -0.093435615301132188 -1.9312688708305357 -0.16288274526596067 -0.60431846976280201 -0.47123213112354273 -0.40852981805801386 -0.42761868238449091 0.022580636665225032 2.2024577856063847 -0.44019608199596399 -0.10576119273900984 -0.47363361716270441
decision_type=2 2 2 2 2 2 2 2 2 2 2 2 2 2 2 2 2 2 2 2 2 2 2 2 2 2 2 2 2 2
left_child=1 -1 -3 8 5 -5 -7 -8 9 -2 -10 13 -13 14 15 -11 18 -16 -15 -6 21 -21 24 -24 -22 -26 -27 28 -25 -29
right_child=3 2 -4 4 19 6 7 -9 10 11 -12 12 -14 16 17 -17 -18 -19 -20 20 22 -23 23 27 25 26 -28 29 -30 -31
leaf_value=0.0025244460131160608 -0.0017613162561979524 -0.00040270585360937822 0.0021620982706242933 0.0020247178564440655 -0.002602115781551916 -0.0022115138537395621 -0.00065475283752013493 0.0011208126861235717 -0.00016852123669617084 0.0020252897751786691 0.0020814446169357867 -0.0006845932717279824 0.0010423557567714699 -0.0032082116359890621 0.0018090010699358117 0.00059515172911077125 0.0015281686162148865 -0.00043085015049428276 5.9485014037301117e-05 0.0016505185632812993 0.00018194620455764466 -0.00027899991488858936 0.0022348757440414286 -0.00051404143849421069 -0.0035432237264211778 -0.0025643116943587147 0.00058029899964369349 0.0010424567041532997 -0.0034207768780932461 -0.00067886995480906061
leaf_weight=3522 3392 6507 2473 4395 2786 2845 9095 11187 160442 15998 2919 16468 9375 2010 3319 11331 2158 9563 2532 4860 3391 20008 2561 7594 4749 2891 2280 5507 3961 14516
leaf_count=3522 3392 6507 2473 4395 2786 2845 9095 11187 160442 15998 2919 16468 9375 2010 3319 11331 2158 9563 2532 4860 3391 20008 2561 7594 4749 2891 2280 5507 3961 14516
internal_value=-3.54179e-05 0.000931937 0.000305234 -7.07925e-05 -0.000329706 0.000333911 1.18573e-05 0.000324671 4.01581e-05 0.000401302 -0.000128193 0.000502358 -5.79515e-05 0.000810976 0.00102106 0.00143277 -0.000449524 0.000147195 -0.00139046 -0.000572902 -0.000494379 9.86014e-05 -0.000805108 -0.000464343 -0.00167807 -0.00231343 -0.00117934 -0.00068389 -0.00151255 -0.000205163
internal_weight=354635 12502 8980 342133 102626 27522 23127 20282 239507 76146 163361 72754 25843 46911 40211 27329 6700 12882 4542 75104 72318 24868 47450 34139 13311 9920 5171 31578 11555 20023
internal_count=354635 12502 8980 342133 102626 27522 23127 20282 239507 76146 163361 72754 25843 46911 40211 27329 6700 12882 4542 75104 72318 24868 47450 34139 13311 9920 5171 31578 11555 20023
is_linear=0
shrinkage=0.05


Tree=196
num_leaves=31
num_cat=0
split_feature=54 74 33 13 22 29 70 58 9 55 24 11 11 17 7 8 24 53 18 6 55 8 22 32 37 11 16 42 1 39
split_gain=4.8134 6.35473 14.6186 6.32844 11.0031 6.67335 7.63759 6.1529 5.80328 5.7376 5.27285 7.92012 8.86463 5.03444 6.1617 4.79971 6.42702 5.05976 4.69354 4.54729 9.68321 6.00047 5.81582 4.88001 6.28349 6.20018 5.09786 5.43964 4.60265 5.73281
threshold=0.26395091414451605 5.5000000000000009 0.02551553770899773 -8.8526692390441877 1.4901530742645266 0.89284208416938793 3.800005435943604 0.48782739043235784 0.68445563316345226 0.17547746747732165 1.0473287105560305 -0.47747690975666041 0.9631289839744569 0.52871596813201915 -1.3407582044601438 -0.74022749066352833 2.2497123479843144 0.34621176123619085 3.2899814844131474 0.54317903518676769 1.0711369514465334 -0.62617158889770497 1.4857388734817507 -0.2890502512454986 -0.035703191533684724 -0.31898713111877436 0.14201993495225909 -0.56174489110708226 -1.0000000180025095e-35 0.99404689669609081
decision_type=2 2 2 2 2 2 2 2 2 2 2 2 2 2 2 2 2 2 2 2 2 2 2 2 2 2 2 2 2 2
left_child=1 18 9 4 -2 6 13 8 -7 -3 -4 -12 -13 14 -5 16 -16 -17 19 20 28 22 -21 -23 25 -25 27 -26 29 -1
right_child=3 2 10 5 -6 7 -8 -9 -10 -11 11 12 -14 -15 15 17 -18 -19 -20 21 -22 23 -24 24 26 -27 -28 -29 -30 -31
leaf_value=-0.00066364913260742676 0.0041134444656798202 0.0011306239234057053 0.0011226564126094157 0.0022820769362454493 -0.00074737455268953702 -0.00065502469954120495 0.0030007840852322469 0.00053637629678603041 -0.0044474934854941374 0.0037330351834378946 0.00065117637880282326 -0.0033422124368191019 0.00058264669077448029 0.0015183656057657811 0.00045852834533343051 -0.00024687594293669733 0.0035358979580178544 0.0004807699367586872 0.0018222821123537354 -0.0028446691548400412 -0.0027948557372188842 0.0027432789415280864 0.0006272093993367852 0.00059980664561284577 -0.00012249838306589678 -0.0019558259559775584 -0.00080083929242222469 0.0016361994562805755 3.4121537263858169e-06 0.0018419864729995903
leaf_weight=70303 2750 15632 3146 3311 2009 2018 2539 2666 2015 2444 3740 4930 2026 7210 7321 70036 2200 36247 2771 2916 4035 2149 2047 4343 6539 5213 4507 13402 62274 2350
leaf_count=70303 2750 15632 3146 3311 2009 2018 2539 2666 2015 2444 3740 4930 2026 7210 7321 70036 2200 36247 2771 2916 4035 2149 2047 4343 6539 5213 4507 13402 62274 2350
internal_value=4.62568e-05 -0.000102543 0.000548323 0.000273991 0.0020642 0.000210997 0.000291019 -0.00132646 -0.00255616 0.00148436 -0.000674216 -0.00120328 -0.00219987 0.000236322 0.0001586 9.76947e-05 0.00117257 1.30397e-06 -0.000216182 -0.000247649 -0.000384313 0.000214224 -0.0014143 0.000438113 0.000291667 -0.000794932 0.000716537 0.00105972 -0.000312024 -0.000582361
internal_weight=355089 214767 31918 140322 4759 135563 128864 6699 4033 18076 13842 10696 6956 126325 119115 115804 9521 106283 182849 180078 138962 41116 4963 36153 34004 9556 24448 19941 134927 72653
internal_count=355089 214767 31918 140322 4759 135563 128864 6699 4033 18076 13842 10696 6956 126325 119115 115804 9521 106283 182849 180078 138962 41116 4963 36153 34004 9556 24448 19941 134927 72653
is_linear=0
shrinkage=0.05


Tree=197
num_leaves=31
num_cat=0
split_feature=15 10 69 20 12 59 34 12 35 30 35 45 37 37 59 28 30 37 34 64 53 41 68 67 64 47 62 21 60 34
split_gain=5.44098 6.00904 4.02303 8.12736 5.67846 6.19961 6.06508 5.62056 7.75451 5.50582 5.42907 4.99081 4.95324 4.54638 4.49169 4.41904 5.6666 4.23099 4.20728 5.2785 3.9732 4.04652 4.22861 4.79207 4.30095 3.93175 3.90222 7.68508 6.26006 6.07631
threshold=-6.8235108852386466 1.2327954173088076 -0.03303221054375171 2.4943449497222905 -8.9019107818603498 0.045500000938773162 0.44997985661029821 -7.9089639186859122 -0.58786278963088978 -2.4493898153305049 0.35525800287723547 1.4452425837516787 -0.062105953693389886 -0.49997957050800318 0.96250000596046459 -2.9196110963821407 -1.4509591460227964 -0.26666347682476038 0.82423502206802379 1.2108142375946047 -0.66135984659194935 0.6078576147556306 -0.54206588864326466 -0.2473756670951843 0.1133631467819214 0.033716747537255294 0.32500000298023229 0.87939655780792247 0.45499999821186071 -0.31215213239192957
decision_type=2 2 2 2 2 2 2 2 2 2 2 2 2 2 2 2 2 2 2 2 2 2 2 2 2 2 2 2 2 2
left_child=2 -2 3 4 12 -6 11 8 -4 -10 -5 14 -1 -9 20 16 -11 -8 19 26 -7 -22 -23 -24 -25 -13 27 28 -17 -28
right_child=1 -3 7 10 5 6 17 13 9 15 -12 25 -14 -15 -16 18 -18 -19 -20 -21 21 22 23 24 -26 -27 29 -29 -30 -31
leaf_value=-0.0034494320899189214 0.0011232695608185508 -0.001185841691798431 0.002416732721179047 0.00045687115645422281 -0.0020338276645473522 -0.00078609756983314457 -0.0033378082742841369 0.001340443574462759 0.0025984508862015587 -0.0032646203015444086 0.0034931480544785004 0.00023204138832516746 -0.00027959156850269694 -0.00025960769653580947 -0.0019301528040757924 -0.0032278082870111045 0.00037891279694560144 -0.00087454181198031659 -0.0017070898229440469 0.0020532384027110956 0.00030094250125840203 -0.0017650920714803568 0.00078217385038988811 -0.0020300834897956548 0.00050932420975809676 0.0029428099324647996 0.0015469476718100994 0.0018426843114486607 -0.00013487733693662158 0.00016654760287113424
leaf_weight=2796 17506 3349 4228 5231 5112 18277 2107 4623 2385 2076 2041 3278 2201 106392 3620 3157 2181 9955 2666 4107 46453 5270 7341 4285 2720 2252 9080 2096 3386 64850
leaf_count=2796 17506 3349 4228 5231 5112 18277 2107 4623 2385 2076 2041 3278 2201 106392 3620 3157 2181 9955 2666 4107 46453 5270 7341 4285 2720 2252 9080 2096 3386 64850
internal_value=-3.12664e-05 0.00075207 -8.01748e-05 -0.000307565 -0.000409534 -0.000334988 -0.000252531 5.21799e-05 0.00032363 0.000231189 0.00131268 -0.000116337 -0.00205658 -0.000192862 -0.000207986 0.000170597 -0.00140141 -0.00130724 0.000245649 0.000305902 -0.000133854 4.66716e-05 -0.000555318 -0.000109988 -0.00104473 0.00133928 0.000218751 -0.000786197 -0.00162987 0.000336273
internal_weight=355021 20855 334166 122939 115667 110670 105558 211227 100212 95984 7272 93496 4997 111015 87966 93599 4257 12062 89342 86676 84346 66069 19616 14346 7005 5530 82569 8639 6543 73930
internal_count=355021 20855 334166 122939 115667 110670 105558 211227 100212 95984 7272 93496 4997 111015 87966 93599 4257 12062 89342 86676 84346 66069 19616 14346 7005 5530 82569 8639 6543 73930
is_linear=0
shrinkage=0.05


Tree=198
num_leaves=31
num_cat=0
split_feature=33 11 40 1 19 1 16 60 37 66 65 18 43 2 22 35 54 59 59 28 67 54 59 65 68 11 24 57 62 58
split_gain=4.14734 7.96685 6.82546 5.84188 5.33243 5.03717 4.82819 4.90427 4.51105 4.4524 4.5822 5.42442 5.18516 5.16791 4.42091 8.76628 9.08271 7.49706 8.94868 7.26953 6.20697 5.1699 8.26039 4.54647 5.53046 4.70282 5.17129 5.3293 7.23264 5.1474
threshold=0.36999252438545233 1.9762788414955141 -0.25459952652454371 -0.73903349041938771 0.99966251850128185 -0.34128765761852259 0.11496691778302194 0.66500002145767223 0.26652145385742193 -0.37416227161884302 -0.06177216209471225 2.3251106739044194 0.63333335518836986 1.4180772900581362 1.9781802892684939 0.41809110343456274 0.77701738476753246 0.21849999576807025 0.91050001978874218 0.14538718014955523 -0.20246717333793637 -1.4365845918655393 0.44850000739097601 -0.23344549536705014 -0.60043147206306446 -0.35021506249904627 3.5989105701446538 -1.2415235638618467 0.29166667163372045 -0.9049682319164275
decision_type=2 2 2 2 2 2 2 2 2 2 2 2 2 2 2 2 2 2 2 2 2 2 2 2 2 2 2 2 2 2
left_child=14 2 4 -4 5 -2 -7 -8 -3 -5 12 13 -11 -12 21 16 17 19 -19 -16 -17 22 -1 24 -23 -25 27 29 -29 -27
right_child=1 8 3 9 -6 6 7 -9 -10 10 11 -13 -14 -15 15 20 -18 18 -20 -21 -22 23 -24 25 -26 26 -28 28 -30 -31
leaf_value=0.00040308959362634521 5.8848472217819633e-05 0.0029689131417378334 0.0022958322211775388 -0.00087083566658357017 -0.00010349527279323652 -0.0027731930307284842 1.4171456421161618e-05 -0.0029476463734804271 2.8388363248617431e-05 0.0023289500491067228 -0.00036069803235095455 -0.0023745290855857414 -0.00067433366689369299 0.0023616152379396516 0.0011045562911674463 -0.0033887762864141958 0.0041542231646351296 0.0016880740259212397 -0.0018768228154663988 -0.0029402980417565223 0.00050720339576546133 -0.0024114721382918866 -0.0019698152564264306 0.00044894613984529396 -0.00024219950027104206 0.002708396185594892 0.0024479933489239504 -0.0023380760490679755 -8.4755981781677194e-05 8.67260775480544e-05
leaf_weight=6640 3694 2625 2415 15580 8838 8613 4277 2066 2583 4372 8151 2488 2133 2207 2053 2050 2138 13997 2005 2400 2025 3823 8175 71424 12597 3274 2050 3642 143212 4357
leaf_count=6640 3694 2625 2415 15580 8838 8613 4277 2066 2583 4372 8151 2488 2133 2207 2053 2050 2138 13997 2005 2400 2025 3823 8175 71424 12597 3274 2050 3642 143212 4357
internal_value=-2.15258e-05 -0.000366313 -0.000517514 -7.73129e-05 -0.00111534 -0.00159452 -0.00200266 -0.000953654 0.00151336 -0.000241994 0.000264492 -0.0002831 0.00134464 0.000221069 6.29639e-05 0.000675845 0.00106087 0.000735677 0.00124051 -0.00107717 -0.00145624 -1.17892e-07 -0.000906738 5.4879e-05 -0.000748423 0.000112772 -4.06375e-05 -7.38177e-05 -0.000140794 0.0012136
internal_weight=355904 70042 64834 37346 27488 18650 14956 6343 5208 34931 19351 12846 6505 10358 285862 26668 22593 20455 16002 4453 4075 259194 14815 244379 16420 227959 156535 154485 146854 7631
internal_count=355904 70042 64834 37346 27488 18650 14956 6343 5208 34931 19351 12846 6505 10358 285862 26668 22593 20455 16002 4453 4075 259194 14815 244379 16420 227959 156535 154485 146854 7631
is_linear=0
shrinkage=0.05


Tree=199
num_leaves=31
num_cat=0
split_feature=23 69 10 0 24 25 10 9 59 56 19 34 1 6 53 40 17 68 15 35 59 31 30 16 31 9 30 31 13 6
split_gain=4.497 9.31853 5.82387 4.7398 3.7572 3.35465 5.32033 3.59497 4.73828 4.27472 9.59261 6.55035 5.52405 4.89353 4.72917 3.70299 3.67006 5.30808 5.36084 4.8763 11.1882 8.00606 6.38502 6.24577 6.61642 7.26606 7.09943 5.83823 5.70905 5.5707
threshold=0.0042543113231658944 -0.71132895350456227 -0.42019544541835779 -0.8528476059436797 1.5413233041763308 0.024565719999372963 -0.67091444134712208 -1.8401631712913511 0.66449999809265148 -1.0190255045890806 0.15547928959131244 -0.15453048050403592 -0.39937667548656458 -1.3082435727119444 0.78500655293464672 0.4344411194324494 -0.28793041408061976 -0.03947955556213855 -8.3757810592651349 -0.045348916202783578 0.13849999755620959 0.059193789958953864 0.010385814588516952 -0.88533866405487049 0.19331429898738864 0.011281516868621113 -0.61624294519424427 0.2605102807283402 -7.6938965320587149 1.1834158301353457
decision_type=2 2 2 2 2 2 2 2 2 2 2 2 2 2 2 2 2 2 2 2 2 2 2 2 2 2 2 2 2 2
left_child=1 3 -3 4 -1 6 -2 8 -7 10 11 15 -12 -14 -13 -9 19 -18 -19 20 -11 28 -22 -23 -25 -26 27 -27 -21 -28
right_child=5 2 -4 -5 -6 7 -8 9 -10 16 12 14 13 -15 -16 -17 17 18 -20 21 22 23 -24 24 25 26 29 -29 -30 -31
leaf_value=4.3399301077699565e-05 0.0031425252511574076 0.0026468245085357763 -0.00074693980631301989 -0.0042410642048133348 -0.002799133561614479 -0.0022513221769438472 -0.00026488576626232282 -0.0013370276497614707 0.00071511144126025787 -0.0012983204385666257 -0.00026064817712067245 0.00055589104568201002 -0.00016190451208988822 -0.0027180469935129629 0.0031315923297363865 0.00063588510246109743 -0.00028301675329170492 0.0025670865871513103 0.00020177347860883738 -0.00081366221131467023 0.0012277172253686293 -0.0019391213642963702 -0.0011989488820844324 0.0018545028401446802 0.0017566155086465184 -0.0030011388853425458 0.0018717664237383324 -0.00030765311024499132 0.00068937774976371544 -0.00075070978069746979
leaf_weight=2400 2176 2083 3184 2007 2244 3871 2404 6897 2055 5933 6817 8515 2472 7726 2246 3620 106702 2484 60741 28737 34490 2435 2934 9067 6955 2349 6315 13692 8089 2972
leaf_count=2400 2176 2083 3184 2007 2244 3871 2404 6897 2055 5933 6817 8515 2472 7726 2246 3620 106702 2484 60741 28737 34490 2435 2934 9067 6955 2349 6315 13692 8089 2972
internal_value=-1.85311e-05 -0.000972904 0.000597703 -0.00221572 -0.00133319 1.46869e-05 0.00135733 -3.53969e-06 -0.00122316 1.82536e-05 -0.000478575 0.000229108 -0.00136318 -0.0020992 0.00109589 -0.000657983 8.30019e-05 -6.79136e-05 0.000295094 0.000289855 0.00071738 5.98489e-05 0.0010372 0.000516775 0.00066183 0.000326386 -6.68894e-05 -0.000703704 -0.000483415 0.00103262
internal_weight=354612 11918 5267 6651 4644 342694 4580 338114 5926 332188 38293 21278 17015 10198 10761 10517 293895 169927 63225 123968 43357 80611 37424 43785 41350 32283 25328 16041 36826 9287
internal_count=354612 11918 5267 6651 4644 342694 4580 338114 5926 332188 38293 21278 17015 10198 10761 10517 293895 169927 63225 123968 43357 80611 37424 43785 41350 32283 25328 16041 36826 9287
is_linear=0
shrinkage=0.05


Tree=200
num_leaves=31
num_cat=0
split_feature=35 67 56 54 24 6 57 28 74 36 19 64 54 43 67 32 49 26 11 35 7 65 12 11 20 11 70 45 56 0
split_gain=4.76227 4.64732 4.19186 4.67943 6.02265 4.47864 6.67933 5.1583 4.95117 5.29876 5.48557 5.38994 4.79962 5.69056 5.91706 3.85665 4.18148 5.38675 4.20652 4.10926 5.30999 4.57035 6.7205 7.15043 6.24221 5.19087 4.68685 3.81282 5.72997 7.5328
threshold=-1.0065523982048032 -0.77030327916145314 -2.0108315944671626 -1.0000000180025095e-35 1.4290087819099428 -1.1495782136917112 1.4220844507217409 -1.7157179713249204 5.5000000000000009 -0.70473173260688771 0.1045181378722191 -0.38610379397869105 -1.3638607263565061 0.5000000149011613 -0.10922380536794661 -0.49542245268821711 -1.0133466720581052 0.73313787579536449 -0.7760808765888213 0.73094817996025097 1.9778953790664675 -0.063171550631523118 -7.5774245262145987 0.89633336663246166 1.630696773529053 1.2107533216476443 0.0056363891344517478 1.5971854329109194 1.6492460370063784 0.60212388634681713
decision_type=2 2 2 2 2 2 2 2 2 2 2 2 2 2 2 2 2 2 2 2 2 2 2 2 2 2 2 2 2 2
left_child=-1 -2 3 4 -3 6 7 -4 9 -9 -11 -12 13 14 -7 16 -14 18 -18 20 27 24 23 -23 25 -21 -24 28 -17 -30
right_child=1 2 5 -5 -6 12 -8 8 -10 10 11 -13 15 -15 -16 19 17 -19 -20 21 -22 22 26 -25 -26 -27 -28 -29 29 -31
leaf_value=0.0019880090734295916 -0.00077217594262610168 0.0016532539336410062 0.002328841706829237 -0.0026772751271303551 -0.0017372423239553039 -0.00086205907066766061 0.0032617965772297475 -0.0012359631549360124 0.0022126532289770116 0.0026990371693216475 0.0016097641378917404 -0.00069858057350740451 0.0022913201209624236 0.00013679344979581289 -0.0037681687484370421 -6.7640748047840084e-05 -0.0011381598508949267 -0.0016802429050434755 0.0012206971458655564 -0.0010945992308719419 -0.002418989446025332 0.0032086782642728831 0.0006719755561904624 -0.00013821108939606719 0.0039693552128845762 0.002182835233988668 -0.0020685803631116527 -0.00087285052855670588 0.0030679277104126925 4.266052914252922e-05
leaf_weight=2892 20714 2374 3066 3016 2897 5339 2204 6910 2583 2270 3661 8118 3408 6997 2603 215665 2306 2669 10298 2194 2414 2695 2518 3890 2088 2666 4074 13813 3414 5157
leaf_count=2892 20714 2374 3066 3016 2897 5339 2204 6910 2583 2270 3661 8118 3408 6997 2603 215665 2306 2669 10298 2194 2414 2695 2518 3890 2088 2666 4074 13813 3414 5157
internal_value=-2.91757e-05 -4.58037e-05 -3.67509e-07 -0.00111007 -0.000209961 2.81351e-05 0.000622957 0.000403233 0.000151568 -0.000103375 0.000454171 1.96269e-05 -3.01354e-05 -0.000902995 -0.00181808 1.65873e-05 0.000710359 0.000356317 0.000788566 -3.31731e-05 -9.06233e-05 0.000652972 0.000105492 0.00123434 0.00168963 0.00070406 -0.00102232 -6.69112e-05 -1.72284e-05 0.00124986
internal_weight=354913 352021 331307 8287 5271 323020 28812 26608 23542 20959 14049 11779 294208 14939 7942 279269 18681 15273 12604 260588 240463 20125 13177 6585 6948 4860 6592 238049 224236 8571
internal_count=354913 352021 331307 8287 5271 323020 28812 26608 23542 20959 14049 11779 294208 14939 7942 279269 18681 15273 12604 260588 240463 20125 13177 6585 6948 4860 6592 238049 224236 8571
is_linear=0
shrinkage=0.05


Tree=201
num_leaves=31
num_cat=0
split_feature=56 19 11 35 22 40 20 39 10 22 60 16 65 28 25 47 1 64 22 27 10 28 21 15 13 32 10 11 73 16
split_gain=3.48578 9.05485 6.5149 6.84643 5.99841 4.41843 4.14633 5.45864 3.75775 5.19338 3.80121 4.40308 4.35169 3.49851 3.49403 3.47182 4.52758 3.58176 3.23819 6.65359 7.66555 6.80584 8.3615 5.73949 6.82233 16.1542 6.33859 6.85009 5.87118 5.78086
threshold=-1.0190255045890806 0.18680631369352343 1.301902234554291 0.032326424494385726 1.8748632669448855 -0.065402505919337259 1.5629311203956606 0.32143642008304601 -0.90398833155632008 1.5740871429443362 0.2650000005960465 -0.24151952564716336 0.0397721715271473 -3.3397591114044185 0.38854768872261053 0.20256673544645312 0.18151997774839404 0.06399655714631082 1.630617141723633 -0.76820823550224293 -0.9208894371986388 -0.43096458911895746 0.2308689430356026 -7.3194344043731681 -8.8526692390441877 1.0000000180025095e-35 2.4295314550399785 2.3471915721893315 9.5000000000000018 0.48464362323284155
decision_type=2 2 2 2 2 2 2 2 2 2 2 2 2 2 2 2 2 2 2 2 2 2 2 2 2 2 2 2 2 2
left_child=1 2 3 8 15 -6 7 -5 9 -1 -10 -12 -13 -2 -4 16 17 -3 23 -20 -21 22 -22 24 25 -15 27 -26 -27 -25
right_child=13 4 14 6 5 -7 -8 -9 10 -11 11 12 -14 18 -16 -17 -18 -19 19 20 21 -23 -24 29 26 28 -28 -29 -30 -31
leaf_value=-0.00049028306780442993 -0.0015062027198799368 -0.0046936905496384809 -0.0033072043831080425 -0.00084547820671099336 -0.0014459894177505444 0.0017956448884304419 0.0026843727521073312 0.0024828440954255369 -0.0020399670180965483 0.0024454824953975048 -0.0018576879175662472 0.0015356374046620145 -0.00097530350785506948 -0.00135255099076266 -0.00051345350856515492 -0.00064094952064327505 -0.0011816226193007459 -0.001962317107146993 0.00076289729876891771 -0.0017935068641944732 0.0012279964315142816 0.00017367111024996625 -0.0012668096184466193 0.00057951686971434251 -0.00013039257075652948 0.0053162242227281853 0.0024643359147022976 -0.0026383931536141433 0.0015806918365159851 -0.0020510245467964699
leaf_weight=3429 3849 2827 2002 3034 2081 2104 3802 2060 3780 2673 2783 4118 2956 3024 2532 3302 3531 2121 13683 9119 3970 38632 21550 65217 136596 2080 2293 2768 2142 2148
leaf_count=3429 3849 2827 2002 3034 2081 2104 3802 2060 3780 2673 2783 4118 2956 3024 2532 3302 3531 2121 13683 9119 3970 38632 21550 65217 136596 2080 2293 2768 2142 2148
internal_value=-7.27869e-05 -0.000463757 7.2605e-06 0.00028627 -0.00144168 0.000184131 0.00143709 0.000502714 -0.000232847 0.000797635 -0.000694192 -0.000176564 0.000486499 -1.02141e-05 -0.00175161 -0.00201888 -0.00255411 -0.00352918 8.82458e-06 -0.000248845 -0.000437861 -0.000244911 -0.000878378 0.000112431 -6.08246e-05 0.00143453 -0.00013741 -0.000180391 0.00342924 0.000495347
internal_weight=356206 49135 33169 28635 15966 4185 8896 5094 19739 6102 13637 9857 7074 307071 4534 11781 8479 4948 303222 86954 73271 64152 25520 216268 148903 7246 141657 139364 4222 67365
internal_count=356206 49135 33169 28635 15966 4185 8896 5094 19739 6102 13637 9857 7074 307071 4534 11781 8479 4948 303222 86954 73271 64152 25520 216268 148903 7246 141657 139364 4222 67365
is_linear=0
shrinkage=0.05


Tree=202
num_leaves=31
num_cat=0
split_feature=46 56 18 33 29 11 35 24 0 55 2 46 1 43 56 21 33 40 35 11 30 67 25 11 24 1 14 33 52 24
split_gain=3.98585 3.93472 5.69657 4.88855 7.43974 4.54094 7.29406 4.42134 6.24234 4.98685 7.86769 5.07911 5.25931 5.02872 11.8596 7.1024 5.41722 4.9064 4.83398 4.68441 4.68157 6.18526 4.56852 7.2132 4.55091 5.97199 8.07038 6.3623 8.51854 5.85669
threshold=-2.2976695299148555 -1.5061429142951963 1.0987020730972292 -0.75725504755973805 -0.82826745510101307 1.4059562683105471 0.018856624141335491 1.3172430992126467 1.6044043302536013 -0.39696516096591944 0.16046199947595599 0.22049313038587573 0.27057105302810674 0.56666669249534618 -0.030424670316278931 0.67870441079139721 0.055455731227993972 -0.9523867368698119 -0.21409640461206433 1.2785961627960207 -0.97886499762535084 -0.12056529149413107 0.34129382669925695 -0.18449021875858304 1.9150742888450625 1.0000000180025095e-35 -8.0809364318847638 0.59431385993957531 1.0000000180025095e-35 1.9979255199432375
decision_type=2 2 2 2 2 2 2 2 2 2 2 2 2 2 2 2 2 2 2 2 2 2 2 2 2 2 2 2 2 2
left_child=-1 2 -2 4 -3 6 -4 8 9 10 20 -12 -13 15 16 17 -15 -11 -16 -17 -5 22 23 -22 -9 29 -27 -28 -29 -26
right_child=1 3 5 7 -6 -7 -8 24 -10 13 11 12 -14 14 18 19 -18 -19 -20 -21 21 -23 -24 -25 25 26 27 28 -30 -31
leaf_value=0.0012413639936567525 -0.0030564534607573348 0.0038034103502921964 -0.00074373591888811169 -0.0015447472097052664 0.00018662498167133789 -0.0025726425891645275 0.0017398857120522787 0.00031721193471917968 -0.0018374534159155569 0.0022762274636908895 -0.00050453098973669548 -0.0015481817250092718 -0.0046643302671106404 -0.00020015485058799893 0.0032210493360727305 -0.0011777336714643002 -0.0029119185178043314 5.4328867314706137e-05 0.00094455250174075092 0.0011544663056473638 -7.5326899161684904e-05 -0.00098609893143922515 -0.00017310621143780262 0.0035807233904822087 -0.0021069356090289569 0.0020808625191232667 0.00029014104044513205 -0.0036917117514533426 6.6036641861541296e-05 -0.00035396935371631734
leaf_weight=6371 2269 2120 11384 4826 4280 2101 3982 127466 5920 2810 3786 3190 2363 7734 2687 19842 2408 20894 17382 2407 2406 6407 4520 3060 5507 5292 30839 2528 3716 34999
leaf_count=6371 2269 2120 11384 4826 4280 2101 3982 127466 5920 2810 3786 3190 2363 7734 2687 19842 2408 20894 17382 2407 2406 6407 4520 3060 5507 5292 30839 2528 3716 34999
internal_value=2.98617e-06 -1.96473e-05 -0.000705207 2.14496e-05 0.00138875 -0.000398201 -9.94084e-05 -5.68553e-06 -0.000258469 -0.000170717 -0.000710199 -0.00191869 -0.00288022 4.57956e-05 0.000546766 -0.000283606 -0.000846239 0.000318574 0.0012508 -0.00092502 -0.00017766 0.000225499 0.00100307 0.00197422 0.000129687 -0.000158718 0.000256218 -4.66263e-06 -0.00145883 -0.000592755
internal_weight=355496 349125 19736 329389 6400 17467 15366 322989 112642 106722 30558 9339 5553 76164 30211 45953 10142 23704 20069 22249 21219 16393 9986 5466 210347 82881 42375 37083 6244 40506
internal_count=355496 349125 19736 329389 6400 17467 15366 322989 112642 106722 30558 9339 5553 76164 30211 45953 10142 23704 20069 22249 21219 16393 9986 5466 210347 82881 42375 37083 6244 40506
is_linear=0
shrinkage=0.05


Tree=203
num_leaves=31
num_cat=0
split_feature=39 7 24 5 11 16 11 16 25 12 18 17 8 24 11 14 15 2 10 10 60 12 7 24 23 36 11 23 40 56
split_gain=4.60521 5.70752 8.03321 6.04485 9.43637 5.59846 5.3505 4.90261 4.67725 4.78922 4.49569 5.14867 5.11132 5.91806 5.5492 4.68434 4.58996 4.57804 7.21232 8.1349 5.94542 5.15184 4.57491 6.63838 4.50682 7.4635 4.50181 10.6108 5.82401 5.54534
threshold=0.83627820014953624 -0.19556664675474164 2.6185778379440312 -0.21715044230222699 1.2107533216476443 -0.33690264821052546 -1.3920832276344297 -0.33279795944690699 0.41584579646587377 -8.4810523986816388 0.85158562660217296 -0.29220947623252863 1.9951509237289431 1.8980011343955996 0.65269276499748241 -7.1274757385253897 -7.9009611606597892 -0.83052524924278248 0.60681879520416271 -0.9208894371986388 0.53499999642372142 -7.5503990650176993 -0.094470903277397142 1.3265146017074587 0.89969900250434887 -0.09073756635189055 -0.88732323050498951 0.7015039622783662 0.52620890736579906 0.38933405280113226
decision_type=2 2 2 2 2 2 2 2 2 2 2 2 2 2 2 2 2 2 2 2 2 2 2 2 2 2 2 2 2 2
left_child=10 2 5 4 -3 -2 -5 8 -8 -10 24 17 13 26 16 -16 -15 18 19 -12 21 -19 23 -21 -1 -26 27 28 -13 -28
right_child=1 3 -4 6 -6 -7 7 -9 9 -11 11 12 -14 14 15 -17 -18 20 -20 22 -22 -23 -24 -25 25 -27 29 -29 -30 -31
leaf_value=0.0005216045700846241 -0.0023665783199418836 0.0017516886279513829 0.0016540319034026888 -0.0023133298036133103 -0.0019120535335167771 -0.00072320913595486829 -0.0031181241705384704 0.00041507075049748921 0.0011264044241154859 -0.001511389829883887 -0.0007515002648735466 -0.00096905627823467861 0.0019556259726238533 -0.0031606845472798746 -0.00096538872714508261 0.0013624779120037039 -0.0010542089955722143 -0.00072670312528365214 -0.00072224175929039682 0.0033682824547418134 0.00061642350285684357 0.00095618829923670211 0.0033898536010236648 7.6437496241416625e-05 -0.0028816219978356865 0.00018012880823990452 7.1030774944514107e-05 0.0035432863857179325 0.0018336692395543178 -0.00075702406407979791
leaf_weight=74337 7480 8622 2674 3180 2198 16871 2093 15211 2903 4196 3062 5576 2593 3056 4555 4094 16687 24786 4772 2442 25586 5560 4477 4081 2633 8057 57545 2738 2764 31159
leaf_count=74337 7480 8622 2674 3180 2198 16871 2093 15211 2903 4196 3062 5576 2593 3056 4555 4094 16687 24786 4772 2442 25586 5560 4477 4081 2633 8057 57545 2738 2764 31159
internal_value=-7.54118e-06 -0.000386485 -0.000943027 5.30881e-06 0.00100635 -0.00122877 -0.000387592 -0.000135801 -0.00104685 -0.000432647 7.77994e-05 -4.87029e-05 -0.000237922 -0.000282448 -0.000919237 0.000136807 -0.0013817 0.000282233 0.000956253 0.00152597 5.51395e-05 -0.00041815 0.00216004 0.00131207 0.000383559 -0.000575984 -0.000101182 0.000848701 -3.91078e-05 -0.000219892
internal_weight=355988 65428 27025 38403 10820 24351 27583 24403 9192 7099 290560 205533 130767 128174 28392 8649 19743 74766 18834 14062 55932 30346 11000 6523 85027 10690 99782 11078 8340 88704
internal_count=355988 65428 27025 38403 10820 24351 27583 24403 9192 7099 290560 205533 130767 128174 28392 8649 19743 74766 18834 14062 55932 30346 11000 6523 85027 10690 99782 11078 8340 88704
is_linear=0
shrinkage=0.05


Tree=204
num_leaves=31
num_cat=0
split_feature=32 23 66 67 10 45 70 1 64 46 56 51 16 17 14 14 23 37 17 15 7 30 32 0 32 54 64 28 6 65
split_gain=4.39676 7.1284 6.16978 10.6397 5.8593 5.10109 4.75137 5.97009 4.68759 4.7973 4.8254 4.41965 4.18313 5.06878 6.10574 4.94059 11.2731 7.16792 5.11777 5.11202 5.51852 5.97833 11.1015 5.40497 4.87806 4.83498 7.85764 7.45237 8.67346 7.37658
threshold=-0.4438637495040893 0.3914302289485932 -0.35138934850692743 -0.6204465627670287 -1.4641173481941221 -1.434497535228729 -0.67471188306808461 -1.1280637383460996 -0.68452882766723622 -0.74664843082427967 -1.5061429142951963 0.51478075981140148 -0.11718153581023215 -0.28353501856327051 -7.3557615280151358 -8.2798829078674299 0.90698409080505382 0.16624962538480761 -0.59822255373001088 -7.3930211067199698 0.79069283604621898 -1.9431196451187132 0.01999181974679232 -1.0854609608650205 -0.068435180932283388 0.33433459699153906 0.18967140465974811 1.2576035857200625 0.81546574831008922 -0.16476133465766904
decision_type=2 2 2 2 2 2 2 2 2 2 2 2 2 2 2 2 2 2 2 2 2 2 2 2 2 2 2 2 2 2
left_child=1 2 3 -1 -4 -5 -7 -8 -6 10 -10 -3 15 14 -14 16 17 -2 -19 -17 21 22 -21 -23 -22 26 29 28 -27 -15
right_child=12 11 4 5 8 6 7 -9 9 -11 -12 -13 13 25 -16 19 -18 18 -20 20 24 23 -24 -25 -26 27 -28 -29 -30 -31
leaf_value=-0.001553584030892009 -0.0019772435287896645 0.002307170867215544 0.002137763602206617 0.0034765548048516504 0.0010996057020745086 -0.0008206683643703132 -0.00046894155715836356 0.0028088678267784765 -0.0012644641623393875 -0.0015643756131494245 0.0012712067635630802 -0.00013918388662634718 1.4127234276720689e-05 0.001191265879288801 0.0021801734609881275 0.00047695498321049569 0.0018211843466057092 0.0017842347169484563 -0.0012559163919449385 -0.003927654785841869 0.00086999508397797749 0.0024294397914136458 0.00081136779257248823 0.0001616412592229492 -0.0014641510055097258 0.00031104362885396754 -0.0016066673213942638 0.0016797632989681488 -0.0015861996419833406 -0.00064159807453688085
leaf_weight=3287 10445 7177 2173 2903 3490 2426 2027 4387 3538 10933 3972 2483 39810 6497 3533 83208 3794 2732 2786 2435 2794 2780 2493 45119 11131 18117 17950 5617 9013 35112
leaf_count=3287 10445 7177 2173 2903 3490 2426 2027 4387 3538 10933 3972 2483 39810 6497 3533 83208 3794 2732 2786 2435 2794 2780 2493 45119 11131 18117 17950 5617 9013 35112
internal_value=2.25602e-05 0.00046322 0.000162808 0.00095753 -0.00033289 0.00166114 0.00106172 0.00177387 -0.000578531 -0.000896512 7.65461e-05 0.00167887 -4.7868e-05 -0.000254856 0.000191149 0.000117575 -0.00062546 -0.00120774 0.000249788 0.000215504 -0.000110423 0.000123031 -0.00153347 0.000293741 -0.000995525 -0.000464279 -0.000732569 2.37518e-05 -0.000319602 -0.00035519
internal_weight=354162 48796 39136 15030 24106 11743 8840 6414 21933 18443 7510 9660 305366 135649 43343 169717 19757 15963 5518 149960 66752 52827 4928 47899 13925 92306 59559 32747 27130 41609
internal_count=354162 48796 39136 15030 24106 11743 8840 6414 21933 18443 7510 9660 305366 135649 43343 169717 19757 15963 5518 149960 66752 52827 4928 47899 13925 92306 59559 32747 27130 41609
is_linear=0
shrinkage=0.05


Tree=205
num_leaves=31
num_cat=0
split_feature=17 71 49 67 7 65 66 29 6 50 45 59 31 7 17 16 19 45 66 2 29 31 16 22 59 22 63 13 58 60
split_gain=6.66204 5.59466 6.63803 4.47787 3.99661 3.86732 7.96194 6.04259 6.86574 5.96493 5.83176 5.76113 7.09727 7.78026 9.11716 7.4384 6.46202 8.12549 6.46316 6.1914 5.56697 5.84256 5.6816 6.0703 5.44031 5.3307 5.14438 5.11819 5.0907 4.84596
threshold=-1.1710231304168699 -0.10634810850024222 -0.048331290483474725 -0.88404679298400868 0.058288659900426872 -0.030320830643177029 -0.44997116923332209 0.11228119954466821 0.67740339040756237 0.52259084582328807 1.8030586242675783 0.75350001454353344 0.81503584980964672 1.1157370209693911 0.17990148812532428 -0.3113319724798202 0.97873151302337658 -0.033634902909398072 -0.50387549400329579 -0.28598038852214808 0.055521940812468536 -0.75273633003234852 0.37631835043430334 1.2911084294319155 0.86849999427795421 1.4945543408393862 0.16840666532516482 -7.7330372333526602 1.3868684172630312 0.2950000017881394
decision_type=2 2 2 2 2 2 2 2 2 2 2 2 2 2 2 2 2 2 2 2 2 2 2 2 2 2 2 2 2 2
left_child=4 3 -3 -2 -1 6 7 20 9 -9 25 12 13 -7 15 -15 17 27 -18 -19 21 -5 23 -23 -25 -8 -17 -13 -21 -10
right_child=1 2 -4 5 -6 11 10 8 29 -11 -12 16 -14 14 -16 26 18 19 -20 28 -22 22 -24 24 -26 -27 -28 -29 -30 -31
leaf_value=0.00041315298229910801 -0.0012861049928878673 0.00021172495457444322 -0.0027288866439083232 0.0026332734403325133 0.0035155209469997549 -0.00020858037778022985 0.00014631912888788591 -0.00074670905312210385 -0.0001378561027926053 0.0012409166582668454 0.0025190513145900975 -3.9583125344846072e-05 0.0023437283309231112 -0.00033490414842434689 0.00062363397928314889 -0.0013535975596441511 -0.00033905340269547627 0.0008953454856528211 0.0026565522104344996 -0.00078464420575918153 0.0026706219341096171 -0.00053517170247077684 -0.0025310425701268826 0.0012043774143852288 -0.0015934070974066466 0.00098636457520408986 -0.004064451617643728 0.001578841158044905 -0.003446168193821186 -0.0027289233751559001
leaf_weight=2058 6644 3581 4122 2074 2091 117597 53706 14930 2596 5041 3513 9477 2487 3811 4070 2816 2725 4801 5286 12143 2151 18310 2225 12815 2001 29121 4675 10071 2101 5917
leaf_count=2058 6644 3581 4122 2074 2091 117597 53706 14930 2596 5041 3513 9477 2487 3811 4070 2816 2725 4801 5286 12143 2151 18310 2225 12815 2001 29121 4675 10071 2101 5917
internal_value=-8.02297e-06 -3.16073e-05 -0.00136334 -1.66981e-06 0.00198137 2.37311e-05 0.000207798 -0.000196592 -0.000751791 -0.000244631 0.000526556 -0.000132374 -0.000297349 -0.000346919 -0.0014044 -0.00213463 0.000347094 7.86892e-05 0.00163842 -0.00065616 0.00020309 6.05934e-05 -9.10446e-05 7.35591e-05 0.000825698 0.000441753 -0.00304856 0.000794599 -0.00117936 -0.00193988
internal_weight=354956 350807 7703 343104 4149 336460 154400 68060 28484 19971 86340 182060 135456 132969 15372 11302 46604 38593 8011 19045 39576 37425 35351 33126 14816 82827 7491 19548 14244 8513
internal_count=354956 350807 7703 343104 4149 336460 154400 68060 28484 19971 86340 182060 135456 132969 15372 11302 46604 38593 8011 19045 39576 37425 35351 33126 14816 82827 7491 19548 14244 8513
is_linear=0
shrinkage=0.05


Tree=206
num_leaves=31
num_cat=0
split_feature=1 20 55 20 23 72 54 22 24 64 27 2 62 7 48 32 48 51 12 59 46 35 59 71 24 65 27 63 25 30
split_gain=4.76257 4.46551 4.94971 6.3248 6.15208 9.15058 6.23768 5.22242 5.13817 5.07066 5.01378 4.90727 4.88295 9.80878 4.83069 4.80436 4.79409 4.71665 4.42705 5.04425 4.91644 5.5486 4.77445 4.43047 5.31354 4.22982 4.06067 3.97017 4.14794 4.59825
threshold=2.4105490446090703 2.8838458061218266 -1.8413338065147398 2.6820402145385747 0.20145463198423388 5.0000000000000009 0.52170932292938244 2.3977549076080327 4.0993838310241708 0.23799371719360354 -0.29431690275669092 -1.1708559989929197 0.29166667163372045 -1.0000000180025095e-35 -0.19392699748277661 0.066798519343137755 -0.37713791429996485 -1.7711741924285886 -6.8281455039978018 0.34749999642372137 0.041632439941167838 -0.4133330881595611 0.45350000262260443 -0.32436051964759821 1.2276269197463991 -0.30432033538818354 0.94848212599754345 -0.21031018346548078 0.34129382669925695 -0.47700017690658564
decision_type=2 2 2 2 2 2 2 2 2 2 2 2 2 2 2 2 2 2 2 2 2 2 2 2 2 2 2 2 2 2
left_child=1 2 10 4 5 -4 15 8 12 -9 -1 -8 13 -6 -3 18 -13 -14 19 23 22 -22 -21 24 -7 -19 -2 28 29 -24
right_child=26 14 3 -5 7 6 11 9 -10 -11 -12 16 17 -15 -16 -17 -18 25 -20 20 21 -23 27 -25 -26 -27 -28 -29 -30 -31
leaf_value=-0.00057270551066285614 0.0025376128389467865 -0.00029139872244846629 0.0021392320015644773 -0.0022523719724099936 -0.0037222848957242129 0.0012126581242270507 -0.00076915960087542196 0.0026841041684462857 0.0022760621365547069 -0.00052910998075637265 -0.0034902667089383868 0.0030262579992925073 0.0010106319079486795 0.00083475400295038565 0.0022388623698480557 0.0022841693288356587 0.00078245251187869307 -0.0016672883238055504 -0.0020925684499614587 0.0016999990127219379 0.0031055036014312216 0.00042191997274473707 -0.0040599608463471942 -0.0029067374609785365 -0.0011440778596629377 -0.0001763050685231269 -0.00031187241731207263 0.00019773556031563375 0.00040921742908654811 -0.00078722332972694462
leaf_weight=5453 3260 3352 6746 3251 2749 3391 2544 3136 2109 2009 2010 3993 8228 2059 4298 2049 5898 4842 2840 3006 2895 5728 2000 2167 8053 242967 2021 9073 2072 2316
leaf_count=5453 3260 3352 6746 3251 2749 3391 2544 3136 2109 2009 2010 3993 8228 2059 4298 2049 5898 4842 2840 3006 2895 5728 2000 2167 8053 242967 2021 9073 2072 2316
internal_value=-4.03283e-05 -6.27559e-05 -8.93728e-05 -6.10742e-05 -3.96057e-05 0.000397678 0.000194871 -0.000145262 -0.000176153 0.00143083 -0.00136211 0.00118702 -0.000196066 -0.00177308 0.00113124 -7.59441e-05 0.00169042 -0.000166384 -0.000187508 -5.40968e-05 0.000340446 0.00132543 -0.000119954 -0.000839029 -0.000445299 -0.000205504 0.00144861 -0.000474667 -0.00142851 -0.00230966
internal_weight=356515 351234 343584 336121 332870 64771 58025 268099 262954 5145 7463 12435 260845 4808 7650 45590 9891 256037 43541 40701 27090 8623 18467 13611 11444 247809 5281 15461 6388 4316
internal_count=356515 351234 343584 336121 332870 64771 58025 268099 262954 5145 7463 12435 260845 4808 7650 45590 9891 256037 43541 40701 27090 8623 18467 13611 11444 247809 5281 15461 6388 4316
is_linear=0
shrinkage=0.05


Tree=207
num_leaves=31
num_cat=0
split_feature=11 68 43 55 50 43 2 39 28 58 58 8 12 20 22 64 68 15 22 63 15 19 10 58 5 63 11 39 73 15
split_gain=3.59474 6.28989 6.34205 5.75965 5.48801 5.41105 6.09839 4.8687 5.00749 4.71931 5.78647 5.165 7.24477 5.24461 7.66787 6.1667 5.99324 5.69151 5.10245 7.46987 5.05555 4.64539 4.57199 4.28492 5.23764 4.96832 5.2749 5.28333 5.25351 5.05557
threshold=0.21156261861324313 0.57017403841018688 0.76666668057441723 1.8872746825218203 0.16870141774415973 1.0000000180025095e-35 0.55145376920700084 0.99579545855522167 -0.96635359525680531 0.33313153684139257 -0.9049682319164275 1.585896968841553 -7.5091810226440421 0.93536335229873668 1.0655314922332766 0.18448340892791751 -0.61415392160415638 -7.2680065631866446 1.3671617507934573 0.19789376109838488 -7.2717719078063956 0.8684557080268861 0.2872674316167832 -0.97059744596481312 1.1405333280563357 -0.62859907746314991 -1.3920832276344297 -0.87671843171119679 4.5000000000000009 -7.4740068912506095
decision_type=2 2 2 2 2 2 2 2 2 2 2 2 2 2 2 2 2 2 2 2 2 2 2 2 2 2 2 2 2 2
left_child=3 5 4 7 -3 6 -2 23 -9 10 18 12 13 14 -12 -16 -15 -18 19 -7 -14 -6 -5 24 25 -1 -27 -28 -29 -30
right_child=1 2 -4 22 21 9 -8 8 -10 -11 11 -13 20 16 15 -17 17 -19 -20 -21 -22 -23 -24 -25 -26 26 27 28 29 -31
leaf_value=0.00090293562172708702 -0.00083904348961074272 0.00015588532238951924 -0.0010481553026463445 -0.0034542956252871684 0.0023507230352016791 0.0029447289672962854 -0.0039574578347634469 0.0028841962486724389 -0.00023111583361028087 6.6386288703260164e-06 0.00030897830052762021 -0.003304814321046204 0.0016541162451382679 0.00066401553161758362 -0.0042932796405035336 -0.001248035808458982 -0.00085520679776003117 -0.0036494748799490891 -0.00071529535603368345 -0.00090031607425714001 -0.00052777714601479737 -0.00017569881020060353 -9.144837935427672e-05 0.00018919509275058574 0.0018880546189947178 -0.0026372897053476741 -0.0024629851760667866 -0.0018720700061938618 -0.00046844030794875578 0.0018783494230288464
leaf_weight=4011 6638 13314 5688 2010 7270 3375 2046 3174 2166 64266 2380 2058 4483 5841 3874 2926 15572 2056 4914 2009 6481 2424 2024 162184 2109 4035 3130 3397 6145 3650
leaf_count=4011 6638 13314 5688 2010 7270 3375 2046 3174 2166 64266 2380 2058 4483 5841 3874 2926 15572 2056 4914 2009 6481 2424 2024 162184 2109 4035 3130 3397 6145 3650
internal_value=-4.56414e-05 -0.000223816 0.00044556 9.61713e-05 0.000815129 -0.000372836 -0.00157747 0.000135095 0.0016225 -0.000285707 -0.000621332 -0.000862713 -0.000746744 -0.0011201 -0.00213285 -0.00298669 -0.00072322 -0.00118299 0.000448977 0.00151097 0.000365058 0.00171946 -0.00177144 9.29107e-05 -0.000496725 -0.000703812 -0.00102068 -0.000619667 -0.000180778 0.000407089
internal_weight=355650 157615 28696 198035 23008 128919 8684 194001 5340 120235 55969 45671 43613 32649 9180 6800 23469 17628 10298 5384 10964 9694 4034 188661 26477 24368 20357 16322 13192 9795
internal_count=355650 157615 28696 198035 23008 128919 8684 194001 5340 120235 55969 45671 43613 32649 9180 6800 23469 17628 10298 5384 10964 9694 4034 188661 26477 24368 20357 16322 13192 9795
is_linear=0
shrinkage=0.05


Tree=208
num_leaves=31
num_cat=0
split_feature=25 63 29 58 71 25 70 70 35 46 39 31 45 40 41 55 41 22 29 58 62 55 6 40 46 70 58 69 43 46
split_gain=4.04626 4.07134 4.05999 3.80762 6.25883 4.34292 3.52006 3.3071 4.71431 3.74957 5.23636 3.4185 5.51954 4.92222 4.83728 4.10157 4.62739 4.96511 5.62705 3.81296 3.22421 5.19817 4.71356 5.36387 5.17506 4.48785 5.09861 4.46215 3.76258 3.74085
threshold=0.99992328882217418 1.9883915185928347 -0.97662320733070362 -1.9683774113655088 -0.49850133061408991 0.98570549488067638 -0.042922809720039361 -2.7675025463104244 -0.49792841076850886 -2.1815718412399288 0.10018710792064668 0.5899740755558015 0.3639990240335465 -0.9081345498561858 -1.0000000180025095e-35 -0.67705264687538136 0.6078576147556306 1.7942895889282229 0.23561911284923556 -0.03863264434039592 0.5416666865348817 -0.40675543248653406 0.38249208033084875 -0.9081345498561858 1.1631287932395937 2.3520646095275883 0.8687579631805421 2.3361015319824223 0.36666667461395269 1.7328448295593264
decision_type=2 2 2 2 2 2 2 2 2 2 2 2 2 2 2 2 2 2 2 2 2 2 2 2 2 2 2 2 2 2
left_child=1 2 -1 4 -4 7 -3 8 -5 10 -9 20 13 -13 -14 -15 17 18 -17 -20 25 -22 -23 -24 -25 27 28 29 -27 -11
right_child=-2 6 3 5 -6 -7 -8 9 -10 11 -12 12 14 15 -16 16 -18 -19 19 -21 21 22 23 24 -26 26 -28 -29 -30 -31
leaf_value=0.0018499847742067988 0.0014038755551372536 -0.00029673087139126138 0.0027036376797356862 0.00091704845350229426 -0.00079452501048850105 -0.0017393105419527635 0.0023403845303336646 0.0026315326153552396 -0.0014784650802202003 -2.6367511260513959e-05 -0.00039616095610830576 -0.0022188248453918376 -0.0030588847697482551 0.0023175120153207276 -0.00064215182351741473 -0.0017231448249493146 0.0014168073736683705 -0.0023531284168488288 0.0027654309738930562 -0.00015402149597581799 0.0021046233278768354 -0.00061513333660542736 -0.0017067152196040488 0.00064160453262960214 0.0031770334072085621 0.0003280986313284848 -0.0010712732486927372 -0.001352200253917362 0.0028395931217315394 -0.0010658298285078848
leaf_weight=2802 5045 2031 3117 2697 2157 3881 3338 3088 8526 231985 2645 2380 3522 2014 5021 2724 3719 2984 2011 2502 4185 10671 2049 14302 2334 2539 2046 6918 3614 8981
leaf_count=2802 5045 2031 3117 2697 2157 3881 3338 3088 8526 231985 2645 2380 3522 2014 5021 2724 3719 2984 2011 2502 4185 10671 2049 14302 2334 2539 2046 6918 3614 8981
internal_value=-6.48909e-07 -2.08884e-05 -4.21438e-05 -5.76718e-05 0.00127414 -7.85307e-05 0.00134411 -5.91498e-05 -0.000902495 -2.97501e-05 0.00123641 -5.27232e-05 -0.000592034 -0.00010267 -0.0016409 0.000214208 -9.11137e-05 -0.000640632 6.77461e-05 0.00115013 -2.65659e-06 0.000458232 0.000222885 0.00070155 0.000999015 -6.3038e-05 0.00108716 -0.000101124 0.00180545 -6.51517e-05
internal_weight=355828 350783 345414 342612 5274 337338 5369 333457 11223 322234 5733 316501 26877 18334 8543 15954 13940 10221 7237 4513 289624 33541 29356 18685 16636 256083 8199 247884 6153 240966
internal_count=355828 350783 345414 342612 5274 337338 5369 333457 11223 322234 5733 316501 26877 18334 8543 15954 13940 10221 7237 4513 289624 33541 29356 18685 16636 256083 8199 247884 6153 240966
is_linear=0
shrinkage=0.05


Tree=209
num_leaves=31
num_cat=0
split_feature=23 13 23 6 70 59 20 48 32 55 55 69 69 40 24 17 40 19 54 65 54 24 37 59 1 11 41 65 24 72
split_gain=4.38194 5.89473 4.90584 8.03199 4.84697 4.73575 4.97291 7.8557 5.37839 5.59446 4.27317 4.60849 3.96453 3.67426 3.60052 4.39287 4.22189 3.61079 3.4832 7.39082 6.65861 6.9406 6.71116 6.0485 5.7328 5.28808 4.87042 9.68074 5.66079 5.6841
threshold=0.99985027313232433 -8.5901584625244123 0.97443011403083812 0.93351811170578014 0.096929103136062636 0.062500000000000014 2.8838458061218266 0.14343641698360446 -0.80817386507987965 -1.911619961261749 -1.911619961261749 -1.5713713765144346 0.058938676491379745 0.52620890736579906 1.8980011343955996 -0.054534394294023507 0.03053822182118893 0.69139459729194652 0.075590468943119063 0.19701647758483889 -0.24741723388433454 1.7076863646507265 -0.12462678179144858 0.53949999809265148 -1.7002544999122617 -0.7612796127796172 -0.60785761475563038 0.15871894359588626 2.849303245544434 19.000000000000004
decision_type=2 2 2 2 2 2 2 2 2 2 2 2 2 2 2 2 2 2 2 2 2 2 2 2 2 2 2 2 2 2
left_child=2 -2 5 -4 -3 14 8 -8 10 -10 -7 -12 -5 -6 15 -1 -16 -17 20 -20 24 25 23 -23 -11 -22 27 -26 29 -28
right_child=1 4 3 12 13 6 7 -9 9 18 11 -13 -14 -15 16 17 -18 -19 19 -21 21 22 -24 -25 26 -27 28 -29 -30 -31
leaf_value=-0.00099713900169476647 0.0031633875896532938 -0.0016664143620574983 0.00085619864768479671 -0.0040671704958446424 0.00022539318226679142 -0.0006658772625326298 -7.4796067209823597e-05 0.0033365734438180008 -0.0020140742526181784 -0.0020754883488736256 0.00043734161245971857 0.0029146416816381616 -0.001323913489431969 0.0023559783552916163 -0.0034944796084347939 -0.00021044307061416595 -0.00065401755734555362 0.0022713880158176467 0.00010517567026748409 0.0016774690154407581 0.0013811973280690819 -0.0052414910611752914 -0.00082389170352686772 -0.0013952942556046831 0.00094969150732634826 -0.00054974036990447571 0.00063114111090901493 -0.0022707401614144138 -0.001822919729838661 -0.00029619954930017514
leaf_weight=9776 2348 2235 3164 2003 6161 2395 3939 2942 3433 3065 3533 4006 3857 3005 2218 4020 3183 2295 130077 7920 4070 2081 7237 2019 26535 27079 24797 2549 4438 49481
leaf_count=9776 2348 2235 3164 2003 6161 2395 3939 2942 3433 3065 3533 4006 3857 3005 2218 4020 3183 2295 130077 7920 4070 2081 7237 2019 26535 27079 24797 2549 4438 49481
internal_value=1.27106e-05 0.000887589 -2.24745e-05 -0.00117215 0.000416535 8.70671e-06 5.82296e-05 0.00138647 2.8191e-05 -1.03896e-05 0.00117189 0.00175582 -0.00226691 0.000925695 -0.000708981 -0.000333553 -0.0018248 0.00069367 1.32885e-05 0.000195529 -0.000150707 -0.00068285 -0.00174158 -0.00335548 5.32651e-05 -0.000297077 0.000113977 0.000666761 -9.03239e-05 1.34275e-05
internal_weight=355861 13749 342112 9024 11401 333088 311596 6881 304715 294781 9934 7539 5860 9166 21492 16091 5401 6315 291348 137997 153351 42486 11337 4100 110865 31149 107800 29084 78716 74278
internal_count=355861 13749 342112 9024 11401 333088 311596 6881 304715 294781 9934 7539 5860 9166 21492 16091 5401 6315 291348 137997 153351 42486 11337 4100 110865 31149 107800 29084 78716 74278
is_linear=0
shrinkage=0.05


Tree=210
num_leaves=31
num_cat=0
split_feature=65 55 60 11 30 56 43 13 30 24 33 13 61 56 41 55 50 1 66 32 66 29 11 46 11 41 56 66 10 30
split_gain=4.02687 3.71164 5.771 4.70185 3.78708 5.84843 7.21738 6.9651 6.03126 7.31376 5.76958 7.06509 5.35632 5.28048 7.46767 5.25935 4.90359 4.79001 5.19788 4.58242 4.40388 4.88155 4.18526 3.92789 3.97228 5.11866 9.59662 7.83897 6.46476 7.77881
threshold=-0.26886057853698725 -1.9978865981101988 0.30500000715255743 -0.23633558303117749 -0.62679919600486744 0.020141499117016796 0.5000000149011613 -8.9348058700561506 -1.3973111510276792 1.2512282133102419 -0.37862481176853174 -7.6938965320587149 0.63333335518836986 -0.95627689361572255 -1.0000000180025095e-35 0.48229598999023443 0.11244962364435197 0.58995351195335399 -0.53435668349266041 -0.62430247664451588 -0.60091653466224659 0.034575035795569427 1.9243665933609011 -1.7374252080917356 -0.9237210452556609 1.0000000180025095e-35 -0.45940367877483362 0.013365981169044973 0.81849011778831493 0.26307220757007604
decision_type=2 2 2 2 2 2 2 2 2 2 2 2 2 2 2 2 2 2 2 2 2 2 2 2 2 2 2 2 2 2
left_child=-1 2 -2 -4 5 6 10 -7 9 15 13 22 17 19 -15 -9 -13 20 -19 -3 -11 -22 -12 -6 -25 26 -26 -28 -27 -30
right_child=1 4 3 -5 23 7 -8 8 -10 12 11 16 -14 14 -16 -17 -18 18 -20 -21 21 -23 -24 24 25 28 27 -29 29 -31
leaf_value=-0.00084329530482949409 -0.0033269754759405364 0.001155741199997295 -0.0017198179029334711 0.0015036999913316609 0.0013043368811795006 0.0029124065004629898 -0.00099418487229612461 0.00056179185430763317 -0.00026168506808092989 -0.00048526458168137018 -0.00057475135691381933 -0.00020065545129320384 -0.0010475300585276641 0.0038957047751499506 0.00019286245943464354 -0.0025615317275818608 0.0021768897626319866 0.0043788232710451269 0.0013106183715791502 -0.0019558633577137666 0.0034671702499159563 0.00042002324356460663 -0.0028403445353781046 0.00077931616509755331 0.00068710006180394624 0.00012229390912735241 -0.00085723524038733691 0.00028229170752111168 0.00026252570402523589 0.0021867458312378671
leaf_weight=12501 2016 2783 2260 2245 8114 2348 31096 3129 35522 3332 19346 4816 2061 2810 2635 2354 3933 2720 2817 2043 2444 2837 2270 24419 24572 60138 44142 22924 11549 9628
leaf_count=12501 2016 2783 2260 2245 8114 2348 31096 3129 35522 3332 19346 4816 2061 2810 2635 2354 3933 2720 2817 2043 2444 2837 2270 24419 24572 60138 44142 22924 11549 9628
internal_value=3.78273e-05 6.9936e-05 -0.00111064 -0.000113653 9.28275e-05 -0.000116923 -0.000420984 0.000249263 0.000139485 0.000796183 1.7784e-05 -0.000328749 0.0013299 0.00104159 0.00210743 -0.000781357 0.000869404 0.00167668 0.00282302 -0.000162821 0.000937317 0.0018341 -0.000813876 0.000226847 0.000182488 9.8182e-05 -0.000158042 -0.000467747 0.000386918 0.00113798
internal_weight=355804 343303 6521 4505 336782 131296 71732 59564 57216 21694 40636 30365 16211 10271 5445 5483 8749 14150 5537 4826 8613 5281 21616 205486 197372 172953 91638 67066 81315 21177
internal_count=355804 343303 6521 4505 336782 131296 71732 59564 57216 21694 40636 30365 16211 10271 5445 5483 8749 14150 5537 4826 8613 5281 21616 205486 197372 172953 91638 67066 81315 21177
is_linear=0
shrinkage=0.05


Tree=211
num_leaves=31
num_cat=0
split_feature=33 54 9 45 61 26 58 4 26 30 67 17 26 17 5 30 59 24 55 71 14 56 64 56 1 65 35 8 15 19
split_gain=4.59709 4.60128 9.69678 3.764 3.5562 3.32852 7.99419 4.74955 3.9925 4.16098 4.07932 4.19215 3.91912 3.44328 3.30246 7.90037 4.95209 7.46346 6.44958 6.68725 4.72802 6.76305 4.7044 4.40393 7.83013 5.74422 5.47417 4.23774 4.14428 4.09532
threshold=0.9715576469898225 0.46887308359146124 1.144319534301758 2.4669008255004887 0.76666668057441723 -3.4570351839065547 -0.77346113324165333 0.59146797657012951 -4.6395595073699942 -1.9772601723670957 -0.67062780261039723 -0.5793662667274474 -3.3575184345245357 -0.24418430030345914 -1.305769085884094 -1.1524195671081541 0.44850000739097601 2.1463309526443486 -0.61958566308021534 -0.50434780120849598 -7.6486339569091788 -1.4121786355972288 -0.038437416777014725 0.89011102914810192 0.2792066782712937 0.16451301425695422 -0.085225638002157197 -0.4216856956481933 -7.4870142936706534 0.98437988758087169
decision_type=2 2 2 2 2 2 2 2 2 2 2 2 2 2 2 2 2 2 2 2 2 2 2 2 2 2 2 2 2 2
left_child=3 -2 -3 4 5 6 -1 8 -8 -10 -11 -12 -7 -13 15 28 20 18 19 -18 21 -17 -22 29 -25 26 27 -26 -14 -16
right_child=1 2 -4 -5 -6 12 7 -9 9 10 11 13 14 -15 23 16 17 -19 -20 -21 22 -23 -24 24 25 -27 -28 -29 -30 -31
leaf_value=0.0029548692191599061 0.00028246968636906833 -0.004404632095709511 -2.3885323308127008e-05 0.0015629683489429822 0.0019684886738853035 -0.0019283587439355679 -0.0010317679840649401 -0.0013083307961297729 -0.00083289308625756188 -0.00030706343555843811 0.0040216681036449138 -1.2328887185562524e-05 0.0007970911232171086 0.0025952589935068155 -0.00024735374998160553 -0.0015067646249625382 -0.0012943748451564941 0.003560427380344431 -0.001984937271789027 0.0017944940928002477 -0.0030357644382301486 0.0021333868707270913 2.9296646774289523e-05 0.0013154049973497456 -0.0024373105253475847 0.0019075343171302663 0.00015478605955742913 -0.00021487622154986834 0.0038783663443074014 0.00039292789232080037
leaf_weight=3044 3297 2409 2644 3879 2266 2759 2938 4091 2395 2347 2014 2470 2071 2587 215161 2460 2454 2005 2487 6066 3026 2630 2130 14625 4468 3197 18463 4121 2312 28244
leaf_count=3044 3297 2409 2644 3879 2266 2759 2938 4091 2395 2347 2014 2470 2071 2587 215161 2460 2454 2005 2487 6066 3026 2630 2130 14625 4468 3197 18463 4121 2312 28244
internal_value=-1.17404e-05 -0.00117034 -0.00211697 1.61958e-05 -1.35037e-06 -1.45144e-05 0.000581812 0.000197072 0.000615179 0.00102532 0.00149824 0.00209704 -5.54855e-05 0.00132412 -3.90687e-05 0.000482903 0.000115542 0.0007627 0.000250306 0.000904338 -0.000706265 0.000374595 -0.00177195 -8.91318e-05 0.000365962 -9.33641e-05 -0.000330447 -0.00137248 0.00242757 -0.000173044
internal_weight=355060 8350 5053 346710 342831 340565 21886 18842 14751 11813 9418 7071 318679 5057 315920 27641 23258 13012 11007 8520 10246 5090 5156 288279 44874 30249 27052 8589 4383 243405
internal_count=355060 8350 5053 346710 342831 340565 21886 18842 14751 11813 9418 7071 318679 5057 315920 27641 23258 13012 11007 8520 10246 5090 5156 288279 44874 30249 27052 8589 4383 243405
is_linear=0
shrinkage=0.05


Tree=212
num_leaves=31
num_cat=0
split_feature=44 12 56 23 59 69 58 37 13 65 14 5 24 31 58 10 4 73 57 13 45 6 26 39 5 23 37 58 10 4
split_gain=4.08087 6.7968 4.13097 5.52588 6.95751 5.43605 5.29451 7.83903 5.17835 11.0009 5.60241 11.0877 5.03405 8.18287 8.43942 7.61144 5.72752 4.81477 4.78375 6.27382 5.0853 4.68636 4.71342 4.60707 4.66102 4.95652 4.36912 4.23722 4.22504 3.79402
threshold=1.7490299940109255 -8.3318705558776838 1.2489642500877383 0.92196896672248851 0.09849999845027925 -0.072496660053729997 0.94274502992630016 0.3230076283216477 -8.9858884811401349 -0.037304610013961785 -8.7163891792297346 -0.2821418941020965 0.91456237435340892 -0.2597751766443252 0.21112173795700076 -0.26704730093479151 -0.43487137556076044 9.5000000000000018 1.8906635046005251 -7.520533323287963 -1.742471396923065 -0.76879101991653431 0.56062775850296032 -0.68517646193504322 2.006417036056519 0.8814893662929536 -0.22853806614875791 1.5726714134216311 0.11884320154786111 0.89717438817024242
decision_type=2 2 2 2 2 2 2 2 2 2 2 2 2 2 2 2 2 2 2 2 2 2 2 2 2 2 2 2 2 2
left_child=2 -2 3 8 -5 17 29 -8 9 -1 11 -10 13 14 -12 -15 -17 -4 20 -20 21 22 -14 -7 25 -25 -23 -21 -28 -6
right_child=1 -3 5 4 6 23 7 -9 10 -11 12 -13 18 15 -16 16 -18 -19 19 27 -22 26 -24 24 -26 -27 28 -29 -30 -31
leaf_value=0.0013332776725341307 0.0019005632041693141 -0.0012187947840407677 0.0039809139224595202 0.001931592435610841 -0.00081713359801984615 -0.0010159003873520956 -0.001176090743221688 0.002656691641374507 0.0043646624967503102 -0.0029814788219884279 -0.00056669442400938367 -0.00047525050987884323 0.0015215526259315226 0.0018755583454161577 -0.0044411743234764496 -0.0025538777205474563 3.8576397686184634e-05 0.00089447427384094821 0.0022325679978450856 -0.0018399556596671541 0.00012756085652058276 -0.0033674730537252397 -0.0015917758675522504 0.00020194131005643772 -0.0013327503165737691 0.0021058469250420462 0.00084248432163272491 0.0012564671173331543 -0.0023481363787516071 -0.0023406204738769497
leaf_weight=2361 2011 12872 2030 2251 10553 5136 3300 2225 2218 3916 3130 2520 2914 3716 2546 3097 6778 3341 5941 2150 235872 2659 2071 7643 2392 6178 2047 2252 2086 6678
leaf_count=2361 2011 12872 2030 2251 10553 5136 3300 2225 2218 3916 3130 2520 2914 3716 2546 3097 6778 3341 5941 2150 235872 2659 2071 7643 2392 6178 2047 2252 2086 6678
internal_value=1.38026e-05 -0.000796312 4.92865e-05 -1.62104e-06 -0.000714445 0.000645933 -0.000976922 0.000369439 6.02372e-05 -0.00135901 9.18754e-05 0.00179488 6.27096e-05 -0.000716697 -0.00230937 -5.03427e-05 -0.000776231 0.00206624 0.000120942 0.00117394 7.69177e-05 -0.000936621 0.000227534 0.000287811 0.000701176 0.0010539 -0.00179013 -0.000256613 -0.000769661 -0.00140859
internal_weight=354884 14883 340001 313281 25007 26720 22756 5525 288274 6277 281997 4738 277259 19267 5676 13591 9875 5371 257992 10343 247649 11777 4985 21349 16213 13821 6792 4402 4133 17231
internal_count=354884 14883 340001 313281 25007 26720 22756 5525 288274 6277 281997 4738 277259 19267 5676 13591 9875 5371 257992 10343 247649 11777 4985 21349 16213 13821 6792 4402 4133 17231
is_linear=0
shrinkage=0.05


Tree=213
num_leaves=31
num_cat=0
split_feature=63 56 21 19 73 33 55 18 9 17 49 14 68 24 5 25 73 5 42 13 2 73 50 4 66 9 14 7 64 58
split_gain=3.61739 3.35173 6.94727 7.70067 4.62756 4.38042 4.55879 5.52428 4.24425 4.80505 3.83267 4.12417 4.01857 5.33558 4.14761 3.68185 5.03048 5.05907 4.98036 7.94945 7.22103 5.42026 5.06438 4.71119 5.32431 4.39553 4.31193 5.2096 5.30574 5.90033
threshold=2.5188223123550419 -1.2576936483383176 0.40024173259735113 0.45842736959457403 17.500000000000004 -0.66480666399002064 -1.8413338065147398 1.6916553974151614 -1.8401631712913511 -0.2705243974924087 -0.79656419157981861 -7.5261719226837149 -0.21325285732746121 1.3455470204353335 -1.2306936383247373 0.76004433631896984 1.5000000000000002 0.86918646097183239 1.0000000180025095e-35 -7.8674824237823477 1.3251397013664248 5.5000000000000009 -0.51481023430824269 1.9648859500885012 -0.76157492399215687 0.83275753259658825 -7.043780803680419 0.23576199263334277 -0.15646709501743314 0.35163506865501409
decision_type=2 2 2 2 2 2 2 2 2 2 2 2 2 2 2 2 2 2 2 2 2 2 2 2 2 2 2 2 2 2
left_child=1 2 3 4 10 6 -3 -8 9 -7 11 -1 13 -12 -15 -10 17 -17 19 22 21 25 -18 24 -21 -20 27 -23 29 -29
right_child=-2 5 -4 -5 -6 8 7 -9 15 -11 12 -13 -14 14 -16 16 18 -19 20 23 -22 26 -24 -25 -26 -27 -28 28 -30 -31
leaf_value=-0.00075244044777257211 0.0018127699494917449 -0.00094733814832932944 0.0021101430830791509 -0.0033001328510065837 0.00069748241702485315 0.00046675603763045125 0.00047856309296886432 0.0033309809120252477 0.00011991055466953514 -0.0025972379954259709 0.0011252023937768692 0.0019049399870298472 -0.0021656660417803341 0.00011395751278182805 -0.0027072323935027486 -0.0025572873587823 0.003025190953165531 0.00025435850571529255 0.0021823853774620601 -0.0024987312254616768 0.0011915796572201749 -0.0030961241294652263 0.00068664478425043383 -0.0024832923708914233 9.4334584619154365e-05 -0.00080502801288568043 0.0006441451300872984 0.0019379720099140915 -0.0016618777259540059 -0.0015918388348124838
leaf_weight=4016 2669 2071 2336 2620 6505 2090 3895 3004 219408 3279 3087 2281 6726 2295 3001 4470 2924 2486 2283 2117 4689 4046 11023 2185 28557 2651 2670 2566 11821 2181
leaf_count=4016 2669 2071 2336 2620 6505 2090 3895 3004 219408 3279 3087 2281 6726 2295 3001 4470 2924 2486 2283 2117 4689 4046 11023 2185 28557 2651 2670 2566 11821 2181
internal_value=-1.76101e-05 -3.14893e-05 -0.000512271 -0.000713544 -0.000469646 1.78419e-05 0.00110657 0.0017236 -1.35491e-05 -0.00140586 -0.000824481 0.000211652 -0.00125617 -0.000524729 -0.00148677 1.0919e-05 -0.000264982 -0.00155351 -0.00015236 0.000179018 -0.000623614 -0.00092556 0.00117874 -0.000245544 -8.53847e-05 0.00057889 -0.00124447 -0.00148929 -0.00109526 0.00031627
internal_weight=355952 353283 32867 30531 27911 320416 8970 6899 311446 5369 21406 6297 15109 8383 5296 306077 86669 6956 79713 46806 32907 28218 13947 32859 30674 4934 23284 20614 16568 4747
internal_count=355952 353283 32867 30531 27911 320416 8970 6899 311446 5369 21406 6297 15109 8383 5296 306077 86669 6956 79713 46806 32907 28218 13947 32859 30674 4934 23284 20614 16568 4747
is_linear=0
shrinkage=0.05


Tree=214
num_leaves=31
num_cat=0
split_feature=65 57 13 37 11 35 15 20 57 65 71 66 59 8 11 60 10 20 21 22 33 59 15 59 13 66 38 19 10 41
split_gain=4.66313 5.18195 4.60227 9.86621 7.25398 5.60507 4.6318 6.93958 6.26994 4.17943 5.28406 7.01921 5.46212 5.36093 4.83376 4.10415 4.03064 5.03874 3.57735 7.30446 6.24343 5.6035 7.20269 6.54634 5.87803 6.14993 5.37567 5.73147 5.03099 4.96306
threshold=0.27236160635948187 -0.036593193188309663 -8.8156957626342756 -0.015522437170147894 0.30944503843784338 0.027812168933451179 -8.3757810592651349 0.93536335229873668 -0.13785229623317716 0.17082282155752185 -0.47803090512752527 -0.49862420558929438 0.78550001978874218 -0.32498502731323237 -0.35021506249904627 0.49500000476837164 -0.42019544541835779 1.3666314482688906 0.096812330186367049 1.1365461945533755 -0.90185597538948048 0.63750001788139354 -7.1666014194488517 0.86050000786781322 -8.1735181808471662 -0.074608277529478059 1.0000000180025095e-35 0.55519169569015514 3.0945100784301762 -0.60785761475563038
decision_type=2 2 2 2 2 2 2 2 2 2 2 2 2 2 2 2 2 2 2 2 2 2 2 2 2 2 2 2 2 2
left_child=2 -2 3 15 5 -5 7 -4 -9 18 13 -12 16 -11 -15 -1 -13 -18 19 29 -20 22 24 -23 -21 -26 28 -28 -22 -8
right_child=1 -3 6 4 -6 -7 9 8 -10 10 11 12 -14 14 -16 -17 17 -19 20 21 26 23 -24 -25 25 -27 27 -29 -30 -31
leaf_value=-0.001269976940555933 0.002740696547406607 7.4090363076724766e-06 -0.0011353846944716459 -0.0002813533231820893 -0.0016531160489566075 0.0030856194272211061 0.00084023295672579863 0.0039698150719841277 0.0005755317395980872 -0.0035861401167128128 0.0015381718486758621 -0.0033745727153283119 0.0014330255034090262 0.0011215079515752178 -0.0018721268293163465 -0.0040297486459737941 0.0012033557465147206 -0.0019665085960883333 -0.0026419746909926729 -0.00091450657794706677 -1.9881997341749949e-05 0.0024602330676758871 -0.0015603737339776812 0.00021539763968357899 0.0021086732410310351 5.0696810476586821e-05 0.00028730294156301849 -0.0026453197789072457 0.0024513575007620025 -0.0013263641507650142
leaf_weight=2817 3196 3777 2239 2530 3334 2404 3835 2551 2911 2552 4469 2053 2017 2040 3937 2596 2008 3304 2312 4320 244544 8139 4295 5403 8056 6602 2860 3975 2067 8456
leaf_count=2817 3196 3777 2239 2530 3334 2404 3835 2551 2911 2552 4469 2053 2017 2040 3937 2596 2008 3304 2312 4320 244544 8139 4295 5403 8056 6602 2860 3975 2067 8456
internal_value=-1.70146e-05 0.00126231 -4.26383e-05 -0.000941182 0.000145691 0.00136206 -5.90986e-06 0.00120534 0.00216517 -3.44499e-05 -0.000693794 -9.0626e-05 -0.000867295 -0.00167208 -0.000850208 -0.00259852 -0.00149836 -0.000768252 1.39735e-05 0.00040481 -6.10806e-05 0.00075712 0.000286327 0.00156541 0.000704864 0.00118242 -3.74337e-05 -0.00141958 9.29554e-07 -0.000650216
internal_weight=355599 6973 348626 13681 8268 4934 334945 7701 5462 327244 22380 13851 9382 8529 5977 5413 7365 5312 304864 49106 255758 36815 23273 13542 18978 14658 253446 6835 246611 12291
internal_count=355599 6973 348626 13681 8268 4934 334945 7701 5462 327244 22380 13851 9382 8529 5977 5413 7365 5312 304864 49106 255758 36815 23273 13542 18978 14658 253446 6835 246611 12291
is_linear=0
shrinkage=0.05


Tree=215
num_leaves=31
num_cat=0
split_feature=24 24 49 63 1 32 13 58 69 16 13 3 24 43 22 23 15 2 40 15 6 62 5 40 32 12 25 6 29 15
split_gain=5.29961 7.77575 6.30088 5.32983 4.68786 6.32927 9.8558 5.34378 4.81411 4.7919 6.00049 5.0369 4.25231 4.13822 4.1089 4.79911 4.88271 6.19888 4.08428 7.26015 5.55237 5.22068 4.79175 4.53227 6.58708 6.39314 4.36078 4.16552 9.58584 6.09045
threshold=1.9150742888450625 1.8649761080741885 0.23614922165870669 -1.2354522347450254 -0.68682378530502308 0.49787129461765295 -8.2324352264404279 0.50955083966255199 0.48364685475826269 -0.25765630602836603 -7.9457166194915763 -1.0038506388664243 2.028536438941956 0.2333333417773247 1.4346351027488711 0.92196896672248851 -7.2921218872070304 0.34932774305343633 0.97336998581886303 -7.8172168731689444 -0.82134246826171864 0.4083333313465119 2.0964339971542363 0.99305900931358349 0.04308378882706166 -7.5373270511627188 0.99992328882217418 -1.6180486679077146 -0.88465780019760121 -7.3351662158966056
decision_type=2 2 2 2 2 2 2 2 2 2 2 2 2 2 2 2 2 2 2 2 2 2 2 2 2 2 2 2 2 2
left_child=1 18 -3 -2 9 8 -7 -8 12 10 11 -5 -6 -11 -14 16 17 -16 22 21 -21 -20 26 25 -25 -22 27 28 -1 -30
right_child=3 2 -4 4 5 6 7 -9 -10 13 -12 -13 14 -15 15 -17 -18 -19 19 20 23 -23 -24 24 -26 -27 -28 -29 29 -31
leaf_value=0.0041543742688871978 0.0021253653140539132 0.0026477083136493447 -0.00020002655657380808 0.00017713323882402791 -0.001174544955456675 0.0014074925241705808 -0.0031603335865415423 -0.00055976958642669301 0.0010541044378671305 -0.0001022435283089585 0.00052345781710369163 -0.0030423136283377721 -0.000431991390581 -0.0027234546830240194 0.00070545883376163466 -0.0015820284459614475 -0.00034485998068486934 0.0033018149339487258 -0.0042532536528525153 0.0023397639319781881 -0.0031804059864542558 -0.00092418667963653891 -0.001512172217618772 0.0024964821191551445 -0.0011236455413801891 0.00036511563192443753 0.0022118100550041603 8.8909385278600241e-05 -0.00068798895676645583 0.002466388565600617
leaf_weight=2077 2161 5351 3044 2034 8826 2563 5011 3265 9385 2047 6901 3003 21619 5693 7647 2245 5441 3282 2012 2052 2761 2838 4383 2336 2697 2346 2538 222636 4882 2217
leaf_count=2077 2161 5351 3044 2034 8826 2563 5011 3265 9385 2047 6901 3003 21619 5693 7647 2245 5441 3282 2012 2052 2761 2838 4383 2336 2697 2346 2538 222636 4882 2217
internal_value=6.28848e-06 0.000119704 0.00161612 -0.000322487 -0.00038218 -0.000188679 -0.0012978 -0.00213629 1.72005e-05 -0.00106303 -0.000434116 -0.00174449 -0.00018133 -0.00203125 3.67862e-05 0.000581153 0.000878598 0.00148746 7.0528e-05 -0.00067706 -2.56565e-05 -0.00231114 0.000123921 -0.000506173 0.000558207 -0.00155417 0.000154584 0.000131965 0.0011754 0.000299199
internal_weight=355293 264170 8395 91123 88962 69284 10839 8276 58445 19678 11938 5037 49060 7740 40234 18615 16370 10929 255775 17042 12192 4850 238733 10140 5033 5107 234350 231812 9176 7099
internal_count=355293 264170 8395 91123 88962 69284 10839 8276 58445 19678 11938 5037 49060 7740 40234 18615 16370 10929 255775 17042 12192 4850 238733 10140 5033 5107 234350 231812 9176 7099
is_linear=0
shrinkage=0.05


Tree=216
num_leaves=31
num_cat=0
split_feature=34 61 54 40 20 15 13 56 15 63 15 51 73 40 31 31 35 27 16 58 49 64 44 15 63 9 29 16 9 17
split_gain=3.32018 7.92915 6.01686 7.14238 6.38814 6.21009 4.08304 6.18415 3.09857 6.22839 6.29171 7.04912 5.93806 8.27597 5.68261 5.5448 7.93357 6.70419 4.92976 4.80249 4.69929 6.24419 4.79125 4.64353 4.68787 4.588 4.58696 6.84132 6.06193 7.00661
threshold=0.69086143374443065 0.70000001788139354 0.99924367666244518 0.71629512310028087 1.3444216251373293 -7.559929132461547 -7.2158830165863028 0.80648231506347667 -7.6914861202239981 -0.4870073646306991 -7.7552964687347403 1.9872347116470339 11.500000000000002 -0.48098418116569513 0.46851637959480291 0.14776436984539035 0.37280160188674932 -0.16889052093029019 0.18714881688356402 -1.3316690325736997 -0.17078516632318494 -0.83469212055206288 0.51204144954681408 -8.1926932334899885 -0.6835532784461974 1.8548161387443545 -0.15530978888273236 -0.69530954957008351 -0.65446329116821278 -0.2308797016739845
decision_type=2 2 2 2 2 2 2 2 2 2 2 2 2 2 2 2 2 2 2 2 2 2 2 2 2 2 2 2 2 2
left_child=8 2 4 5 -2 -4 7 -6 9 14 11 26 13 15 19 17 -17 -10 -19 -1 -21 -22 23 -23 -25 -14 -11 -28 -29 -30
right_child=1 -3 3 -5 6 -7 -8 -9 12 10 -12 -13 25 -15 -16 16 -18 18 -20 20 21 22 -24 24 -26 -27 27 28 29 -31
leaf_value=0.0026009956752170624 0.0017254051055478174 0.0015088479430637543 0.00090435861388534215 -0.004610469628216084 -0.0037569984975002278 -0.0025777802977925614 0.00098664959204557818 -0.00041949891402363665 0.0023393335207412937 -0.00050002025016977335 -0.0013102773446251131 -0.0029199473451608257 -9.0960565930597032e-05 0.00016836668043111923 0.0030911835372734232 -0.00050121746735421271 0.0022640372836686884 0.00021810214987777007 0.002723095453210621 -0.00085801251595672831 0.00248576596955454 -0.0022826929641518705 0.0020344471993124559 -0.0007309151093433593 0.0021987960494907477 0.0019361197640310754 0.0022294280642202219 -0.0013420718865125181 -0.00058153999519609779 0.0010637822712646105
leaf_weight=2149 3040 3961 2218 2001 2148 3006 2012 3898 12360 29634 13414 2178 108653 74189 2038 9621 3540 10201 2423 7799 3540 2515 2418 3991 2063 2855 4209 6021 10718 16299
leaf_count=2149 3040 3961 2218 2001 2148 3006 2012 3898 12360 29634 13414 2178 108653 74189 2038 9621 3540 10201 2423 7799 3540 2515 2418 3991 2063 2855 4209 6021 10718 16299
internal_value=7.35754e-05 -0.000517144 -0.0009557 -0.00207759 -0.000224119 -0.00110043 -0.000960833 -0.00160948 0.00011314 -0.000105491 -0.000319802 -0.00012725 0.00021959 0.00047615 0.000561026 0.00107456 0.000243725 0.00151196 0.000700675 0.000349167 0.000131349 0.000662724 7.36156e-05 -0.000481418 0.000269412 -3.88912e-05 -3.58825e-05 0.000333424 9.12742e-05 0.000411088
internal_weight=355112 22284 18323 7225 11098 5224 8058 6046 332828 108986 82473 69059 223842 112334 26513 38145 13161 24984 12624 24475 22326 14527 10987 8569 6054 111508 66881 37247 33038 27017
internal_count=355112 22284 18323 7225 11098 5224 8058 6046 332828 108986 82473 69059 223842 112334 26513 38145 13161 24984 12624 24475 22326 14527 10987 8569 6054 111508 66881 37247 33038 27017
is_linear=0
shrinkage=0.05


Tree=217
num_leaves=31
num_cat=0
split_feature=1 15 28 4 54 10 67 31 54 22 43 73 45 19 46 12 43 40 43 71 39 31 12 11 59 8 7 51 22 21
split_gain=7.27834 3.08494 8.05149 4.99231 4.76734 3.51076 7.23181 5.82754 6.80022 5.46511 4.97841 3.79 3.04209 5.96154 5.88105 5.80052 5.63879 5.28544 4.99166 5.88721 5.03818 4.54151 5.13817 4.60503 4.92354 4.54657 4.49558 4.7954 4.62972 5.34498
threshold=-2.8501467704772945 -8.4727268218994123 -0.26782786846160883 0.072887204587459578 0.41623829305171972 -1.3191164731979368 -0.54322382807731617 -0.31367889046669001 -1.3286991119384763 1.4991528391838076 0.63333335518836986 7.5000000000000009 0.30745416879653936 0.99000588059425365 -1.8594005107879636 -7.5021824836730948 0.30000001192092901 0.99655601382255565 0.30000001192092901 -0.66954782605171193 0.32143642008304601 -0.60980266332626332 -8.3507375717163068 -0.73178732395172108 0.1225000023841858 0.31523050367832189 1.5725734233856203 -0.12842068821191785 1.2217721939086916 0.47245968878269201
decision_type=2 2 2 2 2 2 2 2 2 2 2 2 2 2 2 2 2 2 2 2 2 2 2 2 2 2 2 2 2 2
left_child=-1 2 4 -4 -2 6 10 9 -9 -8 11 -3 13 17 15 -14 -15 -7 19 -16 21 -20 -23 25 -25 -24 27 -21 -29 -30
right_child=1 5 3 -5 -6 12 7 8 -10 -11 -12 -13 14 16 18 -17 -18 -19 20 26 -22 22 23 24 -26 -27 -28 28 29 -31
leaf_value=0.0025595243899921411 -0.0013643339789974722 0.0012098243942370494 0.00073672373134416763 0.0039131041164409816 0.0015852382291388521 -0.00010659334256306423 -0.0035042328331923167 -0.00079285471448211579 0.0016126093540467204 -4.7191492027784682e-05 5.178043834960051e-05 0.0039318560039119273 0.0031926003273438351 -0.00029154659944662732 -0.0025557787407444257 -0.00041508340946439377 0.0013656257252741525 0.0015777785466270567 0.0014851641309870213 -0.0012103346099409176 0.00042432793391399237 -0.0022641322128083893 0.0020653817336997731 0.0010625167566008886 -0.00087865391808321163 -0.00089828684721335165 -0.0028522939930064996 0.0013775081820364893 0.0013887510008274767 -0.0010891341930069592
leaf_weight=2767 4154 2362 2507 2443 2032 181626 2018 5323 6535 2621 2719 2811 2336 7829 4462 2118 14881 4770 2798 11865 25860 4126 3374 3711 26810 2088 2075 4991 2926 8406
leaf_count=2767 4154 2362 2507 2443 2032 181626 2018 5323 6535 2621 2719 2811 2336 7829 4462 2118 14881 4770 2798 11865 25860 4126 3374 3711 26810 2088 2075 4991 2926 8406
internal_value=9.7914e-06 -1.02908e-05 0.000808285 0.00230911 -0.000394453 -3.70113e-05 0.000540935 -5.47956e-05 0.00053305 -0.00155533 0.00178471 0.0026937 -8.1485e-05 2.97954e-05 -0.000297033 0.00147996 0.000794459 -6.34068e-05 -0.000373645 -0.000862216 -0.000126844 -0.000459057 -0.000595022 -0.000403057 -0.000642359 0.000932867 -0.000611754 -0.000445868 0.000110215 -0.000448667
internal_weight=355344 352577 11136 4950 6186 341441 24389 16497 11858 4639 7892 5173 317052 209106 107946 4454 22710 186396 103492 34725 68767 42907 40109 35983 30521 5462 30263 28188 16323 11332
internal_count=355344 352577 11136 4950 6186 341441 24389 16497 11858 4639 7892 5173 317052 209106 107946 4454 22710 186396 103492 34725 68767 42907 40109 35983 30521 5462 30263 28188 16323 11332
is_linear=0
shrinkage=0.05


Tree=218
num_leaves=31
num_cat=0
split_feature=24 35 19 65 24 71 15 17 17 33 65 21 11 40 24 39 61 29 9 15 15 31 63 11 15 4 68 35 65 64
split_gain=4.67315 7.0996 6.79998 6.23619 6.41559 6.71082 6.10132 5.98583 5.03223 5.6288 5.60717 5.01945 4.96797 6.80695 8.84532 8.28823 7.00745 6.26709 5.83005 5.75598 8.99847 6.68554 8.2906 5.88888 5.61231 10.1402 5.35911 6.33656 5.38973 5.33759
threshold=1.9150742888450625 0.68506714701652538 0.56868639588356029 0.16155246645212176 2.5902692079544072 -0.30430601537227625 -7.5731723308563224 0.26904390752315527 -0.74846637248992909 0.71136656403541576 -0.15313677489757535 0.28503668308258062 0.048046642914414413 0.49621178209781652 1.3608562350273135 -0.51876831054687489 0.56666669249534618 -0.91686293482780445 0.90108942985534679 -7.6815726757049552 -7.5731723308563224 0.72429022192955028 0.8929356336593629 0.44721688330173498 -8.2585511207580549 0.16111961752176288 -0.23087525367736814 -0.24365364760160443 -0.12432460859417914 -0.15646709501743314
decision_type=2 2 2 2 2 2 2 2 2 2 2 2 2 2 2 2 2 2 2 2 2 2 2 2 2 2 2 2 2 2
left_child=1 12 7 4 8 -6 -5 -2 -4 10 -10 -9 13 -1 16 -16 -15 -14 26 21 -21 22 24 -24 25 -19 28 -28 -17 -26
right_child=2 -3 3 6 5 -7 -8 11 9 -11 -12 -13 17 14 15 18 -18 19 -20 20 -22 -23 23 -25 29 -27 27 -29 -30 -31
leaf_value=6.9662045233754715e-05 -0.00082963234038925927 0.0014717644937658854 0.0013822570381806171 0.0038306500836390572 0.0016377622721800733 -0.0011092189433061573 3.6599233212539097e-05 0.0027741745687177278 0.0014829221869559002 -0.0028143285621984628 -0.00077747464095476648 -0.00066751534200195674 0.0017419838653439487 -0.00035317777330025899 0.0032763755786814441 -0.00022925437877018156 0.001915133973215168 -0.0012105892915993284 -0.0014837004897651569 0.0012938736595039994 -0.00016605246726685832 -0.0033925330526468505 -0.00039669710732838571 0.002867663026775298 -0.00022018188676288064 0.002666615660112317 0.0016985436534850866 -0.0020996149642957969 0.0026911923916476451 -0.0016077565736807087
leaf_weight=86960 44922 9836 3311 2212 9008 2943 2026 2214 3268 2759 16830 2017 4350 16492 5308 2022 4280 3789 2059 12602 64696 2098 2659 2861 11181 3023 2347 2046 7190 18237
leaf_count=86960 44922 9836 3311 2212 9008 2943 2026 2214 3268 2759 16830 2017 4350 16492 5308 2022 4280 3789 2059 12602 64696 2098 2659 2861 11181 3023 2347 2046 7190 18237
internal_value=4.7683e-05 0.000154399 -0.000260209 0.000204074 1.56737e-06 0.000960941 0.00202124 -0.000660259 -0.000436781 -0.000700771 -0.000409372 0.00113575 0.000103369 0.000321625 0.000846366 0.00157046 0.000114897 -0.000120475 0.000990661 -0.000187489 7.20979e-05 -0.000645017 -0.000506171 0.00129734 -0.000781235 0.000511407 0.00136595 -7.11653e-05 0.00205061 -0.00108063
internal_weight=355546 264036 91510 42357 38119 11951 4238 49153 26168 22857 20098 4231 254200 128704 41744 20972 20772 125496 15664 121146 77298 43848 41750 5520 36230 6812 13605 4393 9212 29418
internal_count=355546 264036 91510 42357 38119 11951 4238 49153 26168 22857 20098 4231 254200 128704 41744 20972 20772 125496 15664 121146 77298 43848 41750 5520 36230 6812 13605 4393 9212 29418
is_linear=0
shrinkage=0.05


Tree=219
num_leaves=31
num_cat=0
split_feature=54 70 31 56 40 56 0 28 27 13 15 8 67 26 14 65 15 58 10 33 36 51 36 56 17 26 26 26 28 15
split_gain=3.3791 7.13584 5.1716 4.82252 9.45529 4.47627 5.46487 3.72442 3.71793 7.53498 5.52246 6.36059 9.84652 6.25076 5.60712 5.42671 5.2869 6.80473 5.99468 4.92556 6.06041 5.04799 4.80211 5.84487 6.17048 4.63952 5.19434 4.49143 5.04405 4.48082
threshold=-1.478936970233917 -0.56205692887306202 0.39065642654895788 -0.255715861916542 -0.39474010467529291 -2.0990827083587642 -0.91750067472457875 -0.57461535930633534 0.63975647091865551 -8.9348058700561506 -7.3194344043731681 0.6279505491256715 0.099042441695928587 0.67413419485092174 -6.9552786350250235 -0.15781756490468976 -7.3973963260650626 -0.11439964920282363 0.073854263871908202 0.45956958830356603 0.61920124292373668 -0.120063379406929 0.38907532393932348 1.6064345836639407 -0.49617953598499293 -2.9438377618789668 -3.0766173601150508 0.95796334743499767 -1.2128544449806211 -7.2963316440582267
decision_type=2 2 2 2 2 2 2 2 2 2 2 2 2 2 2 2 2 2 2 2 2 2 2 2 2 2 2 2 2 2
left_child=1 -1 3 7 -5 6 -2 -3 10 -10 16 13 15 29 -15 -13 25 18 -18 27 22 -22 23 24 -21 26 -7 28 -11 -12
right_child=5 2 -4 4 -6 8 -8 -9 9 19 11 12 -14 14 -16 -17 17 -19 -20 20 21 -23 -24 -25 -26 -27 -28 -29 -30 -31
leaf_value=0.0011785600727305787 -7.7406340719873211e-05 -0.0015760007904405888 0.001004056024338429 -0.005036599175628478 -0.001170866794076324 0.00047822790797186297 -0.0029662959408765007 0.0012426823172688474 0.002569337897362215 0.00035387190498605443 0.0025667485548250936 0.0011727695339400651 0.0013626953536978754 -0.0021491723217067897 0.00088158609355728763 -0.0014861312463356777 -0.0007805559762870557 -0.0015320475957129008 0.0023633918057736599 -0.0042155981736140234 -0.0015325845247939106 0.00048897076578483325 -0.0036826846502163225 0.00065530323079365739 -0.0010704872555481269 -3.5900661325851359e-05 0.002923281922698499 0.0013797711114984263 -0.00063685484218580705 0.00079737876805003694
leaf_weight=3970 3981 2800 2204 2357 4795 16357 2771 2001 2302 23183 3864 2301 6206 3312 2815 11356 3708 11934 2551 2117 4512 9729 2348 3077 5887 129758 2496 4950 28793 47326
leaf_count=3970 3981 2800 2204 2357 4795 16357 2771 2001 2302 23183 3864 2301 6206 3312 2815 11356 3708 11934 2551 2117 4512 9729 2348 3077 5887 129758 2496 4950 28793 47326
internal_value=-2.7848e-05 -0.000692701 -0.00121791 -0.00162812 -0.0024501 7.86629e-06 -0.00126563 -0.000401066 3.38908e-05 -0.000246932 0.000133915 0.000483594 -0.000287354 0.000750767 -0.000757548 -0.00103762 -2.78999e-05 -0.000832184 0.000502559 -0.000323862 -0.000870966 -0.000152148 -0.00163257 -0.00119523 -0.00190657 7.06101e-05 0.000803313 -5.78248e-05 -0.000194975 0.000931412
internal_weight=355761 18127 14157 11953 7152 337634 6752 4801 330882 86898 243984 77180 19863 57317 6127 13657 166804 18193 6259 84596 27670 14241 13429 11081 8004 148611 18853 56926 51976 51190
internal_count=355761 18127 14157 11953 7152 337634 6752 4801 330882 86898 243984 77180 19863 57317 6127 13657 166804 18193 6259 84596 27670 14241 13429 11081 8004 148611 18853 56926 51976 51190
is_linear=0
shrinkage=0.05


Tree=220
num_leaves=31
num_cat=0
split_feature=48 40 35 56 55 36 23 19 55 56 72 9 6 32 71 74 16 55 17 58 71 41 21 14 58 10 19 35 55 10
split_gain=4.74644 6.84016 3.77777 4.23384 9.78759 8.59762 6.70662 5.99095 6.54685 10.5458 5.89405 5.79259 5.73054 5.68226 5.13344 4.73221 4.69736 4.55166 7.72135 6.51653 5.86885 5.35924 5.05836 5.69802 5.10782 8.14278 4.98917 7.51316 4.94666 4.67843
threshold=1.7338179945945742 -0.86819055676460255 -1.0065523982048032 -0.57838398218154896 0.39003166556358343 -0.33227176964282984 0.13804844021797183 0.027045695111155513 -0.7878131866455077 0.39947396516799932 5.0000000000000009 0.45902945101261144 -1.7180582880973814 -0.12643609941005704 -0.41133292019367212 2.5000000000000004 -0.18276771157979962 1.054927706718445 -0.72115620970726002 0.15800447762012484 -0.73612529039382923 0.6078576147556306 0.91496935486793529 -8.0731248855590803 -0.10469134524464606 0.67611581087112438 0.97873151302337658 -0.28895872831344599 -0.71343517303466786 -0.084491387009620653
decision_type=2 2 2 2 2 2 2 2 2 2 2 2 2 2 2 2 2 2 2 2 2 2 2 2 2 2 2 2 2 2
left_child=2 -2 -1 4 10 -6 12 11 9 -9 -4 -8 -5 14 -14 -11 -16 26 19 -19 -20 22 24 -24 -22 -26 28 -28 -10 -23
right_child=1 -3 3 6 5 -7 7 8 17 15 -12 -13 13 -15 16 -17 -18 18 20 -21 21 29 23 -25 25 -27 27 -29 -30 -31
leaf_value=0.0018260531050834376 -0.0031313637331545617 -0.00040567918290505996 0.00093325859908016922 -0.0015437345046908984 0.0022423307396343376 -0.0005052668802945073 -0.00022676663526014518 0.00013781876966104784 0.00245467267247189 -0.0042222698295437599 -0.00066033022160572183 -0.0021300990641432093 0.0014610627800488336 0.0028148297826721051 -0.0022415442062882246 -0.001335171540540614 0.00093220442123074165 -0.00027974455574560796 -0.0031276188472993908 0.0035570741953886982 0.001243925103624326 -0.0010544554511648153 0.00044148130125548602 -0.0023446252678108203 -0.0023864887346205124 0.0009251170637429078 0.0023883664550278239 0.00046551622931660392 7.5371762685438141e-05 0.0012679264523858772
leaf_weight=2773 2813 12488 6319 2030 6462 5078 11727 8963 2215 2522 69874 6057 8622 4384 2241 3262 2410 2220 2125 2194 4194 3157 2407 7676 4214 3304 6067 31019 120102 6874
leaf_count=2773 2813 12488 6319 2030 6462 5078 11727 8963 2215 2522 69874 6057 8622 4384 2241 3262 2410 2220 2125 2194 4194 3157 2407 7676 4214 3304 6067 31019 120102 6874
internal_value=-4.73046e-05 -0.000908498 -8.5788e-06 -2.36965e-05 -0.000322514 0.0010339 8.11827e-05 5.44527e-06 7.92329e-05 -0.000936696 -0.000528062 -0.00087585 0.000966708 0.00125604 0.00073945 -0.00259915 -0.000598537 0.000155031 -0.000333851 0.00163109 -0.00058972 -0.000419337 -0.000859388 -0.00167975 -0.000152297 -0.000931813 0.000272709 0.00078064 0.000118655 0.000536694
internal_weight=355793 15301 340492 337719 87733 11540 249986 230299 212515 14747 76193 17784 19687 17657 13273 5784 4651 197768 38365 4414 33951 31826 21795 10083 11712 7518 159403 37086 122317 10031
internal_count=355793 15301 340492 337719 87733 11540 249986 230299 212515 14747 76193 17784 19687 17657 13273 5784 4651 197768 38365 4414 33951 31826 21795 10083 11712 7518 159403 37086 122317 10031
is_linear=0
shrinkage=0.05


Tree=221
num_leaves=31
num_cat=0
split_feature=17 63 55 57 31 73 73 17 58 55 54 9 17 48 68 22 21 54 25 17 57 68 25 16 20 57 35 58 22 55
split_gain=3.88209 4.99872 6.01028 4.08795 7.20861 4.90891 6.74905 6.83001 7.22012 7.18612 6.96845 6.03507 5.87236 5.08411 4.58985 4.40617 6.93124 5.23823 6.34291 4.50152 4.26661 4.12079 3.91964 3.8711 3.62198 3.4957 3.43047 3.40179 3.38997 3.43345
threshold=0.52871596813201915 0.31182350218296057 -0.117016464471817 0.89098829030990612 0.18826847523450854 5.5000000000000009 19.500000000000004 -0.07794818282127379 0.98496004939079296 0.41122882068157202 0.158238559961319 -0.70168578624725331 0.16051949560642245 0.46859256923198706 -0.6698147952556609 1.6361103653907778 0.6323511302471162 0.2059382647275925 0.8115631937980653 -0.37096264958381647 1.6577849388122561 -0.41853651404380793 0.38854768872261053 -0.22988131642341611 1.4611660838127138 -0.12810730934143064 0.018856624141335491 0.62889972329139721 2.6833714246749882 1.4841779470443728
decision_type=2 2 2 2 2 2 2 2 2 2 2 2 2 2 2 2 2 2 2 2 2 2 2 2 2 2 2 2 2 2
left_child=3 25 -3 28 5 11 7 8 13 10 -10 -5 21 26 -6 16 23 -17 -19 -18 -8 -9 -13 -16 -24 -2 -7 -4 29 -1
right_child=1 2 27 4 14 6 20 12 9 -11 -12 22 -14 -15 15 17 19 18 -20 -21 -22 -23 24 -25 -26 -27 -28 -29 -30 -31
leaf_value=-0.00022012658309214928 0.00080951443674465737 0.0037274102553610171 0.0017033637728281585 0.0019282592010136657 0.0010663452063199143 0.0023289411304537985 0.00044286224785058151 -0.0026070984067525227 0.0016373549584926272 0.0032198387637674972 -0.0017460594666787437 -0.0023615720915549018 0.0014963160713475452 0.00090913690463783519 -0.0026183219831627954 -0.0038779061498654989 0.0029523847504821913 0.001308956446588038 -0.0021541373173750863 6.1225226603208702e-05 -0.0020165677037493981 0.0002361142389042587 -0.00095686089361237618 -0.00020623249690414924 0.0015902250327586168 -0.00073069130090355544 0.0048890896618395659 -0.00091383897667080471 -0.0019387803126354386 0.00059799644923701233
leaf_weight=245701 7376 2333 3145 2452 4096 2240 5259 2071 3160 2442 2917 2943 5150 2015 3018 2031 2031 2040 3720 3957 2641 3284 4472 3695 2017 7340 3249 2039 2751 13521
leaf_count=245701 7376 2333 3145 2452 4096 2240 5259 2071 3160 2442 2917 2943 5150 2015 3018 2031 2031 2040 3720 3957 2641 3284 4472 3695 2017 7340 3249 2039 2751 13521
internal_value=-6.21163e-05 0.000577416 0.00162548 -0.000104847 0.000231943 0.000599255 0.000901629 0.00128355 0.00193285 0.000935015 1.30933e-05 -0.000276746 0.000292285 0.0030629 -0.00045986 -0.000765294 -0.000190675 -0.0017006 -0.000927482 0.00104513 -0.000380844 -0.000866284 -0.000851407 -0.00129293 -0.000163912 4.1321e-05 0.00385046 0.000674173 -0.000196001 -0.000177432
internal_weight=355106 22233 7517 332873 70900 46312 34428 26528 16023 8519 6077 11884 10505 7504 24588 20492 12701 7791 5760 5988 7900 5355 9432 6713 6489 14716 5489 5184 261973 259222
internal_count=355106 22233 7517 332873 70900 46312 34428 26528 16023 8519 6077 11884 10505 7504 24588 20492 12701 7791 5760 5988 7900 5355 9432 6713 6489 14716 5489 5184 261973 259222
is_linear=0
shrinkage=0.05


Tree=222
num_leaves=31
num_cat=0
split_feature=5 40 34 71 56 44 18 49 40 12 8 65 13 33 35 40 40 62 40 33 10 63 2 1 71 10 11 33 21 40
split_gain=4.42589 4.10309 8.69649 4.05822 4.93872 9.03878 6.04654 5.11132 3.93719 3.53068 3.64951 7.01347 8.60293 4.24925 5.06422 6.04971 9.39768 7.5349 7.2249 6.43879 6.24533 6.46767 6.2696 6.09519 5.60898 5.66915 8.24403 7.08274 6.36962 5.67521
threshold=-2.4888167381286617 0.99883887171745311 -0.052054490894079201 -0.1704175919294357 1.0655180215835574 0.15283150970935824 1.0402207374572756 0.15089701861143115 -0.99952408671379078 -9.5213108062744123 1.7195472717285158 0.044122116640210159 -7.4763586521148673 1.087475657463074 0.073000021278858199 0.52620890736579906 0.94116705656051647 0.47499999403953558 0.97336998581886303 -0.19359415024518964 -0.28552787005901331 -1.0679627060890196 0.36895623803138738 -0.79529234766960133 -0.70723024010658253 1.0696384310722353 -1.3242440223693845 -0.53914079070091236 0.71283328533172619 0.45009414851665502
decision_type=2 2 2 2 2 2 2 2 2 2 2 2 2 2 2 2 2 2 2 2 2 2 2 2 2 2 2 2 2 2
left_child=-1 3 -3 8 5 6 -5 -7 -2 -10 13 12 -12 14 15 -11 20 19 -19 23 21 -17 -22 -18 -16 26 -26 -28 -27 -29
right_child=1 2 -4 4 -6 7 -8 -9 9 10 11 -13 -14 -15 24 16 17 18 -20 -21 22 -23 -24 -25 25 28 27 29 -30 -31
leaf_value=0.0020265485338027489 0.0017853599996817985 0.0010037919319071532 -0.0030630352324717055 -0.00297121482090058 -0.0028153191225592324 0.0024165569707037342 -0.00032202725539996361 -0.00062195714715045558 0.0015461834842183456 -0.00027968558163889867 -0.0036844372624479441 0.00089509716091960259 0.00024953428631340467 -0.0016179117110974009 -0.00055964406781469969 -0.0013411906062489065 -0.0024944361608004173 -0.001422249617934641 0.0021754260914567387 -0.0027029124018016016 0.00065931922889923822 0.0015857430149966269 -0.0015644477185023358 0.00089447003593266957 -0.0015708493350214015 -0.000613317207999717 0.0032642880008418372 0.0009875301071509445 0.00077498219197428934 9.7451067988038403e-05
leaf_weight=2786 3378 2274 3093 3484 2364 3428 5623 2311 4002 117965 3245 3286 2423 3623 15714 2070 2013 2240 3668 5086 10879 20611 4461 3846 3935 21943 2740 52316 13238 27231
leaf_count=2786 3378 2274 3093 3484 2364 3428 5623 2311 4002 117965 3245 3286 2423 3623 15714 2070 2013 2240 3668 5086 10879 20611 4461 3846 3935 21943 2740 52316 13238 27231
internal_value=4.50853e-05 2.93672e-05 -0.00134126 5.0597e-05 -0.000697701 -0.000358834 -0.00133766 0.00119404 8.96521e-05 7.20559e-05 5.37175e-05 -0.00094104 -0.00200524 8.21512e-05 0.000102074 -7.79371e-05 0.000355742 -0.000626819 0.00081128 -0.00140312 0.000791318 0.00131814 1.20314e-05 -0.000272136 0.000328972 0.000444028 0.000662259 0.000769226 -9.08525e-05 0.000682884
internal_weight=355276 352490 5367 347123 17210 14846 9107 5739 329913 326535 322533 8954 5668 313579 309956 172839 54874 16853 5908 10945 38021 22681 15340 5859 137117 121403 86222 82287 35181 79547
internal_count=355276 352490 5367 347123 17210 14846 9107 5739 329913 326535 322533 8954 5668 313579 309956 172839 54874 16853 5908 10945 38021 22681 15340 5859 137117 121403 86222 82287 35181 79547
is_linear=0
shrinkage=0.05


Tree=223
num_leaves=31
num_cat=0
split_feature=56 34 33 31 64 2 62 17 31 72 64 34 62 13 31 18 55 47 5 3 58 23 37 62 62 43 71 16 63 13
split_gain=4.3736 9.1974 5.09315 4.2841 4.30377 4.35544 4.72085 3.96847 5.6109 8.15098 5.13519 6.1646 8.40851 6.6795 8.60429 5.92355 5.0795 4.73007 4.63427 4.574 7.16994 8.66008 4.87137 7.48095 6.86817 6.41311 5.65517 5.41883 4.78348 4.63382
threshold=-1.5384531021118162 0.051563870161771781 -0.80407050251960743 -0.0087728509679436666 0.10348670929670335 -1.7496173381805418 0.42499999701976782 -0.068500224500894533 -0.33183288574218744 13.000000000000002 0.013946860563009979 0.77866068482398998 0.5416666865348817 -7.2249562740325919 0.036385500803589828 1.4730488061904909 0.64389979839324962 -0.095292638987302766 -1.2778723239898679 0.96221703290939342 -0.32507869601249689 0.64601722359657299 0.083047866821289076 0.47499999403953558 0.37500000000000006 0.30000001192092901 -0.3652882426977157 0.30479086935520178 0.42979148030281072 -8.0696597099304181
decision_type=2 2 2 2 2 2 2 2 2 2 2 2 2 2 2 2 2 2 2 2 2 2 2 2 2 2 2 2 2 2
left_child=1 3 -2 4 5 -1 -7 10 9 -9 18 12 13 19 -15 -14 -11 -10 -4 22 -21 -22 24 26 25 -12 -24 -26 -27 -25
right_child=2 -3 7 -5 -6 6 -8 8 17 16 11 -13 15 14 -16 -17 -18 -19 -20 20 21 -23 23 29 27 28 -28 -29 -30 -31
leaf_value=5.781152337909542e-05 0.0015675090668752841 0.0018585796864743081 0.001951393261424192 -0.0024716023775827665 0.0006513080671919462 -0.0034902346952894905 -0.00048056294939047658 0.0019740805444218752 3.1200601745835316e-05 0.0002015077957380404 0.00018516211020963731 -0.0019393412976451447 0.0023671411694396413 -0.00021701832902739748 0.0040462947601780201 -0.00071451249333449602 -0.002439760341489267 -0.00067156708188590374 0.00032819116190274146 -0.0029685738919909121 -0.0023406085882954346 0.00091334882888191745 0.00070577664724657185 0.0011678406951884455 -0.00022588225396516718 -0.0035017565445976404 0.0035136357030366044 0.0023939964113828291 -0.00088066746730169941 -0.0016485539192561583
leaf_weight=3524 5359 2963 4595 4531 4104 3049 2276 6492 40829 18826 3678 4355 5801 2693 2100 2126 2005 57881 97738 3758 3335 5251 14909 2010 34351 4081 2030 2084 3045 5275
leaf_count=3524 5359 2963 4595 4531 4104 3049 2276 6492 40829 18826 3678 4355 5801 2693 2100 2126 2005 57881 97738 3758 3335 5251 14909 2010 34351 4081 2030 2084 3045 5275
internal_value=-3.4599e-06 -0.000713174 3.9929e-05 -0.00114982 -0.000685907 -0.00130612 -0.00220716 1.50185e-05 -0.000205394 0.000428601 0.000151721 -0.000101422 -1.83089e-05 -0.000157959 0.00165544 0.00154079 -5.3765e-05 -0.000380911 0.00040126 -0.000261854 -0.00115022 -0.000351816 -0.000108265 0.000468091 -0.000403855 -0.00151038 0.00104415 -7.54153e-05 -0.00238455 -0.000870948
internal_weight=355054 20447 334607 17484 12953 8849 5325 329248 126033 27323 203215 100882 96527 88600 4793 7927 20831 98710 102333 83807 12344 8586 71463 24224 47239 10804 16939 36435 7126 7285
internal_count=355054 20447 334607 17484 12953 8849 5325 329248 126033 27323 203215 100882 96527 88600 4793 7927 20831 98710 102333 83807 12344 8586 71463 24224 47239 10804 16939 36435 7126 7285
is_linear=0
shrinkage=0.05


Tree=224
num_leaves=31
num_cat=0
split_feature=33 56 53 51 60 4 59 59 45 71 66 60 66 34 20 64 16 34 30 65 28 67 20 63 17 66 49 31 65 51
split_gain=3.71363 8.71148 5.91793 4.97914 3.41268 3.36079 7.81999 6.42116 4.90425 4.00151 3.13747 5.1521 5.01372 7.00947 5.44048 6.85342 6.24303 5.89584 4.41596 4.20809 5.26047 3.78963 3.54304 3.50681 3.31827 3.09511 2.86934 2.77646 5.57566 6.2017
threshold=-0.80407050251960743 -1.5384531021118162 -0.41367374360561365 -0.048614559695124619 0.39499999582767492 1.9648859500885012 0.30249999463558203 0.55750000476837169 2.6602762937545781 -0.041884290054440491 -0.82485753297805775 0.51499998569488536 -0.64922782778739918 0.46451674401760107 1.1695365905761721 0.21063713729381564 -0.46234259009361262 0.1655835956335068 -1.468269884586334 -0.084014918655157075 -0.048358488827943795 -0.72936135530471791 0.98800826072692882 -0.076421823352575288 -0.53343650698661793 -0.67780867218971241 -1.0000000180025095e-35 0.29978090524673467 0.063905458897352233 -0.120063379406929
decision_type=2 2 2 2 2 2 2 2 2 2 2 2 2 2 2 2 2 2 2 2 2 2 2 2 2 2 2 2 2 2
left_child=1 2 -1 -4 -3 8 -7 -8 9 10 11 23 13 14 15 18 -16 -17 -12 -18 21 -21 26 -2 -13 -23 -20 -14 29 -29
right_child=5 4 3 -5 -6 6 7 -9 -10 -11 12 24 27 -15 16 17 19 -19 22 20 -22 25 -24 -25 -26 -27 -28 28 -30 -31
leaf_value=-0.0017198383217635008 0.0031578139940562338 0.00083420706221769476 0.0021503057875680051 -0.0010260386807746848 0.0034079545314657993 0.0011578403513308145 -0.0040487929257590153 -0.00076315967784173718 0.0021523864719686912 -0.0018527595002100841 0.0013131370023096928 -0.0017586121469144404 -4.4810730514429031e-05 -0.0025316491656627478 0.0011212242657090395 0.0027528459015043532 -0.0026614855316728649 -0.00055244840955734808 -0.0028125430366345823 -0.0021661013744911023 -0.0030174895388189846 0.00093503839657913088 0.00036375831481396759 0.00075025118803876117 0.00069480598766140118 -0.0013671140098420326 -0.00064539904557518865 -0.00068061757869421766 0.0010303215068449422 0.00047326721621010145
leaf_weight=3614 2678 2151 3158 2013 3231 3001 2291 4221 2619 2928 2915 2277 203158 3990 3085 4047 4328 2017 2779 2079 2198 4963 3512 3478 3459 2057 3394 18687 19810 30862
leaf_count=3614 2678 2151 3158 2013 3231 3001 2291 4221 2619 2928 2915 2277 203158 3990 3085 4047 4328 2017 2779 2079 2198 4963 3512 3478 3459 2057 3394 18687 19810 30862
internal_value=7.79551e-06 0.000800712 -0.00017012 0.000914204 0.00238277 -2.51852e-05 -0.00095127 -0.00192352 1.4328e-06 -1.57704e-05 7.96579e-07 0.000797632 -2.94176e-05 -0.000542272 -0.000329268 0.000274684 -0.000931561 0.00165434 -0.00039009 -0.00133732 -0.000828114 -0.000296505 -0.000903555 0.00180102 -0.000280485 0.000259477 -0.00162399 4.84431e-05 0.000321558 3.80395e-05
internal_weight=355000 14167 8785 5171 5382 340833 9513 6512 331320 328701 325773 11892 313881 41364 37374 18664 18710 6064 12600 15625 11297 9099 9685 6156 5736 7020 6173 272517 69359 49549
internal_count=355000 14167 8785 5171 5382 340833 9513 6512 331320 328701 325773 11892 313881 41364 37374 18664 18710 6064 12600 15625 11297 9099 9685 6156 5736 7020 6173 272517 69359 49549
is_linear=0
shrinkage=0.05


Tree=225
num_leaves=31
num_cat=0
split_feature=47 55 40 40 58 2 27 54 59 35 18 51 2 4 11 2 43 52 7 55 29 33 39 17 55 30 2 65 29 66
split_gain=4.25698 5.01558 4.29232 9.93971 9.12487 7.79755 7.1373 7.02359 6.3749 6.12239 7.41601 6.01506 5.96238 5.79908 5.61502 5.4969 5.56607 7.40856 5.42393 5.25849 6.21263 6.07783 7.45093 5.14276 4.86704 4.83311 5.52027 4.69697 4.66485 4.44772
threshold=-0.90975427627563465 0.20429908484220508 -0.36243458092212671 -0.48098418116569513 1.1248382329940798 -0.031365482136607163 -0.98836585879325856 0.72568228840827953 0.55750000476837169 0.27456431090831762 2.0000110864639287 0.12722042202949527 0.8353746533393861 0.6023230552673341 1.7437533736228945 0.47854423522949224 0.36666667461395269 0.17146561294794085 -0.46383374929428095 -0.027188048698008057 0.36289688944816595 -0.49101734161376948 -0.30486139655113215 -0.78949403762817372 0.56717106699943554 0.43762204051017767 -0.17766302078962323 -0.16248217225074765 -0.33606974780559534 -0.46491737663745875
decision_type=2 2 2 2 2 2 2 2 2 2 2 2 2 2 2 2 2 2 2 2 2 2 2 2 2 2 2 2 2 2
left_child=1 -1 3 6 5 8 18 15 -5 -9 12 14 13 24 -4 19 17 -17 -2 20 21 22 -8 -21 -11 26 -23 -25 -16 -22
right_child=2 -3 11 4 -6 -7 7 9 -10 10 -12 -13 -14 -15 28 16 -18 -19 -20 23 29 25 -24 27 -26 -27 -28 -29 -30 -31
leaf_value=9.7504862344536755e-05 0.0035910761138874649 0.0011645595568307676 -5.5162482005344998e-05 -0.0040201419043678988 -0.0044778727870018794 0.00034858783207536068 -0.0018119920145397541 0.0019734261129856507 -0.00045008089043751723 -6.9950284090585887e-05 -0.0027283956798447224 0.00041331779074673731 0.0026842969516184985 -0.0018088940176044033 -0.002913697395082431 -0.00092619161945850308 -0.00046257538358201067 -0.0038147059462913242 0.00019082788974470613 0.0025440657489537951 -0.00065023091055439134 -0.0028597317500902676 0.0016161331033886523 -0.0015470058468562515 0.0027249480520435184 5.9358399513899952e-05 -0.00071851907009221115 0.0003978071036803581 -0.00053615611962758841 0.002490357239688319
leaf_weight=37313 2152 15615 101288 2752 2303 5248 2604 5635 2290 5499 2070 76873 2487 3202 3119 5691 13295 3639 2566 2350 2115 7480 4017 3664 2163 3694 5047 20022 6074 2396
leaf_count=37313 2152 15615 101288 2752 2303 5248 2604 5635 2290 5499 2070 76873 2487 3202 3119 5691 13295 3639 2566 2350 2115 7480 4017 3664 2163 3694 5047 20022 6074 2396
internal_value=-1.08694e-06 0.000412472 -7.36414e-05 -0.000314983 -0.00163955 -0.00100058 -0.000150966 -0.00024334 -0.00240277 0.000564578 4.88248e-05 7.37086e-05 0.000481137 -2.52172e-05 -0.000162609 -0.00046718 -0.00112015 -0.00205568 0.00174608 -0.000190308 -0.000674319 -0.00100917 0.000267173 0.000318251 0.000721579 -0.00152998 -0.00199832 9.64371e-05 -0.0013451 0.0010197
internal_weight=354663 52928 301735 114381 12593 10290 101788 97070 5042 21056 15421 187354 13351 10864 110481 76014 22625 9330 4718 53389 27353 22842 6621 26036 7662 16221 12527 23686 9193 4511
internal_count=354663 52928 301735 114381 12593 10290 101788 97070 5042 21056 15421 187354 13351 10864 110481 76014 22625 9330 4718 53389 27353 22842 6621 26036 7662 16221 12527 23686 9193 4511
is_linear=0
shrinkage=0.05


Tree=226
num_leaves=31
num_cat=0
split_feature=27 37 15 38 47 52 69 56 32 43 37 59 47 56 59 66 70 15 70 37 17 46 60 62 49 32 70 1 30 30
split_gain=3.70862 7.5793 6.58895 5.34799 4.44062 4.08053 3.75422 7.44606 6.71528 6.38659 5.73795 5.00595 6.08929 5.42587 6.27425 6.10535 5.19029 4.80895 4.6286 4.72823 4.37321 5.01513 4.34509 4.24915 4.75554 5.62454 4.21898 5.80981 4.14378 6.02568
threshold=0.64860326051712047 0.63716530799865734 -8.4727268218994123 1.0000000180025095e-35 -0.54034820199012745 -1.8381007909774778 -0.030797043815255162 0.57985663414001476 0.15959161520004275 0.2333333417773247 -0.07076761499047278 0.23249999433755877 -0.96253749728202809 -0.21693772822618482 0.34749999642372137 -0.5794568359851836 -0.057547386735677712 -7.4740068912506095 -0.2611133456230163 -1.0000000180025095e-35 -0.25732962787151331 -0.087709408253431306 0.57499998807907116 0.5416666865348817 -0.36233989894390101 -0.32839655876159662 -3.3781412839889522 -1.4168565869331358 -0.30267997086048121 0.19009577482938769
decision_type=2 2 2 2 2 2 2 2 2 2 2 2 2 2 2 2 2 2 2 2 2 2 2 2 2 2 2 2 2 2
left_child=1 6 -2 4 -4 -6 7 9 10 23 -9 12 -11 15 -15 16 -13 22 19 -16 21 -19 28 24 25 -1 -8 -28 -17 -30
right_child=2 -3 3 -5 5 -7 26 8 -10 11 -12 13 -14 14 18 17 -18 20 -20 -21 -22 -23 -24 -25 -26 -27 27 -29 29 -31
leaf_value=0.0024054400593031288 0.0021171488515209095 -0.0026360734663733168 -0.0011750592261284623 -0.0023272987385170481 0.0019166186967473011 -0.00014333796342519737 -0.0014474806634953311 0.00062495208578282205 0.00016774721116198286 -0.0032267593148322679 0.0039293198849110591 -0.0027007148125291467 -0.00073444999508123776 0.0014204570537622618 -0.0036880829193637662 -0.0019725234991637831 0.00046900445374625999 -0.0011613301816282135 -0.00065197199492443526 -0.00063802392994837475 0.0017922671814930222 0.0016411986025520028 0.00071728264097040844 0.0021382891865523793 -0.00023136579919918541 -0.00015771202959080383 0.0024505370087135646 0.00034787244586728287 0.0021033555921324142 -0.0012908166868466195
leaf_weight=4553 2937 2384 10442 3087 2479 70425 3159 2367 7914 2962 2955 3188 14036 2456 3217 4505 2162 3619 9744 2104 8614 2840 7891 3308 17615 4029 3354 140890 2182 3231
leaf_count=4553 2937 2384 10442 3087 2479 70425 3159 2367 7914 2962 2955 3188 14036 2456 3217 4505 2162 3619 9744 2104 8614 2840 7891 3308 17615 4029 3354 140890 2182 3231
internal_value=7.07254e-05 0.000164572 -0.000207828 -0.000287067 -0.00021123 -7.30387e-05 0.000190068 -2.33929e-05 0.00109204 -0.000167867 0.00246361 -0.000419499 -0.00117039 -0.000190398 -0.000918756 0.000143548 -0.00142131 0.00039851 -0.0013008 -0.0024855 0.00105546 7.15642e-05 -0.000157791 0.000452517 0.000238913 0.00120333 0.000357307 0.000396931 -0.000854042 7.87421e-05
internal_weight=354649 265279 89370 86433 83346 72904 262895 115492 13236 102256 5322 72751 16998 55753 17521 38232 5350 32882 15065 5321 15073 6459 17809 29505 26197 8582 147403 144244 9918 5413
internal_count=354649 265279 89370 86433 83346 72904 262895 115492 13236 102256 5322 72751 16998 55753 17521 38232 5350 32882 15065 5321 15073 6459 17809 29505 26197 8582 147403 144244 9918 5413
is_linear=0
shrinkage=0.05


Tree=227
num_leaves=31
num_cat=0
split_feature=48 43 40 24 51 52 26 71 24 9 7 31 10 54 48 17 63 7 11 52 16 45 48 30 40 33 24 27 16 9
split_gain=4.39857 4.62618 4.24121 4.84957 5.57603 3.19644 3.92159 4.78068 3.88024 4.24632 4.58725 4.47477 4.47519 7.05362 5.38364 4.68331 3.66937 3.54253 3.60561 3.30612 3.25278 3.17072 3.12438 4.37521 3.06175 9.74328 4.71838 3.85446 4.07976 3.72536
threshold=1.633365333080292 0.10000000521540643 -0.88497918844223011 1.7409401535987856 0.056813577190041549 0.94591397047042858 -3.0078728199005123 -0.54197001457214344 2.8957012891769414 -0.89709043502807606 1.2996498346328738 -0.52444559335708607 0.84656795859336864 0.158238559961319 -0.43684491515159601 -0.2659595906734466 0.20387922227382663 2.087507009506226 -3.156002283096313 1.2888825535774233 -0.28235200047492975 2.4669008255004887 2.1748790740966801 -0.21743026375770566 -0.96244606375694264 0.36999252438545233 0.96303164958953869 -0.65828150510787953 -0.11718153581023215 0.14671538025140765
decision_type=2 2 2 2 2 2 2 2 2 2 2 2 2 2 2 2 2 2 2 2 2 2 2 2 2 2 2 2 2 2
left_child=5 -2 -3 22 -5 17 7 -7 9 -8 11 -11 13 14 -13 -16 -12 18 -1 -17 -15 24 23 -4 25 26 -20 -28 29 -29
right_child=1 2 3 4 -6 6 8 -9 -10 10 16 12 -14 20 15 19 -18 -19 21 -21 -22 -23 -24 -25 -26 -27 27 28 -30 -31
leaf_value=-0.0020027997706917088 -0.002823002149431343 -0.0022487290442138831 0.0012967297461736777 -0.0028606320236720748 0.00063456892162622679 -0.0022196048371363802 0.0020610317599228738 0.00093212411484958698 -0.0015300712524719626 0.0019653203630036194 0.0035657859051398651 -0.0018246916593600755 -0.0011584814601996382 -0.00021690840006593373 0.0017319930986841921 0.00086194754961452659 0.00075925017908228378 -0.0018710834943760038 0.003055535747720931 -0.0016325766046394357 0.0020613966674628411 0.00144905164827342 0.0018370643796772148 -0.0017736960793643586 -4.6200746627682224e-05 -0.0017194717620345971 0.0017968025485578987 0.0021541065921497123 -0.00076690085348239928 -0.0002662523613608498
leaf_weight=2202 2336 2661 2440 2617 2012 2866 4971 2061 2053 3490 2008 4118 5854 2060 3661 2291 2771 2520 2423 3135 6508 3839 3394 2194 257462 3962 5543 3538 5700 2877
leaf_count=2202 2336 2661 2440 2617 2012 2866 4971 2061 2053 3490 2008 4118 5854 2060 3661 2291 2771 2520 2423 3135 6508 3839 3394 2194 257462 3962 5543 3538 5700 2877
internal_value=1.39661e-05 -0.000755195 -0.000438218 -5.61027e-05 -0.00134335 5.41715e-05 0.000432762 -0.000901996 0.00058616 0.00069282 0.000502824 0.000281016 6.76106e-05 0.000397645 -0.000327302 0.000352538 0.00194346 -8.29064e-06 8.09903e-06 -0.000579675 0.00151401 2.36868e-05 0.000686878 -0.000157674 4.19771e-06 0.000543679 0.000990835 0.000705951 0.000205781 0.0010699
internal_weight=355567 17654 15318 12657 4629 337913 47847 4927 42920 40867 35896 31117 27627 21773 13205 9087 4779 290066 287546 5426 8568 285344 8028 4634 281505 24043 20081 17658 12115 6415
internal_count=355567 17654 15318 12657 4629 337913 47847 4927 42920 40867 35896 31117 27627 21773 13205 9087 4779 290066 287546 5426 8568 285344 8028 4634 281505 24043 20081 17658 12115 6415
is_linear=0
shrinkage=0.05


Tree=228
num_leaves=31
num_cat=0
split_feature=33 55 60 34 40 17 62 55 31 24 31 55 72 10 47 8 14 56 55 43 56 5 56 0 8 70 54 11 32 53
split_gain=4.28653 3.76979 5.98746 5.00584 6.22542 4.9946 4.91906 5.53681 5.23556 5.33492 6.14158 5.21286 5.05317 4.52751 4.52411 4.41917 4.48068 4.96184 11.1766 6.80201 11.0762 6.34082 8.15244 10.6249 5.63297 5.59029 5.32674 5.5625 6.74206 6.67897
threshold=-1.2351192235946653 -0.016373201273381707 0.5249999761581422 -0.21003746241331098 0.99921953678131115 -0.63782629370689381 0.37500000000000006 -0.42698550224304194 0.59864771366119396 1.4242305755615237 0.4608809649944306 -1.0350102186203001 19.000000000000004 -0.54403287172317494 0.88905048370361339 -0.97890269756317128 -8.9526696205139142 -0.64779910445213307 0.39003166556358343 0.43333333730697637 0.041792836040258415 0.45570851862430578 0.070931948721408858 0.14467225223779681 0.15813162177801135 -0.089735880494117723 -1.0316197872161863 0.33122445642948156 0.26636633276939398 -0.82686573266983021
decision_type=2 2 2 2 2 2 2 2 2 2 2 2 2 2 2 2 2 2 2 2 2 2 2 2 2 2 2 2 2 2
left_child=-1 2 6 5 15 -3 7 12 9 11 -11 13 -2 -8 -4 -5 -17 18 25 21 24 26 -23 -24 -21 -18 -19 29 -29 -28
right_child=1 3 14 4 -6 -7 8 -9 -10 10 -12 -13 -14 -15 -16 16 17 19 -20 20 -22 22 23 -25 -26 -27 27 28 -30 -31
leaf_value=0.0018944512573098279 0.00087694041799689967 0.0029266529204670364 0.00023417203291874709 -0.0017312357030816183 -0.0027389863846832944 0.00054476334688014719 8.109045838374471e-05 -0.0029126436640738947 -0.0021492554884810166 1.4585590569297301e-05 0.0027717376257863336 -0.00035756337827129556 -0.0013714493629934437 -0.0027147965940278757 -0.00093159045467158634 0.0021364423323361448 -0.0021293097410399874 -0.0021753900156935807 0.0019393663990362202 0.0003091363343678592 0.00057992266492889772 0.00019062587428116297 -0.002845763589660742 -0.00063927705257837758 -0.0016224790319264056 0.00087188846622092149 0.0031479955933629207 -0.0010770548205566507 0.0018257644713503035 0.00045287624589638459
leaf_weight=2831 3391 2510 67592 3431 2027 17449 2032 3969 3738 34593 2135 23008 9429 5023 9481 2595 3412 2329 9741 6051 61240 12320 8248 16103 10009 2831 2779 9847 2500 13106
leaf_count=2831 3391 2510 67592 3431 2027 17449 2032 3969 3738 34593 2135 23008 9429 5023 9481 2595 3412 2329 9741 6051 61240 12320 8248 16103 10009 2831 2779 9847 2500 13106
internal_value=-3.99513e-05 -5.55217e-05 -0.000230515 9.7072e-05 8.39708e-06 0.00084562 -0.00051399 -0.00128294 -0.000330792 -0.000228714 0.00017557 -0.000722521 -0.000776511 -0.00191054 9.06656e-05 4.19982e-05 7.94016e-05 4.60152e-05 0.000881662 -4.64547e-05 0.000273423 -0.00041422 -0.000857408 -0.0013875 -0.000894956 -0.000769145 0.00011768 0.00030755 -0.000488295 0.000926058
internal_weight=355750 352919 164391 188528 168569 19959 87318 16789 70529 66791 36728 30063 12820 7055 77073 166542 163111 160516 15984 144532 77300 67232 36671 24351 16060 6243 30561 28232 12347 15885
internal_count=355750 352919 164391 188528 168569 19959 87318 16789 70529 66791 36728 30063 12820 7055 77073 166542 163111 160516 15984 144532 77300 67232 36671 24351 16060 6243 30561 28232 12347 15885
is_linear=0
shrinkage=0.05


Tree=229
num_leaves=31
num_cat=0
split_feature=55 27 15 60 62 62 18 8 43 55 55 55 23 51 33 17 72 48 9 55 48 16 1 3 43 56 23 1 34 2
split_gain=4.56651 6.24447 7.12103 5.30225 4.19337 4.10906 4.9298 4.25879 5.13982 6.36423 4.71651 5.09972 4.36848 4.25022 5.94319 5.57872 5.49332 5.56936 6.55784 5.63728 5.40139 4.61712 4.45131 8.08894 5.27664 4.36818 5.4403 5.73068 4.9675 7.13148
threshold=-1.6713621020317075 -0.62260571122169484 -7.3077974319457999 0.38499999046325689 0.24166666716337207 0.29166667163372045 0.99057406187057506 -0.74022749066352833 0.76666668057441723 -1.1053963303565977 0.67791575193405162 -0.17601156234741208 0.18980564922094348 -0.13669768720865247 0.92653223872184765 0.54559102654457103 17.000000000000004 -1.080244719982147 0.074639469385147109 1.5543113350868227 1.5077941417694094 -0.90957301855087269 0.50167980790138256 -0.25394892692565912 0.16666667163372043 0.84666976332664501 0.92196896672248851 0.057200746610760696 0.086483020335435881 0.32037813961505895
decision_type=2 2 2 2 2 2 2 2 2 2 2 2 2 2 2 2 2 2 2 2 2 2 2 2 2 2 2 2 2 2
left_child=1 2 -1 -3 -2 6 -6 8 9 12 11 -11 -7 14 15 21 17 18 -15 20 -19 -9 25 -24 -25 26 -18 -28 -27 -30
right_child=4 3 -4 -5 5 7 -8 13 -10 10 -12 -13 -14 16 -16 -17 22 19 -20 -21 -22 -23 23 24 -26 28 27 -29 29 -31
leaf_value=-0.00092168401709494772 0.0018998935964749356 -0.0041456952005171788 0.002396190168851879 -0.00093844843277113852 -0.0026906801544402904 -0.0018547410090383359 0.00026328639457012061 -0.0022267004040071878 0.0013903661862473759 0.00013638221324089518 -0.0010659080116388645 0.001375053725343156 0.00065827692806178265 0.0032172736371924443 -0.0027536588527334823 0.0013500464078749696 0.00048298287580556551 -0.00051671085052947116 -0.00027186313993594679 0.001411944101625151 -0.0029367710491708591 -0.00024477391701767056 -0.0023264758923469647 -0.0015097762876948324 0.00036837001222254429 0.0035061286549588895 -0.0029242670057421814 0.00050915849054165711 0.0021641865275569406 -0.00070610801682091922
leaf_weight=5896 3015 2125 2217 3271 3000 5525 2658 3022 11469 19021 4373 14749 2509 2302 2358 5354 68396 38830 3222 3555 2442 95607 3837 4341 26610 2285 2479 2370 4866 3884
leaf_count=5896 3015 2125 2217 3271 3000 5525 2658 3022 11469 19021 4373 14749 2509 2302 2358 5354 68396 38830 3222 3555 2442 95607 3837 4341 26610 2285 2479 2370 4866 3884
internal_value=1.09134e-05 -0.000890396 -1.3191e-05 -0.00220683 4.65319e-05 2.9996e-05 -0.00130496 5.26891e-05 0.000443497 0.000208072 0.000477499 0.000677617 -0.00107009 -2.90201e-05 -0.000276771 -0.000220344 0.000126496 -0.000311288 0.00118534 -0.000495939 -0.000660579 -0.00030572 0.000311634 -0.000164176 0.00010455 0.000508029 0.000368196 -0.00124855 0.001435 0.000890752
internal_weight=355588 13509 8113 5396 342079 339064 5658 333406 57646 46177 38143 33770 8034 275760 106341 103983 169419 50351 5524 44827 41272 98629 119068 34788 30951 84280 73245 4849 11035 8750
internal_count=355588 13509 8113 5396 342079 339064 5658 333406 57646 46177 38143 33770 8034 275760 106341 103983 169419 50351 5524 44827 41272 98629 119068 34788 30951 84280 73245 4849 11035 8750
is_linear=0
shrinkage=0.05


Tree=230
num_leaves=31
num_cat=0
split_feature=45 59 73 11 40 41 64 58 40 2 6 57 31 16 37 57 41 55 12 10 59 46 0 58 10 59 2 51 27 8
split_gain=4.12561 6.2298 4.61398 11.0131 7.95384 10.1999 7.73708 6.78161 7.41473 6.49788 6.02826 5.16238 4.28584 4.24335 3.99523 3.85242 7.14334 5.90089 5.07115 6.70445 5.6582 4.35586 5.3112 4.31629 4.54176 4.21707 4.18448 4.03088 3.96895 5.92523
threshold=2.190241932868958 0.74549999833107006 19.500000000000004 0.20200037956237796 0.83146169781684887 -0.87837970256805409 -0.092325553297996507 0.10698695108294488 0.78530946373939525 -0.54973295331001271 -0.20468125492334363 0.95136451721191417 -0.049159884452819817 -1.2342872619628904 0.062074571847915656 1.0709387660026553 -0.87837970256805409 0.11665723472833635 -7.6463007926940909 0.64072072505950939 0.80149999260902416 -1.441997706890106 0.121112197637558 0.48782739043235784 -0.1377170383930206 0.47049999237060552 -1.1708559989929197 0.25306978821754461 -0.89253380894660939 1.0000000180025095e-35
decision_type=2 2 2 2 2 2 2 2 2 2 2 2 2 2 2 2 2 2 2 2 2 2 2 2 2 2 2 2 2 2
left_child=2 -2 13 7 6 -6 10 -4 -9 -10 -5 12 -7 -1 -8 21 17 -17 19 -18 25 22 26 24 -24 -20 -15 -27 -23 -30
right_child=1 -3 3 4 5 11 14 8 9 -11 -12 -13 -14 15 -16 16 18 -19 20 -21 -22 28 23 -25 -26 27 -28 -29 29 -31
leaf_value=0.0020912800622174326 0.00025011840652462122 0.003489460159553039 0.0015611050422174848 -0.00091318037686275431 -0.0028368707150786552 0.0015409830987351456 -0.0014221329485315673 0.0016340333920965098 0.0015314627414459378 -0.0016134008752480831 -0.0045341418073008522 0.0025273274717996148 -0.00071175628460941939 -0.00095511849563205365 0.0010024024249133845 0.00025628557876681413 9.814260960777692e-05 0.0032675173832057113 0.00036221981683982397 -0.0017067086395996731 -0.0010012912062000081 0.00033182287123983826 -0.0043335898171238448 -8.6447696579809832e-05 -0.0013688233956100559 0.003137640757630439 0.0012933862271601489 0.00049452234985973803 -0.00056196290402460978 -4.5626455448123099e-06
leaf_weight=2079 5665 2002 18844 2028 2120 3686 3793 4930 2208 6330 2662 3512 4915 6700 3062 3226 15588 3276 8666 7670 4247 30861 2522 2009 2665 3615 2982 2403 94001 96737
leaf_count=2079 5665 2002 18844 2028 2120 3686 3793 4930 2208 6330 2662 3512 4915 6700 3062 3226 15588 3276 8666 7670 4247 30861 2522 2009 2665 3615 2982 2403 94001 96737
internal_value=-4.70791e-05 0.00109942 -7.24174e-05 0.000334192 -0.000436501 0.000354475 -0.0014111 0.000948983 9.19979e-05 -0.000799272 -0.00297368 0.000914899 0.000254334 -0.000154086 -0.000339256 -0.000170414 0.000234842 0.00177617 -3.06503e-06 -0.000497537 0.000604369 -0.000253164 -0.00102723 -0.00205506 -0.0028159 0.00106913 -0.000261972 0.00208481 -0.000194164 -0.00027928
internal_weight=355004 7667 347337 58090 25778 14233 11545 32312 13468 8538 4690 12113 8601 289247 6855 287168 48691 6502 42189 23258 18931 238477 16878 7196 5187 14684 9682 6018 221599 190738
internal_count=355004 7667 347337 58090 25778 14233 11545 32312 13468 8538 4690 12113 8601 289247 6855 287168 48691 6502 42189 23258 18931 238477 16878 7196 5187 14684 9682 6018 221599 190738
is_linear=0
shrinkage=0.05


Tree=231
num_leaves=31
num_cat=0
split_feature=26 33 24 27 40 62 31 70 64 12 2 67 40 4 34 64 9 40 31 6 17 56 33 72 6 12 14 28 33 24
split_gain=4.92122 6.66143 5.56042 6.02177 5.15977 4.89934 4.7474 6.71328 6.79139 5.27563 7.11823 5.74924 5.71517 5.46158 4.50789 4.91302 4.5055 4.59057 4.19482 4.03624 5.39364 4.41956 4.39221 5.69808 5.85529 5.10437 4.34557 5.17579 4.23242 5.18985
threshold=-1.4361839294433592 -0.39171086251735682 1.6617186665534975 0.008303820155560972 -0.37055389583110804 0.62500000000000011 0.65704083442687999 1.8874062299728396 0.013946860563009979 -8.7099614143371564 0.11697790399193765 -0.48573887348175043 -0.99085646867752064 0.036613030359148986 0.66176462173461925 0.078749071806669249 -1.2726629972457884 0.97722181677818309 -0.0087728509679436666 -0.74284926056861866 -0.43173366785049433 0.16965506225824359 0.21211493760347369 11.000000000000002 0.51211711764335643 -8.9332442283630353 -7.043780803680419 -0.14353488385677335 0.49353085458278662 1.1881307363510134
decision_type=2 2 2 2 2 2 2 2 2 2 2 2 2 2 2 2 2 2 2 2 2 2 2 2 2 2 2 2 2 2
left_child=1 2 4 18 -1 6 7 9 -9 10 11 -2 13 -11 15 -8 -3 19 -4 20 -18 -22 -21 24 -24 -25 27 28 29 -27
right_child=5 16 3 -5 -6 -7 14 8 -10 12 -12 -13 -14 -15 -16 -17 17 -19 -20 22 21 -23 23 25 -26 26 -28 -29 -30 -31
leaf_value=0.00054859393015061918 -0.0042498415011640129 -0.0011388130591512349 -0.0017893274298865778 0.002521103348236825 0.0028674526311392944 0.001767271007730438 -0.0016743626610411144 0.0019803920433022542 -0.00011664659364125625 0.0026048016913953328 0.00041666680661694419 -0.0012354385187406448 -0.00018113599156162311 -0.00028940432988415639 -0.0025609642843326297 0.0011780711923523742 -0.0020674522284764227 -0.00088008904714696962 0.00086221297979757478 0.00060265909677750655 0.0012768406664261549 -0.0015864711260283274 0.00050577631000002889 0.0025924735418538375 -0.0024362185927473217 -0.0015946060756983809 0.0021305234826076349 0.0018265741002815019 -0.0016201014087530497 0.00050844778341887467
leaf_weight=4020 2243 6713 3379 2026 5960 3334 3307 7427 8027 3662 4289 5356 159253 2928 3862 2761 4119 9259 2656 68744 3881 2052 2698 2118 4509 3874 2277 2905 5452 11978
leaf_count=4020 2243 6713 3379 2026 5960 3334 3307 7427 8027 3662 4289 5356 159253 2928 3862 2761 4119 9259 2656 68744 3881 2052 2698 2118 4509 3874 2277 2905 5452 11978
internal_value=2.69071e-05 0.000246289 0.00114659 0.000169446 0.00193489 -0.000131027 -0.000162272 -0.000107436 0.000891793 -0.000194365 -0.00121138 -0.00212962 -0.000121395 0.00132039 -0.00122792 -0.000376674 0.000121823 0.000190231 -0.00062289 0.00027677 -0.000679748 0.000285526 0.000368787 -8.02057e-05 -0.00133568 0.000236478 4.71693e-05 -0.000149581 -0.000419779 -6.18951e-06
internal_weight=355069 148620 18041 8061 9980 206449 203115 193185 15454 177731 11888 7599 165843 6590 9930 6068 130579 123866 6035 114607 10052 5933 104555 35811 7207 28604 26486 24209 21304 15852
internal_count=355069 148620 18041 8061 9980 206449 203115 193185 15454 177731 11888 7599 165843 6590 9930 6068 130579 123866 6035 114607 10052 5933 104555 35811 7207 28604 26486 24209 21304 15852
is_linear=0
shrinkage=0.05


Tree=232
num_leaves=31
num_cat=0
split_feature=8 59 39 8 61 6 26 30 35 10 2 62 4 57 16 67 5 71 54 39 43 30 64 64 59 39 35 64 17 42
split_gain=4.87952 4.96808 4.00396 5.04292 3.6611 6.11641 4.43758 4.76079 4.12867 6.73441 6.73027 8.2774 7.18838 6.58248 7.98376 5.1732 5.03474 5.01544 5.00555 5.63143 6.72784 6.37401 5.37553 4.92067 4.91724 6.328 4.63941 4.25494 10.1355 6.53056
threshold=-1.5838271975517271 0.21849999576807025 -0.56999135017395008 -1.7797852158546446 0.76666668057441723 2.414262175559998 1.94950807094574 0.93277207016944896 0.71433201432228099 0.93466269969940197 0.021243054419755939 0.37500000000000006 -1.1496744155883787 0.98272001743316661 -0.34528703987598414 -0.63564550876617421 -0.13410393893718717 -0.30664701759815211 0.52170932292938244 -0.45009414851665491 0.83333334326744091 0.58736672997474682 0.41918879747390753 0.86008974909782421 0.97450000047683727 0.4344411194324494 0.93467372655868541 -0.22428754717111585 -0.40852981805801386 0.81174489855766307
decision_type=2 2 2 2 2 2 2 2 2 2 2 2 2 2 2 2 2 2 2 2 2 2 2 2 2 2 2 2 2 2
left_child=1 -1 -3 -4 5 6 8 -8 9 18 11 -11 -13 16 -15 -12 -10 -14 24 21 22 -20 -21 -24 27 -26 -16 28 29 -2
right_child=4 2 3 -5 -6 -7 7 -9 13 10 15 12 17 14 26 -17 -18 -19 19 20 -22 -23 23 -25 25 -27 -28 -29 -30 -31
leaf_value=-0.0010992693790848067 0.00085397155276718774 0.0032496256300483962 -0.00048563070545089624 0.0026523927118808788 0.0015942157243029349 -0.0025549047918325732 0.0025749294229143989 -7.2407782636498455e-05 -0.0019879919363253447 -0.0038892565384470441 -0.0016279055245177006 0.0015128843654324741 -0.00091077681630898186 0.0033572806385849582 0.0016150795151415648 0.00039236227428084093 0.00043747373517086366 -0.0032449100725545697 0.0016130655353678355 -5.3774102161604091e-05 -0.0016184780376520089 -0.00073884150487259779 0.0024367760242813997 3.4879947302892727e-05 -0.00033975555870864306 -0.003814371458940505 -0.0014454187213252467 -0.00023859111087480147 -0.00013147957087306905 0.0037091866051533933
leaf_weight=2024 19040 2658 2970 2237 3467 2384 3374 3408 2797 2729 3990 2558 12294 3895 2986 15237 8989 2826 14502 23573 5076 3588 4934 3750 3771 2000 2101 135114 54592 2230
leaf_count=2024 19040 2658 2970 2237 3467 2384 3374 3408 2797 2729 3990 2558 12294 3895 2986 15237 8989 2826 14502 23573 5076 3588 4934 3750 3771 2000 2101 135114 54592 2230
internal_value=1.13325e-05 0.00110585 0.001674 0.000865008 -2.0053e-05 -3.64763e-05 -1.87093e-05 0.00124648 -4.45464e-05 -9.00201e-05 -0.00069886 -0.00133106 -0.000934174 0.000637896 0.00165677 -2.75134e-05 -0.000139324 -0.00134889 -1.33701e-06 0.00042266 7.17359e-05 0.00114643 0.000338129 0.0014008 -0.000109769 -0.00154843 0.000350696 -7.03445e-05 0.000229303 0.00115492
internal_weight=355094 9889 7865 5207 345205 341738 339354 6782 332572 311804 39634 20407 17678 20768 8982 19227 11786 15120 272170 55423 37333 18090 32257 8684 216747 5771 5087 210976 75862 21270
internal_count=355094 9889 7865 5207 345205 341738 339354 6782 332572 311804 39634 20407 17678 20768 8982 19227 11786 15120 272170 55423 37333 18090 32257 8684 216747 5771 5087 210976 75862 21270
is_linear=0
shrinkage=0.05


Tree=233
num_leaves=31
num_cat=0
split_feature=46 16 23 34 55 13 41 18 37 13 12 31 34 7 63 28 17 65 67 12 36 47 42 60 2 11 6 9 34 56
split_gain=4.12186 5.91721 6.95233 4.15799 5.39985 5.23829 4.98278 5.80164 5.29568 5.87586 4.86545 4.75378 4.28635 7.68166 4.83312 6.03215 4.64253 6.62584 6.03452 4.0414 4.4287 5.37926 4.17091 3.92026 3.75955 5.0863 3.29486 4.47655 5.76141 5.60213
threshold=-0.91309264302253712 -0.52691760659217823 0.44080477952957159 0.64819467067718517 1.3401077389717104 -7.0975828170776358 0.6078576147556306 1.7170740962028506 0.49778139591217047 -7.7821285724639884 -7.5900104045867911 0.41765311360359197 0.28337140381336218 0.58212706446647655 0.0670788809657097 -1.2275485396385191 -0.2705243974924087 0.033802239224314697 -0.51274496316909779 -8.6210350990295392 0.11149961128830911 -0.32372485101222986 -0.56174489110708226 0.33500000834465032 -0.87641507387161244 0.38334749639034277 -0.79471674561500538 0.14671538025140765 -0.14102606475353238 -1.5061429142951963
decision_type=2 2 2 2 2 2 2 2 2 2 2 2 2 2 2 2 2 2 2 2 2 2 2 2 2 2 2 2 2 2
left_child=1 2 -1 11 5 10 8 -8 9 -6 -5 26 14 -14 -13 -16 17 -15 -18 -3 -21 -22 -23 -20 -24 -26 -2 29 -29 -28
right_child=3 19 -4 4 6 -7 7 -9 -10 -11 -12 12 13 16 15 -17 18 -19 23 20 21 22 24 -25 25 -27 27 28 -30 -31
leaf_value=0.0003282028577540125 0.00024485323420025002 -0.0018095584762259085 0.0038266427853022819 -0.0012984512808701179 0.0016583709543362562 0.00053762576036163413 -0.00051666314130092191 0.003235579705682 -0.0028116863744048152 -0.0013561319288331803 -0.0038692176612957572 0.0001836234160387539 -0.0022878905238799328 0.0024047318328990798 0.0026521737249811366 0.00028424358083165203 -0.0025818248712095558 -0.0007463622553428805 0.0021085598331008078 0.00072502864557930406 -0.0013707530722047755 0.0017286938048962563 -0.0019263095351322566 -0.00050278540488016342 0.001485389817580062 -0.0014846372139391652 -0.002645255369115725 0.0013244012127946658 -8.1793511761524902e-05 -0.0003746089037793341
leaf_weight=3174 47250 2374 2563 5574 2934 2309 2024 2083 2238 3575 2751 10923 3289 4714 6451 4612 2341 2573 2160 26310 7057 3823 2408 4248 3926 2265 2779 8077 73362 104887
leaf_count=3174 47250 2374 2563 5574 2934 2309 2024 2083 2238 3575 2751 10923 3289 4714 6451 4612 2341 2573 2160 26310 7057 3823 2408 4248 3926 2265 2779 8077 73362 104887
internal_value=-2.4057e-05 0.000378591 0.00189507 -9.61323e-05 -0.000734773 -0.00156771 -4.50081e-05 0.00138965 -0.000719443 3.14636e-06 -0.00215159 -4.20847e-05 0.000452705 -9.05512e-05 0.000930034 0.00166617 0.00036127 0.0012926 -0.000415019 0.000197598 0.000302034 -0.000269378 0.000356919 0.000379357 -0.000254254 0.000398153 -0.000128581 -0.000221896 5.78163e-05 -0.000433457
internal_weight=355054 53900 5737 301154 23488 10634 12854 4107 8747 6509 8325 277666 41311 19325 21986 11063 16036 7287 8749 48163 45789 19479 12422 6408 8599 6191 236355 189105 81439 107666
internal_count=355054 53900 5737 301154 23488 10634 12854 4107 8747 6509 8325 277666 41311 19325 21986 11063 16036 7287 8749 48163 45789 19479 12422 6408 8599 6191 236355 189105 81439 107666
is_linear=0
shrinkage=0.05


Tree=234
num_leaves=31
num_cat=0
split_feature=35 55 56 40 53 24 41 19 14 27 11 35 65 40 55 9 64 15 15 9 19 66 58 24 74 9 9 30 20 20
split_gain=4.41891 11.5128 7.95266 6.83352 6.69982 5.87072 5.2999 8.17865 6.25264 6.51152 5.8481 6.11027 5.45394 6.2109 6.01764 5.11043 5.07244 7.67152 7.18477 5.8227 5.50184 5.1079 5.89171 4.95863 4.94035 5.72911 4.93367 5.84952 4.7222 5.94328
threshold=0.2448966056108475 -0.66482809185981739 1.4654314517974856 -0.88497918844223011 1.2196782827377322 1.3801854252815249 0.6078576147556306 0.78389132022857677 -8.7910032272338849 -0.10836445912718772 -0.42340362071990961 -0.1580318287014961 0.15871894359588626 0.71629512310028087 -2.0990648269653316 1.144319534301758 -0.19234839081764218 -6.8235108852386466 -7.0345807075500479 0.020281689241528515 0.77200210094451915 -0.26985388994216913 -1.0837041735649107 1.4389826655387881 5.5000000000000009 0.90108942985534679 -0.34816129505634302 -0.43796160817146296 1.030952572822571 1.6389234066009524
decision_type=2 2 2 2 2 2 2 2 2 2 2 2 2 2 2 2 2 2 2 2 2 2 2 2 2 2 2 2 2 2
left_child=6 5 4 -4 24 -2 8 -8 9 -1 -9 -12 14 26 -10 -5 21 18 20 -19 -18 22 -16 -20 -3 -26 -14 -28 -22 -30
right_child=1 2 3 15 -6 -7 7 10 12 -11 11 -13 13 -15 16 -17 17 19 23 -21 28 -23 -24 -25 25 -27 27 -29 29 -31
leaf_value=-0.002842717255323552 -0.0010948201740483047 -0.00058220293502361515 -0.0017938803421097067 0.00041851331089424689 0.000652283421761688 0.001760883655644546 -0.00056933490324237641 0.001651753499595066 -0.0019376984419517283 0.00027882648948573442 -0.001479269395274013 0.0008324330260037889 1.1889542603482261e-05 0.0011971130033805435 0.0025531674354725598 0.0027011340643509196 0.00055998910575902469 0.0040590323938223599 -0.0027852140323636767 0.0004203813167623762 0.00062906475215663519 0.0014392199842269346 0.00030248387465668371 -9.0033267029272836e-05 -0.00083390785027482976 -0.0033841034870373239 -0.00029184561742074441 -0.0033059911604112983 -0.0015087902431962894 0.00059286369723089694
leaf_weight=3163 2198 67469 2130 6274 9863 9778 48708 8235 2583 3525 4710 7238 5621 3982 3163 4020 54461 2249 3330 2147 8097 22643 34837 3491 5773 3560 2833 3724 10830 4871
leaf_count=3163 2198 67469 2130 6274 9863 9778 48708 8235 2583 3525 4710 7238 5621 3982 3163 4020 54461 2249 3330 2147 8097 22643 34837 3491 5773 3560 2833 3724 10830 4871
internal_value=3.41329e-05 -0.000227373 -0.00040438 0.000778237 -0.000573986 0.00123629 0.000152956 -0.000218674 0.000298799 -0.00119951 0.000627447 -7.93341e-05 0.000358208 -0.000515056 0.000450651 0.00131168 0.000491872 0.000252551 0.000147181 0.00228691 0.000282889 0.00084488 0.000490446 -0.00140797 -0.000731529 -0.00180924 -0.00107543 -0.00200613 -0.000351213 -0.000856821
internal_weight=355506 111065 99089 12424 86665 11976 244441 68891 175550 6688 20183 11948 168862 16160 152702 10294 150119 89476 85080 4396 78259 60643 38000 6821 76802 9333 12178 6557 23798 15701
internal_count=355506 111065 99089 12424 86665 11976 244441 68891 175550 6688 20183 11948 168862 16160 152702 10294 150119 89476 85080 4396 78259 60643 38000 6821 76802 9333 12178 6557 23798 15701
is_linear=0
shrinkage=0.05


Tree=235
num_leaves=31
num_cat=0
split_feature=62 62 31 5 11 13 17 13 25 63 40 25 35 15 24 28 17 25 27 24 53 10 62 25 35 11 24 58 8 5
split_gain=2.71416 2.7325 3.04626 6.47084 6.50843 6.0692 4.38635 4.81463 8.29064 3.73308 5.72324 4.19651 5.29287 7.70974 6.4644 4.4493 4.12966 3.8804 3.86485 3.92214 3.78508 3.85578 11.545 6.66453 7.91468 7.77377 11.2227 5.42535 5.00781 4.56585
threshold=0.22500000149011615 0.62500000000000011 0.72429022192955028 -0.42826944589614863 -0.17477236688137052 -7.921104669570922 -1.1710231304168699 -9.04730176925659 0.57344400882720958 0.96268755197525036 -0.9081345498561858 0.94492894411087047 0.59797829389572155 -7.38877248764038 1.7819421887397768 -0.95277327299118031 0.64513960480690014 0.99992328882217418 -0.80616691708564747 1.303084194660187 2.1663275957107548 0.90458175539970409 0.37500000000000006 0.66463515162467968 0.61943477392196666 1.2785961627960207 1.8420712947845461 0.60653904080390941 -0.24593299627304074 0.89935261011123668
decision_type=2 2 2 2 2 2 2 2 2 2 2 2 2 2 2 2 2 2 2 2 2 2 2 2 2 2 2 2 2 2
left_child=-1 2 6 -4 -5 -6 -2 8 -8 16 -11 12 13 14 18 -15 17 20 -12 -20 21 -9 -23 25 29 26 28 -27 -24 -25
right_child=1 -3 3 4 5 -7 7 9 -10 10 11 -13 -14 15 -16 -17 -18 -19 19 -21 -22 22 23 24 -26 27 -28 -29 -30 -31
leaf_value=0.0017637243918529706 0.0017660322871404831 0.0013605085717888026 0.00150202652876799 0.0003277191052092065 -0.00051476575313890739 -0.0035771940736705806 -0.0035318927151964247 0.00015341346670940845 0.00080036608908912773 -0.0011001268815593144 0.00034985996114518753 -0.001051960130532135 0.0035917606241263438 -0.0022118327519913736 -0.00068026439251478313 0.00067488286347547474 -0.00092468911456436399 0.0018706016412654179 0.0019082606051693133 0.0043670128862528254 -0.0012657159401217657 -0.0029663075089977359 -0.0012281508515426217 -0.0021654484952588851 6.1375534453746017e-05 -0.0019622182933834299 0.003483000528547739 0.00072437920905465839 0.0013086099604379439 0.00041597676281815893
leaf_weight=2328 3755 3950 2648 4014 2899 3662 2443 231375 2003 3883 2004 2244 2101 2416 2307 2960 11052 2918 4303 2624 5426 3819 3259 8762 17158 3905 4140 3606 4796 2125
leaf_count=2328 3755 3950 2648 4014 2899 3662 2443 231375 2003 3883 2004 2244 2101 2416 2307 2960 11052 2918 4303 2624 5426 3819 3259 8762 17158 3905 4140 3606 4796 2125
internal_value=6.57494e-05 5.44877e-05 3.96508e-05 -0.000704435 -0.00125783 -0.00222689 6.90076e-05 4.97397e-05 -0.00158272 7.19704e-05 0.000661044 0.000987699 0.00123269 0.000932386 0.00167687 -0.000624119 2.35486e-05 5.95568e-05 0.00228584 0.00284461 4.11668e-05 6.62726e-05 -0.00032465 -0.0001128 -0.00060786 0.000591706 0.00137065 -0.000673146 0.000282003 -0.00166167
internal_weight=354885 352557 348607 13223 10575 6561 335384 331629 4446 327183 24842 20959 18715 16614 11238 5376 302341 291289 8931 6927 288371 282945 51570 47751 28045 19706 12195 7511 8055 10887
internal_count=354885 352557 348607 13223 10575 6561 335384 331629 4446 327183 24842 20959 18715 16614 11238 5376 302341 291289 8931 6927 288371 282945 51570 47751 28045 19706 12195 7511 8055 10887
is_linear=0
shrinkage=0.05


Tree=236
num_leaves=31
num_cat=0
split_feature=34 43 0 5 33 34 17 29 23 8 28 7 60 65 17 29 7 34 25 68 29 56 3 60 22 23 22 18 53 53
split_gain=4.59163 4.28107 10.0953 5.70507 7.227 5.98648 5.1923 5.14378 4.2757 3.83429 5.53007 4.66427 6.79858 6.48799 3.99086 3.85544 4.25664 4.09323 3.73224 3.65193 4.57624 6.38826 5.21498 4.02776 4.03222 3.34762 5.59327 3.66155 4.22931 3.94381
threshold=-1.0577873587608335 1.0000000180025095e-35 1.0564011931419375 -0.062217988073825829 -0.18902488797903058 -0.096485685557126985 -0.42716731131076807 0.56282487511634838 0.77513355016708385 -1.2938420772552488 -1.0490010380744932 -1.3407582044601438 0.30500000715255743 -0.050255360081791871 -0.27927683293819422 -0.20460087060928342 -1.4022392034530637 -0.5963417887687682 0.13416872173547748 -0.24744214117527005 0.90914419293403637 1.6064345836639407 2.0994203090667729 0.95499998331069957 1.4106376767158511 0.99985027313232433 1.3207178711891177 2.2570176124572758 0.33733817934989935 -0.2309891656041145
decision_type=2 2 2 2 2 2 2 2 2 2 2 2 2 2 2 2 2 2 2 2 2 2 2 2 2 2 2 2 2 2
left_child=-1 2 3 4 6 -5 -2 8 -7 10 18 12 -11 -14 -15 16 -12 -18 -3 25 21 23 -23 -21 -25 27 -27 -13 29 -29
right_child=1 9 -4 5 -6 7 -8 -9 -10 11 15 19 13 14 -16 -17 17 -19 -20 20 -22 22 -24 24 -26 26 -28 28 -30 -31
leaf_value=0.0020628241300718235 0.0020235813099597592 -0.00074069582672457398 -0.0039208113739104275 0.002710615670034115 -0.0027937112452051144 0.00038004094420939546 -0.0010375581467086798 0.0015666631971345863 -0.0023452547587224735 -0.00063487869656705909 -0.002044998718725695 -3.8790489266285174e-05 0.0036690165140282442 0.0024743696378316813 -0.00043376088408857215 -0.0023226523460488264 0.0015301908632503274 -0.0013709792296360543 0.0020719930684129496 0.00021100968330592612 -0.0012754937171817688 0.002660127288538238 -0.00013054768501729417 0.0033653035391314856 0.00025865706846087979 0.0026257333535847777 -0.00015545200706398044 -0.001783153029580753 -0.0029776313884820002 0.0010769005443748961
leaf_weight=2837 2000 2120 2080 2401 3981 2879 4447 3014 2863 3805 2860 171591 3207 2003 2844 4645 3020 2021 2637 98069 4327 5233 2458 2058 2114 3077 4360 2408 2261 2394
leaf_count=2837 2000 2120 2080 2401 3981 2879 4447 3014 2863 3805 2860 171591 3207 2003 2844 4645 3020 2021 2637 98069 4327 5233 2458 2058 2114 3077 4360 2408 2261 2394
internal_value=6.28857e-05 4.67627e-05 -0.000602673 -0.000281259 -0.00112155 0.000504424 -8.62627e-05 -0.000102942 -0.000980525 9.34209e-05 -0.000630866 0.000133581 0.00110575 0.00192785 0.000770631 -0.00118103 -0.00050779 0.000366664 0.000819569 9.51602e-05 0.00031765 0.000380467 0.00176923 0.000275835 0.00179551 -4.14569e-05 0.000997222 -8.47484e-05 -0.00119963 -0.000358021
internal_weight=356014 353177 23665 21585 10428 11157 6447 8756 5742 329512 17303 312209 11859 8054 4847 12546 7901 5041 4757 300350 114259 109932 7691 102241 4172 186091 7437 178654 7063 4802
internal_count=356014 353177 23665 21585 10428 11157 6447 8756 5742 329512 17303 312209 11859 8054 4847 12546 7901 5041 4757 300350 114259 109932 7691 102241 4172 186091 7437 178654 7063 4802
is_linear=0
shrinkage=0.05


Tree=237
num_leaves=31
num_cat=0
split_feature=62 11 57 28 60 49 0 71 20 47 34 6 17 25 66 33 52 65 14 7 60 39 10 11 49 4 40 0 64 7
split_gain=4.2455 4.15459 5.1838 5.19818 5.11091 4.9611 6.35917 5.53647 4.31429 3.8074 3.8789 4.61817 3.76846 3.67958 7.12378 6.86438 3.93405 3.8915 3.73612 4.23932 4.20414 3.68876 3.41875 3.33408 3.25843 3.19469 7.45765 4.44006 3.98296 4.45497
threshold=0.24166666716337207 0.88015052676200878 -0.15712305158376691 -0.20566741377115247 0.34499999880790716 -0.72567251324653614 0.67647176980972301 -0.37477184832096094 1.3719951510429385 1.1971771717071535 -0.37133261561393732 -0.89276501536369313 -0.46096865832805628 0.75301015377044689 -0.12074471637606619 0.02551553770899773 -0.97991791367530812 -0.0082903741858899576 -7.1852025985717765 -0.58782136440277089 0.86500000953674328 0.40274286270141607 0.64072072505950939 -3.156002283096313 0.15089701861143115 -1.1082037091255186 -0.9081345498561858 0.80129447579383861 -0.98952138423919667 -0.6098191738128661
decision_type=2 2 2 2 2 2 2 2 2 2 2 2 2 2 2 2 2 2 2 2 2 2 2 2 2 2 2 2 2 2
left_child=-1 23 3 4 -3 6 7 8 -4 10 11 -7 -11 16 15 -15 -12 -17 19 -18 21 22 -21 -2 -20 26 -25 28 -28 -30
right_child=1 2 5 -5 -6 9 -8 -9 -10 12 13 -13 -14 14 -16 17 18 -19 24 20 -22 -23 -24 25 -26 -27 27 -29 29 -31
leaf_value=0.0017000328998322653 -0.0017037357031405146 0.00097321103506339953 -0.0025541265276282418 -0.0032684532523040571 -0.0016348267857791594 -0.0001254869248496625 -0.0031281214598648773 0.0010479695535974682 8.3178953739746584e-05 0.0029128046126310294 -0.0011411684086246557 -0.0029861082370078347 0.00026177859793848215 -0.0040200051138121959 0.00061257928773503483 -0.0018631176205810597 -0.0013290443718431957 0.00053182380268357375 0.0032729630672576936 0.00043155711091745513 0.0026888641686817561 0.0011669261457539252 -0.0017847454007678147 0.002440644225553814 0.00063046800109176808 1.6243991969656055e-05 0.0023800053956250095 -0.0016047875984134001 -0.00044656753893844507 0.00096297177124916975
leaf_weight=3571 2637 2857 3470 2678 5445 3325 2896 3747 2796 2108 3647 2442 3658 2075 7117 3601 3261 3192 2215 4327 2167 6737 2897 4466 2465 238150 2421 2906 11352 11056
leaf_count=3571 2637 2857 3470 2678 5445 3325 2896 3747 2796 2108 3647 2442 3658 2075 7117 3601 3261 3192 2215 4327 2167 6737 2897 4466 2465 238150 2421 2906 11352 11056
internal_value=-1.28789e-05 -3.02985e-05 -0.000349292 -0.001357 -0.000737221 -0.000186744 -0.00106882 -0.000470691 -0.00137906 1.95663e-05 -0.000122248 -0.00133987 0.00123434 3.8705e-05 -0.000565219 -0.00151008 0.000387092 -0.000738618 0.000619036 0.000312543 0.000645081 0.000326151 -0.000458473 6.21682e-05 0.00188545 7.94551e-05 0.000546798 0.000241073 0.000457673 0.000249012
internal_weight=355682 352111 79123 10980 8302 68143 12909 10013 6266 55234 49468 5767 5766 43701 15985 8868 27716 6793 24069 19389 16128 13961 7224 272988 4680 270351 32201 27735 24829 22408
internal_count=355682 352111 79123 10980 8302 68143 12909 10013 6266 55234 49468 5767 5766 43701 15985 8868 27716 6793 24069 19389 16128 13961 7224 272988 4680 270351 32201 27735 24829 22408
is_linear=0
shrinkage=0.05


Tree=238
num_leaves=31
num_cat=0
split_feature=25 68 56 1 15 19 10 65 15 4 65 68 37 51 22 10 15 65 31 9 40 65 12 4 42 40 28 69 5 40
split_gain=3.14591 3.92271 3.82214 4.65638 4.10358 5.86892 8.36607 7.35378 5.43627 5.35827 5.06202 5.41235 6.01327 5.32538 5.03758 4.77913 6.9256 7.12961 4.66486 4.5699 9.45646 5.32766 5.28498 6.06625 7.28547 6.8873 6.48711 6.84944 5.12704 4.72799
threshold=0.99992328882217418 -0.3981036096811294 2.7508420944213872 2.6043062210083012 -7.6638419628143302 1.0000000180025095e-35 1.0876235365867617 -0.15069731324911115 -7.6206092834472647 0.063165191560983672 0.22948457300662997 -0.49888069927692408 0.60003450512886058 1.686265826225281 0.86883923411369335 1.8196048736572268 -7.2589566707611075 -0.058957168832421296 0.20794253796339038 0.7076685130596162 0.63943293690681469 -0.20573259145021436 -6.8281455039978018 0.33715140819549566 1.0000000180025095e-35 -0.37864500284194941 -1.0356940031051634 -0.00092681130627170194 -0.39762438833713526 -0.67236042022705067
decision_type=2 2 2 2 2 2 2 2 2 2 2 2 2 2 2 2 2 2 2 2 2 2 2 2 2 2 2 2 2 2
left_child=2 -2 3 4 5 6 7 -1 -6 -9 11 -7 13 14 -13 19 18 -18 -17 -10 21 -21 23 24 26 -26 27 -23 -28 -25
right_child=1 -3 -4 -5 8 10 -8 9 15 -11 -12 12 -14 -15 -16 16 17 -19 -20 20 -22 22 -24 29 25 -27 28 -29 -30 -31
leaf_value=0.001698806731225935 0.0028913090466212168 4.2297121309868406e-05 0.0020327855620724603 -0.0022693447363252681 0.001012954622484468 0.00037863923459161312 -0.0040531248586577464 -0.0015913403773993055 5.6193473769304531e-05 0.00077899471278414494 0.0014175278530085601 0.0016472603500160953 -0.0027289107419006583 -0.002369084895336868 -0.00037138854869465292 0.0031552954577022314 0.0018490058434838348 -0.0017436947455203014 0.00021590692467389735 -0.0023632865587273322 -0.0017427821714434627 0.00081600959659595322 0.0020926435422159175 -0.0024596086346096008 0.00087555606146625222 -0.0031015748841854655 -0.0016548480745536159 0.0047451099399230378 0.0013990096144771086 -0.00024511173281044026
leaf_weight=2644 2006 3016 2127 2420 13836 26327 2112 12724 157605 2927 4884 3249 2801 3155 59860 3958 2324 3372 2048 2321 11625 2304 3031 3713 2119 2221 2297 2138 3390 6843
leaf_count=2644 2006 3016 2127 2420 13836 26327 2112 12724 157605 2927 4884 3249 2801 3155 59860 3958 2324 3372 2048 2321 11625 2304 3031 3713 2119 2221 2297 2138 3390 6843
internal_value=-5.75057e-05 0.0011838 -7.53308e-05 -8.82646e-05 -7.29369e-05 -0.000308174 -0.00108088 -0.000735733 5.31638e-05 -0.00114783 -0.00015083 -0.000231269 -0.000463782 -0.000367637 -0.000267219 -9.72588e-06 0.000971905 -0.000277181 0.00215501 -6.732e-05 -0.000530685 -6.6406e-05 0.000124383 -0.000114751 0.000550044 -0.0011622 0.00128411 0.00271355 0.000164806 -0.00102564
internal_weight=355397 5022 350375 348248 345828 120683 20407 18295 225145 15651 100276 95392 69065 66264 63109 211309 11702 5696 6006 199607 42002 30377 28056 25025 14469 4340 10129 4442 5687 10556
internal_count=355397 5022 350375 348248 345828 120683 20407 18295 225145 15651 100276 95392 69065 66264 63109 211309 11702 5696 6006 199607 42002 30377 28056 25025 14469 4340 10129 4442 5687 10556
is_linear=0
shrinkage=0.05


Tree=239
num_leaves=31
num_cat=0
split_feature=0 24 28 24 34 15 15 35 28 0 43 71 17 41 65 5 35 58 4 65 71 26 15 52 24 34 50 69 20 25
split_gain=3.33108 5.28939 3.89162 3.13413 3.62346 3.5475 6.01676 8.71862 7.42557 5.82405 5.96797 6.00223 5.51036 5.28374 5.06212 4.8774 6.23236 5.51005 4.85541 4.6143 7.78218 4.56026 4.4171 5.56873 5.09727 5.12858 6.75182 4.77708 5.44728 4.95588
threshold=2.461986899375916 1.4486423134803774 2.1028814315795903 0.72000843286514293 -0.017410847358405587 -7.655198097229003 -7.5803563594818106 -0.34362007677555079 -0.38697625696659083 0.49082675576210028 0.16666667163372043 -0.25882503390312189 -0.3140468150377273 -1.0000000180025095e-35 0.26148431003093725 -1.1638195514678953 -0.69177186489105214 -1.2629840373992918 0.23359886556863788 -0.15069731324911115 -0.68317782878875721 -0.79124757647514332 -7.442798137664794 0.98131427168846141 0.95539876818656932 0.66176462173461925 0.56719577312469494 -2.2512835264205928 2.2276220321655278 0.16370208561420443
decision_type=2 2 2 2 2 2 2 2 2 2 2 2 2 2 2 2 2 2 2 2 2 2 2 2 2 2 2 2 2 2
left_child=2 -2 3 4 -1 14 7 8 -7 15 -11 12 21 -14 19 -8 -17 -18 -13 20 -5 -12 23 -19 -24 27 -27 -26 29 -29
right_child=1 -3 -4 5 -6 6 9 -9 -10 10 11 18 13 -15 -16 16 17 22 -20 -21 -22 -23 24 -25 25 26 -28 28 -30 -31
leaf_value=-0.00014249776651736396 -0.00052634339429818804 0.0027241631127310055 -0.0019684973131304357 0.0024082080947690817 0.0028271967351105056 0.0008241556807565203 0.00096188674900234312 0.0012899247917595572 -0.00314721296272103 -0.0015277328639083992 -0.00031868379380229587 0.0023479304159475609 -6.1499838038200712e-05 -0.0018469094866773912 0.0015627908975845341 -0.0016738122653209065 0.0019047010572401605 -0.00019465737646065536 -0.0001254820690441103 -0.00044462367095008922 -0.00011271294663105089 0.0015995303224581314 -0.0011214206438192752 -0.0021636507218660552 -0.0012142107847570851 -0.0024313560960116444 0.0010421912088699071 0.0018512589940169772 0.0030647586776184144 0.00033654437565286313
leaf_weight=2040 2276 2763 2575 3862 2057 2414 16507 19539 2281 10508 12141 3742 7031 10084 3709 5033 4166 24677 4209 100128 14620 4149 6474 4193 4117 3607 2274 5874 2057 65785
leaf_count=2040 2276 2763 2575 3862 2057 2414 16507 19539 2281 10508 12141 3742 7031 10084 3709 5033 4166 24677 4209 100128 14620 4149 6474 4193 4117 3607 2274 5874 2057 65785
internal_value=-1.72628e-05 0.00125785 -3.56639e-05 -2.1276e-05 0.00135176 -3.77067e-05 8.19276e-05 0.000825121 -0.00110787 -9.70673e-06 -0.000464284 -0.000193772 -0.000487673 -0.00111391 -0.00025371 0.000153174 4.90233e-05 0.000119522 0.00104007 -0.00031064 0.000415076 0.000170559 5.69009e-05 -0.000481279 0.000229211 0.000333784 -0.00108875 0.000441396 0.000534012 0.000460949
internal_weight=354892 5039 349853 347278 4097 343181 220862 24234 4695 196628 51864 41356 33405 17115 122319 144764 128257 123224 7951 118610 18482 16290 119058 28870 90188 83714 5881 77833 73716 71659
internal_count=354892 5039 349853 347278 4097 343181 220862 24234 4695 196628 51864 41356 33405 17115 122319 144764 128257 123224 7951 118610 18482 16290 119058 28870 90188 83714 5881 77833 73716 71659
is_linear=0
shrinkage=0.05


Tree=240
num_leaves=31
num_cat=0
split_feature=65 54 39 60 62 18 6 40 18 29 18 24 10 74 66 49 29 24 18 27 48 65 31 54 18 41 23 59 58 24
split_gain=3.69369 8.21588 7.46978 4.83852 3.81676 3.43837 3.29181 3.25691 5.61651 6.92624 5.67516 3.96587 8.64589 5.58768 6.61748 6.13705 5.32523 4.97195 5.63199 5.02869 4.98835 4.85762 4.74666 4.73168 5.44108 4.75799 7.89726 7.14941 5.59951 5.28851
threshold=0.21741983294487002 0.038223497569561012 -0.15212193876504895 0.65500000119209301 0.22500000149011615 1.5815290212631228 -0.37374092638492579 -0.99495905637741078 0.97596305608749401 -0.18964911997318265 1.4897151589393618 1.8980011343955996 2.0904043912887578 1.5000000000000002 0.71979016065597545 0.59102550148963939 0.041638657450675971 2.028536438941956 2.14141857624054 -0.70135614275932301 -0.42687717080116266 0.17082282155752185 -0.040313201025128358 1.1207960844039919 0.83733844757080089 -0.60785761475563038 0.91843333840370189 0.44449999928474432 0.68862226605415355 1.5521485209465029
decision_type=2 2 2 2 2 2 2 2 2 2 2 2 2 2 2 2 2 2 2 2 2 2 2 2 2 2 2 2 2 2
left_child=4 2 -2 5 -1 -3 -4 8 -6 -10 -11 12 16 14 15 -13 21 19 -19 -15 -21 -9 -17 25 -25 29 -27 -28 -29 -18
right_child=1 3 6 -5 7 -7 -8 11 9 10 -12 13 -14 17 -16 22 23 18 -20 20 -22 -23 -24 24 -26 26 27 28 -30 -31
leaf_value=0.0020774391644096889 0.0014326759912186113 0.0019109440127733552 -0.00022569885358228919 0.0035173533305616019 -0.00072678431067577532 -0.00066463700728849374 -0.0028686924626051208 -0.000147193972944828 0.0035981080696313953 0.0021639186981871144 -0.0015177041872492887 -0.00086131791413644884 0.002333492417681193 0.00084121747796756365 0.00092352847737512073 -0.0010508501852135651 0.00022609946585945648 0.00029951990453091885 -0.0016515801686029863 -0.0034580403555174431 -0.0008600894308304557 -0.0016556515548105371 -0.0042322966896910829 0.0012529860065676342 -0.0012981813250213471 0.0003514886181307025 0.00044293553279809816 0.0038055573959807467 0.00066560234033986431 -0.0013396588653926834
leaf_weight=2151 3291 3584 2168 2836 3767 2020 2575 120751 2778 2147 2024 16546 4052 2960 3879 2040 22041 44857 4021 2450 7468 5574 2774 2731 8803 55540 5702 4666 2046 7129
leaf_count=2151 3291 3584 2168 2836 3767 2020 2575 120751 2778 2147 2024 16546 4052 2960 3879 2040 22041 44857 4021 2450 7468 5574 2774 2731 8803 55540 5702 4666 2046 7129
internal_value=1.83897e-05 0.000749286 -0.000395062 0.00183776 -1.71607e-05 0.000983028 -0.00166361 -3.06015e-05 0.000826685 0.00166864 0.000378035 -5.88034e-05 4.6402e-05 -0.000347847 -0.000974507 -0.00131946 6.86622e-06 -9.16212e-05 0.000138706 -0.000965248 -0.00150469 -0.000213879 -0.00288909 0.000263499 -0.000693558 0.000377215 0.000606476 0.00174608 0.00285083 -0.000156892
internal_weight=355371 16474 8034 8440 338897 5604 4743 336746 10716 6949 4171 326030 239035 86995 25239 21360 234983 61756 48878 12878 9918 126325 4814 108658 11534 97124 67954 12414 6712 29170
internal_count=355371 16474 8034 8440 338897 5604 4743 336746 10716 6949 4171 326030 239035 86995 25239 21360 234983 61756 48878 12878 9918 126325 4814 108658 11534 97124 67954 12414 6712 29170
is_linear=0
shrinkage=0.05


Tree=241
num_leaves=31
num_cat=0
split_feature=61 34 11 30 34 58 26 64 26 15 23 8 30 16 15 20 30 40 39 29 8 15 4 3 26 14 8 48 39 58
split_gain=3.57432 6.00678 3.70438 9.44698 5.61678 5.2548 5.80429 4.13125 3.55406 3.14264 6.73072 6.93206 6.03078 5.6633 5.28936 6.06352 4.74648 9.10181 4.67104 6.39451 6.20946 5.498 4.85818 5.57318 6.60334 7.42869 5.50146 4.78153 4.63238 4.56336
threshold=0.76666668057441723 1.0690566897392275 2.3471915721893315 -0.34256926178932184 -0.18616828322410581 0.91401085257530224 -2.1676170825958248 1.3923249244689944 0.58866190910339367 -7.655198097229003 0.0076849288307130345 1.7195472717285158 1.4622122645378115 0.6577284336090089 -7.5803563594818106 0.89444249868392955 -2.2422803640365596 0.4344411194324494 -1.0000000180025095e-35 0.87583643198013317 1.6252482533454897 -7.5369462966918936 -0.38493815064430231 -1.9052989482879636 0.56062775850296032 -7.7681150436401358 -1.0610637068748472 -0.76214647293090809 -0.11753627657890318 -0.019437148235738274
decision_type=2 2 2 2 2 2 2 2 2 2 2 2 2 2 2 2 2 2 2 2 2 2 2 2 2 2 2 2 2 2
left_child=1 2 7 4 -4 6 -6 9 -9 10 -1 12 13 -12 15 28 17 -16 19 20 21 -18 23 -20 25 -25 -27 -28 -11 -23
right_child=-2 -3 3 -5 5 -7 -8 8 -10 14 11 -13 -14 -15 16 -17 18 -19 22 -21 -22 29 -24 24 -26 26 27 -29 -30 -31
leaf_value=-0.0018317977853799931 0.0016626613782874172 -0.0019984887845462258 -0.0031477705729202397 0.0018634514813229679 0.00025474761577541416 0.00095407846299854447 -0.0033531580263509403 0.0014869547072303047 -0.00045345474229762251 -0.0024990858639465686 -5.7907779398745101e-06 -0.0028232039069035777 -0.0025548179519213608 0.002197163522746091 0.00025728923197569203 0.0013015395901751874 -0.0013721652453743238 -0.0037610641315433328 -0.001356788494938194 -0.0024807168036349095 0.002247216484418787 0.00044828268737355845 0.00014112831878565591 0.00010182306503570763 -0.0010973834117917528 0.0044769651730582815 0.00010475048800948479 0.0022365335462873402 0.00072899840570427748 -0.00031893336236753884
leaf_weight=5578 3453 3538 3242 2759 2014 3015 2483 9298 3156 2042 104749 2205 2249 2991 3648 18452 7791 2285 2391 2733 2887 34672 55165 7097 2865 2027 3541 10230 2417 43923
leaf_count=5578 3453 3538 3242 2759 2014 3015 2483 9298 3156 2042 104749 2205 2249 2991 3648 18452 7791 2285 2391 2733 2887 34672 55165 7097 2865 2027 3541 10230 2417 43923
internal_value=6.41636e-05 4.84112e-05 6.92838e-05 -0.000742023 -0.00141158 -0.000659097 -0.00174036 0.000102091 0.000995261 6.75088e-05 -0.000138169 -5.38098e-05 1.96109e-06 5.55643e-05 0.000186154 0.000901801 9.56496e-05 -0.00129404 0.000142749 -0.000102841 -2.97754e-05 -0.000106123 0.000413934 0.000948286 0.00116268 0.00144585 0.00204919 0.00168885 -0.000751588 1.95362e-05
internal_weight=354896 351443 347905 13513 10754 7512 4497 334392 12454 321938 117772 112194 109989 107740 204166 22911 181255 5933 175322 92006 89273 86386 83316 28151 25760 22895 15798 13771 4459 78595
internal_count=354896 351443 347905 13513 10754 7512 4497 334392 12454 321938 117772 112194 109989 107740 204166 22911 181255 5933 175322 92006 89273 86386 83316 28151 25760 22895 15798 13771 4459 78595
is_linear=0
shrinkage=0.05


Tree=242
num_leaves=31
num_cat=0
split_feature=53 15 18 11 4 5 59 43 52 9 56 46 11 25 10 19 9 8 69 20 11 56 12 10 54 43 4 17 21 22
split_gain=3.27419 3.76926 5.8308 4.93091 5.26888 4.20713 3.94459 3.7055 3.69536 5.72899 5.48132 5.66027 4.3325 4.17987 4.12809 4.90361 4.02757 3.84167 3.7717 7.43475 6.4346 5.15828 6.34081 5.33173 7.09837 4.78231 5.38191 3.9416 4.76557 7.30747
threshold=0.61699321866035473 -8.3516669273376447 1.498562276363373 0.095575261861085906 0.13472746312618258 2.006417036056519 0.57449999451637279 0.5000000149011613 0.36858317255973821 0.75597354769706737 0.79343256354331981 0.33782161772251135 3.1221500635147099 0.90499162673950206 -0.99088871479034413 0.32541733980178839 1.2936789989471438 0.57419183850288402 -0.0033452593488618727 2.6820402145385747 -0.80700764060020436 -0.21693772822618482 -7.9395952224731436 -0.093435615301132188 -1.2123116254806516 0.10000000521540643 -0.37503446638584131 0.063682276755571379 0.44022417068481451 1.8929822444915774
decision_type=2 2 2 2 2 2 2 2 2 2 2 2 2 2 2 2 2 2 2 2 2 2 2 2 2 2 2 2 2 2
left_child=1 2 3 6 -5 8 -1 -7 12 13 11 16 18 14 15 -10 17 -11 25 20 21 22 -20 24 -23 26 -3 28 29 -22
right_child=-2 5 -4 4 -6 7 -8 -9 9 10 -12 -13 -14 -15 -16 -17 -18 -19 19 -21 27 23 -24 -25 -26 -27 -28 -29 -30 -31
leaf_value=0.0023122968183938802 0.00025266451834438677 0.0016093615314557717 0.0025138417267508116 -0.0023423614195481729 0.00094078768860406288 -0.0029997228782811525 -0.00046500533835330062 -9.4827762182586622e-05 0.0025942055398749217 -0.0027416749315836843 0.00090460902068009285 -0.0027617768389450251 -0.0021711788145106861 0.0023490906022012158 0.00012219981961767568 0.00024949589613441165 0.00080398544386860713 -0.0001100694635618646 0.0014773145234316669 -0.002870763332979683 0.00036173354711706014 0.00015405251544400338 -0.0018861399495900657 0.00011397171909750272 0.0032983286644043086 -0.00062555249416675063 -0.00072669570166928796 -0.00070711422017770051 -0.00029353012590592194 0.0034767422622514195
leaf_weight=3123 81265 5417 3338 2987 2056 2405 2155 2014 3982 2566 4320 3830 2879 2597 49246 5057 3683 3006 2555 2209 19189 2710 3079 4678 5312 68419 4510 22133 32738 2078
leaf_count=3123 81265 5417 3338 2987 2056 2405 2155 2014 3982 2566 4320 3830 2879 2597 49246 5057 3683 3006 2555 2209 19189 2710 3079 4678 5312 68419 4510 22133 32738 2078
internal_value=-2.60688e-05 -0.000108662 0.000700683 0.000112409 -0.00100463 -0.000151106 0.00117959 -0.00167899 -0.000124688 0.000161561 -0.000638167 -0.00114781 -0.000250653 0.000390255 0.000302588 0.00128415 -0.000477648 -0.00132471 -0.00021894 -9.99023e-06 5.71988e-05 0.000897844 -0.00036091 0.0014561 0.00223764 -0.000476755 0.000548389 -0.00014532 8.50104e-05 0.000667592
internal_weight=355536 274271 13659 10321 5043 260612 5278 4419 256193 78287 17405 13085 177906 60882 58285 9039 9255 5572 175027 96681 94472 18334 5634 12700 8022 78346 9927 76138 54005 21267
internal_count=355536 274271 13659 10321 5043 260612 5278 4419 256193 78287 17405 13085 177906 60882 58285 9039 9255 5572 175027 96681 94472 18334 5634 12700 8022 78346 9927 76138 54005 21267
is_linear=0
shrinkage=0.05


Tree=243
num_leaves=31
num_cat=0
split_feature=14 14 13 35 23 68 36 7 7 32 10 68 11 0 28 36 11 23 72 12 55 7 63 27 11 62 23 8 13 2
split_gain=4.70184 9.21582 9.44587 5.2955 5.64492 4.40978 6.24813 6.79497 5.18526 4.38203 4.27005 4.21189 4.15378 4.77465 5.18411 5.09632 7.03401 4.73573 5.54903 4.38432 4.33253 4.30266 4.41345 4.0242 4.16673 3.98848 3.92242 7.14646 5.0808 4.94338
threshold=-7.8159079551696768 -7.7784368991851798 -7.9908528327941886 -0.61364826560020436 0.10913940891623498 -0.55283382534980763 -0.47352850437164301 -0.70947960019111622 0.84116783738136303 0.47966618835926061 0.18318371474742892 -0.39089085161685938 0.11433161050081254 -1.7503833174705503 -1.5597084760665891 0.9988151788711549 -0.011201525107026098 0.31442178785800939 17.000000000000004 -8.4246358871459943 0.50327026844024669 0.33090279996395117 -0.26057124137878412 -0.24105955660343167 1.0934250950813296 0.39166666567325598 0.11748983711004259 -0.012225291691720484 -8.3699769973754865 -0.64316487312316883
decision_type=2 2 2 2 2 2 2 2 2 2 2 2 2 2 2 2 2 2 2 2 2 2 2 2 2 2 2 2 2 2
left_child=3 2 -2 4 -1 6 7 -5 9 23 -9 -4 13 -7 17 16 19 -15 -19 21 -17 22 -16 25 -25 -8 28 29 -14 -28
right_child=1 -3 11 5 -6 12 8 10 -10 -11 -12 -13 26 14 15 20 -18 18 -20 -21 -22 -23 -24 24 -26 -27 27 -29 -30 -31
leaf_value=-0.00020238831479229519 0.0040048731597690295 6.5276375960592238e-05 -0.00055880974316146711 -0.0039508988266313168 0.0031577636947908052 0.0024746182620210798 -0.0028125211006051047 -7.0892639855604791e-05 0.0012278852051341822 -0.0026397368308421925 -0.0022343491552999067 0.0019279706952346884 0.0025107570416369814 0.0025123519161502567 -0.00096185839417057086 0.0020371415862920276 0.0015072158358906771 -0.0015556091385164768 0.0011531182930250711 -0.00037306909539320794 -0.00060733793202180988 -0.00029225967037764186 -0.0040201612450613171 -0.0003166993484378306 0.0019974619218823958 -0.0003944261829292667 0.00031308750667703527 -0.00011567057532385644 -0.00045975620612071747 -0.0019590906492845815
leaf_weight=2702 2932 211977 3605 2628 2314 2219 2695 4944 4449 2436 4225 3211 2402 3520 2015 3949 3489 2674 6389 13590 2538 2765 2863 8192 2540 4625 2994 24783 3564 11880
leaf_count=2702 2932 211977 3605 2628 2314 2219 2695 4944 4449 2436 4225 3211 2402 3520 2015 3949 3489 2674 6389 13590 2538 2765 2863 8192 2540 4625 2994 24783 3564 11880
internal_value=-6.67192e-06 0.00013444 0.00163683 -0.000241235 0.00135093 -0.000303549 -0.000766326 -0.00171391 -0.000317542 -0.00065357 -0.00106914 0.000613814 -0.000117969 0.000217225 0.000102301 -0.000243158 -0.000570463 0.00095864 0.000353086 -0.000912416 0.00100316 -0.00186969 -0.00276139 -0.000384236 0.000232355 -0.00128732 -0.000455988 -0.000635816 0.000738417 -0.00150182
internal_weight=355109 221725 9748 133384 5016 128368 36734 11797 24937 20488 9169 6816 91634 46011 43792 31209 24722 12583 9063 21233 6487 7643 4878 18052 10732 7320 45623 39657 5966 14874
internal_count=355109 221725 9748 133384 5016 128368 36734 11797 24937 20488 9169 6816 91634 46011 43792 31209 24722 12583 9063 21233 6487 7643 4878 18052 10732 7320 45623 39657 5966 14874
is_linear=0
shrinkage=0.05


Tree=244
num_leaves=31
num_cat=0
split_feature=11 57 22 41 68 10 25 6 65 44 58 39 25 64 11 5 5 65 31 72 33 11 14 71 30 42 58 40 59 31
split_gain=4.33707 5.45023 9.68515 5.46549 4.79057 4.97527 5.52275 4.66549 6.05385 5.87872 5.68845 4.89093 4.72277 4.96888 4.5855 4.36414 4.1546 4.65708 4.37453 7.76024 7.79477 6.60521 10.527 8.17903 6.07038 5.54225 4.83347 7.02531 5.56945 4.83911
threshold=1.1116977334022524 0.90616664290428173 1.2512170672416689 -0.60785761475563038 -0.67771261930465687 1.5806493759155276 0.77717921137809765 -0.041744338348507874 -0.15069731324911115 0.70305505394935619 1.0890895128250124 0.55556493997573864 0.80109730362892162 -0.15646709501743314 1.7022747397422793 -0.55399814248085011 2.006417036056519 0.0094515252858400362 0.29978090524673467 15.000000000000002 -0.19359415024518964 0.67985767126083385 -7.564340114593505 -0.5229121446609496 -0.2549376487731933 -0.56174489110708226 0.43689993023872381 -0.92219218611717213 0.64149999618530285 0.49893140792846685
decision_type=2 2 2 2 2 2 2 2 2 2 2 2 2 2 2 2 2 2 2 2 2 2 2 2 2 2 2 2 2 2
left_child=16 2 3 -2 -4 6 15 10 -9 12 11 -3 13 -10 -14 -6 18 -18 -1 20 -20 26 23 -23 25 -22 27 -21 -29 -30
right_child=1 7 4 -5 5 -7 -8 8 9 -11 -12 -13 14 -15 -16 -17 17 -19 19 21 24 22 -24 -25 -26 -27 -28 28 29 -31
leaf_value=6.8080099879892174e-06 -0.0010428683964644658 0.0013978965861022707 -0.0031399048740635019 0.0011361989894512327 4.8977083955670136e-05 -0.0028493928117178228 0.0010334719778404553 -0.0015085163251916183 0.0043511549623515789 -0.00068759196174118277 -0.0019188720337379541 -0.0013437309970870254 0.0020786343734439205 0.001445815193399796 -0.001232377485841327 -0.0020581938595580261 0.00070728005391421827 -0.0021155813028022998 0.001784432121978919 -0.0011402319855919995 0.00028399405333371909 0.0027821354598958807 0.0044631656588567815 -0.0017115374507437669 0.00014743964292608628 -0.0026440848608690081 -0.0001839165053684651 0.0017685097806914669 0.0014926450793146973 -0.00078682653594728787
leaf_weight=217879 4629 4097 3535 7570 3916 3345 3438 2651 2378 3465 4923 2684 2030 3878 2136 6584 2204 4301 3334 3606 2236 2019 2965 2012 7490 5802 14764 16422 4231 5153
leaf_count=217879 4629 4097 3535 7570 3916 3345 3438 2651 2378 3465 4923 2684 2030 3878 2136 6584 2204 4301 3334 3606 2236 2019 2965 2012 7490 5802 14764 16422 4231 5153
internal_value=9.41727e-06 -0.000373317 -0.000809404 0.000309159 -0.0014647 -0.00112044 -0.000703759 0.000136607 0.000677065 0.00109507 -0.000626997 0.000312347 0.00168785 0.00255536 0.00038212 -0.00127302 8.9062e-05 -0.00115953 0.000117312 0.000461043 -0.000405714 0.000780547 0.00220699 0.000540516 -0.000876804 -0.00183022 0.000554198 0.000924648 0.00121351 0.000241422
internal_weight=355677 61259 33017 12199 20818 17283 13938 28242 16538 13887 11704 6781 10422 6256 4166 10500 294418 6505 287913 70034 18862 51172 6996 4031 15528 8038 44176 29412 25806 9384
internal_count=355677 61259 33017 12199 20818 17283 13938 28242 16538 13887 11704 6781 10422 6256 4166 10500 294418 6505 287913 70034 18862 51172 6996 4031 15528 8038 44176 29412 25806 9384
is_linear=0
shrinkage=0.05


Tree=245
num_leaves=31
num_cat=0
split_feature=9 73 54 16 14 20 33 4 65 63 13 58 58 54 17 40 74 28 15 66 71 18 63 9 37 71 65 20 71 64
split_gain=3.86771 3.83893 5.68094 4.95336 6.23641 4.34194 5.57821 4.30734 3.85422 2.98216 7.71717 5.13376 6.72666 6.57804 8.71935 6.30114 5.96368 9.0926 8.14594 7.81997 6.54027 5.50111 6.76484 5.44108 5.41624 5.38942 5.23534 4.88188 4.79118 4.69685
threshold=-1.3020966649055479 2.5000000000000004 -0.45605865120887751 -0.3113319724798202 -6.9552786350250235 1.7965366244316103 -0.28267507255077357 -0.21449862420558927 0.013598950579762461 -0.037787439301609986 -6.8869066238403311 -0.729152351617813 -0.24048842489719388 -0.073962554335594163 0.17320081591606143 -0.19508846849203107 1.5000000000000002 -2.1193175315856929 -7.559929132461547 -0.3655723631381988 -0.24585665762424466 0.73991522192955028 -0.45881775021553034 0.029203032143414024 0.062074571847915656 -0.1704175919294357 0.026585401967167858 1.3015432357788088 -0.50043267011642445 -0.038437416777014725
decision_type=2 2 2 2 2 2 2 2 2 2 2 2 2 2 2 2 2 2 2 2 2 2 2 2 2 2 2 2 2 2
left_child=1 -1 3 4 8 6 -5 -4 -3 10 11 13 -13 14 15 28 19 18 -18 -14 -19 -15 -23 -21 -25 -22 -20 -17 -2 -12
right_child=9 2 7 5 -6 -7 -8 -9 -10 -11 29 12 16 21 -16 27 17 20 26 23 25 22 -24 24 -26 -27 -28 -29 -30 -31
leaf_value=0.0013932502663505889 0.002784050722538007 -0.0013704653385868558 -0.0034732914610078255 0.0034008097481518021 -0.0034639620840281084 -0.00096654136124106746 2.4296946824880342e-05 -0.00062672513641976954 0.0014365835992850733 -1.9027524964198488e-05 -0.0014622219376880705 -0.00050561058628700568 0.00069012011210467126 -0.0018955265336926524 -0.00062932573482744121 0.0022442303965699152 0.001176650712829857 0.00074796985552375971 -0.0025955000294426776 -0.0020879637782750989 0.0035731369403440567 0.0024451787896280506 -0.0004389409519032206 0.0012539603907112656 -0.0015368790483826804 0.00064470697667939588 0.00023086687188729823 0.0052416206182354331 -0.00059074432354148151 0.00067185198545218405
leaf_weight=2266 2088 3073 2894 2151 2151 2809 2819 2460 2017 178255 9489 23336 12616 2484 2754 2890 4068 51000 4725 6453 3990 3514 4800 3648 3303 2596 2503 2599 2103 3532
leaf_count=2266 2088 3073 2894 2151 2151 2809 2819 2460 2017 178255 9489 23336 12616 2484 2754 2890 4068 51000 4725 6453 3990 3514 4800 3648 3303 2596 2503 2599 2103 3532
internal_value=7.72934e-05 -0.000554924 -0.000772177 -0.000273161 -0.00121346 0.000602543 0.00148954 -0.00216899 -0.000257488 0.000120325 0.000281103 0.000388328 0.000254767 0.00106768 0.00185125 0.0025569 0.000441775 0.000685355 -0.000611281 -0.000203064 0.000939763 0.000164513 0.000781536 -0.00104363 -7.2503e-05 0.00242157 -0.00161778 0.00367042 0.00109324 -0.000883274
internal_weight=355386 22640 20374 15020 7241 7779 4970 5354 5090 332746 154491 141470 118238 23232 12434 9680 94902 68882 11296 26020 57586 10798 8314 13404 6951 6586 7228 5489 4191 13021
internal_count=355386 22640 20374 15020 7241 7779 4970 5354 5090 332746 154491 141470 118238 23232 12434 9680 94902 68882 11296 26020 57586 10798 8314 13404 6951 6586 7228 5489 4191 13021
is_linear=0
shrinkage=0.05


Tree=246
num_leaves=31
num_cat=0
split_feature=37 53 56 63 26 18 2 17 52 33 70 10 63 56 71 13 22 45 58 15 6 59 0 54 10 71 63 18 37 63
split_gain=4.09066 4.57371 5.29075 8.23663 7.84766 5.97323 6.81055 5.48548 5.27762 5.17331 5.56207 4.99263 6.80313 6.81206 4.47352 4.94485 6.09374 6.53914 5.2354 4.80515 6.32611 5.5844 5.254 4.7377 8.18622 5.89066 6.73511 6.95635 5.20843 5.84226
threshold=0.60003450512886058 0.073565062135458006 -1.1675912141799925 -0.85618135333061207 1.0624489188194277 2.1955794095993046 -0.58271244168281544 -1.1710231304168699 0.41964355111122137 0.92653223872184765 2.5550229549407963 1.2112479209899905 -0.010686880908906458 -0.27541215717792505 -0.46149784326553339 -7.1785683631896964 1.2255110144615176 -1.0000000180025095e-35 0.072490721940994277 -7.3154659271240225 0.13916913419961932 0.24149999767541888 -0.1794062331318855 0.72568228840827953 -0.084491387009620653 -0.62833869457244862 0.0557599924504757 0.88155725598335277 -0.17498859763145444 -0.46795570850372309
decision_type=2 2 2 2 2 2 2 2 2 2 2 2 2 2 2 2 2 2 2 2 2 2 2 2 2 2 2 2 2 2
left_child=1 2 3 -1 5 6 8 -4 -5 10 11 14 13 -13 23 19 -17 18 -18 21 22 -16 -21 24 25 28 -27 -28 -9 -30
right_child=-2 -3 7 4 -6 -7 -8 9 -10 -11 -12 12 -14 -15 15 16 17 -19 -20 20 -22 -23 -24 -25 -26 26 27 -29 29 -31
leaf_value=0.001423041149434438 -0.00080378613569602919 0.00030046421208098717 0.0024567393983889033 -0.0010851903075114065 0.0010479499358461936 -0.0037512880246128259 -0.0026998977815496576 0.002370805264074417 0.0016299197747445618 -0.0020342866631268071 0.0017459214566622834 -0.0041290422552371234 9.6506898529206823e-05 -0.00094027636173695114 -0.00075662998280612401 -0.0018295890630285164 -4.9986330575064859e-05 -0.00074315992183379134 0.0024485494482652903 0.0021196744625179803 0.0028065599731266619 0.00070837638409612224 -0.00053112904019482043 0.00075662544956982757 -0.0010097749571571237 0.00048500193389031554 0.00029920893878713665 -0.0024963666358922888 -0.0020259507900532337 0.00095150347623635149
leaf_weight=3648 13242 148319 2287 7085 3371 2684 4874 4375 2384 3068 4605 2358 9564 5752 8617 4776 4219 9106 4157 3165 5275 26443 4538 11067 27288 10168 3706 5552 2112 7360
leaf_count=3648 13242 148319 2287 7085 3371 2684 4874 4375 2384 3068 4605 2358 9564 5752 8617 4776 4219 9106 4157 3165 5275 26443 4538 11067 27288 10168 3706 5552 2112 7360
internal_value=5.81415e-05 9.15448e-05 -6.85145e-05 -0.000762432 -0.00115379 -0.00159005 -0.00118329 2.99331e-05 -0.000400612 -3.39207e-06 3.46751e-05 -1.4807e-05 -0.000807028 -0.00187136 8.38993e-05 0.000367237 -0.000248758 0.000183917 0.00119148 0.000652645 0.00147421 0.000348196 0.000559366 -0.000194182 -0.00036803 0.000158427 -0.000403199 -0.00137818 0.000946056 0.000286175
internal_weight=355165 341923 193604 24046 20398 17027 14343 169558 9469 167271 164203 159598 17674 8110 141924 70296 22258 17482 8376 48038 12978 35060 7703 71628 60561 33273 19426 9258 13847 9472
internal_count=355165 341923 193604 24046 20398 17027 14343 169558 9469 167271 164203 159598 17674 8110 141924 70296 22258 17482 8376 48038 12978 35060 7703 71628 60561 33273 19426 9258 13847 9472
is_linear=0
shrinkage=0.05


Tree=247
num_leaves=31
num_cat=0
split_feature=31 62 62 48 30 25 7 15 22 39 22 15 30 45 18 52 51 7 56 18 59 55 50 5 20 8 57 41 56 7
split_gain=3.89301 5.1282 6.89991 5.03795 4.30944 4.77069 7.87548 6.04781 6.38099 6.52806 5.99241 5.35695 5.36905 4.92 5.19523 4.99408 4.83181 4.53772 4.71571 7.00315 6.91466 6.50959 4.84764 4.21341 4.21093 4.13684 4.11691 3.94901 9.99236 5.05973
threshold=0.39065642654895788 0.62500000000000011 0.57499998807907116 0.72778204083442699 -2.4493898153305049 0.66113078594207775 -0.17706275731325147 -7.5633404254913321 1.2622205018997195 -0.87671843171119679 2.1047044992446904 -7.4473190307617179 -0.55687108635902394 -0.38163682818412775 1.0402207374572756 -0.59257397055625904 -0.16246451437473294 0.69558489322662365 -1.4744210243225095 1.1477175951004031 0.18249999731779101 -1.6251121759414671 -0.71950554847717274 -0.11613354459404944 2.4943449497222905 0.9319993555545808 1.495003938674927 1.0000000180025095e-35 0.27927647531032568 0.69558489322662365
decision_type=2 2 2 2 2 2 2 2 2 2 2 2 2 2 2 2 2 2 2 2 2 2 2 2 2 2 2 2 2 2
left_child=4 2 3 26 -1 17 11 8 16 -10 13 -7 -13 15 25 -9 -8 18 19 -6 -21 24 -23 -19 -22 -15 -2 -16 -29 -30
right_child=1 -3 -4 -5 5 6 7 10 9 -11 -12 12 -14 14 27 -17 -18 23 -20 20 21 22 -24 -25 -26 -27 -28 28 29 -31
leaf_value=0.00135274479395421 0.0007880891570239036 0.0025122697289148171 -0.0012049862214276526 -0.00050445571757146829 -0.0034690003796439342 -0.002438917887893887 -0.0019880028787448395 -0.001641241575897426 -0.0012254621759431462 0.0013051334611288686 -0.0029052215673674264 -0.0018282111847242569 0.0010446899137456654 -0.00094425178005749029 -0.0010138669725444109 0.001055346791885275 0.00011538135008241065 0.00062724683639422561 0.00013357747286869766 -0.0026088804038819427 0.00020977924245962838 -0.0028290995948667022 6.9601719721658646e-06 -0.0015196894524823058 0.0030380628729061799 -0.0029213803294470919 -0.00088307804118017855 -0.0017107802542927508 0.0036061253073490836 0.00029239125318597124
leaf_weight=4899 42047 2522 7522 12097 2050 7570 4113 2188 3053 15204 2724 3461 3051 7809 7685 7842 8080 3090 168805 2790 2974 2142 5025 8714 2353 4004 4031 2877 2426 2189
leaf_count=4899 42047 2522 7522 12097 2050 7570 4113 2188 3053 15204 2724 3461 3051 7809 7685 7842 8080 3090 168805 2790 2974 2142 5025 8714 2353 4004 4031 2877 2426 2189
internal_value=-3.53178e-05 0.000304179 0.000219044 0.000403346 -0.00011599 -0.000141532 -0.000456562 -0.000239971 0.000290204 0.000881519 -0.000646136 -0.00153526 -0.000482663 -0.000479169 -0.000830473 0.000466049 -0.00059519 -7.38905e-06 5.29179e-05 -0.000732199 -0.000363091 0.000140095 -0.000843413 -0.000957619 0.00146242 -0.0016163 0.000641732 -0.000218163 0.000598303 0.00203838
internal_weight=355337 68219 65697 58175 287118 282219 84276 70194 30450 18257 39744 14082 6512 37020 26990 10030 12193 197943 186139 17334 15284 12494 7167 11804 5327 11813 46078 15177 7492 4615
internal_count=355337 68219 65697 58175 287118 282219 84276 70194 30450 18257 39744 14082 6512 37020 26990 10030 12193 197943 186139 17334 15284 12494 7167 11804 5327 11813 46078 15177 7492 4615
is_linear=0
shrinkage=0.05


Tree=248
num_leaves=31
num_cat=0
split_feature=0 10 71 49 20 71 30 59 59 30 15 64 5 64 71 12 30 23 43 64 25 56 55 33 64 59 56 55 47 47
split_gain=4.46575 7.13222 6.10798 6.32661 5.296 6.39431 8.0681 5.99509 5.0603 7.90689 4.73106 7.16504 4.50415 4.06897 4.3347 5.57503 9.55327 4.02364 4.0038 3.46361 4.32027 3.61646 6.73178 5.86303 5.26208 6.36474 3.95619 3.84898 3.9211 3.88845
threshold=1.5225188732147219 -0.85764753818511952 -0.37477184832096094 -0.14578727632760999 2.8838458061218266 -0.1704175919294357 0.26307220757007604 0.52050000429153453 0.51049998402595531 0.8652046024799348 -7.3806653022766104 -0.053087420761585229 2.006417036056519 1.0109336376190188 -0.25882503390312189 -7.8528833389282218 -0.17046995460987088 0.52394530177116405 0.30000001192092901 0.86008974909782421 0.76004433631896984 1.2251237630844118 -0.076714325696229921 0.53010228276252758 0.048866903409361846 0.29850000143051153 0.53632855415344249 0.30114546418190008 -1.0000000180025095e-35 0.7832530438899995
decision_type=2 2 2 2 2 2 2 2 2 2 2 2 2 2 2 2 2 2 2 2 2 2 2 2 2 2 2 2 2 2
left_child=4 -2 3 17 5 12 -7 -6 9 -8 11 -5 13 19 15 16 -15 -3 -4 21 -21 23 -23 -1 25 -25 -27 -24 -29 -30
right_child=1 2 18 10 7 6 8 -9 -10 -11 -12 -13 -14 14 -16 -17 -18 -19 -20 20 -22 22 27 24 -26 26 -28 28 29 -31
leaf_value=0.00011098347209370888 0.001557256639902832 -0.0047101419043320755 -0.0014150986853876924 0.0021209830016288736 4.6716972721550597e-05 -0.0026239267870239 0.00085582810496507222 0.0029776493155586631 0.00096669894567701488 -0.0030129736563265837 -0.0027483076735787355 -0.001493730249938863 -0.00169961304265377 0.00025232977622087455 0.0029902926108656778 -0.00035088955920722914 0.0036031450387003735 -0.0018194431068669491 0.0013200522947849607 -9.425957822459675e-05 -0.0029146076481620258 -0.0014093479050888479 0.0031894811728286464 0.0021003400316942167 -0.0021132503757598261 0.00056428171611212113 -0.0022940679072550067 0.0022655154352700479 -0.00058977341883053116 0.0013576766048915422
leaf_weight=250426 3113 2067 2095 2349 3644 4841 2437 3338 5111 2864 2118 3263 3397 6165 2049 8614 3239 2916 3663 3726 2127 2975 2061 2275 5710 2088 2860 3722 5184 5052
leaf_count=250426 3113 2067 2095 2349 3644 4841 2437 3338 5111 2864 2118 3263 3397 6165 2049 8614 3239 2916 3663 3726 2127 2975 2061 2275 5710 2088 2860 3722 5184 5052
internal_value=4.35495e-05 -0.000653309 -0.00102651 -0.00163803 8.86134e-05 5.94907e-05 -0.000939742 0.00145021 -0.000154923 -0.00123613 -0.000740824 2.03522e-05 0.000108421 0.000128399 0.000816641 0.000567932 0.00140905 -0.00302557 0.000324163 8.04523e-05 -0.00112241 0.000105426 0.000771558 5.73554e-05 -0.000980347 -8.30686e-05 -0.00108917 0.00117722 0.00087802 0.000371782
internal_weight=355489 21584 18471 12713 333905 326923 15253 6982 10412 5301 7730 5612 311670 308273 20067 18018 9404 4983 5758 288206 5853 282353 18994 263359 12933 7223 4948 16019 13958 10236
internal_count=355489 21584 18471 12713 333905 326923 15253 6982 10412 5301 7730 5612 311670 308273 20067 18018 9404 4983 5758 288206 5853 282353 18994 263359 12933 7223 4948 16019 13958 10236
is_linear=0
shrinkage=0.05


Tree=249
num_leaves=31
num_cat=0
split_feature=18 22 39 52 15 1 43 24 1 42 42 58 58 15 15 3 3 46 59 18 37 69 29 37 21 39 73 7 54 11
split_gain=3.45953 6.54981 5.77679 3.97623 3.78343 3.37358 4.83916 6.80398 8.82209 6.16299 5.91545 5.42563 6.02969 6.01514 7.23919 5.51846 5.41428 5.4142 5.28682 6.4872 5.18131 5.74037 4.97656 4.88775 7.43431 4.97984 4.87143 4.54892 5.95842 8.41806
threshold=2.6567523479461674 2.3288409709930424 -0.64611783623695362 0.21375788748264316 -7.4596791267395011 -1.0000000180025095e-35 0.2333333417773247 1.5849776864051821 0.5132427215576173 1.0000000180025095e-35 1.0000000180025095e-35 0.11630859598517419 0.072490721940994277 -8.2412886619567853 -7.8172168731689444 0.65522146224975597 -0.27207374572753901 1.118207633495331 0.62549999356269848 1.3794087171554568 0.038363670930266387 0.015750323422253135 0.41751810908317571 0.16191629320383075 0.30568705499172216 0.065402505919337287 19.500000000000004 1.4973570704460146 1.7416733503341677 1.1698089838027956
decision_type=2 2 2 2 2 2 2 2 2 2 2 2 2 2 2 2 2 2 2 2 2 2 2 2 2 2 2 2 2 2
left_child=5 2 -2 4 -4 27 7 10 9 -9 23 12 13 -8 20 18 -12 -17 -16 22 -15 -22 -20 24 -7 -26 -13 28 29 -1
right_child=1 -3 3 -5 -6 6 11 8 -10 -11 16 26 -14 14 15 17 -18 -19 19 -21 21 -23 -24 -25 25 -27 -28 -29 -30 -31
leaf_value=2.8053511595951133e-06 -0.0015395300893286312 0.0030785323060004153 0.00068845276551321628 -0.00043898703815043946 0.0034032630537927907 0.0015827191145358337 0.0017250958606465337 0.00040589835202627794 -0.00057456436184528362 0.0028640974882833603 0.00075666664351848722 0.00084822084599334353 -0.0023186365156484131 9.580412554022594e-05 0.0012006414741519214 -0.00095115396007169049 -0.0020835965471903473 0.0013179600979238528 -0.00031951943814779245 -0.0027430834149868525 -0.00025363703344388793 -0.0033401637503049256 0.0023916829414642403 0.00088013833304577979 -0.00047683428813625317 -0.003438603770324242 -0.00029286577056731434 -0.0015482327460331726 0.0014006568976690989 -0.0010996801321774741
leaf_weight=131230 3056 2636 3065 3043 2206 2098 5281 5941 10859 4462 2014 55925 2648 4502 17494 12973 9912 3287 6513 2033 2488 3815 2276 6768 2972 2713 11226 5439 6514 19936
leaf_count=131230 3056 2636 3065 3043 2206 2098 5281 5941 10859 4462 2014 55925 2648 4502 17494 12973 9912 3287 6513 2033 2488 3815 2276 6768 2972 2713 11226 5439 6514 19936
internal_value=6.801e-05 0.000837899 0.000316186 0.000999327 0.00182894 3.6394e-05 0.000186784 -0.00024391 0.000422095 0.00146199 -0.000778693 0.000344393 1.22972e-05 0.000114412 -3.94629e-05 0.000242039 -0.00160372 -0.000491919 0.000663527 -0.000205037 -0.00119995 -0.00212414 0.000384494 -0.000101867 -0.000955841 -0.00189381 0.000657444 -0.000127902 -7.88139e-05 -0.000142655
internal_weight=355325 14006 11370 8314 5271 341319 178200 47739 21262 10403 26477 130461 63310 60662 55381 44576 11926 16260 28316 10822 10805 6303 8789 14551 7783 5685 67151 163119 157680 151166
internal_count=355325 14006 11370 8314 5271 341319 178200 47739 21262 10403 26477 130461 63310 60662 55381 44576 11926 16260 28316 10822 10805 6303 8789 14551 7783 5685 67151 163119 157680 151166
is_linear=0
shrinkage=0.05


Tree=250
num_leaves=31
num_cat=0
split_feature=51 6 36 71 18 47 14 45 52 29 29 52 39 60 71 17 17 17 17 31 6 52 49 29 47 22 44 55 64 11
split_gain=4.13242 3.95935 3.29124 4.17855 5.06427 5.35223 4.07763 4.0468 4.75356 5.03108 4.29006 4.01686 3.97175 3.8642 3.72007 3.51831 6.88496 4.55703 4.44948 4.44177 4.17799 4.14823 4.11684 3.73337 3.3618 4.4477 3.35836 3.26314 3.78081 3.25114
threshold=2.8597204685211186 2.414262175559998 0.94754043221473705 -0.45066493749618525 1.6227201819419863 -0.49626809358596796 -7.8950822353363028 0.90242552757263195 0.42896911501884466 0.15549295395612719 0.72273769974708568 0.74618732929229747 -0.45009414851665491 0.88499999046325695 -0.38419191539287562 0.54559102654457103 0.60281366109848034 0.17320081591606143 0.26904390752315527 0.23411892354488376 0.88747918605804454 -0.54620888829231251 0.62538692355155956 0.52224624156951915 0.49298354983329779 1.00226765871048 -0.40831249952316279 1.1634919047355654 -0.98952138423919667 -0.28752407431602472
decision_type=2 2 2 2 2 2 2 2 2 2 2 2 2 2 2 2 2 2 2 2 2 2 2 2 2 2 2 2 2 2
left_child=1 2 7 4 24 -6 -7 15 9 13 14 -10 -13 -9 -11 17 -17 -1 22 21 23 -18 -19 -20 25 -4 -14 28 -5 -26
right_child=-2 -3 3 27 5 6 -8 8 11 10 -12 12 26 -15 -16 16 19 18 20 -21 -22 -23 -24 -25 29 -27 -28 -29 -30 -31
leaf_value=-3.7316839188876314e-05 0.0020461355084300222 -0.0018492456592020077 0.0021500162274480888 -0.00097230838815347905 -0.0032088571151074152 0.0010667923626889475 -0.0017308574486409292 0.00089507658691218299 0.0025355498346640551 -0.00209151981630969 0.0007169796329637673 0.0020278151335810348 0.001354611073720509 -0.0014036249089754498 1.6712818714854828e-05 0.0027551186155612747 0.0014587218912367377 -0.00089371670343217245 -0.00025757087008412399 0.0018302302073470442 -0.0018688753107290778 -0.0010267424617472405 -0.0029934268721104745 0.00161736133501884 0.00084451042616150011 0.00030956175893780022 -0.001262429243305596 -0.00046323306092933212 0.0012954760517099469 -0.0014209484115838813
leaf_weight=190249 2601 2714 3950 2009 2166 2747 2459 16239 4131 5365 3917 3122 2012 2051 3426 3083 2203 9956 18004 2848 3394 6949 3046 3104 2427 19221 3104 3934 20773 4519
leaf_count=190249 2601 2714 3950 2009 2166 2747 2459 16239 4131 5365 3917 3122 2012 2051 3426 3083 2203 9956 18004 2848 3394 6949 3046 3104 2427 19221 3104 3934 20773 4519
internal_value=6.42918e-05 4.96365e-05 6.43962e-05 0.000387897 4.73354e-05 -0.00112636 -0.000255433 -8.18703e-06 0.000436659 0.000105854 -0.000658037 0.00126494 0.000625477 0.000636679 -0.00127082 -8.76448e-05 0.000651655 -0.000136632 -0.000640288 0.000109396 -0.000243353 -0.000427521 -0.00138754 1.87793e-05 0.00033491 0.000624099 -0.000232575 0.000865591 0.00109516 -0.000629299
internal_weight=355723 353122 350408 64205 37489 7372 5206 286203 43367 30998 12708 12369 8238 18290 8791 242836 15083 227753 37504 12000 24502 9152 13002 21108 30117 23171 5116 26716 22782 6946
internal_count=355723 353122 350408 64205 37489 7372 5206 286203 43367 30998 12708 12369 8238 18290 8791 242836 15083 227753 37504 12000 24502 9152 13002 21108 30117 23171 5116 26716 22782 6946
is_linear=0
shrinkage=0.05


Tree=251
num_leaves=31
num_cat=0
split_feature=16 58 6 28 60 11 10 29 55 10 60 49 11 24 24 13 12 55 58 68 10 71 37 71 40 13 65 7 16 60
split_gain=4.71818 6.52107 6.50378 11.6745 4.82269 4.27232 3.98124 6.23274 4.90991 9.39942 4.87975 4.25009 5.03791 4.79836 5.67685 6.34032 5.74124 6.54017 5.50268 5.0808 4.36488 5.48333 5.39064 5.22688 5.60217 7.44061 4.73085 4.53886 5.96874 4.17883
threshold=0.20455498993396762 2.2730202674865727 -1.4606271982192991 0.93385767936706554 0.034999999217689044 -3.156002283096313 -1.7152901291847227 -0.42761868238449091 -1.7768106460571287 -0.60018092393875111 0.57499998807907116 -0.55222338438034047 1.3267924785614016 2.8021600246429448 1.100854814052582 -7.5443475246429434 -7.9089639186859122 -0.57539942860603321 1.1839993596076968 -0.40159493684768671 -0.50143021345138539 -0.83059063553810109 1.0749179459946038e-13 -0.72999677062034596 0.51128822565078746 -8.3483333587646467 -0.041571237146854394 0.6153361201286317 -0.26575405895709986 0.24499999731779101
decision_type=2 2 2 2 2 2 2 2 2 2 2 2 2 2 2 2 2 2 2 2 2 2 2 2 2 2 2 2 2 2
left_child=5 2 3 -2 -4 -1 7 -7 9 -8 -9 12 13 14 15 -10 17 -16 19 -18 23 22 -22 26 25 -25 -13 -27 -29 -14
right_child=1 -3 4 -5 -6 6 8 10 11 -11 -12 20 29 -15 16 -17 18 -19 -20 -21 21 -23 -24 24 -26 27 -28 28 -30 -31
leaf_value=-0.0021264871111496692 0.0035910907919943155 0.0025476987171565296 0.0022853555865357338 -0.00034376797183465049 -4.286763374616024e-05 0.0026612353474385398 -0.0043328029672210933 -0.00094028429386248133 -0.0019158250247420475 -5.3704105124135823e-05 0.0015501180291394669 0.0026204784126323661 0.00098235636475489988 -0.0016312127554366646 0.0028723498403547603 0.0011040847738973349 0.0014576789412362079 0.0008250747749005751 -0.00144117209209043 -0.00016588997959657197 -0.00011993315216374563 -1.0420282915315929e-05 -0.0025577403260045807 0.00078869275135138466 -3.5748492504509334e-05 -0.0012082279214859026 -0.00039312229166697392 -0.0045079626451586287 -0.00088694636009394728 -0.0014405841562868779
leaf_weight=2605 3751 3210 2311 3776 53341 3264 2004 4806 4377 3538 3315 2213 2398 2598 5643 2870 9320 12630 3885 9962 4789 149717 4299 3998 15645 20134 3139 2628 2012 6825
leaf_count=2605 3751 3210 2311 3776 53341 3264 2004 4806 4377 3538 3315 2213 2398 2598 5643 2870 9320 12630 3885 9962 4789 149717 4299 3998 15645 20134 3139 2628 2012 6825
internal_value=-2.72296e-05 0.000352798 0.000240894 0.00161929 5.42072e-05 -0.000114655 -9.62578e-05 0.000819536 -0.000134252 -0.00160605 7.69565e-05 -0.00010388 0.000265026 0.000458518 0.000570341 -0.000719989 0.000796113 0.00145853 0.000273225 0.000619215 -0.000210909 -8.28452e-05 -0.00127466 -0.000619441 -0.00079732 -0.00121127 0.000855536 -0.00153421 -0.0029431 -0.000810233
internal_weight=355003 66389 63179 7527 55652 288614 286009 11385 274624 5542 8121 269082 60508 51285 48687 7247 41440 18273 23167 19282 208574 158805 9088 49769 44417 28772 5352 24774 4640 9223
internal_count=355003 66389 63179 7527 55652 288614 286009 11385 274624 5542 8121 269082 60508 51285 48687 7247 41440 18273 23167 19282 208574 158805 9088 49769 44417 28772 5352 24774 4640 9223
is_linear=0
shrinkage=0.05


Tree=252
num_leaves=31
num_cat=0
split_feature=62 23 37 59 54 74 58 10 24 55 10 68 71 30 58 13 57 20 59 57 60 58 58 68 28 61 39 57 54 10
split_gain=3.62212 3.46435 7.22081 6.68075 5.89126 6.56613 6.32377 5.26063 5.31576 4.76865 8.43364 4.10509 3.91439 6.31148 4.37106 4.2368 7.66501 10.9425 4.14136 4.0739 3.83868 3.82614 4.5555 3.72638 5.34811 5.45314 6.31438 9.85959 7.4147 7.99687
threshold=0.24166666716337207 0.92558813095092785 -0.035703191533684724 0.080499999225139632 1.1796693205833437 5.5000000000000009 1.0521298646926882 0.23055566102266314 1.9330314397811892 1.5543113350868227 0.46451079845428472 -0.31306812167167658 -0.50239285826683033 -1.8517636656761167 0.136165626347065 -8.3812389373779279 0.035380300134420402 1.3015432357788088 0.072499997913837447 -1.5894560217857359 0.014999999664723875 0.28493790328502661 -0.45280504226684565 2.3086069822311406 -0.18966122716665265 0.43333333730697637 -0.73431551456451405 1.26640921831131 -0.15161602944135663 -0.67091444134712208
decision_type=2 2 2 2 2 2 2 2 2 2 2 2 2 2 2 2 2 2 2 2 2 2 2 2 2 2 2 2 2 2
left_child=-1 9 -3 -4 5 6 7 -5 -9 12 -11 -8 18 14 -14 16 -15 -18 21 -17 -20 22 -2 24 -21 -26 27 28 29 -27
right_child=1 2 3 4 -6 -7 11 8 -10 10 -12 -13 13 15 -16 19 17 -19 20 23 -22 -23 -24 -25 25 26 -28 -29 -30 -31
leaf_value=0.0015869396155875929 -4.7057199180478758e-05 -0.0023411565879364301 0.0022343995722701681 -0.00094499967999024746 -0.0018083466388705541 -0.0019679584523440287 0.0035429317657860422 0.0016037223466520952 -0.001349133449102668 -0.00051364545552562337 0.0026352331783648358 0.00049585535082762326 -0.0033393749145595253 0.00028488006558845182 -0.00054659084239496781 -0.0016371493093014042 -0.00017500576558158174 -0.0047688171073541124 0.0022810663837218473 0.000185766353347182 0.00025764130150087924 0.00050995059067603175 -0.0029804992269451798 0.00095873515117644859 0.00015016371718824036 9.0881575170055002e-05 -0.0012902515173625539 0.0029737249902216721 0.00052956529720114213 -0.0036689162213201518
leaf_weight=3486 2407 4562 2544 9853 6181 3941 2081 5586 2086 3928 4619 2353 2519 5149 3152 3886 2633 2545 2387 92128 106350 3268 2931 9516 26348 2690 23761 2365 7225 2971
leaf_count=3486 2407 4562 2544 9853 6181 3941 2081 5586 2086 3928 4619 2353 2519 5149 3152 3886 2633 2545 2387 92128 106350 3268 2931 9516 26348 2690 23761 2365 7225 2971
internal_value=-1.45326e-05 -3.04389e-05 -0.000473554 -0.000226884 -0.000422698 -9.14439e-05 0.000246078 -0.000181003 0.000800136 2.5091e-05 0.00118917 0.00193069 -7.65047e-06 -0.000149762 -0.00179081 -9.83113e-05 -0.00108128 -0.00243772 0.000218679 -3.88502e-05 0.000302265 -0.000836556 -0.00166032 -1.5637e-06 -5.96456e-05 -0.000405541 -0.000780796 1.32588e-05 -0.000531968 -0.00188532
internal_weight=355451 351965 39187 34625 32081 25900 21959 17525 7672 312778 8547 4434 304231 186888 5671 181217 10327 5178 117343 170890 108737 8606 5338 167004 157488 65360 39012 15251 12886 5661
internal_count=355451 351965 39187 34625 32081 25900 21959 17525 7672 312778 8547 4434 304231 186888 5671 181217 10327 5178 117343 170890 108737 8606 5338 167004 157488 65360 39012 15251 12886 5661
is_linear=0
shrinkage=0.05


Tree=253
num_leaves=31
num_cat=0
split_feature=55 63 20 8 63 52 7 54 63 54 49 4 21 15 34 15 47 67 72 24 30 64 39 69 20 21 55 17 24 37
split_gain=4.09368 5.22427 5.27155 3.95239 3.82372 3.96842 3.41307 6.89953 4.91327 5.89498 4.06139 3.90433 7.81754 4.71248 5.87221 6.59896 4.53923 4.81917 3.87749 3.82796 3.4006 4.66343 3.31219 3.22793 6.0388 3.75612 5.21833 4.34713 8.76814 4.28946
threshold=-2.0990648269653316 -1.4164759516716001 0.9451388716697694 -0.75124210119247425 -1.0069617033004759 0.44918079674243933 1.6109746694564822 1.1796693205833437 -0.059777688235044472 0.40549141168594366 0.16797690838575366 1.3090313076972964 0.76501801609992992 -7.6469659805297843 0.40833443403244024 -7.9148595333099356 1.2458354234695437 -0.60911905765533436 15.000000000000002 1.6552942991256716 0.29767785966396337 -0.43025134503841395 0.30486139655113226 0.20708723366260531 0.69722822308540355 0.75728312134742748 0.86203604936599743 -0.74846637248992909 1.3077881932258608 0.2693257629871369
decision_type=2 2 2 2 2 2 2 2 2 2 2 2 2 2 2 2 2 2 2 2 2 2 2 2 2 2 2 2 2 2
left_child=22 2 -2 -4 5 20 11 8 -8 10 -10 23 -13 14 -14 -16 17 -15 -19 -20 21 -3 -1 25 -25 27 29 28 -6 -27
right_child=1 4 3 -5 6 -7 7 -9 9 -11 -12 12 13 16 15 -17 -18 18 19 -21 -22 -23 -24 24 -26 26 -28 -29 -30 -31
leaf_value=-0.00037721649358596777 -0.00030372967296730886 0.0008739582004244214 0.00020600466473936238 0.0026720482309638659 0.0011862483356897631 0.00060552405975765854 0.0020751887083737359 -0.0026703915981181906 -0.0035005951050010109 0.00072868610151668686 -0.00036398782483270043 0.0034557171501629377 0.00073326385491414355 -0.0016025069825388557 6.3021252021345326e-05 -0.0039292638570014781 0.0026279876500821787 -0.0008406531898986759 0.0026617285625389394 0.00012786074233474395 -0.0029651164612844766 -0.0018936380490061759 -0.0029334015827546401 0.0023125505468573173 0.00018192672073384777 -0.00060945001000071758 -0.0013696871929930457 8.4406812384582271e-05 -0.0013654507161005563 0.00053105156390193409
leaf_weight=3184 4550 2483 2424 4929 4466 3214 2046 3537 2119 3902 2008 2234 4222 2261 2088 2042 3046 2128 3655 2514 2590 3904 2099 3517 58309 22139 12614 160120 13586 13123
leaf_count=3184 4550 2483 2424 4929 4466 3214 2046 3537 2119 3902 2008 2234 4222 2261 2088 2042 3046 2128 3655 2514 2590 3904 2099 3517 58309 22139 12614 160120 13586 13123
internal_value=-1.63301e-05 4.55479e-06 0.00103363 0.00186047 -3.17289e-05 -0.000900747 8.27592e-07 -0.000773893 -0.000106107 -0.000663848 -0.00197904 3.4644e-05 0.000644614 0.000357144 -0.000577309 -0.00191561 0.000930841 0.000439189 0.000996827 0.001631 -0.00144011 -0.000818027 -0.00139644 -1.66322e-05 0.000303483 -0.000104196 -0.000497334 1.46503e-06 -0.000733862 -0.000184974
internal_weight=355053 349770 11903 7353 337867 12191 325676 13612 10075 8029 4127 312064 24190 21956 8352 4130 13604 10558 8297 6169 8977 6387 5283 287874 61826 226048 47876 178172 18052 35262
internal_count=355053 349770 11903 7353 337867 12191 325676 13612 10075 8029 4127 312064 24190 21956 8352 4130 13604 10558 8297 6169 8977 6387 5283 287874 61826 226048 47876 178172 18052 35262
is_linear=0
shrinkage=0.05


Tree=254
num_leaves=31
num_cat=0
split_feature=56 5 46 32 2 13 40 27 61 46 14 8 41 13 49 20 46 49 54 17 17 28 67 6 54 17 56 1 9 32
split_gain=4.36745 5.34715 4.98786 5.76064 6.2392 4.77529 6.40728 6.9144 5.56336 4.2774 3.94746 4.29866 3.89775 3.62116 3.53036 6.22075 3.19273 3.55023 3.12617 4.73783 5.2266 4.87292 3.48991 5.01505 6.49154 4.35402 3.45961 3.52653 4.31793 4.39558
threshold=-1.4744210243225095 -1.1216082572937009 0.24678438901901248 -0.2890502512454986 -0.58271244168281544 -7.6765172481536856 0.22069533914327624 -0.70135614275932301 0.36666667461395269 -1.441997706890106 -7.9376995563507071 -0.36304645240306849 -1.0000000180025095e-35 -9.3379011154174787 -0.79656419157981861 1.8650034070014956 -0.74664843082427967 -0.18753543496131894 -1.6302931308746336 -0.092110112309455858 -0.65190574526786793 -0.56002295017242421 -0.67434683442115773 -0.97103452682495106 -0.53499445319175709 -0.53343650698661793 -0.20747371017932889 -0.4699717909097671 1.1626932024955752 0.47966618835926061
decision_type=2 2 2 2 2 2 2 2 2 2 2 2 2 2 2 2 2 2 2 2 2 2 2 2 2 2 2 2 2 2
left_child=5 2 3 4 9 10 7 -7 -8 -2 14 -12 -4 -3 -1 -16 -11 -18 19 20 -15 -22 23 -20 25 -25 -26 -28 29 -29
right_child=1 13 12 -5 -6 6 8 -9 -10 16 11 -13 -14 18 15 -17 17 -19 22 -21 21 -23 -24 24 26 -27 27 28 -30 -31
leaf_value=0.0011871766450076478 -0.00081092489840109677 0.0019588620862126308 -0.0017999187949005015 -0.00031909597292754927 0.0032937366288016221 0.00055718268868055576 0.0034152424248095588 -0.0028992495055955585 -0.00019160636357286537 0.0029886042502254707 -0.0036904028205755317 -0.00091556690562913856 0.00061638491500537983 -0.0022975144996491867 0.00041333866738495331 -0.0030671142404619452 0.0022808753178818575 -0.00052813035412117013 -0.0024072228358368443 -0.0027836019738579159 0.0016480826840750561 -0.0013876862032126704 8.5412057333329939e-05 -0.00063766744392281416 0.00022949055206854916 0.0018561913889196459 -0.0026315254962257046 -0.00061027775223461769 0.0012636324431754675 -0.0028262845195028237
leaf_weight=2128 2448 2338 2863 4750 4239 3410 2153 2500 2112 2632 2759 2832 3974 2262 2715 2422 2117 2381 2931 2446 3607 2074 254848 2635 8554 5178 2751 11989 2388 2744
leaf_count=2128 2448 2338 2863 4750 4239 3410 2153 2500 2112 2632 2759 2832 3974 2262 2715 2422 2117 2381 2931 2446 3607 2074 254848 2635 8554 5178 2751 11989 2388 2744
internal_value=1.43947e-05 6.05713e-05 0.000757535 0.00118251 0.00169859 -0.000651292 0.00015798 -0.000907357 0.00163288 0.000989915 -0.00129142 -0.00228901 -0.000396595 2.82732e-06 -0.000521607 -0.0012304 0.00160848 0.000796065 -1.22599e-05 -0.000864247 -0.000270436 0.000539304 1.78731e-05 -0.000421459 -0.000260231 0.00101538 -0.000611071 -0.000972828 -0.000704928 -0.00102464
internal_weight=355180 332149 25404 18567 13817 23031 10175 5910 4265 9578 12856 5591 6837 306745 7265 5137 7130 4498 304407 10389 7943 5681 294018 39170 36239 7813 28426 19872 17121 14733
internal_count=355180 332149 25404 18567 13817 23031 10175 5910 4265 9578 12856 5591 6837 306745 7265 5137 7130 4498 304407 10389 7943 5681 294018 39170 36239 7813 28426 19872 17121 14733
is_linear=0
shrinkage=0.05


Tree=255
num_leaves=31
num_cat=0
split_feature=70 22 61 22 57 47 28 30 14 22 41 28 50 51 55 47 0 53 30 32 35 63 54 57 35 70 70 18 71 54
split_gain=4.75085 5.4673 3.61808 5.4335 7.98207 4.08532 5.50278 4.37421 3.8312 4.50145 6.05239 6.86306 3.48528 6.55622 4.66133 4.34318 6.00479 4.49081 4.17294 3.80008 6.82122 3.77885 4.29803 3.67741 6.47356 3.48085 3.73345 5.33485 3.64834 3.47879
threshold=-3.0530884265899654 1.1911226511001589 0.2333333417773247 1.1164253950119021 -0.63782083988189686 -0.86221903562545765 -1.5756351351737974 -0.52722507715225209 -6.7781324386596671 2.4354174137115483 0.6078576147556306 0.58842661976814281 -0.4921524971723556 1.2202245593070986 -1.911619961261749 -0.23064768314361569 0.15283150970935824 1.646963953971863 -0.61624294519424427 0.2711933851242066 -0.013858563266694544 -0.69906359910964955 -0.97547355294227589 1.9380721449851992 0.36092275381088262 4.9825820922851571 -0.040077826008200639 0.43690170347690588 -0.30191254615783686 -1.3638607263565061
decision_type=2 2 2 2 2 2 2 2 2 2 2 2 2 2 2 2 2 2 2 2 2 2 2 2 2 2 2 2 2 2
left_child=1 -1 3 -2 -5 -6 -7 -8 9 12 11 -11 13 15 -14 16 -4 21 -15 20 -18 -17 -23 25 -25 26 27 -16 -29 -28
right_child=2 -3 8 4 5 6 7 -9 -10 10 -12 -13 14 18 23 17 19 -19 -20 -21 -22 22 -24 24 -26 -27 29 28 -30 -31
leaf_value=-0.003177079389448625 -0.0026120209022052147 -0.00051213585872419531 0.00059133194021562872 0.0020291088298126838 0.001002148519275147 0.00047386696399101449 -0.0042432784985446982 -0.0012967516559184336 -0.00069333630744014877 0.0020147505773399086 0.0031000071251263911 -0.0017575070925346357 -0.0024597896323641545 -0.002399822096206265 -0.0018376422617730421 -0.000405359506998009 -0.00014872008265923392 -0.0013414591776673335 -0.00013837418854076731 0.00071511753296028477 -0.0030395982402481991 -0.00040199700158649859 0.0012154614661066684 0.0020722262322794608 -0.00086875984318403343 0.0014029424725393697 -0.0014366441388026317 0.00035088592450208827 -0.00055719618551431358 -0.00026292520406248767
leaf_weight=2478 3263 8523 13583 2792 2023 2402 2010 3383 20066 2436 2732 2368 2084 3365 3360 5330 4325 2485 5160 2490 3855 4681 33247 4959 2994 3634 6651 64206 13353 121126
leaf_count=2478 3263 8523 13583 2792 2023 2402 2010 3383 20066 2436 2732 2368 2084 3365 3360 5330 4325 2485 5160 2490 3855 4681 33247 4959 2994 3634 6651 64206 13353 121126
internal_value=-9.23896e-05 -0.00111476 -5.96976e-05 -0.000796735 -0.000325309 -0.000996232 -0.00151548 -0.00240076 -2.40599e-05 1.95041e-05 0.00122568 0.000155531 -1.07452e-05 0.000275605 -0.000111867 0.000435081 -0.000105798 0.000721817 -0.00103278 -0.000992973 -0.00151316 0.000840626 0.00101578 -8.9544e-05 0.000965357 -0.0001291 -0.000155843 0.000109897 0.000194494 -0.000324127
internal_weight=355364 11001 344363 15873 12610 9818 7795 5393 328490 308424 7536 4804 300888 78521 222367 69996 24253 45743 8525 10670 8180 43258 37928 220283 7953 212330 208696 80919 77559 127777
internal_count=355364 11001 344363 15873 12610 9818 7795 5393 328490 308424 7536 4804 300888 78521 222367 69996 24253 45743 8525 10670 8180 43258 37928 220283 7953 212330 208696 80919 77559 127777
is_linear=0
shrinkage=0.05


end of trees

feature_importances:
Column_55=247
Column_11=246
Column_56=242
Column_40=193
Column_33=186
Column_43=180
Column_15=172
Column_59=169
Column_24=163
Column_54=155
Column_17=154
Column_13=151
Column_35=149
Column_12=148
Column_34=147
Column_23=145
Column_30=142
Column_58=139
Column_64=139
Column_22=137
Column_57=136
Column_63=134
Column_65=131
Column_10=130
Column_14=122
Column_39=119
Column_32=118
Column_8=112
Column_28=108
Column_25=107
Column_71=107
Column_19=106
Column_31=105
Column_5=103
Column_6=99
Column_9=98
Column_16=96
Column_66=95
Column_7=94
Column_74=90
Column_2=89
Column_0=88
Column_69=87
Column_29=86
Column_21=84
Column_73=84
Column_72=83
Column_41=82
Column_20=80
Column_18=73
Column_1=70
Column_36=70
Column_26=67
Column_27=67
Column_60=66
Column_4=65
Column_37=65
Column_3=63
Column_68=61
Column_62=57
Column_45=55
Column_48=55
Column_70=54
Column_52=50
Column_49=47
Column_46=46
Column_51=46
Column_67=43
Column_53=42
Column_47=38
Column_50=32
Column_61=29
Column_44=20
Column_42=14
Column_38=8

parameters:
[boosting: gbdt]
[objective: huber]
[metric: huber]
[tree_learner: serial]
[device_type: cpu]
[data_sample_strategy: bagging]
[data: ]
[valid: ]
[num_iterations: 3000]
[learning_rate: 0.05]
[num_leaves: 31]
[num_threads: 4]
[seed: 0]
[deterministic: 0]
[force_col_wise: 0]
[force_row_wise: 0]
[histogram_pool_size: -1]
[max_depth: -1]
[min_data_in_leaf: 2000]
[min_sum_hessian_in_leaf: 0.001]
[bagging_fraction: 0.5]
[pos_bagging_fraction: 1]
[neg_bagging_fraction: 1]
[bagging_freq: 1]
[bagging_seed: 3]
[bagging_by_query: 0]
[feature_fraction: 0.7]
[feature_fraction_bynode: 1]
[feature_fraction_seed: 2]
[extra_trees: 0]
[extra_seed: 6]
[early_stopping_round: 0]
[early_stopping_min_delta: 0]
[first_metric_only: 0]
[max_delta_step: 0]
[lambda_l1: 0]
[lambda_l2: 10]
[linear_lambda: 0]
[min_gain_to_split: 0]
[drop_rate: 0.1]
[max_drop: 50]
[skip_drop: 0.5]
[xgboost_dart_mode: 0]
[uniform_drop: 0]
[drop_seed: 4]
[top_rate: 0.2]
[other_rate: 0.1]
[min_data_per_group: 100]
[max_cat_threshold: 32]
[cat_l2: 10]
[cat_smooth: 10]
[max_cat_to_onehot: 4]
[top_k: 20]
[monotone_constraints: ]
[monotone_constraints_method: basic]
[monotone_penalty: 0]
[feature_contri: ]
[forcedsplits_filename: ]
[refit_decay_rate: 0.9]
[cegb_tradeoff: 1]
[cegb_penalty_split: 0]
[cegb_penalty_feature_lazy: ]
[cegb_penalty_feature_coupled: ]
[path_smooth: 0]
[interaction_constraints: ]
[verbosity: -1]
[saved_feature_importance_type: 0]
[use_quantized_grad: 0]
[num_grad_quant_bins: 4]
[quant_train_renew_leaf: 0]
[stochastic_rounding: 1]
[linear_tree: 0]
[max_bin: 255]
[max_bin_by_feature: ]
[min_data_in_bin: 3]
[bin_construct_sample_cnt: 200000]
[data_random_seed: 1]
[is_enable_sparse: 1]
[enable_bundle: 1]
[use_missing: 1]
[zero_as_missing: 0]
[feature_pre_filter: 1]
[pre_partition: 0]
[two_round: 0]
[header: 0]
[label_column: ]
[weight_column: ]
[group_column: ]
[ignore_column: ]
[categorical_feature: ]
[forcedbins_filename: ]
[precise_float_parser: 0]
[parser_config_file: ]
[objective_seed: 5]
[num_class: 1]
[is_unbalance: 0]
[scale_pos_weight: 1]
[sigmoid: 1]
[boost_from_average: 1]
[reg_sqrt: 0]
[alpha: 0.9]
[fair_c: 1]
[poisson_max_delta_step: 0.7]
[tweedie_variance_power: 1.5]
[lambdarank_truncation_level: 30]
[lambdarank_norm: 1]
[label_gain: ]
[lambdarank_position_bias_regularization: 0]
[eval_at: ]
[multi_error_top_k: 1]
[auc_mu_weights: ]
[num_machines: 1]
[local_listen_port: 12400]
[time_out: 120]
[machine_list_filename: ]
[machines: ]
[gpu_platform_id: -1]
[gpu_device_id: -1]
[gpu_device_id_list: ]
[gpu_use_dp: 0]
[num_gpu: 1]

end of parameters

pandas_categorical:null
