tree
version=v4
num_class=1
num_tree_per_iteration=1
label_index=0
max_feature_idx=43
objective=binary sigmoid:1
feature_names=Column_0 Column_1 Column_2 Column_3 Column_4 Column_5 Column_6 Column_7 Column_8 Column_9 Column_10 Column_11 Column_12 Column_13 Column_14 Column_15 Column_16 Column_17 Column_18 Column_19 Column_20 Column_21 Column_22 Column_23 Column_24 Column_25 Column_26 Column_27 Column_28 Column_29 Column_30 Column_31 Column_32 Column_33 Column_34 Column_35 Column_36 Column_37 Column_38 Column_39 Column_40 Column_41 Column_42 Column_43
feature_infos=[-7.4226574897766113:7.6671667098999023] [-7.5931081771850586:7.1820235252380371] [-6.4232134819030762:7.1312432289123535] [-6.1442670822143555:7.0937037467956543] [-5.7418475151062012:5.6923456192016602] [-5.1527705192565918:5.5562338829040527] [-5.2214946746826172:5.3205709457397461] [-4.2413210868835449:4.5563788414001465] [-4.7816705703735352:11.535929679870605] [-14.139578819274902:9.1160573959350586] [-20:20] [-20:20] [-11.512925148010254:-4.4342203140258789] [-11.512925148010254:-5.0857744216918945] [-10.068882942199707:-5.518345832824707] [-9.6425323486328125:-5.8911023139953613] [-4.0945415496826172:1.3847600221633911] [-4.7712011337280273:1.547176718711853] [7.0806044050186756e-07:20] [0:1] [4.3061845644842833e-07:20] [0:1] [1.2909944416605867e-05:19.285335540771484] [0:1] [0.42071062326431274:20] [0:1] [-13.815510749816895:4.8379969596862793] [-1:1] [-13.815510749816895:3.8802788257598877] [-1:1] [-13.815510749816895:2.7927801609039307] [-0.98839086294174194:0.99392718076705933] [-3.0427637100219727:3.1729962825775146] [-2.8816127777099609:2.6842544078826904] [-2.3314614295959473:2.2545828819274902] [-4.1556987762451172:9.8766918182373047] [-1:1] [-1:1] [0:1] [-1:1] [-1:1] [-0.97492790222167969:0.97492790222167969] [-0.90096884965896606:1] [0:0.93333333730697632]
tree_sizes=3546 3614 3622 3597 3623 3592 3614 3621 3616 3611 3600 3617 3620 3626 3617 3607 3619 3610 3604 3605 3629 3630 3611 3628 3620 3611 3605 3608 3609 3619 3627 3623 3613 3593 3597 3618 3618 3611 3617 3618 3603 3606 3587 3597 3607 3611 3623 3613 3602 3605 3608 3605 3620 3605 3594 3620 3615 3608 3608 3620 3609 3619 3599 3607 3624 3615 3578 3595 3604 3603 3614 3579 3600 3609 3596 3616 3607 3612 3614 3621 3623 3631 3614 3589 3607 3603 3593 3624 3616 3634 3624 3610 3584 3604 3598 3601 3585 3594 3615 3598 3590 3616 3589 3604 3620 3598 3596 3624 3618 3579 3605 3609 3578 3609 3594 3587 3599 3595 3592 3589 3591 3604 3612 3607 3598 3618 3615 3603 3596 3600 3585 3603 3596 3601 3606 3600 3612 3601 3588 3584 3596 3574 3596 3593 3592 3596 3573 3571 3600 3628 3588 3590 3629 3594 3587 3593 3606 3590 3599 3619 3604 3601 3624 3607 3588 3611 3611 3606 3609 3587 3601 3582 3599 3619 3602 3602 3584 3603 3610 3598 3588 3595 3602 3608 3592 3623 3610 3607 3593 3584 3614 3586 3590 3619 3586 3580 3591 3599 3615 3608 3609 3596 3597 3610 3592 3611 3599 3606 3600 3612 3598 3602 3586 3605 3617 3614 3590 3601 3598 3603 3595 3601 3589 3588 3577 3573 3610 3585 3599 3611 3616 3585 3590 3599 3601 3591 3603 3594

Tree=0
num_leaves=31
num_cat=0
split_feature=33 25 11 25 8 39 33 33 40 33 12 40 6 25 10 40 39 15 39 14 25 10 39 14 39 24 16 25 11 10
split_gain=822.825 375.291 171.417 95.7352 81.203 57.1959 50.3798 47.314 40.5344 36.4265 36.1036 35.8026 35.4649 32.8796 33.3809 31.5957 27.1793 32.2456 28.0654 46.1935 41.9355 41.0576 26.5422 25.2747 23.3712 23.3614 26.3926 23.9465 30.8039 23.0405
threshold=-0.29355630278587336 0.83760020136833202 0.059046452865004546 0.16500312834978106 -0.73268601298332203 -0.44228447973728174 0.57137659192085277 0.45968276262283331 -0.32968752086162562 -0.53091081976890553 -7.73838186264038 0.99838215112686168 -1.324910521507263 0.46764419972896581 -0.40009714663028711 -0.45009414851665491 -0.3214364200830459 -7.664778232574462 -0.87671843171119679 -8.0396475791931135 0.51863664388656627 -0.34901767969131464 0.80643692612648021 -8.152214050292967 0.90444654226303112 1.929311275482178 -0.3240902423858642 0.20900283753871921 -0.68541586399078358 0.50221312046051036
decision_type=2 2 2 2 2 2 2 2 2 2 2 2 2 2 2 2 2 2 2 2 2 2 2 2 2 2 2 2 2 2
left_child=3 2 7 12 -4 6 10 8 25 -5 -6 13 -1 14 -7 22 18 -18 19 -10 21 -20 -15 -16 -14 27 -27 28 -2 -11
right_child=1 -3 4 9 5 11 -8 -9 16 29 -12 -13 24 15 23 -17 17 -19 20 -21 -22 -23 -24 -25 -26 26 -28 -29 -30 -31
leaf_value=0.024836415852348435 0.02603822915878605 0.0024180252149646943 0.013529403147459816 0.018636826138707506 0.0073428387487053954 0.013929017260693143 -0.0026219469333854297 0.0074666433132046361 0.028011381503054676 0.01552945817412741 0.0133276961635195 -0.0076211065772252163 0.020426156488466227 0.0058000674878982972 -0.00058029430886644487 0.0019134677826086986 0.0092816300829463762 0.014886587710777112 0.029058324881695331 0.012203547841129139 0.013794283640471847 0.015064278050801409 0.017695747306157923 0.0081342994010654944 0.012200434902629176 0.00049109747444286284 0.012106614126807943 0.010869816638529537 0.011701162706297123 0.010701985957632804
leaf_weight=4809.3612524271011 626.73191910982132 20313.41396856308 5032.8548047542572 6698.8067429065704 4701.8643536567688 1892.1954111456871 772.97769999504089 4111.8813743591309 511.23525112867355 7708.0276274085045 5406.8440153598785 530.98468136787415 5732.0846323370934 4742.8631708621979 1085.7186775803566 7579.7813272476196 3929.3866392374039 7363.2875729799271 1482.2072390913963 4099.3817349672318 1726.7001855969429 819.72635132074356 511.48524391651154 3497.6490946412086 1020.9705455303192 1036.7200911641121 913.97363233566284 9047.738977432251 913.72363954782486 3635.8951063156128
leaf_count=19238 2507 81256 20132 26796 18808 7569 3092 16448 2045 30833 21628 2124 22929 18972 4343 30320 15718 29454 5929 16398 6907 3279 2046 13991 4084 4147 3656 36192 3655 14544
internal_value=0.0107401 0.00842133 0.0101081 0.0179952 0.00764651 0.0066822 0.00959674 0.0125141 0.0131541 0.0157146 0.0105433 0.00508509 0.0215467 0.00544381 0.00835352 0.0039787 0.0145547 0.0129367 0.0166646 0.0139899 0.0197101 0.0241152 0.00696906 0.00604981 0.0191865 0.0109264 0.0059126 0.0118538 0.0175952 0.0139835
internal_weight=122256 92651.3 72337.9 29605.1 35755.2 30722.4 10881.7 36582.7 32470.8 18042.7 10108.7 19840.7 11562.4 19309.7 6475.56 12834.1 19931.9 11292.7 8639.25 4610.62 4028.63 2301.93 5254.35 4583.37 6753.06 12538.9 1950.69 10588.2 1540.46 11343.9
internal_count=489040 370616 289360 118424 143025 122893 43528 146335 129887 72173 40436 79365 46251 77241 25903 51338 79730 45172 34558 18443 16115 9208 21018 18334 27013 50157 7803 42354 6162 45377
is_linear=0
shrinkage=1


Tree=1
num_leaves=31
num_cat=0
split_feature=34 34 35 40 6 41 14 11 4 21 42 40 13 5 41 10 41 15 11 34 14 15 11 11 22 25 40 15 25 40
split_gain=834.667 311.451 130.243 90.8617 76.8095 62.6493 57.0319 64.8483 52.8551 51.3996 51.213 48.5094 48.1248 39.7633 36.102 47.0539 33.5431 44.2026 42.0616 33.19 31.5173 30.0935 30.4965 29.1602 26.4269 25.3634 24.8879 23.8035 22.2405 22.1452
threshold=0.12729713320732119 -0.31596268713474268 0.29064002633094793 0.45009414851665502 -1.3534642457962034 1.0000000180025095e-35 -7.5743315219879142 0.13728720694780353 -0.35651406645774836 0.68510952591896068 1.0000000180025095e-35 0.86819055676460277 -8.8819532394409162 0.37407074868679052 -0.60785761475563038 0.26080538332462316 0.6078576147556306 -7.5478048324584952 2.1770412921905522 -0.60604852437973011 -6.961977243423461 -7.5971984863281241 -0.46095059812068934 0.11799595877528192 1.4591596126556399 0.85916176438331615 -0.81156626343727101 -7.8224024772644034 0.70254650712013256 -0.32968752086162562
decision_type=2 2 2 2 2 2 2 2 2 2 2 2 2 2 2 2 2 2 2 2 2 2 2 2 2 2 2 2 2 2
left_child=1 4 9 5 19 8 7 14 -4 23 -10 -9 -12 26 15 -3 18 -18 -6 -1 -5 -11 -23 25 -24 -2 -7 -8 -14 -29
right_child=2 6 3 20 16 13 27 11 10 21 12 -13 28 -15 -16 -17 17 -19 -20 -21 -22 22 24 -25 -26 -27 -28 29 -30 -31
leaf_value=0.014264490936572139 0.0041691019233435741 0.0084207218872911684 0.00012645001885893065 -0.012435038183872702 0.0079211283218774929 -0.0046878954246668738 -0.0072157337488269599 -0.0019154701426350109 -0.0057361388373107156 -0.0013343032833780099 0.0001284503647739083 -0.010623546161600744 -0.006087535718632589 -0.0050033354384978702 -0.00012356709959072119 -0.0024354280760670653 -0.0017309040220607871 0.0068950778963350031 -0.0066370144025476585 0.0072164912255783037 -0.0031295480439976738 -0.0029342667673862709 -0.0060756648698195087 -0.0031335944733194687 -0.014681513427573687 -0.0043329599251859937 0.0047989591159279046 0.00082888718391079029 -0.017601926086374915 0.0044083837647462074
leaf_weight=5076.804644793272 5036.056562975049 3387.8194538354874 1687.7174887508154 8128.4312475770712 13079.543408751488 952.98947216570377 552.97864161431789 10454.941821590066 4201.7121063768864 5171.6653024703264 542.74607108533382 1879.7000418305397 506.74147565662861 4556.7191706597805 9083.0845750123262 1407.934445425868 2783.3112432062626 3166.2692882120609 508.46736873686314 2541.008497223258 1033.4901405870914 3484.1742822527885 2332.9575068950653 3302.9479962289333 1461.9785330444574 1053.2480136305094 2446.9605578184128 6474.0096827596426 2881.4774031043053 13015.104701191187
leaf_count=20310 20145 13552 6751 32514 52322 3812 2212 41821 16807 20687 2171 7519 2027 18227 36334 5632 11134 12666 2034 10165 4134 13937 9332 13212 5848 4213 9788 25897 11526 52063
internal_value=4.91575e-05 0.00341762 -0.00501963 -0.00734552 0.00766705 -0.00525589 0.000921776 -0.000613396 -0.00792588 -0.00214906 -0.00959503 -0.00325004 -0.0136947 -0.00195469 0.00173054 0.00523514 0.00600118 0.00286357 0.00737188 0.0119261 -0.0113899 -0.00425436 -0.00632433 0.000643365 -0.00942089 0.00269383 0.00213389 0.00292896 -0.0159028 0.00322036
internal_weight=122193 73411 48782 26939 27155.4 17777.1 46255.6 26213.5 9820.39 21843 8132.68 12334.6 3930.96 7956.67 13878.8 4795.75 19537.6 5949.58 13588 7617.81 9161.92 12450.8 7279.11 9392.25 3794.94 6089.3 3399.95 20042.1 3388.22 19489.1
internal_count=488792 293661 195131 107757 108631 71109 185030 104858 39282 87374 32531 49340 15724 31827 55518 19184 78156 23800 54356 30475 36648 49804 29117 37570 15180 24358 13600 80172 13553 77960
is_linear=0
shrinkage=0.05


Tree=2
num_leaves=31
num_cat=0
split_feature=34 34 34 35 14 41 14 22 15 41 13 34 33 35 34 6 33 0 33 31 15 32 24 42 15 35 9 8 35 31
split_gain=819.642 270.414 125.124 50.2029 50.1732 49.7842 48.4577 46.1316 43.0339 39.6181 41.1104 40.986 37.0372 34.1637 27.9855 27.3376 25.4449 23.3558 23.2198 24.4086 22.9115 24.4841 22.6721 21.7453 24.073 21.4514 23.1968 20.1048 19.6239 24.6427
threshold=-0.17965880781412122 0.39661177992820745 -0.55032333731651295 0.21233101189136508 -6.961977243423461 1.0000000180025095e-35 -8.1093235015869123 1.4715496897697451 -7.664778232574462 1.0000000180025095e-35 -9.0878710746765119 0.67445495724678051 -0.20257578045129773 0.61677163839340221 -0.37527312338352198 -0.15133745223283765 -0.080871116369962678 0.015545820351690056 -0.034022413194179528 0.39106883108615881 -7.7254455089569083 0.095163162797689452 1.5867537260055544 1.0000000180025095e-35 -7.6134173870086661 -0.32760246098041529 0.58067530393600475 -0.20805767923593518 -0.34406876564025873 -0.30678923428058619
decision_type=2 2 2 2 2 2 2 2 2 2 2 2 2 2 2 2 2 2 2 2 2 2 2 2 2 2 2 2 2 2
left_child=2 3 12 18 9 14 7 17 15 10 -3 -12 -1 16 -4 28 -8 22 19 -2 21 -11 -5 24 -13 -16 -27 -15 -7 -30
right_child=1 4 5 6 -6 8 13 -9 -10 20 11 23 -14 27 25 -17 -18 -19 -20 -21 -22 -23 -24 -25 -26 26 -28 -29 29 -31
leaf_value=0.010981865413951295 0.00069332379266740516 0.003385313921804336 0.0086034095032733286 -0.020854175730113167 -0.00092058527620003975 0.0054812022093558661 -0.00019274783331840685 0.00075973080622921698 0.0035854809792178395 0.0064015139185867849 -0.0086862113688708879 -0.0036767486505175973 -0.00062276000016618248 0.011685044304688284 0.0078767852728403778 -0.010262360396816599 -0.0046440593358401802 -0.0059019757242515332 -0.00082764599716788213 0.0062462899334833309 -0.0072709549552929451 -0.0047680596422906354 -0.0084575996704235167 -0.019340898958638632 -0.015450954539923095 0.0017350051721948608 0.010076841349677278 0.0009838148720106622 0.0042397533251680693 -0.0081315744960478754
leaf_weight=10908.003987058997 9992.9528024196625 527.49453078210354 6051.8397129774094 897.48096296191216 2619.2216191738844 930.18230995535851 5102.559205070138 1006.977027118206 8659.111004203558 685.73831447958946 7405.8510612994432 665.24389086663723 732.66565935313702 517.98317837715149 2979.1927482485771 928.95917752385139 8651.8067885190248 1024.9796411544085 26205.909153670073 2458.6163545250893 6395.4119771271944 1656.2339387834072 657.984395429492 1705.9344394207001 1282.7369306981564 6324.0247206389904 951.18063881993294 2615.4353877902031 635.45709021389484 1065.1724698394537
leaf_count=43643 39974 2110 24211 3590 10477 3721 20411 4028 34640 2743 29624 2661 2931 2072 11918 3716 34608 4100 104828 9835 25582 6625 2632 6824 5131 25298 3805 10462 2542 4261
internal_value=3.2455e-05 -0.00283161 0.00588425 -0.00104344 -0.00743776 0.00409905 -0.00304459 -0.00831432 0.00168405 -0.00827676 -0.0101956 -0.0108458 0.0102516 -0.0019209 0.00590657 -0.00293825 -0.00299406 -0.0118446 1.70036e-05 0.00179391 -0.00572336 -0.00148425 -0.0156978 -0.0151872 -0.0114693 0.00430814 0.00283797 0.00278437 -0.000322983 -0.00351114
internal_weight=122242 82076.6 40165.8 59132.7 22943.9 28525.1 20475.2 3587.42 12218.9 20324.6 11587.3 11059.8 11640.7 16887.8 16306.2 3559.77 13754.4 2580.44 38657.5 12451.6 8737.38 2341.97 1555.47 3653.92 1947.98 10254.4 7275.21 3133.42 2630.81 1700.63
internal_count=489003 328317 160686 236540 91777 114112 81903 14350 48880 81300 46350 44240 46574 67553 65232 14240 55019 10322 154637 49809 34950 9368 6222 14616 7792 41021 29103 12534 10524 6803
is_linear=0
shrinkage=0.05


Tree=3
num_leaves=31
num_cat=0
split_feature=34 34 11 39 29 40 40 9 21 35 25 16 30 23 12 34 11 39 33 11 35 33 39 11 25 20 2 15 14 30
split_gain=678.466 343.735 105.039 57.8756 54.9594 45.2797 39.0773 38.181 38.0364 37.2641 42.8851 36.2055 35.1976 32.077 31.3191 34.2793 31.2716 33.1002 29.6166 29.5667 27.6912 27.5751 26.3554 30.1667 25.5147 25.251 23.5847 23.199 21.9845 30.9965
threshold=-0.33332145214080805 0.3668771386146546 0.12815067917108539 -0.41071493923664087 -0.44050773978233332 -0.29653874039649958 0.99838215112686168 0.69425910711288463 0.37186527252197271 0.73928526043891918 0.75843811035156261 -0.14122480154037473 0.93688470125198375 0.21644507348537448 -6.4306433200836173 0.67445495724678051 -0.67142456769943226 -0.3214364200830459 -0.35359254479408259 0.47509258985519415 -0.23356561362743375 -0.10247665643692015 0.90444654226303112 0.40991312265396124 0.79967775940895092 1.690949082374573 0.79754167795181286 -7.5742650032043448 -7.0185828208923331 -0.3928349614143371
decision_type=2 2 2 2 2 2 2 2 2 2 2 2 2 2 2 2 2 2 2 2 2 2 2 2 2 2 2 2 2 2
left_child=4 2 5 9 11 -2 18 16 12 10 -4 -1 19 -13 15 -10 28 26 -5 -3 -20 22 -6 -24 -9 -17 -18 -27 29 -7
right_child=1 8 3 6 21 7 -8 24 14 -11 -12 13 -14 -15 -16 25 17 -19 20 -21 -22 -23 23 -25 -26 27 -28 -29 -30 -31
leaf_value=0.0060055241705966557 -0.00050141911255031511 0.00034524157143436558 0.0012213646861273816 0.0017252981929742337 0.0069669170620942286 0.0049098611733077628 -0.016091641761723095 0.0012021964585386357 -0.0065277083972295289 0.012245518720611352 -0.0070812425090301711 0.013489374672007622 0.010040415425326944 0.0061010226494347111 0.004109309621189783 -0.014208425186382734 0.0066829948435897513 -0.00047874500888173967 0.0017553457496385129 -0.010437981388868504 -0.004731449550245577 -0.00014901243703230066 0.0047448985086896893 -0.0099689889001186634 -0.0078459737694008113 -0.0044310865618702351 -0.0025650129441476596 -0.011781812486056878 0.0010058666767205314 0.011912693665038037
leaf_weight=4529.8649217784405 14723.984477207065 1528.1966939121485 9762.5690272003412 2487.0643491595984 9457.4496460705996 4433.1268707513809 614.45925538241863 2437.5761909335852 14288.682329297066 635.21439066529274 1839.693092033267 5901.2793798595667 515.98198303580284 1988.9991588741541 544.73346598446369 3074.5092569738626 4078.316107571125 5673.1523912101984 1822.654418990016 1077.7117620557547 16462.341370403767 2207.3926420509815 1063.7291023433208 505.63371296226978 1133.7102297246456 2097.7803131043911 823.6798135638237 2229.8234350830317 1654.5669740140438 2469.5095427781343
leaf_count=18125 58899 6113 39052 9949 37841 17734 2458 9751 57157 2541 7359 23615 2064 7958 2179 12299 16315 22694 7291 4311 65851 8831 4256 2023 4535 8392 3295 8920 6619 9879
internal_value=-2.47673e-05 -0.00194781 -0.000163965 -0.00219191 0.00719997 0.00165799 -0.00376049 0.00305803 -0.00694412 0.000550214 -0.000100089 0.00958957 -0.00176934 0.011637 -0.00766954 -0.00796711 0.00394362 0.00212213 -0.00338816 -0.00413717 -0.00408424 0.00495182 0.00597213 -2.88795e-05 -0.00168405 -0.0107331 0.005127 -0.00823702 0.00618955 0.00742883
internal_weight=122063 96409 71051.6 33624 25654.3 37427.6 21386.5 22703.6 25357.4 12237.5 11602.3 12420.1 3121.89 7890.28 22235.5 21690.8 19132.4 10575.1 20772.1 2605.91 18285 13234.2 11026.8 1569.36 3571.29 7402.11 4902 4327.6 8557.2 6902.64
internal_count=488306 385657 284222 134501 102649 149721 85549 90822 101435 48952 46411 49698 12488 31573 88947 86768 76536 42304 83091 10424 73142 52951 44120 6279 14286 29611 19610 17312 34232 27613
is_linear=0
shrinkage=0.05


Tree=4
num_leaves=31
num_cat=0
split_feature=35 33 23 31 33 25 41 35 11 17 12 17 17 41 42 11 14 26 30 25 35 24 17 24 14 35 21 33 11 12
split_gain=568.466 261.418 115.073 68.8249 58.0241 46.8249 47.5553 45.8935 42.0776 41.0619 39.0014 34.0703 32.6803 29.5696 41.252 29.1739 29.0777 28.9531 28.1666 28.0927 25.0367 34.628 24.0484 22.7659 23.0614 22.5842 23.7628 22.2297 21.932 21.779
threshold=0.21233101189136508 -0.2219910845160484 0.8058697283267976 -0.4946188479661941 0.37583866715431219 0.65547439455986034 1.0000000180025095e-35 -0.33828157186508173 0.13728720694780353 -0.79957053065299977 -7.6825122833251944 0.20338603109121325 0.14213086664676669 1.0000000180025095e-35 1.0000000180025095e-35 -0.43908262252807612 -7.1571617126464835 0.41753274202346807 0.91224887967109691 0.22029942274093631 -0.25358057022094721 2.3803000450134282 -0.1146474927663803 1.3644775748252871 -7.7987866401672354 0.8651690185070039 0.2175744026899338 -0.95459052920341481 -0.16551364213228223 -9.2280931472778303
decision_type=2 2 2 2 2 2 2 2 2 2 2 2 2 2 2 2 2 2 2 2 2 2 2 2 2 2 2 2 2 2
left_child=1 3 5 -1 8 9 15 27 12 -2 -10 29 19 14 -9 -7 -15 25 28 -3 21 -6 23 24 -11 26 -17 -5 -8 -4
right_child=2 4 11 7 20 6 18 13 10 22 -12 -13 -14 16 -16 17 -18 -19 -20 -21 -22 -23 -24 -25 -26 -27 -28 -29 -30 -31
leaf_value=0.010490779014866045 -0.010940956232899264 0.0078122367119598246 0.00062858666483065308 0.014260053048350313 0.0058023441111058893 6.1496677654520682e-05 0.0029594676294126313 0.0010580381841224704 -0.0031095063720243507 -0.01378478590067371 0.0024720032421176471 -0.0033489954866073716 -0.00069334193214535297 -0.0015365977911840252 0.0082003509530292184 -0.0049332472176674518 0.0078464385002661383 -0.0013627097235136686 0.0067255425888713572 0.0024047769875907405 -0.0046874104521709417 -0.0086074596679315621 0.0048918713957992795 0.0012024111081394848 -0.00031270683881482765 0.00095410535518208244 -0.011887578125394723 0.0065171314667927431 -0.0039607498290824879 -0.0098779713138116218
leaf_weight=6663.1427469104528 741.6946414411068 2802.2007193863392 513.21148073673248 1038.1461724638939 1417.1683136671782 1369.6692721843719 1433.4375794380903 3852.7967662364244 9449.8555860221386 585.22016069293022 4668.4306324273348 2824.1342671513557 7515.0391460210085 4698.8134967684746 4251.5081313699484 1708.4075055420399 991.25239938497543 1437.3668305724859 919.44869017601013 16615.188059866428 7570.1916796565056 579.22084948420525 2893.8121340423822 3503.7116079628468 682.21437776088715 506.45276589691639 4562.6445648223162 8736.141881480813 5557.962749376893 11969.145735785365
leaf_count=26667 2967 11211 2053 4156 5669 5479 5734 15415 37801 2341 18675 11298 30064 18799 17010 6834 3966 5750 3678 66467 30282 2317 11576 14016 2729 2026 18252 34960 22233 47883
internal_value=-0.000108975 0.00232708 -0.00488781 0.00600515 0.000129562 -0.00285488 -0.00432782 0.00473309 0.00094693 0.000211996 -0.00126345 -0.00832386 0.00210568 0.00287254 0.00481037 -0.00669441 0.000108896 -0.00781952 -0.00145571 0.00318877 -0.00337513 0.0015995 0.00130405 -0.000877722 -0.00659247 -0.00918486 -0.0100039 0.00735326 -0.00253971 -0.00944584
internal_weight=122058 80849.1 41208.5 30231.8 50617.3 25902 17495.4 23568.7 41050.7 8406.65 14118.3 15306.5 26932.4 13794.4 8104.3 9584.54 5690.07 8214.87 7910.85 19417.4 9566.58 1996.39 7664.96 4771.15 1267.43 6777.5 6271.05 9774.29 6991.4 12482.4
internal_count=488308 323459 164849 120973 202486 103615 69986 94306 164218 33629 56476 61234 107742 55190 32425 38341 22765 32862 31645 77678 38268 7986 30662 19086 5070 27112 25086 39116 27967 49936
is_linear=0
shrinkage=0.05


Tree=5
num_leaves=31
num_cat=0
split_feature=35 33 35 40 23 40 33 39 15 23 33 24 35 41 39 11 40 39 22 13 24 15 23 22 24 40 17 12 35 15
split_gain=461.232 228.892 91.8757 109.948 89.1236 54.9581 49.9751 49.2881 46.5412 52.2626 45.5466 42.9114 40.2878 39.5627 37.9016 51.3608 37.5861 33.5207 31.865 35.139 31.0646 39.9037 29.5035 29.1904 28.5325 32.6006 27.3183 26.8739 26.3624 24.6208
threshold=0.22180863469839099 -0.41422364115715021 -0.28916226327419275 0.48098418116569525 0.90514928102493297 0.9117533564567567 -0.81458634138107289 -0.64611783623695362 -7.4923012256622306 0.6247578263282777 0.37583866715431219 2.6527789831161503 0.6055433750152589 -0.60785761475563038 -0.46561008691787714 -0.083481710404157625 -0.99495905637741078 -0.25459952652454371 1.5196732878685 -8.1882386207580549 1.903484642505646 -7.3066110610961905 0.75424236059188854 1.1594094038009646 1.7320073843002322 -0.44228447973728174 0.0052105940412729987 -8.9339041709899885 -0.23356561362743375 -7.5130763053894034
decision_type=2 2 2 2 2 2 2 2 2 2 2 2 2 2 2 2 2 2 2 2 2 2 2 2 2 2 2 2 2 2
left_child=1 6 3 24 5 8 -1 29 18 12 14 17 -10 -8 -4 -16 -17 -7 -2 22 21 -9 -20 -14 -3 -26 -22 -6 -15 -5
right_child=4 2 10 7 27 11 13 20 9 -11 -12 -13 23 28 15 16 -18 -19 19 -21 26 -23 -24 -25 25 -27 -28 -29 -30 -31
leaf_value=0.011805303206041043 -0.006147978086096538 0.003334466366429078 0.0026200824251431964 0.026729456102335576 0.00080376353140257394 -0.00079868511031717644 0.010092178214246654 0.0061792356318542685 0.00076518462761113876 -0.0032084898628357882 -0.0037220639813957818 0.0053424112755091711 -0.00059481653102229901 0.0061968605610181453 0.0017259530989774013 0.0091561079100180038 -0.0035354451649712276 -0.012594126151700805 0.010295355077524458 -0.0038443327839611839 0.0056548363778585456 0.018187979658957045 -0.0030710843371997455 0.013671616967456404 -0.0059413937126784645 0.0016422934393655539 -0.0079448924047183459 -0.0094439682049784635 0.00083790446937287368 0.011922145450814534
leaf_weight=4598.5941745936871 8280.8804548680782 7037.9497271180153 12761.275987759233 507.30165047943592 692.3951493948698 759.89721152186394 3755.6236409842968 2184.1268325001001 5059.385900452733 6621.6426555663347 8086.290976703167 500.93847167491913 502.2125941067934 5666.025826767087 11114.526032984257 603.46403060853481 12103.143165245652 2920.8088715076447 984.403065726161 3962.7367214560509 1296.2195837944746 1015.2036939710379 699.59926150739193 1236.3895092755556 2344.075164437294 3552.5081171542406 505.13291509449482 8171.8361419290304 3858.4967797994614 682.21897009015083
leaf_count=18413 33127 28159 51051 2030 2770 3040 15031 8739 20239 26490 32347 2004 2009 22679 44463 2414 48416 11685 3938 15853 5186 4062 2799 4946 9378 14213 2021 32696 15439 2730
internal_value=0.000153484 0.00231491 0.000913154 0.0038121 -0.00421626 -0.00296921 0.00731321 0.00928649 -0.00215114 -4.93725e-05 -0.000328593 -0.00830133 0.00302799 0.00575 0.000422322 -0.00075565 -0.00292597 -0.0101677 -0.00417476 -0.0012753 0.0070845 0.0100346 0.00475707 0.00957078 0.00118701 -0.00137741 0.00181841 -0.0086435 0.00402904 0.0184073
internal_weight=122065 81672.2 63793.4 19124.7 40393.1 31528.9 17878.7 6190.2 27347.3 13419.6 44668.7 4181.64 6797.99 13280.1 36582.4 23821.1 12706.6 3680.71 13927.6 5646.74 5000.68 3199.33 1684 1738.6 12934.5 5896.58 1801.35 8864.23 9524.52 1189.52
internal_count=488367 326771 255209 76518 161596 126130 71562 24768 109401 53684 178691 16729 27194 53149 146344 95293 50830 14725 55717 22590 20008 12801 6737 6955 51750 23591 7207 35466 38118 4760
is_linear=0
shrinkage=0.05


Tree=6
num_leaves=31
num_cat=0
split_feature=34 34 34 14 39 35 40 33 35 21 14 30 42 10 15 15 34 40 31 33 39 28 39 29 42 15 35 17 4 35
split_gain=537.931 170.996 88.5325 57.3759 42.602 38.3551 41.3567 37.0421 34.6789 34.112 32.021 33.1548 32.2934 31.856 31.5441 29.8412 29.7283 27.8652 27.2299 26.7001 24.5163 22.781 25.5692 22.4094 22.0668 25.1578 24.5474 21.1255 22.3903 21.0163
threshold=0.092117324471473708 -0.3879182487726211 0.39661177992820745 -7.6124315261840811 -0.45009414851665491 0.28542694449424749 0.97133281826972973 -0.55199959874153126 0.64153477549552929 0.24247568845748904 -8.9199852943420392 0.96074354648590099 1.0000000180025095e-35 -0.27155216038227076 -7.58160376548767 -7.7079954147338858 -0.092062838375568376 -0.021814676932990548 0.30672231316566473 -0.35359254479408259 -0.47331516444683069 0.072344027459621443 0.9496901035308839 0.24105674773454669 1.0000000180025095e-35 -7.1200420856475821 -0.18148346990346906 -0.3955616950988769 -0.90316739678382862 0.22654014080762866
decision_type=2 2 2 2 2 2 2 2 2 2 2 2 2 2 2 2 2 2 2 2 2 2 2 2 2 2 2 2 2 2
left_child=1 7 5 4 16 9 8 24 -7 27 -4 12 23 15 -10 -6 -3 -15 -13 -19 -16 22 -11 -12 25 -1 -26 -2 -29 -14
right_child=2 3 10 -5 13 6 -8 -9 14 21 11 18 29 17 20 -17 -18 19 -20 -21 -22 -23 -24 -25 26 -27 -28 28 -30 -31
leaf_value=0.0052803751666993986 -0.001251283888325939 0.0061658894514020381 0.0055935296586416966 0.0031295099478229858 -0.0022927868531702014 -0.0049138007475411638 -0.015007473046525383 0.0047109120951710605 -0.0063597757950025428 -0.0033087726128564567 -0.002614523113330415 -0.0061156333760727438 -0.004546029251027121 -0.00085878502312516545 0.014807356466383929 0.0039525179341454294 -0.00073659290407036176 0.0011673901176405179 0.0044736278104793598 -0.0074667876218688575 0.0012617819892070032 0.0021115616397783497 0.0039633946177406185 -0.0070916421634744141 0.013796553102246784 0.01380328406852336 0.0044362098973151796 0.016422929252808954 0.004134058536149743 -0.010846567191329565
leaf_weight=4687.4092915952206 1055.6370021104813 3638.8225991129875 562.68465699255466 22152.549195379019 3595.7254400849342 8080.0185214728117 826.75415354967117 11580.994217023253 690.43978595733643 10976.923719242215 4482.2802587002516 1212.7705112695694 1697.8036696463823 6380.8742891997099 544.92469789087772 4064.8354058265686 2721.4024026989937 1121.0200828164816 1195.9766282588243 4390.2917428910732 844.44488893449306 3393.5264242887497 1349.6505602002144 7490.6823091804981 3163.2258285135031 1061.2785870879889 914.7101606875658 509.19070452451706 1333.3638312071562 6351.9586717486382
leaf_count=18771 4223 14559 2251 88626 14385 32324 3308 46350 2762 43911 17933 4852 6792 25526 2180 16262 10887 4485 4785 17563 3378 13575 5399 29971 12669 4250 3662 2037 5334 25418
internal_value=2.98916e-05 0.00291777 -0.00378427 0.00126174 -0.000335574 -0.00197538 -0.00431678 0.00663366 -0.00343293 -0.000592157 -0.00611133 -0.00640731 -0.00707375 -0.00149189 0.00231622 0.00102192 0.00321595 -0.0031107 -0.000861159 -0.00571163 0.00664234 -0.0015116 -0.00250997 -0.00541914 0.00889259 0.00687505 0.0117129 0.00438305 0.00760041 -0.00952499
internal_weight=122072 69473.1 52599 48065.5 25913 29604.9 10986.6 21407.6 10159.8 18618.3 22994.2 22431.5 20022.7 19552.7 2079.81 7660.56 6360.23 11892.2 2408.75 5511.31 1389.37 15720.1 12326.6 11973 9826.62 5748.69 4077.94 2898.19 1842.55 8049.76
internal_count=488428 277995 210433 192293 103667 118431 43952 85702 40644 74479 92002 89751 80114 78221 8320 30647 25446 47574 9637 22048 5558 62885 49310 47904 39352 23021 16331 11594 7371 32210
is_linear=0
shrinkage=0.05


Tree=7
num_leaves=31
num_cat=0
split_feature=34 34 34 41 41 14 6 25 32 40 32 28 29 14 28 40 23 7 41 26 29 41 7 25 22 25 12 8 6 25
split_gain=493.062 163.459 68.3911 56.8091 53.4488 45.7753 37.2427 35.4582 26.4563 31.5648 24.3559 24.3412 24.0945 23.4504 22.1445 21.6761 22.4346 20.8235 19.0806 28.1605 19.0127 18.6619 18.0795 43.7226 18.6766 21.4952 19.4899 18.207 18.0433 17.7502
threshold=-0.21311388909816739 0.29560984671115881 -0.55032333731651295 1.0000000180025095e-35 1.0000000180025095e-35 -7.6124315261840811 -0.99279791116714466 0.83760020136833202 0.0073891172651201495 0.76883450150489818 -0.058113055303692811 1.2190542221069338 -0.39594212174415583 -7.1806910037994376 1.5639024376869204 0.87248772382736217 0.16909014433622363 -1.1319923400878904 -0.87837970256805409 -0.23317951709032056 -0.0066193637903779736 0.6078576147556306 0.14093946665525439 0.60481852293014537 1.6696206331253054 0.61912637948989879 -8.5365705490112287 0.039253778755664832 0.5346643626689912 0.1611239090561867
decision_type=2 2 2 2 2 2 2 2 2 2 2 2 2 2 2 2 2 2 2 2 2 2 2 2 2 2 2 2 2 2
left_child=2 13 6 12 7 -5 11 10 9 -6 28 -1 -4 15 20 16 -2 -7 19 -9 -10 -13 23 -18 26 27 -24 -26 -3 -19
right_child=1 4 3 5 8 17 -8 18 14 -11 -12 21 -14 -15 -16 -17 22 29 -20 -21 -22 -23 24 -25 25 -27 -28 -29 -30 -31
leaf_value=0.011003700019209937 0.0038153628352477552 -0.0047272567422193814 0.0077596068040430627 -0.0032082421253496573 0.0035975470460371246 0.010389351176902713 0.0035064875785350102 -0.0096472377869319097 -0.00047665610827350192 -0.007931690140212699 -0.005895014600815921 -0.00041714918241633476 0.0035819838489006928 0.001636991359295765 0.006017612061852722 -0.0035180179357850259 -0.00016444843634241438 0.0069894425201531473 -0.010152730438152145 0.00048463352250167002 -0.0056966260980609758 0.011336380753566357 0.0034751319600906656 -0.0053432316366464712 -0.0048820932821321177 0.0098523896019316812 -0.0013159347415449695 0.0064652458539513034 0.0052145195059048882 0.00039166258281370824
leaf_weight=6710.9899006187916 2726.1204471886158 819.37551689147949 5922.6240874677896 4674.1828596144915 2681.2000418156385 889.3627278059721 3421.8088899701834 1573.6732875555754 2254.5284139066935 751.82772581279278 5623.8357870280743 933.37184895575047 8335.8492292761803 10068.367082253098 516.39190976321697 7325.7509616315365 11595.98007594049 1378.3404511958361 7378.5774220079184 1208.0195683538914 7728.8505736738443 518.60641629993916 2619.1927732974291 6274.8729107528925 759.16013000905514 1018.8887370824814 11010.119170501828 644.17118236422539 1005.07364551723 3841.1476525366306
leaf_count=26885 10906 3278 23705 18702 10726 3559 13699 6297 9020 3008 22501 3740 33358 40280 2066 29308 46389 5516 29530 4834 30925 2078 10478 25102 3037 4076 44045 2577 4021 15370
internal_value=-0.000130641 -0.00220825 0.00472334 0.0032516 -0.0050679 0.000512171 0.0078991 -0.00689847 -0.0027511 0.00105696 -0.00426896 0.00973388 0.00532149 -0.000538616 -0.00399601 -0.001037 -0.000540243 0.00335943 -0.00882002 -0.00526124 -0.00451947 0.00382971 -0.000891296 -0.00198481 0.000326638 0.0043628 -0.000393346 0.000335566 0.000748154 0.00214401
internal_weight=122210 85584 36626.3 25041.5 31541.4 10783 11584.8 17608.6 13932.8 3433.03 7448.28 8162.97 14258.5 54042.6 10499.8 43974.3 36648.5 6108.85 10160.3 2781.69 9983.38 1451.98 33922.4 17870.9 16051.5 2422.22 13629.3 1403.33 1824.45 5219.49
internal_count=489016 342404 146612 100210 126206 43147 46402 70461 55745 13734 29800 32703 57063 216198 42011 175918 146610 24445 40661 11131 39945 5818 135704 71491 64213 9690 54523 5614 7299 20886
is_linear=0
shrinkage=0.05


Tree=8
num_leaves=31
num_cat=0
split_feature=34 34 25 11 6 14 11 30 40 17 11 17 16 21 30 9 10 24 31 16 14 24 31 35 24 24 30 32 40 35
split_gain=438.599 132.359 76.3266 57.512 51.8509 43.5792 47.2061 39.2463 35.6731 29.1919 27.5315 26.9034 24.8327 31.1008 23.8869 22.9742 25.0602 21.1424 21.3892 20.8546 20.3935 20.192 32.7967 19.8508 22.9006 19.6291 19.2673 19.2348 19.1663 18.9956
threshold=0.11818280443549158 -0.35105468332767481 0.84849196672439586 -0.052386911585927003 -1.324910521507263 -7.8521616458892813 0.099023077636957182 0.53449091315269481 0.99199551343917858 0.47144158184528356 0.64110019803047191 0.4111997932195664 -0.19521269202232358 0.62012654542922985 -0.81797006726264943 -0.15850839763879773 -0.37927787005901331 1.0028465390205386 -0.31768207252025599 0.37249331176280981 -7.4901783466339102 2.6207835674285893 0.25264753401279455 0.36203560233116155 1.3166523575782778 1.2060050368309023 -1.9849040508270261 0.45253685116767889 -0.047977671027183526 -0.55925172567367543
decision_type=2 2 2 2 2 2 2 2 2 2 2 2 2 2 2 2 2 2 2 2 2 2 2 2 2 2 2 2 2 2
left_child=1 4 3 -2 -1 6 26 8 -5 14 -9 21 -6 -14 29 16 -11 -16 -19 25 -13 23 -23 -4 27 -8 -3 -25 -15 -7
right_child=2 5 11 7 12 9 19 10 -10 15 -12 20 13 28 17 -17 -18 18 -20 -21 -22 22 -24 24 -26 -27 -28 -29 -30 -31
leaf_value=0.0087948962317597919 0.00054483383711226351 0.010039112114238694 -0.0050188108398101739 -0.0044875268184973362 0.0013287511044287399 -0.0088874123874692987 -0.0079657635468435208 -0.0025253233846944875 -0.017133978567584699 -0.0012983178592694273 0.0065845790102614481 -0.0080180272308625778 0.0066315225132837418 -0.0049595784096740699 -0.0012947763701803908 0.002603409900541065 -0.013901218985276624 0.0071426179013494078 0.0030493901277518203 0.0060010406413391129 0.0027542869920722125 0.0045000840518937667 -0.0091043629267742749 -0.018506726552259014 -0.0075989889048482268 -0.0026679274477198001 0.00081297872887460673 -0.008108032327168389 0.0052150896801849344 0.00092621971181044245
leaf_weight=7765.3720922470093 12047.442957058549 597.87782563269138 5480.9721586555243 14767.485545262694 6183.6884186863899 514.3265095949173 2591.7085095196962 2211.3861235529184 571.15974190831184 918.49218825995922 1313.7180166989565 636.66438817977905 8421.7875202596188 1047.3070977181196 2059.3925816863775 1107.0899015963078 684.38919027149677 4237.8416664898396 12985.366954013705 504.68619565665722 1360.8745356053114 953.16684231162071 810.87202519178391 1001.3406143784523 7748.6450951546431 5385.3681823313236 8231.3748274445534 841.53234833478928 813.29624801874161 8272.8758413344622
leaf_count=31120 48196 2392 21932 59083 24753 2058 10368 8847 2286 3675 5256 2548 33721 4191 8239 4429 2738 16955 51952 2019 5445 3814 3245 4008 31015 21544 32932 3369 3255 33097
internal_value=-7.02784e-05 0.00241527 -0.00368366 -0.00215374 0.00542784 0.000896518 -0.00111008 -0.00387658 -0.00496929 0.00202506 0.000878732 -0.00619215 0.00383557 0.00534039 0.00250362 -0.00292286 -0.00673226 0.00348783 0.00406011 -0.00377194 -0.000701949 -0.00684272 -0.00176951 -0.0074349 -0.00880889 -0.00439698 0.00144838 -0.0138276 -0.000507982 0.000342365
internal_weight=122068 72322.2 49745.3 30911.2 24231.5 48090.8 17311 18863.7 15338.6 30779.8 3525.1 18834.1 16466.1 10282.4 28069.8 2709.97 1602.88 19282.6 17223.2 8481.76 1997.54 16836.5 1764.04 15072.5 9591.52 7977.08 8829.25 1842.87 1860.6 8787.2
internal_count=488482 289438 199044 123668 97040 192398 69255 75472 61369 123143 14103 75376 65920 41167 112301 10842 6413 77146 68907 33931 7993 67383 7059 60324 38392 31912 35324 7377 7446 35155
is_linear=0
shrinkage=0.05


Tree=9
num_leaves=31
num_cat=0
split_feature=33 25 8 25 7 41 33 10 39 39 15 41 39 12 30 8 10 24 40 17 41 33 28 28 16 24 40 41 12 40
split_gain=343.97 152.33 60.9404 53.5104 44.1986 34.9805 34.2867 34.196 32.1585 31.7466 30.176 39.4144 29.1843 27.4559 25.4448 24.7109 23.9786 24.6008 35.4991 27.7143 23.1619 27.5634 22.4054 25.0295 22.3288 22.2106 22.1148 21.126 20.5084 19.4174
threshold=-0.21211480349302289 0.83760020136833202 -0.60988110303878773 0.2389362454414368 -1.2822498083114622 1.0000000180025095e-35 0.45196717977523809 0.55646258592605602 -0.65933954715728749 -0.44228447973728174 -7.605038881301879 1.0000000180025095e-35 0.90444654226303112 -7.425783395767211 0.50826996564865123 1.1395745873451235 -0.22500406205654142 2.2929154634475712 0.38670727610588079 0.31381309032440191 0.6078576147556306 -0.40066845715045923 1.0429062843322756 -0.9027770161628722 -0.054572148248553269 2.3432246446609502 0.10018710792064668 -0.87837970256805409 -7.73838186264038 -0.73431551456451405
decision_type=2 2 2 2 2 2 2 2 2 2 2 2 2 2 2 2 2 2 2 2 2 2 2 2 2 2 2 2 2 2
left_child=2 3 12 10 -4 15 9 8 -6 -5 11 -2 14 -14 20 27 -11 18 -18 28 -1 -22 23 -7 -17 -10 -9 -3 -20 -26
right_child=1 5 4 6 7 22 -8 26 25 16 -12 -13 13 -15 -16 24 17 -19 19 -21 21 -23 -24 -25 29 -27 -28 -29 -30 -31
leaf_value=0.010231713992256426 0.0041078333809668249 -0.00045411086597576199 0.01021799839635819 0.0013265476369022399 0.0072048841508694566 0.00011346986150100672 -0.003805084634705096 0.0017545369210627102 0.00096082095208401561 0.00048072337737622311 0.0058275159967717052 -0.006248989157622481 -0.0012550693179048259 0.011812355345877289 0.0036051200896215999 -0.0066905457229834908 -0.0011697561618072363 0.0027314845821904865 -0.0092232608740274429 0.0025189296244289981 0.0083775437064401628 -0.001712399180009307 0.0031270649776972189 -0.0059867544439746664 -0.0061209326216048422 0.0087834992961250431 -0.0044964963754503132 -0.0068946541062832453 -0.003081643785192436 -0.016725394491473609
leaf_weight=7318.7064538151026 2265.6719585806131 1739.7863844484091 1700.7310820370913 17503.960766687989 3631.7568796128035 2496.1872844696045 8541.5660984963179 2757.6411729454994 9233.0845484733582 11220.828205227852 5036.9726721644402 1530.4943349808455 1896.329766780138 499.59383775293827 3222.5368695259094 2479.651231482625 10035.260510265827 2045.9062810689211 3848.8520732522011 861.0664621591568 2011.5175538659096 1013.1084107011557 1283.0297104418278 5139.8791214674711 622.62774789333344 996.75198021531105 2886.9593933671713 4753.1917638927698 2119.9709174633026 1528.3959747552872
leaf_count=29321 9066 6963 6812 70029 14536 9989 34176 11033 36951 44890 20156 6123 7595 2002 12913 9927 40146 8185 15399 3445 8060 4055 5134 20570 2493 3989 11551 19028 8482 6120
internal_value=0.000257323 -0.00149616 0.00426915 -0.000320979 0.00251084 -0.00530591 -0.000889934 0.00183396 0.00316922 -0.000366531 0.0032944 -7.31579e-05 0.00660222 0.0015075 0.00750024 -0.00717598 -0.00135017 -0.00243621 -0.00306435 -0.00584232 0.00870914 0.00500338 -0.00296819 -0.00399508 -0.00996831 0.00173086 -0.00144488 -0.00517227 -0.00705072 -0.0136984
internal_weight=122222 85053.3 37168.7 65010.6 21206.9 20042.7 56177.4 19506.2 13861.6 47635.8 8833.14 3796.17 15961.8 2395.92 13565.9 11123.7 30131.9 18911.1 16865.1 6829.89 10343.3 3024.63 8919.1 7636.07 4630.67 10229.8 5644.6 6492.98 5968.82 2151.02
internal_count=489139 340321 148818 260097 84872 80224 224752 78060 55476 190576 35345 15189 63946 9597 54349 44531 120547 75657 67472 27326 41436 12115 35693 30559 18540 40940 22584 25991 23881 8613
is_linear=0
shrinkage=0.05


Tree=10
num_leaves=31
num_cat=0
split_feature=6 34 34 35 40 39 13 13 34 31 15 15 39 10 10 5 22 13 34 24 10 9 34 40 28 8 42 30 9 33
split_gain=312.145 148.537 83.9852 53.6002 47.2689 36.7157 34.7933 38.6781 34.4583 32.6294 31.2355 27.4639 26.1956 26.1739 26.1252 24.7282 24.6449 24.4325 24.2769 22.0573 22.6649 22.0394 19.9765 19.2494 19.1092 17.9144 17.6153 17.5548 17.2725 17.1155
threshold=-0.39949469268321985 0.45798411965370184 -0.33332145214080805 0.30106934905052191 0.89297044277191173 -0.44228447973728174 -9.0238199234008771 -6.9966180324554434 0.62174230813980114 0.34068787097930914 -7.60906958580017 -7.5009052753448477 0.89686420559883129 1.430586636066437 1.6041210293769839 -0.30334582924842829 2.4151198863983159 -7.3528277873992911 -0.59404990077018727 1.4075485467910769 -0.20593309402465818 1.1588912010192873 -0.025965590029954907 0.79599440097808849 -0.30677403509616846 -1.4131836295127866 1.0000000180025095e-35 1.0000000180025095e-35 0.27407062053680425 -0.91131067276000965
decision_type=2 2 2 2 2 2 2 2 2 2 2 2 2 2 2 2 2 2 2 2 2 2 2 2 2 2 2 2 2 2
left_child=2 3 12 25 11 13 -3 8 24 17 16 -5 29 23 -13 22 26 19 -14 -7 28 -6 -11 -4 -8 27 -10 -2 -21 -1
right_child=1 6 5 4 21 9 7 -9 10 15 -12 14 18 -15 -16 -17 -18 -19 -20 20 -22 -23 -24 -25 -26 -27 -28 -29 -30 -31
leaf_value=0.010121071216665549 0.00022382407781602442 0.0065306974579095916 0.0023713312131642002 -0.0047040431578640818 -0.013717260077081867 -0.0057659797005480719 -0.0068197647727124364 -0.00024508809974403895 -0.0032615306592566292 0.014452625765643988 -0.012215520790724644 -0.0018339970988782072 0.006353852512991285 0.014828492975084477 0.0057059880678855812 -0.0019006311856704301 0.0034544503684636133 0.0038474790358580106 -0.0023204315299392847 0.00044195315178960094 -0.0029356465519017523 -0.0020722337425504258 0.0026053028334040176 0.012258883241908745 -0.0016886200303940523 0.00024028788327794108 -0.010865421999576871 -0.010194678525581436 0.011046773540144947 0.005835062337745292
leaf_weight=2788.3887623995543 789.31379622220993 548.83476804196835 5634.0877249985933 5684.2106987982988 1462.4403066784143 3474.8391523957253 4195.4449031949043 2392.4644902944565 1320.7384268045425 761.2934555709362 4349.7638600617647 4313.1156578212976 1467.0741076767445 520.59555126726627 1554.6339666247368 818.33647960424423 581.71677093207836 1700.0802529752254 1768.7280155569315 1106.9384364783764 3435.6210363656282 566.683006092906 670.37401686608791 530.56418265402317 3206.4472488462925 48610.773715406656 1827.9158814102411 818.03242649137974 578.59744007885456 14751.731400504708
leaf_count=11188 3159 2196 22544 22745 5854 13902 16794 9574 5287 3046 17419 17257 5881 2083 6220 3274 2329 6802 7081 4429 13745 2268 2682 2123 12834 194488 7322 3274 2315 59097
internal_value=-6.56568e-05 -0.00182814 0.00355613 -0.000685781 -0.00347136 0.00117407 -0.00578156 -0.00616305 -0.00707681 -0.000421148 -0.00933516 -0.0022303 0.00575948 0.00416395 0.000169997 0.00502009 -0.00595286 -0.00161394 0.00161984 -0.00269729 -0.000607931 -0.0104912 0.0089617 0.00324078 -0.00460227 6.80966e-05 -0.00769631 -0.00510875 0.00412597 0.0065218
internal_weight=122230 82222.5 40007.3 63799.2 13581.1 19231.3 18423.3 17874.5 15482 12546.1 8080.13 11552 20775.9 6685.25 5867.75 2250 3730.37 10296.1 3235.8 8596 5121.16 2029.12 1431.67 6164.65 7401.89 50218.1 3148.65 1607.35 1685.54 17540.1
internal_count=489212 329020 160192 255265 54344 76945 73755 71559 61985 50195 32357 46222 83247 26750 23477 9002 14938 41193 12962 34391 20489 8122 5728 24667 29628 200921 12609 6433 6744 70285
is_linear=0
shrinkage=0.05


Tree=11
num_leaves=31
num_cat=0
split_feature=33 25 11 39 7 40 41 10 33 10 40 41 41 8 40 39 17 40 26 25 31 11 25 11 24 12 11 23 23 12
split_gain=251.411 128.865 93.8299 51.75 45.2438 44.5331 42.7282 40.3372 37.2422 33.1562 40.1444 30.0103 44.7399 28.6682 27.9126 27.8444 27.0664 25.8927 29.0125 23.4602 23.2994 26.8833 22.0033 21.6403 21.4675 20.9741 20.8006 19.9628 19.3212 19.1115
threshold=-0.29898522794246668 0.83760020136833202 0.11799595877528192 -0.44228447973728174 -1.1130303144454954 0.51128822565078746 1.0000000180025095e-35 0.33901569247245794 0.50314214825630199 0.15829467028379443 0.45009414851665502 -0.60785761475563038 -0.87837970256805409 -0.72070422768592823 0.7743852734565736 -0.64611783623695362 0.29677684605121618 -0.074107784777879701 -0.28372198343276972 0.14006191492080691 -0.47953803837299341 0.74610313773155224 0.96092030405998241 2.9022744894027714 0.91339609026908886 -7.4635059833526602 0.31568711996078497 0.89787480235099804 0.83910524845123302 -7.638209104537963
decision_type=2 2 2 2 2 2 2 2 2 2 2 2 2 2 2 2 2 2 2 2 2 2 2 2 2 2 2 2 2 2
left_child=4 2 5 29 26 8 -3 15 16 10 11 12 -6 25 22 -7 19 23 -19 -2 -12 -22 -8 27 -18 -5 -1 -15 -17 -4
right_child=1 6 3 13 9 7 14 -9 -10 -11 20 -13 -14 17 -16 28 24 18 -20 -21 21 -23 -24 -25 -26 -27 -28 -29 -30 -31
leaf_value=0.0053984901172391582 0.00838947894596021 -0.0068633051014670493 -0.001396782030399368 -0.0011298698742613358 0.00018503906957606327 0.010839052210555717 0.00083361136664468006 -0.0016662889788881077 -0.0058025266020238645 0.00014138321858134961 0.017644574659154911 0.00038906040849501493 0.014061435534508738 -0.0022247466956710959 -0.0076197679907952509 0.0051636032573044825 0.0045257578534018553 -0.0073913184471177508 -0.00027674024969911656 0.0011583417882489635 0.0087042122340386715 -0.0037169356892483348 -0.0054799205983292855 0.0065253033804460667 -0.0045295400031020016 0.0093651334795275057 0.01060040757532129 -0.0098750136478673728 -0.0010163229541380737 0.0026304512551253777
leaf_weight=6487.6974818259478 1186.8168857991695 11156.180861771107 6268.3325262069702 2905.7292126715183 1162.6892887353897 1820.4485082775354 5307.6631316691637 2655.8369284570217 2331.2052075713873 7646.2846429347992 582.9185419678688 5765.3303679823875 1151.3451926708221 7543.7900611162186 1893.3859079182148 6802.1460141837597 800.14288690686226 8109.971163392067 1740.9588923752308 17975.884267389774 2875.2122718393803 507.27073688805103 1853.9526705890894 618.61332933604717 3423.1517574340105 558.9942282140255 2754.9337900429964 953.30943682789803 1549.4835148304701 5540.7381123453379
leaf_count=26021 4751 44679 25079 11626 4657 7287 21241 10626 9327 30603 2336 23088 4612 30180 7580 27219 3201 32452 6967 71919 11515 2031 7423 2475 13697 2237 11044 3815 6199 22169
internal_value=4.40051e-06 -0.00126206 -0.000281035 -0.00218544 0.00407399 0.00141081 -0.00479308 0.00381593 0.000210108 0.00271707 0.00435071 0.00232331 0.00712002 -0.00359531 -0.00223771 0.00524752 0.000811694 -0.00435893 -0.00613551 0.00161033 0.00846522 0.00683595 -0.000806157 -0.00243445 -0.00280729 0.00058546 0.0069588 -0.00309365 0.00401719 0.000493396
internal_weight=121930 92996.7 72785.6 34240.4 28933.7 38545.1 20211.2 12827.9 25717.2 19691.1 12044.8 8079.36 2314.03 22431.4 9055 10172.1 23386 18966.6 9850.93 19162.7 3965.4 3382.48 7161.62 9115.71 4223.29 3464.72 9242.63 8497.1 8351.63 11809.1
internal_count=488056 372149 291226 137000 115907 154226 80923 51331 102895 78842 48239 32357 9269 89752 36244 40705 93568 75889 39419 76670 15882 13546 28664 36470 16898 13863 37065 33995 33418 47248
is_linear=0
shrinkage=0.05


Tree=12
num_leaves=31
num_cat=0
split_feature=34 34 11 33 40 28 21 10 14 14 14 40 14 14 34 40 34 14 31 9 33 24 40 40 11 8 40 24 18 16
split_gain=280.097 112.768 66.6568 54.4231 52.0127 48.1513 35.6249 34.4529 29.3889 32.5666 28.1857 38.4472 31.876 27.1246 40.4955 32.6981 25.3586 24.6912 22.7112 22.5603 21.8879 21.8736 20.0645 24.6062 19.6651 30.6436 20.6089 19.2296 19.2126 18.7616
threshold=-0.17965880781412122 0.35001832246780401 -0.083481710404157625 -0.55199959874153126 0.99838215112686168 0.81116393208503734 0.15100777149200442 0.73310095071792614 -8.9199852943420392 -6.9497375488281241 -8.3131179809570295 -0.33791351318359369 -6.7871997356414786 -7.5688376426696768 0.03952376730740071 -0.074107784777879701 0.6464827060699464 -8.1435151100158674 -0.54581931233406056 -0.87658286094665516 0.10046954825520517 0.91339609026908886 0.18652226030826571 -0.79068204760551442 -1.0693461298942564 0.73765745759010326 -0.96703672409057606 1.3545644879341128 1.0565734505653384 0.19502348452806476
decision_type=2 2 2 2 2 2 2 2 2 2 2 2 2 2 2 2 2 2 2 2 2 2 2 2 2 2 2 2 2 2
left_child=3 2 7 22 5 13 -3 10 -8 16 -2 24 17 15 -15 -4 -10 -13 -5 -17 -19 -7 23 -1 28 26 -26 29 -12 -28
right_child=1 6 4 18 -6 21 8 -9 9 -11 11 12 -14 14 -16 19 -18 20 -20 -21 -22 -23 -24 -25 25 -27 27 -29 -30 -31
leaf_value=0.0082906775849696853 0.0076585605196223374 0.0038687033249093922 -0.0013606024797747727 0.0052622888738802047 -0.016569652286012846 -0.0039977543583653392 0.0064341245845754048 -0.0037701124070021359 -0.0044147690787805739 0.0001227833357351715 -0.010193528259698704 -0.0053648162712274516 -0.0048646362846701411 0.0033401577212690183 -0.0027061177573240594 0.003865719555280762 -0.0079898493471940221 0.0024995536173216437 0.0015748829537211341 -0.0064620594937848282 0.0070892335932513069 0.0077055906835908688 0.0087084428329630061 0.0021101985904096571 0.006395583768378882 0.011967601243912072 0.003660747879107534 -0.0072580819251806018 -0.00077815512253399228 -0.0064127792534181931
leaf_weight=2627.2432961910963 2179.0275409966707 1254.3198652863503 8986.2715748399496 5085.7200549095869 582.15156063437462 500.1833406239748 567.23665472865105 2633.088355883956 14665.134183496237 2764.1686805635691 1023.1303730458021 633.83613510429859 1066.3836107105017 4587.1374236941338 6955.1738398075104 562.17383624613285 7539.3724784106016 5347.5544599145651 23234.125040262938 7539.1185999363661 5072.8352988213301 1868.8639755994081 4954.0415297597647 4161.4257529526949 774.67185458540916 508.17471411824226 1420.3495137840509 1332.1004699319601 1143.095282331109 672.9310260862112
leaf_count=10538 8718 5019 35951 20365 2331 2001 2270 10534 58708 11062 4093 2536 4267 18352 27827 2249 30207 21398 93010 30166 20296 7477 19870 16690 3099 2033 5682 5329 4573 2692
internal_value=-6.42476e-07 -0.00167173 -0.000383349 0.00342674 -0.00188909 -0.00160814 -0.00433428 0.00161402 -0.00473857 -0.00499486 0.00228503 0.00166489 0.003358 -0.00217545 -0.0003024 -0.00343975 -0.00563171 0.00415491 0.0022387 -0.0057415 0.00473855 0.00522821 0.00628758 0.00451075 -0.00132083 0.000494959 -0.000918273 -0.00258615 -0.00525154 0.000407299
internal_weight=122241 82178.5 55388.3 40062.6 31581.1 30998.9 26790.2 23807.2 25535.9 24968.7 21174.1 18995.1 12120.6 28629.9 11542.3 17087.6 22204.5 11054.2 28319.8 8101.29 10420.4 2369.05 11742.7 6788.67 6874.45 4708.23 4200.05 3425.38 2166.23 2093.28
internal_count=489343 328870 221604 160473 126354 124023 107266 95250 102247 99977 84716 75998 48497 114545 46179 68366 88915 44230 113375 32415 41694 9478 47098 27228 27501 18835 16802 13703 8666 8374
is_linear=0
shrinkage=0.05


Tree=13
num_leaves=31
num_cat=0
split_feature=34 34 34 11 14 41 28 11 14 42 41 6 14 10 10 14 4 10 41 41 16 41 16 30 12 11 3 14 34 26
split_gain=288.285 114.007 56.8099 62.5206 48.1575 37.1611 34.4777 34.4638 34.4181 46.3704 33.0039 29.0042 27.5049 25.1712 24.9751 24.1039 24.4302 24.0516 23.0365 24.7833 23.4054 22.218 21.7929 26.2367 21.7796 18.585 18.3858 18.0115 18.0114 17.4313
threshold=0.11387085542082788 -0.35733801126480097 0.39661177992820745 0.10823967307806016 -7.5688376426696768 1.0000000180025095e-35 -1.0409873723983762 0.079251632094383254 -8.9199852943420392 1.0000000180025095e-35 -0.60785761475563038 -0.41985833644866938 -8.0924882888793928 -0.34901767969131464 0.81170403957366954 -8.0251846313476545 -0.26990824937820429 1.3738582730293276 -0.60785761475563038 -0.87837970256805409 -0.19521269202232358 -0.87837970256805409 -0.60054895281791676 1.0656641125679018 -7.8934097290039054 -1.1583511829376218 0.51347118616104137 -7.8462643623352042 0.84719592332839977 -2.1221772432327266
decision_type=2 2 2 2 2 2 2 2 2 2 2 2 2 2 2 2 2 2 2 2 2 2 2 2 2 2 2 2 2 2
left_child=1 11 3 14 7 8 -5 10 -4 15 21 18 -12 -11 -2 -10 -17 -8 19 -1 -20 25 -7 -24 -14 -3 -22 -27 -15 -9
right_child=2 4 5 6 -6 22 17 29 9 13 12 -13 24 28 -16 16 -18 -19 20 -21 26 -23 23 -25 -26 27 -28 -29 -30 -31
leaf_value=0.0052962807619330969 0.0019594333936610525 -0.0078626754999108484 0.0058472659443910262 -0.0065748874372250649 0.0024539427521145609 0.0039264295495957313 -0.0028493447585082191 -0.0051139964136781369 0.0031561129654826174 -0.0017639044814483824 -0.0048283857323687535 0.0011690692071475333 0.0036577264285410846 -0.010421576900826943 -0.0045586735210475472 0.0033936024563840797 -0.0067056769883449795 0.0040958281494588014 0.0016086892043191321 0.012286467195534716 0.0068944805339893646 0.0069826116995007738 -0.0042882972520445727 0.0041005497701735172 -0.002276365180467828 -0.0019902848233492032 0.00077773267393159711 0.010045180326714028 -0.019088521641590472 -0.0012892472217165768
leaf_weight=2750.3929970413446 11437.265132442117 526.24552652239799 528.32788360118866 5916.750600874424 20613.780114039779 1157.8263152390718 6831.7340089976788 4404.3080723285675 940.78744208812714 732.66467712819576 2841.5443444997072 4350.2046598494053 3564.2505489289761 4163.3323110342026 1676.4705591350794 676.27793385088444 4874.6801015585661 1515.080142468214 4393.2440969496965 2387.1148278564215 8409.8158877789974 3004.4248595833778 8127.2868561297655 1044.6412914544344 2716.2474508285522 708.74599784612656 1441.5861712098122 540.02824521064758 715.04736825823784 9192.9612017273903
leaf_count=11030 45758 2106 2114 23679 82487 4635 27337 17621 3768 2934 11369 17418 14261 16684 6708 2707 19526 6063 17607 9577 33734 12024 32540 4180 10868 2836 5776 2161 2869 36780
internal_value=-6.14645e-06 0.0020267 -0.00290734 -0.00136828 0.000627484 -0.00474102 -0.00365821 -0.000742071 -0.00655958 -0.00710556 0.00100825 0.00486186 -0.000755654 -0.0104327 0.00112331 -0.00421815 -0.00547138 -0.00158529 0.00568965 0.00856179 0.0046485 0.00436937 -0.00251313 -0.00332942 0.00109176 -6.8179e-05 0.00600109 0.00325287 -0.0117284 -0.00253097
internal_weight=122183 71844.9 50338.2 27377.3 48112.5 22960.9 14263.6 27498.8 12631.1 12102.8 13901.5 23732.4 9122.04 5611.04 13113.7 6491.75 5550.96 8346.81 19382.2 5137.51 14244.6 4779.44 10329.8 9171.93 6280.5 1775.02 9851.4 1248.77 4878.38 13597.3
internal_count=489157 287655 201502 109545 192513 91957 57079 110026 50602 48488 55625 95142 36498 22487 52466 26001 22233 33400 77724 20607 57117 19127 41355 36720 25129 7103 39510 4997 19553 54401
is_linear=0
shrinkage=0.05


Tree=14
num_leaves=31
num_cat=0
split_feature=34 34 16 10 14 41 30 34 23 24 10 41 7 17 13 22 13 41 28 20 14 34 31 41 22 14 41 23 41 16
split_gain=258.816 114.736 32.0439 30.9397 45.8189 27.4881 27.4172 37.202 24.6416 26.5527 24.1449 22.9155 27.3877 28.6134 23.3802 22.2306 22.1274 29.9524 24.1839 21.1775 20.8046 28.3217 24.8258 20.6267 21.475 20.5218 28.1832 20.3662 19.8405 27.4698
threshold=-0.33332145214080805 0.46547673642635351 -0.13315939158201215 -0.22500406205654142 -7.1888680458068839 1.0000000180025095e-35 0.57703185081481945 -0.59404990077018727 0.045028811320662505 3.2205989360809331 0.53443205356597911 -0.60785761475563038 0.66461613774299633 0.19644515216350558 -6.9837100505828849 1.434759318828583 -9.0238199234008771 -0.87837970256805409 0.2874820232391358 0.64090943336486828 -7.803931236267089 0.03952376730740071 0.18530406802892688 -1.0000000180025095e-35 1.8038555383682253 -7.7186210155487052 -0.60785761475563038 0.82060927152633678 -0.60785761475563038 0.22040956467390063
decision_type=2 2 2 2 2 2 2 2 2 2 2 2 2 2 2 2 2 2 2 2 2 2 2 2 2 2 2 2 2 2
left_child=2 3 -1 11 8 16 7 -4 -5 10 -10 14 27 -14 20 -6 -3 18 -18 -12 -2 -22 -23 24 -8 26 -9 -13 29 -19
right_child=1 5 6 4 15 -7 23 25 9 -11 19 12 13 -15 -16 -17 17 28 -20 -21 21 22 -24 -25 -26 -27 -28 -29 -30 -31
leaf_value=0.0023066260347941701 0.0015336108863903057 0.0036250730796602289 0.010672534126866518 0.0052240644373664855 4.7031940237835849e-05 -0.0026395333927042262 0.0048669788376017225 0.0081900791380019079 -0.0010681293913345014 0.0089640249291815938 -0.010655603853564009 0.0002350594562283542 -0.0018892088060915011 -0.013863987623150617 -0.0054777452398862472 0.005168682600185175 -0.0062535473586388009 -0.0093889347093912695 0.0035906902620562553 -0.0031273367398886166 0.011000451845516434 -0.0037110677297493046 0.0090571248919860316 0.0048505315477526756 -0.0080987855823055118 0.0078274312319850242 -0.00092740478038478831 0.0053095850405203444 -0.0071654280604493683 -0.022942826177527225
leaf_weight=10271.133932352066 3805.7683808505535 499.82868692278862 4545.215583100915 1200.7429209053516 5077.2036484777927 8191.3683197647333 531.93283386528492 1300.1706534028053 22064.239965170622 533.33819986879826 982.76370438933372 14578.610717624426 3060.0818764567375 587.10940533876419 692.97775354981422 3626.2271052598953 1672.0996291488409 1357.3511770218611 983.46534870564938 16482.302709236741 1883.3448946028948 867.98538884520531 662.79337450861931 2666.6994212716818 770.344153881073 3072.8280579447746 2395.6270525753498 2277.6777330487967 4805.146574229002 522.68396756052971
leaf_count=41160 15230 2000 18258 4805 20316 32800 2132 5213 88287 2134 3933 58336 12244 2349 2773 14510 6699 5444 3939 65959 7538 3473 2652 10693 3090 12314 9597 9113 19263 2097
internal_value=-3.23392e-06 -0.00118907 0.00446964 -0.000361546 -0.0011106 -0.00478404 0.00592088 0.00717475 -0.00180596 -0.00201791 -0.00216831 0.000955508 7.29992e-05 -0.0038495 0.00323925 0.00218442 -0.00656464 -0.0071132 -0.00260803 -0.00355681 0.00408234 0.00691066 0.00184018 0.00233757 -0.00280601 0.00481367 0.00229354 0.000923488 -0.00889622 -0.0132586
internal_weight=121969 96415.1 25554 78383.2 49966.8 18031.9 15282.8 11313.8 41263.4 40062.6 39529.3 28416.3 20503.5 3647.19 7912.87 8703.43 9840.58 9340.75 2655.56 17465.1 7219.89 3414.12 1530.78 3968.98 1302.28 6768.63 3695.8 16856.3 6685.18 1880.04
internal_count=488351 385894 102457 313652 199944 72242 61297 45382 165118 160313 158179 113708 82042 14593 31666 34826 39442 37442 10638 69892 28893 13663 6125 15915 5222 27124 14810 67449 26804 7541
is_linear=0
shrinkage=0.05


Tree=15
num_leaves=31
num_cat=0
split_feature=25 33 11 41 33 41 14 17 17 8 15 31 41 13 14 8 14 33 35 35 41 41 35 13 22 9 8 10 42 8
split_gain=186.881 107.334 57.8822 52.8078 44.7313 47.0098 44.9433 34.8473 31.3561 31.3056 26.3311 25.7084 25.1461 34.179 23.2703 23.0769 22.8812 21.9251 27.2265 29.8037 21.7931 40.2096 26.5899 24.8699 20.7805 20.2193 23.1932 20.2172 19.8487 31.2231
threshold=0.83760020136833202 -0.55199959874153126 0.46472950279712683 1.0000000180025095e-35 0.38216932117939001 0.6078576147556306 -8.1605420112609846 0.60186505317687999 0.2106936797499657 0.4851334840059281 -7.600935459136962 -0.32965710759162897 -0.87837970256805409 -8.9701948165893537 -7.5688376426696768 -1.0636393427848814 -8.3394055366516096 -0.038480108603835099 0.58384951949119579 0.29572972655296331 -0.60785761475563038 -0.87837970256805409 -0.23356561362743375 -7.4110274314880362 1.2547332644462588 0.71788182854652416 1.8394151926040652 1.0609987974166872 1.0000000180025095e-35 -0.82917550206184376
decision_type=2 2 2 2 2 2 2 2 2 2 2 2 2 2 2 2 2 2 2 2 2 2 2 2 2 2 2 2 2 2
left_child=1 20 4 12 5 11 16 -5 9 14 15 -3 -2 -14 -4 -8 -7 18 19 -16 21 -1 -22 -24 -19 -15 -27 28 -13 -30
right_child=3 2 8 7 -6 6 10 -9 -10 -11 -12 27 13 25 17 -17 -18 24 -20 -21 22 -23 23 -25 -26 26 -28 -29 29 -31
leaf_value=0.0034860864689238999 -0.00279552893501059 0.0049760034852570521 -0.0024223051037267004 -0.0023216840803485577 -0.0023880524356121647 -0.0027728612497644987 -0.010799246776029761 0.010368597505721302 0.0031683463571134727 -0.005100374243747788 0.0017275238837807802 0.0011538675453436427 0.0033544733498301819 -0.0057111298966787752 0.0048206519850344789 -0.0013531592755106786 -0.017224683230001391 0.0028700048097108832 0.014497679464817934 -0.0066127849442732664 0.0060395371541940848 0.014441267677462191 -0.0019665046664154545 0.0077105505730974636 -0.0045457724285157966 -0.012345147496682442 -0.0012633159697523469 -0.003567478456727979 0.010876570071212932 0.0028574630725643523
leaf_weight=1785.9221127480268 3095.051513671875 9049.438784301281 12505.937373444438 8568.4779307246208 7614.5116849839687 527.32198928296566 762.54200665652752 567.53505346179008 3181.2454656213522 6467.4390729218721 8786.3580936789513 16297.177992135286 598.11408813297749 2902.5506218075752 2393.50040102005 3990.3960889875889 570.29072089493275 1589.972074508667 508.24196210503578 737.74779748916626 5743.9053445756435 1581.6649755239487 2596.4891007840633 880.91328725218773 2298.9933784604073 4096.6851052641869 536.22445841133595 1579.9270916134119 1399.9157479256392 8846.4750385135412
leaf_count=7168 12398 36237 50051 34310 30471 2110 3053 2271 12731 25887 35167 65226 2394 11635 9582 15967 2282 6362 2034 2952 23072 6354 10404 3531 9200 16432 2152 6322 5607 35403
internal_value=2.2699e-05 0.000898284 0.000287487 -0.00434807 0.00118809 0.00171403 -0.000685835 -0.00152288 -0.00151527 -0.00207847 0.000106269 0.00265891 -0.00664334 -0.00810231 -0.00110089 -0.00288814 -0.0103694 0.0010945 0.00387864 0.00211436 0.005218 0.00865896 0.00395336 0.000500017 -0.00151431 -0.00901491 -0.011068 0.00191183 0.00223919 0.00396261
internal_weight=122061 101696 89107.4 20364.6 59424.4 51809.8 14636.9 9136.01 29683.1 26501.8 13539.3 37172.9 11228.6 8133.57 20034.4 4752.94 1097.61 7528.46 3639.49 3131.25 12588.9 3367.59 9221.31 3477.4 3888.97 7535.46 4632.91 28123.5 26543.6 10246.4
internal_count=488765 407173 356644 81592 237845 207374 58579 36581 118799 106068 54187 148795 45011 32613 80181 19020 4392 30130 14568 12534 50529 13522 37007 13935 15562 30219 18584 112558 106236 41010
is_linear=0
shrinkage=0.05


Tree=16
num_leaves=31
num_cat=0
split_feature=34 11 40 6 34 24 11 12 40 23 12 39 15 24 35 30 14 10 40 28 34 13 6 7 16 16 33 10 15 39
split_gain=195.814 57.7351 45.1275 40.7713 37.1039 35.2917 34.5323 38.1632 36.4063 32.9056 39.0427 29.1059 28.8298 28.2919 27.2142 29.4626 26.8133 25.8391 29.6214 25.2176 24.664 24.5896 24.2182 23.531 23.4517 22.922 22.0179 20.3067 21.4868 27.2462
threshold=-0.17965880781412122 0.18558882176876071 0.45009414851665502 -1.324910521507263 0.49646462500095373 2.5110578536987309 0.60440796613693248 -7.5131449699401847 0.40274286270141607 0.92762604355812084 -8.5365705490112287 -0.38670727610588068 -7.6931385993957511 1.0734583735466006 0.26049029827117925 1.0656641125679018 -7.0680711269378653 0.73310095071792614 -0.30486139655113215 0.85330691933631908 -0.64494773745536793 -8.5927715301513654 0.71348336338996898 -0.49015037715435023 -0.60790428519248951 0.053408715873956687 0.44447891414165502 -0.3593133389949798 -7.9466865062713614 -0.27143786847591395
decision_type=2 2 2 2 2 2 2 2 2 2 2 2 2 2 2 2 2 2 2 2 2 2 2 2 2 2 2 2 2 2
left_child=3 4 9 20 17 14 8 -8 12 10 -3 -10 27 -13 -4 -16 -14 18 -2 24 -1 -11 -7 -15 -12 -19 -21 28 29 -5
right_child=1 2 5 6 -6 22 7 -9 11 21 19 13 16 23 15 -17 -18 25 -20 26 -22 -23 -24 -25 -26 -27 -28 -29 -30 -31
leaf_value=0.0081811589925744905 -0.00098393669002795549 -0.0062211712736091104 -0.003218667760002561 0.0079917654828323414 -0.0036234395178668453 0.0058282161104528905 -0.003062958021686974 0.0055591859405392414 0.0098200864839379561 0.0043909625223308947 0.0051943674538088153 -0.0045099342796018852 0.0043653616136826879 0.0073716904835157311 -0.0090518844086094983 0.0022233362744745796 -0.0015646824603720334 -0.0013368969641222236 0.002223333771886475 0.007582720726467135 0.0027951141226791108 -0.0071589552073661857 -0.0073089262548239227 -2.7866980270800456e-05 -0.0013736480857883409 -0.010339555532396244 -0.002319820367847507 0.0019956481362813044 -0.0082041031522972485 -0.0056178506043787872
leaf_weight=4781.300538867712 11783.691876798868 2986.6564567238092 4856.0383508056402 625.98095767199993 6675.316979020834 1114.1537706851959 5645.0420147627592 1650.409443706274 2628.121031165123 519.73558078706264 1480.3978766202927 924.11360682547092 7866.4290054142475 3327.5278294980526 6603.4487325102091 631.15185196697712 2509.1097093075514 3748.5879374146461 18474.713703796268 1783.2023846954107 3847.625761911273 3682.4705463051796 500.32925315201283 1584.3690700531006 15434.311764881015 862.60539504885674 811.47050233185291 2281.9607497602701 1605.5103659033775 861.95682170987129
leaf_count=19233 47146 11953 19433 2508 26754 4459 22601 6611 10534 2082 5924 3702 31510 13334 26456 2527 10050 15001 73931 7136 15431 14759 2004 6344 61775 3452 3251 9138 6431 3452
internal_value=-0.000118759 -0.00152015 -0.00286567 0.00274198 -0.000211229 -0.00519711 0.00190695 -0.00110748 0.00281521 -0.00166737 -0.000907508 0.00545809 0.00139243 0.00348032 -0.00612371 -0.00806651 0.00293118 0.000442845 0.000974397 -9.12778e-05 0.00578554 -0.00572341 0.00173708 0.0049897 -0.000796077 -0.00303973 0.00448874 -0.00157756 -0.00421136 0.000122894
internal_weight=122088 81948.3 40403.4 40139.5 41544.9 13705.1 31510.5 7295.45 24215.1 26698.2 22496 8464.13 15750.9 5836.01 12090.6 7234.6 10375.5 34869.6 30258.4 19509.4 8628.93 4202.21 1614.48 4911.9 16914.7 4611.19 2594.67 5375.41 3093.45 1487.94
internal_count=488922 328043 161759 160879 166284 54879 126215 29212 97003 106880 90039 33914 63089 23380 48416 28983 41560 139530 121077 78086 34664 16841 6463 19678 67699 18453 10387 21529 12391 5960
is_linear=0
shrinkage=0.05


Tree=17
num_leaves=31
num_cat=0
split_feature=23 34 6 11 10 30 25 0 17 31 5 11 9 41 15 25 17 15 34 30 41 16 17 35 29 11 34 17 19 35
split_gain=200.943 86.7778 44.8583 40.4112 35.9464 33.4589 34.6691 29.7804 29.4381 27.2613 24.3192 24.2281 23.379 23.0713 26.9532 22.6437 21.5148 21.4409 20.3095 21.0001 20.6897 19.2527 19.6191 20.9352 18.8693 18.3135 23.6992 17.9762 17.0654 17.0402
threshold=0.22020179778337481 0.5207071602344514 -0.882318615913391 0.16553718596696856 0.71985062956810009 -0.57953250408172596 0.22789117693901065 -2.6807014942169185 0.60186505317687999 0.4110980778932572 -0.74345171451568592 0.70572859048843395 1.7770223021507265 0.6078576147556306 -7.8159115314483634 0.87675055861473095 -0.60991889238357533 -7.664778232574462 -0.49457661807537073 0.445751503109932 0.6078576147556306 -0.0088743888773024065 -0.47490783035755152 0.34464319050312048 -0.35969826579093928 -0.57003843784332264 -0.14692679047584531 0.26371447741985327 0.98183822631835949 0.072555288672447218
decision_type=2 2 2 2 2 2 2 2 2 2 2 2 2 2 2 2 2 2 2 2 2 2 2 2 2 2 2 2 2 2
left_child=2 3 7 4 13 -5 -7 -1 -3 -10 -8 17 -12 15 25 28 -6 -4 19 20 -9 22 -18 -24 -19 -15 -27 -20 29 -2
right_child=1 8 11 5 16 6 10 18 9 -11 12 -13 -14 14 -16 -17 21 24 27 -21 -22 -23 23 -25 -26 26 -28 -29 -30 -31
leaf_value=0.016092826969820419 0.00081426169524177131 -0.0052871984867465353 -0.00015189335271507625 -0.0035119483171022238 0.0014125403071935901 0.0065166741733514444 0.0038863267708944952 0.0099102328036383726 -0.0046210490196554859 0.011522883277313316 -0.002139328442897488 -0.0020770715098661773 0.0068542647365693477 1.9207850864149683e-05 0.00033148712135382358 -0.0040893417670844366 -0.011496404990929292 0.0079356425077403477 0.0019249246935273549 0.0022679214839339363 0.0035884127903857408 -0.011851631616684356 0.0050480444184265762 -0.005922537842358265 0.0021104503928488952 -0.017834461269979084 -0.004391716880619765 0.010611463631239002 0.0048253270749752612 0.0042781993552737339
leaf_weight=628.92554615437984 17493.268434017897 13686.553212419152 3675.9425579160452 15351.865550041199 1453.9248502701521 1649.0977690815926 2197.3297825008631 4477.3895096480846 515.46470990777016 512.35422147810459 15213.294956415892 3463.4240514785051 749.01284615695477 874.98736210167408 9079.3560886085033 1551.5085722953081 551.73325604200363 2543.6062385737896 5537.5936272740364 2076.2191425859928 1841.1365999877453 948.88808953762054 815.98554570972919 908.58224610984325 3073.6493505090475 500.03255695104599 944.84359700977802 658.57818312942982 4739.0152941197157 4446.8033633083105
leaf_count=2530 70027 54878 14723 61449 5819 6603 8794 18003 2064 2052 60891 13865 2998 3501 36336 6213 2208 10193 22181 8344 7398 3798 3265 3637 12311 2001 3780 2638 18966 17793
internal_value=-4.32797e-05 -0.00114855 0.00367672 -0.000495227 0.000509142 -0.0017607 -0.000402394 0.00550895 -0.00467426 0.00345998 -0.00103396 0.0014881 -0.00171329 0.000998738 -0.000899234 0.00176517 -0.00363079 0.00281758 0.00504204 0.00664447 0.00807672 -0.00590167 -0.00338041 -0.00073259 0.00475763 -0.00569671 -0.00913449 0.00286381 0.00210704 0.00151796
internal_weight=122160 94183.9 27976.5 79469.5 44308.9 35160.6 19808.7 15219.8 14714.4 1027.82 18159.6 12756.6 15962.3 39629.8 11399.2 28230.6 4679.11 9293.2 14590.9 8394.75 6318.53 3225.19 2276.3 1724.57 5617.26 2319.86 1444.88 6196.17 26679.1 21940.1
internal_count=489259 377073 112186 318079 177344 140735 79286 61094 58994 4116 72683 51092 63889 158617 45618 112999 18727 37227 58564 33745 25401 12908 9110 6902 22504 9282 5781 24819 106786 87820
is_linear=0
shrinkage=0.05


Tree=18
num_leaves=31
num_cat=0
split_feature=34 34 11 39 28 35 35 29 28 11 13 24 13 31 14 39 42 33 1 15 36 30 22 10 20 6 11 14 24 15
split_gain=164.745 68.1284 45.7148 41.567 40.1711 29.0374 29.0263 28.243 26.5828 30.4623 25.5377 24.4638 25.9826 30.0743 21.9784 21.8576 21.3044 20.7404 20.5859 19.9741 19.9318 18.5609 18.2374 17.3723 18.2589 18.2525 22.8878 21.2134 18.1995 16.9238
threshold=-0.17965880781412122 0.39661177992820745 0.18558882176876071 0.89686420559883129 -1.144093334674835 0.62879261374473583 0.0087037668563425558 -0.43298241496086115 -1.7698208689689634 -0.22819872200489041 -6.7162702083587638 2.4881249666213994 -7.4110274314880362 -0.40857338905334467 -8.9199852943420392 0.56999135017395031 -0.56174489110708226 -0.2615815252065658 0.35461361706256872 -7.5268762111663809 0.9754493534564973 -1.4661503434181211 1.5196732878685 -0.59017425775527943 1.4631727337837221 -0.30208249390125269 -0.53281664848327626 -7.2207667827606192 0.90411305427551281 -7.4710328578948966
decision_type=2 2 2 2 2 2 2 2 2 2 2 2 2 2 2 2 2 2 2 2 2 2 2 2 2 2 2 2 2 2
left_child=3 2 8 7 17 -6 11 15 9 -2 14 12 13 -5 -3 -1 -17 -4 -19 -7 -10 -15 -20 25 28 26 27 -9 -25 -27
right_child=1 10 4 6 5 19 -8 23 20 -11 -12 -13 -14 21 -16 16 -18 18 22 -21 -22 -23 -24 24 -26 29 -28 -29 -30 -31
leaf_value=0.0059099870911393827 0.0053569370799470195 0.0056429034566369204 0.0017382032809133319 0.002800775135820588 -0.0011242201510416419 -0.0010441168329782011 -0.0090503716057148357 0.0059699714968164423 -0.00062242282533601912 -0.001894589163960814 0.0033443635361152268 0.01059378709912329 0.0074110136341198774 0.001394178520364546 -0.0043220104183051035 -0.0056168349937427914 0.0037491632125202542 -0.0066401451899800682 -0.000388454087669456 0.0092035375954660614 0.0031373793633047969 -0.0090094154312331445 -0.0094974868561929181 -0.0060413968647243547 -0.002042378974058704 -0.0031375045766657964 0.0091324976614732059 -0.0031604211812742474 0.0028637642829213643 0.0046789491927806117
leaf_weight=11479.063021957874 5494.1611628085375 560.00184118747711 1307.6466521918774 1513.404269978404 13767.160219579935 765.07893489301205 988.68094156682491 1610.512639015913 20030.167338192463 1959.5447295308113 1222.9125690162182 506.31534576416016 769.56785880029202 575.42534612119198 21074.219339847565 838.46086260676384 2126.5418682098389 6500.354555234313 3121.38773830235 1238.2926325947046 4267.3430868834257 1644.0741369873285 657.13524881005287 613.67265556752682 3833.5319626629353 1457.3249746859074 2405.4084662497044 1039.1652312725782 7249.4670109003782 1301.5973113030195
leaf_count=46070 21985 2241 5232 6070 55093 3062 3958 6460 80149 7841 4895 2029 3086 2305 84485 3364 8533 26017 12494 4956 17075 6587 2630 2457 15367 5834 9646 4168 29032 5212
internal_value=-6.3407e-05 -0.00134659 -0.00044996 0.00256883 -0.00194763 -0.000304751 -0.00126687 0.00324651 0.000840653 0.00345056 -0.00366406 0.000284487 -0.000895729 -0.00262346 -0.00406158 0.00492213 0.00109061 -0.00418159 -0.00493564 0.00530425 3.89258e-05 -0.00631803 -0.00199352 0.00200414 0.000783451 0.00382802 0.00561043 0.00239074 0.00216198 0.000553702
internal_weight=121918 81965.4 59108.3 39952.2 27357.1 15770.5 5997.47 33954.7 31751.2 7453.71 22857.1 5008.79 4502.47 3732.9 21634.2 14444.1 2965 11586.5 10278.9 2003.37 24297.5 2219.5 3778.52 19510.7 11696.7 7814.01 5055.09 2649.68 7863.14 2758.92
internal_count=488333 328155 236534 160178 109484 63111 24035 136143 127050 29826 91621 20077 18048 14962 86726 57967 11897 46373 41141 8018 97224 8892 15124 78176 46856 31320 20274 10628 31489 11046
is_linear=0
shrinkage=0.05


Tree=19
num_leaves=31
num_cat=0
split_feature=34 34 34 11 17 26 21 40 33 40 15 39 11 40 28 17 9 15 15 40 11 41 40 39 13 34 11 8 31 41
split_gain=186.882 68.6774 40.5057 47.5556 42.9869 33.9695 30.9977 31.3521 30.45 29.1727 25.8897 25.7337 26.8833 28.2849 27.3974 25.0269 24.1842 30.0809 26.3859 25.7255 22.5424 22.3733 21.4755 21.0865 21.0798 19.8148 22.525 19.5929 19.5128 19.6591
threshold=0.14067068696022036 -0.38148729503154749 0.62174230813980114 0.21497204154729846 0.58228600025177013 -0.45975038409233088 0.47760581970214849 -0.82163912057876576 -0.025142326951026913 -0.99655601382255543 -7.4549050331115714 -0.45786954462528223 -0.35374426841735834 0.99085646867752086 -1.9162203073501585 -0.044509679079055779 -0.24161580950021741 -7.127718210220336 -7.7787961959838858 0.62591752409935009 -0.80031406879425038 -0.60785761475563038 0.9117533564567567 0.03053822182118893 -7.3450307846069327 -0.038953680545091622 0.4861512184143067 -0.9099590778350829 -0.14605303853750226 0.6078576147556306
decision_type=2 2 2 2 2 2 2 2 2 2 2 2 2 2 2 2 2 2 2 2 2 2 2 2 2 2 2 2 2 2
left_child=1 8 3 6 21 22 -2 23 28 -3 -7 15 13 14 -13 27 17 18 -16 -20 -18 -4 -5 -8 -14 -26 -27 -11 -1 -30
right_child=2 9 4 5 -6 10 7 -9 -10 11 -12 12 24 -15 16 -17 20 -19 19 -21 -22 -23 -24 -25 25 26 -28 -29 29 -31
leaf_value=0.0052777638626998998 0.0031901027781983922 0.0078922149808607466 -0.010435672229853058 -0.0042735747295033714 0.0053540041429733579 -0.0033294550112573582 -0.010465145096860964 -7.6982845319640365e-05 -0.0044011280300832092 0.01223200431314001 0.0029888363153797331 0.005144948503343647 -0.0021682126884329726 0.010120037786966803 -0.002879047084597131 0.00020217776144469706 -0.0065572990568982872 -0.006783490380900566 0.0031739505556372741 0.013890529175086595 0.0013182722033935241 -0.0048000009399472385 -0.010558833635634111 -0.0012987112242339386 0.0053969758210748887 0.004329528614126053 -0.0094168130022952053 0.0031883319805683808 0.0038559565151773641 -0.0023908525986309345
leaf_weight=15076.101148635149 5570.6701463907957 1321.9854708760977 2400.1069673150778 10217.283148676157 859.70956751704216 3796.0220567435026 1357.9626855403185 10861.84918217361 1040.4951397776604 640.385268419981 2814.8462523519993 2700.4766592681408 18006.583128005266 862.37648944556713 1084.5915974825621 10097.408854484558 2374.9466688632965 826.64186689257622 1920.1840931028128 785.79100281000137 1463.1300047934055 6704.8908635377884 1566.142105191946 1164.8459098339081 1928.1132872700691 566.13698947429657 609.1097766160965 7858.9849579185247 3913.4959656149149 1846.810175165534
leaf_count=60559 22293 5290 9638 40917 3443 15202 5436 43481 4166 2564 11270 10809 72055 3452 4340 40415 9505 3309 7685 3146 5855 26899 6279 4663 7717 2265 2437 31458 15707 7406
internal_value=4.8924e-06 0.00155842 -0.00245498 -0.00169846 -0.00528598 -0.00350887 5.92793e-05 -0.00124517 0.00391499 0.000585999 -0.000638734 0.000397777 -0.000437835 0.00144914 0.000770389 0.00188576 -0.0006312 0.00180531 0.00369126 0.00632563 -0.00355939 -0.0062954 -0.0051172 -0.0062546 -0.00151229 0.0022883 -0.0028143 0.0038833 0.00433218 0.0018525
internal_weight=122238 74923.7 47314.3 37349.6 9964.71 18394.3 18955.3 13384.7 21876.9 53046.8 6610.87 51724.9 33128.1 12018.1 11155.8 18596.8 8455.29 4617.21 3790.57 2705.98 3838.08 9105 11783.4 2522.81 21109.9 3103.36 1175.25 8499.37 20836.4 5760.31
internal_count=489661 300140 189521 149541 39980 73668 75873 53580 87838 212302 26472 207012 132575 48101 44649 74437 33840 18480 15171 10831 15360 36537 47196 10099 84474 12419 4702 34022 83672 23113
is_linear=0
shrinkage=0.05


Tree=20
num_leaves=31
num_cat=0
split_feature=34 15 35 40 40 35 40 40 14 15 41 28 42 14 25 42 35 34 40 35 17 41 29 15 17 31 42 10 14 29
split_gain=146.942 44.3031 37.6888 103.97 36.7056 34.9956 38.2912 37.287 33.7202 30.5932 29.733 32.4647 31.3746 39.7328 32.4583 28.9362 28.5136 27.751 27.7126 30.477 26.4336 25.4121 23.7868 23.206 22.9756 35.9486 24.281 31.3013 22.8498 22.3849
threshold=0.065684724599123015 -6.7399990558624259 -0.24867805093526837 0.49621178209781652 0.99838215112686168 0.1980291083455086 -0.3214364200830459 0.45009414851665502 -7.563302516937255 -7.5345747470855704 1.0000000180025095e-35 1.0429062843322756 1.0000000180025095e-35 -8.9199852943420392 0.69175791740417492 1.0000000180025095e-35 0.29064002633094793 -0.39501540362834925 0.87671843171119701 -0.023603870533406731 0.52926701307296764 1.0000000180025095e-35 -0.49402122199535364 -7.4298400878906241 -0.31577098369598383 -0.28508672118186945 1.0000000180025095e-35 0.33901569247245794 -8.4613456726074201 -0.47153441607952112
decision_type=2 2 2 2 2 2 2 2 2 2 2 2 2 2 2 2 2 2 2 2 2 2 2 2 2 2 2 2 2 2
left_child=1 2 3 15 5 6 28 10 18 -8 12 29 22 -14 -15 -1 -9 -3 -4 -20 -18 -21 -7 -11 -10 26 -26 -28 -2 -12
right_child=4 17 8 -5 -6 7 9 16 24 23 11 -13 13 14 -16 -17 20 -19 19 21 -22 -23 -24 -25 25 -27 27 -29 -30 -31
leaf_value=-0.00086621947797023814 0.0051892477323731354 0.017064381592594789 -0.00016755543472792459 0.0071122648171226422 -0.011365117002230161 0.0081981780326850894 0.004246695150110954 0.00030710382115284665 -0.0013822407595203473 -0.00678433646013131 0.0066158010121407408 0.0078385488139689225 0.0073472227070396556 0.00031134014711932335 -0.0087308312491626971 0.0030128379443853087 -0.0070629650635410397 0.0048547660627012556 -0.00050932953920112644 -0.0051953809832071471 0.0025926098522181511 -0.01772310984881445 -0.0017158622219437269 0.00072567872740040131 0.0047138492805231871 0.0013571312838228391 0.0050037124881021884 0.022367323980271515 -0.0037546686410853121 -0.001510379990965443
leaf_weight=12270.53260846436 786.15838128328323 650.55335719883442 18539.854012131691 9006.3410154283047 1000.5213601589203 665.15807777643204 5851.8654275387526 2014.6702304184437 3251.4378463923931 1261.287847623229 942.26817257702351 1296.6857952326536 533.73007595539093 1261.2417264580727 4635.8055094629526 7891.3054973781109 8456.5250837653875 1620.6074528098106 1930.4423440247774 1188.3826897889376 768.59025272727013 614.52287277579308 5819.1864962130785 5381.4293360710144 2085.2676913142204 6533.0589106380939 507.5268337726593 537.50754679739475 7016.3248774558306 7695.0809923708439
leaf_count=49199 3146 2614 74220 36139 4012 2663 23420 8068 13018 5048 3771 5191 2136 5049 18604 31652 33910 6487 7731 4758 3078 2460 23319 21538 8354 26152 2033 2153 28077 30816
internal_value=-1.85975e-05 0.00156332 0.00132038 0.00264905 -0.00192151 -0.00174572 -0.000101881 -0.00272418 0.000218572 0.0016139 -0.00156319 0.000493254 -0.00314411 -0.00561594 -0.00679967 0.000652777 -0.00508084 0.00841157 -0.000959961 -0.00488409 -0.00625657 -0.00953968 -0.000687832 -0.000708342 0.00225027 0.00347267 0.0078695 0.0140619 -0.00284801 -0.000617251
internal_weight=122014 66627.3 64356.2 29168.2 55386.5 54386 20297.1 34088.9 35188 12494.6 22849.2 9934.03 12915.1 6430.78 5897.05 20161.8 11239.8 2271.16 22273.2 3733.35 9225.12 1802.91 6484.34 6642.72 12914.8 9663.36 3130.3 1045.03 7802.48 8637.35
internal_count=488816 266970 257869 116990 221846 217834 81229 136605 140879 50006 91549 39778 51771 25789 23653 80851 45056 9101 89169 14949 36988 7218 25982 26586 51710 38692 12540 4186 31223 34587
is_linear=0
shrinkage=0.05


Tree=21
num_leaves=31
num_cat=0
split_feature=34 34 41 11 40 40 40 41 41 29 11 12 40 24 12 10 21 28 24 11 8 8 10 15 42 28 40 40 9 20
split_gain=124.928 50.7076 35.8959 33.5482 46.3545 32.7829 32.2096 28.1843 41.7451 30.963 30.2631 28.4515 27.1106 28.4055 26.2102 32.0673 29.0974 25.3858 24.7471 24.2321 31.2194 21.2718 20.8706 20.5212 26.9691 26.7734 27.5941 24.9545 23.4613 20.5189
threshold=-0.24213757365941999 0.42913731932640081 1.0000000180025095e-35 0.069577772170305266 0.99883887171745311 -0.92880073189735401 -0.32968752086162562 -0.60785761475563038 -0.87837970256805409 -0.87650576233863819 1.4643910527229311 -6.7561156749725333 0.49621178209781652 2.5367776155471806 -8.5228681564331037 2.0588840246200566 0.10151119902729989 -1.2099995017051695 1.9118331670761111 -0.083481710404157625 -0.74387815594673146 -0.18884716182947156 -0.72060590982437123 -8.375722408294676 1.0000000180025095e-35 -0.30677403509616846 -0.64611783623695362 0.28819352388381964 0.80435189604759227 1.3044799566268923
decision_type=2 2 2 2 2 2 2 2 2 2 2 2 2 2 2 2 2 2 2 2 2 2 2 2 2 2 2 2 2 2
left_child=7 3 23 6 12 -4 18 8 19 -10 -11 -9 14 22 -5 16 -16 -8 -2 -1 -21 -18 -14 -3 25 -25 -27 -26 -28 -20
right_child=1 2 5 4 -6 -7 17 11 9 10 -12 -13 13 -15 15 -17 21 -19 29 20 -22 -23 -24 24 27 26 28 -29 -30 -31
leaf_value=-0.0014124540791167022 -0.00047317528033306139 0.0014332809096046506 -0.0092951344155985244 -0.0043277292978558006 -0.016304621734186956 -2.0809493748000602e-05 0.0037317819949671208 0.00093857473435134781 0.019626729909910833 0.008443867619009714 -0.0045594717704178535 0.0069661414409873017 0.0035505559899512377 0.004400586975894274 0.0048319055011159457 0.0092535798252167505 0.0019893850621996163 0.00021179382931601709 -0.01090609736853509 0.011984830187302902 -0.00068458318858980816 -0.0021087906620999631 -0.004961139448851651 -0.0074440109947032209 -0.012061514455855698 0.0061076540683934408 0.0026223057854916128 -0.0043927008272742268 -0.0080233624176990325 -0.00069737715922278383
leaf_weight=2865.7187402099371 10582.844509243965 1022.4762389212847 1068.5926726609468 3665.2140515297651 522.78768421709538 8173.4530187398195 9155.453924536705 22523.612697586417 520.96880131959915 3272.371756285429 511.6014816313982 2134.7506358027458 774.3686990737915 1028.3777102530003 2487.3371926397085 936.68320822715759 4368.1286847889423 11613.652916997671 1137.483984708786 988.0536572188139 946.19328026473522 11437.748434275389 9186.4125460088253 2639.8390355408192 2601.1238445788622 1019.3497589528561 847.17423056066036 1815.3219511210918 1304.4691210985184 864.47226242721081
leaf_count=11502 42344 4102 4282 14670 2097 32752 36644 90346 2097 13143 2052 8575 3099 4116 9953 3749 17478 46483 4551 3965 3793 45777 36782 10591 10454 4088 3397 7295 5234 3459
internal_value=-0.000244287 -0.00123385 -0.00341265 -0.000574551 -0.00166971 -0.00110202 0.000555349 0.00234191 0.00471798 0.00828722 0.0066784 0.00146301 -0.00143917 -0.00347938 -0.000458821 0.000280458 -0.000183805 0.00176453 -0.00144001 0.00150627 0.00581557 -0.000975673 -0.00429653 -0.00530825 -0.00598298 -0.00373438 -0.000632437 -0.00892639 -0.00383906 -0.00652321
internal_weight=122016 88252.8 20491.8 67761 34407.1 9242.05 33353.9 33763.3 9104.91 4304.94 3783.97 24658.4 33884.3 10989.2 22895.1 19229.9 18293.2 20769.1 12584.8 4799.97 1934.25 15805.9 9960.78 11249.8 10227.3 5810.83 3170.99 4416.45 2151.64 2001.96
internal_count=488870 353397 82195 271202 137721 37034 133481 135473 36552 17292 15195 98921 135624 43997 91627 76957 73208 83127 50354 19260 7758 63255 39881 45161 41059 23310 12719 17749 8631 8010
is_linear=0
shrinkage=0.05


Tree=22
num_leaves=31
num_cat=0
split_feature=23 25 39 41 11 40 28 11 41 41 24 17 6 28 24 40 5 39 43 39 13 25 23 31 31 7 13 39 8 7
split_gain=92.229 53.3498 40.2848 36.8241 33.9084 34.3497 30.889 30.2457 29.1238 35.5277 31.9304 27.4419 25.4703 24.8093 24.7492 23.927 28.3395 22.2556 21.6974 21.417 33.9543 28.4994 23.711 21.0826 22.0225 20.6568 19.8802 24.9868 19.8693 19.7647
threshold=0.20439054816961291 0.83760020136833202 0.89297044277191173 1.0000000180025095e-35 0.11799595877528192 -0.24615095555782315 -1.250508666038513 0.52031996846199047 -0.60785761475563038 -0.87837970256805409 1.3694137334823611 -0.2682077288627624 -0.45123822987079615 1.127956807613373 1.7872208356857302 0.55556493997573864 -0.18945674598217008 -0.3214364200830459 0.16666667163372043 -0.86819055676460255 -8.2680525779724103 0.52643150091171276 0.58038863539695751 0.42551276087760931 -0.37028022110462183 -0.85819572210311879 -7.9349777698516837 0.88900867104530346 -0.21762014180421826 -0.83226841688156117
decision_type=2 2 2 2 2 2 2 2 2 2 2 2 2 2 2 2 2 2 2 2 2 2 2 2 2 2 2 2 2 2
left_child=2 4 8 26 5 11 25 -4 9 10 -1 -2 -11 -5 -13 16 -8 19 -10 20 -7 -21 -23 24 -19 -6 -3 -28 -27 -17
right_child=1 3 7 13 6 17 15 -9 18 12 -12 14 -14 -15 -16 29 -18 23 -20 21 -22 22 -24 -25 -26 28 27 -29 -30 -31
leaf_value=-0.0040661772753569324 0.0016739826680678975 -0.0025083253350332694 0.0013064981799323656 -0.0015462421192763076 -0.01161076707808982 0.01388765593261742 0.0038563158067527145 -0.0076019901185107805 0.0061016995497785945 0.012608165426592023 0.0064750220283108012 -0.0011841514577203443 0.001254113485067875 0.0063735469192711253 -0.0073357215545975726 0.0060244372058524814 -0.00057567742830729493 0.003954788430250108 0.0014807474078227195 0.0096454066314659963 0.00042395442736707656 -0.0042390248838054768 0.0063649175999239875 0.0054815581108604034 -0.0012247065830257448 -1.7855018086267277e-05 -0.0055890916841888271 -0.015574210826212057 -0.0042324948544499924 -0.0034370323148262254
leaf_weight=1112.6345309913158 6824.1807449162006 5022.5947143286467 2733.3637178242207 7978.4125421494246 674.43742115795612 508.4165166914463 5575.9691209942102 1450.7263589501381 3176.8308144360781 2424.9569453001022 1990.1352556198835 8142.49927303195 622.59669011831284 1118.6036218553782 2037.6462494879961 598.11308039724827 10174.597124397755 2669.6642647534609 12578.005142852664 2765.9022977203131 4849.6364309042692 892.55139960348606 1259.518362313509 2051.5707429647446 8755.2628195136786 4441.6338991224766 5455.8628866076469 703.47891455888748 7539.9457789361477 6056.4164580404758
leaf_count=4466 27313 20170 10966 31971 2700 2036 22321 5814 12749 9754 7988 32590 2495 4479 8156 2397 40729 10693 50481 11087 19416 3573 5041 8212 35047 17777 21903 2825 30192 24256
internal_value=6.3248e-05 -0.000652561 0.00269909 -0.00292983 -4.31549e-05 0.000937472 -0.00118303 -0.00179305 0.00355756 0.00647365 0.00269409 -0.000777842 0.0103003 -0.000566466 -0.00242143 -6.73079e-05 0.000994775 0.00216527 0.0024158 0.00391687 0.00172499 0.00629653 0.00196776 0.000827735 -1.20132e-05 -0.00315659 -0.00485032 -0.00675292 -0.00267142 -0.00257887
internal_weight=122186 96096.9 26089.2 20279 75818 40756.8 35061.1 4184.09 21905.2 6150.32 3102.77 17004.3 3047.55 9097.02 10180.1 22405.1 15750.6 23752.5 15754.8 10276 5358.05 4917.97 2152.07 13476.5 11424.9 12656 11181.9 6159.34 11981.6 6654.53
internal_count=489597 384884 104713 81348 303536 163164 140372 16780 87933 24703 12454 68059 12249 36450 40746 89703 63050 95105 63230 41153 21452 19701 8614 53952 45740 50669 44898 24728 47969 26653
is_linear=0
shrinkage=0.05


Tree=23
num_leaves=31
num_cat=0
split_feature=23 25 39 31 32 36 14 35 39 40 7 41 40 10 41 10 7 35 40 39 40 41 39 30 31 39 23 10 8 40
split_gain=106.41 54.0052 41.9201 27.8439 24.3359 22.7282 27.3323 28.4888 42.8127 37.9672 27.721 22.3118 21.8472 32.5144 21.7398 27.8457 23.3191 21.6722 22.2898 21.4608 20.9284 20.4625 24.9439 19.9949 19.6276 19.3807 21.4224 22.7728 18.9342 18.5309
threshold=0.19641453772783282 0.84107640385627758 0.89297044277191173 -0.60528859496116627 0.7158983349800111 0.99996647238731395 -7.3518903255462638 0.29572972655296331 -0.96244606375694264 -0.45786954462528223 -1.0000000180025095e-35 -0.60785761475563038 -0.30486139655113215 0.3996837735176087 1.0000000180025095e-35 -0.97178375720977772 -1.0234493017196653 -0.33828157186508173 0.40274286270141607 -0.26302871108055109 -0.33791351318359369 1.0000000180025095e-35 0.8549037277698518 -0.083107423037290559 -0.16710670292377469 0.41865575313568121 0.86852258443832409 0.21396467089653018 0.33990567922592169 -0.86819055676460255
decision_type=2 2 2 2 2 2 2 2 2 2 2 2 2 2 2 2 2 2 2 2 2 2 2 2 2 2 2 2 2 2
left_child=2 4 3 -1 5 6 7 8 -2 29 17 25 13 19 -5 -16 -17 18 24 -8 -4 -11 28 -20 -10 26 27 -12 -23 -9
right_child=1 -3 20 14 -6 -7 12 9 10 21 11 -13 -14 -15 15 16 -18 -19 23 -21 -22 22 -24 -25 -26 -27 -28 -29 -30 -31
leaf_value=0.0082782292521398348 0.0065834144436490777 -0.0030728693349191872 -0.010949344823754347 0.0045841995174968385 -0.0045456480453487658 0.002002854240881328 -0.0055346385638333183 -0.0030715464821814403 0.0014850524494759228 -0.0087664930716836158 0.011315710082044622 -0.00068375156035731829 0.0023553488279134524 0.00468499207596968 0.0069771915006794465 0.0035612323679342639 -0.0026723112048601338 -0.0035112960956899773 0.010632925746909225 0.0014930267918174655 -0.00036181818515073093 0.00092244616507390241 0.005223119875934927 -0.00092174541035236447 -0.0066760388268817432 -0.00038887850795709175 -0.0029308044430863072 0.00092201492212283824 -0.011381069224489474 0.0046702389721515235
leaf_weight=2961.4671860635281 2031.953121855855 19837.872773423791 528.98165394365788 10198.21077413857 3011.9434905797243 12203.555382236838 3310.1538324505091 1578.297222673893 1769.3320451825857 3214.5977370738983 1627.7938180118799 10681.142530933022 13136.497790619731 1747.0581703186035 1603.1400327384472 2369.0646079331636 4052.075631082058 11432.438541948795 836.22392199933529 1609.3194212764502 3488.7894947081804 521.77547323703766 702.99233669042587 668.86062701046467 1248.9182080328465 2039.692359611392 548.84456486999989 779.83156834542751 765.1761758774519 1496.0321470946074
leaf_count=11917 8135 79594 2122 40947 12063 48860 13249 6319 7090 12880 6516 42746 52604 6992 6440 9520 16235 45760 3353 6442 13991 2090 2814 2684 5001 8164 2197 3121 3066 5989
internal_value=6.09425e-06 -0.000747404 0.00289944 0.00378728 -0.00014767 3.20466e-05 -0.000357722 -0.00108047 -0.000433818 -0.00370632 -0.000886509 0.000606606 0.00117288 -0.00115724 0.00305328 0.00110433 -0.000370499 -0.00235303 0.000575716 -0.0032373 -0.0017795 -0.00630471 -0.00230394 0.00552583 -0.00190281 0.00336108 0.00594079 0.00796692 -0.00642414 0.000698694
internal_weight=122002 96800.3 25201.7 21184 76962.4 73950.5 61746.9 41943.9 33665 8278.87 31633.1 15677.3 19803 6666.53 18222.5 8024.28 6421.14 15955.8 4523.33 4919.47 4017.77 5204.54 1989.94 1505.08 3018.25 4996.16 2956.47 2407.63 1286.95 3074.33
internal_count=488901 387729 101172 85059 308135 296072 247212 167925 134767 33158 126632 62744 79287 26683 73142 32195 25755 63888 18128 19691 16113 20850 7970 6037 12091 19998 11834 9637 5156 12308
is_linear=0
shrinkage=0.05


Tree=24
num_leaves=31
num_cat=0
split_feature=34 23 40 21 14 40 11 14 28 16 34 32 11 40 40 35 40 40 15 11 41 28 42 24 17 4 34 16 15 17
split_gain=111.209 37.8581 34.9786 30.9038 29.8212 24.9175 36.5571 34.9025 24.9068 35.6634 27.7539 24.8992 22.4968 24.4795 21.5616 21.1647 33.0602 31.1726 25.0046 21.1379 27.6613 20.8178 20.614 24.1556 21.4653 32.6775 19.9801 19.4535 19.2107 18.908
threshold=0.11818280443549158 0.25522619485855108 0.994959056377411 0.1861108019948006 -9.0810246467590314 -0.3131608366966247 -0.67142456769943226 -7.5743315219879142 0.22441866993904117 -0.36764514446258539 0.6340952217578889 -0.082483410835266099 -0.03109182137995958 0.72836405038833629 -0.99495905637741078 -0.23356561362743375 0.46561008691787725 0.88088235259056102 -7.9466865062713614 -0.31048871576786036 1.0000000180025095e-35 -1.250508666038513 1.0000000180025095e-35 1.4030687808990481 -0.4500765055418014 -0.38605804741382593 -0.4449628591537475 -0.37666681408882136 -7.0434677600860587 -0.18591815978288648
decision_type=2 2 2 2 2 2 2 2 2 2 2 2 2 2 2 2 2 2 2 2 2 2 2 2 2 2 2 2 2 2
left_child=1 15 3 12 -5 14 11 -8 10 -10 19 -7 -2 -14 -3 16 -1 22 -18 21 -21 -6 23 26 -25 27 -17 -26 -20 -4
right_child=2 5 29 4 8 6 7 -9 9 -11 -12 -13 13 -15 -16 17 18 -19 28 20 -22 -23 -24 24 25 -27 -28 -29 -30 -31
leaf_value=0.0024678314139219516 0.006696642720383267 0.0051791940317023341 -0.013477387673654065 0.0096413540881690706 0.0023466796861101643 0.00051215664524478484 -0.0017265245324951995 0.0026415559510476181 0.0067343006879643594 -0.0011514861074512531 -0.0064618232786221273 0.0070337141794839953 0.002068078854689365 -0.0086267015795901576 -0.0016082447500145648 0.005698191455801584 0.00024730755286128539 -0.0033815689230075707 0.010632605642188176 -0.0048194666537960864 -0.00077458266073505153 -0.002469520670943822 0.0046414824273542151 -0.0012046687753414324 -0.0054721485164065699 0.014120088435182469 -0.0048573880583934808 0.0059362275809647213 0.00076557500991127634 -0.0020313925148738626
leaf_weight=10598.709321632981 1837.7228441983461 1258.3295726776123 933.2193697988987 548.45628301799297 4297.843483671546 2284.5275900810957 9861.8611399531364 8510.260227188468 1656.8664822876453 10241.640840500593 4305.5067694187164 4071.2911423146725 2443.4280523955822 674.29821825027466 15134.837159618735 544.46144317090511 974.21949961781502 2754.12334407866 3371.7626982629299 10227.426970899105 7206.455341309309 4672.6451305896044 5914.8663221895695 1715.5158364623785 567.82707363367081 824.31605124473572 2351.608210042119 1049.8771688640118 579.44703051447868 590.91792117059231
leaf_count=42596 7355 5036 3745 2195 17207 9152 39481 34073 6638 41057 17307 16306 9780 2701 60569 2187 3921 11037 13566 40995 28859 18707 23705 6871 2275 3301 9415 4209 2333 2371
internal_value=0.000173821 0.00142394 -0.00164872 -0.00141141 -0.00184087 0.000426851 0.00142876 0.000297176 -0.0019909 -4.86578e-05 -0.00274316 0.0046941 0.0023249 -0.000265162 -0.00108441 0.00273557 0.00404478 0.00144114 0.00742623 -0.00213457 -0.00314888 -0.000161991 0.00246716 0.000639877 0.00307896 0.00608084 -0.00286016 0.00192278 0.00919119 -0.00908187
internal_weight=122004 72367.8 49636.4 48112.3 43156.8 41121.1 24727.9 18372.1 42608.4 11898.5 30709.9 6355.82 4955.45 3117.73 16393.2 31246.7 15524.1 15722.6 4925.43 26404.4 17433.9 8970.49 12968.5 7053.61 4157.54 2442.02 2896.07 1617.7 3951.21 1524.14
internal_count=488950 290033 198917 192801 172965 164617 99012 73554 170770 47695 123075 25458 19836 12481 65605 125416 62416 63000 19820 105768 69854 35914 51963 28258 16656 9785 11602 6484 15899 6116
is_linear=0
shrinkage=0.05


Tree=25
num_leaves=31
num_cat=0
split_feature=33 35 40 16 40 24 41 16 17 24 33 39 30 10 9 11 14 33 30 11 9 16 33 15 40 41 41 13 35 10
split_gain=106.335 41.9232 41.6914 38.76 33.6886 32.8963 31.4537 29.9024 28.3674 31.8895 31.5246 26.4315 24.8842 22.4066 22.087 26.6848 39.4789 26.5942 22.8619 21.0911 24.6666 21.0391 25.6821 22.6153 27.7651 20.7004 38.8321 30.1566 26.936 23.5013
threshold=-0.29355630278587336 0.26521548628807073 0.4344411194324494 -0.12162629514932631 -0.3214364200830459 1.7942091226577761 1.0000000180025095e-35 -0.1528247073292732 0.5140766203403474 2.6207835674285893 0.23055076599121097 0.99579545855522167 1.1659996509552004 -0.64774164557456959 1.1019952297210696 0.040328234434127815 -7.5577769279479972 -0.05990175157785415 -0.55118891596794117 0.049707852303981788 1.2882410287857058 -0.30348415672779078 1.0000000180025095e-35 -7.3066110610961905 -0.97533303499221791 -0.87837970256805409 -0.60785761475563038 -8.7821340560913068 0.51985070109367382 1.5665386319160464
decision_type=2 2 2 2 2 2 2 2 2 2 2 2 2 2 2 2 2 2 2 2 2 2 2 2 2 2 2 2 2 2
left_child=3 4 6 -1 5 21 11 13 9 19 -11 25 -8 -7 15 -6 -17 18 -18 20 -4 23 -23 24 -2 29 -27 -28 -29 -3
right_child=1 2 8 -5 14 7 12 -9 -10 10 -12 -13 -14 -15 -16 16 17 -19 -20 -21 -22 22 -24 -25 -26 26 27 28 -30 -31
leaf_value=0.000796760038536291 0.015051868054974741 -0.00072470625019622711 0.00044167908919730297 0.0044435277376499351 0.0023257783902121262 -0.012411489074238835 0.00057952539107992019 0.00093388529495066857 0.0041813353408502634 0.0091832840366086171 -0.0061103326741228977 -0.01352778631482645 0.010247437063858807 -0.0038274925949856537 -0.0061077822852699491 -0.0025620665892784702 0.0012067612990181045 0.00046309130332499614 0.013026148802805127 -0.0077431650595933535 -0.011263218480082157 0.0011474445386984279 -0.0030559687528142546 -0.0035146857707609759 0.002618178459396661 -0.0085190659702158496 0.010410111036881633 0.00096558476545741167 -0.0062730074917016253 0.010297135596208228
leaf_weight=13649.530766204 540.68158893287182 2335.8281738311052 1890.4851333796978 15632.517807975411 21707.090254187584 1483.2464414536953 8656.847778186202 1337.8447436094284 848.70328219234943 700.78219924867153 631.24616764485836 515.39195683598518 711.16104498505592 1575.138935431838 1044.8998292684555 8595.4226395636797 702.93585348129272 3468.0717224925756 976.31147935986519 6840.0690131336451 580.47420343756676 6066.6851874440908 9035.8937321156263 1079.1812725365162 2467.4710033386946 2498.9895712584257 511.59194418787956 2934.8679137229919 2273.2762440145016 599.56447170674801
leaf_count=54748 2164 9362 7583 62825 86926 5936 34673 5355 3400 2806 2533 2068 2846 6304 4184 34412 2814 13882 3910 27455 2331 24284 36163 4319 9875 10037 2050 11768 9132 2403
internal_value=0.000118684 -0.000711761 -0.00215723 0.00274448 7.10798e-05 -0.00140133 -0.00083344 -0.00529745 -0.00457781 -0.00527955 0.00194414 -0.00256471 0.0013236 -0.00801742 0.00102281 0.00123465 -0.000489271 0.00297031 0.00811497 -0.00631394 -0.00234233 -0.000506471 -0.00136782 0.00267177 0.00489546 -0.00204648 -0.0033327 -0.00105584 -0.00219992 0.00155386
internal_weight=121892 92610.2 32529.3 29282 60080.9 23586.1 21037.5 4396.23 11491.8 10643.1 1332.03 11669.5 9368.01 3058.39 36494.7 35449.8 13742.7 5147.32 1679.25 9311.03 2470.96 19189.9 15102.6 4087.33 3008.15 11154.1 8218.73 5719.74 5208.14 2935.39
internal_count=488548 370975 130447 117573 240528 94400 84339 17595 46108 42708 5339 46820 37519 12240 146128 141944 55018 20606 6724 37369 9914 76805 60447 16358 12039 44752 32987 22950 20900 11765
is_linear=0
shrinkage=0.05


Tree=26
num_leaves=31
num_cat=0
split_feature=35 30 33 29 24 41 41 12 24 41 39 21 29 11 10 39 25 12 23 43 12 35 36 13 10 4 11 25 30 12
split_gain=84.206 38.1232 37.5403 26.7714 33.7786 24.4604 55.2425 23.986 23.2476 25.7677 23.5817 22.1494 20.3591 20.1504 18.703 18.2427 23.2894 26.2354 18.0836 17.9646 17.1157 16.5103 15.9041 15.8967 15.3871 14.9052 14.5599 14.4088 14.1842 13.751
threshold=0.1980291083455086 0.93688470125198375 -0.33514086902141565 0.11531798169016839 3.0057888031005864 -0.60785761475563038 -0.87837970256805409 -9.2922525405883771 2.8943980932235722 0.6078576147556306 -0.99883887171745289 0.14713543653488162 -0.40313020348548884 2.3255214691162114 0.83875480294227611 -0.44228447973728174 0.82728204131126415 -7.638209104537963 0.92762604355812084 1.0000000180025095e-35 -8.9053845405578596 -0.29448482394218439 -0.98666349053382862 -8.752011299133299 0.15829467028379443 0.59776985645294201 -0.75580361485481251 0.88023215532302868 -1.1980775594711301 -7.6635422706603995
decision_type=2 2 2 2 2 2 2 2 2 2 2 2 2 2 2 2 2 2 2 2 2 2 2 2 2 2 2 2 2 2
left_child=2 3 5 4 15 6 12 -4 10 -10 -9 -3 21 18 27 16 17 -2 20 -7 -12 -1 -5 -8 29 -18 -26 -13 -15 -21
right_child=1 11 7 22 -6 19 23 8 9 -11 13 14 -14 28 -16 -17 25 -19 -20 24 -22 -23 -24 -25 26 -27 -28 -29 -30 -31
leaf_value=0.0085381735918950985 -0.00079363610606235889 0.012579524077681701 0.0065672495052781837 -0.0070399344375247841 0.0073309544697163671 0.00805960225563432 0.0022810643880150513 0.0087286707332736978 -0.0012354642450268249 -0.012867280228526401 -0.0043368267326386618 0.0010181369422087485 -0.003830239360205363 -0.012374961002997769 0.0053827208071529006 -0.0025674049787740151 -0.0072879956688399836 0.0072722788880167175 -0.0027117814969380878 0.00027083564130324502 0.0007994572470611613 -0.0012065063199447883 -0.0029466824970470302 0.011776016700832496 -0.0093450305866601985 0.0024824670847535457 -0.00032630316706218278 -0.0090640576105586526 -0.00064728459779871865 0.0037159080665173181
leaf_weight=978.91976843774319 2172.1014325469732 516.34851783514023 1467.7730862647295 2738.4452897459269 1164.94555516541 1018.7207283526659 539.98725183308125 811.13750739395618 1509.3715998530388 687.19933576881886 1672.1246212571859 1065.594688475132 1382.8987109214067 525.20488083362579 1546.5159632116556 11636.033309772611 1139.6849617063999 1868.474269464612 4458.9529559314251 5495.5101180672646 45438.716070815921 771.63414724171162 17764.323613345623 2531.4650149941444 521.90685276687145 584.79338189959526 2825.7298789471388 519.66103506088257 499.71148745715618 6118.614593565464
leaf_count=3942 8696 2067 5876 10982 4666 4094 2175 3248 6044 2751 6694 4266 5552 2102 6196 46627 4570 7480 17855 22066 181920 3098 71278 10198 2094 2348 11339 2083 2000 24614
internal_value=-5.66547e-06 -0.0017949 0.000958793 -0.00225145 -0.000875319 0.00270362 0.00536585 0.000280158 0.000113043 -0.00491631 0.000320781 0.0030873 0.000688856 0.000189476 0.00148722 -0.0014286 0.000870407 0.00294501 0.000328043 0.00166721 0.000616271 0.00426032 -0.00349656 0.0101195 0.00122687 -0.00397949 -0.001756 -0.002323 -0.00671848 0.00208742
internal_weight=121973 42716.9 79255.6 39068.8 18566 22185.4 6204.9 57070.2 55602.4 2196.57 53405.8 3648.12 3133.45 52594.7 3131.77 17401.1 5765.05 4040.58 51569.8 15980.5 47110.8 1750.55 20502.8 3071.45 14961.8 1724.48 3347.64 1585.26 1024.92 11614.1
internal_count=488921 171259 317662 156647 74387 89172 24965 228490 222614 8795 213819 14612 12592 210571 12545 69721 23094 16176 206469 64207 188614 7040 82260 12373 60113 6918 13433 6349 4102 46680
is_linear=0
shrinkage=0.05


Tree=27
num_leaves=31
num_cat=0
split_feature=34 34 11 41 39 28 35 42 28 22 22 9 33 39 22 9 31 24 10 13 1 22 13 23 25 35 10 20 22 13
split_gain=78.144 40.6597 33.3209 25.0423 32.1198 23.7209 20.8781 20.2031 21.0334 20.3001 19.9132 19.8515 29.6631 23.3116 23.792 21.6313 19.7927 19.7466 19.1855 20.1283 24.2921 18.7062 18.6124 19.5113 16.9374 20.4395 21.043 16.9051 20.2308 19.6067
threshold=-0.24213757365941999 0.6340952217578889 -0.35374426841735834 0.6078576147556306 0.37055389583110815 -0.044724745675921433 -0.69050630927085865 1.0000000180025095e-35 -2.4908791780471797 0.99113973975181591 1.5242160558700564 0.33346308767795568 -0.16099114716053006 0.98698699474334728 1.414725720882416 -0.30628530681133265 -0.62764889001846302 1.9205052852630617 -1.4026136398315427 -8.8465027809143049 0.64110389351844799 1.1866270303726199 -8.633842468261717 0.8797287940979005 0.56439009308815014 0.16998024284839633 -0.55701678991317738 0.91233202815055858 1.0877048969268801 -7.8589868545532218
decision_type=2 2 2 2 2 2 2 2 2 2 2 2 2 2 2 2 2 2 2 2 2 2 2 2 2 2 2 2 2 2
left_child=3 2 6 7 16 27 -2 9 -9 -1 -6 12 15 14 24 -8 -5 -14 -10 -20 -21 -19 -7 -24 -13 26 -26 -4 29 -29
right_child=1 -3 5 4 10 22 11 8 18 -11 -12 13 17 -15 -16 -17 -18 21 19 20 -22 -23 23 -25 25 -27 -28 28 -30 -31
leaf_value=-0.0063362477564117524 -0.0067180117356668281 -0.0039444104199369261 -0.0035044728995297469 0.010930847114447731 -0.0071130656676876708 0.0096753957019119607 0.0027022290325572794 -0.0044361772689795699 0.014566325182733189 0.0021509307774408518 -0.00016001483156770965 0.0046402422335870335 0.0043497284831216015 0.0090745884061441736 0.0020656588135277609 -0.0062595127704036246 0.0012829295629530476 0.0059367095596080163 -0.0021606200331130763 0.0069314163917929038 -0.0011620099344431514 -0.0027982037543999561 0.00091407514799456829 -0.0042631808513083356 -0.0024039375757674447 -0.0013178308792703769 -0.012664826151579265 0.0037134704524602945 -0.0019556582933444263 -0.0016850564361398234
leaf_weight=733.03715127706528 833.17981979250908 9481.2390228509903 10964.669195964932 579.65088927745819 1969.8901750743389 522.47348022460938 1173.2263796329498 577.7471985667944 523.43913495540619 13746.038097172976 2146.7540540099144 550.07203760743141 10215.494580954313 562.41036492586136 3067.1807325780392 1556.4524762630463 5444.3563931584358 851.08465600013733 927.43440535664558 5881.9854046851397 1097.1450928598642 2116.9310626685619 12447.641300737858 2121.138238132 887.23293466866016 2246.1082675904036 1150.795556306839 3595.6189934164286 20727.707332864404 3144.015831053257
leaf_count=2938 3336 38106 43910 2332 7893 2092 4699 2319 2107 55193 8621 2202 40891 2252 12283 6232 21850 3407 3728 23657 4407 8474 49836 8501 3552 8997 4606 14401 83025 12590
internal_value=-7.10294e-05 -0.000852832 -0.000480084 0.00197951 -9.7064e-05 -0.00118595 0.00101841 0.00287575 0.00473408 0.00171717 -0.00349635 0.00128548 0.00232558 -0.000670499 -0.00137473 -0.00241192 0.00222786 0.00330758 0.00536707 0.00474042 0.00565926 -0.000281925 0.000493581 0.000157887 -0.00355733 -0.00461824 -0.00823141 -0.00184542 -0.00118211 0.00119631
internal_weight=121842 88214.7 78733.4 33627.5 10140.7 53523.3 25210.2 23486.8 9007.75 14479.1 4116.64 24377 15913.2 8463.8 7901.39 2729.68 6024.01 13183.5 8430 7906.56 6979.13 2968.02 15091.3 14568.8 4834.21 4284.14 2038.03 38432 27467.3 6739.63
internal_count=488437 353392 315286 135045 40696 214355 100931 94349 36218 58131 16514 97595 63703 33892 31640 10931 24182 52772 33899 31792 28064 11881 60429 58337 19357 17155 8158 153926 110016 26991
is_linear=0
shrinkage=0.05


Tree=28
num_leaves=31
num_cat=0
split_feature=34 34 14 11 26 10 11 34 35 40 10 40 10 13 40 11 28 12 15 17 37 40 7 15 30 14 22 15 15 13
split_gain=68.5225 32.9717 38.2385 31.2111 32.0868 27.7949 26.828 25.7248 30.7158 25.358 40.2134 23.6659 23.9358 22.6676 20.9312 19.7984 22.3138 33.399 34.9929 29.8738 19.4512 19.2626 18.7478 18.693 20.4545 31.2831 20.4873 18.6354 18.6041 19.5262
threshold=0.12729713320732119 -0.66113096475601185 -7.6969161033630362 -0.073379226028919206 -0.97475430369377125 -0.23460604250431058 0.30556884407997137 0.70427688956260692 0.73928526043891918 0.92219218611717235 0.056895049288868911 0.40274286270141607 -0.27155216038227076 -7.8246154785156241 -0.5409693419933318 -0.20744521170854566 0.13260672986507419 -8.0078868865966779 -7.5009052753448477 0.5140766203403474 -0.42434260249137873 -0.87671843171119679 0.09405099600553514 -7.8709962368011466 -1.5045437812805174 -8.1779327392578107 1.8504216670989992 -7.3066110610961905 -7.58160376548767 -7.0598511695861808
decision_type=2 2 2 2 2 2 2 2 2 2 2 2 2 2 2 2 2 2 2 2 2 2 2 2 2 2 2 2 2 2
left_child=1 6 3 4 5 14 13 15 -9 -5 -11 22 -13 -1 21 23 -17 -18 19 -19 -8 -3 -6 -2 -25 -26 -27 -7 -10 -30
right_child=7 2 -4 9 11 27 20 8 28 10 -12 12 -14 -15 -16 16 17 18 -20 -21 -22 -23 -24 24 25 26 -28 -29 29 -31
leaf_value=0.0073887518340460812 0.0048489061068418453 0.0064405662585467821 0.0019157767151375738 -0.0012089013412873372 -0.0056581790180696007 0.0015892044318129026 0.0015418586982812732 -0.0068831207809770898 0.0043495350611493016 -9.9183917769992967e-05 -0.013989107247150146 0.0086101661639144365 -0.0028440325153442853 0.00048042726361957388 0.0088324650518184413 -0.0025266362909626837 0.0075437085637383092 -0.0076671314920707685 0.0026686830105059436 0.0031133116753632455 0.013245346019334773 -0.0047758789521997226 0.0038723516755380578 0.0047894338948196767 -0.012389563689131763 -0.0013018635021483892 0.0049849740931540536 -0.0084563019801795949 -0.0077566756392824267 0.0030860346270416691
leaf_weight=1712.8873659074306 2260.2114672958851 850.05698612332344 34645.00199662149 15158.665995672345 3040.5929351449013 3941.2213505357504 507.00725312530994 4101.9129574000835 1269.2558962106705 1035.2874721586704 1039.450931712985 908.35103176534176 898.69833102822304 3825.4355370402336 2598.6419104337692 19327.294025838375 1419.2430499494076 2283.5242550969124 3344.0877396911383 886.35736428201199 1197.2103465348482 680.30238190293312 613.67121142148972 1806.5474385470152 556.36664165556431 8100.1592030227184 1532.3329644352198 512.77682270109653 1067.432812705636 668.46639946103096
leaf_count=6913 9051 3406 138806 60709 12188 15784 2047 16498 5101 4149 4166 3646 3602 15427 10417 77488 5689 9153 13395 3549 4829 2726 2456 7236 2229 32434 6137 2054 4296 2680
internal_value=0.000157206 0.00112398 0.000771818 -0.000495504 0.00125362 0.00315859 0.00432396 -0.00129748 -0.00407501 -0.00192085 -0.0070918 -0.00174052 0.00292936 0.00262649 0.00610852 -0.000821127 -0.00161052 0.000621748 -0.000895638 -0.00465241 0.00979285 0.0014558 -0.00405149 0.000688467 -9.88415e-05 -0.000969409 -0.000297623 0.00041634 -0.000231947 -0.00358756
internal_weight=121788 73165.3 65922.7 31277.7 14044.3 8583 7242.54 48623.2 7107.07 17233.4 2074.74 5461.31 1807.05 5538.32 4129 41516.1 27260.5 7933.21 6513.97 3169.88 1704.22 1530.36 3654.26 14255.6 11995.4 10188.9 9632.49 4454 3005.16 1735.9
internal_count=488261 293325 264109 125303 56279 34387 29216 194936 28575 69024 8315 21892 7248 22340 16549 166361 109274 31786 26097 12702 6876 6132 14644 57087 48036 40800 38571 17838 12077 6976
is_linear=0
shrinkage=0.05


Tree=29
num_leaves=31
num_cat=0
split_feature=23 23 12 39 34 35 40 11 26 32 36 26 11 39 30 23 10 35 11 12 36 11 11 22 10 10 40 40 16 25
split_gain=88.2839 32.9538 40.457 30.4694 22.031 21.248 32.638 18.7603 17.7322 16.9913 19.065 17.1795 21.1747 22.2829 20.9862 18.3894 22.9402 16.9745 18.6188 18.1643 16.4359 16.2644 16.067 15.8081 30.0138 25.6201 22.6447 22.9785 22.9279 19.7359
threshold=0.20439054816961291 0.87231647968292247 -9.2922525405883771 0.88900867104530346 -0.57147246599197377 -0.055356984958052628 0.75183266401290905 -3.2910846471786495 1.0703681707382204 -0.60886621475219715 0.99996647238731395 -2.6106445789337154 -0.39482493698596949 -0.3131608366966247 -0.71537363529205311 0.46890257298946386 1.2986719012260439 0.72310131788253795 0.1953408941626549 -7.8431570529937735 0.80003100633621227 2.4125084877014165 0.45395179092884069 1.7425493001937868 -0.26244220137596125 -0.47088856995105738 0.49621178209781652 0.84103098511695873 -0.0045311658177524796 0.59014511108398449
decision_type=2 2 2 2 2 2 2 2 2 2 2 2 2 2 2 2 2 2 2 2 2 2 2 2 2 2 2 2 2 2
left_child=3 7 -3 5 -5 20 -7 -2 -4 -9 11 12 -11 -14 15 16 -13 18 19 -12 -1 23 -6 25 -25 26 28 -28 -16 -26
right_child=1 2 8 4 22 6 -8 9 -10 10 17 14 13 -15 21 -17 -18 -19 -20 -21 -22 -23 -24 24 29 -27 27 -29 -30 -31
leaf_value=0.0037575469351231214 -0.0093936101752572169 0.0094235939644857682 -0.0035959740570625275 0.0035553041422746985 -0.00085631463432069097 0.0033205555760547935 -0.0039516157729049053 0.0039608104520749057 0.00093187955933994029 0.0048701169664167902 0.0053245323773444429 -0.0038734687501325291 0.0051129434831486496 -0.0020609998628023031 -0.0029647298108136269 -0.0012573920952642496 -0.014875854642675962 0.010372174318037828 -0.0012051066647310019 1.3159589521399438e-05 0.0087422164416125492 0.0067867488207828302 -0.0086679658611004736 -0.0027045735305374565 0.0074146348534831243 -0.0021032068654795715 0.0095076006084753601 0.00025010789214162258 0.0038002044992415441 0.0013187954003119943
leaf_weight=12540.961950451136 548.53435806930065 669.6716133505106 16336.535426571965 1488.1984048783779 1648.5449842065573 5046.8085350394249 2210.8207127004862 2370.9523272067308 2487.7570017576218 2876.2497134953737 3463.3141152560711 4929.8289584070444 1411.6163022965193 4526.9416964948177 3604.453535631299 8949.3643130213022 516.48771567642689 505.67190007865429 4965.862139955163 3000.1876727342606 1905.1111231148243 758.19059728085995 1088.544605448842 3170.5956488698721 1954.2978158444166 20200.201589256525 1360.3361900001764 1313.2477426230907 1906.8685268759727 4115.4923920035362
leaf_count=50488 2197 2682 65562 5990 6605 20224 8859 9500 9985 11518 13868 19741 5653 18131 14430 35848 2068 2027 19891 12018 7663 3037 4358 12709 7829 80898 5455 5263 7636 16499
internal_value=-3.1962e-05 -0.000731595 -0.0025661 0.00255611 -0.00132596 0.00331214 0.00110292 -0.000263532 -0.00299741 -0.00019632 -0.000330887 -0.000685323 0.0013569 -0.00035 -0.00102659 -0.00265393 -0.0049422 0.00149732 0.00109595 0.00286296 0.00442051 -0.000415731 -0.00398326 -0.000562633 0.00123271 -0.00114731 0.00121151 0.00497825 -0.000621479 0.00329045
internal_weight=121872 95942.7 19494 25929 4225.29 21703.7 7257.63 76448.7 18824.3 75900.2 73529.2 61594.2 8814.81 5938.56 52779.4 14395.7 5446.32 11935 11429.4 6463.5 14446.1 38383.7 2737.09 37625.5 9240.39 28385.1 8184.91 2673.58 5511.32 6069.79
internal_count=488632 384445 78229 104187 16953 87234 29083 306216 75547 304019 294519 246715 35302 23784 211413 57657 21809 47804 45777 25886 58151 153756 10963 150719 37037 113682 32784 10718 22066 24328
is_linear=0
shrinkage=0.05


Tree=30
num_leaves=31
num_cat=0
split_feature=34 34 39 13 11 24 40 24 35 12 40 21 13 41 9 40 11 40 39 29 8 2 12 12 15 41 15 24 13 36
split_gain=82.7707 34.3685 36.0148 43.5252 26.0902 28.9327 25.2615 23.5208 23.9033 22.911 23.5038 23.5427 38.567 27.6509 36.2419 28.355 23.2421 22.6247 23.3877 20.4112 19.8702 19.8632 20.4598 19.4097 19.0911 19.0377 18.4755 18.4595 18.3969 18.0534
threshold=0.12265573069453241 -0.59404990077018727 -0.52620890736579884 -7.3899827003478995 0.59285941720008861 1.2544038295745852 0.94408002495765697 0.91339609026908886 0.28542694449424749 -6.3671648502349845 0.994959056377411 0.17832262068986895 -9.1647305488586408 1.0000000180025095e-35 0.77872982621192943 -0.61221146583557118 -0.041739946231245988 0.98554667830467235 -1.0000000180025095e-35 0.15456122159957889 -0.076631519943475709 -0.27914452552795405 -8.5785589218139631 -8.035179138183592 -7.3563885688781729 1.0000000180025095e-35 -7.9653546810150138 1.2209663987159731 -7.4657065868377677 -0.95344668626785267
decision_type=2 2 2 2 2 2 2 2 2 2 2 2 2 2 2 2 2 2 2 2 2 2 2 2 2 2 2 2 2 2
left_child=1 -1 28 4 5 -4 24 -5 19 10 11 -2 -13 14 16 -16 20 21 -19 -9 -14 22 26 -8 25 27 -7 -6 29 -3
right_child=9 2 3 7 6 17 23 8 -10 -11 -12 12 13 -15 15 -17 -18 18 -20 -21 -22 -23 -24 -25 -26 -27 -28 -29 -30 -31
leaf_value=0.0038189295301293718 0.0018279212333186035 -0.0002369946432091776 -0.0025385833308214996 -0.0041010265302447403 -0.0071869966478547058 -0.01426930836952723 -0.014668335317894542 0.0029598668964810441 -0.0040233977009049111 0.0073700392089826143 -0.0079417517385293509 0.0096824951712562307 -0.0066155604176535536 -0.0006631596350532606 -0.0013042241988855956 -0.0076074699068820308 -0.0034913843998272986 0.013894132810347282 0.00076811652980391493 0.0088490370985495111 0.0016254744149254961 0.0021362235658833537 -0.0002518205989274237 -0.0036987814302341135 0.0013047340200903763 -0.0069678742706937042 -0.0011288672971661901 0.00079362947979223937 0.00078776006655921482 0.0048558398149985424
leaf_weight=9633.237409606576 4634.820476859808 2197.4351800382137 7875.0598462671041 1001.9106184691191 973.74022327363491 540.68027128279209 741.68188007175922 4150.4204503446817 808.32580026984215 689.13825756311417 1475.4974864572287 694.24622710049152 832.86866873502731 18276.089130759239 2504.4133923500776 6235.2394958287477 8177.1581179350615 669.77228303253651 680.15098644793034 2283.9833295196295 5525.2122322916985 8512.4858348667622 4878.4424262344837 889.90659183263779 2948.8721517026424 2474.3479514420033 523.79447147250175 2744.2892670184374 9849.6414068937302 8335.0792210400105
leaf_count=38860 18557 8808 31548 4013 3900 2166 2973 16637 3236 2759 5928 2779 3333 73224 10065 25062 32805 2684 2726 9147 22138 34088 19546 3565 11806 9904 2099 10989 39467 33400
internal_value=-3.17556e-05 0.00103885 0.000613751 -0.000211781 -0.000992833 -6.44736e-05 -0.00303156 0.00304938 0.00404281 -0.00161891 -0.00174851 -0.00155194 -0.00192309 -0.00211929 -0.0032619 -0.00580478 -0.00173 0.00116909 0.00733495 0.0050608 0.000537257 0.000588612 -0.00162801 -0.00874426 -0.00200348 -0.00357845 -0.007874 -0.00131014 0.00234238 0.00379409
internal_weight=121758 72713.3 63080 42697.9 34453.2 23680.4 10772.8 8244.64 7242.73 49044.7 48355.5 46880 42245.2 41551 23274.9 8739.65 14535.2 15805.3 1349.92 6434.4 6358.08 14455.4 5942.92 1631.59 9141.25 6192.38 1064.47 3718.03 20382.2 10532.5
internal_count=488212 291562 252702 171027 137994 94857 43137 33033 29020 196650 193891 187963 169406 166627 93403 35127 58276 63309 5410 25784 25471 57899 23811 6538 36599 24793 4265 14889 81675 42208
is_linear=0
shrinkage=0.05


Tree=31
num_leaves=31
num_cat=0
split_feature=5 16 12 34 11 11 28 18 15 8 12 15 31 33 35 29 13 14 39 15 13 9 7 14 17 7 42 34 28 4
split_gain=67.3501 34.4711 32.0423 32.1215 32.8254 24.3825 22.7875 21.9889 21.6408 21.1917 20.6264 20.4599 18.6059 17.5125 16.0582 21.3543 19.2553 24.3325 16.1382 34.0193 18.2589 16.0103 15.9177 22.4685 18.4725 16.0191 15.8164 15.201 15.0207 14.5738
threshold=-0.070277500897645936 -0.2782632708549499 -9.7840905189514142 0.33863574266433721 -0.50827252864837635 1.1496322751045229 -2.8077627420425411 1.8180070519447329 -7.8909130096435538 -1.4131836295127866 -6.4306433200836173 -8.4570713043212873 -0.61663934588432301 0.17904534935951236 0.73928526043891918 0.24105674773454669 -7.6904444694519034 -7.7461400032043448 -0.047977671027183526 -7.593209743499755 -7.2189114093780509 0.2454294636845589 0.55372917652130138 -7.6176807880401602 -0.058763599023222916 -0.62702870368957508 1.0000000180025095e-35 -0.22283899784088132 -1.4055130481719968 0.050731200724840171
decision_type=2 2 2 2 2 2 2 2 2 2 2 2 2 2 2 2 2 2 2 2 2 2 2 2 2 2 2 2 2 2
left_child=1 5 -2 4 7 -1 -3 9 -7 -4 14 -8 -13 21 16 -16 -5 -18 20 -20 -17 -11 23 25 -24 27 -10 -6 -19 -30
right_child=2 6 3 10 22 8 11 -9 26 13 -12 12 -14 -15 15 18 17 28 19 -21 -22 -23 24 -25 -26 -27 -28 -29 29 -31
leaf_value=0.00019456287053770555 0.010345582897278457 -0.0067131130478435101 -0.0074652762716549831 -0.0024304719305201401 -0.0028226084399968405 -0.013319613999404345 0.0086259533418736913 -0.0044368755560616931 -0.0051396323350502522 0.0024039524531307985 0.0063013283466242069 0.0054034874314878197 0.0014827214464116767 0.0050410672771394847 0.0042666474357602952 -0.011084245979668282 -0.014031524685412945 -0.010813486818971988 0.0089977646722445275 -0.0058597532846353722 0.00076424604796229961 -0.0037806532035497228 -0.0019251278257411478 0.00060487166989141707 -0.0086128065701476225 -0.0015239574193876898 0.0018437517353553402 -0.010256050582812226 0.0012957010002448441 -0.0050118499464831675
leaf_weight=17075.055845156312 566.9332349896431 740.81795784831047 521.91298095881939 10325.667353242636 1775.5357255190611 542.17491868138313 1149.6938804686069 1365.4100912213326 2269.5331357419491 4305.8918862044811 576.14069500565529 3349.2482598721981 30711.914029538631 4660.6454885303974 1525.1918254643679 901.07008995115757 782.75654117763042 896.1271536052227 664.87624998390675 887.90520922839642 503.69284585118294 1371.749548509717 2933.3897810727358 11018.150539278984 1590.2906277179718 10251.842217236757 1251.884135261178 1124.3782465308905 1105.4503539353609 5228.0661701261997
leaf_count=68443 2270 2969 2092 41479 7114 2173 4616 5467 9093 17251 2307 13498 123231 18656 6123 3625 3145 3596 2672 3573 2021 5491 11748 44118 6366 41050 5017 4501 4432 20984
internal_value=-0.000284909 0.00096754 -0.00138691 -0.00149192 -0.000646692 -0.000634556 0.00190944 0.00152203 -0.00411041 0.00227461 -0.00296925 0.00209271 0.00186972 0.00277305 -0.00320596 -0.00052194 -0.00386142 -0.00570018 -0.00299745 0.000518866 -0.00686047 0.000905698 -0.00157094 -0.00106047 -0.00428998 -0.00245505 -0.00265881 -0.0057301 -0.00478 -0.00391062
internal_weight=121973 57090.3 64883.1 64316.1 40919.2 21138.6 35951.7 12225.6 4063.59 10860.2 23396.9 35210.9 34061.2 10338.3 22820.8 4482.74 18338.1 8012.4 2957.54 1552.78 1404.76 5677.64 28693.6 24169.9 4523.68 13151.8 3521.42 2899.91 7229.64 6333.52
internal_count=489121 229040 260081 257811 163854 84726 144314 48957 16283 43490 93957 141345 136729 41398 91650 18014 73636 32157 11891 6245 5646 22742 114897 96783 18114 52665 14110 11615 29012 25416
is_linear=0
shrinkage=0.05


Tree=32
num_leaves=31
num_cat=0
split_feature=35 41 13 13 34 10 7 7 17 39 12 39 30 8 16 10 39 33 41 34 13 9 17 30 9 17 35 31 10 7
split_gain=53.0248 34.1809 41.7516 31.8196 37.1918 29.0394 26.5538 26.1414 36.6033 21.3578 20.4711 19.9905 26.2803 24.1763 23.8926 23.9475 23.5993 19.6531 18.9115 18.8227 18.4093 18.0047 38.569 23.0194 17.8103 16.8321 22.8685 16.1666 21.1737 15.6273
threshold=-0.2786478847265243 -0.60785761475563038 -7.1464779376983634 -7.3528277873992911 0.77579128742218029 -0.36887216567993159 -1.1130303144454954 0.77060773968696605 -0.19493853300809857 0.48098418116569525 -7.5986661911010733 -0.46561008691787714 0.91224887967109691 0.7848796844482423 0.067026488482952132 -0.19592970609664914 0.04797767102718354 -0.91131067276000965 -0.60785761475563038 0.43587784469127661 -7.5684335231780997 -1.8793168067932127 -0.01569337863475084 -0.75555333495140065 -0.81980794668197621 -0.63060864806175221 0.13271784782409671 0.16238001734018329 1.1577307581901553 -0.87096992135047901
decision_type=2 2 2 2 2 2 2 2 2 2 2 2 2 2 2 2 2 2 2 2 2 2 2 2 2 2 2 2 2 2
left_child=1 2 5 4 11 10 -5 17 -9 -7 -1 13 14 19 15 -13 25 -3 -6 27 -15 22 -19 -23 -8 26 -17 28 -2 -25
right_child=3 7 -4 6 18 9 24 8 -10 -11 -12 12 -14 20 -16 16 -18 21 -20 -21 -22 23 -24 29 -26 -27 -28 -29 -30 -31
leaf_value=0.0025224726592121913 -0.00012769081748510852 0.0061728718972010582 -0.0029391582541167562 0.0092249104929881445 -0.012617414747999364 0.018147399332522025 0.0097568287581946619 0.0027374048476533786 -0.015581233035336668 0.0058001536610526845 0.0098841726792391321 0.0011265588479307369 0.0081692633965824556 -0.0010802521662238243 -0.0036785385481810612 -0.00131032460258313 -0.00095293546410047151 0.001921056583289832 -0.0040458063219671507 -0.0048432724577669069 -0.0091124683127308675 -0.0020582938900374024 -0.014493723033466251 2.3837793198385973e-05 0.00040043395370945988 -0.0030762080697411772 -0.014551252785898923 0.0045556888246617733 0.0068034968794435172 0.0034638921299767985
leaf_weight=3477.531153216958 8396.7916932702065 1779.5087039917707 1465.3069147616625 929.70428465306759 878.11606276035309 786.54467378556728 511.62473832070827 520.34241741895676 557.10593798756599 649.03049698472023 1292.1065669059753 9728.817878305912 687.64535538852215 2877.95366948843 10748.41727758944 538.7979521304369 20494.205787271261 899.41481322050095 2400.5035359710455 1112.9192301481962 939.94897568225861 4306.0309512466192 582.14324177801609 5410.2600804567337 20466.248983323574 4813.1180158555508 824.41372753679752 4011.9777707606554 1258.2156832069159 8460.073651432991
leaf_count=13978 33643 7202 5887 3738 3545 3169 2049 2083 2230 2610 5198 38968 2755 11547 43090 2159 82126 3608 9662 4470 3769 17270 2336 21762 81999 19299 3307 16066 5041 33911
internal_value=-6.12299e-05 0.00175592 0.00463627 -0.000660042 -0.00118237 0.00642699 0.00100182 0.000772994 -0.00679062 0.0126439 0.00453328 -0.00092528 -0.00146601 0.000465558 -0.00160824 -0.000996052 -0.00177047 0.00115613 -0.00637294 0.00138196 -0.00307638 0.00069909 -0.00458267 0.00113189 0.000633165 -0.00447726 -0.00936554 0.00189206 0.000781668 0.00212305
internal_weight=121805 30185.4 7670.52 91619.4 69711.8 6205.21 21907.6 22514.9 1077.45 1435.58 4769.64 66433.2 47835.4 18597.8 47147.8 36399.4 26670.5 21437.4 3278.62 14779.9 3817.9 19657.9 1481.56 18176.4 20977.9 6176.33 1363.21 13667 9655.01 13870.3
internal_count=488477 121244 30842 367233 279447 24955 87786 90402 4313 5779 19176 266240 191704 74536 188949 145859 106891 86089 13207 59220 15316 78887 5944 72943 84048 24765 5466 54750 38684 55673
is_linear=0
shrinkage=0.05


Tree=33
num_leaves=31
num_cat=0
split_feature=6 34 23 12 11 14 40 24 17 10 15 17 6 16 22 7 41 8 8 22 23 37 22 24 15 37 15 15 40 10
split_gain=50.7516 31.2802 28.2061 64.1027 24.6882 47.1157 26.3778 27.8701 25.5589 24.7 24.514 23.2251 23.1145 22.342 22.128 21.4747 23.8247 20.5576 18.997 18.212 21.3537 17.9763 20.8752 17.9234 18.6279 17.6948 17.5983 17.3513 19.2955 43.858
threshold=-0.76061800122261036 -0.4449628591537475 0.89432641863822948 -9.2922525405883771 0.18558882176876071 -7.5688376426696768 -0.021814676932990548 1.5926254987716677 0.44529153406620031 0.73310095071792614 -7.6837780475616446 0.2877159863710404 -0.29256212711334223 -0.48402445018291468 1.4591596126556399 -0.23403029143810269 1.0000000180025095e-35 0.23524653166532519 -1.7477611303329466 1.8668912053108218 0.73923316597938549 -0.4867797046899795 1.2362509369850161 1.0970895886421206 -7.3680455684661856 -0.032019231468439095 -7.1351881027221671 -8.5729432106018049 0.41865575313568121 -0.74629700183868397
decision_type=2 2 2 2 2 2 2 2 2 2 2 2 2 2 2 2 2 2 2 2 2 2 2 2 2 2 2 2 2 2
left_child=1 21 4 -4 8 6 26 15 9 18 13 23 -11 -9 -12 16 -8 -13 -2 20 -14 -1 -23 24 -3 -5 -6 -20 29 -29
right_child=2 11 3 25 5 -7 7 10 -10 12 14 17 19 -15 -16 -17 -18 -19 27 -21 -22 22 -24 -25 -26 -27 -28 28 -30 -31
leaf_value=-0.00031219993815451949 -0.0078579031473832908 -0.001594939233864648 0.013162056921373788 -0.0070915596167720031 -0.0014105038933453454 0.0010046793242009849 -0.0071209169289832286 0.0079819170839960062 -0.0029742143499376667 0.0040986412991165068 -0.0017223952157186817 0.0017008993761539642 -0.0026041806893601486 -0.0019118517479848622 -0.013834963526186163 -0.0045830338573876542 -0.019130198088536408 0.014172434238336772 -0.0060282021606262032 0.004351302072621686 -0.011148597478979339 0.012805365338596362 0.0040489670800271382 0.00029029643236311314 -0.01296787333595263 -0.0022886386209155802 0.0078533581192549145 -0.0025780168425945131 0.0034925022603890191 0.0024508771801309732
leaf_weight=2188.7721422165632 513.72005969285965 1071.6476104110479 631.9946271032095 2217.2959590107203 10852.719536319375 15977.961037784815 1252.0875198096037 904.53826126456261 4223.0698727965355 1138.2310771644115 1048.434758067131 928.31975291669369 2283.708424448967 1509.6572865098715 581.82867383956909 3612.4316354840994 623.1326130181551 505.84001591801643 694.3034482896328 556.08741699159145 1071.8912756145 725.36564902961254 9677.9777815490961 8792.8348674476147 534.81645274162292 13982.556646689773 528.17256784439087 6106.6100572347641 12128.149619862437 14883.92076638341
leaf_count=8840 2060 4295 2531 8901 43477 64010 5017 3625 16916 4557 4202 3722 9144 6055 2334 14491 2496 2026 2781 2231 4300 2919 39032 35235 2144 56159 2116 24458 48608 59605
internal_value=3.46567e-05 0.00207191 -0.000476805 -0.00233757 -8.74484e-05 -0.00103927 -0.00260063 -0.00453961 0.000717971 0.00111461 -0.00138528 0.000225598 -0.00214735 0.00181273 -0.00610327 -0.00685764 -0.0111919 0.00616739 0.00159497 -0.00397063 -0.00535857 0.00380543 0.00467121 -0.000598968 -0.00543796 -0.00294999 -0.000974063 0.00174087 0.00190551 0.00098733
internal_weight=121748 24425.6 97322.5 16831.8 80490.7 36891 20913 9532.11 43599.7 39376.6 4044.46 11833.5 5049.92 2414.2 1630.26 5487.65 1875.22 1434.16 34326.7 3911.69 3355.6 12592.1 10403.3 10399.3 1606.46 16199.9 11380.9 33813 33118.7 20990.5
internal_count=488287 98213 390074 67591 322483 147823 83813 38220 174660 157744 16216 47422 20232 9680 6536 22004 7513 5748 137512 15675 13444 50791 41951 41674 6439 65060 45593 135452 132671 84063
is_linear=0
shrinkage=0.05


Tree=34
num_leaves=31
num_cat=0
split_feature=23 23 13 6 9 41 40 15 24 10 17 28 6 26 24 17 18 15 15 10 26 40 30 15 40 6 40 23 32 40
split_gain=62.7424 24.3122 30.8266 29.6853 20.1266 39.7499 26.5252 24.8071 26.9004 22.5338 22.22 27.8511 25.0377 22.5304 21.3113 19.3495 15.8623 15.7844 19.8286 18.2188 16.1646 15.2741 15.0326 14.7975 23.1333 14.1539 28.0691 13.4594 13.1195 13.2964
threshold=0.20439054816961291 0.89432641863822948 -8.7270827293395978 0.94531032443046581 -0.52208578586578358 0.6078576147556306 0.51128822565078746 -7.7037971019744864 2.5367776155471806 2.0588840246200566 0.44529153406620031 -0.27943104505538935 -0.79862284660339344 -0.76981428265571583 1.1906912922859194 -0.7265588343143462 0.65826228260993969 -8.013514041900633 -7.9025609493255606 -0.17698164284229276 -0.19804564118385312 -0.85034412145614613 -1.077092111110687 -7.58160376548767 0.33791351318359381 -0.53583702445030201 -0.81156626343727101 0.45257446169853216 0.41431830823421484 -0.51876831054687489
decision_type=2 2 2 2 2 2 2 2 2 2 2 2 2 2 2 2 2 2 2 2 2 2 2 2 2 2 2 2 2 2
left_child=25 4 3 -3 5 6 10 27 -9 -6 11 14 -13 -14 -2 -16 -8 19 -19 -4 -21 -20 -11 -24 -25 -1 -27 -7 -23 -30
right_child=1 2 17 -5 9 7 16 8 -10 22 -12 12 13 -15 15 -17 -18 18 21 20 -22 28 23 24 -26 26 -28 -29 29 -31
leaf_value=0.0027908051147779479 0.0093424714677514554 0.013697599982482761 0.00059860737904522069 -0.001474660121049306 -0.00089899383002299809 -0.01199807290681832 0.012247989067749323 0.0013343795713198266 -0.0097320146025585991 -0.003469080636360733 -0.0064108227248730696 -0.0030062399827619993 0.016833133382448618 0.0053335878589096768 -0.0076005990068126542 0.00036858138470406725 0.004409927489639749 0.0053866765130747224 -0.006587371779393736 -0.016256817964215055 -0.0047250184918791391 -0.0040358499310953044 -0.00099604271659144475 0.015735174784848295 0.0024974136835760265 0.0070451174098101199 -0.0016873489554636101 -0.0029822446722334323 0.0042803666186551391 -0.0016600030802232631
leaf_weight=20132.725966230035 534.61225616931915 553.41390542685986 499.97443716228008 749.58626168966293 56979.315632924438 806.86235474050045 783.72128209471703 3810.8213149905205 631.32546055316925 507.20002208650112 876.76895904541016 586.57739029824734 591.53931748867035 1516.9636827111244 917.18411420285702 4263.147770896554 3610.8179167956114 765.23691783845425 2250.3123316913843 628.041574254632 602.17270424962044 4707.1563536375761 513.00860680639744 639.49768130481243 680.12117990851402 1130.9589521586895 4746.5808564275503 857.25155867636204 1157.3530382364988 4871.3998040705919
leaf_count=81019 2141 2218 2004 3008 228280 3231 3142 15268 2528 2033 3513 2358 2369 6075 3673 17073 14485 3073 9040 2526 2425 18889 2056 2562 2726 4533 19030 3431 4649 19579
internal_value=-1.66672e-05 -0.000607484 -0.00233528 0.00502459 -0.000240635 0.00113986 0.00263645 -0.00221215 -0.000256722 -0.000701253 0.00111947 0.00191121 0.00609096 0.00862401 -6.70972e-05 -0.0010543 0.0058324 -0.00295756 -0.00238766 -0.00744734 -0.0106958 -0.00284957 0.00409746 0.00619905 0.00898263 0.00216088 2.06844e-06 -0.00739922 -0.00206071 -0.000514417
internal_weight=121902 95891.4 16784.6 1303 79106.7 19787.6 13681.3 6106.26 4442.15 59319.1 9286.79 8410.02 2695.08 2108.5 5714.94 5180.33 4394.54 15481.6 13751.5 1730.19 1230.21 12986.2 2339.83 1832.63 1319.62 26010.3 5877.54 1664.11 10735.9 6028.75
internal_count=488937 384355 67411 5226 316944 79287 54829 24458 17796 237657 37202 33689 10802 8444 22887 20746 17627 62185 55230 6955 4951 52157 9377 7344 5288 104582 23563 6662 43117 24228
is_linear=0
shrinkage=0.05


Tree=35
num_leaves=31
num_cat=0
split_feature=34 9 7 40 30 39 24 10 26 35 40 24 30 31 16 14 39 15 35 24 30 4 40 9 14 26 34 6 31 15
split_gain=57.2091 25.656 27.2697 24.0723 23.6854 20.9548 25.21 25.8088 22.968 20.3104 29.9114 27.9112 24.1444 18.8594 23.198 21.9622 24.4607 20.6953 18.641 18.4936 18.3028 17.9394 29.86 21.6319 19.7379 18.3823 25.8868 24.1589 17.7602 16.8298
threshold=0.16330825537443164 -0.48198489844799036 -1.1511976718902586 -0.99655601382255543 0.56255069375038158 -0.50376918911933888 2.8943980932235722 -0.2997420728206634 -0.055777426809072488 0.072555288672447218 -0.49621178209781641 1.1744916439056399 -0.38361845910549158 0.38495780527591711 -0.13714256882667539 -6.7871997356414786 0.87671843171119701 -7.5971984863281241 -0.0049158472102135411 1.8393969535827639 -1.2426225543022154 -0.15029360353946683 0.90813454985618602 0.76648902893066417 -8.9873313903808576 -0.21564878523349759 0.6891131103038789 -0.096278626471757875 -0.63960590958595265 -7.3312718868255606
decision_type=2 2 2 2 2 2 2 2 2 2 2 2 2 2 2 2 2 2 2 2 2 2 2 2 2 2 2 2 2 2
left_child=1 4 20 -4 13 9 7 8 -7 12 -11 -12 19 14 15 16 18 -15 -1 -5 -3 22 -2 -24 -23 26 27 -26 -16 -18
right_child=21 2 3 5 -6 6 -8 -9 -10 10 11 -13 -14 17 28 -17 29 -19 -20 -21 -22 24 23 -25 25 -27 -28 -29 -30 -31
leaf_value=0.0033834728302036109 0.0016782165857795951 -0.0049341931771742431 0.0072228964595753972 0.0054202518615831391 -0.00080893258867185285 0.0021395533400364484 0.0076715564586159642 -0.0025249218346466372 -0.0056670008115766645 0.010590525655671722 -0.007623362192654165 0.0032928068308380981 -0.0024428371193059542 0.0014237425900400233 0.0087793470943088002 -0.0063823675664929193 -0.00049721136162468192 0.01170053580376749 -0.0041679351180602207 -0.0049827533308737064 0.004933546955259575 0.0070484935239792023 -0.00029049050076226815 -0.012822628595087648 -0.0070574913069236305 -0.00044069121082281201 -0.0076744390015306627 -0.0015809938287442594 0.0031429660705045433 -0.0098784485251464851
leaf_weight=8218.7457753717899 8626.1435572504997 521.68846043944359 1051.8210316300392 2167.5037575811148 5843.9758743792772 6321.4588554799557 761.97623145580292 17976.311829224229 1097.1442295610905 1162.7034051269293 682.49592059850693 3791.5262530744076 5179.4268512278795 851.82011713087559 1632.0221380442381 961.55314761400223 1802.5403453707695 1152.9439345449209 898.86342123150826 523.12228161096573 4148.6360361725092 607.18893030285835 726.28466475009918 645.58653807640076 2277.6620074808598 12398.011134579778 2460.5932814478874 16927.1324223876 9607.6820657402277 641.21823002398014
leaf_count=32977 34554 2098 4212 8688 23475 25323 3051 71990 4398 4654 2732 15182 20756 3413 6586 3857 7223 4620 3600 2097 16694 2431 2913 2591 9127 49776 9922 67899 38618 2570
internal_value=0.00014468 0.000970453 0.000208625 -0.000206816 0.00206383 -0.000405612 -0.00123131 -0.00150135 0.00097896 0.00119314 0.00348133 0.0016143 -0.000448058 0.00271543 0.00232042 0.000839278 0.0014449 0.00736269 0.00263526 0.0033867 0.00382311 -0.00127864 0.000586839 -0.00623808 -0.0018166 -0.00197665 -0.00285499 -0.00223383 0.00396845 -0.00298898
internal_weight=121666 76997.2 45385.8 40715.5 31611.4 39663.7 26156.9 25394.9 7418.6 13506.8 5636.73 4474.02 7870.05 25767.4 23762.6 12522.9 11561.4 2004.76 9117.61 2690.63 4670.32 44668.6 9998.01 1371.87 34670.6 34063.4 21665.4 19204.8 11239.7 2443.76
internal_count=488027 308814 181875 163083 126939 158871 104762 101711 29721 54109 22568 17914 31541 103464 95431 50227 46370 8033 36577 10785 18792 179213 40058 5504 139155 136724 86948 77026 45204 9793
is_linear=0
shrinkage=0.05


Tree=36
num_leaves=31
num_cat=0
split_feature=35 33 12 42 14 24 29 14 16 10 9 16 10 24 36 12 10 22 14 14 39 6 28 39 8 14 30 34 39 7
split_gain=55.9758 28.6242 24.7215 24.15 32.5513 23.431 26.2765 27.1714 21.6252 18.6377 18.2859 17.5283 34.017 21.2048 23.4174 19.9363 17.2838 16.5257 16.5151 19.3707 23.0609 22.3849 20.2697 16.4747 22.5452 16.4685 16.2213 16.6404 15.8689 15.3957
threshold=0.22654014080762866 -0.21211480349302289 -6.4306433200836173 1.0000000180025095e-35 -7.7186210155487052 1.3694137334823611 -0.27669593691825861 -7.0185828208923331 -0.21460216492414472 -1.438196539878845 0.27407062053680425 0.16015932708978656 -0.73361924290657032 1.7320073843002322 0.98185113072395336 -9.2922525405883771 0.13973986357450488 0.98504188656806957 -7.0185828208923331 -7.9523420333862296 0.013089470565319063 -0.53583702445030201 -0.89008459448814381 0.51128822565078746 0.021086779423058036 -7.8195762634277335 0.63652932643890392 -0.77241358160972584 -0.44228447973728174 -0.68311646580696095
decision_type=2 2 2 2 2 2 2 2 2 2 2 2 2 2 2 2 2 2 2 2 2 2 2 2 2 2 2 2 2 2
left_child=1 3 5 4 23 -2 7 10 9 -5 -7 13 -13 15 16 -3 28 -6 19 20 -10 -22 -21 24 -1 -16 -19 -28 -15 -11
right_child=2 11 -4 8 17 6 -8 -9 18 29 -12 12 -14 14 25 -17 -18 26 -20 22 21 -23 -24 -25 -26 -27 27 -29 -30 -31
leaf_value=0.0023968576406878141 -0.0037964925688508603 0.0090059349247316785 0.0077889126796643424 0.0089191936023070486 -0.0051496804025522791 -0.0066397346129076903 -0.0019606243584971597 0.0089996090850905756 0.011310737722872475 -0.003660837014473891 0.001339892860175617 0.004259326965224396 -0.0036078076230968981 -0.00060949328185993037 0.0077662433445995624 0.00092460544015844593 0.0017432668986140669 0.0037639268636822675 0.013787858824320046 0.0084935668914643322 0.0064379270314280359 -0.0054230207086452993 -7.4065672037934277e-06 -0.0046959296408989127 -0.0071844302096785639 3.3742855405973495e-05 -0.0073929487705986299 0.0019340250678144242 -0.0047426780314020929 0.0023277275629801099
leaf_weight=2731.0823559761047 10858.395739659667 776.18950062990189 670.72057750821114 613.39892974495888 693.77395632863045 818.32404559850693 20912.765475198627 1033.271966189146 1694.1788682341576 1917.4925230592489 5378.385128185153 1687.271526709199 7225.3091811835766 3863.0461874753237 1051.2367115616798 26292.542327016592 2270.6084934175014 8385.8047966063023 496.85225701332092 903.8309391438961 1561.5535804033279 524.11212149262428 3013.7558677643538 3218.6163363009691 781.19362460076809 1961.1690071374178 696.57210478186607 1470.9379892200232 5825.1012717634439 2411.7157056927681
leaf_count=10981 43588 3108 2686 2466 2781 3280 83962 4140 6829 7714 21557 6760 28931 15473 4210 105285 9091 33717 2003 3633 6294 2101 12148 12921 3129 7855 2810 5907 23327 9670
internal_value=-0.000118196 0.000627239 -0.00166001 0.00182193 0.000630524 -0.00182446 -0.00106251 0.0015344 0.00345065 0.00083614 0.000277121 -0.000102528 -0.00211535 0.000324597 -0.00118486 0.00115958 -0.00217724 0.00227568 0.00502472 0.00444193 0.00699147 0.00344571 0.00197049 -0.00211777 0.000251459 0.00274891 0.00276823 -0.00108357 -0.00309694 -0.000327051
internal_weight=121739 82067.3 39671.9 31114.9 17978 39001.1 28142.7 7229.98 13136.9 4942.61 6196.71 50952.5 8912.58 42039.9 14971.2 27068.7 11958.8 11247.1 8194.28 7697.43 3779.84 2085.67 3917.59 6730.89 3512.28 3012.41 10553.3 2167.51 9688.15 4329.21
internal_count=488357 329144 159213 125104 72246 156527 112939 28977 52858 19850 24837 204040 35691 168349 59956 108393 47891 45215 33008 31005 15224 8395 15781 27031 14110 12065 42434 8717 38800 17384
is_linear=0
shrinkage=0.05


Tree=37
num_leaves=31
num_cat=0
split_feature=36 23 13 29 33 14 9 9 30 39 39 30 30 9 13 9 40 39 15 14 11 41 39 31 30 6 30 9 28 40
split_gain=41.7782 28.5289 34.5194 24.1178 23.0656 26.3361 22.9162 21.4082 22.9835 17.9958 20.139 17.8956 18.2598 17.3636 16.2186 16.1674 16.104 24.4514 20.4587 23.3941 17.0804 15.7993 14.9622 14.9197 25.5379 20.2442 16.1673 14.8532 14.3747 13.7916
threshold=-0.99363571405410755 0.90514928102493297 -8.7270827293395978 -0.50150313973426808 -0.28801907598972315 -8.7088017463684064 -0.64968553185462941 -1.5069402456283567 0.0972309745848179 0.56999135017395031 0.78530946373939525 -0.51233226060867298 -0.12789180129766461 1.2882410287857058 -7.4458558559417716 0.92786484956741344 0.41865575313568121 -0.34611377120018 -7.3680455684661856 -7.2412965297698966 1.0000000180025095e-35 -0.60785761475563038 0.30486139655113226 0.30132411420345312 1.0977357029914858 -0.83967477083206166 -1.9060676693916319 0.80435189604759227 -0.76316004991531361 -0.85939824581146229
decision_type=2 2 2 2 2 2 2 2 2 2 2 2 2 2 2 2 2 2 2 2 2 2 2 2 2 2 2 2 2 2
left_child=4 3 -3 9 11 -6 7 8 -5 13 21 -1 -13 15 22 -2 18 -18 19 -9 -20 -11 -7 26 25 -25 -8 -16 -12 -4
right_child=1 2 29 6 5 14 23 16 -10 10 28 12 -14 -15 27 -17 17 -19 20 -21 -22 -23 -24 24 -26 -27 -28 -29 -30 -31
leaf_value=-0.0022642776229280927 0.0033585779785057224 0.0069272680168406533 -0.0058549688083666777 0.0018591247397760037 -0.013733510641759117 -0.0018063519313749638 0.0036935354101343869 0.00091923819780124225 -0.0071478405903156227 0.0031515351845887041 0.0047361959171820346 0.0081331186265619481 0.00028739208257402225 0.010725936122758448 0.002785526780689497 -0.0039281106096390591 0.010536176562982358 0.0026505318382710431 0.0021390690744088428 -0.010064944954655394 0.010068005790329468 -0.0064839455279947352 -0.0058030945177330847 0.00874021012138145 0.01106740275465324 0.00034133568029616647 -0.00084471909358852502 -0.0062567403943967342 -0.00080544338822243335 -0.0015335650287817762
leaf_weight=3219.3597863465548 12699.866155326366 1098.5899658054113 2210.6450807452202 1780.3536212742329 566.28500425815582 4848.9628359079361 2063.3841117471457 4334.1958009004593 1162.8471829593182 580.69320574402809 2395.0174754858017 1117.7918037176132 2167.9578167796135 744.79417625069618 1991.6361954957247 801.55714665353298 1535.3940993100405 2728.5350188910961 1927.8030221015215 535.63620154559612 1045.0044507235289 1530.9253333956003 4542.6772053688765 752.97841273248196 631.35835866630077 12044.480251178145 36733.552109852433 577.55130510032177 2274.3411692380905 11039.328503385186
leaf_count=12935 51052 4407 8887 7142 2269 19438 8268 17379 4668 2335 9601 4494 8719 2985 7978 3213 6169 10951 7732 2147 4190 6146 18205 3018 2529 48297 147198 2316 9138 44360
internal_value=0.000117343 0.000516311 -0.00155079 0.000852339 -0.00203366 -0.00328717 0.000390221 0.00210858 -0.00171165 0.00232997 0.000209254 0.000381609 0.00297304 0.00333855 -0.00278153 0.00292339 0.00303795 0.00550807 0.00168968 -0.00030707 0.00495067 -0.00383183 -0.00374367 -0.000105263 0.00133058 0.000841948 -0.000602466 0.000736455 0.00204103 -0.00225843
internal_weight=121684 102651 14348.6 88302.7 19032.2 12527.1 67275.5 15049.8 2943.2 21027.2 6780.98 6505.11 3285.75 14246.2 11960.8 13501.4 12106.6 4263.93 7842.64 4869.83 2972.81 2111.62 9391.64 52225.8 13428.8 12797.5 38796.9 2569.19 4669.36 13250
internal_count=488166 411812 57654 354158 76354 50206 269688 60378 11810 84470 27220 26148 13213 57250 47937 54265 48568 17120 31448 19526 11922 8481 37643 209310 53844 51315 155466 10294 18739 53247
is_linear=0
shrinkage=0.05


Tree=38
num_leaves=31
num_cat=0
split_feature=33 41 41 6 15 15 31 42 39 37 31 34 6 39 40 7 15 39 31 31 15 35 25 39 39 15 19 9 9 12
split_gain=31.7041 21.5911 33.6666 24.6414 23.6242 24.8827 17.9018 17.8678 20.8925 18.4546 18.2389 17.5725 17.429 18.1645 16.8419 18.3439 17.8084 16.5511 20.2253 18.3016 22.5366 17.8201 28.2531 15.8041 15.0017 22.9925 27.1193 20.637 24.1788 23.3192
threshold=-0.24165043979883191 -0.60785761475563038 -0.87837970256805409 -1.3534642457962034 -7.3841001987457267 -7.585577964782714 0.39757883548736578 0.81174489855766307 -0.94692111015319813 -0.27242101728916163 -0.18077101558446881 0.72030606865882885 -0.71003589034080494 0.9496901035308839 -0.59831890463829029 -0.88556602597236622 -7.1998553276062003 -0.44228447973728174 0.75159829854965221 -0.25014078617095942 -8.1678500175476056 0.72310131788253795 0.84849196672439586 0.88497918844223034 0.03053822182118893 -7.664778232574462 0.80829328298568737 -1.2726490497589109 -0.52208578586578358 -7.7503101825714102
decision_type=2 2 2 2 2 2 2 2 2 2 2 2 2 2 2 2 2 2 2 2 2 2 2 2 2 2 2 2 2 2
left_child=1 2 23 -4 5 7 14 8 -3 -9 -11 17 13 -10 15 -6 -17 19 24 -2 -21 -22 -23 -1 -19 26 -26 -27 29 -29
right_child=11 4 3 -5 6 -7 -8 9 12 10 -12 -13 -14 -15 -16 16 -18 18 -20 20 21 22 -24 -25 25 27 -28 28 -30 -31
leaf_value=0.0017211957451724593 0.0030477499436680367 0.0080182395472001775 0.013365340003353857 0.0044527000140193529 0.010433540660591614 -0.0036218127882451331 0.010719431397191493 -0.0009358228713984419 0.0016001764559194932 0.0021578985895090025 0.010902065260272058 -0.0029714513235235694 -0.0051009136544394691 -0.0082068064510916316 0.00048862513595431824 -0.004661754919732794 0.0065695985987144039 -0.0025142216430256775 0.0049947984280138162 0.0048431105088090516 -0.00087045824506910656 0.014121965362289457 -0.0012411057214392089 -0.0057711770018175207 -0.0041290281510601287 -0.0054957439566452968 0.00048252919208755722 0.00040793144402205355 -6.3839202625503666e-05 0.0074671920679165484
leaf_weight=4020.6693249344826 6270.7796740084887 599.12794637680054 982.28825780749321 3649.3468470871449 1039.0477314740419 4847.0472932010889 618.00998978316784 1524.5493289083242 3553.6135484725237 1338.8187608718872 1074.5465687513351 6627.8994029313326 2340.8903129398823 534.29189597070217 5819.0973871201277 615.00560607016087 801.98682402074337 12325.791763171554 1438.2180269509554 2165.6848195642233 19560.598822489381 514.39299643039703 693.6502387970686 842.78485213220119 7627.2523867189884 1399.8823205977678 5469.1041814237833 2334.0321367233992 18938.786592423916 2337.9216359704733
leaf_count=16165 25127 2406 3989 14681 4191 19477 2477 6133 14291 5390 4311 26698 9377 2145 23395 2466 3216 49414 5769 8682 78363 2061 2783 3382 30558 5606 21916 9347 75900 9367
internal_value=5.44614e-06 0.00129646 0.00332161 0.00636764 0.000517123 -0.000642425 0.00257732 0.000676605 -0.000834343 0.00336845 0.00608014 -0.00049809 -0.00167053 0.000301498 0.00195704 0.00542006 0.00169644 -0.000295554 -0.000831545 0.000656376 1.47524e-06 -0.000505482 0.00536283 0.000413669 -0.000998656 -0.000507911 -0.00220432 0.000380908 0.000731514 0.0039489
internal_weight=121905 34201.1 9495.09 4631.64 24706 15812.9 8893.15 10965.8 7027.92 3937.91 2413.37 87704 6428.8 4087.91 8275.14 2456.04 1416.99 81076.1 51871 29205.1 22934.3 20768.6 1208.04 4863.45 50432.8 38107 13096.4 25010.6 23610.7 4671.95
internal_count=489083 137492 38217 18670 99275 63530 35745 44053 28219 15834 9701 351591 25813 16436 33268 9873 5682 324893 207877 117016 91889 83207 4844 19547 202108 152694 52474 100220 94614 18714
is_linear=0
shrinkage=0.05


Tree=39
num_leaves=31
num_cat=0
split_feature=34 11 28 28 22 12 10 9 22 13 15 23 15 42 15 34 15 10 22 41 41 22 13 8 39 15 39 8 22 17
split_gain=35.3033 24.2943 31.9395 24.6562 22.2138 20.4694 20.2008 19.5268 19.1272 18.8418 17.9594 18.0604 17.7166 15.4148 15.3577 15.2575 15.5611 15.4974 14.7625 14.5866 31.036 19.7096 18.4961 14.2067 14.8672 14.1208 30.4316 22.3199 16.4421 17.5749
threshold=0.50452539324760448 0.12815067917108539 -1.250508666038513 -0.39964891970157618 1.7824019789695742 -7.4780142307281485 0.75864329934120189 -0.66135242581367482 1.4802667498588564 -6.6311058998107901 -6.85797095298767 0.20439054816961291 -8.4570713043212873 0.81174489855766307 -7.8847961425781241 0.1906353905797005 -7.3882141113281241 -0.028704975731670853 1.4229217767715456 -0.60785761475563038 -0.87837970256805409 1.8504216670989992 -8.0100684165954572 0.95978185534477245 -0.83146169781684864 -7.5742650032043448 -0.18652226030826566 1.3576328158378603 2.2415159940719609 -0.16433306783437726
decision_type=2 2 2 2 2 2 2 2 2 2 2 2 2 2 2 2 2 2 2 2 2 2 2 2 2 2 2 2 2 2
left_child=1 3 14 6 5 23 10 -7 -8 19 11 -1 -5 -9 -3 -16 17 -17 -18 20 22 -22 -2 24 -4 28 -27 -28 29 -21
right_child=9 2 4 12 -6 7 8 13 -10 -11 -12 -13 -14 -15 15 16 18 -19 -20 25 21 -23 -24 -25 -26 26 27 -29 -30 -31
leaf_value=0.0043818958305897465 0.0068885861002369866 -0.005636107115048721 0.0022934037949445085 0.006538089074756938 0.0032422620337438091 0.0088142599462340456 -0.0037891143411407863 0.00025859139739664187 0.0039242042979432514 0.005672293305647654 0.006958143877487011 0.0012721010966237443 -0.00052969481204681297 0.008775357705218664 -0.00069956918236572466 -0.0084280575753577433 -0.0042278634922548524 0.0018479385509010068 -0.013803734234339416 0.0025396529919695914 -0.0058601650881991291 -0.016740899450931993 -0.0038602595897400576 -0.0055699869513288003 -0.0015178986855914568 0.00052433560030642741 -0.0033828351859648159 -0.012079161563449828 0.0057711809245412663 -0.0039410975739903511
leaf_weight=5921.3102606385946 518.79052990674973 2900.7107092440128 3203.3365978300571 910.91716538369656 5520.1745787411928 885.69549053907394 2779.9793654829264 6380.1510832458735 1119.7707703709602 699.51488375663757 1890.9003896862268 22009.584823429585 23832.271135896444 569.61701698601246 10600.063309684396 509.81284637749195 1079.0692804902792 1238.786859869957 645.48288783431053 1783.315069720149 1071.2061448991299 690.05839869379997 1638.3177987039089 1677.7120944559574 12559.166790172458 2607.0877381563187 1898.7664246857166 1209.0170505344868 1026.4460589438677 2502.8769011050463
leaf_count=23812 2088 11629 12838 3660 22187 3559 11136 25566 4487 2802 7581 88152 95684 2284 42469 2045 4331 4976 2590 7172 4328 2790 6593 6728 50346 10476 7638 4866 4125 10070
internal_value=-7.83138e-05 0.000248322 -0.000588099 0.00093172 0.000371818 -0.000256117 0.00181107 0.00186524 -0.00156995 -0.00229496 0.00225358 0.00193271 -0.000266959 0.000968248 -0.00232887 -0.00164368 -0.00451484 -0.00117897 -0.00787094 -0.00267139 -0.0052887 -0.0101937 -0.00125527 -0.00120971 -0.000742383 -0.00173745 -0.00346025 -0.00679385 0.000118818 -0.00124508
internal_weight=121880 106235 47769.8 58464.7 30795.9 25275.7 33721.5 7835.46 3899.75 15645.4 29821.8 27930.9 24743.2 6949.77 16973.9 14073.2 3473.15 1748.6 1724.55 14945.9 3918.37 1761.26 2157.11 17440.2 15762.5 11027.5 5714.87 3107.78 5312.64 4286.19
internal_count=489008 426060 191548 234512 123508 101321 135168 31409 15623 62948 119545 111964 99344 27850 68040 56411 13942 7021 6921 60146 15799 7118 8681 69912 63184 44347 22980 12504 21367 17242
is_linear=0
shrinkage=0.05


Tree=40
num_leaves=31
num_cat=0
split_feature=29 41 14 33 34 15 13 11 10 23 24 28 24 15 14 37 13 43 5 16 14 26 4 24 10 6 16 11 10 15
split_gain=39.1971 22.4431 25.6047 19.3493 19.0698 16.7847 17.041 16.772 18.9641 21.8373 17.7543 17.6809 16.5868 16.4448 16.3344 15.9059 18.6955 16.847 24.2975 19.3582 18.32 15.5379 14.7509 14.6118 16.2529 14.5733 17.393 14.2031 13.745 22.3511
threshold=-0.46355700492858881 -0.60785761475563038 -7.2052011489868155 -0.40066845715045923 0.62174230813980114 -7.3393390178680411 -8.3578300476074201 -0.8159888982772826 0.3594754040241242 0.27097401022911077 1.9118331670761111 0.23925176262855533 0.88403284549713146 -7.1943464279174796 -6.9497375488281241 0.18455918878316882 -8.7270827293395978 0.36666667461395269 -0.58886092901229847 -0.54412323236465443 -8.8697161674499494 -2.0640168190002437 -0.82882112264633168 1.5077275633811953 0.14946334064006808 0.76279357075691234 -0.10588373243808745 -0.03109182137995958 0.019750707782804969 -7.8635985851287833
decision_type=2 2 2 2 2 2 2 2 2 2 2 2 2 2 2 2 2 2 2 2 2 2 2 2 2 2 2 2 2 2
left_child=1 3 -3 -1 12 6 27 -4 10 -10 11 -9 22 -7 -6 17 21 18 19 -14 -19 -17 -2 24 -8 -18 -27 -5 29 -24
right_child=4 2 7 5 14 13 23 8 9 -11 -12 -13 15 -15 -16 16 25 20 -20 -21 -22 -23 28 -25 -26 26 -28 -29 -30 -31
leaf_value=0.0068712285334255026 -0.010801526944551351 -0.00014655097140326475 0.010305742341499998 0.0048683985561910649 -0.0034124369836451771 -0.009109542606153943 0.0075552544915176989 0.0088400232681428853 0.014897836344513566 0.0013813817651420006 -0.0080337634064332319 -0.0025227869773944414 -0.0059216603951388934 0.0016376739750261174 0.0028570714266251355 -0.00073279369071939621 0.0012767168092658182 -0.0083933615689321516 -0.0026190013654548935 0.0027036101505682167 0.0003027550111934228 0.0098028652171640255 -0.0082959257715677533 0.010731535281054486 -0.003119424254079177 0.0004845191002218189 -0.0051135579348174321 -0.0063461217169464212 -0.0049968700311923053 0.0036693200569737094
leaf_weight=3158.5323608070612 546.49419087171555 16670.079024374485 892.26956129074097 500.90387161076069 8337.0479730218649 576.41033424437046 792.54529565572739 604.25949254631996 533.22869591414928 669.24478694796562 550.89903004467487 765.89256201684475 759.59470461308956 899.40482886135578 1178.8948976844549 528.03125150501728 18285.74575561285 607.64785881340504 16271.798191949725 4204.914797142148 31147.153563767672 1020.0365606695414 507.12799324095249 990.95697939395905 633.95347061753273 3781.0125696659088 2180.4553625881672 621.78455989062786 2074.0585875362158 1581.9821279793978
leaf_count=12768 2191 66937 3589 2009 33606 2311 3179 2427 2143 2681 2214 3084 3046 3606 4731 2116 73281 2436 65214 16884 124878 4088 2031 3974 2541 15161 8746 2493 8309 6335
internal_value=-1.45445e-05 0.0015949 0.000717623 0.00381129 -0.000514051 0.00187462 0.00373911 0.00429637 0.00255232 0.0074486 -0.000535187 0.00251614 -0.000272208 -0.00259293 -0.00263355 -9.97212e-05 0.000918313 -0.000595365 -0.00168518 0.00137465 0.000133759 0.00622761 -0.00315135 0.00609547 0.00282261 0.000576912 -0.00156816 -0.00134379 -0.00212365 0.000739092
internal_weight=121872 28860.4 20685.9 8174.49 93012 5015.96 3540.14 4015.79 3123.52 1202.47 1921.05 1370.15 83496.1 1475.82 9515.94 78786.4 25795.3 52991.1 21236.3 4964.51 31754.8 1548.07 4709.66 2417.46 1426.5 24247.2 5961.47 1122.69 4163.17 2089.11
internal_count=489009 115956 83075 32881 373053 20113 14196 16138 12549 4824 7725 5511 334716 5917 38337 315850 103392 212458 85144 19930 127314 6204 18866 9694 5720 97188 23907 4502 16675 8366
is_linear=0
shrinkage=0.05


Tree=41
num_leaves=31
num_cat=0
split_feature=25 15 25 3 41 14 10 9 14 14 15 28 30 9 30 15 35 15 15 28 15 25 5 7 14 42 6 41 21 25
split_gain=26.3513 21.6592 19.1348 18.4106 19.1905 42.4435 20.9227 19.2413 18.4381 20.0121 18.3584 22.5639 18.1109 24.6301 17.5294 16.341 28.6151 16.7491 15.4348 17.3189 15.1089 15.5381 15.105 16.2999 19.4353 23.3657 23.3528 19.0516 23.1289 16.2696
threshold=0.86593759059906017 -6.7399990558624259 0.20900283753871921 -2.1843360662460323 0.6078576147556306 -8.0620384216308576 0.7850075662136079 -1.7915287613868711 -8.4435305595397931 -8.1605420112609846 -7.0841407775878897 -1.3625819087028501 -1.4290912151336668 -0.29684437811374659 0.30719791352748876 -7.6786856651306143 -0.014212415087968109 -7.58160376548767 -7.3882141113281241 0.49555967748165136 -7.099320411682128 0.25396059453487402 -0.31269574165344233 0.29190813004970556 -8.8697161674499494 1.0000000180025095e-35 -0.77262583374977101 -1.0000000180025095e-35 0.26322543621063238 0.24264012277126315
decision_type=2 2 2 2 2 2 2 2 2 2 2 2 2 2 2 2 2 2 2 2 2 2 2 2 2 2 2 2 2 2
left_child=1 3 -3 -1 22 6 8 -7 -6 -10 -2 -12 13 -9 -14 16 -16 -17 19 -19 21 -20 23 24 -5 -26 27 28 -27 -24
right_child=10 2 -4 4 5 7 -8 12 9 -11 11 -13 14 -15 15 17 -18 18 20 -21 -22 -23 29 -25 25 26 -28 -29 -30 -31
leaf_value=0.0044285659153419981 -0.0012764644252832385 0.011993935183199753 0.0023361811012453967 -0.0073378649507650539 0.002742522751963915 -0.0074982862818264301 -0.015785799930285459 -0.0029961735180744284 -0.010826717918110768 -0.00091960125548277028 -0.015198033950864246 -0.003388225614118594 -0.0015435403005112304 0.0092850265753512302 -0.0070004673758102629 0.0090094623305482704 0.0045617225693123679 0.0033798668890896418 0.013919728411929622 -0.0068183127854258077 -0.0015897587147807504 0.0036146987320221854 0.0020787466391241085 0.0037067576334422802 -0.00032718403336962082 0.013100838593074116 0.00058884640521300222 0.0025444975854728102 0.00065084634629715052 -0.00061708510350582486
leaf_weight=2344.0430121123791 14219.925250828266 606.37114483118057 3104.3337873965502 719.30135488510132 628.17898029088974 920.96415016055107 503.47208079695702 642.98769657313824 1298.0631212741137 838.45369146764278 515.22787795960903 1799.7512748837471 14900.42901737988 1089.8401491940022 1276.0176068991423 925.86515465378761 907.53453640639782 760.18950968980789 503.19804441928864 898.14805696904659 829.87878866493702 1313.3246947973967 6611.3973159193993 5584.2202899158001 13547.844349578023 1305.8510442376137 4546.6501762717962 2055.8025822788477 522.15637423098087 36157.161428034306
leaf_count=9465 57221 2446 12441 2895 2517 3697 2018 2577 5202 3360 2071 7235 59724 4366 5116 3711 3634 3046 2024 3603 3329 5260 26519 22367 54414 5291 18239 8283 2108 144879
internal_value=-9.58707e-05 0.000195468 0.00394236 5.8289e-05 -4.53235e-05 -0.00114776 -0.0064968 -0.000445287 -0.00475441 -0.00696117 -0.00195095 -0.00607071 -0.000172168 0.00473689 -0.000555329 0.00143011 -0.00219607 0.00294518 0.00162302 -0.00215118 0.00398727 0.00652989 0.000392901 0.0012892 0.00069304 0.000959091 0.00302409 0.00586611 0.00956748 -0.00019996
internal_weight=121877 105342 3710.7 101631 99286.9 28236.5 3268.17 24968.4 2764.7 2136.52 16534.9 2314.98 24047.4 1732.83 22314.6 7414.16 2183.55 5230.6 4304.74 1658.34 2646.4 1816.52 71050.4 28281.8 22697.6 21978.3 8430.46 3883.81 1828.01 42768.6
internal_count=489058 422531 14887 407644 398179 113184 13097 100087 11079 8562 66527 9306 96390 6943 89447 29723 8750 20973 17262 6649 10613 7284 284995 113597 91230 88335 33921 15682 7399 171398
is_linear=0
shrinkage=0.05


Tree=42
num_leaves=31
num_cat=0
split_feature=33 15 8 40 11 28 40 15 16 22 35 24 22 35 22 17 35 4 15 15 28 35 1 43 43 43 21 21 22 15
split_gain=28.0923 19.1278 15.3706 22.4452 19.9476 32.4469 30.0116 28.0516 22.9305 22.5254 16.6193 16.8494 16.5318 16.4617 30.1878 16.1639 18.1672 17.0174 17.6993 15.636 15.0096 15.1756 14.0671 16.0924 18.0045 15.46 14.0191 13.8147 25.7567 21.2548
threshold=-0.40718601644039149 -6.7399990558624259 0.54705116152763378 0.7743852734565736 -0.8968968093395232 -1.8602784276008604 0.66587534546852123 -7.3521976470947257 -0.066455557942390428 1.0965909957885744 -0.24867805093526837 1.8545992970466616 2.456891775131226 0.61677163839340221 1.7044738531112673 0.56369763612747203 0.46524173021316534 -0.16838277876377103 -7.4384751319885245 -7.5894742012023917 0.10317427292466165 -0.50271591544151295 -2.2568686008453365 0.16666667163372043 0.56666669249534618 0.56666669249534618 0.6668686866760255 0.48667433857917791 1.4064292311668398 -8.4230589866638166
decision_type=2 2 2 2 2 2 2 2 2 2 2 2 2 2 2 2 2 2 2 2 2 2 2 2 2 2 2 2 2 2
left_child=1 22 4 12 5 8 7 9 -2 -7 11 -8 27 -6 -15 16 19 -18 -19 -5 21 -9 25 -24 -25 -1 -12 28 -4 -29
right_child=2 -3 3 15 13 6 10 20 -10 -11 26 -13 -14 14 -16 -17 17 18 -20 -21 -22 -23 23 24 -26 -27 -28 29 -30 -31
leaf_value=0.0021062142377283543 0.0094882460576012871 0.009923456123721296 -0.0021353520737481084 0.001226938261801566 -0.0004788993288426304 -0.0059762376297960466 0.013748937996708994 -0.013516502477312446 -0.0019784310781825803 0.003547427678547278 0.0061763459972993782 0.0020128546232258673 0.0049915469262977333 0.0062082916055052071 -0.0073344756668735304 0.004562856973961007 -0.015793008985173652 -0.01008111596416595 -0.00018515452506576269 -0.0048911466382107896 0.0014149737995702639 -0.0042136275195227973 0.0040343773474132072 -0.00149836631897046 0.0020077271600605056 0.011919998026910069 -0.0050966218011338094 0.0068569770798445617 0.0033707512832076426 -0.0020326737490295689
leaf_weight=1099.8765546232462 1975.3844598680735 674.12015581130981 3943.0341805070639 1745.9829611033201 53347.272927761078 758.9910649061203 792.31060184538364 590.20625720918179 554.74548201262951 3222.2561684846878 575.55830197036266 500.53500325977802 1282.0159690827131 2105.1049205362797 501.95235842466354 542.53000202775002 521.66947622597218 977.35043816268444 833.76664085686207 2576.365402624011 761.72187006473541 1688.6862165182829 3522.9255287647247 7233.6743145436049 7394.8374205380678 626.91290937364101 511.55559977889061 692.71136300265789 4581.2849265784025 15766.456467926502
leaf_count=4443 7915 2722 15792 7011 213739 3040 3182 2366 2223 12910 2305 2008 5154 8440 2015 2175 2096 3944 3360 10339 3053 6764 14195 29130 29784 2533 2049 2781 18355 63357
internal_value=1.6332e-05 0.0017014 -0.000325513 -0.00120237 0.000106827 0.00196196 0.000606594 -0.00103925 0.00697622 0.0017214 0.00544653 0.00925555 -0.000523902 -0.00028905 0.00358276 -0.00367403 -0.00435134 -0.00789935 -0.00555144 -0.00242266 -0.0046477 -0.00667149 0.00141772 0.00100578 0.000274155 0.00571724 0.0008736 -0.000808809 0.000824314 -0.0016546
internal_weight=121902 20552.3 101349 33463.2 67886.3 11932 9401.82 7021.86 2530.13 3981.25 2379.96 1292.85 26265.5 55954.3 2607.06 7197.66 6655.13 2332.79 1811.12 4322.35 3040.61 2278.89 19878.2 18151.4 14628.5 1726.79 1087.11 24983.5 8524.32 16459.2
internal_count=489180 82807 406373 134364 272009 47815 37677 28133 10138 15950 9544 5190 105439 224194 10455 28925 26750 9400 7304 17350 12183 9130 80085 73109 58914 6976 4354 100285 34147 66138
is_linear=0
shrinkage=0.05


Tree=43
num_leaves=31
num_cat=0
split_feature=8 9 8 30 11 40 11 22 37 10 28 22 14 13 28 14 12 10 13 25 40 22 22 29 40 14 26 13 11 40
split_gain=37.4924 18.6284 18.546 27.1529 27.0677 22.8464 30.2202 21.1326 24.5708 20.0465 20.3888 19.1054 21.0317 30.5996 20.031 18.6598 19.3852 20.7783 25.472 18.082 16.9472 16.7004 16.3967 16.2669 16.1204 15.8242 16.7522 15.8005 15.3426 15.2374
threshold=0.53700399398803722 2.1979465484619145 -0.73268601298332203 0.98658576607704174 0.4861512184143067 1.0000000180025095e-35 2.9022744894027714 1.5382450819015505 0.044700678437948234 -1.8465002775192259 -0.80152803659439076 0.99682322144508373 -6.911231040954589 -7.3749005794525138 -2.5695078372955318 -8.0251846313476545 -8.2979598045349103 0.45090383291244512 -7.094648838043212 0.94267940521240245 0.48098418116569525 1.2547332644462588 1.4106162190437319 0.57305416464805614 -0.91530275344848622 -8.2465548515319806 -1.4284895062446592 -7.7073869705200186 -0.063033465296030031 -0.81156626343727101
decision_type=2 2 2 2 2 2 2 2 2 2 2 2 2 2 2 2 2 2 2 2 2 2 2 2 2 2 2 2 2 2
left_child=1 2 3 11 9 15 7 8 -7 10 -4 -1 13 14 -13 25 -17 18 21 -2 -9 -18 -23 -10 -19 -6 -27 -21 -15 -29
right_child=19 -3 4 -5 5 6 -8 20 23 -11 -12 12 -14 28 -16 16 17 24 -20 27 -22 22 -24 -25 -26 26 -28 29 -30 -31
leaf_value=-0.0025972739177006028 -0.00078383289579311084 0.0089491883061382366 0.00073535832505028983 -0.0033994562491801539 0.00011909994274517746 -0.0035870272475338749 -0.014135139326513524 -0.011699023152553211 0.0042940702229179069 0.0005766597769532605 0.011316580605106341 -0.006508858827375447 -0.0024315902341087818 0.0047886630732601977 0.0025407519787660781 0.010684171064111942 0.0048319037058927733 -0.0022305619038462707 -0.011907586906329088 -0.0013919238882044308 -0.0034010277542710654 -0.010195237653178334 0.0003084189879735506 -0.0053961823412220361 0.0064155354377699175 -0.012504105683851003 -0.0010246659394236759 -0.014003616915646892 0.011315156862417441 -0.0046753263438991605
leaf_weight=1841.5085618793964 28847.566588431597 655.47337418794632 928.32856969535351 2331.1788334995508 1760.8949843943119 3639.9891784638166 575.60253696143627 886.47160738706589 2402.361943334341 39769.586467862129 886.2029116153717 630.72040909528732 1800.8446357995272 2602.0502086132765 13661.511610031128 548.47645036876202 1140.5549748986959 724.92866510152817 505.95066814124584 3432.3616866022348 2005.4056821018457 527.19257099926472 1203.1359224170446 518.88288688659668 2046.0685157179832 676.79436084628105 595.15457265079021 528.54382912814617 1391.8305409550667 2468.2459908127785
leaf_count=7383 115720 2628 3723 9373 7059 14590 2308 3555 9630 159404 3556 2530 7244 10478 54965 2197 4567 2905 2028 13850 8049 2112 4825 2081 8198 2712 2386 2130 5603 9943
internal_value=5.41305e-05 0.000615744 0.000550894 0.00172087 8.79855e-05 -0.00143532 -0.00310872 -0.00242309 -0.000850328 0.000811924 0.00593684 0.0022665 0.00271347 0.00322122 0.00213712 0.000291032 0.00176421 0.000952359 -0.00167915 -0.00131889 -0.00597623 0.000158534 -0.002932 0.00256031 0.00415372 -0.00295675 -0.00718268 -0.00371472 0.00708567 -0.00636166
internal_weight=121534 86257.1 85601.6 24259.6 61342 19757.9 10028.7 9453.11 6561.23 41584.1 1814.53 21928.5 20087 18286.1 14292.2 9729.15 6696.31 6147.83 3376.83 35276.7 2891.88 2870.88 1730.33 2921.24 2771 3032.84 1271.95 6429.15 3993.88 2996.79
internal_count=487732 346089 343461 97576 245885 79202 40213 37905 26301 166683 7279 88203 80820 73576 57495 38989 26832 24635 13532 141643 11604 11504 6937 11711 11103 12157 5098 25923 16081 12073
is_linear=0
shrinkage=0.05


Tree=44
num_leaves=31
num_cat=0
split_feature=9 41 40 30 17 42 24 31 12 20 40 11 10 10 17 40 30 20 9 24 24 27 24 35 31 15 35 35 19 40
split_gain=21.6471 37.3251 28.7361 29.8386 29.5075 23.9401 22.3117 24.5933 20.6511 23.1954 20.6205 59.6009 36.3003 33.6854 22.3837 21.23 20.674 20.045 19.3056 20.9158 20.3198 18.8785 18.5745 17.9916 17.7353 17.4637 18.6994 17.4803 17.2137 18.1172
threshold=-0.49251247942447657 0.6078576147556306 0.48098418116569525 -1.2579762339591978 0.12918742746114734 0.81174489855766307 2.7595117092132573 0.14001274108886722 -7.7258610725402823 1.8073130846023562 0.46561008691787725 0.030647604726254944 -0.7866511046886443 0.94414055347442638 0.30532188713550573 0.99838215112686168 0.71714144945144664 1.254120469093323 0.92786484956741344 1.340450167655945 1.8393969535827639 0.71065887808799755 1.6935964822769167 0.51142272353172313 -0.42892669141292566 -7.9184398651123038 -0.0049158472102135411 -0.64335837960243214 0.99306049942970287 -0.95756223797798146
decision_type=2 2 2 2 2 2 2 2 2 2 2 2 2 2 2 2 2 2 2 2 2 2 2 2 2 2 2 2 2 2
left_child=1 2 4 -4 8 -6 10 -8 24 -10 12 13 22 18 15 16 -13 -3 19 -12 21 -21 -2 -16 -1 -5 27 -27 29 -26
right_child=6 17 3 25 5 -7 7 -9 9 -11 11 14 -14 -15 23 -17 -18 -19 -20 20 -22 -23 -24 -25 28 26 -28 -29 -30 -31
leaf_value=0.0052723904359366991 -0.002042071677430762 -0.0036455939953006209 -0.0021104170684867829 0.0013385489820575301 -0.0047238598065400062 0.0041781818400673234 0.0063118835823331686 -0.0015497847758545527 0.007822367914455548 -0.00045422941884144368 0.00033574621738608872 -0.0034857850831152139 0.00052062784578515043 -0.0064886811777366358 0.0043601314155736351 -0.012903442897940152 -0.01318683964367566 0.00071618123962886014 -0.0031291147700398224 0.0050243461682774847 0.00020795175131205443 0.013872501058591844 -0.0089533447070463713 -0.0045356159377687435 -0.0081387504299435722 0.0025525084658966188 -0.0015221766407610957 0.010198657229515053 0.0055590015715792536 -0.00022544544200434036
leaf_weight=1774.190043643117 3317.1813195794821 4791.0134309530258 1295.6483421176672 1448.851349785924 3097.1726030111313 989.21110461652279 2574.2960204333067 1611.9738009870052 2757.8773289471865 1217.9663049280643 5006.3947016447783 12074.205252483487 49773.961019828916 1354.1361109465361 1438.2054307758808 688.21876746416092 567.14512215554714 5829.7560832798481 1686.9372216463089 2743.3702589869499 1601.2584919780493 772.09155640006065 1370.429035961628 925.84092910587788 859.23161627352238 954.96604663133621 504.88990120589733 3570.0801465511322 1007.8382194042206 4311.7765471488237
leaf_count=7141 13299 19201 5204 5832 12439 3975 10322 6469 11071 4915 20077 48489 199631 5437 5767 2773 2277 23431 6774 11008 6423 3096 5496 3717 3449 3855 2024 14361 4038 17300
internal_value=0.000148505 0.00121077 0.00231077 0.004803 0.0010987 -0.00256396 -0.000269309 0.00328817 0.00235448 0.00529212 -0.000448423 -0.00152876 0.000124195 0.000951967 -0.00360894 -0.00440367 -0.0039311 -0.00125299 0.00180988 0.0026352 0.00488002 0.00700148 -0.00407735 0.000871824 0.000881112 0.00618669 0.00757774 0.0085942 -0.000386279 -0.00155352
internal_weight=121916 34410.5 23789.7 7774.44 16015.3 4086.38 87505.6 4186.27 11928.9 3975.84 83319.4 28857.8 54461.6 13164.2 15693.6 13329.6 12641.4 10620.8 11810.1 10123.1 5116.72 3515.46 4687.61 2364.05 7953.04 6478.79 5029.94 4525.05 6178.85 5171.01
internal_count=489291 138236 95604 31276 64328 16414 351055 16791 47914 15986 334264 115838 218426 52815 63023 53539 50766 42632 47378 40604 20527 14104 18795 9484 31928 26072 20240 18216 24787 20749
is_linear=0
shrinkage=0.05


Tree=45
num_leaves=31
num_cat=0
split_feature=7 9 9 41 24 33 14 39 15 14 21 19 14 32 24 26 10 40 39 40 10 7 9 40 43 21 23 43 16 31
split_gain=23.3311 22.7385 20.1434 53.3449 23.5074 21.0457 24.8377 25.1745 20.7962 20.0256 16.7683 16.4708 23.0222 22.9784 16.0138 17.9985 22.3344 15.3189 18.3272 15.2432 23.6188 20.6886 19.2553 17.5212 15.8036 15.1302 14.9228 14.6823 14.8419 14.1674
threshold=-1.1319923400878904 0.066087845712900176 -0.48198489844799036 0.6078576147556306 2.8943980932235722 0.4682698398828507 -8.561666011810301 0.97722181677818309 -8.2313957214355451 -8.1349282264709455 0.78229215741157543 0.9873461425304414 -8.5003705024719221 -0.13636419177055356 2.7595117092132573 0.46692395210266119 0.19559749960899356 -0.45009414851665491 0.15212193876504901 0.87671843171119701 0.50221312046051036 0.38059213757514959 1.2399822473526003 0.98835211992263805 0.76666668057441723 0.99343979358673107 0.9579857885837556 0.16666667163372043 -0.18748311698436734 0.14475262165069583
decision_type=2 2 2 2 2 2 2 2 2 2 2 2 2 2 2 2 2 2 2 2 2 2 2 2 2 2 2 2 2 2
left_child=1 10 3 5 9 6 -2 8 -8 -5 -1 13 -13 19 15 26 -17 -18 -19 21 23 24 -23 -21 27 -14 -15 28 -4 -16
right_child=2 -3 11 4 -6 -7 7 -9 -10 -11 -12 12 25 14 29 16 17 18 -20 20 -22 22 -24 -25 -26 -27 -28 -29 -30 -31
leaf_value=0.001681658510948788 -0.0041759576529297564 0.0066680229700393154 -0.0015349992066382087 -0.0095331628507878963 -0.010984703579578051 -0.0033149972889588704 0.011736955091138052 -0.003731957006335735 0.0034808619190983443 -0.00071905011059930331 -0.0062783217378386824 0.0063116798936818626 0.0023528666456300584 -0.001988412424543532 0.0064967309047510788 -0.0033389699511447105 0.0056852410877136867 0.0027784105113470565 -0.0061875336695068981 -0.0021613767337006306 -0.0071411481571573955 0.004419632569301851 -0.0030679698038593374 0.0066420679690266382 0.0031287194207073482 -0.0013190740415155468 -0.0061636947220876899 -0.0020023755763547207 0.0056731896119235226 -0.0019966893804801203
leaf_weight=8941.7239923477173 1153.3058986961842 2249.9137377738953 1400.5789067447186 699.0913700312376 707.18909594416618 1467.4246120303869 796.41495414078236 1150.2409786581993 14876.19719837606 7091.6862695217133 704.63819980621338 1781.0706805437803 4813.8335054069757 31958.475838825107 1116.7588759809732 2493.3098700940609 2090.1068560034037 1799.7242352366447 821.98958165943623 1859.7008959650993 1619.223117262125 5401.9264267235994 1013.1750680506229 800.14097276329994 2892.5219946354628 6694.7210343927145 2286.9526473432779 8806.6901535540819 1439.9549537599087 863.55180738866329
leaf_count=36132 4630 9049 5613 2801 2833 5879 3197 4611 59712 28429 2826 7144 19300 128156 4476 9994 8390 7232 3306 7459 6496 21635 4061 3211 11596 26898 9206 35303 5776 3468
internal_value=5.07703e-05 0.00215316 -0.00017699 0.000982115 -0.0023207 0.00242609 0.00289633 0.00338336 0.00390762 -0.00152118 0.00109431 -0.000572247 0.00103841 -0.000884085 -0.00158116 -0.00179117 0.000479732 0.00250323 -4.55242e-05 0.000315819 -0.00240021 0.000871322 0.00323414 0.000501859 -0.000172685 0.000217546 -0.00226896 -0.00099455 0.00212614 0.00280159
internal_weight=121792 11896.3 109896 27941.6 8497.97 19443.6 17976.2 16822.9 15672.6 7790.78 9646.36 81954.4 13289.6 68664.8 43430.9 41450.6 7205.13 4711.82 2621.71 25233.9 4279.06 20954.8 6415.1 2659.84 14539.7 11508.6 34245.4 11647.2 2840.53 1980.31
internal_count=488819 48007 440812 112092 34063 78029 72150 67520 62909 31230 38958 328720 53342 275378 174228 166284 28922 18928 10538 101150 17166 83984 25696 10670 58288 46198 137362 46692 11389 7944
is_linear=0
shrinkage=0.05


Tree=46
num_leaves=31
num_cat=0
split_feature=5 40 11 40 9 30 30 13 40 13 0 15 22 10 13 13 22 9 15 42 24 40 40 20 25 16 11 20 15 22
split_gain=26.8498 23.1148 19.2487 26.6814 27.4518 24.9975 24.4257 24.267 23.2107 21.0487 23.9717 21.7868 19.929 23.2691 20.1301 17.8156 17.6843 31.9604 25.3594 26.733 19.8402 26.6016 17.2631 17.2304 23.2647 18.0265 18.0758 17.1698 17.0642 16.3709
threshold=-0.19830531626939771 -0.99655601382255543 -0.26853382587432856 0.54096934199333202 0.36211083829402929 0.38750727474689489 -0.58908218145370472 -7.0232441425323477 0.99921953678131115 -7.9535653591155997 -1.0000000180025095e-35 -6.6516153812408438 0.82874405384063732 0.37902431190013891 -6.5986449718475333 -7.8134722709655753 1.2841696143150332 -0.12263887003064154 -6.9008250236511222 1.0000000180025095e-35 1.7191703319549563 0.27143786847591406 0.92553168535232555 1.7386896014213564 0.66258317232131969 -0.57823288440704335 0.23489575833082202 0.8689069151878358 -7.3030023574829093 1.2547332644462588
decision_type=2 2 2 2 2 2 2 2 2 2 2 2 2 2 2 2 2 2 2 2 2 2 2 2 2 2 2 2 2 2
left_child=1 -1 3 9 5 15 -6 -7 12 10 -2 -11 -4 29 23 -5 17 20 19 -19 28 -22 -21 24 -15 -26 -27 -12 -3 -14
right_child=2 16 8 4 6 7 -8 -9 -10 11 27 -13 13 14 -16 -17 -18 18 -20 22 21 -23 -24 -25 25 26 -28 -29 -30 -31
leaf_value=0.0074900144262595022 -0.0024931832283443794 0.0017753608517337028 0.0052913333819537261 0.0025964653671718993 -0.0053115913001096342 -0.0082681571008522813 0.0041928524346893457 0.0057374556569138591 -0.011063880377513723 -0.0024006141900090889 0.010354690943355678 0.0072572817972024611 -0.00053764655897765672 0.0011691860277485162 0.0084709740638567819 0.009029086538020422 0.0014810298489867501 -0.0058544143150255747 0.0070668247503269796 0.0010340283852511166 -0.0063866607027394792 0.0032948749313428671 -0.0086973349962329843 0.0021126435919965451 0.0022270101238843535 0.00093472139956119165 -0.0048675602943169839 0.0023416252895612751 0.0080156603817606656 -0.0033740528214479659
leaf_weight=1302.4354563504457 2076.7487764507532 4154.7538967728615 1196.4586004465818 1788.9283120334148 1584.086070805788 634.47483377158642 1164.2331336736679 585.10368619859219 576.26623301208019 10632.472314953804 858.96782632172108 608.26205529272556 7899.7935533821583 6433.7849572896957 658.4525363445282 2733.8159241527319 31172.438755661249 4582.3963042646646 629.85683187842369 3448.6442900598049 1455.1592875421047 1366.8632554411888 514.90623372793198 5359.8399400860071 1545.208379983902 1693.7697691321373 6405.1462522298098 2939.5314862728119 1482.0800102353096 14300.393550008535
leaf_count=5232 8324 16676 4795 7171 6359 2545 4676 2348 2322 42608 3442 2438 31650 25777 2637 10964 125344 18354 2524 13819 5835 5488 2065 21569 6203 6807 25749 11787 5951 57356
internal_value=5.37898e-05 0.000941596 -0.000566933 0.000531975 0.00282179 0.00478603 -0.00128475 -0.00155682 -0.00117772 -0.000604907 0.00181844 -0.00187202 -0.00105009 -0.00122253 -7.36947e-05 0.00649607 0.000765351 -0.000499863 -0.00254229 -0.00325794 0.00171606 -0.00170228 -0.000248883 -0.000339968 -0.00115839 -0.00271077 -0.00365444 0.00417608 0.0034274 -0.00236543
internal_weight=121785 50109.5 71675.7 25606.6 8490.64 5742.32 2748.32 1219.58 46069.1 17116 5875.25 11240.7 45492.8 44296.4 22096.2 4522.74 48807.1 17634.7 9175.8 8545.95 8458.86 2822.02 3963.55 21437.7 16077.9 9644.12 8098.92 3798.5 5636.83 22200.2
internal_count=488815 201288 287527 102662 34063 23028 11035 4893 184865 68599 23553 45046 182543 177748 88742 18135 196056 70712 36762 34238 33950 11323 15884 86105 64536 38759 32556 15229 22627 89006
is_linear=0
shrinkage=0.05


Tree=47
num_leaves=31
num_cat=0
split_feature=23 31 6 40 37 42 33 25 13 40 35 19 13 14 7 11 32 40 22 6 24 10 19 15 25 11 31 11 20 11
split_gain=32.8413 24.0209 20.1398 22.1776 18.2323 16.2648 16.1254 15.2347 14.8492 14.4849 60.903 16.199 19.8996 19.7653 20.5331 24.0913 26.3693 25.978 19.9483 23.2215 19.9292 19.2761 17.3349 15.2214 15.2129 15.8877 16.5396 14.8477 14.7962 14.6003
threshold=0.12063453719019891 -0.85071793198585499 -0.71003589034080494 -0.80124616622924794 -0.47757929563522333 1.0000000180025095e-35 -0.95459052920341481 0.38477073609828955 -8.0688719749450666 0.99655601382255565 -0.12468875944614409 0.99998372793197643 -8.7013974189758283 -7.8691151142120352 -0.066942457109689699 0.98324859142303478 -0.2261717543005943 -0.7223570942878722 1.1141495704650881 0.32555687427520758 1.211077153682709 -0.23460604250431058 0.85374441742897045 -7.5165028572082511 0.60860803723335277 0.62861862778663646 -0.38269007205963129 0.049707852303981788 1.469761908054352 0.47509258985519415
decision_type=2 2 2 2 2 2 2 2 2 2 2 2 2 2 2 2 2 2 2 2 2 2 2 2 2 2 2 2 2 2
left_child=2 -2 4 -4 -1 6 -6 8 -5 11 -11 13 21 14 18 16 20 -17 -3 24 -16 -13 -15 -12 25 -20 -27 -14 -19 -29
right_child=1 9 3 7 5 -7 -8 -9 -10 10 23 12 27 22 15 17 -18 28 19 -21 -22 -23 -24 -25 -26 26 -28 29 -30 -31
leaf_value=-0.00030959186837586954 0.0095663206522657567 0.00038411733703385038 0.0061817652173871956 -0.011606705965493864 0.0088101334410274398 0.0066628896277576392 0.0012206874212771213 0.0012029683328763396 -0.0023920267717691297 0.0064959693867898648 -0.0048647208323537409 0.013449880309689015 0.0022207672159651275 0.00037335740587502586 -0.00152244850522871 0.0016257544632137851 -0.00081973743837580665 -0.010729698671433722 -0.00085435242214361949 -0.010407386601385371 0.007254528536502618 0.0025383838950409896 -0.0018556758589685096 -0.014049361885292131 -0.0097267357318023672 0.00013148708352433072 -0.011267478359392073 -0.0042820373930947423 -0.0021371470795069026 0.00053702417677710206
leaf_weight=2911.2919981181622 602.9504266679287 2591.5271181166172 875.41023570299149 662.32399885356426 820.77710756659508 3927.2367272824049 4473.3958589732647 1427.6259363293648 1270.6166450232267 923.20986288785934 980.65936766564846 589.20216543972492 6837.4753596484661 48732.83131287992 936.41819562017918 1175.8666867762804 10094.253833577037 1366.2581367045641 4117.159501761198 1433.80184212327 2059.1731045395136 1266.8295530974865 10613.201444461942 852.4248913526535 808.3401878029108 502.98590908944607 855.24994970858097 2324.6925960928202 797.15977272391319 4803.8821894079447
leaf_count=11758 2423 10383 3515 2660 3329 15871 18009 5722 5108 3706 3947 2362 27422 195425 3750 4721 40512 5485 16533 5743 8250 5079 42585 3429 3238 2018 3428 9330 3206 19292
internal_value=2.10122e-05 -0.000303025 0.00210378 -0.000862916 0.00313942 0.00422746 0.0024117 -0.00271091 -0.00559293 -0.00036079 -0.00393078 -0.000263855 0.00120609 -0.000534135 -0.00166259 -0.00056431 0.000403605 -0.00434837 -0.00341063 -0.00468374 0.00451492 0.00605578 -2.55192e-05 -0.00918884 -0.00336327 -0.00240781 -0.00707607 0.00055771 -0.00758798 -0.00103831
internal_weight=121634 105266 16368.7 4235.98 12132.7 9221.41 5294.17 3360.57 1932.94 104663 2756.29 101906 15822.1 86084.2 26738.2 16429.1 13089.8 3339.28 10309.1 7717.54 2995.59 1856.03 59346 1833.08 6283.74 5475.4 1358.24 13966.1 2163.42 7128.57
internal_count=488239 422267 65972 17005 48967 37209 21338 13490 7768 419844 11082 408762 63485 345277 107267 65924 52512 13412 41343 30960 12000 7441 238010 7376 25217 21979 5446 56044 8691 28622
is_linear=0
shrinkage=0.05


Tree=48
num_leaves=31
num_cat=0
split_feature=35 40 24 17 39 23 21 15 30 31 31 30 17 6 35 24 10 35 10 40 10 7 10 14 17 39 14 11 11 22
split_gain=26.4979 33.0259 36.5975 26.6147 24.5802 24.2949 23.526 22.5874 30.4445 22.5563 21.6623 27.8561 19.1372 26.3211 27.4385 22.0743 34.4779 21.7307 30.9255 24.2153 25.8014 21.487 25.2453 19.6325 20.6895 19.2682 22.1089 26.8675 21.3717 19.7278
threshold=0.27019293606281286 0.4344411194324494 2.5904620885849003 0.52926701307296764 0.45009414851665502 0.6808583438396455 0.66395729780197155 -7.688591241836547 -1.0390697121620176 0.4110980778932572 0.093294907361269011 -1.4661503434181211 0.14213086664676669 1.1920314431190493 0.040523923933506019 1.6807487010955813 -0.90169799327850331 -0.018991665914654728 -0.88633838295936573 0.9896419644355775 0.31934282183647161 0.33082979917526251 -0.7080131173133849 -8.1007571220397931 -0.23377940803766248 -0.074107784777879701 -7.580047369003295 0.42084078490734106 1.170456647872925 1.528943717479706
decision_type=2 2 2 2 2 2 2 2 2 2 2 2 2 2 2 2 2 2 2 2 2 2 2 2 2 2 2 2 2 2
left_child=4 -2 3 6 12 -4 9 8 10 -3 11 -6 17 14 15 16 -14 -1 -19 23 -21 22 -17 24 -20 26 27 -25 -27 -28
right_child=1 2 5 -5 7 -7 -8 -9 -10 -11 -12 -13 13 -15 -16 21 -18 18 19 20 -22 -23 -24 25 -26 28 29 -29 -30 -31
leaf_value=0.0026153679376360048 1.5558959533249134e-05 -0.0090487597701934663 0.0088825344914008255 0.0043252413137139754 -0.0074901999148256661 -0.0031536134060446024 -0.0024375496625173403 0.00032032279440213668 -0.0042403038292751312 -0.0012320736827502955 0.0080492071523199579 0.0050700940440582785 0.0075387875395378744 -0.009140401835288468 0.0042209969525451021 -0.006359449710623799 -0.0010120364915868047 -0.011368366666250983 0.002197581363410387 0.00086260021865114378 -0.013865437982635993 -0.013753108972629678 0.0041511902567478156 -0.00042639442143333471 0.011047081195512069 0.0062980243095516492 -0.0010285469178746244 -0.0094137974020777043 -0.0044658063672769919 0.0065054692064544428
leaf_weight=24862.091541215777 22840.727611288428 4027.5050742924213 955.92421065270901 834.32847410440445 888.85689345002174 733.68336252868176 4922.2189289778471 19974.548766985536 7381.0526742041111 1200.9000137001276 939.4721442759037 857.84431970119476 1375.4160781055689 795.04332794249058 3235.8107188791037 1623.851212978363 7897.6501601189375 545.33461499214172 2521.4455009698868 619.65184603631496 559.80005855858326 524.86623494327068 870.01002258062363 2041.774263009429 888.40562322735786 2003.9802348315716 2715.4069997370243 1394.1292859315872 590.24222280085087 1266.2671026736498
leaf_count=99890 91704 16170 3831 3345 3563 2951 19846 80136 29604 4829 3764 3440 5534 3185 12960 6528 31705 2188 10104 2487 2246 2102 3496 8179 3560 8030 10876 5586 2366 5079
internal_value=2.89702e-05 -0.00112052 -0.00316624 -0.00421984 0.000501699 0.00366824 -0.00492577 -0.000653168 -0.00258309 -0.00725914 0.00196943 -0.00132781 0.0011176 -0.000325098 0.000131855 -0.000947167 0.000263009 0.00170613 0.000212924 0.000652956 -0.00618553 -0.00465323 -0.00269077 0.00125806 0.0045288 0.000140692 -0.00115698 -0.0040898 0.00384127 0.00137774
internal_weight=121888 35515.3 12674.6 10985 86373 1689.61 10150.6 30041.8 10067.2 5228.41 2686.17 1746.7 56331.2 16322.6 15527.6 12291.8 9273.07 40008.5 15146.4 14601.1 1179.45 3018.73 2493.86 13421.7 3409.85 10011.8 7417.58 3435.9 2594.22 3981.67
internal_count=489284 142676 50972 44190 346608 6782 40845 120507 40371 20999 10767 7003 226101 65510 62325 49365 37239 160591 60701 58513 4733 12126 10024 53780 13664 40116 29720 13765 10396 15955
is_linear=0
shrinkage=0.05


Tree=49
num_leaves=31
num_cat=0
split_feature=7 35 10 13 6 24 25 11 39 13 26 11 10 26 7 24 13 11 11 21 1 18 13 34 2 39 6 22 11 35
split_gain=35.9993 22.1663 25.4785 19.785 19.3566 23.8319 19.715 20.7241 22.111 19.2316 19.1653 23.7403 18.8513 19.3919 18.841 18.588 32.2049 24.7589 18.7675 18.4197 18.3225 17.7654 17.2711 16.85 16.4713 15.9354 21.7007 15.6471 15.0128 20.9761
threshold=-1.1511976718902586 -0.3679859191179275 -1.7176400423049925 -7.2022311687469474 0.31614886224269872 1.349904000759125 0.53392624855041515 1.5913582444190981 -0.97903615236282338 -6.9690177440643302 0.30526433885097509 -0.71372732520103443 1.0976635813713076 -2.025200247764587 -0.17669298499822614 1.5126452445983889 -7.3225111961364737 0.069577772170305266 -1.4109937548637388 0.70594930648803722 0.017668272368609909 1.0668717026710512 -6.8612384796142569 -0.60604852437973011 -1.314051032066345 -0.39474010467529291 -1.4810884594917295 1.775473475456238 0.39960423111915594 0.10479889810085298
decision_type=2 2 2 2 2 2 2 2 2 2 2 2 2 2 2 2 2 2 2 2 2 2 2 2 2 2 2 2 2 2
left_child=1 2 -1 23 5 6 7 8 -2 25 11 12 13 -6 -8 16 17 18 -7 22 -18 -9 28 -3 -13 -4 -27 -16 29 -17
right_child=4 3 9 -5 10 15 14 21 -10 -11 -12 24 -14 -15 27 19 20 -19 -20 -21 -22 -23 -24 -25 -26 26 -28 -29 -30 -31
leaf_value=0.010015707725525151 0.0084076087046619612 0.0085442363237558851 0.0054482720987402726 0.012432579180896275 0.0054020801478534292 -0.0033231187400845534 -0.0078268061737233312 0.013435883049312309 -0.0008877532985309116 -0.005923893574837088 0.00074268903484008258 0.004044016701553489 -0.0084817448384989329 -0.00029798141810406494 -0.0026039649922951244 -0.00082407962566547811 0.013528872650558396 -0.0017057635615123695 0.0063331471500840571 0.0025549123377547563 0.0034511390138676941 0.00060292693833802419 0.0051697410271810997 0.0016611341556865594 -0.0026773364543035225 0.0038514052491235686 -0.0045674509510311937 0.0055704271759765495 -0.0021856662985294344 0.0034006940183153853
leaf_weight=638.85429392755032 657.95430338382721 1258.7018089294434 1419.8493959158659 762.44536718726158 2099.6098771840334 616.68261711299419 1618.4773167520761 500.40585409104824 15162.200964853168 1240.2456315159798 10054.944845288992 936.22310185432434 510.63722960650921 5094.3938635289669 6253.2838982492685 9983.6729248166084 975.57869416475296 3242.5586550235748 2599.5466833412647 7467.2227986007929 848.23673857748508 573.92534494400024 1363.2352897971869 2994.7225454747677 25843.923660323024 1338.6969454586506 1760.5914696753025 636.38803046941757 9085.0291344970465 4151.6560618728399
leaf_count=2582 2641 5099 5751 3077 8416 2475 6482 2005 60838 5008 40381 3754 2053 20428 25056 40079 3916 13003 10429 29928 3402 2301 5469 12031 103761 5443 7102 2550 36424 16631
internal_value=-9.613e-05 0.00257567 0.000622622 0.00506078 -0.000372883 0.000172404 -0.00102697 -3.80642e-05 -0.000496096 -0.000434851 -0.00117753 -0.00173747 0.000707662 0.0013708 -0.00298827 0.000927855 0.00303785 0.00137522 0.00447708 0.000381811 0.00888621 0.00664909 -0.000279036 0.00371329 -0.00244094 0.00108133 -0.000930345 -0.00184193 -0.000601014 0.000418296
internal_weight=121690 11414.1 6398.24 5015.87 110276 65736.1 25402.6 16894.5 15820.2 5759.38 44539.7 34484.8 7704.64 7194 8508.15 40333.4 8282.6 6458.79 3216.23 32050.8 1823.82 1074.33 24583.6 4253.42 26780.1 4519.14 3099.29 6889.67 23220.4 14135.3
internal_count=488515 46093 25886 20207 442422 263629 101873 67785 63479 23304 178793 138412 30897 28844 34088 161756 33225 25907 12904 128531 7318 4306 98603 17130 107515 18296 12545 27606 93134 56710
is_linear=0
shrinkage=0.05


Tree=50
num_leaves=31
num_cat=0
split_feature=34 24 39 39 41 22 34 36 17 4 41 40 40 39 29 13 22 41 13 13 17 22 10 13 35 19 41 17 16 8
split_gain=21.9742 20.4773 20.2534 20.5381 21.2935 20.2925 22.5131 18.65 20.5694 18.6385 18.17 23.76 26.3794 18.0667 18.6245 22.4041 17.9167 17.5174 27.8697 27.2008 17.1624 37.0258 22.0989 17.7781 19.9542 19.895 17.0904 17.72 17.0647 15.3173
threshold=0.39661177992820745 1.349904000759125 -0.95756223797798146 0.98077592253685009 1.0000000180025095e-35 1.5151723623275759 0.02651931066066027 -0.020219971425831314 -0.69997021555900563 1.3682797551155093 1.0000000180025095e-35 -0.91530275344848622 -0.49621178209781641 0.32143642008304601 -0.73925483226776112 -6.8028278350830069 1.8845009207725527 -0.87837970256805409 -7.9349777698516837 -7.5509939193725577 -0.3955616950988769 0.97863733768463146 0.19559749960899356 -7.9658896923065177 0.14167851954698565 0.51530987024307262 -0.60785761475563038 0.24012046307325366 0.076573889702558531 -0.88265120983123768
decision_type=2 2 2 2 2 2 2 2 2 2 2 2 2 2 2 2 2 2 2 2 2 2 2 2 2 2 2 2 2 2
left_child=1 2 -1 5 -5 9 13 8 -3 20 17 -12 -13 14 -7 -16 -8 18 -2 -20 21 22 -4 24 -23 -25 28 -28 -19 -22
right_child=10 7 3 4 -6 6 16 -9 -10 -11 11 12 -14 -15 15 -17 -18 26 19 -21 29 23 -24 25 -26 -27 27 -29 -30 -31
leaf_value=0.0040581436268875793 0.0077041189925166707 -0.0037452623324962862 0.012176960956674428 7.4026932551429577e-05 0.01092381829156846 0.0076953062785421649 0.0024090576080122161 0.0017881395490819589 0.00052837385798537963 0.0053058898375574187 -0.0059988877406190423 0.0060242819498849938 -0.00032747891170335493 -0.0040775238534284074 0.0014418406647121681 -0.008548893303242662 0.011795566598275487 -0.0042033516275279039 -0.0092470117565683751 0.0016910977176932632 0.0019633138893050111 -0.0019696159618784732 -0.00037170563739281123 0.0060414408085550852 -0.01114580657093016 -0.0038449942490334371 -0.00089504120933304803 -0.007292315918663893 -0.01258325268476033 -0.0034719377681160218
leaf_weight=2303.7027586251497 953.70183330774307 3183.8772487044334 852.55997076630592 1165.4394977986813 729.077920332551 867.06296153366566 2504.8093776255846 33577.104748189449 23760.350522205234 865.8312274813652 1311.6276544928551 2132.7044938504696 6889.6480613350868 2586.3140790462494 3024.2044354975224 678.49268324673176 630.52451781928539 1861.5853751003742 889.65752263367176 1536.9110086560249 1413.6132916361094 2287.1816837340593 590.42190690338612 1133.560123115778 792.43066546320915 907.75023463368416 5025.7580826431513 1370.910731330514 904.73247939348221 14866.184446305037
leaf_count=9242 3837 12785 3416 4673 2921 3506 10032 134688 95401 3469 5270 8557 27673 10403 12160 2727 2525 7513 3584 6178 5688 9173 2366 4547 3178 3637 20259 5518 3664 59580
internal_value=0.000106437 0.000430021 -0.000476324 -0.000768387 0.00428485 -0.00105113 0.000802356 0.00100206 2.21755e-05 -0.00185565 -0.00128948 0.000263 0.00117896 -0.000746333 0.00114378 -0.000406985 0.00432821 -0.00256771 0.00050772 -0.00234065 -0.0021293 2.91885e-05 0.00707523 -0.00196618 -0.00435922 0.00164773 -0.00370157 -0.00227532 -0.00697948 -0.00299907
internal_weight=121598 98720.5 38199.2 35895.5 1894.52 34000.9 10291.4 60521.3 26944.2 23709.5 22877.2 10334 9022.35 7156.07 4569.76 3702.7 3135.33 12543.3 3380.27 2426.57 22843.7 6563.9 1442.98 5120.92 3079.61 2041.31 9162.99 6396.67 2766.32 16279.8
internal_count=488170 396117 153243 144001 7594 136407 41353 242874 108186 95054 92053 41500 36230 28796 18393 14887 12557 50553 13599 9762 91585 26317 5782 20535 12351 8184 36954 25777 11177 65268
is_linear=0
shrinkage=0.05


Tree=51
num_leaves=31
num_cat=0
split_feature=31 36 1 13 3 16 26 24 15 14 36 24 10 10 8 13 15 14 18 17 7 15 39 20 14 20 39 25 39 14
split_gain=16.2854 19.4455 15.9791 15.7595 15.7317 14.3881 27.3426 13.8693 16.1679 24.5996 26.6685 15.7356 18.18 15.9658 17.5134 20.7304 20.6286 16.2276 15.7844 15.7749 50.0011 33.4658 23.082 20.1754 25.3544 25.2257 19.1484 15.8054 21.6086 15.3614
threshold=-0.61663934588432301 -0.99851301312446583 0.24555021524429324 -8.8125028610229474 -2.7404448986053462 0.013087682425975801 -0.49302238225936884 1.340450167655945 -8.2522220611572248 -8.5865340232849103 0.23820523917675021 1.6042810678482058 -1.1513984799385069 0.029050201177597049 -0.84207996726036061 -7.8934023380279532 -7.2671113014221183 -8.2762608528137189 1.2363955378532412 0.14213086664676669 0.55372917652130138 -7.4710328578948966 -0.82163912057876576 2.2317086458206181 -6.6374812126159659 1.2149544954299929 0.98077592253685009 0.40005801618099218 0.03053822182118893 -6.8678097724914542
decision_type=2 2 2 2 2 2 2 2 2 2 2 2 2 2 2 2 2 2 2 2 2 2 2 2 2 2 2 2 2 2
left_child=5 2 3 -2 -3 6 -1 -6 9 10 -9 12 -10 19 15 -15 -17 -16 29 23 21 -21 -23 24 25 26 27 28 -13 -14
right_child=1 4 -4 -5 7 -7 -8 8 11 -11 -12 13 18 14 17 16 -18 -19 -20 20 -22 22 -24 -25 -26 -27 -28 -29 -30 -31
leaf_value=0.0025340746478257118 -0.0077408608941916708 0.0084843087521984835 -0.0053758290526021218 -0.00063123034152915726 -0.0006897516359221196 0.0047936815929044566 -0.006385163882861246 -0.0049703385128364239 0.0066594011231856653 0.0071987480663145481 0.0077461407738607761 0.0069326019363543379 0.0029464770810702554 -0.00063717343874623552 -0.0061100696714384726 0.016005565592866491 0.0023487365619080216 0.00061548759243613028 -0.00068951440404204799 -0.0070650755367455721 -0.017304578676476133 -0.0024809454623358346 0.0097516962266387085 -0.0070249493848946413 -0.0090705152071806558 0.0025006559574579923 -0.011074337942488858 -0.0032418726956626454 -0.0024166333152564989 -0.0051650160227405938
leaf_weight=3740.2223377078772 815.41197510063648 556.22561676800251 2452.3202133625746 14055.586603105068 33763.314762756228 3237.8382811993361 1104.7003265172243 1205.1756297945976 1591.9864452928305 2186.8723382204771 614.07075496017933 1165.0831737965345 8891.5732514858246 852.66966518759727 933.82149814069271 591.62389865517616 519.07587638497353 18032.242561116815 7168.3736727386713 1417.171474352479 598.85237938165665 774.23298941552639 752.00235679745674 1108.2622840106487 728.07678125798702 7066.5968480408192 505.9416226297617 3371.1681402921677 1295.8094986379147 615.64563013613224
leaf_count=15016 3275 2252 9843 56412 135471 13077 4457 4836 6396 8785 2465 4675 35675 3422 3750 2376 2086 72386 28809 5688 2399 3107 3022 4469 2921 28372 2027 13513 5194 2468
internal_value=5.15193e-05 -0.000102816 -0.00164452 -0.00102601 0.000174646 0.00221864 0.000491419 0.000125493 0.000569587 0.0036376 -0.000659121 0.000357014 0.00157108 -0.000201704 0.000747885 0.00523081 0.00970107 0.0002813 0.0010816 -0.00125963 -0.00426034 -0.00155681 0.00357053 -0.000559877 -4.82872e-05 0.000448156 -0.00184063 -0.001022 0.0020198 0.00241634
internal_weight=121712 113629 17323.3 14871 96305.9 8082.76 4844.92 95749.6 61986.3 4006.12 1819.25 57980.2 18267.6 39712.6 20929.4 1963.37 1110.7 18966.1 16675.6 18783.2 3542.26 2943.41 1526.24 15240.9 14132.7 13404.6 6338 5832.06 2460.89 9507.22
internal_count=488644 456094 69530 59687 386564 32550 19473 384312 248841 16086 7301 232755 73348 159407 84020 7884 4462 76136 66952 75387 14216 11817 6129 61171 56702 53781 25409 23382 9869 38143
is_linear=0
shrinkage=0.05


Tree=52
num_leaves=31
num_cat=0
split_feature=23 13 24 2 19 13 15 15 39 2 41 23 8 9 5 15 41 39 40 40 17 15 34 31 35 9 39 8 30 24
split_gain=19.2198 29.5063 14.8076 15.2176 14.357 18.71 17.8525 20.1882 24.532 25.8787 21.6226 35.6959 24.0321 19.7464 18.5783 18.4792 29.7915 17.363 41.1656 38.2046 28.0735 17.5252 17.032 19.0788 18.7634 16.9018 16.6687 16.5837 16.4601 15.4992
threshold=0.9201696813106538 -8.7270827293395978 1.7067846059799197 0.66772010922431957 0.98183822631835949 -8.7821340560913068 -8.3502421379089338 -7.7079954147338858 -1.0000000180025095e-35 1.2409948706626894 0.6078576147556306 0.54717600345611583 -0.67584124207496632 1.033416271209717 -0.82377648353576649 -7.9954571723937979 -1.0000000180025095e-35 -0.10018710792064665 -0.83146169781684864 -0.86819055676460255 0.24012046307325366 -7.4633781909942618 -0.60604852437973011 -0.19372641295194623 -0.5302407145500182 -1.2999744415283201 0.99784943461418163 0.47535754740238195 -0.42837958037853235 1.1026841402053835
decision_type=2 2 2 2 2 2 2 2 2 2 2 2 2 2 2 2 2 2 2 2 2 2 2 2 2 2 2 2 2 2
left_child=4 -2 3 -3 5 -1 14 8 9 13 12 -12 15 25 -7 -10 -17 18 -9 -19 22 -22 28 -24 -25 -8 27 -26 -21 -14
right_child=1 2 -4 -5 -6 6 7 17 10 -11 11 -13 29 -15 -16 16 -18 19 -20 20 21 -23 23 24 26 -27 -28 -29 -30 -31
leaf_value=-0.0036436850814009548 0.0056684850745118698 -0.0038085000908351404 -0.0046880785775788962 0.0007738692275085161 0.0016452912461267601 0.012141836124240435 -0.0060638442139593915 -0.0044989959986319284 -0.0036853943956319845 -0.01057903852538411 -0.0096290081208092737 0.00037816887306114726 -0.0083396753755819782 -0.0053738971891988032 0.0017998559248874738 0.00024007732451041084 0.015775056967900592 0.0045766493630942781 0.00030142075824033494 0.0080678334700530919 0.010961194535981815 0.0019371956393742376 -0.0026304410139199345 -0.0061675957487229809 0.0018543433716830449 0.0019016760214856287 0.0083629477541759048 -0.0015968166069828139 -0.00063632822383535414 -0.0017562426738014275
leaf_weight=3653.2485751956701 1162.9778249710798 3160.2614896148443 5129.0833107531071 4221.7861393094063 12763.855787605047 558.83563952147961 705.02196694910526 5372.3634187579155 607.76588299870491 525.68313744664192 2505.0479250401258 1378.9755524545908 1127.9077952355146 1205.2653899937868 1855.56610904634 722.26306399703026 529.26373195648193 6438.3888547718525 26224.599181547761 1172.2627971619368 915.26634351909161 1298.4758120626211 7477.5568181723356 1003.771022349596 8812.4919644743204 9756.6591707020998 695.53423117101192 5739.8122187852859 1002.215318351984 4211.6464801579714
leaf_count=14671 4667 12708 20642 16997 51175 2253 2840 21562 2446 2111 10048 5526 4523 4840 7447 2907 2128 25838 105270 4751 3674 5216 29994 4026 35319 39173 2788 23045 4059 16897
internal_value=-0.000152148 -0.00191774 -0.00262688 -0.00119035 7.10171e-05 -0.000139549 2.17946e-07 -0.000114542 -0.00138072 0.000167137 -0.00308217 -0.00608423 -0.00145627 0.000659978 0.00423381 0.00342697 0.0068827 0.000331096 -0.000515949 0.00110554 0.00030937 0.00570066 -0.000153395 -0.000542109 0.000419783 0.00135959 0.000857191 0.000492953 0.00407154 -0.00315989
internal_weight=121934 13674.1 12511.1 7382.05 108260 95495.9 91842.6 89428.2 23275.5 12192.6 11082.9 3884.02 7198.85 11666.9 2414.4 1859.29 1251.53 66152.7 31597 34555.8 28117.4 2213.74 25903.6 23729.2 16251.6 10461.7 15247.8 14552.3 2174.48 5339.55
internal_count=489541 55014 50347 29705 434527 383352 368681 358981 93439 48964 44475 15574 28901 46853 9700 7481 5035 265542 126832 138710 112872 8890 103982 95172 65178 42013 61152 58364 8810 21420
is_linear=0
shrinkage=0.05


Tree=53
num_leaves=31
num_cat=0
split_feature=29 36 14 2 29 41 34 14 16 16 8 6 1 41 15 15 23 22 36 17 22 30 10 40 25 34 14 8 30 40
split_gain=33.5859 21.7824 15.8941 14.1677 16.5085 15.0009 28.2383 21.2991 14.0305 15.6219 12.1298 15.797 18.5581 12.0675 11.5696 13.3365 28.9546 20.7902 16.5336 14.0755 33.3688 13.7144 13.4607 17.7992 13.3561 15.811 15.1633 13.3367 11.8214 11.7762
threshold=-0.50881731510162342 -0.57140243053436268 -8.823697090148924 1.1467705368995669 -0.70467624068260182 -0.60785761475563038 0.02651931066066027 -7.1237890720367423 -0.086183473467826829 -0.25011520087718958 1.1978190541267397 0.72558546066284191 0.067354187369346633 -0.87837970256805409 -6.7399990558624259 -7.58160376548767 0.94235858321189891 2.1773381233215336 0.91761133074760448 -0.85006326436996449 1.1752739548683169 -0.95219504833221424 1.9119042158126833 0.66587534546852123 0.2389362454414368 -0.49457661807537073 -7.2948977947235099 -0.08623675629496573 -2.0830535888671871 0.25459952652454382
decision_type=2 2 2 2 2 2 2 2 2 2 2 2 2 2 2 2 2 2 2 2 2 2 2 2 2 2 2 2 2 2
left_child=3 2 -2 5 -5 6 8 -7 9 -1 11 -4 -13 -8 15 18 19 27 28 20 -17 -20 24 -24 25 26 -21 -18 -3 -16
right_child=1 14 10 4 -6 7 13 -9 -10 -11 -12 12 -14 -15 29 16 17 -19 21 22 -22 -23 23 -25 -26 -27 -28 -29 -30 -31
leaf_value=0.0058322635780160975 -0.010096154041429762 0.0073711829180771685 -0.001578604260090672 -0.0068156478211757925 0.0024167780451378853 0.00051235144991761074 0.0029116958169425082 0.0054144090712684471 0.0086007189639132845 -0.0024350228773908737 -0.0045564137863656085 0.0035656609490526195 -0.0035279168629305142 -0.0055463411232139137 0.0061370430478814792 0.0050235881764554785 -0.0089164736856778386 -0.013240550053544251 0.0059591613437732817 0.00344099919121643 -0.0088846421835992225 0.0014881884450000478 0.0091149881045579327 -0.0025752195794857238 -0.00053627527639258678 0.0044573602595409222 -0.0053045288572383968 -0.0016718723246937782 -0.00020532730677667226 -0.00063503779024392691
leaf_weight=1895.2199175357819 515.75642849504948 519.34754012525082 20397.826423048973 1002.8742704689503 920.1236687451601 14625.900465190411 782.00823138654232 2602.113303527236 2442.8056394308805 809.56490257382393 2608.6997626125813 3396.1000315099955 1255.27303814888 893.63201169669628 1578.8718000203371 643.6545527279377 770.05706252157688 554.2970354706049 2243.3397096842527 919.09306351840496 1265.3704828023911 7229.3429043143988 908.03565573692322 498.9091771543026 22725.87345854938 3179.7523440420628 1053.2769605815411 3463.1124392300844 18771.390746891499 1074.2499905824661
leaf_count=7627 2069 2083 81829 4027 3693 58786 3134 10472 9885 3263 10491 13626 5043 3585 6334 2580 3086 2237 9001 3709 5079 29017 3641 2003 91112 12755 4243 13951 75329 4313
internal_value=0.000118346 -0.000314986 -0.00148223 0.00171229 -0.00240843 0.00204262 0.00402536 0.00125547 0.00585777 0.00335794 -0.00131801 -0.000979068 0.00164784 -0.00160518 0.000173092 4.02344e-05 -0.000601302 -0.00421755 0.000842691 -4.51281e-05 -0.00419355 0.00255218 0.000226638 0.00498067 -1.4988e-05 0.00228098 -0.00123245 -0.00300765 2.36184e-06 0.00340294
internal_weight=121546 95571.6 28173.7 25974.2 1923 24051.2 6823.23 17228 5147.59 2704.78 27657.9 25049.2 4651.37 1675.64 67398 64744.9 35981.4 4787.47 28763.4 31194 1909.03 9472.68 29284.9 1406.94 27878 5152.12 1972.37 4233.17 19290.7 2653.12
internal_count=488003 383531 113058 104472 7720 96752 27494 69258 20775 10890 110989 100498 18669 6719 270473 259826 144396 19274 115430 125122 7659 38018 117463 5644 111819 20707 7952 17037 77412 10647
is_linear=0
shrinkage=0.05


Tree=54
num_leaves=31
num_cat=0
split_feature=25 39 8 5 16 10 40 23 22 15 10 22 11 6 31 40 39 30 8 13 9 39 35 17 42 40 15 40 9 12
split_gain=15.1512 30.7914 16.7329 15.4436 19.9368 14.6529 41.054 21.8324 16.7724 16.6738 17.2933 16.6478 13.9992 17.6553 14.1216 13.139 22.655 30.1143 24.2802 19.2302 19.5873 18.0536 28.2649 17.8319 13.8657 20.1266 21.2684 17.3389 14.2937 13.0954
threshold=0.22425360232591632 0.90813454985618602 -0.47446677088737482 1.3066032528877261 -0.39073511958122248 -1.1075426936149595 0.20363981276750567 0.2315715700387955 1.8111032843589785 -7.4508156776428214 -1.5655770897865293 1.5811771154403689 -1.4109937548637388 -1.2033281922340391 0.028221202082931999 -0.065402505919337259 -0.33791351318359369 0.12769536674022677 -0.73268601298332203 -7.5448272228240958 -0.68426966667175282 -0.74605026841163624 -0.54894396662712086 -0.091912034898996339 1.0000000180025095e-35 -0.82163912057876576 -7.520009994506835 -0.562799572944641 -0.47208617627620691 -7.4338476657867423
decision_type=2 2 2 2 2 2 2 2 2 2 2 2 2 2 2 2 2 2 2 2 2 2 2 2 2 2 2 2 2 2
left_child=1 12 29 5 -5 6 8 -8 9 -2 -11 -9 13 -1 15 24 21 18 19 20 -18 22 -17 -23 25 26 -14 28 -26 -3
right_child=3 2 -4 4 -6 -7 7 11 -10 10 -12 -13 14 -15 -16 16 17 -19 -20 -21 -22 23 -24 -25 27 -27 -28 -29 -30 -31
leaf_value=-0.0011713101779259377 -0.00065666185741914524 -0.0034135279640978714 -0.010487866517144818 0.0060739612371301377 0.00036847920203486123 -0.00084270786748066309 0.012267613351246362 0.0051809164306553307 0.0056105450263379255 -0.01418017469879502 -0.0028317985575266893 -0.0024698522345078079 -0.0032547225356353731 0.0097590528381841929 -0.0017955368115184908 -0.0033301820427204584 0.0090897939331092744 -0.0054344350914416837 -0.0020212477953821801 0.015473951327962119 -0.0028296820924779984 0.0046247067009574476 0.0086674747250219623 0.017270522085851312 -0.0015684796922927316 -0.0039123399754947509 0.0072311566091889214 0.0093917840530448864 0.0069261156110360309 0.004939176142948168
leaf_weight=550.0650345236063 1734.2996322065592 2221.5058439522982 655.66774113476276 1862.4121245741844 8408.7128825187683 80078.134710505605 775.73924520611763 2511.1879958361387 534.26724055409431 614.69182382524014 739.39979039132595 983.34726813435555 844.59523594379425 1102.937938272953 2989.9096191227436 820.44493260979652 815.99873928725719 1244.5815484523773 1131.6663428246975 505.31822155416012 584.99051289260387 512.57530602812767 1196.6051648706198 627.73518072068691 1681.6502197235823 2774.1790068000555 1107.3692343980074 802.18622168898582 690.43671008944511 584.83215679228306
leaf_count=2235 6948 8925 2629 7485 33834 321159 3126 10070 2144 2463 2963 3946 3400 4440 12013 3311 3294 5021 4549 2044 2357 2070 4826 2540 6789 11161 4464 3238 2782 2360
internal_value=-0.000153283 0.000988524 -0.00335851 -0.000425845 0.00140793 -0.000640084 0.00141411 0.00473049 -0.00249739 -0.00391358 -0.0080496 0.00302712 0.00174293 0.00613662 0.00134358 0.00195618 0.00346265 0.00108863 0.00377003 0.00720058 0.00412797 0.00666911 0.00379502 0.0116758 0.000534942 -0.00118118 0.00270056 0.00308575 0.000922715 -0.00166149
internal_weight=121687 23445.3 3462.01 98242.2 10271.1 87971.1 7892.93 4270.27 3622.66 3088.39 1354.09 3494.54 19983.2 1653 18330.2 15340.3 7439.92 4282.56 3037.97 1906.31 1400.99 3157.36 2017.05 1140.31 7900.42 4726.14 1951.96 3174.27 2372.09 2806.34
internal_count=488586 94448 13914 394138 41319 352819 31660 17142 14518 12374 5426 14016 80534 6675 73859 61846 30012 17265 12244 7695 5651 12747 8137 4610 31834 19025 7864 12809 9571 11285
is_linear=0
shrinkage=0.05


Tree=55
num_leaves=31
num_cat=0
split_feature=36 25 23 16 15 2 16 15 27 43 22 16 7 11 24 24 11 33 0 22 43 11 28 19 10 8 43 10 8 21
split_gain=16.0823 15.7262 16.2734 13.2416 13.6169 16.8531 17.5148 19.1581 16.7571 20.2663 20.3855 15.5194 12.9793 12.5076 12.4478 12.3267 30.7936 14.0136 13.9606 12.2295 12.1141 12.0013 11.9545 11.7427 11.1976 10.8794 10.8731 10.8369 10.7089 12.2438
threshold=0.98489949107170116 0.94705095887184154 0.91657137870788585 -1.249713063240051 -7.6786856651306143 -1.5449121594429014 -0.62404513359069813 -8.3502421379089338 -0.46587607264518732 0.70000001788139354 1.637281656265259 0.58220338821411144 0.63034904003143322 1.6647002696990969 1.626384496688843 1.0734583735466006 -0.34282240271568293 -0.28801907598972315 0.095979157835245146 1.0551555156707766 0.2333333417773247 -0.9692094326019286 -1.8969984650611875 0.28821769356727606 -0.056509802117943757 0.97494474053382885 0.43333333730697637 1.3479682803153994 0.35787649452686315 0.093874759972095503
decision_type=2 2 2 2 2 2 2 2 2 2 2 2 2 2 2 2 2 2 2 2 2 2 2 2 2 2 2 2 2 2
left_child=1 3 -3 -1 5 14 7 -7 9 10 -6 13 -2 15 -5 16 -8 -18 27 -19 -4 -14 -9 -11 -20 -26 -13 28 -17 -30
right_child=12 2 20 4 8 6 11 22 -10 23 -12 26 21 -15 -16 18 17 19 24 -21 -22 -23 -24 -25 25 -27 -28 -29 29 -31
leaf_value=0.0065399864191238392 0.0021399732090678796 -0.0084720039308731846 -0.006109348395425096 0.0059655654892486329 -0.00067375619026539487 -0.0055339685901787863 0.0035744327813329677 0.0092093072008045933 -0.00027602713935726057 0.0055864323453702902 0.0031492813928689768 0.0083725712108209654 0.0047325963956329669 -0.0076059883749256436 -0.0012603317092538275 -0.0028689264961966176 -8.1207704207437084e-05 -0.0024524200403888852 -0.0015119350779480368 -0.010445628067803355 0.00020063864158923373 -0.0016466443293500764 0.0018399103180722813 0.00091888194133379366 0.0044576793058866068 -0.0030507715735043194 -0.00064314809974556507 -0.0077843472565450739 0.0056796235843468964 -0.0011233379656326911
leaf_weight=744.79986293613911 14510.031663551927 1039.5932634174824 1021.3145710974932 1444.3078008592129 11257.517743811011 702.90759493410587 942.38271722197533 709.73326076567173 42509.878985255957 3793.2961246520281 5039.9983278810978 600.52310086786747 859.88437388837337 973.04428161680698 1004.8371505886316 8101.007173627615 638.62311188876629 654.15512388944626 2767.1101499646902 1850.8835434764624 2895.7971655279398 4831.2448820620775 2370.4114061892033 2093.9035746306181 2331.1948226541281 600.04454213380814 736.57714651525021 805.88123780488968 825.3281936198473 3166.7941560596228
leaf_count=2986 58209 4188 4124 5820 45182 2819 3780 2846 170560 15252 20310 2416 3453 3907 4046 32523 2566 2621 11105 7419 11693 19430 9506 8409 9353 2413 2963 3236 3307 12713
internal_value=5.85195e-05 -0.000197653 -0.00294155 -5.66648e-05 -0.000108563 -0.000965888 -0.00130502 0.00186203 0.000305322 0.00141891 0.000509722 -0.00178494 0.00134666 -0.00208148 0.00300785 -0.00184125 -0.00432498 -0.00669684 -0.00129351 -0.00837637 -0.00145594 -0.000676181 0.00356229 0.0039307 0.000766663 0.0029155 0.00343812 -0.00220352 -0.00182549 0.000293778
internal_weight=121823 101622 4956.71 96665.1 95920.3 31225.7 28776.6 3783.05 64694.6 22184.7 16297.5 24993.5 20201.2 23656.4 2449.14 22683.4 4086.04 3143.66 18597.4 2505.04 3917.11 5691.13 3080.14 5887.2 5698.35 2931.24 1337.1 12899 12093.1 3992.12
internal_count=489155 408063 20005 388058 385072 125359 115493 15171 259713 89153 65492 100322 81092 94943 9866 91036 16386 12606 74650 10040 15817 22883 12352 23661 22871 11766 5379 51779 48543 16020
is_linear=0
shrinkage=0.05


Tree=56
num_leaves=31
num_cat=0
split_feature=35 17 41 41 10 39 25 35 25 10 40 31 41 39 24 39 6 12 35 15 15 25 7 17 30 39 12 24 29 39
split_gain=24.4389 28.7557 17.5021 32.9175 24.6793 20.8104 28.4238 31.6716 19.0301 18.3647 18.1387 15.7609 15.2095 39.6852 21.809 27.7457 18.3036 17.7147 17.1999 20.3844 17.1845 17.153 16.8848 18.9692 16.6679 18.4481 24.5192 21.9963 16.8993 16.4419
threshold=0.22654014080762866 0.58228600025177013 -0.60785761475563038 -0.87837970256805409 0.34918996691703802 0.32143642008304601 0.73752015829086315 0.39900255203247076 0.92586264014244091 1.4965571165084841 -0.65933954715728749 0.42551276087760931 -0.60785761475563038 0.83146169781684887 0.88403284549713146 -0.71017861366271962 -1.0615077614784239 -7.3702816963195792 -0.15288741141557691 -8.152798652648924 -7.2327172756195059 0.50317856669425975 -0.61568835377693165 -0.049343965947628014 -0.55118891596794117 0.78530946373939525 -7.4780142307281485 1.1303086280822756 0.38086432218551641 0.51128822565078746
decision_type=2 2 2 2 2 2 2 2 2 2 2 2 2 2 2 2 2 2 2 2 2 2 2 2 2 2 2 2 2 2
left_child=12 2 3 5 -5 6 7 -2 -8 -7 -6 -3 13 17 15 -14 -15 18 19 -1 22 -19 -17 -24 25 26 28 -27 29 -16
right_child=1 11 -4 4 10 9 8 -9 -10 -11 -12 -13 14 16 24 20 -18 21 -20 -21 -22 -23 23 -25 -26 27 -28 -29 -30 -31
leaf_value=-0.0022360285505093249 -0.001722659623126555 0.0015820645711337245 -0.00075491065891504733 -0.01222326900320069 0.0019013561701581331 0.00064341033574209956 0.0037776620673982634 -0.017898907991486558 -0.0064503762394079178 0.011104986924396709 -0.0060189970997151995 0.01102638760339086 0.0054463321852343373 0.0041037414656893033 -0.0028069626379160634 -0.011917653561020591 -0.0043043177860875607 0.0015327176367038063 0.001734946137847619 0.0061455377029549767 -0.013755704734956742 -0.0056984208126114756 -0.0084745690120834535 0.0019725715554100884 0.00088586952867100071 0.0095057654208203588 0.0023684666618915525 0.00026611560246082622 0.00061081614799769074 -0.0079852309792244388
leaf_weight=823.02264200150967 671.03000041842461 1334.7442123889923 27160.057411581278 1219.6408685594797 953.4603565633297 1724.9237397760153 1425.0003110915422 544.68513624370098 655.82682460546494 544.89366239309311 2927.4740301966667 653.40108045935631 653.46975274384022 778.30169746279716 7025.8257411122322 517.09051349759102 3643.2611842006445 2849.1041908860207 8762.703118532896 5835.9477668851614 552.83928142488003 1140.055084913969 666.9360289722681 1205.4994254857302 33887.606303170323 714.04743620753288 2701.7202873378992 5842.3860295265913 2629.4451463371515 1959.4399828016758
leaf_count=3322 2690 5350 109082 4918 3841 6934 5721 2185 2646 2188 11793 2620 2618 3144 28187 2076 14604 11478 35134 23506 2215 4568 2671 4827 136059 2861 10850 23418 10537 7857
internal_value=-0.000104441 -0.00112101 -0.00142947 -0.00314472 -0.00604218 -0.000483644 -0.00301685 -0.00905711 0.000538597 0.00319252 -0.00407325 0.00472558 0.0003881 0.00145216 -4.66287e-05 -0.00381314 -0.00281838 0.00242588 0.00319369 0.00510781 -0.00588105 -0.000542939 -0.00400944 -0.00177381 0.000201349 -0.000909878 -0.0019154 0.00128533 -0.00291306 -0.00394382
internal_weight=122004 39815.1 37827 10666.9 5100.58 5566.36 3296.54 1215.72 2080.83 2269.82 3880.93 1988.15 82188.7 23832.4 58356.3 3595.84 4421.56 19410.8 15421.7 6658.97 2942.37 3989.16 2389.53 1872.44 54760.5 20872.9 14316.4 6556.43 11614.7 8985.27
internal_count=489900 159968 151998 42916 20552 22364 13242 4875 8367 9122 15634 7970 329932 95756 234176 14407 17748 78008 61962 26828 11789 16046 9574 7498 219769 83710 57431 26279 46581 36044
is_linear=0
shrinkage=0.05


Tree=57
num_leaves=31
num_cat=0
split_feature=31 12 36 20 24 13 8 5 31 43 20 11 14 39 31 40 29 39 40 29 13 40 40 39 40 22 22 24 13 20
split_gain=17.5248 20.1405 20.0476 18.5377 18.2465 16.8914 15.9602 15.1625 27.4603 21.9369 20.1659 16.7503 29.5631 21.4133 20.3536 22.2118 14.6277 13.8592 19.2544 13.1677 13.0688 18.8373 24.2958 15.9903 31.2409 13.9008 13.2791 18.362 13.567 12.778
threshold=-0.59438562393188465 -7.6890389919280997 0.96611535549163829 1.0690574049949648 1.903484642505646 -8.7270827293395978 -0.60988110303878773 -0.052189465612173074 0.29031930863857275 0.36666667461395269 1.2149544954299929 0.58038660883903515 -7.1806910037994376 -0.29653874039649958 0.048140577971935279 0.41865575313568121 -0.67807188630104054 -0.12619776278734204 -0.82163912057876576 0.12832240760326388 -7.8134722709655753 0.9896419644355775 0.76883450150489818 0.55556493997573864 -0.59831890463829029 1.7963537573814394 2.2914602756500249 2.9495317935943608 -7.6790390014648429 1.2005249857902529
decision_type=2 2 2 2 2 2 2 2 2 2 2 2 2 2 2 2 2 2 2 2 2 2 2 2 2 2 2 2 2 2
left_child=1 3 7 -1 6 -4 16 8 11 -9 -11 20 13 -13 15 -14 -3 -15 29 -5 21 22 23 25 -25 -2 27 28 -22 -19
right_child=2 4 5 19 -6 -7 -8 9 -10 10 -12 12 14 17 -16 -17 -18 18 -20 -21 26 -23 -24 24 -26 -27 -28 -29 -30 -31
leaf_value=0.0038117709301529364 0.0032220535949032745 0.0078924127827717638 0.0065713844807763757 -0.00080798891552845073 -0.0019996644614220078 0.00085390497478406375 0.011352235349384641 -0.0024325805807512715 0.0026305901973319866 -0.0016981940379960023 0.0009609676097749281 0.00015778161381793635 0.011618611723166129 -0.012973664374479466 -0.0042458637462934289 -0.0009921027397141026 -0.0012281019810094799 -0.0047885152460873624 -0.0061338194980510262 -0.0094597686182762136 -0.0036466007359078952 0.010751013201112858 -0.0042154161899897969 -0.009577332210241556 0.0021206559667768031 0.011373194249630694 -0.0067515736192662081 -0.0094176507731107955 0.00065809668959946699 0.0056405313373556979
leaf_weight=2112.9935149997473 3476.4314070492983 953.27562837302685 1380.4468905329704 2804.5265374779701 743.50820501148701 18296.157579094172 1136.8179579377174 19076.981973558664 8988.7868993878365 13043.684867963195 15700.66265912354 2714.0307305753231 844.72325626015663 519.44289706647396 630.95279721915722 587.86424188315868 804.35459439456463 506.56094905734062 3881.9637814760208 512.10598056018353 2143.8994404524565 525.99815399944782 1738.3474948406219 691.24917086958885 3056.79889754951 609.51343631744385 840.88150827586651 525.62616890668869 12175.641391143203 671.44461292028427
leaf_count=8479 13967 3874 5540 11307 3000 73442 4569 76565 36040 52313 63050 10894 3395 2086 2529 2361 3246 2030 15580 2054 8611 2115 6990 2775 12265 2464 3401 2111 48934 2698
internal_value=-2.10026e-05 0.0020924 -0.000191321 0.000161639 0.0049657 0.00125816 0.00675564 -0.000498259 0.000159103 -0.00111853 -0.000245885 -0.000456142 -0.0021535 -0.00348548 0.00319075 0.00647278 0.0037352 -0.0052548 -0.00443838 -0.00216829 0.000226218 0.00162829 0.00111631 0.00230327 -5.65376e-05 0.00446278 -0.000676872 -0.000328466 1.1509e-05 0.00115332
internal_weight=121696 9067.58 112628 5429.63 3637.96 19676.6 2894.45 92951.5 45130.2 47821.3 28744.3 36141.4 10357 8293.44 2063.54 1432.59 1757.63 5579.41 5059.97 3316.63 25784.4 10098.3 9572.34 7833.99 3748.05 4085.94 15686 14845.2 14319.5 1178.01
internal_count=488685 36529 452156 21840 14689 78982 11689 373174 181246 191928 115363 145206 41573 33288 8285 5756 7120 22394 20308 13361 103633 40576 38461 31471 15040 16431 63057 59656 57545 4728
is_linear=0
shrinkage=0.05


Tree=58
num_leaves=31
num_cat=0
split_feature=33 39 17 15 15 11 15 41 39 41 11 34 30 26 39 25 15 14 41 11 14 14 16 30 14 39 11 4 24 30
split_gain=11.494 21.2137 29.5498 16.6896 19.4296 33.3635 16.5964 16.614 28.6637 29.6587 23.9108 25.5883 18.9565 22.1336 18.691 16.5619 16.2055 15.9593 15.4427 20.6093 15.0755 16.5163 23.9332 20.2603 18.1898 20.629 15.0819 33.1194 23.4209 26.8438
threshold=0.029027300886809829 0.94116705656051647 -0.010394957847893236 -6.7399990558624259 -6.971245050430297 -1.3791152238845823 -8.7575392723083478 -0.60785761475563038 0.88900867104530346 -0.87837970256805409 -1.3481037616729734 -0.17481259256601331 0.69968807697296154 -1.5055513978004453 0.95756223797798168 0.29212532937526708 -6.5911302566528311 -6.7701494693756095 1.0000000180025095e-35 -0.67142456769943226 -9.0810246467590314 -8.6444525718688947 -0.050441069528460496 -0.7754017412662505 -8.5003705024719221 0.27143786847591406 0.6537413001060487 1.8253281116485598 2.3803000450134282 -0.091754451394081102
decision_type=2 2 2 2 2 2 2 2 2 2 2 2 2 2 2 2 2 2 2 2 2 2 2 2 2 2 2 2 2 2
left_child=3 20 15 4 6 -6 -1 8 10 14 11 -8 13 -12 -10 -3 17 -5 -17 -20 -2 22 23 -22 25 -23 28 -28 -26 -30
right_child=1 2 -4 16 5 -7 7 -9 9 -11 12 -13 -14 -15 -16 18 -18 -19 19 -21 21 24 -24 -25 26 -27 27 -29 29 -31
leaf_value=-0.0067852254100862876 0.0069226146250078932 -0.0043952123965620557 -0.0068467117485582389 0.013330113545156825 -0.014979074688385583 -0.0012802944927983208 0.014045474487335424 7.8766771842414239e-05 -0.015659693675226734 0.0026152217245708313 0.00023071887346230808 0.0012947387311740719 -0.00391272287158156 0.0048238890629848409 -0.0033087338888014243 0.002048282838637627 -0.00010613131569021837 0.0019230327775363574 0.015745391182200891 0.0045898604283707272 -0.0077975972575064726 -0.0009496566165296315 -0.012400575925372071 0.0061320352123153616 -0.0010602466682537533 0.012338432603612129 -0.0003060793671756851 0.0082726258140529193 -0.00228837198255517 -0.011607713534424705
leaf_weight=758.50101818144321 605.36969919502735 589.6110412478447 782.11880278587341 708.04583561420441 511.72323685884476 3018.5810180902481 915.38080257177353 40893.800984188914 499.07054482400417 1240.18093316257 4717.5610078722239 688.37771642208099 1164.2242621481419 5899.7365083694458 787.16930581629276 2911.6690618991852 990.90742063522339 541.9056274741888 567.26469679176807 1514.9785482287407 500.72217287123203 610.54474698007107 749.97805736958981 524.05463014543056 30449.159562826157 547.62686686217785 13293.330596908927 1219.0361449867487 2340.6762381792068 1148.4762546569109
leaf_count=3050 2425 2361 3138 2848 2060 12131 3702 164188 2002 4984 18948 2759 4678 23767 3157 11700 3986 2179 2273 6076 2008 2454 3013 2102 122161 2200 53409 4915 9393 4607
internal_value=-1.79473e-05 -0.000524149 0.0021981 0.000448457 0.000292628 -0.00330266 0.000513657 0.000612293 0.00198257 -0.00289385 0.00290445 0.00861444 0.00212053 0.00278515 -0.00818484 0.00347503 0.00467676 0.00843919 0.00441117 0.00768969 -0.000857826 -0.000950819 -0.00567682 -0.000683784 -0.000780637 0.00538529 -0.000929108 0.000419731 -0.00150584 -0.0053803
internal_weight=121690 58354.6 6365.64 63335.2 61094.3 3530.3 57564 56805.5 15911.7 2526.42 13385.3 1603.76 11781.5 10617.3 1286.24 5583.52 2240.86 1249.95 4993.91 2082.24 51989 51383.6 1774.75 1024.78 49608.9 1158.17 48450.7 14512.4 33938.3 3489.15
internal_count=488674 234235 25548 254439 245426 14191 231235 228185 63997 10143 53854 6461 47393 42715 5159 22410 9013 5027 20049 8349 208687 206262 7123 4110 199139 4654 194485 58324 136161 14000
is_linear=0
shrinkage=0.05


Tree=59
num_leaves=31
num_cat=0
split_feature=29 15 15 14 2 10 10 15 0 35 14 40 22 11 14 34 17 31 17 11 40 39 42 35 39 39 33 26 11 31
split_gain=20.221 17.4518 22.2268 15.8005 12.9465 12.5541 13.4131 16.8647 12.9702 12.8098 18.9616 16.1286 21.8104 12.3983 16.6931 12.3412 24.5539 19.5346 14.4549 20.1422 20.4893 27.374 46.5543 24.6741 21.3572 20.9338 20.6332 20.2453 19.8956 19.548
threshold=-0.47153441607952112 -6.7912356853485099 -6.9596011638641349 -7.1571617126464835 0.81204611063003551 -1.7783238887786863 -0.773210048675537 -7.3105835914611808 -0.15130532532930371 -0.24366770684719083 -7.2612416744232169 0.71629512310028087 1.1054869294166567 0.42084078490734106 -7.7880420684814444 0.73789235949516307 0.35996259748935705 0.44019460678100591 0.13543955236673358 0.43187524378299719 -0.3214364200830459 -0.030538221821188923 1.0000000180025095e-35 0.51985070109367382 0.46561008691787725 -0.48098418116569513 0.087772578001022353 -2.0836923122406001 -1.5187954306602476 0.27957767248153692
decision_type=2 2 2 2 2 2 2 2 2 2 2 2 2 2 2 2 2 2 2 2 2 2 2 2 2 2 2 2 2 2
left_child=1 2 3 4 5 -1 7 8 -7 -8 11 -11 -13 14 -14 18 -17 -18 19 20 21 22 25 24 28 -2 -24 -21 -23 -22
right_child=15 -3 -4 -5 -6 6 9 -9 -10 10 -12 12 13 -15 -16 16 17 -19 -20 27 29 23 26 -25 -26 -27 -28 -29 -30 -31
leaf_value=0.0080300564184106974 -0.0024919039586728041 0.0075514891707902064 -0.0056826425930081789 0.0048013177342608442 -0.0021812336405137439 -0.0063158765858925357 0.0041124330860756453 0.0065303668006672175 0.00034073709158371687 0.0024562135727601449 -0.0073820199445075955 -0.0099458723761447175 -0.0016195069041303892 -0.0036843337519360526 0.0098960545470756708 -0.0040413320929440716 -0.0024584376225873453 0.010480449450838749 -0.001317163673970758 -0.0031792734052879922 0.00088898605689124999 -0.003816643147115978 0.005574350981206384 0.010614128129163793 -0.0015821175620837622 -0.010894364445247488 -0.0029520623722260899 -2.4500436343616952e-05 0.0052075242563846269 0.0039128929902461536
leaf_weight=665.88731251657009 1260.7227317392826 1047.1107066869736 1179.434059754014 2868.6833087205887 3009.6125707626343 1554.1793771833181 4099.2092884927988 514.97156117856503 1373.2781123816967 8438.7446963489056 647.28110972046852 638.67199686169624 669.11398108303547 994.13511346280575 580.18350724875927 4820.4274883121252 573.94305022060871 576.81276360154152 19760.42947755754 6979.5534167438745 18903.046679675579 762.47113345563412 1442.633354216814 625.58780173957348 5395.6187863051891 1815.1468466073275 1378.0693675130606 18667.896725907922 2939.4376474171877 7446.0809292197227
leaf_count=2685 5053 4221 4749 11545 12085 6278 16583 2079 5534 33853 2598 2562 2686 3995 2328 19487 2305 2318 79253 28002 75849 3059 5790 2513 21628 7280 5529 74934 11786 29873
internal_value=7.65402e-05 0.00124758 0.00100251 0.00130721 0.000873003 0.00132946 0.00109677 -0.00173199 -0.00320271 0.00170353 0.000875708 0.00135395 -0.00187079 0.000462002 0.00376453 -0.000278331 -0.00247558 0.00406156 -0.000127909 0.000219787 0.000894324 -0.000540357 -0.00322531 0.00108957 0.000423682 -0.00746964 0.00141301 -0.000883927 0.00334357 0.00174468
internal_weight=121628 28280.5 27233.4 26054 23185.3 20175.7 19509.8 3442.43 2927.46 16067.3 11968.1 11320.8 2882.1 2243.43 1249.3 93347.9 5971.18 1150.76 87376.7 67616.3 41968.8 15619.7 5896.57 9723.12 9097.53 3075.87 2820.7 25647.5 3701.91 26349.1
internal_count=488440 113781 109560 104811 93266 81181 78496 13891 11812 64605 48022 45424 11571 9009 5014 374659 24110 4623 350549 271296 168360 62638 23652 38986 36473 12333 11319 102936 14845 105722
is_linear=0
shrinkage=0.05


Tree=60
num_leaves=31
num_cat=0
split_feature=31 29 20 39 39 10 14 25 31 14 11 39 24 12 11 14 31 25 11 22 14 19 12 34 10 24 17 20 26 12
split_gain=18.806 15.8919 17.104 14.902 27.4791 19.306 40.3587 18.7499 21.1213 18.4345 16.5863 20.8796 21.936 22.9672 21.2523 23.012 20.4736 19.3818 17.8407 14.9973 14.4978 25.4544 17.9328 15.9492 19.049 17.8918 15.0692 13.7931 13.5774 18.8878
threshold=-0.61663934588432301 -0.30378742516040796 0.79140254855155956 -0.38670727610588068 -0.25459952652454371 -1.2785002589225767 -6.9969308376312247 0.36574438214302069 -0.19833306223154065 -7.5359866619110099 2.4125084877014165 -0.57713970541954029 0.90411305427551281 -7.0101823806762686 -0.8968968093395232 -7.8919923305511466 0.70432752370834362 0.2618959397077561 0.43187524378299719 1.2174146175384524 -8.2064642906188947 0.919754058122635 -8.9339041709899885 -0.55032333731651295 -0.75948080420494068 0.94993844628334057 -0.044509679079055779 0.61674401164054882 -1.3685497045516966 -7.6699056625366202
decision_type=2 2 2 2 2 2 2 2 2 2 2 2 2 2 2 2 2 2 2 2 2 2 2 2 2 2 2 2 2 2
left_child=1 28 -3 5 7 6 19 9 -9 -5 11 16 -13 14 -14 18 27 -17 -16 -2 21 23 -22 -6 -25 -26 -27 -7 -1 -30
right_child=3 2 -4 4 20 10 -8 8 -10 -11 -12 12 13 -15 15 17 -18 -19 -20 -21 22 -23 -24 24 25 26 -28 -29 29 -31
leaf_value=0.0067306786105160755 0.001810713975614773 0.0071121336827325177 -0.0030819482847776855 -0.012944158190993467 0.002917674759561336 -0.0058274079898843062 -0.00440544171389258 0.0058851486290390897 -0.0040228094259476422 -0.0016242315435369536 0.0078676497972758486 -0.0042913287132404446 -0.0059360990477774793 0.010010245266604774 0.0037288784014180482 0.0093163223603311956 -0.0081816916383130583 -0.0011579120493605997 0.014669843634594951 0.010319407449666248 0.0087602957722741556 0.0016494242282169465 -0.00015521441585751868 -0.010247852211985537 0.0039032940704465352 -0.0048599994852797498 0.0033037078326837361 -0.00010256965691920789 -0.0020237248894594126 0.0055195043515799333
leaf_weight=2247.9635577350855 765.96887415647507 505.50735025107861 2031.4128185212612 975.5896087884903 898.07316999137402 1080.3333757817745 979.17267763614655 648.60405999422073 2939.5709675103426 571.34010708332062 678.42269970476627 1026.9864197969437 694.97098489105701 1122.8386814892292 898.78276681900024 532.19168464839458 837.0403323918581 2373.6833945959806 638.27674198150635 1621.3103687167168 560.17239241302013 3505.002378448844 52280.968160405755 1075.9045132100582 795.83329813182354 5520.0292128026485 622.64752790331841 30055.110882803798 1677.8548882752657 1624.4628185033798
leaf_count=9043 3076 2027 8153 3923 3635 4330 3935 2601 11801 2297 2723 4117 2792 4512 3612 2143 3366 9523 2566 6522 2247 14071 209897 4314 3192 22151 2501 120650 6778 6593
internal_value=-8.31809e-05 0.00224499 -0.00103072 -0.000248962 -0.000697894 0.000480781 0.00411126 -0.00421594 -0.00222045 -0.00880056 0.000173814 3.88934e-05 0.00245215 0.00356341 0.0021378 0.00341123 -0.000511774 0.000785746 0.00833766 0.0076083 -0.000420461 -0.00195707 -5.90608e-05 -0.00337565 -0.00408362 -0.0031144 -0.00402847 -0.000303017 0.00374141 0.00169237
internal_weight=121786 8087.2 2536.92 113699 70393.7 43305.1 3366.45 5135.1 3588.18 1546.93 39938.6 39260.2 7287.73 6260.74 5137.91 4442.93 31972.5 2905.88 1537.06 2387.28 65258.6 12417.5 52841.1 8912.49 8014.41 6938.51 6142.68 31135.4 5550.28 3302.32
internal_count=489091 32594 10180 456497 282630 173867 13533 20622 14402 6220 160334 157611 29265 25148 20636 17844 128346 11666 6178 9598 262008 49864 212144 35793 32158 27844 24652 124980 22414 13371
is_linear=0
shrinkage=0.05


Tree=61
num_leaves=31
num_cat=0
split_feature=23 43 40 40 41 11 41 10 24 35 40 39 35 24 39 40 41 34 26 40 12 11 11 24 35 39 9 39 11 35
split_gain=13.4753 13.6218 12.2791 24.4463 23.2245 21.1969 33.4243 30.9046 27.5234 26.7328 21.544 22.1743 20.1943 19.5195 21.5466 22.895 19.8752 19.0692 18.7642 18.329 18.3237 17.8788 17.77 17.2657 23.4405 29.4065 22.7376 21.5297 16.6894 15.9502
threshold=0.12063453719019891 1.0000000180025095e-35 -0.30486139655113215 -0.44228447973728174 -1.0000000180025095e-35 -0.75580361485481251 -0.60785761475563038 0.019750707782804969 1.7872208356857302 0.10001960769295694 -0.92219218611717213 -0.23768363147974012 0.28542694449424749 2.5904620885849003 -0.23768363147974012 0.9117533564567567 1.0000000180025095e-35 0.16805386543273929 1.1789947748184206 0.30486139655113226 -7.7868816852569571 0.23489575833082202 -0.32125189900398249 1.9380366802215578 0.72310131788253795 -0.59130400419235218 1.2636154890060427 -0.9081345498561858 -1.1835260391235349 0.54573923349380504
decision_type=2 2 2 2 2 2 2 2 2 2 2 2 2 2 2 2 2 2 2 2 2 2 2 2 2 2 2 2 2 2
left_child=1 -1 3 5 -5 6 -2 8 -8 17 11 20 -4 14 21 -16 29 18 -7 -15 -11 -14 -19 24 25 27 -25 -23 -9 -17
right_child=2 -3 12 4 -6 9 7 28 -10 10 -12 -13 13 19 15 16 -18 22 -20 -21 -22 23 -24 26 -26 -27 -28 -29 -30 -31
leaf_value=0.0066270559540956417 0.0013249108344770585 0.00085389276830845785 0.00074428652565695008 -0.0081934492575028699 -0.001299904221628902 -0.000138823363089612 7.7371982874391483e-05 -0.0063782806424547023 -0.0098708991685964274 -0.00026172750517448055 0.0028731556563773293 0.00058301305312644309 0.0041378078389825478 -0.0024060793209533908 -0.0018085233774536146 -0.0073248275525584763 -0.0025483947501722393 0.001667534927287018 -0.006875046965887476 0.0057177043208835356 -0.013125158057710973 -0.0038184957102373042 -0.0090156070073726703 0.0093140887132108566 0.0051565734580257061 0.0030733180264758348 -0.0022278366463932774 -0.013608835200075659 -0.01787959846217272 -0.018192469166321668
leaf_weight=1085.5978493839502 2856.4314583092928 15252.189614325762 43267.876323267817 2123.8777761459351 2869.2844864577055 11145.439419075847 2273.3154575675726 656.40588548779488 991.47714260220528 506.6908046901226 10102.751417055726 4417.230819016695 2021.4466359168291 1124.4393863677979 6315.6870057731867 1032.9689825624228 1262.0221718549728 532.83503946661949 1129.5446895509958 1786.3779366910458 601.41098842024803 1364.3747804015875 1407.0007892102003 746.05409061908722 679.08440478146076 821.14565941691399 972.6542092114687 958.16121055185795 629.7724696546793 511.90433719754219
leaf_count=4383 11466 61538 173557 8524 11502 44667 9113 2631 3974 2036 40543 17736 8128 4512 25405 4170 5087 2134 4533 7174 2414 5478 5639 2995 2733 3305 3908 3850 2524 2072
internal_value=-9.41198e-05 0.00124132 -0.000301797 -0.000960951 -0.00424264 -0.000520041 -0.00291213 -0.0055686 -0.00296471 7.44839e-05 0.00150124 -0.00100788 0.000141223 -0.00119002 -0.00184921 -0.0034838 -0.00723346 -0.00149408 -0.000763783 0.00258202 -0.00729817 0.000124469 -0.00608765 -0.00134435 -0.00321332 -0.00503196 0.00280716 -0.00789852 -0.0121044 -0.0110197
internal_weight=121445 16337.8 105108 42243.5 4993.16 37250.3 7407.4 4550.97 3264.79 29842.9 15628.1 5525.33 62864.2 19596.3 16685.5 9122.58 2806.9 14214.8 12275 2910.82 1108.1 7562.92 1939.84 5541.47 3822.77 3143.68 1718.71 2322.54 1286.18 1544.87
internal_count=487731 65921 421810 169436 20026 149410 29708 18242 13087 119702 62729 22186 252374 78817 67131 36734 11329 56973 49200 11686 4450 30397 7773 22269 15366 12633 6903 9328 5155 6242
is_linear=0
shrinkage=0.05


Tree=62
num_leaves=31
num_cat=0
split_feature=35 40 41 39 15 40 40 24 24 40 23 15 14 22 2 41 14 39 24 39 39 23 13 11 25 30 23 40 14 34
split_gain=11.021 31.9212 27.7507 27.987 34.6207 24.7788 22.4125 21.633 21.3272 26.7983 29.8035 20.7283 18.6574 21.4666 17.3832 17.2342 19.7028 19.4704 18.3102 16.176 16.1272 16.0326 20.4665 17.1676 17.8777 26.4206 17.7062 15.8434 16.4273 15.4286
threshold=0.28542694449424749 -0.44228447973728174 -0.60785761475563038 0.87671843171119701 -6.971245050430297 -0.32968752086162562 -0.91530275344848622 1.1522853374481203 2.6527789831161503 0.97533303499221813 0.53482672572135936 -6.7399990558624259 -7.3518903255462638 1.0025672912597658 1.3794359564781191 0.6078576147556306 -7.6329772472381583 0.96244606375694286 1.1798435449600222 -0.95756223797798146 -0.23768363147974012 0.861131250858307 -7.6904444694519034 -1.3481037616729734 0.095140188932418837 -0.11076102405786513 0.16495530307292941 0.81156626343727123 -6.8521001338958731 -0.48621042072772974
decision_type=2 2 2 2 2 2 2 2 2 2 2 2 2 2 2 2 2 2 2 2 2 2 2 2 2 2 2 2 2 2
left_child=2 6 3 4 14 -5 20 -7 9 12 -11 -6 13 -3 21 16 18 -17 -15 -14 -2 23 -23 26 25 -25 -1 28 -21 -9
right_child=1 8 -4 5 11 7 -8 29 -10 10 -12 -13 19 15 -16 17 -18 -19 -20 27 -22 22 -24 24 -26 -27 -28 -29 -30 -31
leaf_value=0.016097921439427596 -0.0078743910498701494 0.0033938716819839065 -0.0004040295856615037 -0.010924228275455694 -0.006895685045555708 0.0078226357109672778 0.0029412137113682523 0.0053312878391951124 0.0018845278665615556 -0.016645743482870051 -0.003786379602274589 0.0034371274424764781 0.0047490685491476323 -0.010414285672167806 -0.0028882393099219769 -0.0025864901987824492 -0.0091973535955409969 0.0079224941553089987 -0.0023037298180174312 -0.0014520056624950047 -0.00012896178284054269 0.0023093356328896314 -0.0087944840403017376 0.0035878679437378602 0.0038414576777046471 -0.0096605670197544413 0.0054502211020796207 0.0034305024985750092 -0.010947803769021351 -0.004216159492023819
leaf_weight=506.07008105516434 816.68098817765713 1123.3716102540493 62085.066448435187 675.68978084623814 1519.9316791594028 625.37503835558891 7229.2240484654903 512.93197321891785 3046.3908358663321 662.91022145748138 1389.606795206666 703.51931245625019 1518.5764941722155 807.26950854063034 1188.0567742884159 2068.9504928439856 2085.7540661543608 549.35392923653126 4760.3227902203798 2521.3014241158962 3594.992018148303 1444.4997893869877 570.78017996251583 906.06350849568844 12346.950081110001 629.25654849410057 1692.1794839054346 1278.1057618558407 547.03769817948341 2225.1627922654152
leaf_count=2056 3285 4513 249151 2713 6108 2508 29031 2073 12228 2667 5624 2829 6092 3256 4768 8310 8393 2204 19180 10125 14446 5796 2288 3686 49570 2555 6792 5134 2193 8918
internal_value=-0.000129728 -0.000893686 0.000166745 0.0015535 0.00227065 -0.00226127 0.00122888 -0.000493733 -0.00199883 -0.00261205 -0.00800019 -0.00362554 -0.00196705 -0.00314558 0.00295201 -0.00386338 -0.00505996 -0.000359816 -0.00349628 0.000324145 -0.00157735 0.00333683 -0.000863453 0.00386344 0.00320897 -0.00186943 0.00796328 -0.0012292 -0.00317502 -0.00241473
internal_weight=121631 33999.8 87631.5 25546.5 21507.3 4039.16 11640.9 3363.47 22359 19312.6 2052.52 2223.45 17260 11395 19283.9 10271.7 7653.35 2618.3 5567.59 5865.02 4411.67 18095.8 2015.28 16080.5 13882.3 1535.32 2198.25 4346.44 3068.34 2738.09
internal_count=488492 136681 351811 102660 86448 16212 46762 13499 89919 77691 8291 8937 69400 45856 77511 41343 30829 10514 22436 23544 17731 72743 8084 64659 55811 6241 8848 17452 12318 10991
is_linear=0
shrinkage=0.05


Tree=63
num_leaves=31
num_cat=0
split_feature=36 12 40 40 22 9 29 39 28 39 19 2 13 1 18 15 32 22 39 31 31 8 31 19 15 19 27 39 22 3
split_gain=12.3018 23.6727 16.257 12.825 11.0963 12.4781 10.5694 11.2376 18.3229 14.9147 11.1983 11.733 10.71 10.1389 10.7343 16.7882 14.1658 19.3717 15.0459 12.5571 12.5059 20.2989 11.7434 16.9538 18.317 13.0091 11.463 27.2754 26.0113 15.6588
threshold=-0.97665333747863758 -8.5365705490112287 0.6122114658355714 -0.99495905637741078 1.1946381926536562 -0.34297330677509302 -0.50881731510162342 -0.27982635796070093 -1.1175428032875059 0.98077592253685009 0.0059234779328107843 -0.85019826889038075 -7.9166228771209708 -2.5842009782791133 1.165480434894562 -8.4570713043212873 0.34215900301933294 1.2213219404220583 0.48098418116569525 -0.30111807584762568 0.26323786377906805 -0.72070422768592823 0.45501646399497991 0.36013099551200872 -7.4298400878906241 0.4047748744487763 0.99999997019767772 0.52620890736579906 1.2989242672920229 1.4714177250862124
decision_type=2 2 2 2 2 2 2 2 2 2 2 2 2 2 2 2 2 2 2 2 2 2 2 2 2 2 2 2 2 2
left_child=1 2 -1 -3 5 -5 12 8 -8 10 11 -9 -6 -2 16 -16 18 -18 19 -15 21 -20 23 -22 -25 -24 29 28 -28 -17
right_child=13 3 -4 4 6 -7 7 9 -10 -11 -12 -13 -14 14 15 26 17 -19 20 -21 22 -23 25 24 -26 -27 27 -29 -30 -31
leaf_value=-0.0070544231434995488 0.0057070441945270478 0.0071692803207246449 0.00097210025599410606 0.00090402794208885035 -0.0011480729040901775 -0.0045219713066582349 0.0082468200839441053 -0.0033926521938431537 -0.00045303638636048265 0.0053804783888568341 -0.0051537627143229004 0.0045191832016367624 0.0051099931718670694 0.0030219459738185881 0.0055056748298430228 -0.00026936500486152078 0.0071316600130452192 0.0010929479837840379 0.0018900560136720533 0.00057560777980644187 -0.001437831706982989 -0.0027536184478643591 0.0033242374308973376 0.012772264146119962 0.00057239336373523532 -0.0040428429383164285 0.0086676007032911503 0.01083682924450337 -0.0048479736906585288 -0.0031333770719168888
leaf_weight=2395.5859974324703 851.66148614883423 547.17317673563957 852.08022467792034 1632.8345273584127 1062.8828233778477 2992.7519334256649 791.90392288565636 1125.3499678522348 2463.7082432359457 585.32317659258842 2626.0405460447073 787.91782966256142 1890.522088855505 6700.3651431202888 1207.6960796564817 38255.169681176543 1932.7158688008785 4212.3413853645325 3151.6698358356953 24064.963870793581 797.17778035998344 9212.6158628463745 1047.8305543512106 751.18519970774651 518.03009642660618 1372.93944452703 505.56208804249763 738.92644926905632 1140.3892038315535 5443.2365916520357
leaf_count=9618 3451 2198 3426 6553 4286 12000 3178 4520 9893 2349 10549 3162 7618 26926 4854 153771 7754 16924 12659 96537 3196 36927 4203 3013 2078 5511 2029 2969 4586 21889
internal_value=8.48495e-05 -0.0010568 -0.00495201 -0.000287871 -0.000547873 -0.00260877 0.000294797 -0.00061212 0.00168191 -0.00206993 -0.00304034 -0.000127861 0.00286154 0.000306238 0.000260161 -0.000289264 0.00074342 0.00300072 0.000451541 0.0011092 -0.000749084 -0.00156937 0.00150966 0.0042688 0.00783629 -0.000853444 -0.000442293 0.00292609 -0.000669325 -0.000626752
internal_weight=121659 19754.1 3247.67 16506.4 15959.2 4625.59 11333.6 8380.24 3255.61 5124.63 4539.31 1913.27 2953.4 101904 101053 47291 53761.8 6145.06 47616.8 30765.3 16851.4 12364.3 4487.16 2066.39 1269.22 2420.77 46083.3 2384.88 1645.95 43698.4
internal_count=488627 79350 13044 66306 64108 18553 45555 33651 13071 20580 18231 7682 11904 409277 405826 190098 215728 24678 191050 123463 67587 49586 18001 8287 5091 9714 185244 9584 6615 175660
is_linear=0
shrinkage=0.05


Tree=64
num_leaves=31
num_cat=0
split_feature=23 19 30 30 41 17 15 30 9 11 41 37 17 9 6 15 7 24 28 15 18 8 41 23 9 15 24 10 17 13
split_gain=14.1751 17.5836 18.8397 15.8056 19.2679 21.1848 23.5251 19.2528 26.1931 23.9153 21.3198 25.4642 20.6524 25.0152 20.1966 17.6801 17.2785 23.1193 17.2672 17.8311 16.942 23.2808 19.2465 21.0072 16.9277 15.9329 15.6118 15.2329 24.022 16.937
threshold=0.12063453719019891 0.022605909034609798 0.60588437318801891 -1.4849605560302732 0.87837970256805431 0.33212992548942571 -6.7169015407562247 -0.55118891596794117 0.45432835817337042 -0.57003843784332264 -1.0000000180025095e-35 0.23505261540412906 -0.31158180534839625 -0.70723953843116749 -0.013187784701585768 -7.7164790630340567 0.35126553475856787 1.7320073843002322 -0.61924728751182545 -7.5575819015502921 1.4041295647621157 -0.10477495566010474 -1.0000000180025095e-35 0.77982592582702648 0.093721538782119765 -7.3563885688781729 1.4518697857856753 0.13973986357450488 -0.69162431359291066 -8.2772250175476056
decision_type=2 2 2 2 2 2 2 2 2 2 2 2 2 2 2 2 2 2 2 2 2 2 2 2 2 2 2 2 2 2
left_child=1 -1 -3 20 7 6 -6 8 10 18 16 14 13 15 -12 -9 17 -5 19 -10 21 -2 -23 -24 -22 -19 -4 28 -15 -29
right_child=3 2 26 4 5 -7 -8 12 9 -11 11 -13 -14 27 -16 -17 -18 25 -20 -21 24 22 23 -25 -26 -27 -28 29 -30 -31
leaf_value=-0.00096959976305963265 0.0057977178561418891 0.0033235837710897387 -0.0077013131639898065 0.0014680978300259068 -0.0036261350433961547 0.002490624786374007 0.0068187794541497331 0.00078723750931114468 0.001147111742687271 -0.0020321897528148367 -0.0072113889817534485 0.0024847189790252518 -0.00020895190531412044 -0.0063845127927627809 -0.0010948522306592635 0.011813015749671502 0.0040193153672759925 -0.0012392342397050586 -0.016044935067451697 -0.0091830466037484421 -0.0058951135800883875 -0.0019829393074335799 0.00042320817385207315 0.01067785747643242 0.001614048786909839 -0.010855183677523477 0.0022699595308693491 -0.0051189763089967552 0.0053329023312284132 0.0012847558636802383
leaf_weight=5867.5574650913477 3296.9342854470015 8977.675513908267 760.15949657559395 4955.0341500788927 11091.176457315683 1957.8901639580727 557.59051306545734 557.17477980256081 634.99117673933506 6423.1633316129446 2647.6511956453323 2005.5567097514868 43456.62865370512 500.30650033056736 2750.7033878862858 1044.647156059742 3545.8762099742889 1061.3065595626831 505.71045778691769 1199.6545675545931 1384.4124504774809 3218.876871958375 1392.8930864036083 769.34311732649803 1618.1270382255316 718.52616634964943 793.49460612237453 1442.6704068034887 3101.0889304280281 3561.1976708471775
leaf_count=23680 13215 36232 3068 19883 44481 7847 2237 2237 2548 25821 10618 8041 174446 2008 11024 4195 14231 4259 2034 4815 5554 12922 5581 3089 6501 2884 3203 5795 12444 14307
internal_value=-0.000144225 0.00122282 0.00244409 -0.000357017 -0.000573208 -0.00231208 -0.00312075 -0.000277616 -0.00138145 -0.00361501 -0.000273211 -0.00231724 0.000266567 0.00228931 -0.00410253 0.00800651 0.00119967 -0.000288624 -0.00793198 -0.00562083 0.00137659 0.00249601 0.000466094 0.00410426 -0.00185636 -0.00516019 -0.00262676 0.00121703 0.00369195 -0.000568038
internal_weight=121798 16398.9 10531.3 105399 93718.5 13606.7 11648.8 80111.9 26448.2 8763.52 17684.7 7403.91 53663.7 10207.1 5398.35 1601.82 10280.7 6734.87 2340.36 1834.65 11680.6 8678.05 5381.11 2162.24 3002.54 1779.83 1553.65 8605.26 3601.4 5003.87
internal_count=489200 66183 42503 423017 376155 54565 46718 321590 106158 35218 70940 29683 215432 40986 21642 6432 41257 27026 9397 7363 46862 34807 21592 8670 12055 7143 6271 34554 14452 20102
is_linear=0
shrinkage=0.05


Tree=65
num_leaves=31
num_cat=0
split_feature=12 17 29 41 9 36 39 11 13 24 13 10 10 16 39 30 20 39 20 30 17 31 12 10 13 41 16 15 9 41
split_gain=25.9887 16.6223 16.0397 23.6665 27.5603 17.5658 16.9664 25.1543 14.8268 13.7831 13.5752 12.8853 18.0244 12.9822 12.5275 22.3468 15.6168 13.9375 13.1887 11.2707 11.2235 19.7012 19.99 17.4001 18.6975 24.4249 21.9342 20.3134 17.2274 14.4816
threshold=-6.5310814380645743 0.12304237484931947 -0.45579722523689264 -0.60785761475563038 -0.69562482833862294 -0.99363571405410755 0.40274286270141607 -0.60668936371803273 -6.7824859619140616 1.2687199115753176 -7.3676078319549552 -1.7783238887786863 -0.056509802117943757 -0.56448003649711598 -0.67236042022705067 -0.78557008504867543 1.5225046277046206 -0.28819352388381952 0.93855345249176036 -0.11076102405786513 -0.087182622402906404 -0.17633325606584546 -8.0078868865966779 -1.0085320472717283 -7.3450307846069327 0.6078576147556306 0.33532708883285528 -8.0044202804565412 0.79142925143241893 0.87837970256805431
decision_type=2 2 2 2 2 2 2 2 2 2 2 2 2 2 2 2 2 2 2 2 2 2 2 2 2 2 2 2 2 2
left_child=2 -2 3 4 19 10 7 -6 11 -8 -4 -5 13 -13 16 18 -14 -17 -16 -1 -7 -22 -23 -24 25 27 -26 -25 -29 -27
right_child=1 -3 5 8 6 20 9 -9 -10 -11 -12 12 14 -15 15 17 -18 -19 -20 -21 21 22 23 24 26 29 -28 28 -30 -31
leaf_value=0.010812292293793786 0.012623529622347097 0.0028002812027227916 -0.002833592503416867 0.0058893200398773375 0.010881937106431662 0.0002965504633570923 -0.0068556518806266176 0.001325485172391597 0.0070723610129983759 0.0010385620188849477 0.0015325264274832341 -0.0072182920520444775 0.0077743488480729109 -0.0014435184015646517 0.011088214446402117 -0.0071269732289015938 -0.0013425178756731521 -0.00055562002176144296 0.0020461645764524978 0.0025096810910621437 0.0011750196565753507 0.0018352103025660257 -0.0068696545131996193 0.0002905273276704298 -0.001569986609645478 0.0030703200290987083 0.0044951966810578064 -0.0055687929247575808 -0.013412207570909988 -0.004922184428729031
leaf_weight=1358.3485557734966 499.05611243844032 2867.9876840561628 11366.151591539383 796.43964803218842 891.15771408379078 46151.794215366244 850.64187461137772 2934.3674127757549 696.80435584485531 1540.4701887816191 2104.0124179422855 1096.9529700279236 1278.228998452425 8141.3927318900824 505.38175615668297 996.41339866816998 735.18846799433231 4080.3915633261204 1885.8989590555429 593.36790384352207 8015.5470866411924 3344.667134642601 1909.1243917793036 959.94998946785927 8161.8194891959429 1539.1325721591711 1813.3086965084076 2351.3676991909742 1005.9362654834986 883.71864883601665
leaf_count=5507 2009 11527 45626 3210 3596 185290 3421 11812 2801 6194 8442 4402 5127 32784 2026 4003 2960 16381 7568 2408 32170 13425 7659 3864 32730 6174 7279 9438 4055 3545
internal_value=-3.54768e-05 0.00428933 -0.000159248 0.000876418 0.0031459 -0.000487339 0.0015127 0.00357423 -4.18099e-05 -0.00178667 -0.00215098 -0.000299304 -0.000565604 -0.00213627 0.000965423 1.98714e-05 0.00445519 -0.00185684 0.00399536 0.00831376 -0.000192761 -0.00094575 -0.00171971 -0.00235877 -0.00183976 -0.00387206 -0.000464042 -0.00612262 -0.00795174 0.000146858
internal_weight=121355 3367.04 117988 28381.4 8168.35 89606.5 6216.64 3825.53 20213.1 2391.11 13470.2 19516.3 18719.8 9238.35 9481.5 7468.09 2013.42 5076.8 2391.28 1951.72 76136.4 29984.6 21969 18624.4 16715.2 6740.11 9975.13 4317.25 3357.3 2422.85
internal_count=487433 13536 473897 114200 32938 359697 25023 15408 81262 9615 54068 78461 75251 37186 38065 29978 8087 20384 9594 7915 305629 120339 88169 74744 67085 27076 40009 17357 13493 9719
is_linear=0
shrinkage=0.05


Tree=66
num_leaves=31
num_cat=0
split_feature=34 24 10 14 18 22 14 12 36 12 11 24 23 13 0 12 32 26 19 30 35 34 29 24 5 5 16 11 22 1
split_gain=14.2761 20.3738 18.3133 12.6892 12.1441 14.1995 20.1287 13.096 10.4666 26.0929 17.7609 14.7945 13.1084 12.4456 14.2958 11.9706 24.3014 15.5449 11.644 10.8086 10.4535 10.0415 9.42542 10.4453 9.21869 12.4603 12.9216 9.7295 12.7884 10.7051
threshold=0.73789235949516307 4.046278953552247 0.55646258592605602 -7.6599092483520499 1.9114518761634829 2.2914602756500249 -7.9394550323486319 -7.3702816963195792 -0.86661350727081288 -8.3248510360717756 1.4951818585395815 2.0337028503417973 0.061789911240339286 -8.8125028610229474 -1.2240895628929136 -8.9950046539306623 0.12281648069620134 -2.1845722198486324 0.22228895127773288 -1.273974537849426 0.193466991186142 -0.17481259256601331 -0.80217191576957692 1.4768437147140505 -0.31269574165344233 0.52423477172851574 0.026462873443961147 -0.74131622910499562 1.5196732878685 -0.45105336606502527
decision_type=2 2 2 2 2 2 2 2 2 2 2 2 2 2 2 2 2 2 2 2 2 2 2 2 2 2 2 2 2 2
left_child=1 8 3 -2 5 6 -4 -8 9 10 13 18 22 -1 -15 16 20 -18 24 -16 -14 -21 23 -10 27 26 -26 28 -11 -29
right_child=2 -3 4 -5 -6 -7 7 -9 12 11 -12 -13 15 14 19 -17 17 -19 -20 21 -22 -23 -24 -25 25 -27 -28 29 -30 -31
leaf_value=-0.0079631838853143951 -0.0099852869881312013 0.0077137358092528282 0.0037321358113347226 -0.0019759468922103912 0.0031765227087220769 0.0031573564188937158 -0.013238566366820571 -0.0033379727096990012 0.011058827856028568 -0.004794293777417925 -0.011256463739712751 -0.0027722691276384401 0.0018348603569547581 0.0043209223831426483 0.002120807624357375 8.9338435686936769e-05 0.00088731952825738035 0.011084385524388523 -0.00096117621020987652 -0.00028085351095147548 -0.0054728723777882063 -0.0069618261258965032 0.0015385628087988944 0.0023118319261476428 0.00096104845018036395 0.0046142299061441659 -0.0057634680283187006 0.0031136347209578547 0.0054652072849986407 0.0096076739784383761
leaf_weight=909.94787573814392 1046.5024144947529 881.61251492798328 495.84444199502468 941.11534722149372 1506.2350606024265 787.22218438982964 623.7299048602581 725.67554904520512 618.56180456280708 752.13263607025146 684.73722073435783 3633.07904933393 1561.6277625113726 825.73992028832436 773.93293869495392 80330.7153057307 575.72508189082146 1065.218190997839 6004.2714702188969 865.61838851869106 700.72108614444733 1600.2756188511848 4281.3612138926983 761.79906426370144 1860.5677705109119 1083.9688031077385 1147.2988635003567 3514.9425685405731 495.14181530475616 770.4502454996109
leaf_count=3658 4236 3537 2007 3800 6084 3172 2524 2924 2507 3027 2751 14585 6263 3319 3106 322411 2308 4271 24106 3479 2811 6419 17281 3087 7460 4348 4603 14151 2004 3096
internal_value=6.00741e-05 0.000184704 -0.0022901 -0.00622183 -0.000391445 -0.00243724 -0.00482817 -0.007978 0.000126227 -0.00078024 -0.0037615 9.73241e-05 0.000377588 -0.00270952 -0.001517 0.000220899 0.0029213 0.00753379 0.000765739 -0.00301364 -0.0004427 -0.00462717 0.00270429 0.00628285 0.00184296 4.27796e-05 -0.0016145 0.00317185 -0.000710412 0.00430082
internal_weight=121826 115699 6126.32 1987.62 4138.71 2632.47 1845.25 1349.41 114818 24922.1 5660.25 19261.9 89895.7 4975.51 4065.57 84234 3903.29 1640.94 15628.8 3239.83 2262.35 2465.89 5661.72 1380.36 9624.5 4091.84 3007.87 5532.67 1247.27 4285.39
internal_count=489335 464588 24747 8036 16711 10627 7455 5448 461051 100112 22732 77380 360939 19981 16323 338064 15653 6579 62795 13004 9074 9898 22875 5594 38689 16411 12063 22278 5031 17247
is_linear=0
shrinkage=0.05


Tree=67
num_leaves=31
num_cat=0
split_feature=15 10 8 23 11 11 21 29 17 28 25 14 2 9 14 15 11 11 7 12 28 31 7 23 14 17 12 15 15 28
split_gain=19.9824 17.9562 17.5539 16.3568 18.409 27.1512 17.3188 16.398 15.7456 19.614 15.2226 13.5381 16.0452 11.6003 22.2375 29.5447 18.836 18.6919 16.745 22.3169 20.8465 18.9489 18.157 16.1864 15.8879 15.505 16.1579 15.1895 37.1215 16.3206
threshold=-6.7399990558624259 1.401199519634247 -0.7667730152606963 0.9579857885837556 -3.2910846471786495 -2.2485940456390376 0.94235688447952282 -0.45579722523689264 -0.40448908507823939 -1.8784708976745603 0.57927224040031444 -8.5200014114379865 0.37118972837924963 -0.51212424039840687 -7.0584890842437735 -7.4207670688629142 -0.041739946231245988 -0.42849870026111597 -0.32937189936637873 -7.9687416553497306 0.11801555752754213 -0.30111807584762568 -1.9904380440711973 0.16113134473562243 -7.874750852584838 0.71910855174064647 -7.3366804122924796 -8.4943103790283185 -8.690760135650633 -0.72397083044052113
decision_type=2 2 2 2 2 2 2 2 2 2 2 2 2 2 2 2 2 2 2 2 2 2 2 2 2 2 2 2 2 2
left_child=3 2 -2 4 -1 7 -5 -6 9 -4 -9 -8 -13 14 18 -16 17 -17 19 20 21 24 -21 -23 -7 27 -27 28 -15 -30
right_child=1 -3 8 6 5 13 11 10 -10 -11 -12 12 -14 25 15 16 -18 -19 -20 22 -22 23 -24 -25 -26 26 -28 -29 29 -31
leaf_value=-0.0073393295288613249 0.011822593951245465 -0.0048271347220229278 -0.00090475569533491674 -0.0070364944268689299 0.013093058028650822 0.0021201872186836731 0.0047318255863115994 -0.0017222545704645863 -4.0576550851728522e-05 0.01134865847858383 0.0083353267933335261 -0.0072992382290045761 -0.00073268794902966647 -0.0032218343972636914 -0.013019603761351093 -0.00039316688923868315 0.005816009226606785 -0.0092920426334304005 0.0030499974178862291 -0.0063790737501745118 0.0046252607502870755 -0.0020613996619890432 0.0025243230503208198 -0.0104427116944376 -0.0074927895787295353 -0.0028001432602899699 0.0068753704210644476 -0.00046464710329549108 0.0026844547842132882 0.014344335269596954
leaf_weight=799.49719531834126 685.50037913024426 570.06339873373508 505.30778697133064 1451.0897462069988 564.3644123673439 1752.5510885864496 874.11858879029751 777.20138275623322 1814.6955708414316 906.20340292155743 714.12462887167931 1113.6919381320477 5421.7738942056894 1053.3152353316545 547.98238264024258 2513.4186561703682 853.1861227452755 761.53164145350456 10561.765781447291 603.24858990311623 960.48196493089199 1068.7867389917374 8744.8172375261784 1255.0485858619213 558.46008732914925 603.9324649721384 1461.9817729145288 70912.339234381914 520.42543187737465 717.1700174510479
leaf_count=3215 2772 2289 2028 5844 2277 7064 3512 3122 7281 3641 2864 4484 21844 4226 2200 10104 3429 3060 42338 2453 3880 4308 35264 5033 2246 2421 5859 284614 2088 2880
internal_value=0.000129003 0.00340177 0.00461024 3.53532e-06 0.000172585 0.000229126 -0.00206065 0.00590613 0.00304598 0.00698654 0.00311728 -0.00107801 -0.00186112 0.000117907 0.000945909 -0.00222052 -0.000759021 -0.00248443 0.00152709 0.000449396 -0.00204592 -0.00343537 0.00194357 -0.0066133 -0.00022508 -0.000214185 0.00404705 -0.000334981 0.00366327 0.00950202
internal_weight=121648 4481.77 3911.71 117166 108306 107506 8860.67 2055.69 3226.21 1411.51 1491.33 7409.58 6535.47 105450 30181.3 4676.12 4128.14 3274.95 25505.2 14943.4 5595.33 4634.85 9348.07 2323.84 2311.01 75269.2 2065.91 73203.2 2290.91 1237.6
internal_count=488640 18011 15722 470629 434945 431730 35684 8263 12950 5669 5986 29840 26328 423467 121379 18793 16593 13164 102586 60248 22531 18651 37717 9341 9310 302088 8280 293808 9194 4968
is_linear=0
shrinkage=0.05


Tree=68
num_leaves=31
num_cat=0
split_feature=0 31 11 13 21 11 28 8 39 11 17 13 21 25 22 40 11 14 16 40 39 39 28 35 11 17 17 17 11 11
split_gain=16.5392 14.3759 22.104 16.6817 17.1326 22.7848 16.3737 16.1131 14.7608 14.1899 15.0798 18.0046 24.5313 17.8071 16.2729 14.1056 31.1766 13.3154 19.4216 12.9091 21.5785 19.1056 19.8153 23.7686 18.8092 22.643 17.4413 14.5566 15.455 17.3121
threshold=-2.975133895874023 0.30132411420345312 -1.3183196783065794 -8.7013974189758283 0.20194313675165179 1.0362052917480471 -0.26558682322502131 1.1770927906036379 -0.14349126070737836 -3.2910846471786495 -1.1497976779937742 -8.7821340560913068 0.3000799715518952 0.22789117693901065 1.6533170342445376 -0.47331516444683069 0.6537413001060487 -8.1690087318420392 -0.26240995526313776 -0.065402505919337259 -0.38670727610588068 -0.71017861366271962 -0.77632084488868702 -0.61601406335830677 1.0176566839218142 -0.44561471045017237 -0.082511108368635164 0.45752248167991644 0.47509258985519415 -0.23780498653650281
decision_type=2 2 2 2 2 2 2 2 2 2 2 2 2 2 2 2 2 2 2 2 2 2 2 2 2 2 2 2 2 2
left_child=-1 9 17 8 5 -5 7 15 -4 -2 -11 12 -12 19 -14 16 -6 -3 -19 24 21 22 -21 -24 -13 -26 -23 28 29 -22
right_child=1 2 3 4 6 -7 -8 -9 -10 10 11 13 14 -15 -16 -17 -18 18 -20 20 27 26 23 -25 25 -27 -28 -29 -30 -31
leaf_value=0.0069784872554127172 -0.0071791671718051276 -0.00161919195500135 0.012637679683737897 0.0048145348554680589 -0.0076246254382768622 -0.003890224530148997 0.0013100195941732034 -0.0058618873717543526 0.0021729361878439052 0.0054690102713905661 -0.0088660140660020096 -0.00078309484958128989 0.0023189070266869012 -0.00048182011452533262 -0.0078114201251592054 0.00059307121729348846 0.0036424399986348618 0.011327142352893079 0.0014110296169864973 -0.0045677881716311881 0.0007434759263855895 0.0044043866117628207 -0.0011035853353413556 0.0099929475793703818 -0.00066549981204739445 0.012898219392658226 0.017462146576298559 -0.0063589760057970917 -0.001915179063534775 0.007476940403654049
leaf_weight=869.30821739137173 712.83897970616817 519.02466455101967 502.60525290668011 3680.1275775432587 1770.7497930526733 936.00033791363239 8323.8070555180311 1861.5398881435394 999.34791000187397 1170.3591331392527 1389.2701204866171 9557.4626620709896 1534.0556400418282 66568.468926936388 523.36956281960011 6048.879016444087 929.61372581124306 1213.166030049324 833.43462845683098 615.06943586468697 2486.8211120665073 499.65891824662685 792.72233566641808 1216.2555091530085 645.94029985368252 575.97861108183861 533.78317990899086 639.41282391548157 2141.7570902109146 1541.8349680453539
leaf_count=3521 2866 2085 2018 14756 7103 3753 33490 7515 4011 4704 5591 38510 6151 267046 2102 24287 3734 4869 3348 2478 10039 2020 3202 4915 2600 2319 2164 2575 8615 6213
internal_value=0.00014595 9.6193e-05 0.00109782 0.000644084 0.000317099 0.0030449 -0.000349177 -0.00165077 0.00573522 -0.000200884 -0.000146297 -0.0002189 -0.00375845 -7.95628e-05 -0.000283373 -0.000749119 -0.00374675 0.00550876 0.00731551 0.00118039 0.00243019 0.00552236 0.00323185 0.00563059 -3.43558e-05 0.00578086 0.0112516 0.000763759 0.00151095 0.00333262
internal_weight=121633 120763 27618.3 25052.7 23550.7 4616.13 18934.6 10610.8 1501.95 93145.1 92432.2 91261.9 3446.7 87815.2 2057.43 8749.24 2700.36 2565.63 2046.6 21246.7 10467.3 3657.49 2624.05 2008.98 10779.4 1221.92 1033.44 6809.83 6170.41 4028.66
internal_count=488600 485079 110969 100667 94638 18509 76129 42639 6029 374110 371244 366540 13844 352696 8253 35124 10837 10302 8217 85650 42221 14779 10595 8117 43429 4919 4184 27442 24867 16252
is_linear=0
shrinkage=0.05


Tree=69
num_leaves=31
num_cat=0
split_feature=11 40 9 26 17 26 37 40 35 9 10 11 15 15 10 17 17 16 10 9 40 42 12 14 20 24 14 35 14 7
split_gain=12.8368 33.9171 25.742 23.5073 21.9993 19.0142 24.7172 21.3616 41.0548 28.7673 21.4711 21.0337 20.8778 17.3057 18.6432 27.7874 18.4083 31.909 20.835 20.4108 18.6556 20.2739 16.2918 16.2944 34.0648 22.2564 29.4807 15.8382 17.9943 15.785
threshold=0.11799595877528192 0.48098418116569525 -1.0897182226181028 -2.500964760780334 0.35058137774467474 -1.4603452682495115 -0.53763306140899647 0.49621178209781652 -0.30517332255840296 -1.2726490497589109 -0.20593309402465818 -1.0905594825744627 -8.4570713043212873 -7.4964165687561026 0.47198970615863806 0.2106936797499657 -0.32024271786212916 -0.21836475282907483 -0.16765612363815305 0.168029360473156 -0.47331516444683069 -0.56174489110708226 -8.5935201644897443 -7.6488995552062979 0.86351639032363903 1.211077153682709 -7.4615619182586661 0.23129259049892428 -8.3819737434387189 1.813453793525696
decision_type=2 2 2 2 2 2 2 2 2 2 2 2 2 2 2 2 2 2 2 2 2 2 2 2 2 2 2 2 2 2
left_child=5 3 -3 -2 22 6 -1 12 9 -9 -10 -12 -7 29 16 -16 17 19 -18 -15 21 -20 27 24 -24 26 -25 28 -4 -5
right_child=1 2 4 13 -6 7 -8 8 10 -11 11 -13 -14 14 15 -17 18 -19 20 -21 -22 -23 23 25 -26 -27 -28 -29 -30 -31
leaf_value=-0.0048671217610705602 -0.0025634138966677232 0.0048589078721344011 -0.0011924279712743034 -0.00042739015673849581 0.0023556390109042095 0.0068473373799702629 0.0021307905127960374 -0.0014283804322732833 0.0026768707326702851 0.0074401363349465739 -0.0099378608322090566 -0.0011654183421782585 -0.001094071403209478 -0.0063043431514084418 0.0024116619485110347 0.0099705231449057352 0.0023216302325275323 0.0074150751454500246 -0.015636836244890356 0.0057002221716363141 0.00049885332311353523 -0.0035544761226751816 -0.015272685315420068 0.01216219168198514 -0.0042747253468558618 -0.0035036483755693918 -0.0027458556587850488 -0.0042433949237562401 0.011346092337863224 0.0072691197105381952
leaf_weight=1328.3605246692896 5566.2273388057947 1225.4851940721273 588.38550589978695 16872.001152411103 1984.6534086167812 844.45039010047913 22247.73048684001 1213.5708771944046 3108.5822788923979 3663.9174965322018 809.57810792326927 4131.9696731567383 26461.006500348449 1019.3921433091164 5983.2649229168892 1519.5616592913866 1827.5812503099442 1939.9456560313702 565.01892921328545 530.50883646309376 1018.3752088993788 896.78723740577698 809.27448706328869 560.39330580830574 5140.9965794831514 6904.197096914053 785.31393282115459 806.46428415179253 543.90101936459541 683.56031507253647
leaf_count=5334 22326 4935 2361 67743 7967 3393 89270 4899 12470 14804 3252 16601 106295 4090 24029 6095 7347 7802 2266 2130 4087 3598 3253 2253 20701 27753 3155 3250 2182 2754
internal_value=0.000118607 -0.000421303 -0.00212793 0.00043847 -0.00260279 0.000607418 0.00173461 -5.33676e-05 0.0016203 0.00523515 -0.00057368 -0.00261978 -0.000846058 0.000947653 0.00217624 0.00395381 0.000463002 0.00315739 -0.00172206 -0.00218515 -0.0046991 -0.00829908 -0.00321363 -0.00380031 -0.00579363 -0.00235735 0.00350623 0.00108095 0.00487713 -0.000123744
internal_weight=121580 57771.3 19349.1 38422.2 18123.6 63809.2 23576.1 40233.1 12927.6 4877.49 8050.13 4941.55 27305.5 32856 15300.4 7502.83 7797.61 3489.85 4307.76 1549.9 2480.18 1461.81 16138.9 14200.2 5950.27 8249.9 1345.71 1938.75 1132.29 17555.6
internal_count=488395 232077 77810 154267 72875 256318 94604 161714 52026 19703 32323 19853 109688 131941 61444 30124 31320 14022 17298 6220 9951 5864 64908 57115 23954 33161 5408 7793 4543 70497
is_linear=0
shrinkage=0.05


Tree=70
num_leaves=31
num_cat=0
split_feature=31 18 40 10 10 15 15 28 25 9 15 18 42 37 12 15 15 41 40 9 31 41 24 15 15 11 40 40 12 40
split_gain=13.8833 16.7529 13.8173 12.2842 20.4289 30.5012 20.5725 20.3834 17.1167 17.5396 16.3476 15.8572 14.6654 13.8559 13.7535 13.4608 18.1757 16.8464 21.7895 24.7154 18.3052 16.5741 15.2213 18.9625 28.3341 22.0321 18.4503 17.2382 16.7805 19.6296
threshold=-0.62764889001846302 0.83618721365928661 -0.4186557531356811 1.2986719012260439 2.0588840246200566 -7.855940341949462 -7.1610291004180899 -1.1306065917015073 0.67022612690925609 0.6713160276412965 -7.585577964782714 1.0407184362411501 1.0000000180025095e-35 -0.12499717250466345 -7.9818985462188712 -6.7399990558624259 -6.8134486675262442 0.6078576147556306 0.28819352388381964 -0.50223919749259938 -0.54581931233406056 1.0000000180025095e-35 1.3213805556297304 -7.605038881301879 -7.2377400398254386 1.2124684453010561 0.87248772382736217 0.45009414851665502 -8.1886587142944318 0.85939824581146251
decision_type=2 2 2 2 2 2 2 2 2 2 2 2 2 2 2 2 2 2 2 2 2 2 2 2 2 2 2 2 2 2
left_child=1 -1 -3 15 7 -6 10 14 9 -9 -7 -12 13 -10 -5 16 17 18 -2 21 -19 -20 28 26 25 27 -24 -25 -21 -30
right_child=3 2 -4 4 5 6 -8 8 12 -11 11 -13 -14 -15 -16 -17 -18 20 19 22 -22 -23 23 24 -26 -27 -28 -29 29 -31
leaf_value=0.0057577398631775472 -0.00030458189858153747 0.0041862955071059688 -0.0011848960404378039 -0.010224612242889917 -0.0097887074797725192 -0.0010864003568173488 -0.00283635521343713 -0.00071386686393178165 -0.0069357728087579788 0.0099879208997386872 0.014541108815749621 0.0044104962738863839 -0.0070077517781154536 0.0015996714460947336 -0.0027982596651645198 0.0030271902928495583 -0.0062265136051499409 -0.0080202784334037578 0.0027482994978976346 -0.0046631294854230232 -0.00081115791904119738 0.0085753244838349778 0.0059833237445748137 0.0072781562461425855 0.0041487994039267539 -0.011574795505725356 -0.00020886959563003795 -0.0024914803351562785 -0.002752899564815068 0.0031547872999001221
leaf_weight=2178.9109483659267 42098.485351204872 1769.8346699625254 3649.6998093426228 1345.5487266182899 513.8806019872427 614.72686715424061 971.1468304246664 1189.1725194007158 645.34932707250118 553.82874856889248 639.69070084393024 986.02073177695274 1537.3774856328964 1723.2434996664524 1173.2554188221693 3620.2631986886263 1175.5966229885817 901.20594921708107 6175.0508346259594 2346.4531431496143 26346.295058265328 1517.2578121423721 3569.0624695569277 515.88549101352692 2499.5496084839106 573.18308934569359 1811.0120394229889 3189.3573598116636 2656.7535865902901 2964.6102132946253
leaf_count=8759 169038 7148 14740 5404 2063 2469 3898 4772 2591 2221 2568 3963 6190 6931 4710 14549 4722 3624 24873 9421 105684 6104 14343 2070 10047 2306 7289 12822 10669 11910
internal_value=-2.03716e-06 0.00206583 0.000573631 -0.000140213 -0.00166018 0.00140557 0.00322158 -0.00305853 -0.00138558 0.00272414 0.0058484 0.00846125 -0.00322177 -0.000745287 -0.00679017 3.72298e-05 -7.31387e-05 1.94454e-06 0.00041295 0.00149854 -0.00105245 0.00390728 0.000576413 0.00168902 -7.10471e-05 -0.0025403 0.00390242 -0.00111531 -0.0011213 0.000362782
internal_weight=121452 7598.45 5419.53 113853 11893.2 3725.47 3211.59 8167.78 5648.97 1743 2240.44 1625.71 3905.97 2368.59 2518.8 101960 98339.8 97164.2 69916.7 27818.2 27247.5 7692.31 20125.9 12158.1 6777.98 4278.43 5380.07 3705.24 7967.82 5621.36
internal_count=487898 30647 21888 457251 47780 14961 12898 32819 22705 6993 9000 6531 15712 9522 10114 409471 394922 390200 280892 111854 109308 30977 80877 48877 27245 17198 21632 14892 32000 22579
is_linear=0
shrinkage=0.05


Tree=71
num_leaves=31
num_cat=0
split_feature=10 15 40 20 15 6 15 8 31 31 13 15 22 17 13 15 13 20 17 24 3 33 25 35 8 17 20 22 14 31
split_gain=14.6752 24.5949 42.5395 25.6018 19.4773 15.8787 15.4735 22.9838 16.3237 15.3553 16.6567 15.155 39.4931 30.0981 24.6548 13.0002 23.9811 27.2528 26.8009 23.583 19.836 15.1744 14.6119 13.6321 30.5524 25.2845 19.3613 25.7872 17.6244 17.2316
threshold=1.9119042158126833 -7.58160376548767 0.92880073189735424 0.9435560703277589 -7.1844463348388663 0.44170618057250982 -6.7399990558624259 -0.85641440749168385 -0.85071793198585499 -0.33521957695484156 -7.2022311687469474 -6.971245050430297 1.6866868138313296 0.063395589590072646 -6.5986449718475333 -7.1482570171356192 -7.126441001892089 2.009539127349854 -0.26381453871726984 1.211077153682709 0.84656679630279552 0.19724246859550479 0.81020206212997448 0.24066381156444552 -0.72070422768592823 0.5140766203403474 0.69227004051208507 1.414725720882416 -7.0768001079559317 -0.55542927980422963
decision_type=2 2 2 2 2 2 2 2 2 2 2 2 2 2 2 2 2 2 2 2 2 2 2 2 2 2 2 2 2 2
left_child=6 -2 3 -3 5 -5 8 -8 -1 -9 -11 15 14 -14 -13 23 18 -18 19 -17 22 -20 -21 -10 -25 26 27 -26 -27 -28
right_child=1 2 -4 4 -6 -7 7 9 11 10 -12 12 13 -15 -16 16 17 -19 21 20 -22 -23 -24 24 25 28 29 -29 -30 -31
leaf_value=0.0062909265964677732 -0.0026801948413197707 0.017382971049077302 -0.0082609595743819136 0.013866874245160679 -0.0005360748414950286 0.0030927509414666217 0.011706704122650891 -0.006572847116035019 -5.44050977069192e-05 0.0088467930807241083 0.0004068602401099915 -0.0016002078495423258 -0.013782649395070437 -0.00016222628683430293 0.010081976068205547 0.0086215427114465903 -0.0039166748729114785 0.0086957808474229549 0.0052525840360363087 -0.00062905457245453493 0.0075341455384727758 0.015428960592709843 -0.010005563029280795 0.0097347415066875633 -0.012721503391484042 0.00089625232941063511 0.0057717056068007462 0.00066777523340865353 0.011131315302672461 -0.0019682837762864318
leaf_weight=908.23761333525181 1523.4496861547232 512.77498450875282 505.65299750864506 725.7130466401577 924.85452699661255 652.63813166320324 601.32730180025101 529.23517851531506 68730.413034975529 777.43325711786747 2273.4727447032928 4019.517034009099 1161.0646766573191 620.88503819704056 498.66065539419651 875.18623498082161 2703.896674901247 498.89374583959579 1048.8685940355062 2280.2177405953407 611.96161365509033 568.06368386745453 498.50760561227798 595.92905654013157 921.5087972432375 1678.4145819842815 733.35939159989357 584.17119188606739 552.17136234045029 22489.922925129533
leaf_count=3670 6120 2056 2034 2911 3714 2625 2436 2131 275973 3123 9122 16132 4679 2496 2000 3514 10852 2010 4216 9155 2461 2283 2006 2389 3703 6733 2943 2348 2212 90487
internal_value=-0.000125512 0.00256801 0.00497589 0.0073736 0.00507964 0.00882444 -0.000237492 0.00274549 -0.000348521 0.00121193 0.0025794 -0.000403078 -0.00278322 -0.00906427 -0.000291455 -0.00026052 0.00154641 -0.0019311 0.00343975 0.00135389 -0.00054184 0.00890063 -0.00234106 -0.000431166 -0.00137054 -0.00161954 -0.00207968 -0.00755662 0.00346827 -0.00172149
internal_weight=121606 4845.08 3321.63 2815.98 2303.21 1378.35 116761 4181.47 112580 3580.14 3050.91 111672 6300.13 1781.95 4518.18 105371 9085.6 3202.79 5882.81 4265.87 3390.69 1616.93 2778.73 96285.9 27555.5 26959.5 24729 1505.68 2230.59 23223.3
internal_count=488534 19460 13340 11306 9250 5536 469074 16812 452262 14376 12245 448592 25307 7175 18132 423285 36497 12862 23635 17136 13622 6499 11161 386788 110815 108426 99481 6051 8945 93430
is_linear=0
shrinkage=0.05


Tree=72
num_leaves=31
num_cat=0
split_feature=8 24 7 17 19 14 22 27 40 23 17 15 40 24 24 16 16 32 29 15 6 14 16 29 11 42 14 7 40 28
split_gain=15.3243 26.7859 22.3628 20.9046 13.6932 22.9901 15.7603 17.8946 13.5444 15.3704 14.7326 13.0835 12.3944 26.1319 21.4303 16.8486 14.7418 17.3277 14.4928 13.7407 13.3335 13.1755 15.753 16.5209 22.3708 18.3861 15.8484 14.6577 14.1063 12.3322
threshold=0.53700399398803722 4.046278953552247 -0.9136962592601775 0.83561307191848766 0.99718475341796886 -8.6145033836364728 2.4151198863983159 0.025119835510849956 -0.99655601382255543 0.41114494204521185 -0.31577098369598383 -8.3502421379089338 0.4344411194324494 2.229578018188477 1.3694137334823611 -0.84739390015602101 -0.33272269368171686 -0.22147643566131589 -0.39594212174415583 -7.600935459136962 0.24971759319305423 -7.8195762634277335 0.32618959248065954 -0.070884197950363145 0.33611598610877996 -0.56174489110708226 -7.4672760963439933 0.55372917652130138 0.013089470565319063 -0.92808243632316578
decision_type=2 2 2 2 2 2 2 2 2 2 2 2 2 2 2 2 2 2 2 2 2 2 2 2 2 2 2 2 2 2
left_child=1 8 -2 4 5 -4 11 -8 9 10 -1 -7 13 14 16 -14 -13 -18 -15 -19 -20 28 23 26 -25 -26 -23 -28 -16 -11
right_child=2 -3 3 -5 -6 6 7 -9 -10 29 -12 12 15 18 21 -17 17 19 20 -21 -22 22 -24 24 25 -27 27 -29 -30 -31
leaf_value=0.0031414422769936775 0.0084363975831433236 0.010909281690425661 -0.0085458906907042841 0.0078832608635951828 0.0011522624341606452 0.0058100661539205196 0.011402790769550931 -0.00042647031444594647 0.00031552295853434195 0.0051242070469006036 0.014663291719854281 -0.0096517818530821656 0.0046327929588328362 0.0021220164022486927 0.002657895442171437 -0.003765156531604304 0.0054316286771460796 -0.0071542380961179004 -0.011544388437861729 -0.00054092302067028852 -0.0037538588854456297 -0.0024898420724275431 0.0081872631759640751 -0.0067409623193420351 0.0089329905154342665 -0.0023408546982375106 0.011097979894258318 7.459626342119488e-05 0.011848143736824947 -0.0052039454139186916
leaf_weight=624.42568685114384 641.39791609346867 602.95449233055115 1113.3944917470217 652.3902452737093 5683.3062944561243 585.04574805498123 500.18709273636341 854.45128612220287 83262.966014191508 586.43381205201149 499.74709665775299 640.17633028328419 634.38368308544159 539.04938152432442 2263.0622809231281 8430.5791070908308 723.02809622883797 1259.7010406702757 929.31075784564018 2064.0825786441565 1359.4704179763794 815.24331404268742 548.73789699375629 1723.8825848251581 534.02612265944481 1070.2350063771009 707.57039423286915 520.39770448207855 504.88498130440712 550.77401083707809
leaf_count=2515 2574 2421 4475 2615 22876 2353 2011 3444 334424 2350 2012 2569 2547 2161 9100 33928 2896 5068 3724 8294 5467 3268 2206 6921 2146 4302 2835 2087 2030 2207
internal_value=0.000134594 0.000494176 -0.000742681 -0.000914945 -0.00108601 -0.00153543 -0.00124551 0.00399292 0.000419482 0.00422897 0.00834757 -0.00152143 -0.00169341 -0.000864187 6.04058e-05 -0.00317299 -0.00266117 -0.00153424 -0.00522211 -0.00306129 -0.0069535 0.00153 0.000196629 -0.000633392 -0.00280303 0.00144407 0.00289713 0.00646474 0.00437085 0.000120303
internal_weight=121425 86127.3 35298 34656.6 34004.2 28320.9 27207.5 1354.64 85524.3 2261.38 1124.17 25852.9 25267.8 16202.9 13375 9064.96 4686.99 4046.81 2827.83 3323.78 2288.78 8688.04 5920.09 5371.36 3328.14 1604.26 2043.21 1227.97 2767.95 1137.21
internal_count=487826 345929 141897 139323 136708 113832 109357 5455 343508 9084 4527 103902 101549 65074 53722 36475 18827 16258 11352 13362 9191 34895 23765 21559 13369 6448 8190 4922 11130 4557
is_linear=0
shrinkage=0.05


Tree=73
num_leaves=31
num_cat=0
split_feature=29 36 10 14 41 14 9 11 14 14 7 30 14 12 8 40 10 40 7 4 9 40 39 12 14 39 17 11 11 25
split_gain=15.4041 18.0669 17.474 14.1804 13.6931 15.3296 12.9274 12.7714 12.5106 11.7161 10.9879 10.6449 10.443 10.9849 12.6558 12.8345 10.3805 16.3322 14.8632 13.0883 10.2627 10.5966 20.0095 21.1382 30.9212 18.2744 15.4235 14.8509 13.1689 12.5836
threshold=-0.45579722523689264 -0.99363571405410755 0.33901569247245794 -7.4498164653778067 -0.60785761475563038 -7.1494081020355216 0.74165126681327831 1.7066750526428225 -7.0963757038116446 -8.2064642906188947 0.19803997874259952 -1.1696253418922422 -6.6374812126159659 -7.178288221359252 -0.96650251746177662 -0.15212193876504895 0.12155601754784585 0.93818241357803356 0.78307348489761364 -1.2221250534057615 -2.1384799480438228 -0.85034412145614613 -0.074107784777879701 -7.0101823806762686 -7.8919923305511466 0.46561008691787725 -0.43651874363422388 -0.094162683933973299 0.7602204978466035 0.78978067636489879
decision_type=2 2 2 2 2 2 2 2 2 2 2 2 2 2 2 2 2 2 2 2 2 2 2 2 2 2 2 2 2 2
left_child=4 2 9 -4 7 16 -5 8 -1 11 -11 -2 13 -7 -15 -16 -6 18 19 -18 -3 22 23 24 29 27 -26 -24 -28 -22
right_child=1 20 3 6 5 12 -8 -9 -10 10 -12 -13 -14 14 15 -17 17 -19 -20 -21 21 -23 25 -25 26 -27 28 -29 -30 -31
leaf_value=0.0040489207494875078 0.0019197868901916712 -0.0052396939028845936 -0.0058010367462746669 0.0054190416343812033 -0.0012284581062522366 0.0011601851315390936 -0.0044033500702701581 -0.0035931345222111367 -0.0027069124313370955 -0.0012521702397806592 0.002827186516982225 -0.0066606518925730572 -0.0028384989200658647 0.00061212256772998032 0.0044424358132270393 0.015160296278824707 -0.0036352732870725069 -0.0051648319318553047 0.0087881294864618053 0.002448635391805838 0.0022950208141473837 0.00037013469249116173 0.0041515348456539992 0.0032468254794409224 -3.7640769143780486e-06 -0.0064079666653379932 -0.011704904743005675 -0.00058941886948886814 -0.0028391229559245924 -0.0060501002758556171
leaf_weight=6857.4393536299467 502.5893080085516 900.01721090078354 3775.720589607954 621.15475200116634 10397.278897017241 1308.007566511631 703.86654689908028 711.16797751188278 754.30464465916157 4111.6811867207289 2743.6890445798635 1243.7618051171303 556.82676669955254 494.31604401767254 535.43983447551727 601.49821110069752 1093.3449686616659 862.91081392765045 730.87921960651875 4447.6128360778093 1552.1545239537954 64202.500571802258 2848.911478087306 1019.5118709355593 498.28389903903008 829.65829513967037 1832.4741688668728 3907.1577552706003 552.09592081606388 625.5009718388319
leaf_count=27679 2018 3612 15177 2491 41856 5257 2826 2864 3042 16503 11006 4994 2245 2006 2154 2424 4401 3470 2932 17835 6224 257784 11433 4090 2001 3329 7352 15686 2217 2522
internal_value=6.45203e-05 -0.000252259 -0.00192722 -0.00424288 0.00106228 0.000382362 0.000207375 0.00277761 0.00337676 -0.000550722 0.000382229 -0.00419438 0.00340051 0.00458807 0.00731287 0.0101955 -0.000221086 0.0012466 0.00213553 0.00124377 3.93231e-05 0.000101004 -0.00116273 -0.00329732 -0.00461954 0.000550246 -0.00800723 0.00141294 -0.00967265 -0.000118697
internal_weight=121822 92470.7 13702.5 5100.74 29351 21028.1 1325.02 8322.91 7611.74 8601.72 6855.37 1746.35 3496.09 2939.26 1631.25 1136.94 17532 7134.75 6271.84 5540.96 78768.3 77868.2 13665.7 6080.02 5060.51 7585.73 2882.85 6756.07 2384.57 2177.66
internal_count=489430 371265 55015 20494 118165 84580 5317 33585 30721 34521 27509 7012 14086 11841 6584 4578 70494 28638 25168 22236 316250 312638 54854 24406 20316 30448 11570 27119 9569 8746
is_linear=0
shrinkage=0.05


Tree=74
num_leaves=31
num_cat=0
split_feature=3 43 18 8 7 22 22 35 24 37 24 14 23 7 40 25 2 11 36 12 23 25 16 29 40 35 5 14 43 22
split_gain=14.9647 15.7468 15.1355 18.6073 12.7635 12.6263 12.038 11.915 15.4148 18.905 17.8951 16.587 15.6147 23.5071 15.2778 16.2186 12.7396 12.5603 12.4755 15.0887 12.3675 14.4717 11.9174 28.3626 11.9104 11.8924 11.6762 17.9873 16.8491 13.5671
threshold=-2.0794721841812129 0.56666669249534618 1.3962495326995852 1.3305965065956118 -0.81884771585464466 1.7425493001937868 2.2654367685317998 0.27019293606281286 2.2601442337036137 0.26263158023357397 0.92278468608856212 -7.5250115394592276 0.12063453719019891 -0.01238517230376601 0.85939824581146251 0.60860803723335277 -0.13590385764837262 0.43187524378299719 0.97224360704422008 -8.035179138183592 0.61659780144691478 0.69905617833137523 -0.23426582664251325 0.84115281701087963 0.80124616622924816 -0.31036330759525294 -0.31269574165344233 -8.6757888793945295 0.5000000149011613 2.1967308521270756
decision_type=2 2 2 2 2 2 2 2 2 2 2 2 2 2 2 2 2 2 2 2 2 2 2 2 2 2 2 2 2 2
left_child=1 5 3 7 -3 -1 -5 18 10 11 -9 -10 -12 14 15 -14 -15 -17 22 25 21 -18 23 -2 -21 -20 28 -28 -24 -29
right_child=2 4 -4 6 -6 -7 -8 8 9 -11 12 -13 13 16 -16 17 20 -19 19 24 -22 -23 26 -25 -26 -27 27 29 -30 -31
leaf_value=-0.0032493464955776728 -0.00082222974712397787 0.0030017768370489304 -0.001081957592489674 -0.0035412285054158377 0.013551736485365279 0.0053906721095365066 0.0037973319219987652 0.0070266181612231643 0.0055367950336674895 0.0094447576876837344 0.0056528019865609994 -0.0025327541822680062 0.00078704477574974849 0.0011535920909823295 -0.013934147701656319 -0.0022064464164104165 -0.00034448230629712109 -0.01132371032353318 0.0089749773037391747 -0.0009435059118447685 -0.0011658673431080562 -0.0097747733066925156 0.0043703591901804928 0.0078441068619044072 0.0047081794298436735 0.0029754033662919739 -0.0079983316090636303 0.00090908162944078504 0.00022766205612958454 -0.007264455036048118
leaf_weight=1003.3283223807812 22260.664267674088 630.18801207840443 36775.40670633316 4793.150450155139 527.64132824540138 715.71403746306896 624.11436875164509 590.04204417765141 982.0551672577858 713.10483273863792 664.08790411055088 1768.5067680627108 933.8534242361784 4058.7660587131977 503.56553217768669 654.59839770197868 671.36986356973648 902.49054998159409 1043.3160906434059 3943.0554234683514 5260.7783898115158 1025.4171312004328 5295.7315927296877 975.91724613308907 1209.9562726616859 3926.8835858553648 625.73086123168468 13451.949140191078 4569.3615853637457 517.65594950318336
leaf_count=4051 89278 2569 147912 19294 2123 2914 2513 2373 3941 2862 2661 7094 3741 16309 2027 2623 2692 3620 4195 15816 21191 4115 21307 3911 4858 15741 2508 53924 18385 2079
internal_value=-0.000152885 0.00340407 -0.000239342 0.000138797 0.00788444 0.000358251 -0.00269033 0.000339335 -0.000756451 0.0022506 -0.00143979 0.000358002 -0.00178475 -0.00214106 -0.0060617 -0.00442086 -0.0010708 -0.00752936 0.000694342 0.00228766 -0.00236822 -0.00606736 0.000355768 -0.000455033 0.000390091 0.00425029 0.00112587 0.00022732 0.0024537 0.000601224
internal_weight=121618 2876.87 118742 81966.1 1157.83 1719.04 5417.26 76548.9 18728.6 3463.67 15265 2750.56 14674.9 14010.8 2994.51 2490.94 11016.3 1557.09 57820.2 10123.2 6957.57 1696.79 47697 23236.6 5153.01 4970.2 24460.4 14595.3 9865.09 13969.6
internal_count=488627 11657 476970 329058 4692 6965 21807 307251 75249 13897 61352 11035 58979 56318 12011 9984 44307 6243 232002 40610 27998 6807 191392 93189 20674 19936 98203 58511 39692 56003
is_linear=0
shrinkage=0.05


Tree=75
num_leaves=31
num_cat=0
split_feature=0 17 39 23 15 20 39 30 11 13 15 14 24 15 18 0 3 39 41 25 16 11 24 11 11 29 13 40 39 14
split_gain=11.1583 11.0481 14.6703 11.2699 21.1721 18.4987 15.8944 12.6239 12.3021 13.5796 19.1588 22.2683 17.8457 17.4598 18.0089 16.1082 15.4163 14.8582 21.8667 47.7963 25.1878 19.0264 18.8325 28.0049 18.7743 16.241 14.8575 13.8001 13.5995 13.2963
threshold=-2.975133895874023 -1.2034469842910764 0.8549037277698518 0.93505793809890758 -7.7121090888977042 1.2243827581405642 -0.79068204760551442 -0.74521666765213002 -3.2910846471786495 -8.8465027809143049 -8.2522220611572248 -8.561666011810301 1.6042810678482058 -7.6737728118896475 0.66441506147384655 -1.0000000180025095e-35 0.12056708708405496 0.013089470565319063 0.6078576147556306 0.75843811035156261 0.1719324588775635 -0.44961744546890253 1.1026841402053835 0.079251632094383254 0.069577772170305266 -0.76622596383094776 -8.4773092269897443 -0.45786954462528223 0.76883450150489818 -8.5003705024719221
decision_type=2 2 2 2 2 2 2 2 2 2 2 2 2 2 2 2 2 2 2 2 2 2 2 2 2 2 2 2 2 2
left_child=-1 2 -2 8 6 -6 -5 -8 -3 16 11 15 27 17 -15 -11 -10 25 22 20 21 -20 23 -19 -23 -12 -16 -13 -26 -24
right_child=1 3 -4 4 5 -7 7 -9 9 10 13 12 -14 14 26 -17 -18 18 19 -21 -22 24 29 -25 28 -27 -28 -29 -30 -31
leaf_value=0.0055254988021544958 0.0083393836903731602 -0.0070305907979008406 -0.0019503072817357557 -0.0049957948085943213 -0.0066963034540477306 -0.0014493934942107689 0.0072877497476041943 0.00065367891490946697 -0.005761744487287045 -0.0087419599175186501 0.0050246192033918703 0.0083424136924844187 0.0095065050282640371 0.0024257550535527819 0.0075643410072938387 0.0022133614710896292 0.0014679887498073524 0.00075950026276411264 -0.0036514352942481026 0.0051730759854423805 0.00073325943526029124 -0.018544140235958902 0.0068695206020229277 -0.01234825517599558 -0.01289221563329656 -0.00051869514880622776 -4.4707189991601081e-06 -0.00031958871166677162 -0.0028338679927405862 -0.00041761253923376955
leaf_weight=869.61337329447269 855.51523764431477 612.10058927536011 572.22400735318661 816.06068064272404 2547.7587733864784 4916.9303874671459 1040.5808321386576 2266.1941331475973 2055.3616113364697 556.57506482303143 1457.8054363429546 650.9019670933485 1437.8331634700298 9404.0289085060358 645.40049143135548 815.37584039568901 1141.4333060830832 827.57287602126598 989.34021897614002 926.8881578296423 758.31399787962437 734.29521970450878 679.1452753841877 790.68787108361721 773.10366570949554 13231.312902808189 60527.747088819742 1509.0076115578413 601.01877975463867 6820.2407495081425
leaf_count=3526 3440 2461 2299 3286 10249 19827 4186 9127 8261 2239 5883 2613 5779 37722 2594 3276 4580 3320 3965 3719 3044 2942 2730 3175 3101 53137 243144 6066 2409 27397
internal_value=-8.56388e-05 -0.000126432 0.00423049 -0.000178822 -0.00165994 -0.00324677 0.00121404 0.00275698 -1.96911e-05 2.09419e-05 0.000119618 0.00314593 0.00520877 -3.23463e-05 0.000389917 -0.00226211 -0.0031838 -0.00107453 -0.00224563 -0.00497998 -0.00742755 -0.00942121 -0.000807356 -0.0056815 -0.0120986 3.4489e-05 7.66065e-05 0.00231717 -0.00854512 0.00025058
internal_weight=121830 120961 1427.74 119533 11587.5 7464.69 4122.84 3306.77 107945 107333 104137 4969.69 3597.74 99166.9 70577.2 1371.95 3196.79 28589.7 13900.6 4782.96 3856.07 3097.76 9117.65 1618.26 2108.42 14689.1 61173.1 2159.91 1374.12 7499.39
internal_count=489497 485971 5739 480232 46675 30076 16599 13313 433557 431096 418255 19973 14458 398282 283460 5515 12841 114822 55802 19180 15461 12417 36622 6495 8452 59020 245738 8679 5510 30127
is_linear=0
shrinkage=0.05


Tree=76
num_leaves=31
num_cat=0
split_feature=24 14 11 39 14 30 30 14 17 19 14 13 31 9 30 17 22 13 42 23 9 30 24 31 13 42 23 9 11 36
split_gain=11.5352 23.3226 27.8049 26.6307 18.5503 18.1249 20.3904 18.0072 28.4162 21.9175 19.869 19.8164 30.0374 28.6103 19.7193 19.0062 18.4908 18.2458 18.0178 17.5223 20.1264 18.2876 16.7492 16.2675 15.1003 19.731 23.1379 16.9993 16.1975 14.7195
threshold=1.349904000759125 -7.7987866401672354 -0.65850326418876637 0.97722181677818309 -8.4804544448852521 -1.2579762339591978 -1.8045732378959654 -7.8807251453399649 -0.020807160064578053 0.99718475341796886 -8.3260741233825666 -7.329936981201171 -0.035841530188918107 -1.7234147787094114 0.91224887967109691 0.13543955236673358 1.9210753440856936 -7.6904444694519034 1.0000000180025095e-35 0.67672839760780346 -0.79433685541152943 0.22988285124301913 1.288271486759186 0.60496568679809581 -7.0711088180541983 -0.56174489110708226 0.33372256159782415 0.49564082920551306 0.38859948515892034 0.82093212008476268
decision_type=2 2 2 2 2 2 2 2 2 2 2 2 2 2 2 2 2 2 2 2 2 2 2 2 2 2 2 2 2 2
left_child=1 4 19 5 -1 6 -4 8 9 10 -2 15 13 -13 18 -9 23 -17 -15 20 -3 -22 24 -12 -7 26 -26 28 -27 -24
right_child=7 2 3 -5 -6 22 -8 11 -10 -11 16 12 -14 14 -16 17 -18 -19 -20 -21 21 -23 29 -25 25 27 -28 -29 -30 -31
leaf_value=0.0012535082912188407 -0.0023759895252755958 0.0045524474105528385 -0.0014074971964684053 0.011683062582429715 -0.0025121536914396174 0.0024628347055245504 0.010770673336186974 -0.00030267099912235137 0.0065041398413902066 0.0042582868472233262 -4.8696059658170286e-05 -0.0061586412156328122 -0.00055171201511231178 0.0040274034064311792 -0.00058316759277241405 0.0023924494998565551 0.0062156009614892423 -0.005887125667347639 0.010149236023175374 0.00185307519332839 -0.0037039422991074372 -0.012268247199631736 -0.0012339237022097088 0.0084952490458488246 0.0031936731821615495 0.0018561432410988581 -0.008673726742242871 0.0088545249824872312 -0.007249231622858965 -0.010847889367974178
leaf_weight=4064.6944900453091 5182.7675661742687 496.34051464498043 536.24916575849056 600.38492307066917 16616.985579371452 9063.5524210184813 937.00018726289272 33085.538033530116 2648.4024747610092 4106.8152661025524 8620.8211835175753 682.97968004643917 9594.2741536796093 4259.5174278914928 1532.7564081847668 852.2013563811779 1664.8838293254375 2951.2039206624031 1680.1167420297861 1427.395599603653 2127.2054374665022 880.56076000630856 1838.3327208459377 585.59746071696281 591.49941717088223 2044.4697057008743 1302.512704923749 613.90130609273911 630.76443122327328 499.37315422296524
leaf_count=16331 20845 2007 2152 2409 66768 36395 3762 132919 10659 16497 34630 2751 38508 17139 6163 3424 6721 11861 6765 5722 8551 3539 7387 2354 2379 8205 5218 2462 2532 2006
internal_value=9.71412e-05 -0.000546577 0.000527925 0.00141053 -0.00177182 0.00106271 0.00635833 0.00046513 0.0016448 0.00100355 0.000168818 -2.75413e-05 0.00134474 0.00357375 0.00447033 -0.000688021 0.00138309 -0.00403057 0.00577321 -0.00280745 -0.00470578 -0.00624359 0.000588731 0.000503391 0.00123282 -0.000918652 -0.00497023 0.0014224 -0.000309716 -0.00332509
internal_weight=121719 44271.2 23589.5 18658 20681.7 18057.7 1473.25 77447.9 22809.3 20160.9 16054.1 54638.6 17749.6 8155.37 7472.39 36888.9 10871.3 3803.41 5939.63 4931.5 3504.11 3007.77 16584.4 9206.42 14246.7 5183.15 1894.01 3289.14 2675.23 2337.71
internal_count=489061 177825 94726 74907 83099 72498 5914 311236 91706 81047 64550 219530 71326 32818 30067 148204 43705 15285 23904 19819 14097 12090 66584 36984 57191 20796 7597 13199 10737 9393
is_linear=0
shrinkage=0.05


Tree=77
num_leaves=31
num_cat=0
split_feature=17 23 24 23 25 34 36 13 37 15 36 12 15 19 33 6 16 5 11 3 5 19 16 29 11 0 32 24 35 17
split_gain=15.8147 27.3274 16.1844 14.8007 15.5874 24.5369 16.8797 13.2396 12.4745 15.7148 11.2962 14.9776 18.5384 17.8166 16.1038 14.6902 14.3138 13.9996 12.8086 12.3497 12.0527 19.1861 14.6662 13.3638 14.3794 12.9991 11.2287 11.0356 11.1298 10.8139
threshold=-1.1497976779937742 0.78707757592201244 1.497326731681824 0.93505793809890758 0.62649697065353405 0.56803083419799816 0.069098144769668593 -7.6564307212829581 0.32354554533958441 -7.7164790630340567 0.99349755048751842 -8.5508556365966779 -8.3502421379089338 0.11257610470056535 -0.038480108603835099 -1.2489044070243833 -0.57107064127922047 -0.65742135047912587 -0.78562143445014943 1.7848795056343081 0.91286891698837291 0.50357270240783703 0.43972682952880865 -0.5172208547592162 -2.6928840875625606 1.5782152414321902 -0.41041149199008936 2.1113744974136357 0.39274166524410253 0.098159227520227446
decision_type=2 2 2 2 2 2 2 2 2 2 2 2 2 2 2 2 2 2 2 2 2 2 2 2 2 2 2 2 2 2
left_child=1 2 -1 10 7 8 -7 -5 9 -6 11 13 14 15 -13 -2 18 -18 -15 27 23 -22 -23 25 -25 29 -17 28 -12 -14
right_child=3 -3 -4 4 5 6 -8 -9 -10 -11 19 12 20 16 -16 26 17 -19 -20 -21 21 22 -24 24 -26 -27 -28 -29 -30 -31
leaf_value=0.007691808655382013 0.0033539949139632201 0.013778168437717897 -0.0035294242509273858 -0.0020567957235709134 0.0062155896143630436 -0.0073740675434242316 -0.00092130555829611971 -0.0087792316476905715 0.0061289529706091347 -0.003492587212352443 0.0017164524109948593 0.010814022860312241 0.0021727607232090939 0.0094335350116313398 0.00040101333921448005 -0.0013506187331204962 0.0038968039061989912 -0.0039032770038925587 0.00087056022349416636 -0.005970589566074375 0.0047651221177673932 0.0011199578467801705 -0.005991402181876963 -0.0079404887757981574 -0.00035435174360240782 -0.0063384258672888206 -0.0076727628541984651 0.0046211859038088375 -0.0025890973629004352 -0.00058660672507712132
leaf_weight=508.98509640991688 511.94859750568867 565.36221846938133 834.04017242789268 1918.7200618982315 640.82137197256088 1380.2320694178343 3753.0658214688301 1183.2398384362459 1535.8478004932404 1149.4784707576036 10963.794939279556 762.24159254133701 12317.416534289718 532.26574763655663 716.66218999028206 1026.6352149546146 718.93380759656429 2737.6861283332109 2256.6811059713364 526.08051350712776 3526.4245022088289 5124.3329075425863 834.24322231113911 622.15864872932434 52851.489159598947 553.75186517834663 2247.6950609534979 2744.5241964310408 1729.7169663459063 4981.9330398887396
leaf_count=2046 2069 2273 3352 7696 2576 5584 15178 4742 6173 4623 44006 3074 49634 2136 2878 4122 2892 10987 9054 2110 14165 20580 3356 2499 212111 2232 9019 11014 6954 20078
internal_value=0.000156522 0.00466037 0.000748662 8.44221e-05 -0.00161529 -0.000501628 -0.00266728 -0.00464103 0.00283863 -2.41133e-06 0.000266028 5.36078e-05 0.000276033 -0.00176939 0.00580457 -0.00447076 -0.000127199 -0.0022744 0.00253265 0.00149368 0.000174152 0.00184766 0.000115947 -4.86185e-05 -0.000444084 0.00113546 -0.00570066 0.00175174 0.00112817 0.00137823
internal_weight=121756 1908.39 1343.03 119848 11561.4 8459.45 5133.3 3101.96 3326.15 1790.3 108287 92322.5 82290.7 10031.8 1478.9 3786.28 6245.57 3456.62 2788.95 15964.1 80811.7 9485 5958.58 71326.7 53473.6 17853.1 3274.33 15438 12693.5 17299.3
internal_count=489213 7671 5398 481542 46572 34134 20762 12438 13372 7199 434970 370886 330607 40279 5952 15210 25069 13879 11190 64084 324655 38101 23936 286554 214610 71944 13141 61974 50960 69712
is_linear=0
shrinkage=0.05


Tree=78
num_leaves=31
num_cat=0
split_feature=10 4 22 34 41 41 21 39 14 10 19 24 31 4 6 26 3 10 34 11 17 24 14 14 41 39 11 17 10 24
split_gain=13.8694 10.6897 21.888 16.8984 25.3831 23.0862 15.8266 14.1409 29.2346 28.7734 24.6622 15.7478 14.7645 14.6162 15.8703 14.364 14.2886 15.9335 23.0984 16.2344 14.0636 13.8877 17.5166 21.6376 19.2283 13.7404 13.5659 17.3394 23.7756 18.0044
threshold=3.0477052927017216 1.0119279623031618 1.3290861845016482 0.33863574266433721 -1.0000000180025095e-35 -0.87837970256805409 0.87731471657753002 -0.45786954462528223 -7.0768001079559317 -1.3691098690032957 0.99306049942970287 1.725915312767029 -0.30678923428058619 -0.024971367791295048 -0.11418714746832846 -1.6000866889953611 0.62335854768753063 0.56753244996070873 0.10073290020227434 -0.8319910168647765 -0.091912034898996339 2.721868753433228 -6.9371454715728751 -6.6998920440673819 -1.0000000180025095e-35 0.55556493997573864 2.3255214691162114 -0.83589711785316456 -0.13108686357736585 0.88403284549713146
decision_type=2 2 2 2 2 2 2 2 2 2 2 2 2 2 2 2 2 2 2 2 2 2 2 2 2 2 2 2 2 2
left_child=1 3 -3 7 5 -5 -4 8 9 -1 11 15 -13 14 -14 -11 17 19 -19 -17 -15 22 -10 24 -24 -8 27 28 -9 -29
right_child=-2 2 6 4 -6 -7 25 26 21 10 -12 12 13 20 -16 16 -18 18 -20 -21 -22 -23 23 -25 -26 -27 -28 29 -30 -31
leaf_value=0.0087577737916947323 0.0061054373822854125 0.0038640181290188636 0.0025523045608683258 -3.48036992363183e-05 9.3882542586808701e-05 -0.005878144775985133 -0.0028594814328338717 0.0070593314309155388 -0.0043645952733882267 0.004612037767087269 0.0065130631110236663 0.0030987788861917393 -0.0022248961525882876 0.0055930175950424967 -0.010391022463790062 -0.003372462547414331 -0.0041983901336539826 0.0016449717311034587 -0.010691778195762816 0.0034475947871293816 -0.0045131185386017934 -0.0077327469531405625 -0.0011470951602207686 -0.0034556243348779917 0.0075802808563786494 0.0017938522016808919 -0.0037889761525605006 -0.0041895282745600089 -0.00027069827358215838 -0.00012235996011800761
leaf_weight=1450.4414616525173 961.78935959935188 5493.7059217393398 3965.7171153873205 2659.8523575812578 10456.912522375584 4627.8791771233082 4943.8166157454252 1928.1716249585152 2313.1964267045259 3441.2176323533058 2191.4287027865648 1366.8487057983875 1704.1258909702301 788.85319924354553 910.40229696035385 999.71307779848576 1210.1868479251862 1017.5396735370159 592.95427514612675 6489.7932855039835 595.3808666318655 824.76242665946484 1089.4584752470255 1626.85521055758 1482.5788078457117 2325.6243242919445 2588.119517326355 2881.8120224922895 2575.7314262390137 46087.556757748127
leaf_count=5844 3863 22052 15951 10697 42021 18659 19908 7756 9294 13810 8790 5509 6849 3162 3648 4029 4853 4083 2377 26098 2386 3312 4375 6537 5953 9360 10388 11555 10341 185101
internal_value=0.00015606 0.000108123 0.00128074 -8.07802e-05 -0.00148538 -0.00374843 1.52652e-05 0.000208645 0.00108272 0.00196735 0.00150124 0.00092362 -0.00137199 -0.0029041 -0.00509717 0.00181968 0.000884115 0.00156389 -0.00293514 0.00253396 0.00124502 -0.00166033 -0.000880575 0.0010446 0.00389343 -0.00137038 -0.0002607 -8.92537e-05 0.00287606 -0.000362516
internal_weight=121592 120631 16728.9 103902 17744.6 7287.73 11235.2 86157.1 30095.7 22758.9 21308.4 19117 5365.61 3998.76 2614.53 13751.4 10310.2 9100 1610.49 7489.51 1384.23 7336.85 6512.09 4198.89 2572.04 7269.44 56061.4 53473.3 4503.9 48969.4
internal_count=488561 484698 67271 417427 71377 29356 45219 346050 120909 91438 85594 76804 21554 16045 10497 55250 41440 36587 6460 30127 5548 29471 26159 16865 10328 29268 225141 214753 18097 196656
is_linear=0
shrinkage=0.05


Tree=79
num_leaves=31
num_cat=0
split_feature=20 39 15 36 24 10 13 6 11 10 40 17 30 31 30 13 11 24 40 40 4 14 11 11 11 17 10 39 39 39
split_gain=8.82846 8.24614 13.6084 8.43403 10.6847 13.9295 23.1535 20.3257 22.2334 31.528 23.1029 21.5427 17.1587 23.9115 16.8712 17.8802 16.6664 17.8465 17.355 17.83 13.8201 13.0263 13.2769 13.0857 13.0271 25.9882 14.2658 30.8257 16.5726 15.0625
threshold=0.37339629232883459 -0.99883887171745289 -7.6134173870086661 0.96302038431167614 1.6807487010955813 0.15829467028379443 -7.1162228584289542 -1.5588140487670896 -0.86395528912544239 -0.084401484578847871 -0.43444111943244929 0.20338603109121325 -0.55118891596794117 -0.17633325606584546 -0.54143542051315297 -7.76275610923767 0.4861512184143067 2.799330592155457 0.93199899792671215 0.28819352388381964 -0.10613377764821051 -7.6176807880401602 2.9022744894027714 -2.5237302780151363 -1.5187954306602476 -0.2468634024262428 -0.87044587731361378 -0.9081345498561858 -0.98835211992263783 -0.61908808350563038
decision_type=2 2 2 2 2 2 2 2 2 2 2 2 2 2 2 2 2 2 2 2 2 2 2 2 2 2 2 2 2 2
left_child=-1 2 -2 4 21 6 7 -6 10 11 -9 -10 16 -14 15 -12 -7 18 19 -18 -16 22 23 -3 25 -23 27 -26 -28 -30
right_child=1 3 -4 -5 5 12 -8 8 9 -11 14 -13 13 -15 20 -17 17 -19 -20 -21 -22 24 -24 -25 26 -27 28 -29 29 -31
leaf_value=0.0063355565538091635 -0.0021200761412203308 0.0056088396760123182 0.0065460324628771665 0.00068932920935019758 0.0049708671743249663 0.00040827604587693713 -0.0060451935585297423 -0.0045143703572753718 -0.0010273717439304457 -0.0090222226859260814 0.0035490755526046201 -0.0097728002549344606 0.0051579862167118471 -0.00019677160882660663 0.011685747494733716 -0.0062887886060050803 -0.0075747112899891226 0.0030564451732031052 -0.01434704747794331 0.00091904815293132537 0.0025093825101948201 -0.010527327450477292 0.0064697759613950596 -0.00093516328457916669 -0.0069500950231308539 0.00386952776430439 0.0074866793051734425 0.0064460486831405834 -0.0012995535164459372 0.0014413426006844535
leaf_weight=513.89681154489517 744.89179629087448 772.39205586910248 1130.7999800741673 20960.824715316296 1201.9234409183264 3853.9247603714466 2980.566911265254 1370.55874979496 7981.5441673845053 1819.2616563886404 1255.0080090016127 762.72229565680027 2810.9516624063253 7986.5286654382944 763.57690516114235 717.46043647825718 1543.0904953032732 674.1672026515007 498.44871419668198 1022.7829041779041 888.83771771192551 692.58036217093468 633.3972542732954 32608.063689738512 505.33099213242531 558.62230303883553 838.58393454551697 2602.8226078599691 8275.1710665076971 12680.606627210975
leaf_count=2061 2995 3107 4541 84199 4884 15480 11977 5502 32044 7306 5038 3060 11297 32095 3070 2881 6196 2705 2009 4111 3567 2785 2544 131067 2032 2248 3367 10484 33219 50939
internal_value=-0.000141167 -0.000169164 0.00311148 -0.000221018 -0.000415186 -0.00106988 -0.00199187 -0.0012679 -0.00175273 -0.00305158 0.00099447 -0.00180049 -7.95747e-05 0.00120074 0.00308404 -4.29948e-05 -0.00189954 -0.00427336 -0.00589066 -0.00419859 0.00679455 -1.64758e-07 -0.000645202 -0.000782107 0.000838656 -0.00411987 0.00108935 0.00425277 0.000636458 0.000358894
internal_weight=121649 121135 1875.69 119260 98298.9 38131.4 19741.5 16760.9 15559 10563.5 4995.44 8744.27 18389.9 10797.5 3624.88 1972.47 7592.41 3738.49 3064.32 2565.87 1652.41 60167.6 34013.9 33380.5 26153.7 1251.2 24902.5 3108.15 21794.4 20955.8
internal_count=488810 486749 7536 479213 395014 153222 79329 67352 62468 42410 20058 35104 73893 43392 14556 7919 30501 15021 12316 10307 6637 241792 136718 134174 105074 5033 100041 12516 87525 84158
is_linear=0
shrinkage=0.05


Tree=80
num_leaves=31
num_cat=0
split_feature=37 23 37 13 4 36 22 6 31 13 10 24 11 23 11 9 28 11 24 39 30 11 13 11 26 11 11 33 32 31
split_gain=16.1365 15.9726 21.2261 13.8965 13.0969 16.5196 15.4914 12.5574 10.8687 10.7496 10.2595 8.85627 18.5831 8.87407 15.3765 24.1197 25.0222 18.5517 17.2918 16.7057 15.5393 13.8722 26.7323 22.226 25.0265 19.4859 16.9198 20.7157 19.8851 15.7929
threshold=0.40000937879085546 0.12063453719019891 -0.45897872745990748 -6.8237373828887931 -0.078993219882249818 0.74995952844619762 0.92250928282737743 -0.27312554419040674 -0.85071793198585499 -8.7013974189758283 -1.7783238887786863 3.5740425586700444 -0.40613719820976252 0.53482672572135936 -0.71372732520103443 0.26455937325954443 -1.1048398017883299 -1.1835260391235349 1.3596254587173464 -0.01308947056531906 0.037021746858954437 0.58038660883903515 -8.0225477218627912 1.3773171901702883 -1.6791178584098814 1.7484942674636843 -0.49673168361186976 0.079044450074434294 -0.019605511799454686 -0.53664404153823841
decision_type=2 2 2 2 2 2 2 2 2 2 2 2 2 2 2 2 2 2 2 2 2 2 2 2 2 2 2 2 2 2
left_child=1 2 -1 7 5 -2 -6 10 -3 -8 -4 13 -13 21 15 17 18 -15 -17 -18 -19 26 25 29 -25 -23 28 -28 -10 -24
right_child=4 8 3 -5 6 -7 9 -9 11 -11 -12 12 -14 14 -16 16 19 20 -20 -21 -22 22 23 24 -26 -27 27 -29 -30 -31
leaf_value=-0.0018671927972848058 0.010239048243937711 0.0066660281098335737 0.0096358939789027362 -0.0044281055540611415 0.0084622112920835924 0.001267415985275733 0.0068574502808561484 -0.0035433168224000412 -0.0033968688263247906 0.00024631023823388397 0.0028017784984333844 -0.011173674111330242 0.00034653176388598091 0.0010625285669509507 -0.00039661668562709148 -0.0050283278806607622 -0.010165868464323843 0.0096099906966405635 0.0057911355240607715 -0.00079114473188792171 0.0021379371960067823 -0.0035843213470890564 0.0052187195513647699 -0.0031271155733899104 0.0061768025240479729 -0.011637210610501889 0.0012906503642444464 -0.0040484426193456175 0.00073416348407663156 -0.0038240722632122285
leaf_weight=4022.2948235571384 915.0997281819582 526.77520789206028 573.01701813936234 709.41552647948265 648.26071859896183 1159.4405577480793 638.69939921796322 735.42093078792095 7458.5178082436323 11808.207070797682 10131.630961552262 580.64427953958511 857.96466979384422 3019.7913523316383 37778.657197058201 499.75191669166088 911.19827601313591 1755.0301217585802 1339.2737556248903 985.35999223589897 1160.3219551295042 2582.9651476293802 533.01884414255619 1170.5145256668329 1859.221618950367 1058.419305190444 15074.545336455107 2055.7616475075483 4770.910956338048 4427.9002094864845
leaf_count=16262 3675 2122 2320 2870 2600 4657 2564 2952 29972 47456 40918 2329 3442 12104 151728 2004 3662 7035 5378 3962 4650 10361 2143 4693 7459 4246 60505 8237 19147 17761
internal_value=4.82081e-05 -0.000169008 0.00127777 0.00231964 0.00157342 0.00525502 0.000986612 0.00274158 -0.000427917 0.000590786 0.00317626 -0.000470231 -0.00434823 -0.000406666 5.88714e-05 0.00183681 -0.00130864 0.00381542 0.00283967 -0.00532491 0.00665356 -0.000945424 -0.00240595 -0.000785283 0.00258385 -0.00595047 -0.000366154 0.000647932 -0.001786 -0.00284394
internal_weight=121748 106578 16171.8 12149.5 15169.7 2074.54 13095.2 11440.1 90406.5 12446.9 10704.6 89879.8 1438.61 88441.2 47449.4 9670.73 3735.58 5935.14 1839.03 1896.56 2915.35 40991.8 11632 7990.66 3029.74 3641.38 29359.7 17130.3 12229.4 4960.92
internal_count=489214 428262 65322 49060 60952 8332 52620 46190 362940 50020 43238 360818 5771 355047 190523 38795 15006 23789 7382 7624 11685 164524 46663 32056 12152 14607 117861 68742 49119 19904
is_linear=0
shrinkage=0.05


Tree=81
num_leaves=31
num_cat=0
split_feature=29 0 37 40 12 14 11 12 40 12 15 14 3 16 39 14 29 39 21 10 9 21 17 41 28 15 25 40 34 14
split_gain=13.0962 16.9776 12.5198 14.7856 12.9125 16.5642 11.8776 24.0178 21.8412 20.3288 18.0645 16.5919 15.7288 14.9905 15.6756 18.8021 14.888 20.2689 16.7198 14.6914 16.4062 18.0329 15.4198 14.5456 20.0472 14.5276 14.4133 14.3284 14.094 14.0312
threshold=-0.45579722523689264 1.5782152414321902 0.3968192338943482 -0.99085646867752064 -8.5935201644897443 -8.2663450241088849 0.49782556295394903 -6.6778371334075919 0.97533303499221813 -8.5935201644897443 -7.2869310379028311 -7.0866847038269034 0.31561698019504553 0.067026488482952132 0.99199551343917858 -7.7461400032043448 -0.17465478926897046 -0.9081345498561858 0.076649203896522536 -0.45092466473579401 0.056721227243542678 0.093874759972095503 0.45752248167991644 0.6078576147556306 -0.23715017735958097 -7.5779583454132071 0.099959425628185286 -0.67236042022705067 0.15889039635658267 -7.4008753299713126
decision_type=2 2 2 2 2 2 2 2 2 2 2 2 2 2 2 2 2 2 2 2 2 2 2 2 2 2 2 2 2 2
left_child=1 -1 6 -4 5 -5 11 8 9 12 -10 13 -8 14 23 -16 17 -11 -19 22 29 -22 -15 24 26 -23 -2 -13 -18 -21
right_child=2 -3 3 4 -6 -7 7 -9 10 16 -12 27 -14 19 15 -17 28 18 -20 20 21 25 -24 -25 -26 -27 -28 -29 -30 -31
leaf_value=0.0011951373089377289 0.0077574483302438966 -0.0044373091381964078 -0.0064662680523246991 0.0018321235760162637 0.00077251262703546017 0.011437877586685855 -0.0076073286563916155 0.0068399953619126125 -0.0036798293446485839 0.0044819758192770924 -0.014758919749873384 -0.006738589870830149 0.00073009830787645251 7.0684373739544402e-05 0.0015284045846508762 0.013592695598662642 0.0015676347818315941 0.0022474228617560708 -0.0062380452070220777 -0.0062251793621358117 0.008098662466553129 0.0012128503770608922 0.0086857589130751485 -0.0011770561970055155 0.0043021129653429023 -0.0043869929012618656 0.00023802613433574575 -0.0012006625988219806 -0.0013948165577478367 0.0015496775919503366
leaf_weight=27926.502109006047 654.16571129858494 1395.4908643513918 614.40684759616852 1323.6041328907013 11872.836107894778 672.84921398758888 2012.9689940214157 844.13453055918217 1219.7718289494514 706.14958330988884 523.27474057674408 1372.7446472793818 782.98304019868374 3200.2805584073067 850.73814488947392 513.51096072793007 7440.7396761626005 705.56725311279297 3153.3776513040066 3039.5572140961885 546.2883099168539 2450.0983711481094 610.06882816553116 7776.6815778017044 4512.1242046952248 2180.8670511096716 15768.886211901903 7568.3829564452171 8696.3805783390999 712.35225506126881
leaf_count=112464 2640 5616 2469 5313 47707 2702 8083 3388 4922 2834 2108 5503 3145 12870 3411 2059 29826 2832 12657 12199 2190 9852 2452 31179 18122 8768 63285 30371 34995 2859
internal_value=5.27357e-06 0.000925657 -0.000287102 0.00106224 0.00140017 0.00511035 -0.000538271 -0.00140804 -0.00168647 -0.00128422 -0.00707107 -9.97231e-05 -0.00527822 0.000309499 0.000918325 0.00613534 -0.000742514 -0.00326012 -0.00468477 -0.00112744 -0.00223589 -0.000409156 0.00146915 0.000668388 0.00135414 -0.00142806 0.000542079 -0.00205749 -2.87212e-05 -0.00474882
internal_weight=121648 29322 92325.8 14483.7 13869.3 1996.45 77842.1 26085.3 25241.2 23498.2 1743.05 51756.7 2795.95 42815.6 30076.1 1364.25 20702.2 4565.09 3858.94 12739.5 8929.16 5177.25 3810.35 28711.9 20935.2 4630.97 16423.1 8941.13 16137.1 3751.91
internal_count=488821 118080 370741 58191 55722 8015 312550 104790 101402 94372 7030 207760 11228 171886 120696 5470 83144 18323 15489 51190 35868 20810 15322 115226 84047 18620 65925 35874 64821 15058
is_linear=0
shrinkage=0.05


Tree=82
num_leaves=31
num_cat=0
split_feature=8 22 36 41 30 11 21 24 6 25 7 33 12 28 24 13 11 26 28 22 11 6 16 17 28 29 39 29 24 30
split_gain=10.9485 12.0521 15.2131 13.5712 10.9834 16.2392 17.1433 11.4139 10.5334 10.5675 11.6655 14.8733 15.9475 10.6154 13.2393 10.3789 10.2326 22.3768 17.4424 18.809 17.0273 16.1395 19.1768 15.6575 21.1922 15.5461 17.8971 14.661 14.2811 16.9904
threshold=1.1770927906036379 2.2654367685317998 0.51629024744033825 0.6078576147556306 0.60588437318801891 1.2124684453010561 0.083384294062852873 4.046278953552247 -1.8081386685371397 0.8731173872947694 -0.12210501357913016 0.033234061673283584 -7.265753746032714 0.9446084499359132 1.533033609390259 -8.0751767158508283 -0.32125189900398249 -2.1631824970245357 -2.3548673391342159 0.95215699076652538 -3.2910846471786495 0.42206653952598577 -0.14521361887454984 -0.34211437404155726 0.33359521627426153 -0.72182965278625477 -0.46561008691787714 0.92088952660560619 1.7592477798461916 -1.5249121785163877
decision_type=2 2 2 2 2 2 2 2 2 2 2 2 2 2 2 2 2 2 2 2 2 2 2 2 2 2 2 2 2 2
left_child=4 2 -2 -3 7 6 -6 16 -8 10 11 13 -13 14 -10 -4 18 21 -1 -20 -21 -18 -23 24 28 26 -22 -25 -19 -30
right_child=1 3 15 -5 5 -7 8 -9 9 -11 -12 12 -14 -15 -16 -17 17 23 19 20 25 22 -24 27 -26 -27 -28 -29 29 -31
leaf_value=0.0044955423243812579 -0.0036021543060700129 -0.00093599150661317183 0.0046168178508612708 0.0079329376654337629 0.0027628480264506716 0.0062662741897304853 -0.0089588466968373633 0.0064562326802601426 -0.006481495277798884 -0.0069407417713248654 0.00036900905828562411 -0.011531579080593064 -0.0019699419178519843 0.0014103621894333042 0.0015414780214988693 -0.0012045287727427284 -0.00082571044491289668 0.0022602482801858596 -0.0037956529414079026 -0.0072983437091014777 0.0041494322584908674 -0.0018695733570471469 -0.0090945145123144146 -0.00013739398607856733 0.0075519676963620901 0.0015722373612483569 -0.00398936431847597 -0.0080040184066034227 -0.0070545612522577399 0.00030938074459224327
leaf_weight=3141.2138257026672 6525.4567083269358 1205.1589858829975 1032.0576048642397 660.2083098590374 2002.6729156970978 693.64850459992886 544.03239122033119 738.9328291863203 1441.9649253189564 944.50995449721813 4850.4590689837933 874.23929390311241 870.21987241506577 1925.8008496463299 791.08842259645462 2877.3921531438828 10621.319074824452 9711.6342156380415 2255.8185137063265 604.18387915194035 892.28958220779896 2463.3757814764977 1461.0608135163784 27573.503009021282 1372.2739233076572 24289.474449262023 2686.0771177411079 595.29271678626537 923.43366698920727 4865.1592280864716
leaf_count=12605 26272 4864 4160 2653 8063 2784 2204 2967 5790 3798 19433 3502 3486 7746 3177 11598 42618 39030 9047 2430 3616 9890 5871 110797 5526 97553 10850 2395 3709 19545
internal_value=-5.1046e-05 -0.00146458 -0.00212627 0.00222855 0.00010839 -0.00115071 -0.00151601 0.000308175 -0.00221766 -0.00189677 -0.00144772 -0.00293854 -0.00680019 -0.00130632 -0.00364505 0.00034011 0.000258878 -0.000135581 0.000952698 0.00058918 0.000937798 -0.0018399 -0.00457568 0.000415103 0.00161916 0.00111891 -0.00195399 -0.000306421 0.00108939 -0.000875503
internal_weight=121434 12300.3 10434.9 1865.37 109134 14938.6 14245 94195 12242.3 11698.3 10753.8 5903.31 1744.46 4158.85 2233.05 3909.45 93456.1 59587.1 33869.1 30727.8 28472 14545.8 3924.44 45041.3 16872.5 27867.8 3578.37 28168.8 15500.2 5788.59
internal_count=487979 49547 42030 7517 438432 59983 57199 378449 49136 46932 43134 23701 6988 16713 8967 15758 375482 239381 136101 123496 114449 58379 15761 181002 67810 112019 14466 113192 62284 23254
is_linear=0
shrinkage=0.05


Tree=83
num_leaves=31
num_cat=0
split_feature=17 15 39 25 41 15 17 22 15 10 24 6 28 8 24 22 39 15 36 34 6 19 28 15 10 39 39 33 31 22
split_gain=15.5813 13.7939 23.5726 20.5701 16.2006 14.9338 27.0085 25.9913 22.2346 17.4064 13.6978 12.3746 11.6324 11.0427 17.0419 10.8836 10.8634 16.3907 11.7607 13.3947 11.3177 11.6453 10.1885 10.1797 23.8259 18.6413 21.7835 21.5852 18.5629 16.9485
threshold=-1.1043205857276914 -6.7399990558624259 0.85939824581146251 0.45193426311016088 0.6078576147556306 -6.971245050430297 0.2877159863710404 1.8845009207725527 -6.9341092109680167 1.0000000180025095e-35 1.2934824228286745 -0.10513096675276755 -1.1569357514381406 -0.47446677088737482 1.84725558757782 1.3825849890708926 -0.99883887171745289 -7.3717386722564688 0.95656105875968944 -0.66113096475601185 1.2782956361770632 0.21435569971799853 -1.053636848926544 -7.9100079536437979 1.5665386319160464 -0.28819352388381952 -0.61908808350563038 -0.1700789928436279 0.11408303305506708 1.5665390491485598
decision_type=2 2 2 2 2 2 2 2 2 2 2 2 2 2 2 2 2 2 2 2 2 2 2 2 2 2 2 2 2 2
left_child=12 5 3 15 11 16 7 8 9 -7 22 -5 -1 -12 -15 -3 17 -2 23 -20 21 -21 -10 24 25 26 27 -18 29 -27
right_child=1 2 -4 4 -6 6 -8 -9 10 -11 13 -13 -14 14 -16 -17 18 -19 19 20 -22 -23 -24 -25 -26 28 -28 -29 -30 -31
leaf_value=0.0019990844867243465 0.00065659833513362375 0.011048339317007232 0.010981457315520263 -0.011216888402726345 0.0038531011688929745 -0.01548375888887 0.0056068495182474941 -0.011873549935172962 -0.00035810271901109731 -0.0023549908224155124 0.0066436195196110069 -0.0016647136842862916 0.010254325065788553 0.0037003673238042221 -0.0052861194861258572 0.0019763737510633548 0.003493399163565706 0.011380480091656152 0.008702664607185542 -0.0030064795665655886 -0.0027748017562405263 0.001553849081297455 -0.010232464286873046 -0.00013948924352948292 -0.0099562948290345989 -0.0023546054971244471 0.0052715784711674192 -0.0034124964719888539 0.00037258137993935692 -0.0080654567901042671
leaf_weight=1798.8206330835819 1190.9166223108768 576.46983574330807 697.64702251553535 499.99365137517452 811.71252076327801 499.82171466946602 870.07164131104946 840.6333195567131 502.17224487662315 508.52144984900951 688.11515653133392 1024.6910329461098 552.43610553443432 1089.354616522789 1004.5129976272583 770.31097672879696 1763.2035103738308 499.25808288156986 531.32092592120171 1528.2264426648617 2051.5586036890745 15636.044912561774 536.18359896540642 69964.017544955015 784.9211328625679 3933.8362938165665 1996.1943902522326 3118.0052980184555 3437.5155417025089 1939.7230759710073
leaf_count=7228 4787 2319 2806 2007 3256 2007 3492 3393 2015 2042 2767 4112 2226 4372 4032 3117 7115 2005 2160 6136 8271 62760 2155 281152 3157 15787 8029 12519 13810 7811
internal_value=-4.81281e-05 -0.000127727 0.0026227 0.00101399 -0.00182274 -0.0002328 -0.00255134 -0.00381105 -0.00238579 -0.00895088 -0.000634154 -0.00484986 0.0039739 0.00119743 -0.000615448 0.00591231 -9.26754e-05 0.00387261 -0.000155853 0.000945352 0.000726446 0.0011463 -0.00550597 -0.000406064 -0.00150415 -0.00108844 0.000885096 -0.000915888 -0.00254553 -0.0042511
internal_weight=121646 119295 4380.83 3683.18 2336.4 114914 6539.39 5669.32 4828.68 1008.34 3820.34 1524.68 2351.26 2781.98 2093.87 1346.78 108375 1690.17 106685 19747.2 19215.8 17164.3 1038.36 86937.4 16973.4 16188.5 6877.4 4881.21 9311.07 5873.56
internal_count=488845 479391 17617 14811 9375 461774 26275 22783 19390 4049 15341 6119 9454 11171 8404 5436 435499 6792 428707 79327 77167 68896 4170 349380 68228 65071 27663 19634 37408 23598
is_linear=0
shrinkage=0.05


Tree=84
num_leaves=31
num_cat=0
split_feature=31 41 30 14 14 24 40 40 40 9 9 17 15 8 31 17 14 31 15 41 14 24 22 14 4 12 17 31 31 15
split_gain=14.9236 15.14 16.6412 12.6067 18.316 25.6722 15.7123 16.2764 11.3867 11.3293 20.1514 20.1123 18.6049 23.841 17.7868 17.4549 16.1406 24.697 25.7503 19.7317 22.3872 17.9602 22.4032 29.3324 18.1516 16.4689 16.0693 24.7629 21.2987 15.0384
threshold=-0.60528859496116627 -0.87837970256805409 -1.305080711841583 -8.2367587089538556 -7.9394550323486319 2.0337028503417973 0.49621178209781652 0.91530275344848644 -0.021814676932990548 -0.95161053538322438 -0.066480010747909532 0.47144158184528356 -8.4570713043212873 1.1587644219398501 -0.092349410057067857 0.58228600025177013 -8.152214050292967 -0.12910147011280057 -7.8635985851287833 -0.60785761475563038 -8.2872748374938947 1.7191703319549563 1.4973651170730593 -7.563302516937255 0.80980852246284496 -7.6951625347137442 -0.025567223317921158 -0.047484794631600373 0.41835978627204901 -6.9341092109680167
decision_type=2 2 2 2 2 2 2 2 2 2 2 2 2 2 2 2 2 2 2 2 2 2 2 2 2 2 2 2 2 2
left_child=1 -1 -3 -4 -5 6 8 -8 -6 29 11 16 13 -12 -13 -14 17 18 -11 -19 -21 22 -18 24 -24 -25 28 -28 -23 -2
right_child=9 2 3 4 5 -7 7 -9 -10 10 12 14 15 -15 -16 -17 21 19 -20 20 -22 26 23 25 -26 -27 27 -29 -30 -31
leaf_value=0.0077142194602509047 0.00075107084194874277 0.0088098590466548585 0.0051712240224739267 -0.0059405638472017092 0.0025252162298585487 -0.0065646201082212837 0.011045195813132722 2.500749746395926e-05 -0.0054170447013311886 -0.0099636607003495362 0.0071811490299704935 -0.0019218386504535154 -9.2394685900792038e-05 -0.005047988177320252 -0.0096373189220004124 0.0039379439108591799 0.0017547743966764902 0.0036943469705791789 0.00021903811573302561 0.00016408310548770918 -0.010745198373902051 -0.0027916678655107215 -0.0032444997980779068 0.0099523236804359618 -0.012673714875115588 0.00015984726248040131 0.00052298996335609917 -0.012717449539356156 0.0051658003260881685 0.0067189680464059074
leaf_weight=1038.1401066333055 13434.475161239505 661.60143640637398 1210.8004744946957 1181.5317507833242 1546.6525624990463 882.2275602221489 894.80157114565372 532.1712449491024 625.54120518267155 1876.8974671065807 1872.5607972145081 1843.2536823302507 57576.775871396065 497.84394820034504 1253.4768846184015 2807.8757262080908 12360.794755265117 1635.0630688816309 924.7060711979866 1347.2914507389069 712.19290390610695 4297.6591963320971 3134.8766853958368 500.90402482450008 602.95345197618008 2692.1532769352198 605.92836786806583 833.87572085857391 1035.2395030111074 1136.0317553877831
leaf_count=4193 54039 2665 4886 4768 6241 3554 3614 2151 2524 7550 7517 7406 231327 2001 5023 11256 49594 6567 3720 5403 2856 17251 12615 2011 2419 10838 2434 3343 4154 4578
internal_value=7.26133e-05 0.00208252 0.00129744 0.00056262 -0.000430132 0.0010327 0.00290798 0.00696413 0.000223687 -8.00749e-05 -0.000272761 -0.00122177 0.00026657 0.00460231 -0.00506583 9.56364e-05 -0.000854726 -0.00308257 -0.0066139 -0.0003941 -0.00364216 -0.000298502 0.000479369 -0.00179449 -0.00479529 0.0017223 -0.00251167 -0.00718016 -0.00124016 0.00122066
internal_weight=121556 8573.47 7535.33 6873.73 5662.93 4481.39 3599.17 1426.97 2172.19 112983 98412.3 35657.3 62755.1 2370.4 3096.73 60384.7 32560.5 6496.15 2801.6 3694.55 2059.48 26064.4 19291.7 6930.89 3737.83 3193.06 6772.7 1439.8 5332.9 14570.5
internal_count=488498 34596 30403 27738 22852 18084 14530 5765 8765 453902 395285 143184 252101 9518 12429 242583 130755 26096 11270 14826 8259 104659 77477 27883 15034 12849 27182 5777 21405 58617
is_linear=0
shrinkage=0.05


Tree=85
num_leaves=31
num_cat=0
split_feature=36 3 17 12 11 12 16 37 42 29 9 14 7 14 14 3 31 12 14 14 31 10 14 23 10 7 6 6 11 11
split_gain=16.5973 12.9822 12.3209 19.1729 11.9973 12.3922 11.4791 13.5839 11.1311 10.4003 10.076 12.7095 9.26954 9.42449 11.4954 9.38672 9.03924 8.51959 17.9558 12.9913 25.0916 16.8734 10.9256 16.6773 16.1748 9.03073 16.0908 8.53821 12.7126 13.8625
threshold=-0.98144680261611927 -2.7404448986053462 -1.2034469842910764 -8.9053845405578596 0.96569773554801952 -8.1886587142944318 -0.1565839275717735 -0.14164002239704129 -0.56174489110708226 1.0000000180025095e-35 -1.9918048381805418 -6.9497375488281241 0.20749889314174655 -7.6070744991302481 -7.2812387943267813 -0.035585414618253701 -0.059808228164911263 -6.5310814380645743 -7.0768001079559317 -6.7701494693756095 -0.043592009693384164 -0.7080131173133849 -6.6374812126159659 0.66814035177230846 0.13065327703952792 -0.84534808993339527 0.99254706501960765 1.9166045188903811 0.12815067917108539 0.94790503382682811
decision_type=2 2 2 2 2 2 2 2 2 2 2 2 2 2 2 2 2 2 2 2 2 2 2 2 2 2 2 2 2 2
left_child=4 -2 3 -3 8 -6 7 -7 12 -8 11 -4 13 16 -15 -14 -1 19 -19 27 21 -21 23 -22 -24 -20 -27 -12 -29 -30
right_child=1 2 10 -5 5 6 9 -9 -10 -11 17 -13 15 14 -16 -17 -18 18 25 20 22 -23 24 -25 -26 26 -28 28 29 -31
leaf_value=3.6301742558202776e-05 0.0070026400339373244 0.011008356830408321 -0.00057723398161872188 -0.0019821982479067482 -0.0074561619281394908 -0.0026751893203763749 -0.00042724872652272016 0.0081037961764261878 -0.0015233434735460671 -0.0092689721888869585 0.00031323362243453935 -0.0099830106042358216 0.007924655313639813 0.0072702044001964122 -0.0024837842252488744 -1.9789295875878939e-05 -0.008245898289784068 -0.004797901324619068 0.009380456877052086 -0.0051379445187668118 -0.0030869884169766448 0.0054763265331064168 -0.0077864132283930552 -0.015642059099432656 0.0033890071506435578 -0.00050870606671268425 0.0099674113779154982 -0.0078133975071067036 0.0039720516361504248 -0.0058170056162926411
leaf_weight=866.42276014387608 694.48156303167343 639.32652236521244 1047.5311562865973 500.20290730893612 1456.932462349534 677.87089657783508 668.1542299836874 499.20960775017738 11518.812614887953 654.25014051795006 89046.747042119503 537.59790055453777 877.15960238873959 663.93169470131397 540.33636067807674 639.98926413059235 521.4737673252821 612.67992262542248 721.23905266821384 547.85343331098557 509.63537277281284 1131.9916013479233 722.15582549571991 553.88022609055042 572.57528640329838 1189.5677602738142 519.19963072240353 800.26370652019978 876.84276066720486 600.7125159651041
leaf_count=3482 2831 2568 4213 2012 5861 2721 2689 2005 46309 2632 357753 2160 3518 2669 2173 2571 2091 2464 2916 2203 2044 4545 2896 2222 2296 4773 2081 3232 3542 2429
internal_value=-1.779e-05 0.000238629 0.000191491 0.00533844 -0.00135041 -0.00380646 -0.00165783 0.00192602 -0.000726604 -0.00483836 0.000132307 -0.0038098 0.00150501 -0.000314338 0.00290933 0.00459521 -0.00311229 0.000196188 0.00279633 0.000112942 -0.00265883 0.00200474 -0.00597525 -0.00971048 -0.00285616 0.00472289 0.00271388 0.000235778 -0.00278031 -2.01222e-05
internal_weight=121409 101824 101130 1139.53 19584.5 3956.42 2499.48 1177.08 15628.1 1322.4 99990.5 1585.13 4109.31 2592.16 1204.27 1517.15 1387.9 98405.3 3042.69 95362.7 4038.09 1679.85 2358.25 1063.52 1294.73 2430.01 1708.77 91324.6 2277.82 1477.56
internal_count=487901 409180 406349 4580 78721 15908 10047 4726 62813 5321 401769 6373 16504 10415 4842 6089 5573 395396 12234 383162 16206 6748 9458 4266 5192 9770 6854 366956 9203 5971
is_linear=0
shrinkage=0.05


Tree=86
num_leaves=31
num_cat=0
split_feature=28 11 24 12 0 2 22 21 12 25 37 40 17 35 42 12 22 37 22 16 12 19 4 11 11 24 22 35 24 17
split_gain=9.77602 31.9475 14.9838 12.532 12.5072 12.0693 15.7525 13.822 13.3988 18.6281 13.2799 13.4748 15.5428 12.6227 12.5166 12.0446 11.8138 11.2687 11.8582 11.0787 11.7152 15.5457 16.4336 15.0671 18.6021 14.6785 13.6766 13.4583 12.7891 14.6993
threshold=0.2874820232391358 1.9928539395332339 2.721868753433228 -8.001466751098631 0.026424849405884746 0.23215474933385852 1.3446336984634402 0.6462792456150056 -7.6951625347137442 0.20498362928628924 0.20001824945211413 -0.94116705656051625 -0.19931369274854657 0.69376999139785778 0.81174489855766307 -8.8496174812316877 1.6425682306289675 -0.011103140655905007 1.4189162850379946 -1.249713063240051 -8.1886587142944318 0.79255494475364696 1.5350314378738406 1.5913582444190981 2.9022744894027714 1.6623815894126894 1.325424909591675 -0.69050630927085865 2.3614759445190434 -0.42736436426639551
decision_type=2 2 2 2 2 2 2 2 2 2 2 2 2 2 2 2 2 2 2 2 2 2 2 2 2 2 2 2 2 2
left_child=4 2 3 17 19 8 7 -7 9 -5 11 -10 -13 -8 -14 -6 -12 18 -2 -1 23 22 25 28 -25 -22 -23 -27 -21 -30
right_child=1 -3 -4 5 15 6 13 -9 10 -11 16 12 14 -15 -16 -17 -18 -19 -20 20 21 26 -24 24 -26 27 -28 -29 29 -31
leaf_value=0.005740474327120079 -0.0040136074608803415 0.011236352107927545 -0.0048477405598416345 -0.010249294396823108 0.0039373345137517944 -0.0025550329235449298 -0.0029360763545702205 0.0056010955771389611 0.0076024771116871412 0.00049227126772330107 0.011325551687800473 0.0079437680934565848 -0.00037925866129182137 0.0029217824229312989 0.0054347431612024599 0.00034231615224796278 0.0018817101805983828 0.005820466358928883 0.0038975242849238825 -0.0017649525160552057 0.0010007929636199331 7.2840651615976931e-06 0.0090041246541624903 -0.0089290106310110778 0.0020036842463848647 -0.00628864540186888 -0.0062524111163406813 -0.00071570170580511532 0.0055939949392050624 -0.0037199254610931834
leaf_weight=667.68911971151829 798.06082120537758 727.50616002082825 1159.400638282299 528.19423651695251 2468.3906372785568 795.17464536428452 6073.5401693731546 1462.7023605704308 816.90434844791889 1610.8481625169516 683.20301668345928 719.49912831187248 7484.5485858172178 1075.1066119521856 1046.2139104455709 38933.890845403075 643.15781044960022 2270.2674908190966 1135.035224199295 13569.000119403005 17268.753357827663 1653.6277547180653 513.86867040395737 1392.6974153220654 534.01653119921684 1195.4733664542437 1837.4350480139256 10733.560481265187 1299.3603490293026 617.89219704270363
leaf_count=2680 3205 2926 4660 2139 9911 3189 24432 5867 3289 6469 2742 2906 30126 4333 4223 156390 2589 9126 4579 54507 69401 6636 2068 5600 2146 4818 7389 43104 5220 2481
internal_value=0.000161998 0.000962522 0.000694556 0.000932995 -8.88049e-05 0.000472408 -0.000902647 0.00273009 0.00142817 -0.0021955 0.00210982 0.00148647 0.000938726 -0.00205224 0.0003393 0.000557549 0.00679454 0.00343948 0.000627639 -0.000610629 -0.000695526 -0.000144503 0.000226752 -0.00174552 -0.00590416 6.92444e-05 -0.0032958 -0.001279 -0.00122465 0.00258858
internal_weight=121715 29029.4 28301.9 27142.5 92685.7 22939.1 9406.52 2257.88 13532.6 2139.04 11393.5 10067.2 9250.26 7148.65 8530.76 41402.3 1326.36 4203.36 1933.1 51283.4 50615.7 33202.7 29711.7 17413 1926.71 29197.8 3491.06 11929 15486.3 1917.25
internal_count=489151 116800 113874 109214 372351 92304 37821 9056 54483 8608 45875 40544 37255 28765 34349 166301 5331 16910 7784 206050 203370 133416 119391 69954 7746 117323 14025 47922 62208 7701
is_linear=0
shrinkage=0.05


Tree=87
num_leaves=31
num_cat=0
split_feature=23 13 26 13 1 24 8 5 15 6 8 9 6 5 17 12 10 29 10 10 30 1 24 17 10 25 34 15 16 30
split_gain=12.2404 17.9825 19.3495 15.5745 19.6609 15.3451 14.9882 13.9973 19.6524 16.1503 18.4301 14.3183 13.7654 18.5007 15.4135 18.3709 16.2071 13.9548 13.7223 13.4444 14.0182 13.1143 12.8301 13.2725 24.3453 31.9837 25.9153 21.8024 21.2936 17.0159
threshold=0.93865525722503673 -8.7270827293395978 0.46692395210266119 -8.8125028610229474 -0.04383971914649009 1.349904000759125 0.25409053266048437 0.91286891698837291 -8.2522220611572248 0.40191975235939031 0.33990567922592169 -0.62747752666473378 0.87154781818389904 0.34515498578548437 -0.64458283782005299 -8.5785589218139631 -1.5655770897865293 0.88035678863525402 1.430586636066437 0.70726159214973461 1.5785041451454165 0.14266911894083026 1.4920990467071535 0.11040165275335313 0.10342175140976907 0.68810144066810619 0.0043761725537478932 -7.4207670688629142 0.34381332993507391 -0.53214329481124867
decision_type=2 2 2 2 2 2 2 2 2 2 2 2 2 2 2 2 2 2 2 2 2 2 2 2 2 2 2 2 2 2
left_child=3 -2 -3 4 -1 12 -4 8 9 10 11 -7 14 -14 -5 21 -17 18 19 20 -18 -16 -10 28 26 -26 27 -25 29 -24
right_child=1 2 6 5 -6 7 -8 -9 22 -11 -12 -13 13 -15 15 16 17 -19 -20 -21 -22 -23 23 24 25 -27 -28 -29 -30 -31
leaf_value=-0.0065876199124317988 0.0045967805298224636 -0.0035014733580366916 -0.0056310607835415513 0.0023128180915605594 0.00014963713410229062 0.0093336852619866264 0.0033900061499607982 0.0026872813080104788 0.0018653428733482081 -0.0026555040614348376 0.014899929807946369 -0.0017149127804757637 0.0067335274701869523 -0.00012336692302442815 -0.0086883800354404135 -0.0087434260831776613 -0.00055333237573344655 -0.0079582417575832197 0.0057225767800507246 -0.0039488081457746118 0.0072464395762480193 7.6319595896985902e-05 -0.00084663436782639106 -0.0055748974499839482 0.007396004080582848 -0.0020137741398420475 -0.012509250806343485 0.0014634752069530956 0.0078128091713816506 0.0013412378328233881
leaf_weight=1905.8966249972582 1056.8043082505465 7660.532189026475 579.16020821034908 3439.1978792846203 2489.5263478457928 570.83443789184093 2102.7097200900316 7934.8919578641653 10269.339706361294 515.81309388577938 544.67753283679485 586.93504163622856 1436.5587199479342 3073.4628274589777 1327.1998480111361 633.86436021327972 23997.008435845375 641.37676206231117 834.54142041504383 2921.5983076244593 580.24721755087376 626.60268825292587 19611.01369689405 2558.0694053322077 1347.7251371145248 2687.9029030948877 758.77780747413635 1919.0920996069908 918.72902393341064 16234.651523247361
leaf_count=7664 4243 30878 2323 13817 10000 2306 8485 31884 41285 2072 2187 2359 5764 12354 5328 2553 96386 2572 3350 11728 2329 2514 78751 10287 5415 10790 3040 7723 3716 65239
internal_value=-2.8178e-05 -0.0015873 -0.00222303 0.000132986 -0.00278002 0.000254063 0.00142819 0.000717952 0.000450527 0.00505596 0.00739427 0.00376584 -0.000526181 0.0020708 -0.000861301 -0.00120779 -0.000896848 -0.000722236 -0.000555686 -0.000748231 -0.000366314 -0.00589138 0.000268222 -8.83792e-05 -0.00177789 0.0011392 -0.00402414 -0.00256143 0.000338064 0.00014436
internal_weight=121765 11399.2 10342.4 110366 4395.42 105970 2681.87 66458.5 58523.6 2218.26 1702.45 1157.77 39511.7 4510.02 35001.6 31562.4 29608.6 28974.8 28333.4 27498.9 24577.3 1953.8 56305.3 46036 9271.57 4035.63 5235.94 4477.16 36764.4 35845.7
internal_count=489342 45929 41686 443413 17664 425749 10808 267054 235170 8924 6852 4665 158695 18118 140577 126760 118918 116365 113793 110443 98715 7842 226246 184961 37255 16205 21050 18010 147706 143990
is_linear=0
shrinkage=0.05


Tree=88
num_leaves=31
num_cat=0
split_feature=14 39 11 6 24 14 8 39 28 40 28 26 8 40 10 15 15 39 14 17 24 17 23 10 15 40 17 40 24 35
split_gain=15.1023 13.4202 23.328 20.8725 15.8261 14.3748 18.1904 15.4744 13.6566 13.3798 13.3018 13.0578 13.8867 12.6573 12.0936 15.561 15.3057 20.9875 14.7074 17.6804 14.6239 32.9611 11.7131 20.3358 30.3331 25.5908 18.4601 17.8916 17.5791 26.0252
threshold=-6.7701494693756095 -0.44228447973728174 2.4125084877014165 1.1727424860000613 0.72600242495536815 -7.6329772472381583 0.91578972339630138 -0.77987706661224354 1.9051762223243716 -0.23768363147974012 0.029051731340587143 -0.58568796515464772 0.72648873925209057 -0.021814676932990548 1.3738582730293276 -7.5575819015502921 -8.0044202804565412 -0.61908808350563038 -7.9331314563751212 -0.51013234257698048 1.2302594780921938 -0.2468634024262428 0.61253839731216442 -0.24428039789199826 -7.5642452239990225 -0.11753627657890318 -0.7265588343143462 0.9824410378932954 2.3088896274566655 -0.28916226327419275
decision_type=2 2 2 2 2 2 2 2 2 2 2 2 2 2 2 2 2 2 2 2 2 2 2 2 2 2 2 2 2 2
left_child=1 2 3 4 -1 9 7 -7 22 -5 11 12 -2 -8 16 -16 17 18 19 -6 -21 -22 23 24 -3 -25 -27 -26 29 -28
right_child=10 8 -4 5 14 6 13 -9 -10 -11 -12 -13 -14 -15 15 -17 -18 -19 -20 20 21 -23 -24 25 27 26 28 -29 -30 -31
leaf_value=0.0088180466205804789 -0.00041096801993265373 -0.0016268100441310892 0.010551508352753133 -0.012644734194939009 0.0087363989789655799 -0.0087532691122207285 0.0087923821549683191 0.0022493354880872892 -0.0080576818622884964 -0.0028821391128825286 -5.4679479125162779e-05 -0.0094448478386149858 -0.0093596825927120004 -0.0016206679818740943 -0.0075761512438612209 0.00081671222172621241 0.00064434270461488858 0.010257078486847399 0.007092435836373194 -0.0060639549324511058 -0.0084659992489067928 0.0060350759215867071 0.00046023167225586905 -2.8836138394767505e-05 0.0017568485536651733 -0.0076250042073477122 0.0049089573062759849 0.009622450811418307 0.0023725445406178039 -0.0039794035556436182
leaf_weight=631.17890408635139 1784.2983820736408 9053.369192481041 593.0971981137991 565.95297721028328 527.4454101473093 804.36768735945225 634.60518708825111 520.36570593714714 559.71611119806767 919.3586645424366 3016.9459641724825 983.45461258292198 563.0971395522356 528.35859386622906 926.96148817241192 1340.9813124388456 26352.442734315991 954.47737997770309 1097.5123157948256 976.36350579559803 560.65468156337738 1241.8756344169378 30944.248992115259 12066.473203614354 8867.6378111243248 1989.7812084704638 894.82012340426445 778.18121737241745 1637.2401457130909 9321.8258526325226
leaf_count=2529 7160 36402 2382 2283 2124 3230 2554 2090 2252 3710 12127 3950 2259 2131 3724 5384 105879 3839 4408 3925 2257 5002 124385 48413 35700 7994 3620 3138 6568 37415
internal_value=-8.91659e-05 4.16583e-05 0.00079347 0.000640774 0.00103498 -0.00278724 -0.000456538 -0.00444689 -0.000345358 -0.0066617 -0.00246154 -0.00463488 -0.0025882 0.00408803 0.000887854 -0.00263185 0.00114033 0.00357388 0.00210543 0.000433634 -0.00116794 0.00150287 -0.000287164 -0.000805599 0.000450929 -0.00171225 -0.00317848 0.00240072 -0.00242629 -0.00319688
internal_weight=121637 115289 39176 38582.9 34609.9 3973.01 2487.7 1324.73 76113.3 1485.31 6347.8 3330.85 2347.4 1162.96 33978.7 2267.94 31710.8 5358.33 4403.85 3306.34 2778.89 1802.53 75553.6 44609.3 18699.2 25910.1 13843.7 9645.82 11853.9 10216.6
internal_count=488834 463338 157451 155069 139071 15998 10005 5320 305887 5993 25496 13369 9419 4685 136542 9108 127434 21555 17716 13308 11184 7259 303635 179250 75240 104010 55597 38838 47603 41035
is_linear=0
shrinkage=0.05


Tree=89
num_leaves=31
num_cat=0
split_feature=4 43 4 17 22 25 37 12 39 22 12 21 40 41 37 39 11 31 37 25 40 15 39 37 43 43 4 31 39 25
split_gain=14.2337 21.6419 17.8875 20.1446 15.8345 21.0776 22.0359 16.4761 17.5646 15.8202 17.1436 15.7611 14.0593 13.8693 13.9337 14.1604 17.7468 16.7658 15.019 13.7781 13.7734 12.806 12.1248 11.7677 11.7266 14.4408 12.9769 12.0604 13.2153 11.1887
threshold=0.033250674605369575 1.0000000180025095e-35 0.97853907942771923 0.62301838397979747 1.2136015892028811 0.58307826519012462 0.28242854773998266 -8.9053845405578596 -0.39474010467529291 1.6808388829231264 -6.9371776580810538 0.083384294062852873 0.94116705656051647 0.6078576147556306 -0.59998664259910572 -0.074107784777879701 0.089152175933122649 0.089366652071475997 9.4213526547317154e-14 0.93014580011367809 -0.98554667830467213 -7.7079954147338858 -0.47331516444683069 0.051843069493770606 0.10000000521540643 0.70000001788139354 -0.78699845075607289 -0.55542927980422963 0.95756223797798168 0.86953806877136242
decision_type=2 2 2 2 2 2 2 2 2 2 2 2 2 2 2 2 2 2 2 2 2 2 2 2 2 2 2 2 2 2
left_child=4 19 3 -3 5 13 -7 8 -6 20 12 -9 29 14 -1 22 18 -18 -17 -2 -4 -15 -16 -23 -13 26 -26 -28 -29 -11
right_child=1 2 9 -5 7 6 -8 11 -10 10 -12 24 -14 21 15 16 17 -19 -20 -21 -22 23 -24 -25 25 -27 27 28 -30 -31
leaf_value=-0.006088271374561938 -0.0030866351719682785 -0.00078817274100812483 -0.0049190208426318615 -0.0061855836446648308 0.0045289793654202581 -0.0039478869473837412 0.0049430243315496218 0.0026919535402858651 -0.0054552550215922202 -0.0038463574125774218 0.0045708692157420518 0.0030416739671247583 -0.010196884612938995 -0.007242147852168021 0.0016641467028965834 0.0040244694452010116 -0.0022026491636252103 0.0076250843759805764 0.012687812909425051 -0.011674598164814767 0.0025255630853392155 -0.0024322155502460377 -0.0045001960144810775 0.0058521234987962654 -0.0027383136705001528 0.0019098345688932186 0.0049890082602802692 -0.00081808668092619042 0.0053240907568402537 0.0011851241730690713
leaf_weight=554.72477731108665 3447.2535781860352 36800.227904632688 653.06685654819012 1804.3347650766373 568.62842306494713 6355.7367757856846 774.00061850249767 11643.989890515804 1852.321458697319 2328.5733797103167 1069.3796766549349 3974.3762691020966 506.24865691363811 934.25097301602364 2634.4111225455999 1418.9184725135565 1469.5243446677923 604.18879175186157 775.86579321324825 533.26653264462948 10051.005624473095 1643.0813228338957 1132.2983393222094 568.75566065311432 5290.1070326864719 7831.7979259341955 1186.9998716562986 10209.703858539462 947.83575204014778 2087.5619539171457
leaf_count=2230 13836 147758 2623 7234 2290 25487 3104 46948 7445 9353 4297 15988 2047 3744 10588 5700 5896 2422 3115 2157 40372 6591 4547 2280 21332 31497 4787 40994 3802 8448
internal_value=-0.000152672 -0.000707372 -0.000450675 -0.00104198 0.00037457 -0.00083494 -0.00297712 0.000899131 -0.00310119 0.000916358 -0.00113959 0.00113555 -0.00238693 0.000467881 0.0015079 0.00203923 0.00400746 0.000683572 0.00713066 -0.00426353 0.00206719 -0.00236752 -0.000195906 -0.000285215 0.000519279 0.000124587 -0.0006689 0.000219421 -0.000292007 -0.00147061
internal_weight=121652 59280.9 55300.4 38604.6 62371.5 18865.8 7129.74 43505.8 2420.95 16695.8 5991.76 41084.8 4922.38 11736 8589.93 8035.21 4268.5 2073.71 2194.78 3980.52 10704.1 3146.09 3766.71 2211.84 29440.8 25466.4 17634.6 12344.5 11157.5 4416.14
internal_count=488912 238125 222132 154992 250787 75704 28591 175083 9735 67140 24145 165348 19848 47113 34498 32268 17133 8318 8815 15993 42995 12615 15135 8871 118400 102412 70915 49583 44796 17801
is_linear=0
shrinkage=0.05


Tree=90
num_leaves=31
num_cat=0
split_feature=33 43 26 15 13 24 31 8 35 25 31 9 41 39 15 15 13 15 17 8 17 34 40 17 8 10 40 19 41 25
split_gain=8.80236 18.9773 13.1821 15.8748 13.6681 12.9923 11.4805 15.5668 25.3266 19.347 19.052 17.384 15.9349 25.7196 19.1034 15.5817 13.5104 13.0491 12.6133 15.0027 23.3406 16.7863 16.2757 14.5216 21.561 14.5097 18.0941 12.776 12.3973 12.5131
threshold=0.50314214825630199 1.0000000180025095e-35 0.51657733321189891 -7.1943464279174796 -7.9658896923065177 1.9118331670761111 0.29031930863857275 -0.31396114826202387 0.61677163839340221 0.33106747269630438 0.19896367192268374 0.13122827559709552 0.6078576147556306 0.03053822182118893 -7.9653546810150138 -7.784538507461547 -8.1180815696716291 -7.0521619319915763 -0.27697804570198054 -0.095477782189846025 -0.063548132777214036 0.052468229085206992 -0.93512630462646473 -0.67528170347213734 1.1978190541267397 -0.82733827829360951 -0.49621178209781641 0.87326374650001537 -0.60785761475563038 0.1611239090561867
decision_type=2 2 2 2 2 2 2 2 2 2 2 2 2 2 2 2 2 2 2 2 2 2 2 2 2 2 2 2 2 2
left_child=6 -2 3 -3 -4 -5 7 8 10 11 12 16 -1 15 -15 -14 -9 28 23 20 -20 -21 -23 27 -25 -24 -27 -8 -18 -30
right_child=1 2 4 5 -6 -7 18 9 -10 -11 -12 -13 13 14 -16 -17 17 -19 19 21 -22 22 25 24 -26 26 -28 -29 29 -31
leaf_value=0.0016570672585515961 -0.0076844356389468771 -0.0025090678664618916 0.0070121798955170766 0.0055015951351844302 0.0003716747232465364 -0.0032049991502995086 -0.0019901896426906566 -0.0061026036012380705 0.011930915703799816 -6.0076768519091551e-05 -0.0046079095676858587 -0.011832377303028122 0.0081980401628757391 -0.00929985266746001 -0.0016354930466908404 0.00069988869891345561 0.0058099311820063518 -0.0073730078301682813 0.0028589822520126112 0.0068513248311249499 -0.0068591309793653958 -0.0066282229867416914 0.0092545256617478974 0.0050142080194524345 -0.0032189653714842338 0.0051742473703752937 -0.00094828848692351088 0.0058302876957153811 0.0057606495913745288 -0.0028775266975758548
leaf_weight=25756.119724079967 947.44620606303215 7577.3633639514446 968.36968305706978 1267.1605418175459 3732.1815340220928 636.79972319304943 2282.6466081738472 1620.6936587095261 503.18521599471569 40178.900676399469 1581.4028637260199 508.0172832608223 810.2798724770546 981.86510662734509 4546.6847985088825 4475.9902658611536 821.02791073918343 613.72980813682079 1011.2218353003263 1166.4171950221062 1560.5277701020241 727.16196657717228 505.73863670229912 6201.3623716831207 904.98849815130234 1584.8347576111555 4950.287921577692 666.30102075636387 511.66129809617996 2130.1535740047693
leaf_count=103778 3822 30542 3903 5107 15023 2568 9166 6510 2021 161177 6345 2040 3255 3940 18274 18014 3301 2466 4058 4677 6259 2919 2027 24882 3642 6358 19887 2675 2059 8545
internal_value=0.000256998 -0.00087123 -0.000410968 -0.00148386 0.00175168 0.00258805 0.000417188 0.000155846 0.000896759 -0.000461676 0.000748143 -0.00305773 0.000980947 -0.000629317 -0.00301101 0.00186251 -0.00225594 -0.000715463 0.00144739 0.00031628 -0.00304166 0.00128517 0.000441645 0.0027401 0.00396267 0.00118017 0.000542127 -0.000209457 0.000482306 -0.00118909
internal_weight=121731 15129.3 14181.9 9481.32 4700.55 1903.96 106601 85039.7 38655.5 46384.2 38152.3 6205.28 36570.9 10814.8 5528.55 5286.27 5697.27 4076.57 21561.5 11506.2 2571.75 8934.44 7768.02 10055.3 7106.35 7040.86 6535.12 2948.95 3462.84 2641.81
internal_count=489240 60965 57143 38217 18926 7675 428275 341725 155627 186098 153606 24921 147261 43483 22214 21269 22881 16371 86550 46185 10317 35868 31191 40365 28524 28272 26245 11841 13905 10604
is_linear=0
shrinkage=0.05


Tree=91
num_leaves=31
num_cat=0
split_feature=20 20 11 10 31 28 13 4 7 30 40 13 8 14 18 30 10 2 14 35 40 40 7 34 28 32 40 29 17 28
split_gain=10.1453 10.0658 23.2738 38.3008 16.4291 19.8279 14.2256 13.3197 12.7438 17.9435 17.3085 16.9051 16.8601 11.2577 11.0474 10.3541 10.294 12.5049 17.3586 10.7562 23.6258 19.7839 29.9814 21.2239 19.3359 20.5073 16.1806 15.7302 14.8426 14.8372
threshold=0.37339629232883459 0.9435560703277589 0.59285941720008861 0.97532379627227794 -0.25512184202671045 -1.3336217999458311 -8.0820269584655744 -1.0000000180025095e-35 -0.34833873808383936 0.59099152684211742 0.83627820014953624 -8.7270827293395978 -0.43363249301910395 -8.2570176124572736 0.97823256254196178 -1.3387330770492551 1.0609987974166872 1.8694105148315432 -8.1007571220397931 0.022254738025367263 0.9896419644355775 0.45009414851665502 -0.87096992135047901 -0.29863211512565607 -1.250508666038513 -0.51161348819732655 0.38670727610588079 0.89099666476249706 -0.10998127609491347 -3.0215750932693477
decision_type=2 2 2 2 2 2 2 2 2 2 2 2 2 2 2 2 2 2 2 2 2 2 2 2 2 2 2 2 2 2
left_child=-1 2 8 4 5 -4 -5 -8 9 10 12 -10 14 -13 -2 -6 17 19 -19 20 29 23 -23 -21 28 -26 27 -25 -24 -3
right_child=1 16 3 6 15 -7 7 -9 11 -11 -12 13 -14 -15 -16 -17 -18 18 -20 21 -22 22 24 26 25 -27 -28 -29 -30 -31
leaf_value=0.006941968436499692 0.0076444053390490249 -0.0075648286996495631 -0.015436806936850551 -0.0049577751124954168 0.00066081545195747484 -0.0032855549596856981 0.0084301967399011968 4.03779564319867e-05 0.0060659325559508691 -0.0033689904835205856 0.0094038405664277139 -0.0057041160499337806 -0.0016608833759247169 -0.00078473323768374836 -0.00026940361145395467 -0.0054122918537919023 -0.0010464356828665045 0.0035532055477971408 -0.0046846664223067769 -0.0059401657424992529 0.0053062047703120556 0.011125384389629978 0.00053250154381926284 0.0025202524229577319 -0.012217011616243521 -0.0018713222128484233 0.010366190653616644 -0.0038512357913097284 0.0097659423860840273 -7.9702183945783712e-05
leaf_weight=510.93375268578529 1315.5258823335171 662.48292618989944 792.48055498301983 570.0566827505827 921.82657414674759 588.6755632609129 884.59763291478157 1004.2120700478554 821.12772256135941 1247.5873255133629 936.29545041918755 1289.6398318260908 1801.1305209696293 11112.362078681588 659.85383252799511 2904.0428350865841 14224.022228658199 851.49649634957314 2486.1035639792681 774.80434133112431 2033.0448060333729 512.23603969812393 2538.3552973121405 18660.85930339992 510.09225362539291 6160.437142521143 615.31046998500824 1013.0288281440735 515.63941602408886 42714.998737215996
leaf_count=2050 5286 2659 3179 2293 3701 2363 3550 4034 3294 5005 3763 5176 7222 44561 2653 11661 57194 3426 10001 3118 8189 2058 10201 74903 2046 24789 2470 4078 2072 171868
internal_value=-2.0756e-05 -5.06977e-05 -0.00090461 -0.00323139 -0.0056566 -0.0103186 0.00190646 0.00399334 2.63898e-05 0.00194398 0.0033546 -0.00083879 0.00183396 -0.00130047 0.00501284 -0.0039511 0.000192571 0.000412835 -0.00257866 0.000543311 5.17017e-05 0.00125628 -0.000546554 0.00213228 -0.00117217 -0.00267956 0.00244332 0.00219039 0.00211827 -0.000195736
internal_weight=121633 121122 26849.4 7665.89 5207.03 1381.16 2458.87 1888.81 19183.5 5960.39 4712.81 13223.1 3776.51 12402 1975.38 3825.87 94272.9 80048.9 3337.6 76711.3 45410.5 31300.8 10236.8 21064 9724.52 6670.53 20289.2 19673.9 3053.99 43377.5
internal_count=488863 486813 107741 30781 20904 5542 9877 7584 76960 23929 18924 53031 15161 49737 7939 15362 379072 321878 13427 308451 182716 125735 41166 84569 39108 26835 81451 78981 12273 174527
is_linear=0
shrinkage=0.05


Tree=92
num_leaves=31
num_cat=0
split_feature=23 12 8 26 24 12 41 11 39 14 24 8 13 25 26 24 11 13 28 8 24 14 9 13 9 11 39 6 39 17
split_gain=12.7936 18.9635 20.294 14.7095 13.8015 11.6657 11.2882 11.1379 10.0257 16.4913 12.9997 12.4315 12.6776 14.7811 11.0448 9.9708 22.3599 32.6296 23.5133 21.7321 20.5595 19.2781 29.667 16.9849 18.8774 17.3125 20.3537 21.3131 24.7131 20.9011
threshold=0.92762604355812084 -8.9339041709899885 -0.16979644447565076 1.3779051899909975 4.046278953552247 -7.3366804122924796 -0.60785761475563038 -3.2910846471786495 0.56999135017395031 -6.9371454715728751 2.2929154634475712 0.53700399398803722 -7.8081676959991446 0.96092030405998241 -1.7765626311302183 1.3644775748252871 1.2355934381484988 -7.8873214721679679 -2.0208009481430049 1.2604489922523501 2.4219750165939335 -7.8637394905090323 0.6249552071094514 -7.2437818050384513 0.60179680585861217 -0.64504426717758168 0.9496901035308839 1.0762993693351748 -0.68517646193504322 -0.25122903287410731
decision_type=2 2 2 2 2 2 2 2 2 2 2 2 2 2 2 2 2 2 2 2 2 2 2 2 2 2 2 2 2 2
left_child=4 6 -3 8 7 -5 -2 -1 9 10 14 -10 13 -13 -4 21 -17 20 -19 -20 -18 22 -9 25 -25 -23 27 28 -27 -30
right_child=1 2 3 5 -6 -7 -8 15 11 -11 -12 12 -14 -15 -16 16 17 18 19 -21 -22 23 -24 24 -26 26 -28 -29 29 -31
leaf_value=-0.0056436821832599321 -0.00088718395916462353 -0.0072001295128511422 -0.0080048603293123004 0.0098197241196889985 0.0065763653024307886 -0.00091336183842183967 0.0091570206148176552 -0.0010332257261375963 0.0049850383905063484 0.0046219158077253474 -0.010350151298877517 -0.0051665154667366936 -0.0070877354156506523 0.0060295143647923523 -0.0018124673671074329 0.00097818542880039093 -0.0029290072417210021 -0.0073803859573178844 0.0035580191127928713 -0.005359342113411247 -0.011111638457798556 -0.0015619820816390767 -0.0081735972509190784 -0.0018674479313418712 0.0048665399436953402 0.0056542211828890434 0.010355303135266329 0.01028439392881882 0.003022817900261556 -0.0024677363169092795
leaf_weight=813.30620236694813 499.73321188986301 1647.2354334592819 877.99712179601192 500.23849077522755 831.91650635004044 499.38400273025036 620.72327150404453 15307.06474673748 1014.2642823755741 623.50674106180668 676.82212422788143 500.3389400690794 708.79720330238342 688.74016463756561 3863.199117898941 55478.946167036891 3845.6616739928722 727.1186076849699 4357.7827673852444 800.75630889832973 953.35828129947186 3339.6213369071484 1598.0524286478758 8948.425203025341 1167.8599189072847 2441.1600849926472 765.79577025771141 703.99501277506351 2972.3876031935215 4128.6234327852726
leaf_count=3269 2008 6605 3542 2017 3341 2009 2491 61494 4074 2507 2733 2016 2868 2790 15605 222963 15457 2917 17504 3222 3828 13420 6433 35937 4686 9800 3071 2831 11934 16581
internal_value=2.44476e-05 -0.00147555 -0.00207643 -0.0012221 0.000199334 0.00450183 0.004709 0.000149768 -0.00186545 -0.00302552 -0.00391249 0.000543349 -0.00184407 0.00131467 -0.00297364 0.000194105 0.000574792 -0.00151874 0.000976195 0.00216609 -0.00457427 -0.00041468 -0.00171264 0.00048243 -0.00108601 0.001588 0.00254385 0.00195049 0.00132552 -0.000168445
internal_weight=121903 12721 11600.5 9953.29 109182 999.622 1120.46 108350 8953.67 6041.53 5418.02 2912.14 1897.88 1189.08 4741.2 107537 66163.6 10684.7 5885.66 5158.54 4799.02 41373 16905.1 24467.9 10116.3 14351.6 11012 10246.2 9542.17 7101.01
internal_count=489953 51265 46766 40161 438688 4026 4499 435347 36135 24387 21880 11748 7674 4806 19147 432078 265891 42928 23643 20726 19285 166187 67927 98260 40623 57637 44217 41146 38315 28515
is_linear=0
shrinkage=0.05


Tree=93
num_leaves=31
num_cat=0
split_feature=40 10 29 37 22 13 16 16 26 11 40 11 11 13 11 2 29 18 20 12 30 30 13 15 19 9 13 31 40 16
split_gain=13.5195 69.6502 10.8195 9.6131 26.7966 16.0342 13.6885 12.8831 12.7675 18.5256 16.2425 11.786 11.1838 10.9629 11.6 11.5463 12.4418 12.2609 11.4579 10.8499 14.9755 15.3949 10.5398 10.2651 10.2628 10.2081 9.59439 12.4409 10.7353 12.6886
threshold=0.99838215112686168 0.45090383291244512 -0.10304768010973929 0.177254393696785 1.3635599017143252 -8.3158125877380353 0.048830293118953712 0.4802361279726029 -0.19804564118385312 -0.1345800384879112 -0.64611783623695362 -3.2910846471786495 -2.1446673870086665 -8.8465027809143049 -2.2485940456390376 -0.043664094060659402 -1.0000000180025095e-35 0.91650444269180309 1.2888041734695437 -7.4925396442413321 -0.41922342777252192 0.20980004221200946 -7.5218050479888907 -7.2581565380096427 0.32566323876380926 -1.0525504946708677 -7.7570607662200919 0.61587852239608776 -0.86819055676460255 0.46640962362289434
decision_type=2 2 2 2 2 2 2 2 2 2 2 2 2 2 2 2 2 2 2 2 2 2 2 2 2 2 2 2 2 2
left_child=3 2 -2 11 6 -6 12 -8 9 10 -7 -1 -5 15 18 17 -17 -13 -15 22 -21 -22 -14 -12 -11 -10 -27 28 -28 -30
right_child=1 -3 -4 4 5 8 7 -9 25 24 23 13 19 14 -16 16 -18 -19 -20 20 21 -23 -24 -25 -26 26 27 -29 29 -31
leaf_value=-0.0072704196548267729 -0.0021661726651203521 -0.015604295353033378 0.0067068173954658063 0.010104951362983535 0.002561536437407736 -0.005171445213400498 -0.0016734005496399718 0.0063094295021509737 -0.0056554918826204189 0.0021117655549799733 0.0036798505371483849 -0.011727834990572528 0.0025462175450075282 0.0086703249569997556 -0.00025489598876356315 -0.0046175246873301646 0.004941601034350279 -0.0025846622405809178 -2.7112490286703195e-05 0.010981489903074088 -0.0033694261506097938 0.0074510216226621896 -0.0018425227071401512 -0.0022375191212769519 -0.0047783990124075325 0.004057053999331115 -0.0052869804216194834 -0.007484061601656513 0.0031190273382751955 -0.0042148920869584773
leaf_weight=597.79672949016094 603.80848522484303 802.21960046887398 775.59465311467648 499.71216356754303 3425.6868479251862 1078.3179048001766 3416.8837538957596 582.90143962204456 621.37563925981522 594.43095451593399 2347.7399130612612 606.77392283082008 9288.4387242794037 720.43059027194977 75638.558249652386 682.70548193156719 659.29345220327377 923.0972665399313 786.18143287301064 835.19161637127399 608.33029788732529 694.08248691260815 1596.5809604674578 1055.5265394449234 5427.8949012905359 1844.1806041449308 631.20584167540073 509.26936580240726 3052.6809770017862 721.25250071287155
leaf_count=2404 2435 3245 3123 2005 13782 4331 13714 2339 2497 2389 9433 2438 37273 2893 304039 2744 2646 3716 3172 3351 2440 2783 6405 4243 21828 7432 2539 2056 12271 2900
internal_value=-9.40664e-05 -0.00398558 0.00283519 -2.26624e-05 0.000623535 -0.000567443 0.00207144 -0.000497204 -0.0011679 -0.00228689 0.000147792 -0.000333971 0.00283103 -0.000281247 -0.000168116 -0.00330909 8.04709e-05 -0.00626362 0.00416157 0.00254437 0.00579445 0.00240985 0.00190139 0.00184339 -0.00409594 0.000425702 0.000992328 -0.000163644 0.000697689 0.00170998
internal_weight=121628 2181.62 1379.4 119447 38831.7 21309.6 17522.1 3999.79 17883.9 10503.9 4481.58 80614.8 13522.3 80017 77145.2 2871.87 1342 1529.87 1506.61 13022.6 2137.6 1302.41 10885 3403.27 6022.33 7379.96 6758.59 4914.41 4405.14 3773.93
internal_count=488866 8803 5558 480063 156011 85701 70310 16053 71919 42224 18007 324052 54257 321648 310104 11544 5390 6154 6065 52252 8574 5223 43678 13676 24217 29695 27198 19766 17710 15171
is_linear=0
shrinkage=0.05


Tree=94
num_leaves=31
num_cat=0
split_feature=8 41 34 13 12 11 21 31 15 33 37 31 17 28 35 12 10 39 33 15 30 10 11 15 30 15 3 8 10 17
split_gain=13.4364 23.9316 16.7504 16.6179 18.394 15.4421 17.5693 13.0338 12.757 13.9933 12.5694 12.2729 11.6817 13.4358 12.7783 18.7834 11.6169 10.8224 15.7547 9.25874 7.96559 24.3452 17.1316 23.0705 14.3336 20.5934 13.033 14.0399 14.2324 12.9363
threshold=1.0537664294242861 1.0000000180025095e-35 0.77579128742218029 -7.8873214721679679 -8.4042558670043928 1.3281961083412173 0.87731471657753002 0.53651776909828197 -7.8342630863189688 0.58263912796974193 1.0277334335667168e-13 0.27427217364311224 -0.25122903287410731 -1.1569357514381406 0.49562580883502966 -7.1995115280151358 0.48210142552852636 -0.90068966150283802 0.4144310355186463 -6.4721891880035392 0.60588437318801891 1.1365170478820803 0.71901017427444469 -7.4710328578948966 0.34166252613067633 -7.0756328105926505 -0.38907924294471735 -1.5734549760818479 -0.90169799327850331 0.36974570155143743
decision_type=2 2 2 2 2 2 2 2 2 2 2 2 2 2 2 2 2 2 2 2 2 2 2 2 2 2 2 2 2 2
left_child=2 3 19 4 11 6 8 17 -3 12 -6 -2 13 -10 -14 -16 -8 -5 -19 20 24 22 26 -24 -1 -26 -22 -28 29 -29
right_child=1 5 -4 7 10 -7 16 -9 9 -11 -12 -13 14 -15 15 -17 -18 18 -20 -21 21 -23 23 -25 25 -27 27 28 -30 -31
leaf_value=0.00013475568853020046 -0.00030566479988769881 0.0098115176312829691 -0.0067339989576504118 0.001632201712172124 -0.0026208589518473316 -0.0045787439919428522 -0.0070126872612924877 -0.010275077654885865 0.011011136796321727 0.009898516284319734 0.0056796077739585194 -0.0083728403262289825 -0.0056220597353573154 -4.6680106414177349e-05 -0.0038762450946238322 0.009367267062220087 0.0010538746398885358 -0.0080020754080532882 -0.00027839492686953393 0.005480460605838143 0.0013218972907469329 0.0071560461887560933 -0.015020715956862536 -0.000102014997128548 0.0032222582259501548 -0.004518632844233623 -0.010049279835266644 0.0089857388024859163 -0.0024606840697925878 -0.001881579810819473
leaf_weight=81898.091302335262 950.22937434911728 658.89150568842888 867.13686026632786 719.3483109921217 716.75718338787556 1155.4921994954348 771.42806696891785 1005.4999073892832 504.31990867853165 505.23523531854153 1221.7662724405527 927.25552593171597 911.66654966771603 589.45376971364021 555.81757816672325 499.41249662637711 1035.6447155326605 1816.4559115618467 1035.188054934144 814.97714957594872 4156.6267128437757 860.95754189789295 514.23773154616356 512.72836734354496 7316.9106981009245 964.46694065630436 512.79773965477943 553.54064168035984 6453.0457589924335 527.11301824450493
leaf_count=329079 3824 2644 3509 2895 2892 4648 3107 4071 2023 2033 4946 3740 3656 2367 2233 2003 4172 7308 4197 3277 16726 3456 2064 2059 29407 3878 2061 2222 25879 2117
internal_value=-5.47351e-05 -0.00142525 0.000146908 -0.00323714 -0.000797117 0.000692009 0.00170761 -0.00526553 0.00347007 0.00227417 0.00261286 -0.00431315 0.000987457 0.00510545 -0.00131677 0.00242066 -0.00240933 -0.00383021 -0.00520904 0.000204323 0.000162563 -0.000942578 -0.00147461 -0.00764514 0.000335333 0.00231638 -0.000949486 -0.00212301 -0.00157089 0.00371631
internal_weight=121532 15579.9 105953 8392.5 3816.01 7187.36 6031.87 4576.49 4224.8 3565.91 1938.52 1877.48 3060.67 1093.77 1966.9 1055.23 1807.07 3570.99 2851.64 105085 104271 14091 13230.1 1026.97 90179.5 8281.38 12203.1 8046.5 7533.7 1080.65
internal_count=488493 62759 425734 33873 15402 28886 24238 18471 16959 14315 7838 7564 12282 4390 7892 4236 7279 14400 11505 422225 418948 56584 53128 4123 362364 33285 49005 32279 30218 4339
is_linear=0
shrinkage=0.05


Tree=95
num_leaves=31
num_cat=0
split_feature=11 26 28 9 9 26 14 24 24 16 13 28 30 13 37 23 17 18 24 14 30 11 26 9 13 10 30 30 14 7
split_gain=12.1466 28.8546 22.9138 22.6345 18.755 22.7029 12.9433 12.8757 16.5817 18.9079 14.5077 18.5979 23.7762 14.7726 13.7004 14.5844 13.4206 13.0443 16.2825 12.1606 12.4486 14.8139 13.2582 12.0605 13.6831 15.1983 11.9924 28.7909 23.7193 19.4795
threshold=0.11799595877528192 -1.0024569034576414 -1.0281459689140318 1.5878730416297915 -0.70723953843116749 0.094992976635694518 -7.7291038036346427 1.8625780344009402 1.4617385268211367 0.14860633015632632 -7.164923667907714 0.25439155101776129 0.13805085420608523 -6.8771605491638175 -0.28823387622833246 0.17681079357862475 -0.073211777955293642 1.4837864041328432 2.2166165113449101 -6.6746714115142813 -1.077092111110687 1.0362052917480471 -0.31750090420246119 1.6760194301605227 -7.3450307846069327 1.1577307581901553 -1.9060676693916319 -1.273974537849426 -8.0778479576110822 -0.54097053408622731
decision_type=2 2 2 2 2 2 2 2 2 2 2 2 2 2 2 2 2 2 2 2 2 2 2 2 2 2 2 2 2 2
left_child=1 -1 26 7 5 6 -4 8 9 14 11 12 17 -12 15 -3 -13 -9 -19 20 21 -6 23 24 -22 -26 28 29 -2 -28
right_child=2 3 4 -5 19 -7 -8 10 -10 -11 13 16 -14 -15 -16 -17 -18 18 -20 -21 22 -23 -24 -25 25 -27 27 -29 -30 -31
leaf_value=0.001642834197112842 0.0013493825674961795 -0.0074449295226608264 0.0026304407314290722 -0.0090701932465315303 -0.00087936631228322675 -0.0018258032130209112 0.0095442475677615501 -0.0033246341723746835 0.0021111294270329266 -0.0025795235261487528 -0.010239283089462002 -0.0011666324016351096 -0.010846644205342532 -0.0010649182496042038 0.0019784397146970453 0.0013866013041812441 0.0073520719255813329 -0.0026560930377352381 0.0082930012981615731 0.0050845654179776795 -0.0030025565078700372 0.0087938436125303918 0.00049396213378874703 0.0037623963780326259 0.002660783014924244 -0.0064065448285940789 -0.0039142949447352731 -0.0024861838587664697 -0.0081096930452668452 0.0033332427348481599
leaf_weight=31462.01589140296 1030.0889139026403 890.77340692281723 1342.746143579483 739.49557510018349 770.88020500540733 1318.3074687868357 1377.0100949406624 2224.9274803251028 8256.2760173529387 7022.5697708427906 944.3156985193491 874.29913437366486 727.7803440541029 816.98939844965935 6673.4778075665236 966.34940402209759 965.59677371382713 663.15874075889587 677.98818664252758 1096.8564266562462 9367.5026016682386 799.86219269037247 15774.51244354248 946.1491032987833 2373.7912158071995 563.4386440962553 1168.7396163344383 13616.57788105309 1835.6824199557304 4346.6696403175592
leaf_count=126329 4139 3602 5407 2982 3101 5333 5545 8937 33243 28278 3795 3524 2922 3283 26794 3875 3887 2671 2729 4403 37655 3220 63435 3807 9530 2264 4697 54690 7371 17461
internal_value=8.93257e-05 0.000564174 -0.00043634 -0.000482021 0.000345287 0.00355011 0.00615304 -0.000278909 0.000301475 -0.000659905 -0.00202736 -0.000874749 -0.00267556 -0.00601375 0.000921536 -0.00286665 0.00331965 -0.000982307 0.0028994 -6.40356e-05 -0.000250211 0.00407095 -0.000485378 -0.00165073 -0.00206967 0.000905593 -0.00170552 -0.00125224 -0.0047168 0.00179315
internal_weight=121635 63906 57728.8 32444 35731.1 4038.06 2719.76 31704.5 23809.4 15553.2 7895.06 6133.75 4293.85 1761.31 8530.6 1857.12 1839.9 3566.07 1341.15 31693 30596.1 1570.74 29025.4 13250.9 12304.7 2937.23 21997.8 19132 2865.77 5515.41
internal_count=488909 256851 232058 130522 143700 16285 10952 127540 95792 62549 31748 24670 17259 7078 34271 7477 7411 14337 5400 127415 123012 6321 116691 53256 49449 11794 88358 76848 11510 22158
is_linear=0
shrinkage=0.05


Tree=96
num_leaves=31
num_cat=0
split_feature=4 43 43 32 34 8 15 22 3 4 5 28 33 28 7 40 13 15 13 31 14 8 30 15 8 3 10 7 32 15
split_gain=10.2725 19.1542 21.7188 20.8316 12.836 12.3795 9.67031 11.6836 9.63448 9.51479 9.12334 8.90591 8.69289 8.315 15.4863 7.87969 23.698 28.9674 19.344 17.361 24.4563 21.5423 16.7221 15.2521 19.8664 17.7404 12.8982 13.5659 11.1622 11.036
threshold=-1.1540818810462949 0.2333333417773247 0.70000001788139354 -0.63851058483123768 -0.1891931667923927 -1.9311742186546323 -7.4298400878906241 1.8038555383682253 -0.97642597556114186 -1.4082880020141599 -1.5287001132965086 -0.23715017735958097 -0.81458634138107289 -0.39964891970157618 -0.3011466115713119 0.94692111015319835 -8.3467454910278303 -7.2327172756195059 -8.5227842330932599 -0.32965710759162897 -7.9784774780273429 0.20688633620738986 -1.1404469609260557 -7.855940341949462 0.46559263765811926 0.39149095118045812 0.95979711413383495 0.28260442614555364 -0.19839053601026532 -6.7399990558624259
decision_type=2 2 2 2 2 2 2 2 2 2 2 2 2 2 2 2 2 2 2 2 2 2 2 2 2 2 2 2 2 2
left_child=1 4 6 11 9 -2 7 13 -5 10 -1 -4 -7 14 -3 29 18 19 -17 -18 21 -21 -19 -22 28 -26 27 -24 -25 -14
right_child=5 2 3 8 -6 12 -8 -9 -10 -11 -12 -13 15 -15 -16 16 17 22 -20 20 23 -23 26 24 25 -27 -28 -29 -30 -31
leaf_value=-0.0011996318149345337 -0.0056699964181624986 -0.0093242831829744317 0.0088930764750443318 0.0026397450504962979 0.0066764334176184735 0.0065936829072825486 -0.0018713960079604652 -0.0015489575002404297 -0.0050310125584405738 -0.004898657139675809 0.0062108587904929477 0.0014470869637558898 0.00010328455562243001 -0.010504064850632367 0.001418186862983327 -0.002464412818827073 -0.0035554203719576297 -0.011108903212213512 -0.014223964244026222 0.0025280604235172833 -0.0069976324496917892 0.016646134279708395 0.0044627173307107476 -0.00091795446674145995 -0.0071087111024055044 0.0037233559177383456 -0.0090670658854735565 -0.0054378967570715107 0.0067316369199168962 0.0029458819407915688
leaf_weight=981.55260571837425 929.90367878973484 800.92952592670918 707.9764923453331 562.84281888604164 960.25415998697281 501.86251452565193 2458.5218798071146 1101.2085382044315 1441.5408376157284 721.99567461013794 706.6905102878809 922.07474008202553 92251.781586199999 1322.3930898010731 568.22979980707169 895.72848212718964 1414.2553555071354 735.72253559529781 569.32530595362186 565.38698293268681 516.71139667928219 515.08479459583759 799.72743593156338 636.90655454993248 865.60642652213573 656.67779989540577 498.58136896789074 594.15193459391594 1862.2656771689653 3535.7327789962292
leaf_count=3994 3743 3228 2861 2266 3850 2044 9934 4468 5808 2917 2857 3746 370464 5332 2280 3607 5693 2959 2293 2271 2079 2081 3217 2560 3489 2656 2010 2390 7480 14203
internal_value=-0.000117479 -0.00143075 -0.00253993 0.000533211 0.00182039 4.33188e-05 -0.00432462 -0.00590572 -0.00287461 -0.000133884 0.00192067 0.00471559 9.33026e-05 -0.0076759 -0.00488798 6.21754e-05 -0.00119669 -0.000295119 -0.00709967 0.00137914 0.00262531 0.00934939 -0.00476359 0.00100737 0.00205073 -0.00244221 -0.00225133 0.00023383 0.00478627 0.000208508
internal_weight=121602 13256.2 9885.72 3634.43 3370.49 108345 6251.28 3792.76 2004.38 2410.24 1688.24 1630.05 107416 2691.55 1369.16 106914 11126.1 9661.08 1465.05 7032.89 5618.64 1080.47 2628.18 4538.17 4021.46 1522.28 1892.46 1393.88 2499.17 95787.5
internal_count=488780 53541 39923 14681 13618 435239 25242 15308 8074 9768 6851 6607 431496 10840 5508 429452 44785 38885 5900 28309 22616 4352 10576 18264 16185 6145 7617 5607 10040 384667
is_linear=0
shrinkage=0.05


Tree=97
num_leaves=31
num_cat=0
split_feature=17 23 23 13 2 23 43 8 24 0 40 23 43 30 39 35 30 20 0 28 23 10 35 36 29 28 17 16 39 12
split_gain=11.4556 15.086 12.8654 11.4707 15.5962 12.3133 14.5949 13.8877 16.8535 12.1539 14.5266 17.9679 13.4218 11.4445 12.5781 21.1038 17.0265 11.6273 12.327 11.0705 11.9382 11.0664 9.64026 9.50249 14.141 11.3017 9.47971 9.26903 10.5608 10.7675
threshold=-1.1497976779937742 0.64826679229736339 0.3057896494865418 -8.8465027809143049 0.30380977690219885 0.9579857885837556 1.0000000180025095e-35 -0.43363249301910395 2.2166165113449101 1.5782152414321902 -0.99655601382255543 0.66814035177230846 0.5000000149011613 -0.18172138929367063 0.58424410223960888 0.42480972409248358 -0.82867267727851857 2.3044455051422124 1.1221051812171938 -0.35958212614059443 0.59228661656379711 3.0477052927017216 -0.29448482394218439 0.87508547306060802 -0.76622596383094776 -0.47795701026916498 -0.70868682861328114 -0.81350940465927113 -0.29653874039649958 -9.0721578598022443
decision_type=2 2 2 2 2 2 2 2 2 2 2 2 2 2 2 2 2 2 2 2 2 2 2 2 2 2 2 2 2 2
left_child=1 2 -1 4 27 9 -7 -8 13 10 11 22 -11 14 15 16 -9 18 -15 20 -14 23 -5 -12 25 -25 -6 -2 -29 -30
right_child=3 -3 -4 5 26 6 7 8 -10 12 21 -13 19 17 -16 -17 -18 -19 -20 -21 -22 -23 -24 24 -26 -27 -28 28 29 -31
leaf_value=0.0048785218667873843 -0.010986380912051327 0.0090728368337648982 -0.0058487739426102961 0.0013371462021362572 -0.0034693972141141361 -0.0096324769351122316 -0.0088250908420030739 0.0050855489808962033 -0.0061272953675037241 -3.5171682091046269e-05 -0.00015359307496812214 -0.002043591420284473 -0.014273144499698876 0.0019829056350465029 0.0022046420481412073 -0.011264799183552126 -0.0056909200304431007 -0.003777893807373383 0.010389896876785935 -0.0016604509535081164 -0.0034352053365179283 0.0061435027839365046 0.0092502750437540287 0.0017977892428252711 0.0015801193602614954 -0.0071197574185538001 0.0053818280865239841 0.0018594461083684636 -0.0019802475398087958 -0.010684973854684308
leaf_weight=607.35735070705414 513.72533747553825 777.75983987748623 500.72370012104511 568.98246088624001 501.38401438295841 557.77316848933697 562.4466187953949 692.24084833264351 1198.1202593445778 2605.3797293901443 82500.502367720008 860.58546391129494 525.79181137681007 1455.4817383140326 1359.5953165739775 662.48308648169041 756.83198030292988 520.99523419141769 616.56478087604046 988.51310181617737 499.0503975301981 745.43084681034088 1204.6392044872046 588.26981316506863 15659.650872439146 874.4233070909977 733.01449444890022 632.66660268604755 805.841084882617 633.53440308570862
leaf_count=2451 2063 3125 2008 2297 2013 2253 2255 2788 4835 10470 331573 3456 2110 5866 5482 2691 3047 2103 2487 3977 2004 2995 4834 2366 62870 3525 2943 2547 3236 2548
internal_value=-7.33248e-05 0.00378297 2.2077e-05 -0.000134327 -0.0028265 -4.54343e-05 -0.00189005 -0.00132655 -0.000734473 9.84033e-05 0.000211017 0.00386914 -0.00240802 0.000339336 -0.00153645 -0.00394432 -0.00054329 0.0028466 0.0045224 -0.00546326 -0.00907977 0.000114632 0.00673345 6.89086e-05 0.00114045 -0.00354542 0.00178768 -0.00502763 -0.00350459 -0.00585888
internal_weight=121710 1885.84 1108.08 119824 3820.17 116004 8382.53 7824.76 7262.31 107621 103002 2634.21 4618.74 6064.19 3471.15 2111.56 1449.07 2593.04 2072.05 2013.36 1024.84 100368 1773.62 99622.8 17122.3 1462.69 1234.4 2585.77 2072.04 1439.38
internal_count=489218 7584 4459 481634 15350 466284 33807 31554 29299 432477 413916 10587 18561 24464 14008 8526 5835 10456 8353 8091 4114 403329 7131 400334 68761 5891 4956 10394 8331 5784
is_linear=0
shrinkage=0.05


Tree=98
num_leaves=31
num_cat=0
split_feature=29 0 17 35 16 17 31 22 14 31 13 13 22 25 20 37 35 14 31 9 6 35 22 10 10 4 13 17 26 31
split_gain=12.3117 11.4134 22.5911 14.5187 13.1644 15.802 13.0405 15.0365 14.7747 11.8789 11.6436 17.099 12.9099 13.1629 11.5506 11.4908 11.0447 15.7402 13.3865 11.0173 10.463 12.3553 13.7521 10.0709 9.55067 9.92528 9.41932 9.94341 9.14412 14.491
threshold=-0.98298320174217213 -1.0000000180025095e-35 -0.57200244069099415 -0.59238180518150318 0.16015932708978656 -1.2889927029609678 0.38495780527591711 1.5859862565994265 -7.9394550323486319 -0.58460187911987294 -8.8125028610229474 -8.7270827293395978 1.2099648118019106 0.23159107565879825 0.84720546007156383 -0.055237254127860062 0.049758164212107665 -7.6017456054687491 0.21767240762710574 -0.057232532650232308 1.5828275680541994 0.7574547827243806 1.8504216670989992 0.28999394178390508 0.70726159214973461 -0.41553276777267451 -8.7013974189758283 -0.55433952808380116 -2.3820415735244747 0.18062129616737368
decision_type=2 2 2 2 2 2 2 2 2 2 2 2 2 2 2 2 2 2 2 2 2 2 2 2 2 2 2 2 2 2
left_child=-1 10 3 -3 5 -5 7 9 19 -7 -2 -12 13 -13 15 -15 17 -16 -19 -9 26 22 -22 -8 -18 -26 -4 -28 -11 -30
right_child=1 2 20 4 -6 6 23 8 -10 28 11 12 -14 14 16 -17 24 18 -20 -21 21 -23 -24 -25 25 -27 27 -29 29 -31
leaf_value=0.007648424788467837 -0.0047273813868244433 0.010148442698600119 0.0037009434540762154 0.010575807342425435 -0.00337662885977598 0.0094570179105936021 0.0084186187097223045 -0.0045626568630249501 -0.0073653107886328048 -0.0010557767873722516 0.008300991337727005 0.00093854010128177384 -0.00014183383424940443 -0.0090361773288688326 -0.00086407943455866208 -0.0021612457693229717 0.0017020637173758878 -0.0090582791439450128 0.00021929494103530272 0.0048181992045265212 -0.00063408320935420814 0.0022836333085999492 -0.0085014127252811475 0.0016611216984159475 -0.0066510929125864343 -0.00013197683857172184 -0.0061038517832626461 -3.7172310958603325e-05 0.0045696997819005608 -0.0028490824909769459
leaf_weight=497.8740945905447 1710.579002097249 533.82912717759609 1655.3974515646696 539.97552472352982 1111.1776641905308 511.02947230637074 1188.3856878131628 525.43952322006226 917.68263292312622 2125.7016488462687 530.38898475468159 3317.9419739842415 38025.514460638165 1241.2755867540836 2368.8723403960466 1197.8755348324776 2809.9969040453434 1589.7047143578529 513.04098916053772 743.93342797458172 1021.689328417182 803.00780943036079 1211.7773402482271 1032.3982693254948 915.80386240780354 1581.8767941296101 675.30258330702782 46841.726888641715 3109.5355009585619 826.88357536494732
leaf_count=2015 6879 2154 6649 2170 4475 2052 4777 2115 3694 8530 2134 13341 152987 4979 9497 4806 11272 6375 2057 2992 4121 3243 4895 4156 3672 6355 2713 188173 12480 3320
internal_value=-0.000120199 -0.000152746 0.000295557 0.0021456 0.00179965 0.00230139 0.00188525 0.00101485 -0.00256848 0.00220921 -0.000677907 -0.000548999 -0.000638168 -0.00185208 -0.00261003 -0.00568248 -0.00183867 -0.0036664 -0.00680435 0.000929811 -0.000171306 -0.00301476 -0.00492141 0.00529872 -0.000294844 -0.00253928 4.85884e-06 -0.000124657 0.00158366 0.00300804
internal_weight=121676 121178 65374.9 13166 12632.1 11521 10981 8760.21 2187.06 6573.15 55802.9 54092.3 53561.9 15536.4 12218.4 2439.15 9779.3 4471.62 2102.75 1269.37 52208.9 3036.47 2233.47 2220.78 5307.68 2497.68 49172.4 47517 6062.12 3936.42
internal_count=489078 487063 262709 52915 50761 46286 44116 35183 8801 26382 224354 217475 215341 62354 49013 9785 39228 17929 8432 5107 209794 12259 9016 8933 21299 10027 197535 190886 24330 15800
is_linear=0
shrinkage=0.05


Tree=99
num_leaves=31
num_cat=0
split_feature=27 40 14 11 28 8 7 10 17 11 15 10 26 10 5 23 29 31 25 43 14 14 27 11 31 40 23 8 28 7
split_gain=15.8155 14.9949 15.5896 15.523 19.872 19.0387 17.12 16.4089 15.0888 21.7643 13.761 15.1286 15.9352 14.0069 12.9619 16.645 15.64 12.5404 15.7048 12.5533 12.261 16.4365 12.2448 11.5984 14.7131 11.5304 19.6765 11.3709 12.3252 11.2508
threshold=-0.14160442352294919 -0.99495905637741078 -7.7291038036346427 1.5238551497459414 0.087219275534152998 -0.26520767807960505 -0.66049686074256886 0.37902431190013891 0.38001787662506109 0.39960423111915594 -8.2522220611572248 -0.21596324443817136 -0.24990555644035337 -1.0000000180025095e-35 -0.82377648353576649 0.16909014433622363 -0.5172208547592162 -0.13780457526445386 0.25396059453487402 0.90000000596046459 -7.6763148307800284 -7.9394550323486319 0.90494173765182506 0.58038660883903515 -0.43579833209514612 -0.99784943461418141 0.70027330517768871 -0.029798655770719048 1.0000000180025095e-35 -0.1587603613734245
decision_type=2 2 2 2 2 2 2 2 2 2 2 2 2 2 2 2 2 2 2 2 2 2 2 2 2 2 2 2 2 2
left_child=1 2 -1 7 5 6 -5 17 14 -10 11 12 -2 -13 -9 16 -16 18 29 -19 21 -7 -15 24 -20 26 -12 28 -26 -3
right_child=10 3 -4 4 -6 20 -8 8 9 -11 25 13 -14 22 15 -17 -18 19 23 -21 -22 -23 -24 -25 27 -27 -28 -29 -30 -31
leaf_value=0.0012696401121715236 0.0025464939252862191 7.0015865308832454e-05 0.010903766587822002 -0.00494786303711146 0.004640397355605703 -0.0072775903117774533 0.0051189496258476292 -0.0012289772061528047 -0.0014135935807603952 0.010893546818073068 0.0002657742126558398 -0.0073519953681769473 0.01301801500330645 -0.00059650565786035375 0.014428401976194941 0.0016508100307238685 0.0031535529696686479 0.00069874284906308484 0.0014605411933188497 0.0062055567031899586 -0.0096023854157725984 0.0041981172401090857 0.006973073938264635 -0.0072960965709574126 -0.0034748349330962049 -0.00065196338383908311 -0.011877107828467967 -0.00067767313316978851 -0.011764455812130028 0.0076350383656780931
leaf_weight=1048.6295524984598 1188.6475371271372 8381.4664987325668 693.78023804724216 759.76946985721588 882.92780981957912 773.8540124297142 925.88901500403881 3165.5069181323051 541.74517098069191 1044.1466065049171 722.14069899916649 533.64132735133171 517.58492740988731 1980.8472006320953 512.02549916505814 8675.2567064613104 767.08623123168945 15587.068892329931 2235.0898268967867 1098.877445474267 1319.5826393961906 509.91632851958275 720.88319477438927 1113.7492812275887 1420.0289954990149 60838.964464440942 609.39615871012211 1765.5775933712721 654.8552273362875 512.10315184295177
leaf_count=4219 4776 33947 2792 3064 3553 3113 3715 12731 2174 4191 2899 2143 2081 7962 2058 34845 3078 62575 8990 4412 5298 2048 2898 4471 5701 244431 2452 7082 2630 2057
internal_value=-3.774e-05 0.000595875 0.00514602 0.000444333 -0.0021543 -0.00356059 0.000579158 0.000727826 0.00211481 0.00670688 -0.000551246 0.00198573 0.00578037 -2.7084e-05 0.00155505 0.00244073 0.00774376 0.000104927 -0.000891088 0.0010649 -0.00623301 -0.0027222 0.0014415 -0.0026272 -0.00176073 -0.000753184 -0.00533869 -0.00363438 -0.006135 0.000513706
internal_weight=121501 54388.9 1742.41 52646.5 5171.94 4289.01 1685.66 47474.6 14705.8 1585.89 67112.1 4941.6 1706.23 3235.37 13119.9 9954.37 1279.11 32768.8 16082.9 16685.9 2603.35 1283.77 2701.73 7189.3 6075.55 62170.5 1331.54 3840.46 2074.88 8893.57
internal_count=488386 218744 7011 211733 20791 17238 6779 190942 59077 6365 269642 19860 6857 13003 52712 39981 5136 131865 64878 66987 10459 5161 10860 28874 24403 249782 5351 15413 8331 36004
is_linear=0
shrinkage=0.05


Tree=100
num_leaves=31
num_cat=0
split_feature=37 13 24 13 35 15 13 15 39 11 25 14 15 14 39 33 0 35 13 15 25 41 4 41 30 24 7 34 11 25
split_gain=9.10432 14.5481 21.4153 16.3715 21.6028 18.154 15.7506 20.3243 14.625 14.5957 27.6539 20.2952 28.8616 25.4185 16.9654 16.0586 13.8602 11.8368 15.2462 12.8394 11.816 11.7269 14.9746 11.7694 11.5463 27.1876 13.1128 11.4933 11.1052 11.0194
threshold=-0.38125991821289057 -7.164923667907714 2.8943980932235722 -7.3528277873992911 0.37988477945327764 -7.3312718868255606 -7.6099209785461417 -6.7912356853485099 0.86819055676460277 0.049707852303981788 0.2389362454414368 -6.5594112873077384 -7.3150341510772696 -7.0866847038269034 0.62591752409935009 0.033234061673283584 -1.9281961321830747 -0.0094592184759676439 -7.226923704147338 -7.5268762111663809 0.70968082547187816 -1.0000000180025095e-35 0.41997852921485906 -0.60785761475563038 -0.21844311058521268 1.8161651492118838 -0.29186959564685816 0.017581333406269554 0.71901017427444469 0.22789117693901065
decision_type=2 2 2 2 2 2 2 2 2 2 2 2 2 2 2 2 2 2 2 2 2 2 2 2 2 2 2 2 2 2
left_child=-1 3 9 6 5 17 16 8 -8 -3 -11 12 13 15 21 -12 -2 18 29 -19 -10 23 28 -14 25 27 -26 -7 -23 -5
right_child=1 2 -4 4 -6 24 7 -9 20 10 11 -13 14 -15 -16 -17 -18 19 -20 -21 -22 22 -24 -25 26 -27 -28 -29 -30 -31
leaf_value=-0.00097550338837020108 0.0051004020994775447 -0.001942820711803143 -0.0094382143193852755 0.0064615117179943008 -0.0014838281122597277 0.0043271067533996749 -0.000828488558883548 0.0082176382987138915 -0.0026198646203607857 0.0092129844536229036 0.0070663008001049911 0.008443369271985704 -0.0038017866073259141 0.011318393128629537 0.0045666526206864988 -0.003152694074129464 0.00055814153255779014 0.01079711401675524 -0.0072785898901796603 0.00030149351604862024 -0.010989925272997152 -0.0039713609251742993 -0.0073552529148513193 -0.012944726460572776 0.0044783844507220285 0.012970485363988749 0.014083172009103754 -0.004219342203757092 0.0054617110545566484 -0.0017996077968340355
leaf_weight=16632.136543393135 1719.1865558326244 9778.9877246767282 710.62893433868885 700.3867971599102 2500.5460798293352 881.84895920753479 14204.657897591591 561.62465335428715 1230.66474814713 885.77922569215298 554.67705343663692 623.17426347732544 736.36520214378834 701.66417667269707 555.25381131470203 1194.4731173813343 58646.679588586092 555.95376427471638 639.99304938316345 601.84393391013145 638.7221145927906 565.86361049115658 876.33154004812241 685.84827011823654 656.69252087175846 603.55019992589951 800.11971011757851 693.9685348123312 671.63411316275597 927.35927911102772
leaf_count=66935 6926 39284 2853 2823 10062 3550 57102 2259 4937 3580 2223 2500 2957 2814 2230 4792 235705 2229 2571 2414 2571 2270 3517 2753 2650 2424 3209 2783 2695 3718
internal_value=0.00011112 0.000283148 -0.000987569 0.000555399 0.00250555 0.00391829 0.00031293 -0.00104886 -0.00137754 -0.000645661 0.000930352 -0.000104968 -0.00093089 0.00335163 -0.00349817 0.000109623 0.000688326 0.00130035 -0.000802436 0.0053906 -0.00552296 -0.00477387 -0.00239344 -0.00827048 0.00637425 0.00404084 0.00981364 0.000560494 0.00115105 0.00177274
internal_weight=121737 105104 18540.7 86563.8 9562.26 7061.72 77001.5 16635.7 16074 17830.1 8051.06 7165.29 6542.11 2450.81 4091.3 1749.15 60365.9 3425.54 2267.74 1157.8 1869.39 3536.04 2113.83 1422.21 3636.18 2179.37 1456.81 1575.82 1237.5 1627.75
internal_count=489336 422401 74468 347933 38433 28371 309500 66869 64610 71615 32331 28751 26251 9829 16422 7015 242631 13755 9112 4643 7508 14192 8482 5710 14616 8757 5859 6333 4965 6541
is_linear=0
shrinkage=0.05


Tree=101
num_leaves=31
num_cat=0
split_feature=23 39 40 11 9 10 20 17 25 39 10 39 40 30 30 5 10 40 3 30 26 24 24 22 11 12 13 39 39 13
split_gain=10.2894 22.373 23.0842 19.1781 15.6332 15.6236 14.8237 14.4042 15.0778 13.0423 12.4066 11.9556 13.4847 17.8312 12.8074 11.5901 14.1531 14.5907 13.8839 11.2571 11.0921 21.6373 14.2495 11.3031 10.8979 10.4105 11.8084 18.5477 12.6557 19.0949
threshold=0.20439054816961291 0.89297044277191173 -0.34611377120018 -0.36383412778377527 -1.7915287613868711 0.48210142552852636 1.6321523785591128 -0.31158180534839625 0.19320812076330188 0.84103098511695873 -0.27155216038227076 -0.96703672409057606 0.04797767102718354 -0.66652497649192799 -0.12789180129766461 -1.2316406965255735 0.28015995025634771 0.22069533914327624 -1.2735033035278318 -0.5604647397994994 -1.9877684116363523 1.6683428883552553 1.2833191752433779 1.3865596055984499 -0.64504426717758168 -9.6023125648498517 -8.7821340560913068 0.59831890463829052 0.9496901035308839 -8.7013974189758283
decision_type=2 2 2 2 2 2 2 2 2 2 2 2 2 2 2 2 2 2 2 2 2 2 2 2 2 2 2 2 2 2
left_child=1 9 -3 6 7 10 -4 -2 -9 15 -5 12 -6 -14 -15 16 17 -1 -17 -19 21 -20 -22 -23 -21 -13 27 -27 29 -28
right_child=4 2 3 5 11 -7 -8 8 -10 -11 -12 25 13 14 -16 18 -18 19 20 24 22 23 -24 -25 -26 26 28 -29 -30 -31
leaf_value=-0.0013985008566371276 0.0014625911445028349 -0.012361862750391235 0.0074677106147953273 -0.0031777374345542328 0.0034193819424957073 0.0017616700523576093 -0.0030119604606167871 -0.0028828400116539714 -0.014310047924055611 0.0072457654577109953 -0.012608480336419252 0.0047736222743659899 -0.0076208427524242566 0.0065071348665097332 -0.0012404782215118216 -0.0016783201495892267 -0.0043737989819538185 0.0087703916376263014 0.0034879263424747891 0.0069707951019552629 0.00069890164409682084 -0.00049657633166113322 0.0049404659151646288 -0.010585723603527091 -0.0021412575338522651 -4.1291009903456468e-05 0.0069289814284401192 -0.0077900847222491451 0.0015003780776203122 -0.0006158814640669809
leaf_weight=3020.9454363882542 578.68809162080288 512.6165613681078 864.32033199071884 865.61465026438236 4551.6102124154568 764.43725344538689 542.37239688634872 635.27931335568428 529.10167397558689 926.09408476948738 585.0241706520319 961.29862889647484 730.53459164500237 773.49187253415585 1663.6865769475698 2121.8237560987473 1724.4833845794201 772.35717311501503 1703.2899827212095 512.76533141732216 2939.1285286694765 565.06441573798656 6081.9487187117338 537.66454361379147 872.71174950897694 1758.9268469214439 838.41970904171467 1366.8450221270323 8566.9817196875811 72802.256461262703
leaf_count=12265 2321 2061 3474 3485 18267 3067 2192 2548 2121 3732 2351 3858 2931 3106 6679 8564 6965 3138 6856 2091 11836 2270 24500 2165 3556 7065 3368 5485 34384 292383
internal_value=-5.31311e-05 0.000830578 -0.00253731 -0.00111656 -0.000292332 -0.00400909 0.00343437 -0.0049706 -0.00815307 0.00147081 -0.00704132 -0.000205075 0.00167887 -0.000824927 0.00123494 0.00121098 -0.000464253 0.000843508 0.00203978 0.00397427 0.00270768 -3.80536e-05 0.00356084 -0.00546673 0.0012569 -0.000373774 -0.000432313 -0.00344374 -0.000317405 -0.000529052
internal_weight=121670 25912.7 4134.39 3621.77 95757.1 2215.08 1406.69 1743.07 1164.38 21778.3 1450.64 94014.1 7719.32 3167.71 2437.18 20852.2 6903.26 5178.78 13948.9 2157.83 11827.1 2806.02 9021.08 1102.73 1385.48 86294.7 85333.4 3125.77 82207.7 73640.7
internal_count=489084 104568 16630 14569 384516 8903 5666 6990 4669 87938 5836 377526 30983 12716 9785 84206 28015 21050 56191 8785 47627 11291 36336 4435 5647 346543 342685 12550 330135 295751
is_linear=0
shrinkage=0.05


Tree=102
num_leaves=31
num_cat=0
split_feature=9 14 10 30 39 15 39 39 31 9 9 10 15 15 15 15 31 20 35 40 8 25 20 24 5 8 39 31 18 25
split_gain=11.3571 29.3116 30.1112 18.9213 20.3455 10.778 35.9316 34.5697 21.219 23.0659 30.3774 40.9934 28.1755 19.9322 19.8091 31.8477 23.4887 19.3443 18.9436 24.0352 21.5469 18.7059 14.7468 14.4224 15.5495 13.4967 12.5137 12.3983 12.2591 19.2217
threshold=-1.7234147787094114 -6.961977243423461 -1.9316139817237852 0.087561603635549559 0.65275353193283092 -7.9277517795562735 -0.29653874039649958 -0.69778382778167714 0.10171542316675188 -0.71903032064437855 0.10281863063573839 -0.40009714663028711 -8.4570713043212873 -8.4943103790283185 -7.8342630863189688 -7.8224024772644034 -0.34680499136447901 1.0170198678970339 -0.15288741141557691 -0.74605026841163624 -0.32397750020027155 0.88023215532302868 0.68217498064041149 1.3935112953186037 0.033219527453184135 -0.52594122290611256 0.79068204760551464 -0.50260645151138295 0.75708344578742992 0.79967775940895092
decision_type=2 2 2 2 2 2 2 2 2 2 2 2 2 2 2 2 2 2 2 2 2 2 2 2 2 2 2 2 2 2
left_child=1 2 -1 4 -4 6 7 21 9 -8 11 -11 -12 -9 16 -16 27 -13 20 -20 -18 22 -2 24 -24 -19 -21 -7 29 -17
right_child=5 -3 3 -5 -6 14 8 13 -10 10 12 17 -14 -15 15 28 18 25 19 26 -22 -23 23 -25 -26 -27 -28 -29 -30 -31
leaf_value=0.010846577751076619 -0.0075943711637633405 -0.010293815330519148 0.0060569228760228369 -0.0099541272563047969 -0.0063433487636607071 0.0048046869526807718 0.00051341060750990941 0.01413631144182877 9.6321860591390985e-05 -0.0010117437580787745 0.0075609462970285665 -0.0070738025557015374 -0.0047441815147565222 0.0039065789529682945 -0.00880914024892431 0.0023278454814302488 0.0015659506780770157 -0.011375024604462219 0.010701918437144258 -0.0010699793895321569 -0.011315149556265733 -0.0084592772921030183 0.0019920410915763073 0.0036095770323644194 -0.0070266414538544437 -0.022653067021142961 0.0063659771587746845 0.014921588742715286 0.00010335135390066221 -0.0018310015220515564
leaf_weight=511.51139017939568 514.43789120018482 909.10193833708763 750.17843145132065 602.76906982064247 575.69694499671459 695.08026370406151 1920.3788489252329 574.43770682811737 4681.4550142735243 946.58342958986759 586.33654083311558 695.579185500741 2111.2014327794313 2655.5474272966385 939.25248569250107 14886.602241158485 851.82431419193745 513.55159904062748 881.19287690520287 1844.7332602292299 512.5624917447567 672.65721069276333 1058.6935652047396 2689.4207106232643 856.29193036258221 639.56944978237152 804.67675943672657 547.40064430236816 71937.999705269933 3407.4455062747002
leaf_count=2059 2065 3653 3024 2426 2315 2802 7725 2311 18815 3802 2354 2791 8480 10683 3776 59732 3425 2066 3539 7413 2056 2718 4265 10820 3436 2567 3232 2201 289249 13711
internal_value=0.000183289 -0.00268362 0.000182068 -0.00268771 0.000665528 0.000264589 -0.00075914 0.00162796 -0.00253957 -0.00420203 -0.00584856 -0.00949248 -0.00205149 0.0057639 0.000486795 0.000301525 0.00323399 -0.013806 0.00166685 0.00359802 -0.00332024 -0.000684657 0.000351492 0.0012538 -0.00205624 -0.0177713 0.00120391 0.00934545 0.000397327 0.00155264
internal_weight=121774 3349.26 2440.16 1928.64 1325.88 118425 21116.1 9021.49 12094.7 7413.2 5492.82 2795.28 2697.54 3229.99 97308.8 91171.3 6137.47 1848.7 4894.99 3530.6 1364.39 5791.5 5118.84 4604.41 1914.99 1153.12 2649.41 1242.48 90232 18294
internal_count=489511 13477 9824 7765 5339 476034 84898 36298 48600 29785 22060 11226 10834 12994 391136 366468 24668 7424 19665 14184 5481 23304 20586 18521 7701 4633 10645 5003 362692 73443
is_linear=0
shrinkage=0.05


Tree=103
num_leaves=31
num_cat=0
split_feature=9 13 41 35 30 30 11 11 7 13 16 15 13 9 9 35 7 24 9 41 35 13 11 40 6 34 30 41 35 41
split_gain=14.5201 27.7934 29.6349 23.8905 12.5505 12.5 24.7717 19.526 19.056 13.2072 16.4414 15.8718 13.4136 15.678 12.5196 22.729 12.2675 12.2398 12.1782 22.9859 22.2684 19.0264 17.1853 15.4141 14.4158 20.3932 16.8728 17.4098 21.9185 20.8777
threshold=-1.7915287613868711 -7.164923667907714 -0.60785761475563038 -0.72919008135795582 -2.573460459709167 0.274102732539177 -1.4818378090858457 1.2355934381484988 -0.32937189936637873 -8.5227842330932599 -0.27407336235046381 -6.8301241397857657 -7.751513957977294 -0.36279410123825068 1.2636154890060427 0.55464830994606029 0.18863242864608767 1.6322573423385622 -0.80708032846450795 0.6078576147556306 -0.14328502118587491 -7.3823659420013419 -0.1345800384879112 0.88900867104530346 -0.096278626471757875 0.22737556695938113 0.037021746858954437 1.0000000180025095e-35 0.27019293606281286 -0.87837970256805409
decision_type=2 2 2 2 2 2 2 2 2 2 2 2 2 2 2 2 2 2 2 2 2 2 2 2 2 2 2 2 2 2
left_child=1 2 -1 -4 -2 18 -7 9 -9 -8 12 -12 -11 16 15 -10 17 -14 19 21 -21 23 -23 -6 25 26 27 28 29 -20
right_child=4 -3 3 -5 5 6 7 8 14 10 11 -13 13 -15 -16 -17 -18 -19 24 20 -22 22 -24 -25 -26 -27 -28 -29 -30 -31
leaf_value=0.0094963527345696529 0.0058020452814107042 -0.012518672538812923 0.00061546341736241125 -0.011345940772957419 0.0006751466720981399 0.011172535990891691 -0.0066160560743281699 0.013753654045672987 -0.0010231948080307201 0.0073425494990146034 0.00026264247567875062 -0.0067170449470047525 -0.0046319955648498707 0.0038715365848488864 -0.0017867033617703942 0.013969929676010483 -0.0085664908219678353 0.0063041917908618506 -0.002146846849950622 -0.0036301308023313317 0.0067293566881565271 0.0037688668542715954 0.014741616400960847 0.0072347947764282014 0.00020715568944170844 -0.0058777108726047658 -0.0041840495575448189 -0.0020363120872093849 -0.0037767048253660764 0.0024693524642100048
leaf_weight=529.55575767159462 983.52782742679119 635.30593328177929 1108.0538322478533 658.85085612535477 6347.1465924829245 581.79410986602306 634.02846330404282 502.60505825281143 499.58816370368004 1351.9730134606361 19734.615895733237 839.55076625943184 503.79071938991547 2783.1575253307819 813.21947218477726 499.03691351413727 521.15432366728783 499.83847515285015 3193.3261798918247 3202.3001020103693 609.15334661304951 1025.4402920156717 545.79273596405983 1033.225653141737 43639.44538885355 2155.1976199746132 3353.4488362520933 10194.456409335136 2412.6130228340626 10412.709724977612
leaf_count=2138 3949 2552 4459 2645 25576 2341 2551 2021 2005 5428 79329 3378 2023 11166 3270 2008 2089 2007 12846 12875 2444 4141 2205 4173 175367 8652 13486 40927 9681 41904
internal_value=0.000120035 -0.00335009 -0.000770362 -0.00388351 0.000205894 0.000158718 0.00104444 0.000838769 0.00523528 0.000458241 0.000631669 -2.52959e-05 0.00301562 0.00164382 0.00280976 0.00653345 -0.00242111 0.000823026 -0.000140524 0.00128714 -0.00196118 0.00267087 0.00764955 0.00160202 -0.000382449 -0.00119338 -0.000850048 -0.000422096 0.00060584 0.00138515
internal_weight=121804 2931.77 2296.46 1766.9 118872 117889 29764.4 29182.6 2314.45 26868.1 26234.1 20574.2 5659.91 4307.94 1811.84 998.625 1524.78 1003.63 88124.3 12763.1 3811.45 8951.61 1571.23 7380.37 75361.2 31721.8 29566.6 26213.1 16018.6 13606
internal_count=489636 11794 9242 7104 477842 473893 119616 117275 9304 107971 105420 82707 22713 17285 7283 4013 6119 4030 354277 51414 15319 36095 6346 29749 302863 127496 118844 105358 64431 54750
is_linear=0
shrinkage=0.05


Tree=104
num_leaves=31
num_cat=0
split_feature=12 37 27 34 22 11 43 31 37 13 31 11 23 40 11 40 7 40 17 17 14 14 13 34 40 26 14 22 40 21
split_gain=11.7135 11.8259 25.3024 16.3287 15.561 15.3954 14.1884 12.6235 11.815 11.1356 15.3158 23.7111 26.7172 15.0827 14.119 25.7693 21.14 18.1477 20.3956 23.1924 17.4202 17.0337 19.804 16.2576 18.0043 15.8464 15.8151 18.2158 15.7429 15.5469
threshold=-6.4306433200836173 -0.38695220649242396 -0.65956377983093251 0.50452539324760448 1.1985530853271487 2.4125084877014165 1.0000000180025095e-35 0.11853820830583574 0.49545860290527349 -7.1162228584289542 0.16238001734018329 -0.010715706739574669 0.48502790927886968 -0.7223570942878722 0.069577772170305266 0.99883887171745311 -0.1587603613734245 -0.30486139655113215 -0.3595366477966308 0.44529153406620031 -8.5865340232849103 -7.0288915634155265 -7.2520413398742667 -0.64494773745536793 0.94116705656051647 -1.4751774072647093 -8.2264456748962385 1.3524991869926455 -0.91530275344848622 0.64184823632240307
decision_type=2 2 2 2 2 2 2 2 2 2 2 2 2 2 2 2 2 2 2 2 2 2 2 2 2 2 2 2 2 2
left_child=1 2 4 9 -1 6 -5 -6 -8 14 11 -11 13 -13 17 16 23 20 -19 21 28 -20 -23 -16 -25 -18 -27 -28 -3 -26
right_child=-2 3 -4 5 7 -7 8 -9 -10 10 -12 12 -14 -15 15 -17 25 18 19 -21 -22 22 -24 24 29 26 27 -29 -30 -31
leaf_value=-0.0031184132429935966 0.0035012709046683362 -0.0013936467186030218 -0.0037583806791390024 -0.0077282504743160021 0.00016425533754298803 0.0063984186618590115 -0.002003189368507065 0.0047693869135555338 0.0019348432349726417 -0.002081019907584082 -0.0041770160464106752 -0.00048360369502312508 -0.0018469465352054131 0.0091408409762687003 0.0040897500415867016 -0.010137097362284839 -0.00033832449313827027 0.00036390032419175559 0.0043930926510541606 -0.0044494663950595736 -0.00053972473744861693 -0.0083099794363701348 0.0049248435650473786 -0.001069445437647429 -0.010140212700134347 -0.0018336113019260523 0.0052128457807019274 0.00084104992946726657 0.0099398218351083381 0.00048459612907611715
leaf_weight=2456.2251891046762 2414.2425137609243 497.63752733170986 6238.1562200039625 908.05617868900299 5231.8367315381765 599.86127443611622 10518.87153224647 2070.0438134521246 2316.8868133127689 5446.3524755388498 2840.7599656283855 543.39718213677406 1575.218646004796 1601.0895166546106 1331.0281533002853 610.10774594545364 9188.9400962889194 9352.7807923853397 12533.057895541191 885.10137827694416 13900.884658813477 585.6276768296957 528.78695704042912 13666.751396045089 1057.7598562687635 1808.3801303058863 5310.5472936034203 4323.3260394632816 778.24759824573994 506.86355495452881
leaf_count=9863 9717 2002 25068 3673 21131 2424 42462 8311 9363 21876 11387 2185 6313 6441 5419 2469 36887 37565 50374 3557 55793 2351 2124 54847 4251 7261 21307 17346 3127 2036
internal_value=6.05201e-05 -9.44834e-06 -0.00127401 0.000186635 0.00031642 -0.00137818 -0.001722 0.00147452 -0.00129141 0.000439317 -0.00097623 1.92344e-05 0.00309174 0.00671115 0.00066053 -2.83415e-05 0.000140158 0.00132705 0.00218582 0.00335731 -2.50531e-05 0.0038665 -0.00204214 -0.00118986 -0.00165362 0.00120794 0.00244891 0.00325385 0.00554293 -0.00671706
internal_weight=121627 119213 15996.3 103216 9758.11 14343.7 13743.8 7301.88 12835.8 88872.6 12006.8 9166.06 3719.71 2144.49 76865.8 37803.7 37193.6 39062.1 23885.4 14532.6 15176.8 13647.5 1114.41 16562.4 15231.4 20631.2 11442.3 9633.87 1275.89 1564.62
internal_count=488930 479213 64373 414840 39305 57922 55498 29442 51825 356918 48202 36815 14939 8626 308716 151823 149354 156893 95971 58406 60922 54849 4475 66553 61134 82801 45914 38653 5129 6287
is_linear=0
shrinkage=0.05


Tree=105
num_leaves=31
num_cat=0
split_feature=36 14 17 23 34 15 15 34 12 0 31 28 17 25 30 14 21 10 15 5 43 7 14 10 25 17 14 27 7 18
split_gain=11.1163 15.1238 12.5628 11.5615 11.3758 10.7851 12.7953 8.87135 12.9606 8.73162 8.4351 17.8201 13.8925 22.3569 19.4543 18.4272 15.9448 16.0498 15.4198 13.0126 12.7252 13.4533 12.1094 11.8719 11.4252 15.8801 11.3269 10.9341 13.878 10.9807
threshold=-0.98666349053382862 -8.6444525718688947 -1.1497976779937742 0.76911172270774852 0.62174230813980114 -8.2522220611572248 -7.664778232574462 0.10498496517539026 -7.6189744472503653 -0.29092089831829065 0.28476472198963171 1.5080712437629702 -0.27238816022872919 0.85539129376411449 1.0977357029914858 -7.4376082420349112 0.21388777345418933 0.60211646556854259 -7.7501881122589102 -0.21669723838567731 0.10000000521540643 1.6096857786178591 -7.6434974670410147 1.0266845822334292 0.90640822052955639 0.052208773791790015 -7.3708245754241934 -0.17991878092288968 0.15992579609155658 0.92662069201469432
decision_type=2 2 2 2 2 2 2 2 2 2 2 2 2 2 2 2 2 2 2 2 2 2 2 2 2 2 2 2 2 2
left_child=1 -1 3 -2 5 -3 7 8 -7 -9 -4 12 13 15 16 27 26 20 23 -17 -18 -22 -15 -19 -20 -26 -14 -12 29 -29
right_child=2 4 10 -5 -6 6 -8 9 -10 -11 11 -13 14 22 -16 19 17 18 24 -21 21 -23 -24 -25 25 -27 -28 28 -30 -31
leaf_value=-0.0065842995192935995 0.0015032985798965844 0.0046894850295954504 -9.1739305916815301e-05 0.010636399011240682 -0.0065242886862848298 -0.0050390691666831848 0.00028788382196974006 0.0026723580002028344 0.0033249145706262754 -0.0046692133808303154 0.0052182477080809433 0.0077392593869866052 0.0057533686166721804 0.00076227695883283875 0.0078479723989312578 0.0024764596249754181 -0.0090350711110875389 0.00061670705601610059 -0.0041855130492528692 0.012242578836591919 -0.0015222865072825431 -0.0096226626022344053 -0.0056490774134324148 0.011074908340196588 -0.0034028865619732981 0.0090168721335983255 -0.0015064786151465679 0.0018419521220704627 0.0027442215713884073 -0.0078682214424839001
leaf_weight=1160.2307672947645 984.57292763888836 954.66428406536579 76652.397844657302 528.11601157486439 796.43443064391613 3489.9842184782028 10560.439025104046 1226.5569808632135 526.74825248122215 592.28320145606995 2080.6168726831675 927.30589137971401 1360.8522309660912 2201.4258165955544 664.15058209002018 552.92563080787659 824.328184440732 539.71804647147655 1400.6478147059679 906.69198201596737 4817.1433914452791 564.55685967206955 1095.2675137519836 538.30959735810757 511.96157149970531 499.64292544126511 877.91129276156425 498.84295646846294 2604.7287857085466 678.78741924464703
leaf_count=4671 3961 3840 308106 2122 3227 14023 42442 4929 2121 2382 8349 3726 5460 8897 2664 2220 3313 2179 5631 3639 19345 2279 4423 2172 2077 2018 3523 2001 10455 2723
internal_value=2.54291e-05 -0.00107465 0.000233113 0.0047408 -0.000718961 -0.000448879 -0.000750739 -0.00262758 -0.0039367 0.000269206 0.000165002 0.000979744 0.000706565 0.00203788 -0.000416262 0.00357571 -0.000882327 -0.00176059 0.000950329 0.00858505 -0.0032843 -0.00238831 -0.00137842 0.00589277 -0.00127364 0.00275959 0.00291244 0.00231611 0.000710146 -0.00377413
internal_weight=121618 19307.3 102311 1512.69 18147.1 17350.7 16396 5835.57 4016.73 1818.84 100798 24145.8 23218.5 10619.3 12599.2 7322.59 11935.1 9696.31 3490.28 1459.62 6206.03 5381.7 3296.69 1078.03 2412.25 1011.6 2238.76 5862.98 3782.36 1177.63
internal_count=488918 77635 411283 6083 72964 69737 65897 23455 16144 7311 405200 97094 93368 42707 50661 29387 47997 39014 14077 5859 24937 21624 13320 4351 9726 4095 8983 23528 15179 4724
is_linear=0
shrinkage=0.05


Tree=106
num_leaves=31
num_cat=0
split_feature=31 4 31 14 10 14 4 18 16 10 13 40 39 11 26 32 14 22 13 37 35 22 31 7 13 13 13 13 26 37
split_gain=12.3923 13.4658 16.0058 18.8527 17.196 17.0328 12.6568 12.2441 13.6407 9.95792 14.5207 8.70378 41.6172 24.368 23.5673 20.6959 16.6463 16.841 13.9924 12.4811 12.0519 11.5433 10.6951 20.017 23.4159 14.3695 9.86989 16.7602 9.79404 9.77566
threshold=-0.60528859496116627 -1.1136109828948972 -0.68934941291809071 -8.2165417671203596 -0.21596324443817136 -7.7512090206146231 -0.15909571200609204 1.4595009684562685 -0.0088743888773024065 -0.90169799327850331 -7.9349777698516837 -0.92880073189735401 -0.021814676932990548 1.1298294067382815 -1.5211409926414488 0.0037154630990698938 -7.8978064060211173 1.2768962383270266 -7.3823659420013419 -0.38125991821289057 -0.36184884607791895 1.5523999929428103 0.24773903936147693 0.53364568948745739 -7.673628330230712 -7.9719362258911124 -8.003682613372801 -8.3578300476074201 -1.6000866889953611 -0.19999665766954419
decision_type=2 2 2 2 2 2 2 2 2 2 2 2 2 2 2 2 2 2 2 2 2 2 2 2 2 2 2 2 2 2
left_child=1 9 3 -3 6 -6 -5 8 -4 -1 -11 12 15 19 -15 20 -17 -18 -19 -14 -2 28 23 24 26 -24 27 -21 -22 -13
right_child=11 2 7 4 5 -7 -8 -9 -10 10 -12 29 13 14 -16 16 17 18 -20 22 21 -23 25 -25 -26 -27 -28 -29 -30 -31
leaf_value=-0.0078623839050889644 -0.0071376209834090017 0.0079127038449883624 0.0050481189176873244 0.0083184829642640942 -0.0097056415900532503 0.00017453603441240647 -0.00085485092186776224 5.3348818683796209e-06 0.013886050991068405 -0.0058632323605818182 0.0045733183771539824 -0.00065075760529880627 0.0086581192051914772 -0.011691687422098479 0.0010985941060048605 -0.0027002724505621181 -0.0036108274052220621 -0.018317408845079413 -0.0072581573937037062 -0.0049167089368249697 0.0031793462777270232 0.0052990138587534607 0.0037517853052712637 0.011483609353406685 0.0081137755392916549 -0.0059269775231645897 -0.0059870022823993764 0.0069821321574855544 -0.0045728830532601305 0.00045332672052153479
leaf_weight=489.58109691739082 681.00735874474049 782.38391363620758 1413.8566440939903 668.18488721549511 745.27873979508877 1031.7542092353106 840.19295021891594 656.96476769447327 636.09915393590927 547.04704229533672 819.76758044958115 27873.673606082797 791.92015497386456 616.45772516727448 843.61066481471062 1374.3766907155514 681.4989859610796 666.29591682553291 531.79386687278748 553.03807909786701 611.16287396848202 788.57968091964722 692.22311887145042 626.01797151565552 931.96068133413792 836.07096911966801 741.13555428385735 614.42035715281963 1179.2502519488335 71340.128359362483
leaf_count=2000 2749 3151 5683 2705 2998 4151 3381 2648 2565 2224 3345 112067 3184 2475 3392 5527 2734 2682 2136 2221 2451 3168 2782 2515 3743 3362 2975 2467 4729 286663
internal_value=0.000119207 0.00194418 0.00297714 0.000989736 -0.0006779 -0.00400029 0.0032368 0.00594906 0.00784462 -0.00182127 0.000383999 -2.03779e-05 -0.00119832 0.00140799 -0.00434441 -0.00409557 -0.00691046 -0.00995841 -0.0135093 0.00286437 -0.00127336 0.000296746 0.00193033 0.00346349 0.00166189 -0.0015472 -0.00151442 0.00135163 -0.00192368 0.000143105
internal_weight=121606 8631.11 6774.72 4067.79 3285.41 1777.03 1508.38 2706.92 2049.96 1856.4 1366.81 112975 13760.8 7246.86 1460.07 6513.97 3253.97 1879.59 1198.09 5786.79 3260 2578.99 4994.87 3466.57 2840.55 1528.29 1908.59 1167.46 1790.41 99213.8
internal_count=488873 34851 27282 16386 13235 7149 6086 10896 8248 7569 5569 454022 55292 29116 5867 26176 13079 7552 4818 23249 13097 10348 20065 13921 11406 6144 7663 4688 7180 398730
is_linear=0
shrinkage=0.05


Tree=107
num_leaves=31
num_cat=0
split_feature=24 0 30 16 40 24 41 0 37 39 28 40 33 0 13 35 14 7 30 7 30 13 12 12 21 26 35 13 42 8
split_gain=10.9486 10.525 10.1951 9.87396 15.6929 15.514 15.6899 9.1724 13.5924 10.609 13.3522 12.1517 21.1517 14.6341 13.4439 11.2647 21.1111 10.1076 22.9232 17.4093 17.0869 15.3492 20.9261 16.3546 16.1315 15.3423 14.8453 20.5372 22.8781 15.1841
threshold=1.3742140531539919 -2.6807014942169185 1.6873221993446352 0.41664776206016546 -0.73431551456451405 1.5867537260055544 1.0000000180025095e-35 -1.5450435876846311 -0.40070310235023493 0.81156626343727123 0.043253486976027496 0.45009414851665502 -0.098091468214988695 -0.2190996631979942 -7.8991911411285392 0.45173014700412756 -7.7131400108337393 0.58533972501754772 -0.96380558609962452 0.74684113264083873 -0.54143542051315297 -8.1560630798339826 -7.4635059833526602 -7.2192654609680167 0.048216138035058982 -0.39732083678245539 0.73928526043891918 -7.3676078319549552 1.0000000180025095e-35 1.669009327888489
decision_type=2 2 2 2 2 2 2 2 2 2 2 2 2 2 2 2 2 2 2 2 2 2 2 2 2 2 2 2 2 2
left_child=2 -2 -1 7 -5 -6 -7 8 -3 17 11 13 -13 -11 -14 -15 -17 20 -19 -20 21 24 -23 -24 -9 -22 27 29 -29 -21
right_child=1 3 -4 4 5 6 -8 9 -10 10 -12 12 14 15 -16 16 -18 18 19 26 25 22 23 -25 -26 -27 -28 28 -30 -31
leaf_value=-0.00068118481358545621 0.0062057997350401664 -0.0079241744412921113 0.006191883706167957 0.0080227993571938411 -0.0038324290141812756 -0.00095829514526150862 0.010378670812278569 -0.0042310704966408907 -0.00055175114093494629 -0.0035348058101502887 0.0026899413870086399 0.0016875868453015996 -0.013790851840064009 -0.00061059567652404665 -0.0032522729394711038 0.0094165351425502947 -0.0018364534954934206 0.0036150381576785535 -0.0052353624936394734 0.0010826247161946996 0.0032381640691211684 -0.0024469630020525638 0.0066240782192548827 -0.0017120356391033841 0.0033345291364271241 0.00055712893496344558 0.0031785056722011106 -0.0020494060551817183 -0.012645926808584441 -0.0078153493675708081
leaf_weight=46131.262225717306 755.87815530598164 816.16947670280933 536.0106526017189 1043.4861927479506 1040.2453121542931 636.37311901152134 573.70473961532116 834.6703165769577 2577.1946254968643 3407.169056609273 2267.379373639822 723.08812862634659 669.03950293362141 5975.2907319664955 560.21109874546528 860.97837397456169 793.97996200621128 2838.5332250446081 2338.1010850816965 4946.8205573856831 11679.483106687665 8166.8381830155849 1301.0946112424135 1061.3131196647882 4265.9621274620295 9826.9354821741581 2190.0505160242319 1654.3345853835344 729.25998769700527 520.80340467393398
leaf_count=185385 3065 3293 2152 4210 4204 2576 2311 3364 10372 13678 9115 2907 2688 23973 2251 3465 3193 11430 9387 19903 46921 32800 5230 4269 17145 39533 8837 6645 2931 2107
internal_value=3.72554e-07 0.000374282 -0.000600933 0.000314128 0.00298612 0.000625429 0.00445764 0.000189774 -0.00234303 0.000317222 -0.000842617 -0.00146082 -0.00508672 -0.000815439 -0.00905306 0.000401889 0.00403922 0.00065532 -0.000429757 -0.00135938 0.00109996 -0.00015814 -0.00124845 0.00288764 0.00209063 0.00201395 -0.000452549 -0.00146816 -0.0053307 0.000222352
internal_weight=121722 75054.4 46667.3 74298.5 3293.81 2250.32 1210.08 71004.7 3393.36 67611.3 15257.1 12989.8 1952.34 11037.4 1229.25 7630.25 1654.96 52354.2 15217.9 12379.4 37136.3 15629.9 10529.2 2362.41 5100.63 21506.4 10041.3 7851.22 2383.59 5467.62
internal_count=489340 301803 187537 298738 13301 9091 4887 285437 13665 271772 61270 52155 7846 44309 4939 30631 6658 210502 61240 49810 149262 62808 42299 9499 20509 86454 40423 31586 9576 22010
is_linear=0
shrinkage=0.05


Tree=108
num_leaves=31
num_cat=0
split_feature=28 22 15 22 10 33 21 43 43 18 16 3 23 37 29 37 0 16 20 16 34 22 28 43 36 8 16 3 16 42
split_gain=7.90248 19.3665 20.4788 15.5184 12.0576 9.78394 9.72388 27.1147 19.7594 16.8861 15.2009 15.0985 15.5376 13.5802 12.3649 12.2392 12.02 12.3237 11.8637 19.3849 15.7563 19.9684 19.9518 15.4442 16.3711 15.3226 14.4109 13.8583 13.6378 13.2578
threshold=-2.8077627420425411 1.1009513735771181 -7.3882141113281241 1.3066227436065676 0.21396467089653018 -0.051279712468385689 0.24663879722356799 0.10000000521540643 0.56666669249534618 1.2237678766250613 0.15426857769489291 -0.6737326681613921 0.50071820616722118 -0.21881971508264539 0.13521224260330203 -0.041567141190171235 0.041897960007190711 0.035403093323111541 1.7284584045410158 0.035403093323111541 0.73789235949516307 1.9847797155380251 0.30344873666763311 0.36666667461395269 0.14295499026775363 -1.0636393427848814 -0.41542397439479822 1.3416246771812441 -0.19145044684410092 -0.56174489110708226
decision_type=2 2 2 2 2 2 2 2 2 2 2 2 2 2 2 2 2 2 2 2 2 2 2 2 2 2 2 2 2 2
left_child=1 4 3 -3 -1 -4 7 16 9 10 -9 12 15 -11 -13 -10 17 -2 19 20 22 -22 27 26 -25 -24 -20 -8 29 -27
right_child=6 2 5 -5 -6 -7 18 8 11 13 -12 14 -14 -15 -16 -17 -18 -19 23 -21 21 -23 25 24 -26 28 -28 -29 -30 -31
leaf_value=0.006746288305870281 0.0009525480311790949 -0.0071773273429171242 -0.01453238182184464 0.0036289821555420309 -0.0031091968602830755 -0.0052708022424544573 -0.00046282291386696821 -9.854771797864815e-05 0.0013083482675144004 -0.0039836674186939352 0.0065873650278137621 0.00096382477912806757 0.0077822039633792727 0.00032252673602496462 -0.0044822191805127358 0.0085927465590242575 0.0087402870703466931 0.0075696436537996724 0.0061554062147788548 -0.0020147632973948181 -0.0099849459124763239 0.0017796499087962435 -0.0045287377218378574 0.004077461771401795 0.00024432862971877965 0.00048329693743498053 -0.0014917650011121418 0.0034265897854545342 0.00069305418881051477 0.0078742067805996473
leaf_weight=767.19455009698868 2427.9883880764246 532.03315721452236 528.10638651251793 848.46409028768539 508.91236218810081 646.12635430693626 38877.516686335206 6973.5998719632626 5807.3242722153664 5383.825161755085 958.11873129010201 4761.752768933773 1432.3521043509245 2769.5752360224724 1323.5321656614542 631.04904054105282 1173.597540512681 982.82591260969639 666.30434338748455 15948.487197443843 854.9195099323988 614.17506006360054 614.44573809206486 5418.4390364587307 5724.2060831040144 831.07557298243046 6921.4195508360863 2423.6076290756464 2138.3255092352629 2251.7585323154926
leaf_count=3078 9767 2135 2121 3408 2042 2594 156053 28015 23440 21707 3858 19155 5744 11165 5312 2545 4728 3973 2680 64087 3465 2487 2468 21799 23047 3334 27872 9732 8580 9033
internal_value=3.87823e-05 -0.00219314 -0.00469963 -0.000557354 0.0028223 -0.0095237 0.000111476 0.000815553 0.000268359 -0.000925845 0.000716361 0.00164443 0.00308907 -0.00252232 -0.000226085 0.00203454 0.00439286 0.00287582 -0.000181306 -0.000502754 -6.32349e-06 -0.00508782 0.000153095 0.000926244 0.00211029 0.00288713 -0.000813023 -0.000233813 0.00376684 0.00588976
internal_weight=121741 3830.84 2554.73 1380.5 1276.11 1174.23 117910 34625.5 30041.1 16085.1 7931.72 13956 7870.73 8153.4 6085.28 6438.37 4584.41 3410.81 83284.7 64554.3 48605.8 1469.09 47136.7 18730.4 11142.6 5835.61 7587.72 41301.1 5221.16 3082.83
internal_count=489424 15378 10258 5543 5120 4715 474046 139409 120941 64745 31873 56196 31729 32872 24467 25985 18468 13740 334637 259239 195152 5952 189200 75398 44846 23415 30552 165785 20947 12367
is_linear=0
shrinkage=0.05


Tree=109
num_leaves=31
num_cat=0
split_feature=31 29 8 30 30 15 8 14 31 15 25 14 22 27 39 34 22 14 28 10 29 24 30 3 18 39 8 42 29 28
split_gain=8.91305 16.4893 13.3165 17.2876 14.8659 20.7143 17.8434 14.7913 13.7048 12.3946 11.8796 18.9425 22.971 15.165 11.5402 15.3026 15.1019 13.5405 11.5009 12.7341 11.3352 14.724 10.9901 17.7699 11.3762 10.7909 11.4977 18.9319 13.2305 9.74037
threshold=0.29596710205078131 0.95492383837699901 0.91578972339630138 0.89109408855438244 0.037021746858954437 -8.3502421379089338 0.61170566082000744 -7.3708245754241934 0.3785232156515122 -7.7079954147338858 0.88023215532302868 -7.1148617267608634 1.4591596126556399 0.6850639581680299 0.25459952652454382 0.065684724599123015 1.5763094425201418 -7.4962403774261466 -0.41284540295600886 0.41032950580120092 0.36637656390666967 1.412433981895447 -1.0894641280174253 0.22508507221937182 0.78423467278480541 0.58424410223960888 -0.32397750020027155 -0.56174489110708226 0.54114124178886425 -3.4046696424484248
decision_type=2 2 2 2 2 2 2 2 2 2 2 2 2 2 2 2 2 2 2 2 2 2 2 2 2 2 2 2 2 2
left_child=29 2 4 22 5 -2 7 8 -6 -10 11 14 -13 -12 15 20 25 18 19 -17 21 -7 23 -4 -24 -16 -27 -28 -29 -1
right_child=1 -3 3 -5 6 10 -8 -9 9 -11 13 12 -14 -15 16 17 -18 -19 -20 -21 -22 -23 24 -25 -26 26 27 28 -30 -31
leaf_value=-0.0059934709933585177 0.011508967766738123 -0.005672163765001118 0.0093209315551790496 0.0051382557752690898 0.0067046292686960933 -0.0016678456055676226 0.0042402577632255157 -0.0064388519763810704 -0.0058679289978931966 0.0036739603288125306 -0.0063316028441437709 0.014464255118167941 0.00070317176937356122 0.0038913546665019089 -0.0058401033927348292 -0.0023212819516378641 0.0045191702105899668 -0.0041823220829135341 0.009546932090167784 0.0073027662244674121 0.01242543332537948 0.0091570169100902449 -0.0063050228729319494 -0.0026589241549514076 -0.0011156557301503776 -0.0055912816422219944 -0.0049393526309945293 0.0085477112059320435 -0.001401937049352428 -0.00013664947991566916
leaf_weight=705.38614620268345 625.57042226195335 932.19567212462425 576.37664650380611 1175.2057580202818 575.59323246777058 556.48895309865475 1373.6148253232241 1390.0414841324091 912.02557796239853 530.97416973114014 839.28754015266895 705.65975669026375 528.11479254066944 624.39032639563084 949.43641678988934 923.90766227245331 1604.2258847355843 756.5467341542244 573.62556882202625 534.27973783016205 682.67629256844521 703.5129886418581 1301.4481830149889 648.47277867794037 5458.6679086089134 626.32672135531902 658.91143564879894 978.25839471817017 500.97448809444904 92561.876157268882
leaf_count=2831 2513 3758 2319 4719 2309 2234 5520 5575 3660 2131 3383 2831 2119 2521 3809 3706 6439 3036 2304 2149 2740 2826 5246 2619 22040 2512 2641 3923 2009 372098
internal_value=5.40938e-05 0.000832056 0.00105603 -0.000497834 0.0018399 0.00269501 -0.000551819 -0.00248969 0.000248114 -0.00235572 0.00225377 0.00280345 0.00862686 -0.00197378 0.00208062 0.00387434 0.000480633 0.00149115 0.00361381 0.00123069 0.00726983 0.00440065 -0.00133273 0.00300826 -0.00212254 -0.00127127 0.000313257 0.00206085 0.00519126 -0.000181583
internal_weight=121514 28246.8 27314.6 9160.17 18154.4 13372.2 4782.25 3408.63 2018.59 1443 12746.6 11282.9 1233.77 1463.68 10049.2 4731.04 5318.13 2788.36 2031.81 1458.19 1942.68 1260 7984.97 1224.85 6760.12 3713.91 2764.47 2138.14 1479.23 93267.3
internal_count=488520 113591 109833 36943 72890 53695 19195 13675 8100 5791 51182 45278 4950 5904 40328 18995 21333 11195 8159 5855 7800 5060 32224 4938 27286 14894 11085 8573 5932 374929
is_linear=0
shrinkage=0.05


Tree=110
num_leaves=31
num_cat=0
split_feature=11 11 28 17 11 28 9 28 31 23 35 35 11 13 34 26 28 31 9 16 36 17 9 31 11 15 13 9 6 16
split_gain=11.3513 11.7244 13.5957 15.7046 12.6654 19.2541 14.5092 18.8531 17.2711 15.4513 15.9231 15.06 9.46934 14.173 19.467 18.5933 14.1602 13.2624 12.6279 19.2499 15.9513 16.5143 18.046 16.7108 17.8009 14.6675 23.0258 12.705 12.2742 11.5967
threshold=-3.2910846471786495 -2.2485940456390376 -0.47795701026916498 -0.60340911149978627 -1.2898900508880613 -2.3862620592117305 -0.74366793036460865 -0.9027770161628722 0.52741241455078136 0.070490352809429183 -0.48590573668479914 -0.69050630927085865 0.059046452865004546 -7.329936981201171 -0.34496977925300593 0.018855429254472259 -2.9415343999862666 -0.14192469418048856 -1.2463482618331907 0.09127048030495645 -0.020219971425831314 0.44529153406620031 -0.58380937576293934 0.081443492323160185 -0.40613719820976252 -7.5673210620880118 -7.8991911411285392 1.3116141557693484 1.0424200892448428 -0.49593810737133021
decision_type=2 2 2 2 2 2 2 2 2 2 2 2 2 2 2 2 2 2 2 2 2 2 2 2 2 2 2 2 2 2
left_child=-1 2 3 -2 5 -3 7 -7 9 -8 -11 -9 18 16 15 -15 17 -14 19 25 27 22 -22 24 -23 26 -6 28 29 -20
right_child=1 4 -4 -5 12 6 8 11 -10 10 -12 -13 13 14 -16 -17 -18 -19 20 -21 21 23 -24 -25 -26 -27 -28 -29 -30 -31
leaf_value=-0.0053905987682179623 0.0021843822759976309 0.0055314548733751169 -0.0032293187106940732 0.011850270346373721 -0.0011711336317231432 -0.0055923468074860509 0.0035380702782593591 -0.00062855067100993356 0.004458345569697506 -0.013061124443519118 -0.004483905721348296 0.0086340330784899621 -0.011480259585094988 0.011048367462843753 0.00047781567064136349 0.00053174561780726284 -0.00049599020406105958 -0.0013144996103047072 -0.0034874044437941871 0.0035488422494724587 0.0049873084108110399 0.0060862288714330082 0.0015115242642722918 -0.0090099160823994776 -0.0036249438983236033 -0.00050664688541923665 -0.012605443354448241 -0.0058925159355001392 0.0042813342718271063 0.00031041419205387108
leaf_weight=934.853321865201 1182.6119751632214 818.33233393728733 556.09447088837624 646.98573891818523 897.95589153468609 813.79308876395226 501.62905652821064 967.01216644048691 556.60153651237488 619.05633400380611 4091.376975685358 791.53273214399815 562.59319221973419 901.68989256024361 12285.251969784498 781.70657505095005 45297.641016334295 736.45697119832039 2344.9824090898037 1302.4235308915377 4745.361379429698 785.99477557837963 17474.363759502769 626.00162144005299 1149.0059389919043 1951.7115578651428 858.13762989640236 896.65375071763992 1640.9503348469734 13715.342253535986
leaf_count=3759 4756 3286 2244 2602 3617 3273 2030 3906 2239 2492 16423 3189 2258 3651 49309 3175 182150 2958 9410 5266 19100 3158 70178 2509 4612 7847 3447 3609 6596 55151
internal_value=6.84276e-05 0.000111223 0.00357412 0.00564829 4.09823e-05 -0.00174372 -0.00246326 0.000658094 -0.00385385 -0.00474835 -0.00563643 0.00356585 0.000191161 -0.000225477 0.00117097 0.00619682 -0.000644261 -0.00577116 0.000712581 -0.00166186 0.000987148 0.00181751 0.00225574 -0.00197862 0.000330732 -0.00349682 -0.00679839 -0.00011965 0.000175935 -0.000245934
internal_weight=121434 120499 2385.69 1829.6 118114 9159.33 8341 2572.34 5768.66 5212.06 4710.43 1758.54 108954 60565.3 13968.6 1683.4 46596.7 1299.05 48388.9 5010.23 43378.7 24780.7 22219.7 2561 1935 3707.81 1756.09 18597.9 17701.3 16060.3
internal_count=488200 484441 9602 7358 474839 36838 33552 10368 23184 20945 18915 7095 438001 243501 56135 6826 187366 5216 194500 20177 174323 99557 89278 10279 7770 14911 7064 74766 71157 64561
is_linear=0
shrinkage=0.05


Tree=111
num_leaves=31
num_cat=0
split_feature=28 30 20 11 9 34 6 15 17 25 40 12 41 30 23 25 40 41 8 30 6 25 9 28 15 25 26 12 21 10
split_gain=10.2657 10.5536 18.0412 14.9237 16.0877 27.1651 13.8372 18.712 15.3389 18.2573 13.4563 11.2446 11.2355 10.7641 14.9247 19.0198 10.2285 10.0222 20.7009 28.0676 20.952 19.8626 28.4834 25.5735 15.3598 14.4202 18.2138 25.0578 14.3734 14.9774
threshold=2.0416173934936528 0.80983525514602672 2.3881183862686162 0.53189855813980114 -1.2196194529533384 -0.53066173195838917 -0.15133745223283765 -7.936924695968627 0.36974570155143743 0.39229749143123632 -0.47331516444683069 -7.5332233905792227 0.6078576147556306 0.65167731046676647 0.76529932022094738 0.18931747972965243 -0.65933954715728749 0.6078576147556306 -0.55646595358848561 0.42262685298919683 0.82936072349548351 0.33508181571960455 0.093721538782119765 -2.064227700233459 -7.8709962368011466 0.31485322117805487 -0.036957854405045502 -7.6951625347137442 0.95626246929168712 0.31934282183647161
decision_type=2 2 2 2 2 2 2 2 2 2 2 2 2 2 2 2 2 2 2 2 2 2 2 2 2 2 2 2 2 2
left_child=1 13 3 4 -3 -6 11 -8 -9 -10 -5 -7 -11 17 15 -15 -13 18 20 25 -1 22 24 -23 -19 26 27 -20 29 -21
right_child=-2 2 -4 10 5 6 7 8 9 12 -12 16 -14 14 -16 -17 -18 21 19 28 -22 23 -24 -25 -26 -27 -28 -29 -30 -31
leaf_value=0.0020887775876685492 -0.0050938047796345821 0.005919677696955874 0.0081383863565853472 0.0090158707199247227 -0.0093740779837374177 0.0086036485251608282 -0.0086304656112597394 0.0054716463810190602 -0.0094245581327878792 -0.0026091258725380192 0.0013523162318661791 -0.0047312561446858428 0.0062958283952766498 0.0021445911681164404 0.0023032696244760418 -0.0065945924409116889 0.0039567257291051976 -0.0064897985557756319 -0.0035799003955791493 0.0086807188055524342 -0.0055411015356741852 0.005385719665778721 -0.013393748239619856 -0.00054199059706534715 -0.0010021337323551551 -0.00017323512170537634 -0.0083372337425430976 0.0035445173324393114 -0.003754566678804817 0.0018756096598679514
leaf_weight=17953.430319458246 979.70760549604893 932.23507697880268 924.86539903283119 920.80578945577145 846.81801956892014 682.31674727797508 758.82794915139675 916.07509055733681 614.09416195750237 927.66514958441257 1500.5787946283817 517.51204004883766 559.44968961179256 837.78814828395844 1153.0996430963278 2368.6194621622562 937.64067612588406 1556.8600308597088 4154.5773922652006 1577.5384811758995 937.76660373806953 2015.8432838916779 579.69011905789375 17855.089297771454 6877.6018059402704 46905.829176038504 1146.2945291250944 1744.8622580617666 511.68609684705734 1662.196002587676
leaf_count=72449 3943 3746 3727 3695 3417 2737 3044 3676 2461 3718 6028 2074 2241 3381 4637 9503 3763 6251 16688 6333 3760 8087 2329 71657 27670 188516 4622 7018 2060 6684
internal_value=-2.22491e-05 1.92736e-05 0.00149226 0.000877076 -0.000201914 -0.00105356 0.000151746 -0.00166697 0.000107032 -0.00224665 0.00429171 0.00335754 0.000760577 -0.000128885 -0.00256069 -0.0043116 0.000855719 -2.81446e-05 0.000271163 -0.000199223 0.0017073 -0.000821633 -0.00276692 6.17634e-05 -0.00202155 -0.000490282 -0.00259774 -0.0014703 0.00397686 0.00520577
internal_weight=121857 120878 11038.9 10114 7692.63 6760.4 5913.58 3776.11 3017.28 2101.21 2421.38 2137.47 1487.11 109839 4359.51 3206.41 1455.15 105479 76594.2 57703 18891.2 28885.1 9014.15 19870.9 8434.46 53951.6 7045.73 5899.44 3751.42 3239.73
internal_count=489915 485972 44327 40600 30877 27131 23714 15140 12096 8420 9723 8574 5959 441645 17521 12884 5837 424124 308130 231921 76209 115994 36250 79744 33921 216844 28328 23706 15077 13017
is_linear=0
shrinkage=0.05


Tree=112
num_leaves=31
num_cat=0
split_feature=3 43 43 6 28 8 9 25 11 17 13 14 16 34 16 29 11 9 14 29 29 17 28 31 10 21 14 15 14 28
split_gain=10.8121 16.2795 14.3531 15.9106 8.09288 8.96975 16.471 18.6121 9.9305 13.7079 11.8828 16.0684 11.9675 13.507 13.193 22.2889 11.4423 31.0941 14.3857 11.125 12.5149 10.44 9.4487 13.597 15.926 12.304 13.5148 14.022 9.08817 24.3685
threshold=-1.7140864133834837 0.5000000149011613 0.16666667163372043 -1.226510167121887 2.0416173934936528 -0.74387815594673146 0.85741436481475841 0.36204501986503607 -0.48442691564559931 0.49802528321743017 -7.4037368297576895 -7.0485777854919425 0.22040956467390063 -0.63137781620025624 -0.19521269202232358 0.30949646234512335 -1.3481037616729734 -1.2726490497589109 -7.7023184299468985 0.063161391764879241 -0.59577953815460194 -0.25978557765483851 1.1857257485389712 0.44776387512683874 -0.34901767969131464 0.87028750777244579 -7.0768001079559317 -7.60906958580017 -6.7701494693756095 -0.1153566502034664
decision_type=2 2 2 2 2 2 2 2 2 2 2 2 2 2 2 2 2 2 2 2 2 2 2 2 2 2 2 2 2 2
left_child=1 2 -1 -4 5 6 7 8 16 10 12 -12 14 -14 15 -10 17 -2 -19 20 -16 -22 28 24 -24 26 27 -26 -7 -30
right_child=4 -3 3 -5 -6 22 -8 -9 9 -11 11 -13 13 -15 19 -17 -18 18 -20 -21 21 -23 23 -25 25 -27 -28 -29 29 -31
leaf_value=0.0046211365883824266 0.012876514771459664 0.00493259294369421 0.002380595708883639 -0.0069632199535872566 -0.005057374004302442 -0.00042155327810671498 0.0081615944216667999 -0.0035338966353248113 -0.0016459648718976786 -0.0034302351619541443 0.0084120492789156575 -0.00018583440700485756 0.0035697475924217252 -0.0068421975281651656 0.0022278174643780256 0.0081096195435978163 -0.0016632042047475455 0.0033551178019435679 -0.007758907157701664 3.3020149127679991e-05 0.0056352565130852478 0.015068958095450705 0.0069465846969505793 0.0071923083700412248 0.002161635936830711 -0.0074269663751024041 0.0071220179274654755 -0.0070030764617012315 -0.0059844243298210822 0.0016608461986307678
leaf_weight=878.59510360658169 538.17039221525192 2545.9914459437132 771.35184021294117 1089.0736740529537 858.13264779746532 85153.467977806926 707.44891612231731 2552.191513672471 2820.4387367963791 1069.1647291481495 1617.0336155444384 815.2816619426012 499.53363245725632 796.2526897341013 857.68717816472054 728.21670883893967 5125.21638032794 650.67744109034538 511.19756889343262 831.35276591777802 638.61956185102463 564.86237041652203 731.23808382451534 920.95557378232479 964.10693302750587 623.38442970812321 559.81043660640717 721.37764471769333 2477.9808135032654 1787.6232994645834
leaf_count=3557 2172 10306 3142 4379 3450 342077 2842 10245 11346 4302 6532 3291 2039 3204 3474 2921 20668 2631 2068 3338 2572 2276 2937 3707 3870 2504 2247 2895 9942 7174
internal_value=-0.000147095 0.0020625 -0.00061356 -0.00309716 -0.000247829 -0.000211586 0.000713983 0.00045458 0.00101975 0.00193274 0.0024994 0.00554119 0.00153722 -0.00283173 0.00241916 0.000373134 -0.000484204 0.00305913 -0.00155927 0.00491936 0.00688054 0.0101507 -0.000421734 0.00180597 0.000411898 -0.00127216 0.000462011 -0.00177898 -0.000534552 -0.00278406
internal_weight=121406 5285.01 2739.02 1860.43 116121 115263 21323.3 20615.9 18063.7 11238.4 10169.3 2432.32 7736.96 1295.79 6441.18 3548.66 6825.26 1700.05 1161.88 2892.52 2061.17 1203.48 93939.9 4520.87 3599.92 2868.68 2245.3 1685.48 89419.1 4265.6
internal_count=488108 21384 11078 7521 466724 463274 85921 83079 72834 45295 40993 9823 31170 5243 25927 14267 27539 6871 4699 11660 8322 4848 377353 18160 14453 11516 9012 6765 359193 17116
is_linear=0
shrinkage=0.05


Tree=113
num_leaves=31
num_cat=0
split_feature=23 15 10 10 28 30 19 40 31 27 4 11 3 10 42 27 6 2 15 10 23 15 16 11 16 40 17 17 23 30
split_gain=17.9238 15.0649 15.4988 13.9114 15.9979 14.599 13.0653 12.6001 15.1735 11.948 11.8497 11.7612 11.5747 10.9388 10.829 10.4713 12.9877 15.0167 14.6006 14.2115 13.931 12.0686 11.4995 13.6819 10.7583 11.4873 13.1753 10.6086 20.342 10.9627
threshold=0.12063453719019891 -6.5559344291687003 0.24160188436508181 -1.7176400423049925 -2.6553457975387569 -0.0096025830134749395 0.019619259983301166 0.94116705656051647 -0.67623817920684803 -0.80011028051376332 -1.0750873684883115 1.4351315498352053 -0.84718918800353993 3.0477052927017216 1.0000000180025095e-35 0.13591077178716662 0.5346643626689912 -0.56353688240051258 -7.6605510711669913 0.69531151652336132 0.79487475752830516 -7.5445599555969229 0.058048510923981674 -2.5237302780151363 0.56236985325813305 -0.92880073189735401 -0.32024271786212916 0.31381309032440191 0.75781178474426281 0.42262685298919683
decision_type=2 2 2 2 2 2 2 2 2 2 2 2 2 2 2 2 2 2 2 2 2 2 2 2 2 2 2 2 2 2
left_child=3 13 -3 -1 -5 6 11 8 -7 10 -10 -6 -11 15 -14 16 18 19 20 -18 24 -21 23 -17 25 26 -2 29 -29 -19
right_child=1 2 -4 4 5 7 -8 -9 9 12 -12 -13 14 -15 -16 22 17 27 -20 21 -22 -23 -24 -25 -26 -27 -28 28 -30 -31
leaf_value=0.0073361627044952861 -0.00099334830949695087 -0.00060201763098639491 0.010190429863281253 -0.0070587724944301631 0.0014291998671084431 -0.0080227193025633921 0.0040400080713047957 -0.0080396853504045539 0.00095925456811088027 -0.0052323378742574729 0.0096974467227305822 -0.0065146695881696179 -0.0018106979988430272 0.0053998761420180549 0.0064191800131969956 0.0059221823324186141 0.006362119694630579 0.00044686688441854754 0.00034252360358696661 0.0049864387360986492 0.0038985384082638416 -0.0055228939363721596 -0.0020854342522587835 -0.00057682442976331053 0.004243000502483431 -0.0018719535422373275 -0.010635311255247481 -0.010832688500317008 0.0013041181529943459 0.0058972980159993083
leaf_weight=950.31060044467449 612.53394281864166 638.82365311682224 681.71851682662964 564.29797896742821 3098.5651356726885 498.38675889372826 5972.6352272778749 513.27298057079315 961.22899435460567 980.48935905098915 643.40368144214153 538.10220149159431 953.68503548204899 810.65246374905109 674.1058823466301 819.52163147926331 2418.0111875534058 7717.607055708766 25663.01599162817 510.26974773406982 1034.2242799401283 565.31502440571785 14796.057325333357 34178.978966981173 626.07328829169273 10946.198971629143 837.77074527740479 563.8537437915802 861.95353938639164 1038.1568236798048
leaf_count=3854 2457 2567 2738 2270 12524 2032 24141 2077 3897 3967 2595 2168 3845 3258 2721 3292 9700 31031 103043 2052 4155 2271 59512 137286 2523 43952 3360 2260 3461 4172
internal_value=-4.33741e-05 -0.000282511 0.0050042 0.00149643 0.0011315 0.00144762 0.0026033 -0.000678892 0.00013836 0.00112053 0.00450134 0.000239138 -0.00096862 -0.000350114 0.00161587 -0.000395805 9.06034e-05 0.00141901 -0.000366998 0.00424255 -0.00166167 -0.00053714 -0.000917296 -0.000422996 -0.0021059 -0.00242971 -0.00659773 0.000446963 -0.00353756 0.00109911
internal_weight=121669 105321 1320.54 16348.5 15398.2 14833.9 9609.3 5224.57 4711.3 4212.91 1604.63 3636.67 2608.28 104000 1627.79 103190 53395 13675.2 39719.8 3493.6 14056.8 1075.58 49794.6 34998.5 13022.6 12396.5 1450.3 10181.6 1425.81 8755.76
internal_count=489181 423090 5305 66091 62237 59967 38833 21134 19057 17025 6492 14692 10533 417785 6566 414527 214437 54947 159490 14023 56447 4323 200090 140578 52292 49769 5817 40924 5721 35203
is_linear=0
shrinkage=0.05


Tree=114
num_leaves=31
num_cat=0
split_feature=28 24 24 15 39 15 30 39 24 40 35 39 22 28 40 5 15 22 15 15 39 24 30 28 11 35 24 14 35 6
split_gain=11.5304 8.57918 14.0042 12.1247 16.7505 15.481 11.1172 9.72306 13.5167 9.56846 29.1919 27.7826 18.9643 15.4638 16.3089 12.0776 9.83752 9.73121 22.8595 17.5323 13.2173 13.107 12.3398 9.90106 14.2624 23.4133 35.106 18.6955 14.0938 12.7908
threshold=-3.4046696424484248 4.046278953552247 3.5740425586700444 -6.7399990558624259 0.23768363147974017 -6.6516153812408438 -0.76487842202186573 -0.21217565238475797 1.6322573423385622 0.9896419644355775 -0.023603870533406731 -0.056692248210310929 1.2805051207542422 0.10317427292466165 0.99883887171745311 0.11425822228193284 -7.585577964782714 2.1574647426605229 -7.5048217773437491 -7.9653546810150138 -0.26302871108055109 1.3791129589080813 1.6873221993446352 -1.752143323421478 1.4951818585395815 0.11879884079098703 1.4518697857856753 -8.8697161674499494 0.41189157962799078 0.61044147610664379
decision_type=2 2 2 2 2 2 2 2 2 2 2 2 2 2 2 2 2 2 2 2 2 2 2 2 2 2 2 2 2 2
left_child=-1 2 3 9 7 -6 -7 8 -5 17 13 -12 -13 14 16 -14 -11 22 19 20 -19 -20 23 24 27 26 -26 -2 -27 -25
right_child=1 -3 -4 4 5 6 -8 -9 -10 10 11 12 15 -15 -16 -17 -18 18 21 -21 -22 -23 -24 29 25 28 -28 -29 -30 -31
leaf_value=-0.005689168876688324 -0.0081301642766320476 0.0044942698665441988 -0.0062224664374436016 -0.0023058721705883091 0.012594116317808803 -0.001871062774947734 0.0080164015949485013 -0.0055923422360998438 0.0061765338265671365 0.0098716309471216322 0.0058597152140369372 -0.010640520316179318 0.0049480060189879852 -0.0014433374936962187 0.014551263638560361 -0.0053124598865257533 0.00077315066400784384 0.0016429729683923645 -0.01141401578184071 0.0025806071175959837 -0.0082989797145849222 -0.0035863355170366522 0.0066919965841820313 -0.00089508822567112246 0.012445526477490811 -0.010924146777931097 -0.0051869551618140691 0.0016225257962304293 -0.0010708093456357961 0.00053652466444199093
leaf_weight=954.08279775083065 497.81236338615417 955.85997292399406 959.36231599748135 1011.9067323058844 604.20947042107582 610.37784186005592 517.28674557805061 615.34741134941578 860.26605792343616 503.78349173069 850.39708951115608 823.64727948606014 510.75952264666557 554.77883033454418 626.25949747860432 628.63460564613342 708.84510965645313 558.50234326720238 654.36806029081345 2886.5772638320923 812.35098303854465 2845.7115114331245 625.32285948097706 61597.580459401011 503.29490256309509 853.80390627682209 618.45346853137016 15362.06103207171 629.95657441020012 20885.940548196435
leaf_count=3830 1999 3841 3853 4069 2433 2456 2084 2480 3460 2027 3428 3324 2058 2240 2520 2548 2855 2261 2643 11652 3275 11501 2510 247530 2018 3431 2480 61667 2535 84011
internal_value=-0.000242757 -0.000199228 -0.000237075 -0.000188203 0.00244084 0.00620114 0.00269515 -0.000191516 0.00160391 -0.000285257 0.00180677 -0.00164507 -0.0049094 0.00585392 0.00805135 -0.000709939 0.00460292 -0.000385049 -0.00209081 0.000371251 -0.00426594 -0.00507813 -0.000254583 -0.000298272 0.000748014 -0.00267372 0.00276428 0.00131148 -0.00677591 -0.000532563
internal_weight=121628 120673 119718 118758 4219.39 1731.87 1127.66 2487.52 1872.17 114539 5207.11 2813.44 1963.04 2393.67 1838.89 1139.39 1212.63 109332 7757.51 4257.43 1370.85 3500.08 101574 100949 18465.4 2605.51 1121.75 15859.9 1483.76 82483.5
internal_count=489019 485189 481348 477495 16982 6973 4540 10009 7529 460513 21000 11358 7930 9642 7402 4606 4882 439513 31332 17188 5536 14144 408181 405671 74130 10464 4498 63666 5966 331541
is_linear=0
shrinkage=0.05


Tree=115
num_leaves=31
num_cat=0
split_feature=20 5 40 10 17 17 30 40 35 6 17 40 14 9 30 15 15 35 21 17 30 17 11 6 7 16 12 13 21 11
split_gain=12.0205 10.0974 14.637 16.1749 16.1212 20.3435 29.2466 15.1848 14.7788 14.1481 13.2817 17.0617 17.7698 27.4244 25.3691 13.8548 20.1956 25.9665 13.4374 14.0464 15.1426 12.8062 12.6463 12.4649 11.6906 11.0846 10.9799 11.8673 10.7975 10.6697
threshold=0.37339629232883459 -0.014488719403743742 0.9496901035308839 1.4965571165084841 0.19644515216350558 -0.10998127609491347 -0.20024266093969342 0.96477812528610241 -0.19539407640695569 0.84301412105560314 0.2877159863710404 -0.74605026841163624 -6.7701494693756095 -0.74366793036460865 0.84898895025253307 -6.7399990558624259 -6.9596011638641349 -0.33263431489467615 0.52282133698463451 0.66920515894889843 0.65167731046676647 0.64430248737335216 0.62861862778663646 -0.48242869973182673 -0.01238517230376601 0.026462873443961147 -7.3366804122924796 -6.7824859619140616 0.28370818495750433 0.26353283226490026
decision_type=2 2 2 2 2 2 2 2 2 2 2 2 2 2 2 2 2 2 2 2 2 2 2 2 2 2 2 2 2 2
left_child=-1 2 9 4 5 7 -7 -4 -9 10 15 -12 13 14 -13 16 -2 -18 19 20 23 -3 -19 -15 -10 -22 -23 -28 -11 -17
right_child=1 21 3 -5 -6 6 -8 8 24 28 11 12 -14 18 -16 29 17 22 -20 -21 25 26 -24 -25 -26 -27 27 -29 -30 -31
leaf_value=0.0076070854570315857 0.00022394807484933446 -0.00039527435058128182 -0.009487289397999395 -0.010353850999692243 -0.0068264750582590836 0.014689521791127348 -0.0016924358140272531 0.0039367870618826854 -0.0066241421367573758 0.008411432985033657 -0.0019025902575282713 0.005407349515244176 -0.0029266007501690329 0.016710232288877726 -0.0072164837613680703 0.0079521254088360648 -0.01252324734695205 0.0023955570135548178 0.00041135712008401971 0.015681609106574956 0.0080566451664313612 -0.0095984163634084997 -0.0065929492247454096 0.0060167763426688444 0.001426923697324221 -0.0017325404276180756 0.0035564846069780103 -0.0049907026334557736 0.0013557650179978234 -0.00037747917993399572
leaf_weight=499.0142333060503 39706.200123086572 59170.279959097505 525.57363219559193 512.38874436914921 1015.514251306653 507.82659493386745 571.07019113004208 1200.8738691657782 1042.1542525738478 987.60263457894325 1769.7787159532309 822.80148394405842 859.14629442989826 513.97992661595345 752.3373676687479 968.96313460171223 701.604293435812 1006.7910261005163 583.26960897445679 577.80537790060043 531.58519479632378 651.26143614947796 626.50771354138851 605.64248964190483 783.77442483603954 614.33967544138432 613.21678425371647 1160.4320202171803 1198.1121215224266 631.63262860476971
leaf_count=2003 159722 237776 2116 2064 4091 2046 2304 4861 4188 3960 7115 3323 3459 2073 3032 3911 2836 4041 2340 2322 2133 2612 2517 2429 3153 2471 2459 4651 4811 2547
internal_value=-6.04673e-05 -9.26584e-05 0.000371173 -0.001935 -0.00115412 0.000101707 0.00608249 -0.0017267 -0.000352348 0.000637191 0.000468781 0.00239186 0.00368966 0.0048297 -0.00062969 0.000132062 -4.22798e-05 -0.00455127 0.00733379 0.0087474 0.00691775 -0.000541583 -0.00107143 0.0110302 -0.0031793 0.002839 -0.00409538 -0.00203225 0.00456762 0.00468313
internal_weight=121711 121212 59617.3 6159.18 5646.79 4631.27 1078.9 3552.38 3026.8 53458.1 51272.4 7630.69 5860.91 5001.76 1575.14 43641.7 42041.1 2334.9 3426.62 2843.35 2265.55 61595.2 1633.3 1119.62 1825.93 1145.92 2424.91 1773.65 2185.71 1600.6
internal_count=489366 487363 239865 24823 22759 18668 4350 14318 12202 215042 206271 30697 23582 20123 6355 175574 169116 9394 13768 11428 9106 247498 6558 4502 7341 4604 9722 7110 8771 6458
is_linear=0
shrinkage=0.05


Tree=116
num_leaves=31
num_cat=0
split_feature=34 15 28 25 2 9 30 37 26 37 19 40 19 22 0 22 40 16 17 30 2 26 18 15 15 25 13 19 28 12
split_gain=11.2673 11.315 24.1353 16.7204 11.2833 11.2591 16.4683 9.88317 12.3883 12.6147 14.834 9.62678 9.53128 9.07848 11.3841 8.55061 11.0099 8.6652 9.52725 11.3407 20.3458 9.36928 8.28652 12.9543 10.9805 20.6152 11.1241 8.94029 15.3451 12.4038
threshold=0.73789235949516307 -8.4943103790283185 0.13260672986507419 0.39613319933414465 2.3660991191864018 2.1979465484619145 -0.41016542911529535 -0.47757929563522333 -0.98875212669372547 -0.51700615882873524 0.019619259983301166 -0.45786954462528223 0.43871617317199713 1.3066227436065676 -0.98626691102981556 1.8111032843589785 0.38670727610588079 0.60412123799324047 0.35058137774467474 0.52185052633285534 0.39960792660713201 -0.31750090420246119 0.45510673522949224 -7.4795649051666251 -7.9653546810150138 0.40404780209064489 -8.4484024047851545 0.14287147670984271 -2.4548716545104976 -8.5508556365966779
decision_type=2 2 2 2 2 2 2 2 2 2 2 2 2 2 2 2 2 2 2 2 2 2 2 2 2 2 2 2 2 2
left_child=1 2 3 -1 15 7 -7 8 13 10 -10 -12 -4 -3 -15 16 -2 18 19 20 -17 -22 23 24 25 -9 -27 28 -24 -30
right_child=4 5 12 -5 -6 6 -8 22 9 -11 11 -13 -14 14 -16 17 -18 -19 -20 -21 21 -23 27 -25 -26 26 -28 -29 29 -31
leaf_value=-0.0053967024948868422 -0.003022670636520888 -0.0022592708074955143 0.0038999065131075229 0.0031382395192138183 0.0035404567780406046 0.011263124935274442 -0.0001826311908367737 0.0074608107417244779 -0.0053175488400109341 -0.0085964409867314781 0.0050778258502334707 -0.0019603735644917113 0.013477735635507807 -0.0039787811290828137 0.0041909900692385623 0.0049022168659556206 -0.012002714514534574 -0.0077641853332333574 0.0046639489079213321 -0.0085254747429525136 -0.0099192770411435458 -0.0010796538057622769 -0.0041167766921810624 -0.0018813416781439316 0.0052356835183211287 0.0010027312847117179 -0.0092380996965639745 -0.00041939034552169048 -0.0026169847859710614 0.0015938001733472229
leaf_weight=897.26781235635281 961.54580833017826 2043.3604753166437 501.39692580699921 1551.395782828331 728.96645627915859 520.13273246586323 771.02771377563477 584.61343823373318 1953.1804248690605 957.48870402574539 784.80512821674347 1240.650800794363 555.4055223017931 548.16430912911892 1810.3603806942701 960.42567102611065 527.75654965639114 517.98042395710945 622.87213517725468 545.16681605577469 505.38657334446907 723.20269280672073 1480.8555842190981 1737.8783314824104 2615.0164352655411 521.6353966742754 525.67176228761673 75273.266074866056 1943.7080500870943 16743.625245794654
leaf_count=3610 3893 8202 2022 6230 2952 2089 3097 2350 7877 3858 3167 5008 2234 2206 7275 3894 2147 2089 2503 2200 2055 2933 5946 6976 10501 2096 2111 302436 7818 67364
internal_value=-0.000167704 -5.71194e-05 0.00273607 1.53721e-06 -0.00226144 -0.000144736 0.00447932 -0.000199037 -0.0017547 -0.00347183 -0.0022201 0.000778272 0.00901271 0.000174348 0.0022834 -0.00305499 -0.00626371 -0.00180882 -0.000869605 -0.0021426 -0.000521429 -0.00476661 -5.56536e-05 0.00174754 0.00323344 1.2666e-05 -0.00417618 -0.000168897 0.000765757 0.00115466
internal_weight=121654 115561 3505.47 2448.66 6093.3 112055 1291.16 110764 9338.01 4936.13 3978.64 2025.46 1056.8 4401.89 2358.52 5364.34 1489.3 3875.03 3357.05 2734.18 2189.01 1228.59 101426 5984.82 4246.94 1631.92 1047.31 95441.5 20168.2 18687.3
internal_count=489139 464473 14096 9840 24666 450377 5186 445191 37593 19910 16052 8175 4256 17683 9481 21714 6040 15674 13585 11082 8882 4988 407598 24034 17058 6557 4207 383564 81128 75182
is_linear=0
shrinkage=0.05


Tree=117
num_leaves=31
num_cat=0
split_feature=0 37 13 21 20 22 15 20 23 28 39 22 39 40 2 6 40 16 34 5 2 39 39 18 5 37 16 5 40 28
split_gain=10.5763 8.47985 7.38513 16.4242 16.3388 18.1965 15.6353 10.3249 10.2553 14.9383 12.3784 17.9227 12.2463 11.9196 11.7146 9.25995 9.15412 8.89789 9.31745 8.74151 14.8956 15.6888 11.6656 11.1135 10.9528 10.0409 9.92428 15.7384 15.2444 16.5822
threshold=-2.975133895874023 0.67588019371032726 -8.8465027809143049 0.044757975265383727 1.469761908054352 1.5015610456466677 -8.4943103790283185 0.84720546007156383 0.94235858321189891 -1.8060933351516721 0.58424410223960888 1.5382450819015505 0.38670727610588079 -0.12619776278734204 0.7183230221271516 0.73771226406097423 0.3542876690626145 -0.40025086700916285 0.70427688956260692 0.9939524531364442 -0.60984510183334339 0.013089470565319063 0.37055389583110815 2.0223367214202885 1.5576729178428652 0.19632034748792651 -0.21836475282907483 0.3937553763389588 0.9496901035308839 -0.37323679029941553
decision_type=2 2 2 2 2 2 2 2 2 2 2 2 2 2 2 2 2 2 2 2 2 2 2 2 2 2 2 2 2 2
left_child=-1 2 3 -2 5 7 -6 -5 19 16 12 -12 14 -13 -11 -16 -10 -17 -19 23 -21 24 -23 26 -22 -24 -4 28 -28 -30
right_child=1 -3 8 4 6 -7 -8 -9 9 10 11 13 -14 -15 15 17 -18 18 -20 20 21 22 25 -25 -26 -27 27 -29 29 -31
leaf_value=0.0055064074100749164 -0.0082801376254523964 0.0027081546008536372 -0.00036866836260101844 0.0051833964145053717 0.01059528897881588 -0.0088143604407185851 -0.00065656871374081358 -0.0029229557642842276 -0.010318626747833253 -0.0040187077211327419 0.0069828992619234316 0.0034714094429195343 -0.0092334605225335206 -0.0065320671978325575 0.0065257654188113565 0.005310172282440519 -0.0016058882319546662 -0.0055147390595069049 0.001472316781601517 0.0062124481422700176 0.000359527528224422 0.0075576019027733705 -0.0012533711936254356 -0.0016983495219264442 -0.0049824106916235497 0.0043179047051629289 0.0015182819982735749 -0.0011227684055932555 0.001083298968512797 -0.0058819323613917545
leaf_weight=878.62945750355721 838.56054091453552 2878.3169398754835 39930.55368706584 624.11982183158398 520.83017291128635 848.70719841122627 735.3600101172924 1022.2069892287254 708.93560004234314 2188.0561380088329 1081.7270176112652 547.25512313842773 521.19054013490677 631.1779011785984 560.29150451719761 499.36685545742512 526.55151461064816 973.7772186845541 920.00513842701912 1470.2062271237373 3173.0944500118494 1035.5544604808092 1647.4401444941759 8404.4761777818203 1364.7567875832319 1572.0257122665644 32654.120070889592 9288.9143866747618 1944.6749959588051 1510.6992643475533
leaf_count=3569 3376 11575 160313 2507 2095 3411 2960 4104 2853 8829 4352 2211 2104 2553 2256 2014 2122 3924 3735 5909 12745 4166 6623 33908 5493 6316 131294 37296 7831 6092
internal_value=7.16213e-05 3.15807e-05 -3.40737e-05 -0.00199801 -0.000575408 -0.0029138 0.00405541 0.00016289 4.57571e-05 -0.00155733 -0.000756098 0.00236532 -0.00200393 -0.00189641 -0.00125458 0.000799882 -0.00664806 -0.000562257 -0.0021305 0.000187067 0.00157169 0.000789554 0.00296729 3.53105e-05 -0.00125448 0.00147196 0.000206246 0.000711887 0.00118402 -0.00197011
internal_weight=121502 120623 117745 4589.78 3751.22 2495.03 1256.19 1646.33 113155 9158.33 7922.85 2260.16 5662.69 1178.43 5141.5 2953.44 1235.49 2393.15 1893.78 103997 10263.1 8792.87 4255.02 93733.4 4537.85 3219.47 85329 45398.4 36109.5 3455.37
internal_count=488536 484967 473392 18453 15077 10022 5055 6611 454939 36953 31978 9116 22862 4764 20758 11929 4975 9673 7659 417986 41252 35343 17105 376734 18238 12939 342826 182513 145217 13923
is_linear=0
shrinkage=0.05


Tree=118
num_leaves=31
num_cat=0
split_feature=27 29 28 22 40 41 29 31 28 24 10 15 40 20 24 23 10 41 2 15 31 15 15 14 10 30 22 11 41 11
split_gain=15.2811 9.54726 7.5827 9.71359 8.03281 8.83919 7.75437 7.299 6.75643 7.04027 6.18877 19.2559 28.9617 18.6627 20.7254 13.9229 11.6746 16.1297 14.9334 12.2233 12.025 11.3727 18.8166 19.5831 22.091 15.3906 15.489 12.9376 15.6896 12.4339
threshold=0.98481613397598278 -0.98298320174217213 -0.12919647246599195 1.6012593507766726 0.15212193876504901 -1.0000000180025095e-35 0.37337523698806768 0.84280800819396984 0.1473176181316376 1.831393361091614 2.0588840246200566 -7.5894742012023917 0.88900867104530346 1.2052426338195803 2.0660866498947148 0.56761294603347789 1.3738582730293276 0.87837970256805431 -0.1537419259548187 -7.647761106491088 -0.32965710759162897 -6.7399990558624259 -6.971245050430297 -6.9497375488281241 0.13973986357450488 0.52185052633285534 1.8421036005020144 -1.2898900508880613 -0.60785761475563038 -2.2485940456390376
decision_type=2 2 2 2 2 2 2 2 2 2 2 2 2 2 2 2 2 2 2 2 2 2 2 2 2 2 2 2 2 2
left_child=1 -1 3 4 6 -6 -2 10 -4 -10 16 15 13 -13 -15 -12 21 18 19 -18 -20 22 29 27 -25 26 -23 -24 -29 -3
right_child=2 7 8 -5 5 -7 -8 -9 9 -11 11 12 -14 14 -16 -17 17 -19 20 -21 -22 25 23 24 -26 -27 -28 28 -30 -31
leaf_value=0.0067521805836983284 0.0010936851036543829 0.0033452954997007394 0.0095823245278170936 -0.0031026534288607962 -0.0047701776556336867 0.0032753598846629798 0.0083564834327505312 0.0046544408372134281 0.0048625011357380926 -0.0018020432796181038 -0.0094849726950639035 0.012463382709553883 -0.0064675012282425131 0.0096821593417280669 -0.0034099064984223779 0.0018620701942549693 -0.01142766566893237 0.0036935057133931216 0.0059624934386405754 -0.0037562259982950141 -0.0023839501004849603 0.0023931215398974616 -0.012927784544768473 -0.0027760571674345425 0.0074197607164123713 -0.0051615964746215878 0.011882455200941035 -0.0093074023127391083 -0.0012620323328944552 -0.00013874742786316061
leaf_weight=494.7943701595068 680.67578282952309 2624.4784024357796 510.9388590157032 1051.1861707121134 599.56116288900375 766.01220625638962 797.68440762162209 778.63314054906368 1554.7788805812597 524.72217117249966 524.57491615414619 851.83690237998962 500.85280181467533 562.27393478155136 632.77439160645008 541.37408427894115 775.55603957176208 961.54162602126598 499.05687941610813 1581.9553924351931 2831.6729889065027 2629.0756842344999 504.349360704422 1772.2338497042656 746.89670769870281 533.54056937992573 506.20910342037678 947.92288111150265 1659.764667570591 91591.176946073771
leaf_count=2004 2731 10562 2056 4236 2411 3076 3204 3136 6253 2112 2106 3419 2017 2260 2545 2180 3119 3864 2006 6357 11401 10575 2028 7120 2999 2147 2049 3819 6671 368222
internal_value=2.4197e-05 -0.000109003 0.00238367 0.000984936 0.00250139 -0.000266068 0.00504232 -0.000139224 0.00447499 0.00318026 -0.000172435 0.00186075 0.00421721 0.00685038 0.00277918 -0.00375829 -0.000239291 -0.00226848 -0.00328101 -0.00631753 -0.00111926 -0.000108731 -0.000209303 -0.00301428 0.000264284 0.00262147 0.00395813 -0.00566056 -0.004211 -4.13509e-05
internal_weight=121538 115053 6485.56 3895.12 2843.93 1365.57 1478.36 114558 2590.44 2079.5 113779 3613.69 2547.74 2046.89 1195.05 1065.95 110165 6649.78 5688.24 2357.51 3330.73 103516 99846.8 5631.17 2519.13 3668.83 3135.28 3112.04 2607.69 94215.7
internal_count=488685 462606 26079 15658 11422 5487 5935 460602 10421 8365 457466 14527 10241 8224 4805 4286 442939 26747 22883 9476 13407 416192 401421 22637 10119 14771 12624 12518 10490 378784
is_linear=0
shrinkage=0.05


Tree=119
num_leaves=31
num_cat=0
split_feature=11 11 28 29 40 13 36 9 8 34 28 15 10 22 11 22 11 5 32 10 30 8 30 30 40 31 2 6 9 25
split_gain=10.0987 8.33218 15.7487 11.0622 11.9453 5.97678 6.20198 8.57663 15.092 12.3432 10.979 9.62081 10.9062 9.93 8.95195 11.5957 11.2141 13.0448 9.72624 9.67867 9.58218 8.88616 8.32119 12.7051 11.1318 15.2674 8.50094 8.2164 7.93252 7.76539
threshold=-3.2910846471786495 -2.2485940456390376 -0.45262381434440607 -0.38162441551685328 -0.36243458092212671 -6.2304410934448233 0.94953739643096935 0.64840158820152294 -0.30433541536331171 -0.37527312338352198 -0.95299303531646717 -8.1678500175476056 0.75864329934120189 1.7559431791305544 -0.24762234091758725 1.6425682306289675 0.5559058189392091 0.74586775898933422 0.40033814311027532 0.45090383291244512 -0.20024266093969342 0.51625269651412975 0.067450109869241728 -0.20939925312995908 -0.74605026841163624 0.28476472198963171 0.41923606395721441 0.04975565895438195 1.033416271209717 0.94267940521240245
decision_type=2 2 2 2 2 2 2 2 2 2 2 2 2 2 2 2 2 2 2 2 2 2 2 2 2 2 2 2 2 2
left_child=-1 2 3 -2 -5 6 29 9 -9 10 -8 -10 27 28 22 16 19 -18 20 21 -17 -16 23 24 -11 26 -26 -13 -14 -3
right_child=1 5 -4 4 -6 -7 7 8 11 14 -12 12 13 -15 15 18 17 -19 -20 -21 -22 -23 -24 -25 25 -27 -28 -29 -30 -31
leaf_value=-0.0051879811637617441 0.011327907535094224 -0.00019877462972133864 -0.0045754138010501684 -0.003045841517433773 0.0064161683259150067 0.0038079292999134138 0.0084640333483871726 0.010163901623243422 0.0072402672269849064 -0.0045192201878471753 0.0011562810822376873 0.0073852596938816257 -0.0048360248008587868 -0.0073769388527826262 -0.0025509535060564245 -0.0071425443038679792 -0.0003926314204697088 0.0069017664606885291 -0.0099943097202386671 -0.0074211981917949648 0.0021841927568147243 0.0047046073176339638 -0.0023464691588003803 0.0088642122316469792 -0.0034202449845842694 0.0093419250309071892 0.0035427788738804401 0.0009831498000439521 0.0025068972039654011 -0.0022398563534388669
leaf_weight=949.99592956900597 499.59807400405407 90797.600981235504 543.51867650449276 544.9909340441227 831.00023470818996 960.87256948649883 708.63602912425995 541.36069083213806 620.64416401088238 696.00863170623779 1818.8746455162764 737.15816640853882 531.0256954729557 582.41766029596329 2132.138672888279 515.89725691080093 2295.9950826317072 825.63138768076897 649.68552236258984 785.15703682601452 570.71497152745724 515.90024828910828 1281.5492244660854 607.33068254590034 827.43646527826786 614.59835457801819 909.82913286983967 1533.6599241346121 1138.785670503974 4902.2812903821468
leaf_count=3820 2018 364959 2193 2189 3340 3861 2860 2173 2496 2792 7359 2957 2136 2352 8547 2071 9208 3317 2616 3150 2290 2070 5141 2438 3322 2468 3651 6184 4582 19850
internal_value=-8.00512e-05 -3.9361e-05 0.00285936 0.00502669 0.0026736 -9.89736e-05 -0.000131343 0.000637104 0.00230004 3.59834e-05 0.00323043 0.00145427 0.000646111 -0.00181536 -0.000576374 -0.00157935 -0.000613792 0.00155252 -0.00520012 -0.0025823 -0.00226867 -0.00112502 0.00110788 0.00232211 0.000993781 0.00263752 0.000225789 0.00308469 0.000156847 -0.000303553
internal_weight=121470 120520 2419.11 1875.59 1375.99 118101 117140 21440.4 5685.05 15755.4 2527.51 5143.69 4523.05 2252.23 13227.9 8291.12 6554.82 3121.63 1736.3 3433.2 1086.61 2648.04 4936.75 3655.2 3047.87 2351.86 1737.27 2270.82 1669.81 95699.9
internal_count=488410 484590 9740 7547 5529 474850 470989 86180 22880 63300 10219 20707 18211 9070 53081 33269 26292 12525 6977 13767 4361 10617 19812 14671 12233 9441 6973 9141 6718 384809
is_linear=0
shrinkage=0.05


Tree=120
num_leaves=31
num_cat=0
split_feature=3 23 4 43 43 43 37 5 37 1 22 6 9 34 17 39 13 7 22 39 22 41 39 39 39 14 20 22 39 9
split_gain=7.93338 8.45742 7.62252 25.7259 22.121 17.5518 12.7758 12.6295 11.3927 12.2389 11.5606 10.1448 10.1029 22.1084 20.072 12.9854 10.5495 10.1373 10.0732 9.56359 15.9382 17.5368 15.2943 20.4603 13.0689 17.0767 17.3948 12.3425 12.2923 19.7082
threshold=-2.1843360662460323 1.0000000180025095e-35 -1.1752699613571165 1.0000000180025095e-35 0.83333334326744091 0.30000001192092901 -0.014543592464178799 -1.5704268813133238 -0.54998856782913197 -0.21501487493515012 1.2693361043930056 -0.61336052417755116 -0.66135242581367482 0.12729713320732119 -0.34211437404155726 0.37055389583110815 -8.7821340560913068 0.68783637881279003 0.87687703967094432 -0.047977671027183526 1.3179713487625124 0.6078576147556306 -0.32968752086162562 -0.22919820994138715 -0.73431551456451405 -7.1888680458068839 1.0644442439079287 1.1225147247314455 0.40274286270141607 -0.95161053538322438
decision_type=2 2 2 2 2 2 2 2 2 2 2 2 2 2 2 2 2 2 2 2 2 2 2 2 2 2 2 2 2 2
left_child=1 -1 3 -2 5 6 -5 -4 -7 10 -10 -6 13 16 15 -15 -9 -16 -18 22 21 -21 24 -24 -20 26 -26 -23 29 -22
right_child=2 -3 7 4 11 8 -8 12 9 -11 -12 -13 -14 14 17 -17 18 -19 19 20 28 27 23 -25 25 -27 -28 -29 -30 -31
leaf_value=-0.0025544616310090428 0.008148158644548275 0.0045405074541642106 0.0048350204435923588 -0.0013079444184923824 0.0068415330100663396 -0.0096413923562376075 0.0069563408878128459 -0.0040766201666352217 -0.0062903367728902211 -0.0065691706023898767 0.00048744485657605939 -0.0017341165679964823 -0.00011599876782022927 0.0074773595602758737 -0.0022210896176856278 -0.0031630381792621927 -0.0036619151691577585 -0.010936247132183939 0.00038614925723521329 0.003292321978179317 0.014054164376087292 0.0014165449825447709 -0.011785309035503878 0.00072079139504322787 0.0093845476158243325 0.011267682621962241 -0.0018201401693542932 -0.0080631682246748576 0.0035991615894107945 0.0019470740952015305
leaf_weight=533.73971025645733 678.4710039794445 1870.0708441585302 1434.8516489714384 2158.5954888164997 951.85099540650845 865.08983491361141 586.27209350466728 756.93488650023937 873.31933191418648 1904.7162628769875 2181.9765153229237 532.32118467986584 85317.579049363732 508.3518467694521 576.44384725391865 632.8267752379179 767.79732373356819 803.06318891048431 4703.0486363768578 2519.0134181380272 809.85715800523758 629.96305982768536 503.01975303888321 899.24421083927155 513.90299132466316 726.44266453385353 1014.9967100173235 738.00399950146675 3982.1371271461248 575.90003161132336
leaf_count=2172 2743 7590 5806 8711 3857 3484 2367 3045 3512 7684 8820 2137 342778 2040 2310 2538 3082 3221 18914 10120 3264 2525 2023 3619 2069 2927 4093 2959 16015 2319
internal_value=0.000123219 0.00296109 6.57207e-05 -0.00120471 -0.00184333 -0.00281955 0.000476055 0.000191589 -0.00437063 -0.0034338 -0.0014641 0.00377472 0.000128863 0.00109293 -0.00330021 0.00160064 0.00167291 -0.00733671 0.00191173 0.0021566 0.0032632 0.000821554 0.00092922 -0.00381708 0.0018898 0.00500982 0.00198256 -0.00371906 0.00502642 0.00907264
internal_weight=121550 2403.81 119146 10732.6 10054.1 8569.97 2744.87 108413 5825.1 4960.01 3055.3 1484.17 106979 21660.9 2520.69 1141.18 19140.3 1379.51 18383.3 17615.5 9254.87 3886.98 8360.65 1402.26 6958.39 2255.34 1528.9 1367.97 5367.89 1385.76
internal_count=488744 9762 478982 43315 40572 34578 11078 435667 23500 20016 12332 5994 429861 87083 10109 4578 76974 5531 73929 70847 37202 15604 33645 5642 28003 9089 6162 5484 21598 5583
is_linear=0
shrinkage=0.05


Tree=121
num_leaves=31
num_cat=0
split_feature=11 15 15 8 23 24 3 21 28 39 36 11 11 1 7 5 11 19 7 8 8 24 13 39 19 29 24 17 39 11
split_gain=7.95168 7.00961 17.4118 19.9197 16.5567 23.5063 13.0775 10.9128 10.5067 9.86866 9.14599 11.8201 16.7774 10.2881 9.91972 14.5182 19.5556 12.6576 11.3477 9.42354 11.8493 13.5258 11.3824 11.0007 11.6931 8.70706 8.65577 16.2686 10.9248 17.8373
threshold=-3.2910846471786495 -7.6561462879180899 -7.6134173870086661 1.0376448035240176 0.3020798265933991 1.1906912922859194 -0.33104203641414637 0.27162393927574163 -1.0668061375617979 -0.99883887171745289 -0.97217381000518788 2.1770412921905522 1.7066750526428225 -0.24162571132183072 0.14093946665525439 0.25071564316749578 -0.71372732520103443 0.30669048428535467 -0.01238517230376601 -0.68659415841102589 1.0537664294242861 1.3791129589080813 -8.5227842330932599 -0.14349126070737836 0.66298702359199535 -0.29694725573062891 2.3614759445190434 -0.38176648318767542 -0.047977671027183526 -0.61955019831657399
decision_type=2 2 2 2 2 2 2 2 2 2 2 2 2 2 2 2 2 2 2 2 2 2 2 2 2 2 2 2 2 2
left_child=-1 10 3 4 7 -6 -7 -3 -8 -4 13 12 14 -2 15 26 -17 -18 25 -16 -21 -22 -23 -24 -25 -19 28 -28 29 -12
right_child=1 2 9 -5 5 6 8 -9 -10 -11 11 -13 -14 -15 19 16 17 18 -20 20 21 22 23 24 -26 -27 27 -29 -30 -31
leaf_value=-0.0045062612009666081 -0.00060433910730537321 0.0028833707390207501 0.004870518487608784 0.011256505010998336 0.0073284866768790966 -0.0099028505435591416 0.0039584562668866811 0.012166477958544355 -0.0045837092342657657 0.00010802704385569567 -0.0043847334466997987 0.0059195706176135747 -0.0073511244633625451 -0.0042350371413155986 -0.0044099298616589386 0.0040363457991863761 -0.010137702421214489 -0.010211175212003792 0.0029326805347715222 0.0020620307246387161 -0.007342869681904212 -0.0051058536491741403 -0.0017646268364687743 0.010564062708024343 0.00083337866589358828 -0.0031257836023296489 0.010566359090137029 -0.00087152680123950797 -0.0018556368168154197 0.0024520510613079641
leaf_weight=940.49925394356251 5531.4603591114283 827.16094535589218 1094.680530205369 667.8078128695488 724.58922362327576 516.02755217254162 654.06700959801674 511.79596307873726 776.38780352473259 71032.877701863647 1171.5214910209179 796.50545240938663 791.99654242396355 3007.9795652776957 777.55089156329632 812.3256461918354 774.549102216959 522.45527149736881 633.03616838157177 10601.173420712352 714.79320265352726 736.64527304470539 1049.30378434062 546.82498759031296 697.1477592587471 2441.5752484351397 530.34002165496349 728.82961267232895 6037.8125690221786 4952.5781417936087
leaf_count=3782 22251 3337 4400 2694 2907 2070 2625 2057 3116 285634 4735 3203 3186 12099 3119 3259 3107 2095 2539 42570 2889 2966 4233 2200 2813 9789 2135 2931 24276 19952
internal_value=4.90764e-05 8.49535e-05 0.000372911 0.00332571 0.00198024 -0.000298999 -0.00316132 0.00649559 -0.000677489 0.000180973 -0.000419314 -6.40764e-05 -0.000203814 -0.00188669 -3.38549e-05 -0.000806757 -0.00305136 -0.00437459 -0.00310897 0.000916882 0.00120847 -0.001207 0.000259914 0.00199819 0.00516092 -0.00440483 6.18574e-05 0.00399121 -0.000347908 0.00113918
internal_weight=121602 120662 76805.4 4677.84 4010.03 2671.07 1946.48 1338.96 1430.45 72127.6 43856.4 35317 34520.5 8539.44 33728.5 18605 5183.94 4371.62 3597.07 15123.4 14345.9 3744.72 3029.92 2293.28 1243.97 2964.03 13421.1 1259.17 12161.9 6124.1
internal_count=488969 485187 308840 18806 16112 10718 7811 5394 5741 290034 176347 141997 138794 34350 135608 74818 20789 17530 14423 60790 57671 15101 12212 9246 5013 11884 54029 5066 48963 24687
is_linear=0
shrinkage=0.05


Tree=122
num_leaves=31
num_cat=0
split_feature=21 19 14 11 13 29 35 16 29 7 17 26 19 37 35 21 0 13 7 10 30 13 13 35 40 8 3 2 31 40
split_gain=13.1256 16.3551 15.5426 13.5929 13.428 12.833 14.7541 13.2786 13.4502 13.1387 12.6919 12.7578 10.6842 11.6454 13.0484 10.4442 11.5227 9.89745 19.257 24.6205 21.4506 20.7991 15.6816 20.633 12.0303 14.9427 11.9434 11.7198 11.6817 11.2021
threshold=0.11284223571419717 0.96994858980178844 -8.0620384216308576 -0.14431923627853391 -8.8125028610229474 0.3377081453800202 0.31176567077636724 -0.054572148248553269 -0.051716417074203484 0.78307348489761364 -0.21209791302680966 -0.78447234630584706 0.96096551418304454 0.35607436299324041 0.8651690185070039 0.97264483571052562 0.77011173963546764 -7.1162228584289542 -0.076265659183263765 0.48210142552852636 0.274102732539177 -6.9096527099609366 -7.3450307846069327 0.38590070605278021 0.48098418116569525 1.0537664294242861 0.60068011283874523 0.82731521129608165 0.22733505815267566 0.33791351318359381
decision_type=2 2 2 2 2 2 2 2 2 2 2 2 2 2 2 2 2 2 2 2 2 2 2 2 2 2 2 2 2 2
left_child=4 12 -3 -4 -1 7 -7 9 -9 -6 11 15 13 17 -15 16 -5 22 19 27 21 29 -2 26 25 -25 -24 -19 -23 -20
right_child=1 2 3 10 5 6 -8 8 -10 -11 -12 -13 -14 14 -16 -17 -18 18 20 -21 -22 28 23 24 -26 -27 -28 -29 -30 -31
leaf_value=-0.0038452747151693197 -0.00081834391033401501 0.0030671553428145049 0.0018907182427911448 0.0027959058261731447 -0.00054527844550345613 0.0069080034512260975 -0.0026631633923705107 0.0037625011619951952 -0.0021234629815703159 0.0063023851016010997 0.00053747834492948198 0.0012017292793342208 -0.0055593590808242516 0.00062729138607928961 0.0085475373343202113 -0.0082606214848369979 -0.0069056457739076196 -0.0021502436423048855 -0.016182538044633606 0.0078545688972640592 -0.001733576667682079 -0.007344355997066127 0.0039895220142122717 0.0049566970325237592 -0.0081512562199889393 -0.0056479500708729747 -0.0023062756405978534 0.0057390362326637228 0.0029448342047917902 -0.0064667489919404244
leaf_weight=1291.1400872915983 48725.506690427661 6241.5499094873667 5888.9012104272842 625.99907740950584 10662.061422482133 1856.5319510251284 507.55902256071568 5448.5782397985458 1173.6322579681873 739.7109339684248 4408.9432143270969 1048.3503937572241 1060.2550422549248 9476.2196024507284 540.38222976028919 1389.8014463335276 581.38929207623005 4427.4738559126854 716.58272428810596 848.8587539345026 4074.5815406888723 593.8734069019556 5056.7884885966778 700.33575446903706 681.09794959425926 613.98546536266804 878.09522990882397 516.95628872513771 500.09441159665585 537.03862975537777
leaf_count=5199 195863 25088 23656 2513 42901 7455 2036 22063 4719 2967 17726 4224 4264 38089 2178 5591 2334 17816 2875 3414 16339 2382 20326 2811 2746 2471 3526 2079 2007 2159
internal_value=-3.43175e-05 -0.000275838 0.000995577 6.67319e-05 0.00108084 0.00139454 0.00485056 0.000938796 0.00271772 -9.58903e-05 -0.00126754 -0.00344603 -0.000596924 -0.000529532 0.00106268 -0.00531951 -0.001894 -0.000761223 -0.00205152 3.93805e-05 -0.00393481 -0.00773181 -0.00048271 0.00157793 -0.0028107 -2.50666e-06 0.00305572 -0.00131547 -0.00265671 -0.0121045
internal_weight=121812 100133 20184.9 13943.4 21679.2 20388.1 2364.09 18024 6622.21 11401.8 8054.48 3645.54 79948.1 78887.9 10016.6 2597.19 1207.39 68871.3 12215.5 5793.29 6422.17 2347.59 56655.8 7930.3 1995.42 1314.32 5934.88 4944.43 1093.97 1253.62
internal_count=489817 402477 81132 56044 87340 82141 9491 72650 26782 45868 32388 14662 321345 317081 40267 10438 4847 276814 49071 23309 25762 9423 227743 31880 8028 5282 23852 19895 4389 5034
is_linear=0
shrinkage=0.05


Tree=123
num_leaves=31
num_cat=0
split_feature=11 11 39 6 11 22 41 39 8 29 14 22 22 11 12 9 10 39 14 9 33 10 34 22 22 10 35 23 8 39
split_gain=9.18427 12.4406 13.8714 12.6253 9.29251 14.5464 21.4199 16.9825 15.5561 16.0367 14.6838 12.5272 10.5514 8.57963 14.7517 16.1675 16.5552 14.349 28.3917 15.4821 21.9526 19.3564 22.9652 19.2139 16.4641 15.703 13.8785 14.8396 12.3128 12.1855
threshold=-3.2910846471786495 -2.2485940456390376 0.3542876690626145 -0.12328787147998808 -1.2898900508880613 1.0647370815277102 -1.0000000180025095e-35 -0.39474010467529291 -0.65344667434692372 0.68570429086685192 -8.1007571220397931 1.4591596126556399 1.7559431791305544 -0.14431923627853391 -6.9531986713409415 -0.66135242581367482 0.19559749960899356 -0.86819055676460255 -7.7023184299468985 -1.7234147787094114 -0.27732443809509272 -0.64774164557456959 0.08743815124034883 1.4189162850379946 1.0740127563476565 0.89783391356468212 -0.49431881308555597 0.39867924153804785 0.73765745759010326 -0.38670727610588068
decision_type=2 2 2 2 2 2 2 2 2 2 2 2 2 2 2 2 2 2 2 2 2 2 2 2 2 2 2 2 2 2
left_child=-1 2 3 -2 5 6 -3 11 12 10 -10 -7 -9 17 -15 -16 -17 18 -6 20 -19 -21 -23 24 28 -25 27 -20 -24 -18
right_child=1 4 -4 -5 13 7 -8 8 9 -11 -12 -13 -14 14 15 16 29 19 26 21 -22 22 23 25 -26 -27 -28 -29 -30 -31
leaf_value=-0.0047858359779853581 0.0050823851458447322 -0.00064024849134664853 0.0070158787845742317 -0.0056862945042956622 0.0049253386854391104 0.0070237356965452014 -0.013334696105401601 0.0053413842046371581 -0.011716546214651288 0.004005974761605152 -0.003391779931247613 -0.00069693892717918827 -0.0033099040951515058 -0.00039644952309505761 0.0092415858549377543 -0.0028922993318737811 0.0053258202964778277 0.0024759735681823751 -0.0022791941407906253 0.0032678737134288587 -0.012125845281032298 -0.00088852049708588023 0.00059220635924924544 0.00593543211821512 -0.0019870422144200937 -0.0018064391044301546 -0.0045689815867559188 0.0078164654376452255 0.010116958180110431 -0.00066047493133878678
leaf_weight=960.21291051805019 506.69840610027313 746.49839718639851 1340.7071024477482 565.28818805515766 1443.9850988686085 1042.5357585698366 590.44104570150375 972.40648093819618 639.31331512331963 580.62266704440117 2970.2066483646631 1045.7595434039831 541.25265367329121 64279.110331565142 706.84649652242661 1658.3657673746347 2296.6290020942688 508.92376239597797 1158.9726406186819 9586.5000822097063 505.05829720199108 11912.574170202017 815.61268430948257 3942.9088514745235 3039.5905089229345 780.25461028516293 3865.2950859069824 518.73812964558601 572.64686891436577 1343.0547848939896
leaf_count=3861 2049 2998 5395 2272 5820 4193 2368 3920 2568 2334 11926 4218 2196 258463 2864 6667 9225 2056 4670 38588 2026 47884 3268 15847 12194 3147 15516 2079 2299 5403
internal_value=5.94342e-05 9.84455e-05 0.0036452 -0.000596308 2.56634e-05 -0.00150576 -0.00630396 -0.000675478 -0.00208742 -0.00365461 -0.00489455 0.00317254 0.00224645 0.000154127 -0.000174936 0.00219296 0.00123692 0.000752394 -0.00129716 0.00120492 -0.00484449 0.00140656 0.000558287 0.00244062 7.29817e-05 0.00465538 -0.00292411 0.000870142 0.00456535 0.0031211
internal_weight=121437 120477 2412.69 1071.99 118064 9129.04 1336.94 7792.1 5703.8 4190.14 3609.52 2088.3 1513.66 108935 70284 6004.9 5298.05 38651.1 6986.99 31664.1 1013.98 30650.1 21063.6 9151.01 4427.85 4723.16 5543.01 1677.71 1388.26 3639.68
internal_count=488314 484453 9716 4321 474737 36721 5366 31355 22944 16828 14494 8411 6116 438016 282622 24159 21295 155394 28085 127309 4082 123227 84639 36755 17761 18994 22265 6749 5567 14628
is_linear=0
shrinkage=0.05


Tree=124
num_leaves=31
num_cat=0
split_feature=13 40 23 35 42 39 11 24 24 22 31 24 31 35 40 18 39 39 14 7 31 11 23 42 11 40 40 40 9 14
split_gain=9.88132 7.9423 15.7023 19.6854 17.5812 18.9737 11.872 33.6083 32.8434 10.437 17.3048 17.4202 13.2659 15.3047 9.79727 13.5304 15.2805 9.68556 15.8665 22.9972 14.4697 14.1796 12.7107 17.3134 19.4153 14.5958 35.1317 17.8202 19.9415 17.116
threshold=-9.4034318923950178 -0.99495905637741078 0.84268492460250866 -0.32760246098041529 1.0000000180025095e-35 -0.021814676932990548 -1.7890579700469968 2.1601853370666508 2.687073945999146 1.3484706878662112 0.12709102034568789 1.3644775748252871 -0.14192469418048856 -0.28402896225452418 -0.98835211992263783 0.92662069201469432 0.10018710792064668 0.71629512310028087 -8.5865340232849103 0.42106686532497412 0.71975362300872814 0.049707852303981788 0.32179583609104162 1.0000000180025095e-35 0.50938382744789135 -0.47331516444683069 -0.3214364200830459 0.03053822182118893 0.42259454727172857 -7.4615619182586661
decision_type=2 2 2 2 2 2 2 2 2 2 2 2 2 2 2 2 2 2 2 2 2 2 2 2 2 2 2 2 2 2
left_child=-1 2 3 -2 5 -5 7 9 -9 10 11 -3 -11 -14 15 -8 -17 20 19 -19 -16 -22 23 25 -25 -20 -27 -28 29 -29
right_child=1 6 -4 4 -6 -7 14 8 -10 12 -12 -13 13 -15 17 16 -18 18 22 -21 21 -23 -24 24 -26 26 27 28 -30 -31
leaf_value=0.005192404145035974 -0.003093829424397127 0.011610606351504663 -0.0039829793155788853 0.0024870174686922567 0.0011279958456768141 0.014721027221449143 0.0025867566743414117 0.016076297555996179 0.0012112326855925203 -0.0066766719762923728 -0.0040140048994150562 0.00038842272473917127 0.0078282785423253801 -0.0029992018057002231 0.00038229246066296882 -0.011662566253882095 -0.00074871085215980429 -0.0015455002307827837 0.0018406360328892092 -0.013981312851083921 0.00070832061457227547 -0.0073548120850909478 0.00028176946347991918 0.0037552803472979987 -0.0040423643965782179 -0.016558623777544745 0.0018523679133849572 -0.0051047375475272438 0.0020312563523445424 -0.01558141533447327
leaf_weight=960.49949070811272 739.37526418268681 661.71711148321629 768.4802819788456 525.19209460914135 977.36517962813377 807.83939830958843 591.09375758469105 742.99225533008575 737.06778629124165 968.36386139690876 650.12494772672653 714.21781684458256 500.49347294867039 895.42284350097179 79595.478112116456 670.68361030519009 609.22269196808338 1191.7132104039192 908.93599851429462 532.29393842816353 988.59235791862011 1201.4198243916035 17162.843144476414 2041.6965385079384 1296.9294313192368 570.67088781297207 1146.7751821279526 1354.5311563462019 631.72994489967823 547.75910922884941
leaf_count=3861 2985 2659 3099 2107 3926 3242 2374 2990 2964 3916 2610 2869 2016 3599 320126 2697 2451 4786 3657 2140 3979 4847 68917 8221 5215 2292 4608 5449 2534 2210
internal_value=0.000167328 0.000126923 0.00236795 0.00397604 0.00624213 0.00995544 5.35373e-05 0.00224293 0.00873133 4.07072e-05 0.00266721 0.00583025 -0.00221182 0.000910964 -6.23994e-05 -0.00364022 -0.00651376 -7.54211e-07 -0.000814447 -0.00544359 0.000271777 -0.00372836 -0.000501453 -0.00208156 0.000723165 -0.00389402 -0.00512149 -0.00330822 -0.00564175 -0.00818717
internal_weight=121692 120731 3818.25 3049.77 2310.4 1333.03 116913 5870.4 1480.06 4390.34 2026.06 1375.93 2364.28 1395.92 111042 1871 1279.91 109171 27385.9 1724.01 81785.5 2190.01 25661.9 8499.03 3338.63 5160.4 4251.47 3680.8 2534.02 1902.29
internal_count=489346 485485 15359 12260 9275 5349 470126 23623 5954 17669 8138 5528 9531 5615 446503 7522 5148 438981 110029 6926 328952 8826 103103 34186 13436 20750 17093 14801 10193 7659
is_linear=0
shrinkage=0.05


Tree=125
num_leaves=31
num_cat=0
split_feature=24 27 26 12 10 39 13 28 16 10 17 8 7 8 15 13 35 40 35 6 15 8 8 7 14 17 15 16 30 17
split_gain=9.50352 8.63456 10.9717 12.9156 16.703 16.1583 13.9482 11.2263 16.6999 20.3139 12.5601 11.4811 14.3697 11.2328 10.2121 9.55501 13.946 26.7728 10.4275 10.6666 10.2736 10.8063 10.3935 11.4813 18.8899 11.2042 11.6295 10.7645 14.9478 14.2603
threshold=4.046278953552247 0.087772224098443999 0.80979499220848095 -7.3863513469696036 0.38924908638000494 -0.60528823733329762 -7.235020399093627 1.4079018831253054 0.2623057365417481 -0.7866511046886443 -0.53727021813392628 0.93029585480690014 -0.2240536883473396 -0.81676390767097462 -7.3971173763275138 -7.3899827003478995 0.56499639153480541 0.75183266401290905 0.92341804504394542 0.11117367818951608 -6.971245050430297 -0.23683843761682508 1.3852124810218813 0.71075072884559642 -7.4126746654510489 -0.01569337863475084 -7.3927323818206778 -0.14521361887454984 -0.25493574142456049 -0.40001851320266718
decision_type=2 2 2 2 2 2 2 2 2 2 2 2 2 2 2 2 2 2 2 2 2 2 2 2 2 2 2 2 2 2
left_child=1 15 7 -4 5 -5 -6 8 -3 -10 -11 12 13 -12 -14 16 20 18 19 -18 22 -22 23 27 25 26 -25 -1 -29 -30
right_child=-2 2 3 4 6 -7 -8 -9 9 10 11 -13 14 -15 -16 -17 17 -19 -20 -21 21 -23 -24 24 -26 -27 -28 28 29 -31
leaf_value=-0.0011690766366677882 0.0049054726833114622 -0.00054039599858512956 0.0036292965920734044 -0.0081949527390311333 -0.0033793316920444579 0.0005919824512487259 0.0063686142235336307 0.0064366102673781081 0.0047575684490060478 -0.011981580279342792 -0.00016948910322237134 -0.0090576525636009396 0.0032026887044016533 -0.0091249448369214135 -0.0048540443778930503 0.0012928220866720308 0.010880287241543446 -0.0057680878125694248 -0.0011007033561113292 0.0038903271856053608 0.00070617675055789598 -0.0087245346980338451 -0.005029903094406922 0.0037629082262840155 0.010060601471033029 -0.0037055364099144931 -0.0027127242448338486 0.0018321539718439504 -0.0082007848750499952 -0.00047573276220958817
leaf_weight=19278.846323549747 960.7499258518219 42378.619179010391 3248.2967837005854 998.91231271624565 545.04415951669216 1084.1431340873241 1081.8325588554144 521.5414252281189 642.23197011649609 514.40693493187428 541.20266276597977 805.54230223596096 1217.6099203228951 983.86218020319939 568.86061488091946 18391.406305700541 861.45600347220898 706.02634009718895 560.35564425587654 1512.9726293832064 520.52198106050491 714.74042642116547 1061.5425493866205 2921.3972325325012 644.72389754652977 991.77280302345753 900.14431701600552 9655.8561347126961 653.35391448438168 6025.0891464650631
leaf_count=77452 3862 170299 13065 4010 2201 4356 4346 2098 2588 2075 2185 3261 4893 3950 2284 74001 3457 2854 2253 6095 2099 2870 4272 11740 2587 3986 3617 38887 2635 24282
internal_value=-2.19199e-05 -6.15993e-05 -0.00052247 0.00133217 -0.000683478 -0.00364074 0.00310212 -0.000790574 -0.000871007 -0.00352169 -0.00467752 -0.0037381 -0.00242072 -0.00596871 0.000624467 0.000326933 -5.11492e-05 0.00291679 0.00501862 0.00646132 -0.000300928 -0.00477681 -0.0001686 -4.17587e-05 0.0020915 0.00100543 0.00223451 -0.000369196 0.000575015 -0.00124261
internal_weight=121493 120532 55132.1 6958.23 3709.93 2083.06 1626.88 48173.9 47652.3 5273.72 4631.48 4117.08 3311.54 1525.06 1786.47 65400.2 47008.8 3640.81 2934.78 2374.43 43368 1235.26 42132.7 41071.2 5458.04 4813.31 3821.54 35613.1 16334.3 6678.44
internal_count=488560 484698 221611 27978 14913 8366 6547 193633 191535 21236 18648 16573 13312 6135 7177 263087 189086 14659 11805 9552 174427 4969 169458 165186 21930 19343 15357 143256 65804 26917
is_linear=0
shrinkage=0.05


Tree=126
num_leaves=31
num_cat=0
split_feature=29 32 37 43 24 13 27 24 39 41 17 31 24 28 27 17 24 24 15 15 29 30 6 40 14 15 11 6 5 11
split_gain=12.0186 8.54904 12.9581 8.78421 13.5817 9.75424 9.01859 8.07716 10.5599 24.7982 19.7104 26.1668 17.9175 17.7879 14.6343 13.9613 13.361 11.3592 12.6881 17.5564 14.7538 14.2268 13.8854 13.1418 34.3302 31.1577 31.6533 16.1399 16.8002 14.8189
threshold=-0.98298320174217213 -0.49214932322502131 -0.44999833405017847 0.56666669249534618 1.5926254987716677 -7.2520413398742667 -0.81525099277496327 1.903484642505646 0.94408002495765697 1.0000000180025095e-35 -0.054151251912116997 0.05225863307714463 1.2642595767974856 -0.76316004991531361 0.14538558572530749 -0.70868682861328114 1.497326731681824 1.8782451152801516 -7.2671113014221183 -7.2869310379028311 0.93182295560836803 -0.3928349614143371 -1.6934179067611692 0.66587534546852123 -7.5189409255981436 -7.127718210220336 0.40991312265396124 1.3812116980552676 -0.20756026357412335 1.2568404674530032
decision_type=2 2 2 2 2 2 2 2 2 2 2 2 2 2 2 2 2 2 2 2 2 2 2 2 2 2 2 2 2 2
left_child=-1 2 3 5 -5 6 -2 8 17 10 11 13 14 15 -11 -10 -14 18 19 20 22 -21 -3 27 -25 -26 -27 28 -20 -30
right_child=1 7 -4 4 -6 -7 -8 -9 9 12 -12 -13 16 -15 -16 -17 -18 -19 23 21 -22 -23 -24 24 25 26 -28 -29 29 -31
leaf_value=0.0076639107727994038 -0.0017993985309583994 -0.0067924635536095587 0.0023281907164690546 -0.0021845350733815626 0.0059446869356541317 0.0033959687288555155 -0.0082355007676121663 -0.00089352783582718565 -0.0060357589011535429 0.016375867798006576 -0.0089436597349627969 0.0053292702227739283 -0.0022795674106565948 -0.010459817081963665 0.0044246243839136208 0.0033193399728344919 0.0058102484673530352 0.0048722682769036909 0.0021455867705110813 -0.011741436366059628 -0.0057398217313234263 -0.0012968502367744739 -0.0001842288476227333 -0.0067001518015405203 0.010407184214478244 0.0055573873931704185 -0.0053318217298691066 0.0065533153246191385 -0.002884665100149912 0.002986627565739682
leaf_weight=500.44112901389599 1700.4900508821011 798.03729669749737 8638.9059925824404 1072.7159396857023 969.37944550812244 556.84722033143044 796.12561920285225 28646.819937735796 631.71542973816395 527.30081342160702 591.86873370409012 1747.9406868964434 842.72273235023022 558.51521471142769 508.80334515869617 1043.6451907753944 1267.649098739028 1118.5288049578667 4099.0711196959019 615.43027783930302 1264.3048056513071 686.9506012648344 49057.841212645173 756.98692527413368 1567.8969498574734 1852.6036931425333 1030.5656274855137 885.66530051827431 6052.7193348258734 1297.7102895379066
leaf_count=2028 6862 3239 34918 4334 3912 2252 3206 115131 2536 2114 2380 7028 3381 2245 2041 4188 5085 4498 16483 2473 5091 2761 197130 3048 6312 7454 4147 3570 24283 5210
internal_value=7.73948e-06 -2.45067e-05 0.00114966 -0.000849042 0.00168456 -0.00254343 -0.00387642 -0.000174682 8.67111e-05 0.00184176 -0.000509801 0.000763097 0.00525076 -0.00281762 0.0106053 -0.000222999 0.00258427 -0.00010413 -0.000184371 -0.000573877 -0.000427195 -0.00628422 -0.000291347 0.000979211 0.00308269 0.00475773 0.00166015 8.93203e-05 -0.000415978 -0.00184545
internal_weight=121686 121186 13734.5 5095.56 2042.1 3053.46 2496.62 107451 78804.5 7720.16 4573.69 3981.82 3146.48 2233.88 1036.1 1675.36 2110.37 71084.3 69965.8 52422.6 51120.2 1302.38 49855.9 17543.2 5208.05 4451.07 2883.17 12335.2 11449.5 7350.43
internal_count=489340 487312 55484 20566 8246 12320 10068 431828 316697 30998 18377 15997 12621 8969 4155 6724 8466 285699 281201 210694 205460 5234 200369 70507 20961 17913 11601 49546 45976 29493
is_linear=0
shrinkage=0.05


Tree=127
num_leaves=31
num_cat=0
split_feature=28 30 11 24 22 11 24 11 19 30 12 31 11 24 17 17 20 20 36 12 24 13 14 35 14 11 7 35 34 35
split_gain=11.7224 10.2891 12.3537 15.8395 22.016 13.331 12.4345 12.1069 11.3797 11.3433 10.9002 11.895 11.0819 10.8865 13.6012 8.86607 16.427 17.3975 17.2356 13.0005 11.6502 15.6628 19.164 17.3967 14.6291 13.3644 18.4324 21.1873 11.5626 11.3204
threshold=2.0416173934936528 0.30719791352748876 1.4951818585395815 2.687073945999146 1.5573553442955019 -1.4818378090858457 2.3432246446609502 0.1467283442616463 0.99998372793197643 0.62100744247436535 -8.035179138183592 0.60496568679809581 -0.68541586399078358 1.225524961948395 -0.087182622402906404 0.068718105554580702 2.3588094711303715 0.81685397028923046 0.20005065947771075 -8.0559768676757795 2.7595117092132573 -6.9096527099609366 -6.7490065097808829 0.10001960769295694 -6.725785255432128 2.3255214691162114 -0.27202585339546198 0.049758164212107665 0.84719592332839977 0.1980291083455086
decision_type=2 2 2 2 2 2 2 2 2 2 2 2 2 2 2 2 2 2 2 2 2 2 2 2 2 2 2 2 2 2
left_child=1 8 3 5 -5 -3 -7 -8 15 -4 11 -10 -12 14 -14 20 17 18 -17 -19 21 22 25 -23 -22 28 27 -27 -1 -28
right_child=-2 2 9 4 -6 6 7 -9 10 -11 12 -13 13 -15 -16 16 -18 19 -20 -21 24 23 -24 -25 -26 26 29 -29 -30 -31
leaf_value=-0.00023436626128851276 -0.0054503263797222546 0.0086751721809551728 0.0095896770492393396 0.0020921436423839788 -0.012210473354098732 0.00044412237578282817 0.00085005242733002359 0.011437188978578261 0.0030055268986516957 0.00017473484466408608 0.0032747309412952882 -0.003757783869549022 0.0066423151527601259 -0.0031300215042942602 -0.0039266609338350807 -0.0013779841837947577 0.0054839071402970774 0.0021317334647957668 0.0094229386379915785 -0.004137306069125977 0.0032544644514402388 0.010000900770361382 -0.010132916119890601 -0.0016360065348471056 -0.0045856828450088595 -0.0013368104482872284 -0.0065039078228002582 -0.014427324267769954 -0.0058437517260501049 0.0015852041964598308
leaf_weight=57872.919867768884 987.90138332545757 522.67496980726719 740.41240628063679 512.98218183219433 550.07693925499916 24013.469217479229 567.03675048053265 508.58776451647282 6743.054771900177 558.33480979502201 1476.9777737855911 710.84349197149277 732.60711772739887 3429.2570235729218 507.24351890385151 1091.2832890748978 697.94405651092529 932.75555449724197 546.73456799983978 6923.2064634412527 4035.6919392347336 729.99652601778507 510.53071601688862 563.09663538634777 688.56880021095276 577.36288142204285 593.9308445006609 660.86343863606453 923.52827507257462 1514.7712964564562
leaf_count=232745 3976 2105 2978 2059 2212 96528 2278 2045 27090 2244 5936 2863 2945 13798 2038 4381 2830 3750 2195 27840 16218 2943 2051 2261 2767 2325 2382 2654 3759 6098
internal_value=-5.34492e-05 -8.73164e-06 0.000831308 0.000598372 -0.00535353 0.000847409 0.000680943 0.00591521 -0.000262938 0.00557443 0.00107229 0.00235637 -0.000486333 -0.00168053 0.00232155 -0.000493304 -0.00186869 -0.00241442 0.00226243 -0.00339121 -0.000288932 -0.000466053 -0.000578808 0.00495977 0.00210448 -0.0004987 -0.00356719 -0.00838306 -0.000323453 -0.000713095
internal_weight=121425 120437 27973.6 26674.8 1063.06 25611.8 25089.1 1075.62 92463.2 1298.75 13600 7453.9 6146.09 4669.11 1239.85 78863.2 10191.9 9493.98 1638.02 7855.96 68671.3 63947 62653.9 1293.09 4724.26 62143.4 3346.93 1238.23 58796.4 2108.7
internal_count=488294 484318 112449 107227 4271 102956 100851 4323 371869 5222 54670 29953 24717 18781 4983 317199 40996 38166 6576 31590 276203 257218 252014 5204 18985 249963 13459 4979 236504 8480
is_linear=0
shrinkage=0.05


Tree=128
num_leaves=31
num_cat=0
split_feature=37 22 15 31 23 24 9 15 22 8 17 41 22 11 30 9 15 11 28 15 31 24 31 15 19 23 28 13 30 18
split_gain=10.0663 12.5071 15.0212 13.2346 13.1442 12.24 15.2787 11.5213 11.1277 20.9994 26.2227 16.5324 13.4722 13.4271 15.405 13.7619 15.953 15.105 13.8483 19.0183 13.749 13.4677 13.3222 16.1887 13.6113 12.7482 14.1331 12.6497 14.9674 11.1708
threshold=0.177254393696785 1.2693361043930056 -6.8134486675262442 0.14910913258790973 0.35421183705329901 1.6563336253166201 0.5912592113018037 -6.971245050430297 1.3103561997413637 -0.49455429613590235 0.47144158184528356 -0.60785761475563038 0.98504188656806957 0.86508831381797802 -1.6394550204277036 0.11235577985644342 -7.1610291004180899 -1.6427645683288572 -1.5229190587997434 -7.1668260097503653 0.55536994338035595 1.1744916439056399 -0.18507637828588483 -6.9341092109680167 0.16674116253852847 0.72747552394866954 -1.8602784276008604 -8.9701948165893537 -1.0141813755035398 1.2425671815872195
decision_type=2 2 2 2 2 2 2 2 2 2 2 2 2 2 2 2 2 2 2 2 2 2 2 2 2 2 2 2 2 2
left_child=8 3 7 4 -2 -5 -7 -3 9 10 11 -1 -13 15 -15 16 27 -18 19 25 -16 -19 23 -23 -24 26 -17 -10 -29 -30
right_child=1 2 -4 5 -6 6 -8 -9 13 -11 -12 12 -14 14 20 18 17 21 -20 -21 -22 22 24 -25 -26 -27 -28 28 29 -31
leaf_value=0.0053038800778370931 0.0047272221228364004 5.4646861784502854e-05 0.0055453048296911014 0.0020449628676747198 -6.35685455460613e-05 0.011074782163285756 0.0019369217623663719 -0.0053988543549422403 -0.007039307411640253 -0.0016934701935994269 -0.0089098840823031884 -0.0039972317734886858 0.0016950632920789421 -0.0078870985831544886 -0.00013417967393222852 0.005822927586677365 -0.010735394461568515 0.0041443200485860683 0.0011413595772102841 -0.0029516274902736152 -0.0063872288231169479 -0.0044830617842877727 0.00015880109601940605 0.0066583980580770079 -0.0097619343368517183 0.0014503902776718354 0.015757646864518225 0.0045791291534308916 0.0014474656145300193 -0.0012096362073470515
leaf_weight=2448.2085635662079 1760.6611669808626 23108.771867960691 1195.4699567258358 2897.2017722129822 7478.250859901309 1081.1772495657206 796.28433811664581 1000.8322450220585 524.84487444162369 24001.599069625139 597.02440448105335 1324.9622969776392 4686.9075397700071 810.34631350636482 8870.4948727190495 969.69456900656223 524.76782734692097 761.93798260390759 12844.384789317846 589.87221401929855 965.84079836308956 731.41393633186817 519.77522554993629 571.99779023230076 1020.7430537939072 697.24908930063248 577.55048410594463 2240.824307128787 8570.0321003645658 7329.2318200170994
leaf_count=9863 7072 92976 4807 11633 30005 4338 3202 4028 2116 96333 2398 5316 18831 3262 35706 3892 2118 3070 51653 2370 3893 2961 2091 2320 4101 2806 2318 9029 34461 29627
internal_value=0.000104343 0.000762203 9.83892e-05 0.00195996 0.000853537 0.00409462 0.00722995 -0.000173882 -0.000210462 -0.00091954 0.001131 0.00184927 0.000435978 0.000266841 -0.00130384 0.000701709 -8.26533e-05 -0.00289046 0.00184143 0.00499876 -0.000754037 -0.00172224 -0.00330301 0.000419799 -0.00643521 0.00709201 0.0096087 0.000539942 0.000762989 0.000222606
internal_weight=121498 39318.6 25305.1 14013.6 9238.91 4774.66 1877.46 24109.6 82179.7 33058.7 9057.1 8460.08 6011.87 49121 10646.7 38474.3 22795.6 4130.64 15678.8 2834.37 9836.34 3605.87 2843.93 1303.41 1540.52 2244.49 1547.25 18664.9 18140.1 15899.3
internal_count=488596 158061 101811 56250 37077 19173 7540 97004 330535 132741 36408 34010 24147 197794 42861 154933 91894 16661 63039 11386 39599 14543 11473 5281 6192 9016 6210 75233 73117 64088
is_linear=0
shrinkage=0.05


Tree=129
num_leaves=31
num_cat=0
split_feature=37 22 16 29 26 12 40 30 17 39 13 22 4 40 4 39 25 12 2 43 34 25 26 40 9 1 40 10 40 25
split_gain=9.63826 11.916 10.6889 9.20355 18.1186 8.99082 6.91866 6.91727 13.5765 9.07701 13.0226 15.4569 8.86455 13.2714 12.5036 10.13 7.55998 6.73068 6.30178 15.723 14.0621 12.144 12.0898 9.5927 8.5218 7.47867 7.26134 6.55724 25.258 26.1763
threshold=0.40000937879085546 0.93057468533515941 -0.7404533028602599 0.73071822524070751 0.83850562572479259 -8.426848888397215 -0.45786954462528223 -1.273974537849426 -0.73634701967239369 -0.17794185131788251 -7.8873214721679679 1.5714315176010134 0.83753463625907909 -0.37055389583110804 -0.25092911720275873 0.59831890463829052 0.49120788276195532 -7.2090950012207022 -1.2342431545257566 0.56666669249534618 -0.1891931667923927 0.78624039888381969 0.54029706120491039 -0.45009414851665491 -0.55211198329925526 -1.8174200057983396 -0.074107784777879701 -0.72060590982437123 0.51128822565078746 0.44384543597698217
decision_type=2 2 2 2 2 2 2 2 2 2 2 2 2 2 2 2 2 2 2 2 2 2 2 2 2 2 2 2 2 2
left_child=18 -2 5 4 7 -3 -5 8 -4 10 -9 16 14 -14 -11 -16 -12 -6 19 20 24 23 -21 -22 -1 -20 -26 28 29 -27
right_child=1 2 3 6 17 -7 -8 9 -10 12 11 -13 13 -15 15 -17 -18 -19 25 22 21 -23 -24 -25 26 27 -28 -29 -30 -31
leaf_value=-0.00031065265397819253 0.0069542152349791114 0.0099832135697616106 -0.0032668381375837215 -0.0054490159768129992 0.010139206347554287 0.0007769822560593255 -0.00022378855223392758 -0.0068369365955746331 0.0067464202316224178 0.0062479244929480619 -0.001460038568205404 -0.0054196354101555457 0.0094906830618207427 0.00031533980429199215 0.0012215873241576123 -0.0058779747894551378 0.0053545166392886525 0.0026181796301921302 -0.0056634157719868544 0.0048201686132298624 0.0078729763700479283 -0.0033388024118577754 -0.00096823248187687594 0.0012745502516470343 -0.0078835895150628291 -0.00089825723359002229 -0.0017659126071789461 -9.5548096308428789e-05 0.0014362213094635198 -0.0058129852044597231
leaf_weight=2158.4242292493582 823.93711811304092 550.11600540578365 500.65024597942829 1006.0507645010948 667.12973955273628 507.14851604402065 1685.0257220864296 1027.3379344195127 1004.4714572429657 527.51731337606907 672.5113365650177 910.23225842416286 676.03983916342258 927.82362401485443 996.89722941815853 997.20590837299824 1007.3555998951197 546.90287746489048 645.78304727375507 3232.6737329661846 878.45298863947392 797.19173228740692 1245.642069786787 1462.127317160368 979.02033026516438 8721.7892123162746 966.45576642453671 75235.55866420269 6350.6206614524126 3923.124737277627
leaf_count=8762 3306 2210 2012 4051 2682 2037 6793 4133 4035 2121 2699 3662 2718 3734 4008 4004 4045 2196 2603 13028 3520 3203 5050 5866 3951 35084 3904 302400 25585 15737
internal_value=-3.99253e-05 0.0011448 0.000803312 0.000412504 0.00108342 0.00561583 -0.00219017 0.000326422 0.00341612 -0.000277807 -0.00210302 -0.000206288 0.00132385 0.00421766 -0.000526126 -0.00234036 0.00263391 0.00680017 -0.00020711 0.000886233 -0.000554214 0.00196203 0.00321156 0.00377399 -0.00247818 -0.000342248 -0.00486908 -0.000305184 -0.001135 -0.00242646
internal_weight=121631 15034.4 14210.4 13153.2 10462.1 1057.26 2691.08 9248.04 1505.12 7742.92 3617.44 2590.1 4125.48 1603.86 2521.62 1994.1 1679.87 1214.03 106597 11720 7241.67 3137.77 4478.32 2340.58 4103.9 94876.9 1945.48 94231.1 18995.5 12644.9
internal_count=489139 60446 57140 52893 42049 4247 10844 37171 6047 31124 14539 10406 16585 6452 10133 8012 6744 4878 428693 47284 29206 12589 18078 9386 16617 381409 7855 378806 76406 50821
is_linear=0
shrinkage=0.05


Tree=130
num_leaves=31
num_cat=0
split_feature=28 10 22 17 19 30 17 20 23 2 22 27 12 12 6 40 10 40 41 12 16 24 10 11 40 30 41 40 17 17
split_gain=8.36299 14.8611 13.3896 10.4443 10.3113 11.6767 9.02515 12.5315 8.5783 12.1 13.5595 14.9694 11.4695 14.7404 10.387 7.92467 7.61436 20.7232 26.8723 15.4304 12.2616 11.8833 8.03473 13.6126 19.9255 17.9036 14.2914 23.67 19.0675 21.2526
threshold=-2.8077627420425411 1.0266845822334292 1.078532934188843 -0.56633338332176197 0.96429604291915905 -0.94074925780296315 -1.1497976779937742 1.1441747546195986 0.9579857885837556 0.90289819240570079 1.6162276864051821 0.71065887808799755 -8.4962964057922346 -7.7318336963653556 0.90055912733078014 0.11753627657890321 1.9119042158126833 0.94692111015319835 -0.60785761475563038 -8.2979598045349103 -0.19521269202232358 2.4012238979339604 1.0609987974166872 0.34665700793266302 0.93512630462646495 0.16828496009111407 0.6078576147556306 -0.43444111943244929 -0.47490783035755152 0.11657889932394029
decision_type=2 2 2 2 2 2 2 2 2 2 2 2 2 2 2 2 2 2 2 2 2 2 2 2 2 2 2 2 2 2
left_child=1 2 3 -1 5 15 7 -2 16 10 12 -12 -10 -14 -11 -4 22 18 -18 -20 21 -21 -8 25 26 -24 27 -25 -29 -30
right_child=6 -3 4 -5 -6 -7 8 -9 9 14 11 -13 13 -15 -16 -17 17 -19 19 20 -22 -23 23 24 -26 -27 -28 28 29 -31
leaf_value=0.0060107262659190187 0.0091935687591230709 0.0054154747235376464 -0.0058593721017507214 -0.0039931553676458634 0.00055037523821380543 -0.001329875175815363 1.8919113614700076e-05 4.4782937166722067e-05 0.0038907230545525747 0.0040790283585685717 -0.011429000765920516 -0.0017188682178193645 -0.0069213832329771607 0.0021515943166243818 -0.0013369722056834315 -0.013872125846454385 0.012097888994319643 -0.0069208606664023916 -0.0062321130724563136 0.010197589884729054 -0.0018347453231603147 0.0013024472871618234 -0.0025076958701695101 0.0039901649849528485 -0.0071435853724515219 -0.012689954355718989 0.0039495134312883713 -0.011775195611678156 0.0018204393134477034 -0.0081295011720020054
leaf_weight=516.3752344250679 607.43581496179104 507.41425442695618 612.10363133251667 507.76338444650173 501.68135721981525 539.84382037818432 92314.987123340368 950.74488998949528 736.63591036200523 1206.1781036555767 901.85546937584877 710.11241751909256 1152.4285527467728 721.81229393184185 3243.6317832767963 667.83337208628654 707.88859276473522 547.4988336712122 544.04655942320824 739.89179766178131 823.59893482923508 758.71713310480118 2860.6103022843599 1579.6149601787329 910.68941271305084 500.32008640468121 2242.4393901377916 562.43788526952267 1557.157350063324 806.76877324283123
leaf_count=2073 2442 2039 2457 2037 2015 2168 371163 3830 2962 4855 3648 2874 4642 2907 13108 2683 2844 2209 2185 2969 3310 3048 11496 6348 3681 2012 9002 2262 6263 3244
internal_value=-0.000195767 -0.00248492 -0.00369572 0.00106019 -0.00578939 -0.0075306 -0.000120616 0.0036472 -0.000171481 -0.0016832 -0.00359698 -0.00718841 -0.00136065 -0.0034343 0.000136959 -0.0101153 -4.93273e-05 0.00205549 0.00344599 0.00127457 0.00305241 0.00573263 -0.000133471 -0.00140891 -0.000243279 -0.00405661 0.000697099 -0.000926654 -0.00358524 -0.00159525
internal_weight=121541 3853.02 3345.6 1024.14 2321.46 1819.78 117688 1558.18 116129 8672.65 4222.84 1611.97 2610.88 1874.24 4449.81 1279.94 107457 4121.64 3574.14 2866.25 2322.21 1498.61 103335 11020 7659.11 3360.93 6748.42 4505.98 2926.36 2363.93
internal_count=488776 15472 13433 4110 9323 7308 473304 6272 467032 34996 17033 6522 10511 7549 17963 5140 432036 16565 14356 11512 9327 6017 415471 44308 30800 13508 27119 18117 11769 9507
is_linear=0
shrinkage=0.05


Tree=131
num_leaves=31
num_cat=0
split_feature=18 23 39 41 30 25 34 10 33 4 10 34 23 13 12 30 20 15 40 43 18 41 40 8 34 30 20 15 22 12
split_gain=17.0216 7.31469 10.0685 17.4589 18.0092 9.52892 10.0345 17.4591 12.7678 9.24645 15.953 13.311 14.7931 12.5303 11.6876 10.6434 10.0879 11.2322 11.986 10.8205 9.72549 8.94228 10.0731 14.4902 12.1339 11.4264 11.0284 10.9981 10.5473 8.77834
threshold=3.8058998584747319 0.049226848408579833 0.99838215112686168 1.0000000180025095e-35 -0.89435508847236622 0.047766413539648063 -0.34496977925300593 -1.9316139817237852 0.041377181187272079 -0.44739866256713862 0.21396467089653018 -0.36902311444282526 0.20439054816961291 -7.1162228584289542 -6.9371776580810538 -0.18172138929367063 0.87968480587005626 -7.8635985851287833 -0.76883450150489796 0.30000001192092901 2.2810342311859135 -0.87837970256805409 -0.09150074794888495 0.13263496011495593 -0.61844176054000843 -0.30925515294075007 1.2941681146621706 -7.8847961425781241 1.5963013768196108 -7.7929139137268058
decision_type=2 2 2 2 2 2 2 2 2 2 2 2 2 2 2 2 2 2 2 2 2 2 2 2 2 2 2 2 2 2
left_child=1 21 5 4 -4 -3 7 -7 9 14 11 12 13 -11 20 -12 -14 -18 -19 -20 -9 -1 26 24 25 -24 -23 -26 29 -28
right_child=-2 2 3 -5 -6 6 -8 8 -10 10 15 -13 16 -15 -16 -17 17 18 19 -21 -22 22 23 -25 27 -27 28 -29 -30 -31
leaf_value=-0.0026291215739453269 0.006545418668563072 -0.0041263328903050822 -0.0014551947325914768 0.0017145190187030741 -0.013973945586042284 0.0087121205024033605 -0.00019563940962068183 -0.00013010175944621829 -0.0053326641044153054 0.0059560112210299658 0.003717813498854384 0.0085665107959798023 0.0047380499660055232 -0.0030993065094413988 0.0043641191955957363 0.013105034501681202 0.0036941923333760705 -0.01122348000315807 -0.0081683690261662358 0.00058237638480799776 -0.0056485948859763078 0.0080020564381739316 0.0069665103659660695 0.0067019293166257436 -0.010097525995054464 -0.0017744477110008359 -0.0050013844695098453 -0.0013848681844764947 0.0055945486134474556 0.0034675843524129592
leaf_weight=1179.4276538044214 989.75382567942142 1404.7106979489326 585.19695864617825 872.48321586847305 559.29176510870457 720.72870825231075 92616.246156051755 5316.4562600851059 794.46013639867306 1567.0410408079624 767.39233364164829 559.47937838733196 500.43313109874725 497.16636161506176 1224.6376243531704 500.89353719353676 501.98567418754101 503.20047254860401 524.88603433966637 1036.8220249116421 929.56773473322392 1147.5096125155687 678.17690905928612 719.07786336541176 498.62593723833561 811.73157441616058 667.83167225122452 1272.3581547886133 1070.7792044878006 548.39986753463745
leaf_count=4776 4017 5692 2350 3500 2248 2909 371966 21469 3188 6333 3088 2248 2011 2007 4964 2021 2020 2023 2113 4174 3770 4624 2766 2891 2010 3310 2696 5131 4362 2218
internal_value=4.81557e-05 -5.71534e-06 -0.000113647 -0.00360555 -0.00764094 -4.92777e-05 3.85181e-06 0.00116198 0.000799068 0.00114012 0.00245008 0.00131378 0.000507911 0.0037706 -8.18261e-05 0.0074987 -0.00169289 -0.00296016 -0.00458786 -0.00239198 -0.000959111 0.00139919 0.00204265 0.000328458 -0.00109318 0.00222418 0.00402237 -0.00388087 0.00199941 -0.00118558
internal_weight=121567 120577 111983 2016.97 1144.49 109966 108561 15945.2 15224.4 14430 6959.3 5691.01 5131.53 2064.21 7470.66 1268.29 3067.33 2566.89 2064.91 1561.71 6246.02 8593.92 7414.49 3979.97 3260.89 1489.91 3434.52 1770.98 2287.01 1216.23
internal_count=488895 484878 450094 8098 4598 441996 436304 64338 61429 58241 28038 22929 20681 8340 30203 5109 12341 10330 8310 6287 25239 34784 30008 16108 13217 6076 13900 7141 9276 4914
is_linear=0
shrinkage=0.05


Tree=132
num_leaves=31
num_cat=0
split_feature=13 13 10 24 8 10 11 11 35 28 20 25 23 11 11 26 8 25 24 11 29 25 36 17 34 11 11 42 23 34
split_gain=13.4174 15.2779 14.1273 28.9745 24.5113 21.7408 14.1447 13.4699 29.7822 14.7115 16.1877 14.6905 13.6989 16.3877 16.3142 16.4227 15.9105 23.3051 12.8853 14.3093 14.0403 13.0904 12.7242 13.0695 12.6964 11.64 12.752 11.4261 14.7379 11.325
threshold=-7.3528277873992911 -7.268359661102294 0.42047950625419622 2.8943980932235722 -0.66457548737525929 1.0976635813713076 0.37790386378765112 0.38859948515892034 -0.16265492141246793 0.58294707536697399 1.3641360998153689 0.5755555033683778 0.63244035840034496 -0.18603123724460599 -0.94978770613670338 -1.7108379602432249 0.085931755602359786 0.61215898394584667 1.0853619575500491 0.11799595877528192 -0.12283061444759368 0.66644650697708141 -0.44117371737956995 0.4111997932195664 -0.137630820274353 -0.41690023243427271 -0.52022477984428395 -0.56174489110708226 0.87231647968292247 -1.0745604038238523
decision_type=2 2 2 2 2 2 2 2 2 2 2 2 2 2 2 2 2 2 2 2 2 2 2 2 2 2 2 2 2 2
left_child=29 18 3 7 -4 -6 -7 12 -9 10 11 -10 13 16 -14 -16 24 -18 -2 -20 -21 -22 -15 -24 25 26 -3 -17 -29 -1
right_child=1 2 4 -5 5 6 -8 8 9 -11 -12 -13 14 22 15 27 17 -19 19 20 21 -23 23 -25 -26 -27 -28 28 -30 -31
leaf_value=0.0068743429139579669 0.0088693015749357479 -0.0018587402300325078 0.012565074138011612 -0.011849899750624639 0.0035042254693423316 -0.0092968748512985352 -0.00034309762751187108 0.0050324951006927828 -0.0015034364005973438 -0.01373099003884988 0.003364173783354186 -0.013558179142101758 0.0084974171131680532 0.0067363067369337563 -0.006616648322520716 -0.001360569685010268 0.011359577407123461 -0.0035294066909255985 0.0050174788188992493 -0.0054674257373475508 0.0087823721086721634 -0.0015167558969704275 0.0043544923522464167 -0.0040146437536626904 -0.009691339891048277 -0.0062302500619016796 0.0061121449151851351 0.0079386562749300012 -0.00094863959060731721 -0.00037754193135381504
leaf_weight=531.66212470829487 865.15091642737389 3619.531540542841 511.67762370407581 527.31971901655197 4748.1264946013689 520.33037392795086 2626.1179343760014 776.96021540462971 508.02200399339199 507.00664146244526 503.35883632302284 498.52893766760826 971.94358418881893 1136.5528813451529 554.38221570849419 1143.5727359801531 512.74728950858116 521.3154464662075 2222.5369898825884 890.50252518057823 511.18637973070145 750.22447137534618 892.97777549922466 955.03036203980446 591.79063586890697 1256.6706227362156 572.38616427779198 1336.5350974500179 710.75115156173706 89036.133209988475
leaf_count=2177 3475 14605 2071 2118 19071 2093 10554 3143 2037 2035 2023 2001 3900 4577 2223 4587 2059 2089 8946 3586 2052 3022 3595 3835 2372 5059 2306 5355 2853 358047
internal_value=-2.06856e-05 0.000862447 0.000374187 -0.00041268 0.00206667 0.00137119 -0.00184855 -6.28761e-05 -0.00324021 -0.00643614 -0.00391241 -0.0075486 0.000539678 -0.000503159 0.0027598 0.00125215 -0.0018135 0.00389149 0.00332681 0.00221292 -0.000693484 0.00269321 0.00259847 3.10853e-05 -0.00279496 -0.00202954 -0.000758398 0.00263568 0.00486366 -0.000333733
internal_weight=121311 31743.2 26503.6 18097.4 8406.25 7894.57 3146.45 17570.1 2793.88 2016.92 1509.91 1006.55 14776.2 10059 4717.18 3745.24 7074.44 1034.06 5239.6 4374.45 2151.91 1261.41 2984.56 1848.01 6040.38 5448.59 4191.92 3190.86 2047.29 89567.8
internal_count=487866 127642 106561 72772 33789 31718 12647 70654 11239 8096 6061 4038 59415 40497 18918 15018 28490 4148 21081 17606 8660 5074 12007 7430 24342 21970 16911 12795 8208 360224
is_linear=0
shrinkage=0.05


Tree=133
num_leaves=31
num_cat=0
split_feature=15 17 40 17 6 14 18 15 31 11 31 6 11 11 12 40 24 14 40 31 24 16 32 21 16 42 40 31 11 28
split_gain=8.82734 12.6005 11.7974 20.9125 10.7068 11.0028 8.47917 15.1274 10.8823 13.951 13.1979 10.9014 10.7698 11.4581 19.8394 18.3899 20.0216 17.4004 16.8781 16.5347 21.0489 16.8764 14.0323 14.0004 13.6871 13.5085 18.7668 18.4988 17.9596 20.1737
threshold=-6.7399990558624259 0.18930610269308093 0.49621178209781652 -0.32911868393421168 0.40191975235939031 -6.7490065097808829 1.354153096675873 -7.5742650032043448 0.5021350383758546 -1.7372532486915586 0.75159829854965221 0.7757190763950349 1.840400278568268 0.18558882176876071 -7.6762964725494376 -0.79068204760551442 1.4225074648857119 -7.0584890842437735 -0.3131608366966247 -0.26975893974304194 1.9469830393791201 0.19502348452806476 0.51510998606681835 0.65523621439933788 -0.1528247073292732 -0.56174489110708226 -0.23768363147974012 -0.47953803837299341 -0.80031406879425038 0.92074492573738109
decision_type=2 2 2 2 2 2 2 2 2 2 2 2 2 2 2 2 2 2 2 2 2 2 2 2 2 2 2 2 2 2
left_child=6 2 4 -4 5 -2 12 8 9 -8 11 -10 13 17 15 16 -15 18 19 24 21 -21 -17 -18 -1 27 -27 -20 -28 -30
right_child=1 -3 3 -5 -6 -7 7 -9 10 -11 -12 -13 -14 14 -16 22 23 -19 25 20 -22 -23 -24 -25 -26 26 28 -29 29 -31
leaf_value=-0.0011038147516540325 0.011156083478578563 -0.0041341589736484516 -0.005914657034497099 0.0071914827722432163 0.00097623132714385024 0.0026454575189896034 0.0075330314965971678 -0.0014850770023767186 0.0012338966970985661 -0.00030318268969197311 -0.0032316284226273726 0.0094023050721720319 0.0024849163361036434 -0.002189773944334927 0.0011353548429638 -0.0026762573167999257 0.0080852630668924209 -0.0020743314170819597 0.011273787827214674 0.0007194640793475259 -0.0064608560343345847 -0.004655222313287472 0.0056155142521452381 -0.00041502507296156308 0.0049251085479578797 0.009152338777522355 0.003248856063874578 0.0028514562045826113 -0.0010077397945539716 0.0074774664303170054
leaf_weight=1579.8407854288816 952.70875868201256 654.28941679000854 744.81823340058327 500.09073774516582 912.17493592202663 640.11794576048851 580.51411725580692 22909.437388017774 717.94601194560528 14873.984762683511 509.27046185731888 948.12149685621262 5052.4678023159504 1963.7298164069653 10099.040169104934 14745.744422405958 1266.7384658008814 5208.4447067528963 735.98864234983921 7213.7476721853018 1671.4120487421751 1820.7547647953033 519.40479601919651 779.05238179862499 2308.2503152489662 686.65471754968166 4934.7082763463259 5299.7072344124317 9806.7287839204073 744.33826392889023
leaf_count=6345 3843 2634 3004 2016 3663 2578 2341 92280 2885 59884 2055 3827 20312 7888 40595 59273 5086 20911 2965 28937 6710 7310 2093 3133 9290 2758 19850 21288 39413 2997
internal_value=2.92153e-05 0.00222412 0.00334157 -0.000634454 0.00531219 0.00777372 -5.36069e-05 -0.000638055 0.000462843 -4.15177e-06 0.0037654 0.00591072 0.000256406 9.83495e-05 -0.000659096 -0.00159941 0.00141143 0.000627984 0.00101089 -0.000309912 -0.00132408 -0.000367665 -0.00239063 0.00486202 0.00247884 0.0018786 0.00112397 0.00389542 0.000762303 -0.000402627
internal_weight=121380 4404.2 3749.91 1244.91 2505 1592.83 116976 40539.3 17629.8 15454.5 2175.34 1666.07 76436.8 71384.3 29373.7 19274.7 4009.52 42010.6 36802.1 14594 10705.9 9034.5 15265.1 2045.79 3888.09 22208.1 16172.4 6035.7 15485.8 10551.1
internal_count=488164 17738 15104 5020 10084 6421 470426 163272 70992 62225 8767 6712 307154 286842 118068 77473 16107 168774 147863 58592 42957 36247 61366 8219 15635 89271 65018 24253 62260 42410
is_linear=0
shrinkage=0.05


Tree=134
num_leaves=31
num_cat=0
split_feature=3 37 22 23 14 19 29 20 13 13 13 5 10 3 14 5 29 8 25 39 24 30 24 14 14 23 14 23 2 39
split_gain=13.6091 15.9953 16.1319 11.1272 12.877 11.0708 16.4791 10.7692 10.8643 10.6737 11.0054 11.2209 14.3693 15.0873 13.7668 13.4889 14.1005 10.1502 9.63656 9.33652 15.2776 13.5938 15.5586 14.104 26.5335 13.8314 21.4394 14.6141 13.3784 13.1944
threshold=-1.7140864133834837 -0.38695220649242396 1.2768962383270266 0.44007989764213568 -8.3977794647216779 0.99718475341796886 0.9010513722896577 0.53261986374855053 -6.9544811248779288 -8.1963229179382306 -8.2307949066162092 0.014332782477140428 -0.75948080420494068 -0.40872073173522944 -8.2064642906188947 -1.1204664707183836 -0.051716417074203484 -0.48468050360679621 0.1611239090561867 0.94116705656051647 1.0853619575500491 -0.57021519541740406 3.1401298046112065 -6.961977243423461 -6.7701494693756095 0.30991277098655706 -7.2282676696777335 0.41904868185520178 -0.4649339616298675 0.46561008691787725
decision_type=2 2 2 2 2 2 2 2 2 2 2 2 2 2 2 2 2 2 2 2 2 2 2 2 2 2 2 2 2 2
left_child=3 2 17 4 -1 6 9 -7 -9 10 11 12 14 15 -3 -14 -17 -2 -4 21 -21 22 23 25 -25 26 -11 28 -27 -30
right_child=1 5 18 -5 -6 7 -8 8 -10 19 -12 -13 13 -15 -16 16 -18 -19 -20 20 -22 -23 -24 24 -26 27 -28 -29 29 -31
leaf_value=0.0089438326515592394 -0.00057446169105867747 -0.0078206991468166148 -0.0038362240500043297 0.0081394988119518081 0.00060027333606982346 0.0083127246020750171 -0.0041482700430547645 0.0013535389672093953 -0.0043451732479903105 0.0021522761563983212 -0.0056881693479035886 -0.0023222094593376326 0.0047755846545787344 0.0037209600290435494 0.0019939109036585406 -0.0070549276722596289 0.0018177316352679274 -0.0055851495217434117 0.00049383373159527985 0.0092640545161230391 0.0012439883571653306 0.00056932341997137012 -0.0083492999683519951 0.010205596501732268 -0.0033393146047277812 0.00073086321117846837 -0.007552769548237203 -0.0013178346262587009 -0.0048586141027403768 -0.015022028310205089
leaf_weight=512.2617921680212 1452.7453870922327 880.90876966714859 1604.2023646533489 737.90839841961861 4053.3539852499962 516.60164070129395 2464.4090377539396 15465.076791226864 874.50975593924522 4698.499329417944 1247.0873228311539 6489.7871135026217 653.34152084589005 3497.9249568134546 590.89988727867603 1114.8981354236603 738.26245561242104 3330.2298284173012 6290.7687118202448 656.44062253832817 5496.6001162827015 43206.374870270491 688.0113210529089 776.91184036433697 661.8642917573452 524.04619173705578 637.42154520750046 10224.09588932991 886.36900569498539 503.52181388437748
leaf_count=2076 5839 3554 6496 2961 16435 2075 9924 62174 3510 18919 5014 26099 2638 14063 2379 4483 2965 13365 25271 2634 22078 173725 2763 3122 2659 2102 2571 41081 3557 2019
internal_value=9.33104e-06 -0.000103839 -0.0017794 0.0024838 0.00155392 0.000101568 -0.000126576 0.00127357 0.00104607 -8.35112e-06 -0.00120665 -0.000802696 0.000517666 0.0016036 -0.00389348 -0.0013543 -0.00352945 -0.00406761 -0.000389743 0.00025614 0.00211326 7.38956e-05 -0.00101792 -0.000746947 0.00399464 -0.00113942 0.000980966 -0.00207159 -0.00607033 -0.00862157
internal_weight=121475 116172 12677.9 5303.52 4565.62 103494 86637.7 16856.2 16339.6 84173.3 15213.1 13966 7476.24 6004.43 1471.81 2506.5 1853.16 4782.98 7894.97 68960.2 6153.04 62807.1 19600.7 18912.7 1438.78 17474 5335.92 12138 1913.94 1389.89
internal_count=488551 467079 50971 21472 18511 416108 348349 67759 65684 338425 61195 56181 30082 24149 5933 10086 7448 19204 31767 277230 24712 252518 78793 76030 5781 70249 21490 48759 7678 5576
is_linear=0
shrinkage=0.05


Tree=135
num_leaves=31
num_cat=0
split_feature=35 11 23 7 10 1 40 20 5 35 0 33 14 30 17 20 10 11 19 10 11 19 30 4 42 14 12 17 9 31
split_gain=8.61709 10.0698 14.404 7.67377 8.27336 6.8936 10.1197 13.495 12.3349 9.28266 8.40521 11.94 10.7143 10.4822 19.5215 12.5796 14.2415 12.4242 10.3637 10.5291 12.2869 10.3937 10.2136 16.0311 10.0148 9.83702 9.56679 9.10737 8.7653 10.8976
threshold=0.92341804504394542 0.88094291090965282 0.6808583438396455 0.84556689858436596 1.9811522364616396 1.7684130072593691 -0.9081345498561858 1.3100004196166994 2.0080840587615971 0.1651885733008385 0.034051518887281425 0.74879586696624767 -7.9784774780273429 -1.0894641280174253 0.02495530899614096 0.87968480587005626 -0.10259645059704779 -0.15511574596166608 0.92641752958297741 -0.28110487759113306 -0.33196140825748438 0.5625731647014619 1.2432020306587221 -0.27886565029621119 1.0000000180025095e-35 -8.004729747772215 -8.5508556365966779 -0.35504747927188868 1.4806230664253237 -0.09634139388799666
decision_type=2 2 2 2 2 2 2 2 2 2 2 2 2 2 2 2 2 2 2 2 2 2 2 2 2 2 2 2 2 2
left_child=5 -2 -3 -4 -5 10 -7 -8 9 -9 22 12 13 15 18 -12 -17 -18 19 24 -21 -22 28 -24 -15 -13 -20 -27 -1 -30
right_child=1 2 3 4 -6 6 7 8 -10 -11 11 25 -14 14 -16 16 17 -19 26 20 21 -23 23 -25 -26 27 -28 -29 29 -31
leaf_value=-0.00037743112077231718 0.007382474770220783 0.0059049921629063494 -0.00701617925324603 0.0048387361877285026 -0.0040955480418814888 -0.0072370044510900056 -0.0061352079620804953 -0.00047453478799336119 -0.0059705239921513734 0.0057456306002052118 0.010052636645255783 -0.0081670991180420299 0.00023343576409212463 -0.010181133847828955 0.0059346085124698427 0.0070082465392059343 -0.0055951690799465178 0.0034552689976432103 0.0057949461143003075 0.0058590123148182065 0.0013798946815602238 -0.0062922777770898905 0.0078314612739510733 -0.00087773423277300229 -0.0015178829349487271 0.0046995085213881174 -0.00052789613108597793 -0.0032618223866919295 0.0016390963085111774 -0.005391856089817286
leaf_weight=60171.022699460387 793.00307963788509 897.44603891670704 505.26052591204643 519.34125503897667 497.70331960916519 753.79121838510036 938.55468614399433 1366.5386760234833 551.6007879525423 1057.0800103396177 740.64902290701866 648.21662536263466 35324.244039699435 601.66058133542538 1582.3957557380199 1098.6791495233774 654.55989515781403 873.23161023855209 1065.7733821570873 655.30397845804691 965.83891294896603 798.60281349718571 945.06771413981915 1178.6930129677057 743.03025831282139 494.11369498074055 1344.334902048111 1241.6399046331644 776.54432658851147 1856.2191446274519
leaf_count=242042 3200 3607 2033 2096 2006 3036 3771 5489 2231 4265 2975 2620 141950 2419 6366 4417 2629 3510 4283 2635 3885 3213 3804 4728 2998 2001 5403 5016 3121 7475
internal_value=-2.10116e-05 0.00252997 0.000915864 -0.00204472 0.000469327 -9.04237e-05 -0.00197162 -0.000941644 0.000711767 0.0022509 -1.30718e-05 0.00048245 0.000659801 0.00201229 0.000998535 0.00433783 0.00269427 -0.000433428 -0.000274019 -0.00191122 6.44617e-05 -0.00210849 -0.000385773 0.00301637 -0.00544066 -0.0029613 0.00228052 -0.000981548 -0.000501281 -0.00331969
internal_weight=121640 3212.75 2419.75 1522.31 1017.04 118427 4667.57 3913.77 2975.22 2423.62 113760 48832.3 46448.3 11124.1 7756.94 3367.12 2626.47 1527.79 6174.54 3764.44 2419.75 1764.44 64927.5 2123.76 1344.69 2383.97 2410.11 1735.75 62803.8 2632.76
internal_count=489224 12942 9742 6135 4102 476282 18792 15756 11985 9754 457490 196320 186683 44733 31202 13531 10556 6139 24836 15150 9733 7098 261170 8532 5417 9637 9686 7017 252638 10596
is_linear=0
shrinkage=0.05


Tree=136
num_leaves=31
num_cat=0
split_feature=9 25 42 41 40 35 7 22 8 13 21 40 15 42 40 35 23 15 7 15 30 24 15 40 40 28 41 24 25 22
split_gain=11.0192 16.8291 14.3666 28.5288 19.0721 17.8613 20.1062 15.3193 22.5214 14.4192 14.7517 15.83 14.3829 13.9698 23.1123 26.6248 33.1082 19.8042 32.938 24.4045 22.6813 26.1147 20.0617 18.2955 16.8845 21.7093 16.8092 17.194 16.1104 15.078
threshold=0.46420338749885565 0.60131931304931652 1.0000000180025095e-35 -1.0000000180025095e-35 1.0000000180025095e-35 0.2028082609176636 0.12184257805347444 1.8262941837310793 0.69056296348571788 -8.7013974189758283 0.020871460437774662 -0.88497918844223011 -7.809847116470336 1.0000000180025095e-35 0.96477812528610241 0.031301816925406463 0.53482672572135936 -7.7301111221313468 0.55372917652130138 -7.570833444595336 -1.0390697121620176 1.1082729101181032 -8.2131662368774396 -0.96703672409057606 -0.84103098511695851 -1.3901224732398985 0.6078576147556306 1.974831283092499 0.33897362649440771 1.2989242672920229
decision_type=2 2 2 2 2 2 2 2 2 2 2 2 2 2 2 2 2 2 2 2 2 2 2 2 2 2 2 2 2 2
left_child=13 -2 4 5 -3 -4 -7 8 -8 -5 -11 -12 -13 14 -1 29 -17 20 23 -20 21 -15 -23 -19 -22 -26 27 -27 -28 -16
right_child=1 2 3 9 -6 6 7 -9 -10 10 11 12 -14 17 15 16 -18 18 19 -21 24 22 -24 -25 25 26 28 -29 -30 -31
leaf_value=-0.0011805785020709498 0.0031558796030775938 0.0027975290430874702 0.0018979421989890255 0.0068854145447088252 -0.00036768944948591088 -0.013402059926612711 -0.0081011374720030057 -0.010749494982961811 0.0026462749030116855 0.0079724034262539396 -0.0058062218728674696 -0.0025042734681128588 0.0020781992164424158 -0.005791159655892276 0.010078885831104703 -0.012392465641843447 0.0040878492239710814 0.0084183894988699558 0.004090033412951906 -0.0050676935801391857 0.0021917829594049593 -0.001380790002664653 0.0083606121298624124 0.0021278303487741123 -0.0073135833953359743 -0.0011839227967501351 -0.0089840481246275736 0.0061758321522782759 -0.00067338409507915599 0.0024316336464664493
leaf_weight=43244.988058060408 6047.3957262933254 9326.4451830387115 895.8745980411768 814.24394930899143 9703.2515034675598 716.84330889582634 821.59166814386845 622.95655819773674 1169.5109343528748 532.17799854278564 1209.4250383526087 2740.0469211935997 4528.1916416734457 649.63602416217327 1107.6340370327234 538.96456830203533 677.00441361963749 1257.7169514298439 986.40801566839218 2696.8854360580444 2381.8495032191277 755.69639687240124 1728.6844789683819 13326.445731371641 1888.1980731189251 6339.1424048393965 1249.5244145989418 896.95371598005295 1089.1470328271389 1543.5816708952188
leaf_count=173779 24289 37481 3598 3273 39061 2883 3312 2539 4745 2135 4868 11038 18209 2610 4452 2169 2732 5063 3964 10836 9576 3040 6949 53653 7585 25542 5019 3615 4368 6228
internal_value=4.21498e-05 0.000732905 0.000289146 -0.000923096 0.00118424 -0.00435269 -0.0060345 -0.00397075 -0.00180677 0.000555402 -2.36583e-05 -0.000534406 0.00034959 -0.000286073 -0.000849246 0.00284939 -0.00325836 0.000466724 0.00160895 -0.00261077 -0.000762415 0.00307223 0.00540383 0.00267572 -0.00163205 -0.0024278 -0.00145768 -0.000264377 -0.00513302 0.0056524
internal_weight=121486 39128 33080.6 14050.9 19029.7 4226.78 3330.9 2614.06 1991.1 9824.09 9009.84 8477.66 7268.24 82358.5 47112.2 3867.18 1215.97 35246.3 18267.5 3683.29 16978.8 3134.02 2484.38 14584.2 13844.8 11463 9574.77 7236.1 2338.67 2651.22
internal_count=488611 157431 133142 56600 76542 17077 13479 10596 8057 39523 36250 34115 29247 331180 189360 15581 4901 141820 73516 14800 68304 12599 9989 58716 55705 46129 38544 29157 9387 10680
is_linear=0
shrinkage=0.05


Tree=137
num_leaves=31
num_cat=0
split_feature=28 24 14 14 30 15 29 3 11 15 26 35 28 30 9 10 29 40 41 10 39 10 10 42 16 30 18 7 24 20
split_gain=9.58342 14.1447 20.9378 19.605 19.2781 18.3971 20.4103 14.6232 21.5701 12.5208 14.6366 11.2001 16.6933 16.3741 16.1217 15.1558 16.7821 14.3079 13.2133 23.6161 17.5398 13.0316 12.7098 18.2361 21.4337 17.7761 17.677 14.0932 16.8181 12.7398
threshold=0.20919137448072436 1.8953484892845156 -6.725785255432128 -6.9371454715728751 -0.24605296552181241 -7.2823796272277823 0.65897136926651012 0.12056708708405496 1.3281961083412173 -7.099320411682128 -1.3827830553054807 -0.018991665914654728 2.0416173934936528 -0.073828216642141328 -0.066480010747909532 -0.50245550274848927 0.09533927217125894 0.40274286270141607 0.87837970256805431 1.0094480514526369 0.92219218611717235 -0.3191509991884231 0.69531151652336132 -0.56174489110708226 -0.3240902423858642 -0.083107423037290559 0.95238992571830761 0.29190813004970556 1.8953484892845156 1.6732990145683291
decision_type=2 2 2 2 2 2 2 2 2 2 2 2 2 2 2 2 2 2 2 2 2 2 2 2 2 2 2 2 2 2
left_child=1 -1 3 5 -4 -3 7 8 9 10 -7 13 18 14 17 -15 21 -2 20 -20 22 -17 23 26 -25 -24 -13 28 -27 -29
right_child=11 2 4 -5 -6 6 -8 -9 -10 -11 -12 12 -14 15 -16 16 -18 -19 19 -21 -22 -23 25 24 -26 27 -28 29 -30 -31
leaf_value=3.2695532312881875e-05 0.0021833236293254863 -0.0006239814666944239 -0.011014923237212846 0.0041050620749744178 -0.00090826996635618796 0.0021014975664433353 0.0053089768751755041 -0.0089114695894252187 -0.011274578724018186 0.0051704853202157461 -0.0092178586775240098 -0.0069263083478609683 -0.0072146465600886264 0.00041506743739822932 -0.0044635130057665553 -0.0058024803513343753 -0.0071596023055369691 0.010859897142313509 -0.0051873987479983839 0.006018518412713756 -0.004267755834642329 0.00080737901829594841 -0.0052336489672552729 0.014591268377436004 0.0047546160126741141 0.0018712629039644984 0.0032181420323924188 -0.0023155250783954747 0.012450472484136181 0.0037722256225512481
leaf_weight=64281.723794847727 1377.4162477850914 17740.304326623678 1023.6572633236647 1767.0234240740538 871.67740534245968 587.06124560534954 496.08998417854309 1682.4100898951292 561.78608840703964 682.04075460135937 540.65046311914921 566.0700174421072 516.08200354874134 7022.4128284752369 534.22598062455654 1050.6996498405933 1725.2258801907301 720.90358166396618 1523.2363981753588 668.62277054786682 907.0834122300148 2504.2578742951155 903.16098755598068 637.01639159023762 4027.8402874469757 901.82359702885151 1677.5857071876526 1807.1995864361525 639.19682995975018 1620.7614241838455
leaf_count=258452 5568 71321 4112 7100 3501 2359 2000 6767 2258 2742 2176 2271 2073 28310 2154 4237 6918 2926 6114 2689 3648 10109 3641 2558 16199 3622 6739 7270 2570 6534
internal_value=-0.00010353 -0.00036512 -0.0013501 -0.000950069 -0.00639597 -0.00135247 -0.00418518 -0.00535721 -0.00280892 -0.000133485 -0.00335858 0.00064974 0.00155161 -0.000340698 0.00323081 -0.00110694 -0.00312811 0.00520164 0.00184087 -0.00175724 0.00241791 -0.00115702 0.00289538 0.00434776 0.00612621 0.00118218 0.00063934 0.00235649 0.00631137 0.000565402
internal_weight=121565 90234.4 25952.7 24057.4 1895.33 22290.3 4550.04 4053.95 2371.54 1809.75 1127.71 31330.8 16395.7 14935.1 2632.55 12302.6 5280.18 2098.32 15879.6 2191.86 13687.7 3554.96 12780.7 6908.51 4664.86 5872.14 2243.66 4968.98 1541.02 3427.96
internal_count=488938 362788 104336 96723 7613 89623 18302 16302 9535 7277 4535 126150 65928 60222 10648 49574 21264 8494 63855 8803 55052 14346 51404 27767 18757 23637 9010 19996 6192 13804
is_linear=0
shrinkage=0.05


Tree=138
num_leaves=31
num_cat=0
split_feature=13 29 10 24 9 24 33 10 17 14 8 33 39 8 24 6 14 28 30 10 30 30 9 29 8 6 17 41 14 30
split_gain=7.74834 7.29351 7.50359 15.1131 16.5593 12.5781 9.74 8.19183 14.2901 14.4155 10.7698 13.3762 7.68268 7.2842 7.6124 13.453 14.5556 27.2728 22.0583 15.8863 17.398 20.6538 16.7949 16.5678 16.5044 19.758 15.7055 17.0018 14.463 13.2359
threshold=-6.2304410934448233 -0.98298320174217213 2.1504229307174687 1.8701985478401186 1.3116141557693484 1.5595798492431643 0.28058290481567388 1.5305126309394839 -0.22510882467031476 -7.0768001079559317 1.0051578283309939 0.11283583194017412 -0.23768363147974012 -1.9311742186546323 1.349904000759125 -0.33052408695220942 -7.777500867843627 0.31815394759178167 -0.16363707929849622 -1.2511254549026487 0.28494231402873998 -0.1367838382720947 -1.2196194529533384 0.24105674773454669 0.3014665693044663 0.91509041190147411 -0.74614202976226796 -0.60785761475563038 -8.0700340270996076 -0.30925515294075007
decision_type=2 2 2 2 2 2 2 2 2 2 2 2 2 2 2 2 2 2 2 2 2 2 2 2 2 2 2 2 2 2
left_child=1 -1 7 5 -5 -4 -6 13 10 12 11 -9 -10 -3 -15 -16 19 -18 -19 28 21 22 -21 26 -22 -26 27 -24 -17 -28
right_child=-2 2 3 4 6 -7 -8 8 9 -11 -12 -13 -14 14 15 16 17 18 -20 20 24 -23 23 -25 25 -27 29 -29 -30 -31
leaf_value=0.0059311236360113538 0.0044223624726840334 -0.0036905421707427522 0.0024236160830001813 -0.0063375762810741398 0.0062044946098998577 0.012634506433298867 -0.0023815244812001798 -0.0060863307129259362 -0.00011404752131472128 -0.0048252119052450936 -0.010389961861696429 0.0017127673092679791 0.0066592862868892627 -0.00053023752023702211 0.00127259279236059 -0.010519480887911555 -0.0017371198945062762 0.011460545824181788 0.0010974769866829346 -0.0071877377165925141 -0.0094452746082246374 0.0065170750809579424 -0.0045789966792425547 -0.00042124418933737313 0.0070615054162656401 -0.0061939175811726657 0.0061958744797962397 0.0063634851836945035 0.00056027237870898844 -0.0024000848724905883
leaf_weight=498.15470458567142 967.85124300420284 1345.4873930066824 749.85722993314266 735.85925062000751 846.11074823141098 501.53241318464279 530.810546875 1314.5392021089792 814.35117223858833 780.81773696839809 595.67273581027985 933.79133287072182 850.84612630307674 42182.645259395242 24130.324030712247 541.85245569050312 21397.467652335763 557.82958213984966 5400.5827774554491 561.51231937110424 659.36152090132236 2136.5537377744913 1014.3837607502937 5213.7338722348213 557.57096852362156 547.07278636097908 3556.4563951939344 533.34510491788387 629.62566974759102 506.75928257405758
leaf_count=2021 3891 5438 3015 2957 3400 2019 2139 5280 3276 3139 2407 3757 3427 169572 97253 2176 85955 2245 21697 2253 2644 8594 4078 20986 2242 2209 14283 2141 2528 2036
internal_value=-1.05085e-05 -4.64399e-05 -7.17199e-05 0.00225282 -0.000331244 0.00658366 0.00290123 -0.000138882 -0.00205948 0.000742154 -0.00446321 -0.00285392 0.00336594 -4.75621e-05 -2.72258e-06 0.00032481 -0.000197347 -0.000904108 0.00208525 0.000977226 0.00140814 0.00201769 0.00116843 0.00160812 -0.00324963 0.000500108 0.00349122 -0.000791589 -0.00461019 0.00512054
internal_weight=121593 120625 120127 3364.17 2112.78 1251.39 1376.92 116763 5290.02 2446.02 2844 2248.33 1665.2 111473 110127 67944.4 43814.1 27355.9 5958.41 16458.2 15286.7 13522.7 11386.2 10824.7 1764.01 1104.64 5610.94 1547.73 1171.48 4063.22
internal_count=489058 485167 483146 13530 8496 5034 5539 469616 21286 9842 11444 9037 6703 448330 442892 273320 176067 109897 23942 66170 61466 54371 45777 43524 7095 4451 22538 6219 4704 16319
is_linear=0
shrinkage=0.05


Tree=139
num_leaves=31
num_cat=0
split_feature=33 10 4 24 24 4 21 19 32 34 22 20 29 10 7 29 7 35 17 11 11 21 26 9 3 19 10 22 10 21
split_gain=7.52514 12.8494 12.5417 8.38126 8.26447 8.14894 8.5326 8.59529 10.9967 8.20873 8.09982 7.80558 7.29644 6.90061 14.5291 14.5965 20.7443 18.1239 10.4523 9.11195 8.89267 7.33109 6.82725 9.411 9.36401 13.5603 10.32 8.52307 15.1973 26.3955
threshold=0.8518866002559663 0.36932335793972021 1.8253281116485598 1.7129062414169314 4.046278953552247 1.3682797551155093 0.92843538522720348 0.68303576111793529 0.40033814311027532 0.45798411965370184 1.8421036005020144 1.690949082374573 0.33061484992504125 1.6443148255348208 -0.89964696764945973 0.14164330810308459 0.64153471589088451 0.42480972409248358 -0.57805430889129628 1.0176566839218142 1.840400278568268 0.51367595791816723 1.51711642742157 -1.1947390437126157 0.74812453985214245 0.086991183459758772 -0.21596324443817136 1.3179713487625124 0.074997957795858397 0.29176042973995214
decision_type=2 2 2 2 2 2 2 2 2 2 2 2 2 2 2 2 2 2 2 2 2 2 2 2 2 2 2 2 2 2
left_child=4 10 -3 -4 5 13 7 8 -7 11 -2 -8 -13 22 -15 17 19 -16 -19 -17 21 -20 27 -24 25 -25 -27 -1 29 -29
right_child=1 2 3 -5 -6 6 9 -9 -10 -11 -12 12 -14 14 15 16 -18 18 20 -21 -22 -23 23 24 -26 26 -28 28 -30 -31
leaf_value=-0.00051236322050654277 -0.0021804298702290457 -0.0044095829258258877 -0.00057163241994469163 0.0065580954093191384 0.0047037965708021405 0.0045415299804669514 0.0015416369791442107 0.0072350563872472587 -0.0044109988109071515 0.0039974394569725407 -0.0093416651933623095 -0.0080885609496593128 -0.00041684097879842271 -0.009168705858271264 -0.0069674619196849657 -0.0053943613364634 -0.0095618446013026603 0.009386036874745679 -0.0039289711556783442 0.0029654464185523751 0.0060834833446250835 0.0033928367412713774 -0.0079685052847356264 0.0032250690761384906 0.004378452643047751 -0.00043001839352018546 -0.0073787035543534558 0.001518885503966373 0.0013321956039142246 -0.0014428308004746943
leaf_weight=43306.858750715852 810.97091564536095 1008.4540469199419 913.65039908885956 738.84094989299774 905.68920159339905 965.36193861067295 1085.2154249101877 1095.6742268502712 519.65650759637356 927.57317517697811 774.60168653726578 610.40062318742275 621.61630353331566 592.72450982034206 541.65451589226723 499.05064702033997 960.09679870307446 506.07818281650543 808.93709082901478 896.24425329267979 674.33087038993835 577.30179832875729 568.13725863397121 808.75984354317188 634.290238276124 953.58800965547562 1209.149516120553 12176.966419324279 25294.105123579502 19647.37462952733
leaf_count=173891 3271 4083 3698 2986 3642 3880 4353 4405 2089 3748 3137 2448 2493 2386 2175 2005 3871 2033 3250 3601 2709 2322 2301 3268 2546 3851 4863 49208 101757 78954
internal_value=-0.000102643 -0.00216786 -4.0426e-05 0.00263639 -2.77543e-05 -6.49447e-05 0.00175612 0.00389584 0.0014002 4.75865e-05 -0.00571554 -0.0015439 -0.0042523 -0.000160965 -0.00180044 -0.000985815 -0.00394628 0.00126301 0.00302024 -4.16883e-05 0.00141901 -0.000877329 -6.58742e-05 -0.00204484 -0.00109203 -0.00227052 -0.00433099 1.65718e-05 0.000417627 -0.000309466
internal_weight=121633 4246.52 2660.95 1652.49 117387 116481 5825.5 2580.69 1485.02 3244.81 1585.57 2317.23 1232.02 110656 6056.42 5463.69 2355.39 3108.3 2566.65 1395.29 2060.57 1386.24 104599 4173.92 3605.79 2971.5 2162.74 100425 57118.4 31824.3
internal_count=489224 17175 10767 6684 472049 468407 23416 10374 5969 13042 6408 9294 4941 444991 24352 21966 9477 12489 10314 5606 8281 5572 420639 16829 14528 11982 8714 403810 229919 128162
is_linear=0
shrinkage=0.05


Tree=140
num_leaves=31
num_cat=0
split_feature=29 15 15 35 16 11 24 6 27 5 13 37 11 42 34 15 29 40 31 31 11 16 29 35 15 24 8 13 27 27
split_gain=11.016 8.21789 8.10217 6.34553 20.2569 13.5457 11.0794 10.4874 7.2149 12.303 24.464 11.7225 9.91304 15.8292 15.5906 30.1695 12.2145 11.9926 10.2036 18.2698 16.1292 10.9872 10.1528 15.4191 12.7603 12.22 11.166 14.4391 9.82733 9.53088
threshold=-0.98298320174217213 -6.4721891880035392 -9.1358075141906721 0.92341804504394542 -0.58526045083999623 0.96569773554801952 2.5367776155471806 2.4065696001052861 0.54935380816459667 1.1861715316772463 -7.3450307846069327 0.16191314160823825 -1.0491616725921629 0.81174489855766307 -0.16061044484376905 -7.0342855453491202 -0.77544531226158131 -0.99495905637741078 -0.047484794631600373 -0.20762470364570615 -1.6427645683288572 -0.021341340616345402 0.14800265431404117 0.18847052752971652 -7.1482570171356192 1.6096622347831728 0.55780434608459484 -7.8530087471008292 -0.14160442352294919 0.79192629456520092
decision_type=2 2 2 2 2 2 2 2 2 2 2 2 2 2 2 2 2 2 2 2 2 2 2 2 2 2 2 2 2 2
left_child=-1 2 -2 7 -5 -6 -7 8 9 12 28 29 13 14 15 16 -4 -14 19 21 -20 -18 23 24 26 -24 27 -16 -11 -10
right_child=1 -3 3 4 5 6 -8 -9 11 10 -12 -13 17 -15 22 -17 18 -19 20 -21 -22 -23 25 -25 -26 -27 -28 -29 -30 -31
leaf_value=0.007350020939239592 -0.0062290870489795837 0.0045690200984543662 -0.0030365989718322082 0.0089693066320842181 0.0054910714579593858 0.00075246179136014306 -0.0075869567695932977 -0.0063250451567089918 -0.00038981241238067731 0.0036348509145019583 0.0088441827883974002 0.00012724665344986301 0.00413190803596646 -0.0093031082844623365 -0.00089563425254169488 -0.0074795461318810505 0.0013776986207610915 0.00022417977083102065 0.01402193027192465 -0.0047172024523290087 0.0025267084391032328 0.0093553340936166976 0.0043153118094185986 0.0024215104551355547 0.00050259888283903217 -0.0033310462693956866 -0.012579669073955824 -0.010315483227849996 -0.0016017909415750571 -0.0031883088560147629
leaf_weight=508.99024765193462 507.73312221467495 987.66920675337315 738.54664671421051 817.9488400965929 732.60176536440849 975.16094702482224 661.37678770720959 646.03869760036469 5861.7266124486923 1560.3078041225672 1205.3671540170908 19793.448571369052 2014.5030014812946 568.26148574054241 917.22488398849964 840.24158753454685 1012.2134226560593 65109.469181880355 544.4995147138834 695.86128340661526 690.8138399720192 747.84809024631977 959.25373527407646 713.04651905596256 645.0252647548914 1123.6986668556929 722.09860318899155 724.07360395789146 2076.9816526323557 6322.8381740599871
leaf_count=2066 2042 3978 3001 3292 2956 3931 2661 2617 23559 6279 4841 79582 8105 2293 3679 3396 4086 261824 2196 2805 2780 3029 3848 2863 2587 4512 2896 2904 8369 25416
internal_value=8.10607e-05 4.9857e-05 1.22616e-05 3.93169e-05 0.00223685 -0.000115475 -0.00264337 -2.1126e-05 1.46519e-05 0.000258956 0.00270241 -0.000623984 0.000108406 -0.0012378 -0.000815922 0.00115189 0.00280225 0.000342055 0.00397555 0.00209598 0.00766546 0.00480109 -0.00260147 -0.0041625 -0.00572588 0.000194094 -0.00742073 -0.00508859 0.000648407 -0.00184344
internal_weight=121425 120916 119928 119420 3187.09 2369.14 1636.54 116233 115587 83609.3 4842.66 31978 78766.7 11642.7 11074.4 5270.02 4429.78 67124 3691.24 2455.92 1235.31 1760.06 5804.42 3721.47 3008.42 2082.95 2363.4 1641.3 3637.29 12184.6
internal_count=488393 486327 482349 480307 12840 9548 6592 467467 464850 336293 19489 128557 316804 46875 44582 21293 17897 269929 14896 9920 4976 7115 23289 14929 12066 8360 9479 6583 14648 48975
is_linear=0
shrinkage=0.05


Tree=141
num_leaves=31
num_cat=0
split_feature=23 20 43 14 2 1 26 16 2 11 20 13 13 11 23 24 18 22 25 11 23 24 39 22 14 15 24 10 15 10
split_gain=8.84026 19.1348 16.468 14.1743 15.4315 12.4653 11.3002 10.6864 9.67544 9.14842 8.62027 8.44497 12.2065 37.1078 14.3188 11.1529 15.5849 17.6977 11.1923 8.84904 8.61151 7.33276 7.47426 7.21856 6.83748 14.5183 18.4208 18.6142 15.4841 27.0266
threshold=0.93865525722503673 1.2197519540786745 0.2333333417773247 -8.4435305595397931 0.38993579149246221 0.3734434843063355 -1.7437096834182737 -0.08193806558847426 0.68020319938659679 -0.073379226028919206 0.96877241134643566 -8.8465027809143049 -8.7013974189758283 0.81879204511642467 0.60032042860984813 2.5904620885849003 0.86636799573898327 1.4757995009422304 0.41191996634006506 -3.2910846471786495 0.25116200745105749 2.1234126091003422 0.03053822182118893 1.5151723623275759 -8.5390920639038068 -8.2313957214355451 1.2060050368309023 0.056895049288868911 -8.1404738426208478 0.36932335793972021
decision_type=2 2 2 2 2 2 2 2 2 2 2 2 2 2 2 2 2 2 2 2 2 2 2 2 2 2 2 2 2 2
left_child=11 3 7 -2 9 23 -6 -3 -7 -5 -8 15 13 14 20 16 17 -1 -18 -14 -13 22 -10 -4 -21 26 27 -26 29 -27
right_child=1 2 5 4 6 8 10 -9 21 -11 -12 12 19 -15 -16 -17 18 -19 -20 24 -22 -23 -24 -25 25 28 -28 -29 -30 -31
leaf_value=-0.0025717452738352399 0.0035119847748606909 -7.5498351929525996e-05 0.010005158971202546 -0.0051717521986693535 -0.0080587880429933891 -0.0046606327481944305 0.0039634915133116219 -0.0074295822438579726 8.6444586634423182e-05 -0.0136663465632684 -0.0035655238636817261 0.0064980187655099639 -0.0057015809601813879 -0.0073955217474822102 0.0012920381328328724 0.004519413321554349 -0.0041610539203886425 -0.013530050243504389 0.0036267515367234496 -0.0025551492232912358 0.015741060850558587 -0.0030166518122656371 0.0054671241455822158 0.0026356509840607025 0.0042549819526108406 -0.0080910428875235543 0.0059290999340912967 -0.008709378028498976 0.0003392572998181809 0.004742143419576985
leaf_weight=984.4382696300745 538.24668051302433 1033.6328092813492 585.77659022808075 654.80219306051731 640.89099988341331 771.55384193360806 680.78205934166908 936.54327982664108 1300.4602514058352 642.27893842756748 835.53135430812836 518.0638277977705 606.62171971797943 520.62510086596012 548.8252124786377 554.50297653675079 841.85258069634438 584.77338136732578 996.4001632630825 2036.7779608666897 528.95647168159485 689.59904016554356 1271.9498538374901 774.20694914460182 578.12952807545662 1334.7157631218433 2430.5098872482777 513.90304486453533 95885.740464687347 582.57954706251621
leaf_count=3956 2165 4173 2358 2633 2583 3116 2741 3791 5252 2595 3370 2093 2439 2094 2205 2230 3393 2354 4004 8200 2124 2785 5135 3134 2324 5369 9785 2066 385494 2344
internal_value=0.000125424 -0.00120214 0.000309939 -0.0039848 -0.00515971 0.00173897 -0.0025481 -0.0035912 0.000338533 -0.00945042 -0.000181387 0.000262518 0.000347237 0.00409735 0.00786946 -0.00200107 -0.00307228 -0.00671522 5.70046e-05 0.00027051 0.0112724 0.0015316 0.00275784 0.00585973 0.000306108 0.000363869 0.00351295 -0.00186963 0.000250102 -0.00418724
internal_weight=121404 11356.3 7363.72 3992.53 3454.29 5393.55 2157.2 1970.18 4033.56 1297.08 1516.31 110047 106085 2116.47 1595.85 3961.97 3407.46 1569.21 1838.25 103969 1047.02 3262.01 2572.41 1359.98 103362 101326 3522.54 1092.03 97803 1917.3
internal_count=488305 45831 29744 16087 13922 21780 8694 7964 16288 5228 6111 442474 426537 8516 6422 15937 13707 6310 7397 418021 4217 13172 10387 5492 415582 407382 14175 4390 393207 7713
is_linear=0
shrinkage=0.05


Tree=142
num_leaves=31
num_cat=0
split_feature=30 15 8 15 40 17 21 7 24 40 14 15 22 11 11 6 16 9 9 6 15 25 30 30 15 41 17 15 15 17
split_gain=8.64993 16.5281 19.6893 23.2198 22.6396 18.5149 18.3328 18.2514 20.097 15.2987 19.6524 20.6909 22.3293 16.4796 14.0336 13.3751 25.4828 13.3678 12.0468 13.0159 10.7516 12.0161 9.69897 17.0597 18.9389 15.1673 22.2668 17.5483 24.7144 18.7301
threshold=0.62100744247436535 -7.4207670688629142 -0.44356712698936457 -7.5009052753448477 -0.49621178209781641 0.35058137774467474 0.20981348305940631 0.46130123734474188 1.6322573423385622 -0.3131608366966247 -7.5359866619110099 -7.5779583454132071 1.6644392609596255 0.13728720694780353 0.54402810335159313 0.12012750282883645 -0.090172290802001939 -0.094153758138418184 -0.8627735674381255 -0.71003589034080494 -7.58160376548767 0.68810144066810619 -0.65662771463394154 -0.91752320528030384 -7.4425439834594718 0.87837970256805431 -0.51013234257698048 -6.971245050430297 -7.2780654430389395 0.21802045404911044
decision_type=2 2 2 2 2 2 2 2 2 2 2 2 2 2 2 2 2 2 2 2 2 2 2 2 2 2 2 2 2 2
left_child=22 2 3 -2 14 6 -3 8 -8 -6 13 12 -12 -11 20 16 -7 -17 -18 -20 21 -4 23 24 -1 27 -27 28 -24 -29
right_child=1 5 4 -5 9 15 7 -9 -10 10 11 -13 -14 -15 -16 17 18 -19 19 -21 -22 -23 25 -25 -26 26 -28 29 -30 -31
leaf_value=0.001417186914589664 -0.0034518434960883354 -0.003161565169987072 0.0067042424817083382 -0.014658658977388564 -0.010814209966378278 0.011103126346143605 0.0046821177823170275 0.0011384863043243122 0.018073145956656218 0.00043192279636032355 -0.00098931556048028951 -0.0049089232065628501 0.013505160725687733 -0.0094717856898963743 0.0080043586945526633 -0.0098636363221768567 0.004669903749123152 -0.00091875259521116486 -0.0104545882447733 0.00044837549045798129 -0.0052907215548147367 -0.0021318800328092779 0.00073210958890193752 -0.0019243262096592453 -0.0010189090149852577 -0.0086494427381536808 -0.0004010255951131963 -0.0033483250499183794 0.0037202247334850828 0.0065844560817735036
leaf_weight=17174.242538779974 3271.5485314130783 634.15278580784798 832.31952629983425 530.72563000023365 536.86941149830818 510.51133660972118 638.81324318051338 889.52508234977722 503.04690092802048 696.94321446120739 524.01165841519833 657.36056479811668 526.40491405129433 1044.0168164223433 872.71863830089569 675.33867821097374 508.34923541545868 1075.478418558836 497.69083444774151 592.29050458967686 573.7256097048521 701.36777709424496 38664.408143386245 11982.011675909162 14882.907027050853 903.35824640095234 7864.4022537916899 3712.1255114972591 8420.4295142143965 534.55363771319389
leaf_count=69044 13165 2555 3336 2135 2155 2050 2565 3575 2021 2799 2103 2640 2115 4204 3504 2707 2050 4313 2007 2376 2301 2816 155608 48202 59846 3631 31608 14946 33897 2151
internal_value=7.61591e-05 -0.00095908 -0.00216162 -0.00505045 -0.000579767 0.00102565 0.00422261 0.00653198 0.0106872 -0.00304137 -0.0018036 0.00200253 0.00633329 -0.0055273 0.00271153 -0.00118742 0.00149247 -0.00440546 -0.00162716 -0.00457976 0.00049222 0.00267578 0.000248146 -0.000315506 0.000286236 0.00066116 -0.00125976 0.000989447 0.00126717 -0.0020855
internal_weight=121432 17293.2 10768 3802.27 6965.74 6525.2 2665.54 2031.39 1141.86 3985.61 3448.74 1707.78 1050.42 1740.96 2980.13 3859.66 2108.84 1750.82 1598.33 1089.98 2107.41 1533.69 104138 44039.2 32057.1 60099.3 8767.76 51331.5 47084.8 4246.68
internal_count=488425 69492 43273 15300 27973 26219 10716 8161 4586 16016 13861 6858 4218 7003 11957 15503 8483 7020 6433 4383 8453 6152 418933 177092 128890 241841 35239 206602 189505 17097
is_linear=0
shrinkage=0.05


Tree=143
num_leaves=31
num_cat=0
split_feature=31 34 15 24 12 39 17 7 26 17 25 9 30 22 33 39 17 19 9 31 39 20 39 25 35 30 7 41 6 39
split_gain=8.83194 6.86801 20.4357 21.6161 16.6427 12.8883 12.656 12.4809 16.0103 10.9717 11.4699 9.60248 11.1399 14.7275 8.79636 8.80869 8.7539 8.55456 8.28027 7.71876 15.0957 10.9251 10.049 8.19465 18.9153 16.7274 17.4129 12.1086 14.4487 12.0047
threshold=-0.85071793198585499 0.77579128742218029 -7.58160376548767 1.6874279379844668 -8.0629715919494611 -0.21217565238475797 -0.47978523373603815 1.3310970067977907 -0.24990555644035337 -0.2468634024262428 0.81704679131507885 -0.34297330677509302 -0.64676547050476063 1.9119492173194887 0.74879586696624767 0.11753627657890321 -0.3955616950988769 0.88796541094779979 0.168029360473156 0.65054339170455944 0.90068966150283825 1.0785786509513857 0.30486139655113226 0.83760020136833202 0.62879261374473583 0.32953900098800665 -0.1496464982628822 1.0000000180025095e-35 -0.11418714746832846 1.0000000180025095e-35
decision_type=2 2 2 2 2 2 2 2 2 2 2 2 2 2 2 2 2 2 2 2 2 2 2 2 2 2 2 2 2 2
left_child=-1 7 3 -3 -5 17 -7 14 11 -10 -11 -9 -13 -14 19 18 -17 -4 -16 23 21 22 -21 24 -2 26 -26 28 -25 -29
right_child=1 2 5 4 -6 6 -8 8 9 10 -12 12 13 -15 15 16 -18 -19 -20 20 -22 -23 -24 27 25 -27 -28 29 -30 -31
leaf_value=0.0046779523044093276 -0.00015416733712251055 -0.0042982337361632253 -0.0043129593455061939 -0.00042958138655169647 0.010461006277999903 -0.0013512635786189001 -0.011163979960159149 -0.005539011877907115 0.012424860297090721 -0.0021583414787949085 0.0074404525861417247 -0.0027615148797002389 0.0097258554744738494 0.00010388003540097509 -0.00089460704540254279 -0.004275932222029365 0.0044660031169355156 0.0039041963506067632 -0.0091477820288556888 -0.0066635969426786443 0.0083982907383255076 0.002982894507077876 0.0022987839057428232 -0.0094525556292200316 -0.0037174279935424611 0.0096307473202865632 0.0046165105993320353 -0.0019097630778325651 -0.0020205369011472643 0.002996638437313326
leaf_weight=956.61714662611485 89471.060575589538 939.75112088024616 813.8861500620842 647.50227752327919 753.61161939799786 492.4865554869175 996.04575078189373 571.93480902910233 497.47145733237267 505.08741100132465 785.7787284553051 935.20998011529446 664.69226604700089 969.16562639176846 498.06396701931953 563.03480319678783 562.44726909697056 505.06816102564335 779.20705533027649 751.54835148155689 754.4891133159399 1879.0584675520658 523.9266420006752 734.10128645598888 970.37614043056965 851.23177437484264 1730.6597901433706 2645.9736650586128 5494.9157573282719 2339.8562176972628
leaf_count=3877 359636 3811 3284 2621 3044 2009 4046 2298 2004 2029 3166 3775 2684 3903 2003 2267 2265 2046 3146 3020 3029 7553 2104 2952 3899 3421 6952 10630 22167 9398
internal_value=-8.24005e-05 -0.000120536 -0.00190555 0.00154132 0.00546072 -0.0047748 -0.00794809 -4.0798e-05 0.00241826 0.00618042 0.00369694 0.000263446 0.00157168 0.00405368 -0.000150654 -0.00313655 9.36107e-05 -0.00116066 -0.00596146 -8.40315e-05 0.0020944 0.000564884 -0.00299288 -0.000165918 -1.19253e-05 0.0035611 0.00161979 -0.00144208 -0.00291016 0.000394207
internal_weight=121584 120628 5148.35 2340.87 1401.11 2807.49 1488.53 115479 4929.34 1788.34 1290.87 3141 2569.07 1633.86 110550 2402.75 1125.48 1318.95 1277.27 108147 3909.02 3154.53 1275.47 104238 93023.3 3552.27 2701.04 11214.8 6229.02 4985.83
internal_count=489039 485162 20861 9476 5665 11385 6055 464301 19859 7199 5195 12660 10362 6587 444442 9681 4532 5330 5149 434761 15706 12677 5124 419055 373908 14272 10851 45147 25119 20028
is_linear=0
shrinkage=0.05


Tree=144
num_leaves=31
num_cat=0
split_feature=11 39 33 25 11 24 25 7 35 5 35 41 16 0 12 32 22 22 7 5 15 14 24 11 30 28 39 11 25 42
split_gain=9.80267 18.0108 15.5199 12.1259 8.85123 53.1862 12.995 12.0956 12.6454 15.5696 10.5157 8.79234 8.12975 7.92446 10.2942 13.9213 13.3047 11.587 12.143 11.4843 11.383 9.98827 11.9406 9.03667 8.94575 8.90202 9.87249 12.7906 17.44 11.2245
threshold=-2.2485940456390376 0.37055389583110815 -0.19798281043767926 0.60860803723335277 -1.5986500382423399 2.2446397542953496 0.19320812076330188 0.65265405178070079 -0.05080090090632438 -0.36051332950592035 -0.37428127229213709 -1.0000000180025095e-35 -0.24640815705060956 0.21814192086458209 -7.8556141853332511 -0.24084226042032239 1.6320425271987917 2.0079581737518315 -0.56273934245109547 -0.86604398488998402 -7.7209069728851309 -7.7186210155487052 1.0362532734870913 0.58038660883903515 -1.8045732378959654 0.33359521627426153 0.58424410223960888 0.6537413001060487 0.75843811035156261 1.0000000180025095e-35
decision_type=2 2 2 2 2 2 2 2 2 2 2 2 2 2 2 2 2 2 2 2 2 2 2 2 2 2 2 2 2 2
left_child=1 3 -3 -1 5 6 -2 8 9 -8 -7 -11 -4 -6 15 19 24 18 20 -15 -17 -18 -23 -22 -16 26 -20 28 29 -28
right_child=4 2 12 -5 13 10 7 -9 -10 11 -12 -13 -14 14 16 17 21 -19 25 -21 23 22 -24 -25 -26 -27 27 -29 -30 -31
leaf_value=-0.0056774877334677442 0.0012671955707034572 -0.00033563831188964896 0.012678191485998903 0.003402871553887308 -0.00031626224017723865 0.0028947108553371327 0.00027446773536012704 -0.00054233335902342794 -0.013781586450702052 -0.0048073841424784497 0.012657423065936861 -0.014256744868545328 0.0042510346757407185 0.0023250784067587282 -0.0051183773266809049 0.00069574090010460861 -0.0050415811960129106 0.0056278214436398842 -0.00035593355069979838 0.011111125726092179 -0.0021779122088817003 -0.0081881937558557372 -0.00025104885695064616 -0.011210022786981756 0.0010118115724213883 0.0052919756594284727 -0.0060151138813094255 0.0064560225777531566 0.0063237724237992995 0.001895461567933468
leaf_weight=784.44747379422188 659.70558115839958 645.48555032908916 707.10839341580868 675.30762334167957 71580.125307500362 619.22403329610825 657.76373189687729 674.7271986156702 694.74911557137966 506.0235013961792 499.08323556184769 499.55466119945049 500.29823659360409 894.50798100233078 609.95788124203682 1215.8798970878124 1742.3165015280247 1255.7819070965052 6798.5695211440325 635.24768131971359 620.21904587745667 500.70543682575226 6576.185278609395 499.41504092514515 14946.743900820613 1228.0139254778624 917.75173988938332 1475.7005836069584 894.12702345848083 860.82159346342087
leaf_count=3170 2678 2608 2839 2717 287917 2491 2649 2712 2786 2031 2007 2003 2009 3611 2450 4887 7043 5066 27326 2553 2492 2012 26515 2004 60039 4934 3678 5929 3595 3452
internal_value=-1.10978e-05 0.00266729 0.00592677 -0.00148219 -8.64686e-05 -0.00218473 -0.00507689 -0.0064565 -0.0081393 -0.00571433 0.00732522 -0.00959583 0.00924994 2.84827e-06 0.00055093 0.00148349 -0.000111106 0.00103959 0.000638904 0.00602205 -0.00265623 -0.00166149 -0.000823381 -0.00627027 0.000768321 0.00127267 0.000817369 0.00273646 0.000666332 -0.00219724
internal_weight=121376 3312.65 1852.89 1459.76 118063 4810.83 3692.52 3032.82 2358.09 1663.34 1118.31 1005.58 1207.41 113252 41671.9 17296 24375.9 15766.3 14510.5 1529.76 2335.51 8819.21 7076.89 1119.63 15556.7 12175 10947 4148.4 2672.7 1778.57
internal_count=488203 13343 7456 5887 474860 19357 14859 12181 9469 6683 4498 4034 4848 455503 167586 69527 98059 63363 58297 6164 9383 35570 28527 4496 62489 48914 43980 16654 10725 7130
is_linear=0
shrinkage=0.05


Tree=145
num_leaves=31
num_cat=0
split_feature=27 26 21 13 22 30 15 9 34 30 10 15 22 11 15 11 35 35 8 31 8 26 26 2 23 37 40 34 11 30
split_gain=11.2703 15.5189 20.858 23.417 13.8803 12.2372 30.6193 18.5247 20.4482 19.5745 14.8474 17.7126 14.57 13.5498 13.1832 17.3111 18.2484 13.7986 19.0063 12.3577 14.2883 11.6987 11.585 10.8459 10.3652 10.331 13.9477 10.2207 10.0206 11.9533
threshold=0.54935380816459667 -2.4280531406402583 0.98790994286537182 -8.7270827293395978 1.6320425271987917 -1.1404469609260557 -7.4752216339111319 -0.53193774819374073 -0.35105468332767481 -1.6394550204277036 -0.22500406205654142 -7.3030023574829093 0.77576717734336864 -0.36383412778377527 -7.6436731815338126 -0.18603123724460599 0.031301816925406463 0.21233101189136508 0.4851334840059281 0.12297442927956583 -0.82917550206184376 -3.8981944322586055 -2.2896130084991451 -0.44418686628341669 0.61253839731216442 0.58571812510490429 0.56999135017395031 0.074264023452997222 1.3773171901702883 1.0000000180025095e-35
decision_type=2 2 2 2 2 2 2 2 2 2 2 2 2 2 2 2 2 2 2 2 2 2 2 2 2 2 2 2 2 2
left_child=5 4 22 -4 -2 6 14 8 -8 -10 -9 23 -7 27 17 24 -17 18 19 20 -1 -14 -3 -12 -16 -5 -27 -13 -24 -30
right_child=1 2 3 25 -6 12 7 10 9 -11 11 13 21 -15 15 16 -18 -19 -20 -21 -22 -23 28 -25 -26 26 -28 -29 29 -31
leaf_value=0.0072749128074732702 -0.0019600231391860281 0.0057292277416276897 0.011765060395968781 -0.00016894077843362262 -0.0085425515532182531 -0.0076931213552532268 0.0017668710583358433 0.0041466311280740501 -0.015294213634011018 -0.0029668747782883699 0.00030641907741860104 -0.0080501350149163094 0.0049985817273794225 0.004070351540910077 0.0070236166855331033 -0.0020162095214857709 0.0079389355060450178 -0.0020841633664467336 0.012287341975913881 0.0074329174614054727 -0.0017751952202459159 5.5675982198308828e-05 -0.0015238051852533949 -0.0085625611845628908 0.016193031482207715 0.0013129132187943403 0.010739480434873196 0.001810934747147703 -0.00014717768673450592 0.0077852075360359046
leaf_weight=563.69765327870846 4136.7938669025898 621.23442600667477 584.89880998432636 3743.8768362402916 986.25488764047623 588.47479683160782 784.44314336776733 2180.3105549365282 569.53288133442402 738.55802704393864 541.80813620984554 512.7817525267601 1208.2289037108421 1769.5897324234247 849.46301832795143 898.37659022212029 927.14193558692932 1390.5580492317677 544.31207729876041 837.16850879788399 1809.0964544415474 68884.397446975112 19654.317450433969 934.39669731259346 503.09854121506214 1179.0468434542418 580.68586406111717 522.30471473932266 1932.0475918501616 619.55319152772427
leaf_count=2273 16613 2496 2350 15071 3970 2362 3182 8762 2285 2963 2176 2059 4854 7112 3419 3611 3728 5596 2184 3362 7266 277148 79021 3755 2019 4744 2339 2097 7779 2494
internal_value=6.4058e-05 -0.000707853 -0.00025801 0.00233985 -0.00324142 0.000364191 0.00157345 -0.00052741 -0.0046043 -0.00840942 0.000798014 -0.000913171 7.52717e-05 0.00142079 0.00373062 0.00625881 0.0030555 0.00215978 0.00373307 0.00224887 0.00039632 0.000141581 -0.000951639 -0.00532724 0.0105281 0.00131866 0.00446665 -0.00310452 -0.00114104 0.00180175
internal_weight=121596 34038.7 28915.7 6088.51 5123.05 87557.7 16876.6 8553.73 2092.53 1308.09 6461.19 4280.88 70681.1 2804.68 8322.91 3178.08 1825.52 5144.83 3754.27 3209.96 2372.79 70092.6 22827.2 1476.2 1352.56 5503.61 1759.73 1035.09 22205.9 2551.6
internal_count=489090 136877 116294 24504 20583 352213 67849 34391 8430 5248 25961 17199 284364 11268 33458 12777 7339 20681 15085 12901 9539 282002 91790 5931 5438 22154 7083 4156 89294 10273
is_linear=0
shrinkage=0.05


Tree=146
num_leaves=31
num_cat=0
split_feature=14 28 26 15 0 23 20 9 10 28 28 15 28 3 30 33 9 14 41 14 28 10 28 20 11 9 15 14 14 34
split_gain=9.31342 18.5636 14.5 11.5013 10.5861 16.2352 14.1501 14.0052 14.6182 11.2996 13.9132 15.9925 10.5706 11.1783 9.9094 9.71822 15.1202 9.47154 23.8637 12.9859 11.8006 9.98407 9.35751 9.31093 9.30307 8.8612 8.79766 8.37748 8.45101 8.32561
threshold=-6.7701494693756095 -0.29313254356384272 -1.0024569034576414 -6.8301241397857657 -0.98626691102981556 0.12853738665580752 2.485142827033997 0.64840158820152294 -1.7783238887786863 1.3226000666618349 1.9051762223243716 -7.936924695968627 0.029051731340587143 -0.22837433964014051 0.14788712561130526 -0.038480108603835099 -0.019299083389341828 -7.7186210155487052 1.0000000180025095e-35 -7.9036583900451651 -0.86475655436515797 -0.33926530182361597 0.71146696805953991 2.3044455051422124 -3.2910846471786495 -0.80708032846450795 -7.855940341949462 -7.3014128208160392 -7.5359866619110099 0.10498496517539026
decision_type=2 2 2 2 2 2 2 2 2 2 2 2 2 2 2 2 2 2 2 2 2 2 2 2 2 2 2 2 2 2
left_child=4 2 3 -2 23 6 7 8 -6 24 11 -11 17 -14 -3 22 -17 18 19 21 -20 -10 -16 26 -7 -19 29 28 -13 -1
right_child=1 14 -4 -5 5 9 -8 -9 12 10 -12 27 13 -15 15 16 -18 25 20 -21 -22 -23 -24 -25 -26 -27 -28 -29 -30 -31
leaf_value=-0.00081204543626164883 -0.0068049900492512406 0.0052473385270659298 -0.0096902989799782218 0.001485292859509831 0.01003710415431038 -0.0058230561413389094 -0.0042698406838222527 0.0069551575678417485 0.0010115132743748262 -0.0024620894954070181 -0.0024861997913979937 0.0053843829555835186 0.00051735588383363957 -0.007095796913260179 -0.002355825279700977 -0.0088086226163124736 0.0010557600598433236 0.0096953116734383171 -0.0094050634978195113 -0.0035989348990344396 0.00074037030793826675 0.0080455195807958065 0.0061753500917395617 0.0021244442653907346 4.9534702193788606e-05 0.0029889771140950926 -0.0021747710377818981 0.0031957100007799139 0.014012745049082424 0.0050558852133283962
leaf_weight=2020.4902044385672 726.18198914825916 840.77292184531689 999.63903561234474 962.47444021701813 504.29429921507835 669.87232106924057 802.66732962429523 1553.9688859432936 833.91259609162807 625.20268727838993 925.85106879472733 631.32949687540531 2076.9263776391745 617.46913792192936 581.43364863097668 719.68814563751221 826.68405076861382 690.60934787988663 652.8064479380846 502.21683244407177 502.58661533892155 1279.6065564602613 697.56448496878147 2008.1123904138803 83514.177117973566 1711.88904710114 10707.095847815275 1012.9143894165754 538.54382713139057 851.2455692589283
leaf_count=8136 2914 3386 4017 3867 2045 2691 3275 6246 3381 2516 3722 2539 8407 2497 2341 2886 3316 2800 2623 2029 2023 5166 2817 8154 335621 6901 43089 4070 2164 3423
internal_value=6.24777e-05 -0.0017995 -0.0049472 -0.0020989 0.000165301 0.000354861 0.00210137 0.00257288 0.00183965 0.000121651 0.00280943 0.00455813 0.0013627 -0.00124712 0.00051582 -0.000905725 -0.00356226 0.0025019 0.000933984 0.00357452 -0.0050234 0.00528801 0.00230888 -0.001046 2.11904e-06 0.00494894 -0.00151608 0.00657095 0.0094415 0.000938847
internal_weight=121588 6354.44 2688.3 1688.66 115234 99646.8 11729 10926.3 9372.32 87917.9 3733.84 2807.99 8868.02 2694.4 3666.14 2825.37 1546.37 6173.63 3771.13 2615.74 1155.39 2113.52 1279 15586.9 84184 2402.5 13578.8 2182.79 1169.87 2871.74
internal_count=489062 25544 10798 6781 463518 400716 47393 44118 37872 353323 15011 11289 35827 10904 14746 11360 6202 24923 15222 10576 4646 8547 5158 62802 338312 9701 54648 8773 4703 11559
is_linear=0
shrinkage=0.05


Tree=147
num_leaves=31
num_cat=0
split_feature=31 40 7 28 40 40 16 28 29 18 24 28 43 40 15 31 8 25 35 28 24 24 15 40 24 40 28 40 31 33
split_gain=9.22674 12.7877 16.5224 18.7531 21.7213 14.8893 12.0623 10.4606 10.3064 10.0342 13.2549 9.47763 8.75867 8.2267 8.33275 19.9242 20.9745 14.1636 24.9592 21.279 15.8114 13.5722 13.3108 20.199 11.1132 14.2583 10.0341 11.4258 7.06841 7.06198
threshold=-0.60528859496116627 -0.94116705656051625 0.15992579609155658 -0.77632084488868702 0.10018710792064668 0.40274286270141607 -0.1795975640416145 -0.059239262714982026 0.0060972583014518031 1.0150875449180605 1.5077275633811953 0.61908459663391124 0.36666667461395269 0.99975252151489269 -8.2522220611572248 -0.15021148324012754 1.4429361224174502 0.65547439455986034 0.18847052752971652 -0.12919647246599195 1.5983703732490542 1.412433981895447 -8.152798652648924 0.69150647521018993 1.388668477535248 -0.16074103116989133 0.11801555752754213 0.48098418116569525 -0.31768207252025599 0.8518866002559663
decision_type=2 2 2 2 2 2 2 2 2 2 2 2 2 2 2 2 2 2 2 2 2 2 2 2 2 2 2 2 2 2
left_child=1 -1 3 4 8 6 -5 -7 -3 10 -6 -9 -8 14 15 26 17 19 -19 20 -17 -20 23 24 -16 -26 27 28 -2 -24
right_child=13 2 -4 5 9 7 12 11 -10 -11 -12 -13 -14 -15 22 16 -18 18 21 -21 -22 -23 29 -25 25 -27 -28 -29 -30 -31
leaf_value=0.0073602945267571178 -0.0034135198823053779 0.011731149072977988 -0.0073808639208338828 -0.010086378636954389 -0.0013411945858253134 -0.0027407393243026839 0.003152901202551529 0.0106877309857362 0.0029830102109314215 -0.0030332282240584027 0.0095958744897827533 0.0010892593548249771 -0.004392264818590951 -0.0050987122020899412 0.0039166897142932037 -0.006278905414200342 -0.0062390773022597467 0.015416812901741043 -0.0012135033359602688 0.0078381517650154761 0.0033295838107090265 0.0078907591330729301 6.8301712077400675e-05 -0.010488319258791744 -0.0097060646746492691 0.0017076919222733834 0.0027414717964290209 0.0012219444554916878 -0.011317119011085824 -0.0021570171488313355
leaf_weight=878.49018059670925 633.59992894530296 992.81043201684952 533.97932952642441 523.0388470441103 559.30896882712841 542.41928645968437 632.13749358057976 495.82233974337578 519.78380215167999 907.60068807005882 534.73958471417427 528.34474565088749 951.19080793857574 781.5347885787487 737.81651732325554 860.25613065063953 513.81316973268986 645.90011362731457 733.72838124632835 923.03604339063168 833.81039577722549 909.30748899281025 97956.8288256675 751.24413342773914 536.24368543922901 543.1568104326725 759.02479569613934 648.25277011096478 520.3689696341753 3689.8299201726913
leaf_count=3552 2547 3999 2144 2109 2252 2197 2568 2019 2086 3658 2152 2156 3862 3162 2966 3454 2071 2592 2957 3711 3352 3659 393742 3024 2155 2186 3065 2610 2090 14934
internal_value=0.000101029 0.00167883 0.00102373 0.00165755 0.00426329 -0.000840409 -0.0035786 0.0028406 0.0087643 0.000835338 0.00404303 0.00579451 -0.00137901 -1.92082e-05 1.66258e-05 0.00157266 0.00328809 0.00429654 0.00716132 0.00177327 -0.00155787 0.00384233 -0.000102679 -0.00365042 -0.000781675 -0.00399968 -0.00205604 -0.00408054 -0.00704417 -1.26828e-05
internal_weight=121577 8599.67 7721.18 7187.2 3514.24 3672.95 2106.37 1566.59 1512.59 2001.65 1094.05 1024.17 1583.33 112978 112196 7981.1 5419.85 4906.04 2288.94 2617.1 1694.07 1643.04 104215 2568.46 1817.22 1079.4 2561.25 1802.22 1153.97 101647
internal_count=489031 34754 31202 29058 14147 14911 8539 6372 6085 8062 4404 4175 6430 454277 451115 32108 21796 19725 9208 10517 6806 6616 419007 10331 7307 4341 10312 7247 4637 408676
is_linear=0
shrinkage=0.05


Tree=148
num_leaves=31
num_cat=0
split_feature=10 12 30 14 24 14 30 40 15 23 23 21 10 24 27 28 9 0 34 15 10 27 34 41 40 34 33 22 40 40
split_gain=9.12622 7.45762 17.5851 15.1789 13.1093 13.3887 12.9641 26.3772 18.9815 16.1604 12.1024 10.0938 9.465 6.96985 14.3617 12.2829 11.4027 15.6539 16.8674 14.5487 13.4423 12.5422 11.4765 12.9817 11.1747 15.1271 14.2666 11.1884 9.30698 20.8622
threshold=-3.1276139020919795 -6.4826645851135245 0.39832581579685217 -6.7701494693756095 4.046278953552247 -6.8044278621673575 -0.25493574142456049 -0.09150074794888495 -6.8301241397857657 0.62869277596473705 0.55144929885864269 0.70197752118110668 -0.45092466473579401 2.56403660774231 0.49247047305107122 -0.81431302428245533 1.2636154890060427 -0.15977708995342252 0.52915194630622875 -7.2780654430389395 1.2715501189231875 0.11694044619798662 0.87666222453117382 1.0000000180025095e-35 0.25459952652454382 -0.36902311444282526 0.15218403190374377 1.3597526550292971 -0.3214364200830459 -0.45786954462528223
decision_type=2 2 2 2 2 2 2 2 2 2 2 2 2 2 2 2 2 2 2 2 2 2 2 2 2 2 2 2 2 2
left_child=-1 3 -3 4 5 13 8 10 -5 12 -8 -4 -9 16 24 -16 22 -18 20 -20 21 -19 28 -24 25 -15 27 -27 29 -2
right_child=1 2 11 6 -6 -7 7 9 -10 -11 -12 -13 -14 14 15 -17 17 18 19 -21 -22 -23 23 -25 -26 26 -28 -29 -30 -31
leaf_value=0.00672792879405668 -8.9318238658088058e-05 0.0090090843790955749 -0.0022417111705801494 -0.012732042940456094 0.0075406933931310843 0.0062592382894150816 -0.0016189410558335776 0.0023292960777071313 -0.0018234067694373694 -0.0021802376490490964 -0.011083471510417615 0.0051481879114442138 0.012032205676848718 0.0076406186227074256 0.0017649939216920622 -0.0054532575501161674 -0.0053428287938057746 -0.0016841605395534831 0.0047161639227086809 -0.0045345066785088652 0.0020622047928569027 -0.010935409717757626 -0.0092632249067292529 0.0010156525503592299 0.0051997440695002346 -0.0089558506565504629 0.0041074276194598032 0.00026370176177369927 0.00049969155574171927 -0.0036925393030488004
leaf_weight=499.3212613016367 35319.039129078388 758.98112368583679 1410.8209204375744 677.22772659361362 575.2703515291214 848.27404806017876 703.61077164113522 508.88806992769241 959.63964232802391 829.83123145997524 646.83848983049393 674.79994404315948 498.38609555363655 580.0446071177721 1187.164194047451 1153.2215437293053 2387.4645603448153 749.25016649067402 1818.6880219876766 545.03312802314758 721.00232715904713 715.09370379149914 688.39259508252144 545.13745705783367 2628.8107117414474 680.05729494988918 732.41709360480309 627.97816681861877 56207.727278575301 4522.7837118804455
leaf_count=2011 141945 3065 5688 2719 2314 3408 2828 2047 3858 3331 2595 2706 2005 2339 4770 4640 9619 3009 7356 2212 2897 2873 2807 2203 10573 2727 2943 2520 226158 18166
internal_value=4.90021e-05 2.08642e-05 0.00254614 -4.01932e-05 7.69416e-05 3.81631e-05 -0.00278391 -0.00091968 -0.00638659 0.00297472 -0.00620041 0.000162438 0.00720125 -9.59048e-06 0.00145226 -0.00179986 -0.000116177 -0.00207328 -0.000349376 0.002573 -0.00350761 -0.00624542 2.35677e-05 -0.00474901 0.00290286 0.00058769 -0.00144475 -0.00456119 8.53482e-05 -0.000499174
internal_weight=121401 120902 2844.6 118057 113233 112658 4824.42 3187.55 1636.87 1837.11 1350.45 2085.62 1007.27 111809 7589.69 2340.39 104220 6936.53 4549.07 2363.72 2185.35 1464.34 97283.1 1233.53 5249.31 2620.5 2040.45 1308.04 96049.6 39841.8
internal_count=488332 486321 11459 474862 455479 453165 19383 12806 6577 7383 5423 8394 4052 449757 30512 9410 419245 27966 18347 9568 8779 5882 391279 5010 21102 10529 8190 5247 386269 160111
is_linear=0
shrinkage=0.05


Tree=149
num_leaves=31
num_cat=0
split_feature=12 40 29 29 31 24 31 17 15 11 13 35 13 29 34 13 40 12 4 34 8 29 17 24 23 28 17 17 17 17
split_gain=9.17095 11.4017 9.69161 18.3325 16.4453 12.6123 11.1444 14.3261 12.0181 11.3547 11.0991 18.004 12.791 12.6175 15.7868 12.1831 11.8312 16.1955 15.3835 15.1121 12.9972 13.7491 13.2409 16.441 11.6419 21.6797 11.5684 17.4025 18.8175 13.2071
threshold=-6.5310814380645743 0.79599440097808849 0.13521224260330203 0.33061484992504125 0.11013084650039674 2.6527789831161503 -0.16285962611436841 -0.51539263129234303 -7.1943464279174796 0.88094291090965282 -6.8771605491638175 -0.42027792334556574 -7.1162228584289542 -0.032034395262598984 -0.50284576416015614 -7.2189114093780509 0.71629512310028087 -8.5935201644897443 -1.1752699613571165 0.6464827060699464 -0.49455429613590235 -0.22840933501720426 -0.86502820253372181 1.5126452445983889 0.27097401022911077 0.20919137448072436 0.45752248167991644 -0.077918726950883851 0.063395589590072646 0.26371447741985327
decision_type=2 2 2 2 2 2 2 2 2 2 2 2 2 2 2 2 2 2 2 2 2 2 2 2 2 2 2 2 2 2
left_child=2 -2 10 4 5 6 9 -8 -9 -4 12 -12 13 16 -15 -16 17 20 -19 -20 -1 22 -22 -24 25 -14 27 -18 -29 -30
right_child=1 -3 3 -5 -6 -7 7 8 -10 -11 11 -13 24 14 15 -17 26 18 19 -21 21 -23 23 -25 -26 -27 -28 28 29 -31
leaf_value=0.0012893266379882459 0.0009737958684082848 0.0083164575234607775 -0.0038102906239080325 -0.00017912157009819919 -0.00039964598692006213 0.003327002681551033 -0.00052896577594795568 -0.0063581631688557809 -0.014472263018793433 0.0036655094696254227 -0.0030215094884006189 0.0046434825749217725 -0.00480622676789346 0.008998098033460928 0.00082130606159453953 0.0086670164842422414 -0.0023293447040762627 -0.0016160483812136762 0.0014150398566907946 -0.006670313782307806 -0.0080311975220890893 -0.0092788055609784367 -0.0046189010830390322 0.0041585615225281066 -0.0042914264178907091 0.0059572770021469098 -0.0087456100459651909 0.0063535412206497197 -0.0044325990387007333 0.0042982844021296415
leaf_weight=1789.6936477869749 2713.7052919566631 647.68397600948811 2482.8217844665051 35233.343242168427 5966.7824487686157 547.53786045312881 825.41083705425262 2337.4540283679962 571.45702196657658 629.37917929887772 1020.6675984710455 2993.2370526045561 905.28209845721722 695.22308471798897 9155.3997759968042 513.32336048781872 8650.0011148303747 5747.8595893085003 25933.90020442009 581.32791411876678 708.2843406945467 888.98330706357956 1043.0337302684784 1071.333217561245 3142.7526279240847 947.13379308581352 514.86086921393871 1383.8654209524393 1202.3931636959314 664.45525306463242
leaf_count=7215 10928 2614 9969 141713 23985 2198 3316 9386 2294 2529 4112 12020 3654 2810 36768 2061 34865 23256 104199 2349 2848 3570 4188 4302 12613 3831 2072 5581 4849 2681
internal_value=-0.000162316 0.00240908 -0.000235672 -0.000777374 -0.00235369 -0.00392787 -0.00451207 -0.00635159 -0.0079963 -0.00229156 0.000142854 0.00269174 -1.36383e-05 0.000187155 0.00177453 0.00124637 -0.000140983 0.000299289 0.000726994 0.00123533 -0.00220579 -0.00389002 -0.00216608 -0.000172789 -0.00244286 0.000699553 -0.00147932 -0.00115788 0.00195691 -0.00131873
internal_weight=121509 3361.39 118147 48594.2 13360.8 7394.06 6846.52 3734.32 2908.91 3112.2 69553 4013.9 65539.1 60543.9 10363.9 9668.72 50180 37764.4 32263.1 26515.2 5501.33 3711.63 2822.65 2114.37 4995.17 1852.42 12415.6 11900.7 3250.71 1866.85
internal_count=488776 13542 475234 195390 53677 29692 27494 14996 11680 12498 279844 16132 263712 243614 41639 38829 201975 151927 129804 106548 22123 14908 11338 8490 20098 7485 50048 47976 13111 7530
is_linear=0
shrinkage=0.05


Tree=150
num_leaves=31
num_cat=0
split_feature=13 40 5 7 13 7 9 9 33 5 39 30 25 24 35 10 10 30 35 14 17 39 7 8 30 23 40 11 21 11
split_gain=7.97801 16.0121 20.8311 18.8309 15.8416 20.706 20.2496 17.1182 18.2365 18.4571 14.6809 14.6449 14.6375 18.2988 21.6556 15.9912 15.5365 13.7686 13.7256 13.8315 20.9034 13.0815 12.7474 17.2117 12.6851 14.186 27.5222 12.543 12.3127 11.8317
threshold=-7.1059079170227042 -0.75755777955055226 1.7991766333580019 1.0027170777320864 -7.329936981201171 -0.81884771585464466 0.80435189604759227 0.53799468278884899 0.55046674609184276 0.9610438644886018 -0.81156626343727101 1.0656641125679018 0.44777150452136999 1.3026955127716067 -0.34406876564025873 0.44030910730361944 0.97532379627227794 0.73446437716484081 0.62879261374473583 -6.9855341911315909 0.11040165275335313 -0.92880073189735401 -0.3011466115713119 -1.0636393427848814 0.31830923259258276 0.61253839731216442 -0.85939824581146229 0.10823967307806016 0.62493339180946361 0.030647604726254944
decision_type=2 2 2 2 2 2 2 2 2 2 2 2 2 2 2 2 2 2 2 2 2 2 2 2 2 2 2 2 2 2
left_child=4 3 10 24 29 -6 7 8 9 -7 11 18 13 14 -12 -14 -17 -8 19 21 -21 -3 23 -15 -2 26 -26 -22 -13 -1
right_child=1 2 -4 -5 5 6 17 -9 -10 -11 12 28 15 22 -16 16 -18 -19 -20 20 27 -23 -24 -25 25 -27 -28 -29 -30 -31
leaf_value=0.0005739623676442665 -0.0065478370093785491 -0.0057457158899777037 0.0095169582225863112 -0.012489616594199532 -0.0024179930568304603 0.0031455731048428272 0.0010999058180847171 0.010278078826647117 -0.0055863444516285003 0.012876190596668289 -0.0080918611424423189 0.0060684685070137231 -0.0041517733901329703 0.0040247307248449452 0.0034196232513008075 0.0064355549147389925 -0.0021708718407670714 -0.0074115899100716739 0.0037920165203138242 -0.00075484133105638642 -0.0071623361627415338 0.0052207210754196143 0.00064010349438910024 0.014956908090873376 0.0043467808753474696 0.006959682592836503 -0.010069586299401854 -0.016383690679777952 -0.0038133898738494428 -0.00056700182975104828
leaf_weight=43451.607397973537 1121.8390406966209 511.88782216608524 521.20210345089436 537.41121673583984 2268.2299568206072 5395.7743722498417 1973.9173275381327 991.01874801516533 528.71502391993999 527.68790689110756 645.44643308222294 781.90090619027615 2249.008056089282 877.97662459313869 1075.0537337660789 986.98862121999264 1098.395529538393 614.97163443267345 508.31277978420258 977.54023715853691 1358.8811485171318 557.78511200845242 761.97092725336552 613.1328561604023 676.57814741134644 535.07293322682381 630.59360659122467 515.91249965131283 514.96904496848583 47604.744112864137
leaf_count=174770 4515 2058 2096 2160 9185 21665 7949 3981 2126 2116 2609 3143 9022 3557 4319 3964 4416 2472 2044 3928 5456 2243 3061 2478 2721 2145 2533 2074 2064 191534
internal_value=3.56195e-05 -0.000933739 -0.000202525 -0.0039643 0.000205054 0.0018885 0.00286363 0.00418703 0.00323702 0.00403266 -0.000569981 -0.00251542 0.000772537 0.00296086 -0.00092072 -0.00123582 0.00191373 -0.000942676 -0.00388151 -0.00488315 -0.00669601 -3.18351e-05 0.0059159 0.00858965 -0.0023818 0.000176773 -0.00263148 -0.00977336 0.00214537 -2.25365e-05
internal_weight=121415 18057.9 14556.4 3501.49 103357 12300.3 10032.1 7443.2 6452.18 5923.46 14035.2 5727.19 8307.97 3973.58 1720.5 4334.39 2085.38 2588.89 4430.32 3922.01 2852.33 1069.67 2253.08 1491.11 2964.08 1842.24 1307.17 1874.79 1296.87 91056.4
internal_count=488404 72606 58532 14074 415798 49494 40309 29888 25907 23781 56436 23010 33426 16024 6928 17402 8380 10421 17803 15759 11458 4301 9096 6035 11914 7399 5254 7530 5207 366304
is_linear=0
shrinkage=0.05


Tree=151
num_leaves=31
num_cat=0
split_feature=15 22 10 30 13 23 10 9 35 22 35 14 39 41 39 39 35 16 24 13 15 42 35 15 2 39 9 24 39 29
split_gain=9.26308 20.0499 17.5657 22.973 16.0589 14.6559 13.3723 17.5997 13.0964 22.1585 23.5577 20.1029 23.3274 17.8609 23.2486 22.1274 16.2871 15.466 22.1289 25.331 22.8179 18.4193 14.6437 20.3277 14.2994 14.2748 13.9437 13.5852 13.4645 13.3136
threshold=-7.58160376548767 2.0898180007934575 1.9119042158126833 0.32953900098800665 -7.52726125717163 0.9738554358482362 1.7916393280029299 0.6594202220439912 0.072555288672447218 1.2914886474609377 0.1980291083455086 -8.1435151100158674 0.38670727610588079 1.0000000180025095e-35 -0.69778382778167714 0.85034412145614635 0.69376999139785778 -0.67761278152465809 1.6042810678482058 -7.751513957977294 -7.7079954147338858 0.81174489855766307 0.1463332995772362 -8.375722408294676 -0.73491942882537831 0.71629512310028087 -1.5528167486190794 1.6096622347831728 0.85034412145614635 -0.083741962909698472
decision_type=2 2 2 2 2 2 2 2 2 2 2 2 2 2 2 2 2 2 2 2 2 2 2 2 2 2 2 2 2 2
left_child=6 2 -2 4 -4 -3 8 -8 17 11 -11 22 -13 14 -12 -16 24 -1 -19 20 21 -20 -10 -24 -15 -23 -21 -17 -14 -26
right_child=1 5 3 -5 -6 -7 7 -9 9 10 13 12 28 16 15 27 -18 18 19 26 -22 25 23 -25 29 -27 -28 -29 -30 -31
leaf_value=0.0034939525031003646 -0.00016255125484002163 -0.0022376868293919202 0.0050767301828122877 0.013295419697172168 -0.0029472941522375603 -0.010996479507819323 -0.0096944213319462551 0.00022359935677332399 0.0026845597045891748 0.0067044388360256064 -0.0043624370026088917 -0.0006031312451291955 0.010995188231984849 0.010332422200080198 0.0038671507433066473 -0.0099682145259408633 0.011343944039860988 0.00077411730313585989 -0.0042845933518055367 -0.00029707597425519708 0.0044986724421879525 -0.0011642122223585302 0.0022693572913613826 -0.0076349935606913819 0.0065479909912739831 0.0090192757335389988 -0.0096944239293035601 0.00097768664341888953 0.0017111028670081527 -0.001138758465910796
leaf_weight=2967.9459869265556 60005.333351105452 5377.023813828826 1494.1087587624788 510.01274691522121 1056.4999002367258 515.49370440840721 700.73130574822426 1205.5896324217319 793.67650350928307 3180.1158369481564 1921.463642641902 3437.7008848339319 843.58054345846176 533.5355482250452 3908.4942732900381 514.218028023839 710.19181174039841 16386.395353093743 3789.9232339709997 536.59549725055695 1528.6907264143229 1044.4398379176855 698.48928390443325 1953.3749657124281 828.76707126200199 501.84696935117245 1489.9654342532158 613.72045953571796 727.85525268316269 1708.312449067831
leaf_count=11928 241273 21739 6006 2052 4250 2095 2819 4850 3184 12762 7748 13811 3388 2141 15774 2076 2854 65895 15254 2159 6147 4211 2808 7861 3326 2017 5991 2471 2921 6873
internal_value=0.000146408 -0.000234631 2.6173e-05 0.00371471 0.00175453 -0.00302126 0.000646606 -0.00345366 0.000801674 0.00170503 0.00293069 -0.000313847 0.00170715 0.00180795 0.000303076 0.00208815 0.0045693 8.57767e-05 -0.00031561 -0.00232252 -0.0008684 -0.00241147 -0.00324841 -0.00502751 0.00297068 0.00217755 -0.00721986 -0.00405621 0.00673301 0.00138806
internal_weight=121484 68958.5 63066 3060.62 2550.61 5892.52 52525.6 1906.32 50619.3 22373.5 13918.8 8454.68 5009.14 10738.7 6957.9 5036.43 3780.81 28245.8 25277.9 8891.46 6864.9 5336.21 3445.54 2651.86 3070.62 1546.29 2026.56 1127.94 1571.44 2537.08
internal_count=488684 277415 253581 12308 10256 23834 211269 7669 203600 89998 56025 33973 20120 43263 28069 20321 15194 113602 101674 35779 27629 21482 13853 10669 12340 6228 8150 4547 6309 10199
is_linear=0
shrinkage=0.05


Tree=152
num_leaves=31
num_cat=0
split_feature=37 26 31 13 22 25 28 41 13 6 16 13 17 15 28 3 31 39 20 29 39 25 13 33 6 26 1 1 13 35
split_gain=7.17083 9.87839 17.0989 15.0796 11.3648 18.3335 16.545 11.0978 13.6187 13.7711 11.0039 10.9746 13.6432 10.8066 12.4383 10.541 10.4525 10.2061 13.2797 9.8069 15.9924 9.78645 9.64754 13.5653 11.761 11.589 9.7585 13.5105 13.2674 11.8562
threshold=-0.1841948255896568 -0.44422994554042811 -0.61663934588432301 -6.5225770473480216 1.4973651170730593 0.58307826519012462 -0.78911015391349781 -1.0000000180025095e-35 -8.258455276489256 0.013079067226499321 -0.27020378410816187 -7.8589868545532218 0.046682758256793029 -7.0241589546203604 -1.3625819087028501 -0.87698364257812489 0.48593115806579595 0.79068204760551464 0.91233202815055858 -0.25602011382579798 -0.082807421684265123 0.52268567681312572 -9.2617559432983381 0.15669893473386767 1.9166045188903811 -0.36556467413902277 -0.15338025987148282 -1.0000000180025095e-35 -8.8465027809143049 -0.060097876936197274
decision_type=2 2 2 2 2 2 2 2 2 2 2 2 2 2 2 2 2 2 2 2 2 2 2 2 2 2 2 2 2 2
left_child=1 2 15 -3 5 7 13 19 -9 -10 -8 17 -13 14 21 -1 -12 18 -7 20 -4 -6 23 -2 26 -26 28 -28 -24 -29
right_child=22 3 4 -5 6 11 10 8 9 -11 16 12 -14 -15 -16 -17 -18 -19 -20 -21 -22 -23 24 -25 25 -27 27 29 -30 -31
leaf_value=-0.001096747668622959 -0.00055344662283398033 -0.0020540246065254872 -0.00095558198867144717 0.0060695860995792425 -0.00074748660878145331 -0.0057393532896543933 0.0085919082971144794 -0.0069016808774120713 -0.0021682341894105942 0.0044882999909087763 0.00022206397466310998 -0.0035067791948297823 -0.011363364925113074 -0.007478595924291999 -0.0032761500039621412 0.0075381174977716299 0.0082550753036374058 -0.0058708038081612722 0.0033170344299741786 9.4714326425928701e-05 0.0090647452272344681 0.0060769316121674069 -0.0062845118870733692 0.010773272566811374 -0.0089769539078218812 -0.0012020955895052027 -0.0024842608089552447 -0.00080024188664297609 0.0012362012729574046 0.00077326989522101574
leaf_weight=506.2326568365097 540.88082087039948 12877.576729804277 652.84644623100758 588.22964672744274 1056.7177651375532 551.56764912605286 898.89015510678291 894.14180293679237 2404.1777632236481 1135.7236142903566 1761.5199702382088 2204.061031922698 735.05150793492794 525.95983490347862 1535.4174575805664 1143.5651374459267 516.06476719677448 796.14368765056133 1440.7769949734211 2295.7872017025948 1003.8117000609636 1030.8648283481598 590.50830416381359 505.28245912492275 637.39556358754635 1861.3552205711603 5407.1418964415789 19923.076493352652 25347.637231722474 29962.543180093169
leaf_count=2048 2177 51943 2631 2373 4254 2218 3614 3589 9654 4553 7095 8847 2951 2118 6178 4613 2078 3197 5790 9221 4040 4143 2376 2030 2590 7533 21736 80066 101935 120477
internal_value=-3.39034e-05 -0.000619178 8.66201e-06 -0.00169492 -0.000369679 -0.00119875 0.00122717 0.000290917 -0.00142488 -2.59589e-05 0.00393701 -0.00337667 -0.00550353 -0.000851977 0.000127962 0.00489791 0.00207035 -0.00112327 0.000793691 0.00221452 0.00513395 0.00263537 0.000218509 0.00496741 0.000158587 -0.00321323 0.000262691 -0.000112689 0.00106263 0.000144814
internal_weight=121331 36555.1 23089.3 13465.8 21439.5 14114.1 7325.43 8386.49 4434.04 3539.9 3176.47 5727.6 2939.11 4148.96 3623 1649.8 2277.58 2788.49 1992.34 3952.45 1656.66 2087.58 84775.8 1046.16 83729.7 2498.75 81230.9 55292.8 25938.1 49885.6
internal_count=488068 147148 92832 54316 86171 56691 29480 33688 17796 14207 12787 23003 11798 16693 14575 6661 9173 11205 8008 15892 6671 8397 340920 4207 336713 10123 326590 222279 104311 200543
is_linear=0
shrinkage=0.05


Tree=153
num_leaves=31
num_cat=0
split_feature=23 30 25 16 4 28 31 15 9 17 24 15 30 19 16 31 35 11 30 5 11 39 34 13 13 15 17 30 21 26
split_gain=10.6527 13.005 8.58789 10.7985 14.1753 10.7206 10.5916 9.20493 8.01283 15.6916 19.3979 19.9111 12.7591 14.4787 20.7543 13.9319 12.2556 22.4946 11.9904 13.5318 11.9238 11.8055 11.8868 11.7872 15.4934 25.6467 18.7986 24.6673 17.6733 14.5575
threshold=0.049226848408579833 -1.5916225910186765 0.0052094203419983396 -0.090172290802001939 -1.7919455766677854 -0.89008459448814381 -0.16710670292377469 -7.7037971019744864 -0.93606162071228016 0.14213086664676669 1.7523204088211062 -7.4752216339111319 -1.2426225543022154 0.4194623082876206 -0.42533951997756952 0.18996006250381473 -0.61601406335830677 -1.2898900508880613 -1.1404469609260557 -1.395056366920471 -0.7275390326976775 0.37055389583110815 -0.021655636839568611 -8.3578300476074201 -8.6555557250976545 -8.3318295478820783 -0.16016104817390439 -0.7754017412662505 0.26322543621063238 -2.1221772432327266
decision_type=2 2 2 2 2 2 2 2 2 2 2 2 2 2 2 2 2 2 2 2 2 2 2 2 2 2 2 2 2 2
left_child=1 -1 -3 4 -4 -5 -7 -6 9 12 -11 -12 13 -2 -15 -14 17 -10 19 -18 -13 22 -17 24 25 29 27 -26 -29 -20
right_child=8 2 3 5 7 6 -8 -9 16 10 11 20 15 14 -16 21 18 -19 23 -21 -22 -23 -24 -25 26 -27 -28 28 -30 -31
leaf_value=-0.0038280930129635377 -0.0062930870638978967 -0.0010138918727389378 -0.0062514105627334664 0.012049264452087191 -0.00055071809766442555 0.0064346435112078897 -0.0012300389157276384 0.0048892303538826823 -0.010609325195409268 0.0023571083903344884 -0.0091913251870720265 -0.005293631379976859 0.0019399438133916012 -0.0050482119595883657 0.0087463342388331578 0.015199295027871521 0.0085325525766475323 0.0027439096478698651 -0.010033514235378602 0.0008181151505958998 0.0049141752007781691 0.0019127941610777113 0.0046818091793175412 -0.00012543577443646249 0.0002808867685679957 0.0052508839967447844 0.0019979682205638629 -0.00119776150034041 -0.010991036754546759 -0.00085717639442278628
leaf_weight=896.46040827035904 855.48984697461128 1416.3822137415409 495.05413898825645 527.83200977742672 1277.4777702093124 1465.1354061067104 644.95363010466099 1970.0390911698341 736.11039765179157 1819.5938699692488 1139.0994029045105 526.05813278257847 6488.185565829277 498.6909616291523 579.03469514846802 558.64304755628109 576.59035842120647 540.47612807154655 554.04447688162327 18561.618683591485 603.49748475849628 727.45875313878059 533.44170996546745 69451.985202252865 1162.0826065689325 1532.6087380945683 1001.1102573424578 616.63100032508373 1842.9928482323885 1858.6860780119896
leaf_count=3622 3441 5770 2006 2136 5147 5975 2607 7948 2967 7339 4575 2114 26149 2003 2328 2249 2324 2187 2226 74579 2425 2920 2141 279165 4674 6166 4028 2479 7419 7470
internal_value=0.000160425 0.00184586 0.0025023 0.00328322 0.00154948 0.00572783 0.00409716 0.00275419 3.0337e-05 0.0011346 -0.00148162 -0.00455734 0.00217944 -0.00147317 0.00237552 0.00303015 -0.00013051 -0.0049785 -6.6305e-05 0.00105487 0.000155447 0.0068858 0.010151 -0.000341427 -0.00209003 0.000212098 -0.00405099 -0.00572393 -0.00855064 -0.00299709
internal_weight=121457 8693.33 7796.87 6380.49 3742.57 2637.92 2110.09 3247.52 112764 14329.2 4088.25 2268.66 10240.9 1933.22 1077.73 8307.73 98434.9 1276.59 97158.4 19138.2 1129.56 1819.54 1092.08 78020.1 8568.16 3945.34 4622.82 3621.71 2459.62 2412.73
internal_count=488579 35211 31589 25819 15101 10718 8582 13095 453368 57684 16453 9114 41231 7772 4331 33459 395684 5154 390530 76903 4539 7310 4390 313627 34462 15862 18600 14572 9898 9696
is_linear=0
shrinkage=0.05


Tree=154
num_leaves=31
num_cat=0
split_feature=28 11 20 22 24 2 11 27 11 26 28 9 13 14 25 22 22 39 22 41 24 24 17 2 4 11 32 19 17 34
split_gain=11.8447 10.5632 9.24748 9.79069 21.9023 10.7753 12.8998 12.796 9.91123 11.2425 9.73981 9.33768 13.8533 11.5076 9.77302 8.58864 8.06396 10.1251 8.0464 8.35021 14.3689 9.66247 8.29749 8.45391 7.75278 16.126 13.1277 12.1857 10.6103 9.04384
threshold=2.0416173934936528 -3.2910846471786495 0.6516723930835725 2.5016049146652226 1.7942091226577761 1.8694105148315432 0.5559058189392091 0.82935500144958507 -0.74131622910499562 0.78178870677948009 -3.4046696424484248 -1.7234147787094114 -7.2105493545532218 -7.6864826679229727 0.1611239090561867 2.3190817832946782 0.79591700434684765 0.40274286270141607 1.3672901988029482 -1.0000000180025095e-35 1.8012909293174746 1.1906912922859194 0.43326219916343695 -0.27914452552795405 1.4975328445434573 0.50938382744789135 0.61076033115386974 0.92940288782119762 -0.33350473642349238 0.73789235949516307
decision_type=2 2 2 2 2 2 2 2 2 2 2 2 2 2 2 2 2 2 2 2 2 2 2 2 2 2 2 2 2 2
left_child=1 -1 18 5 -5 10 8 -8 -7 -10 -4 12 13 -12 -15 16 17 -13 19 -3 21 -21 23 -20 29 26 28 -27 -26 -18
right_child=-2 2 3 4 -6 6 7 -9 9 -11 11 15 -14 14 -16 -17 24 -19 22 20 -22 -23 -24 -25 25 27 -28 -29 -30 -31
leaf_value=-0.0052505497784318808 -0.0054166658983911074 -0.0060128032604527424 -0.0054115839485412787 -0.0019733594379148485 0.0073485024860418567 0.00027808399258454287 -0.0037338938896110535 0.005843839918517754 -0.0096101628317807955 -0.0012002628204073199 -0.0057384309323379248 0.00070914700055760564 -0.0086746125354463469 0.0061131348143118863 -0.0018339884731101996 -0.0029685933995556401 0.00029430786071106964 0.0088983439047309303 -0.006322821753361435 0.0008511384898987408 0.0058652226874975422 -0.0074170443202695134 0.005768732139130598 0.00075058291669936113 -0.0019912732450472095 0.009537883434114304 -0.0029979145943087402 0.0011096262227724566 0.0071276498656428116 -0.0029470622811577137
leaf_weight=932.31740972399712 999.28208434581757 1613.2117715924978 760.33661881089211 1123.4746171683073 1415.0147876739502 720.47363811731339 646.73051182925701 734.49199429154396 1134.3404669910669 613.67090278863907 734.88878862559795 969.8823593556881 691.27495902776718 705.79271697998047 834.30963598191738 1949.1128186732531 92831.150843352079 609.9395624101162 565.75450772047043 631.55012364685535 523.19368594884872 786.8131816983223 535.3010039627552 1579.7097634971142 508.37745776772499 1031.3785274922848 1614.4965155869722 734.11361028254032 830.33882260322571 2193.0784121155739
leaf_count=3750 4023 6482 3054 4550 5727 2898 2606 2966 4567 2474 2966 3894 2778 2846 3352 7879 373253 2447 2272 2534 2101 3158 2147 6347 2045 4160 6505 2961 3337 8904
internal_value=-2.26134e-05 2.25437e-05 6.40769e-05 0.000167235 0.00323131 9.67802e-05 -0.00249869 0.00136465 -0.00465717 -0.00668134 0.000190388 0.000230986 -0.00253018 -0.000633355 0.00182393 0.000310532 0.000373898 0.00390693 -0.001809 -0.00336535 -0.00114609 -0.00375531 0.000259596 -0.00113534 0.000317553 0.00229355 2.94639e-05 0.0060593 0.00367565 0.000219198
internal_weight=121554 120555 119622 113387 2538.49 110848 3849.71 1381.22 2468.49 1748.01 106998 106238 2966.27 2274.99 1540.1 103272 101323 1579.82 6235.53 3554.77 1941.56 1418.36 2680.77 2145.46 99742.9 4718.7 2953.21 1765.49 1338.72 95024.2
internal_count=488983 484960 481210 456169 10277 445892 15511 5572 9939 7041 430381 427327 11942 9164 6198 415385 407506 6341 25041 14275 7793 5692 10766 8619 401165 19008 11887 7121 5382 382157
is_linear=0
shrinkage=0.05


Tree=155
num_leaves=31
num_cat=0
split_feature=29 19 38 9 35 0 9 13 26 13 13 13 14 18 40 35 10 9 28 26 4 40 26 25 6 5 18 24 19 11
split_gain=12.2545 8.99447 17.1816 10.6185 14.2243 11.1262 10.5355 12.8245 12.265 11.6718 9.75726 9.67968 9.54074 8.9543 8.91235 14.7921 32.9001 14.2213 13.0117 11.6458 10.1077 9.62853 13.2495 9.40851 8.276 8.24446 14.0545 11.7257 14.085 11.5361
threshold=-0.98298320174217213 0.99998372793197643 1.0000000180025095e-35 -0.15850839763879773 0.12823035567998889 0.56592392921447765 -0.54174691438674916 -8.3467454910278303 -2.2674509286880489 -7.7243006229400626 -8.0688719749450666 -7.7798054218292227 -7.7987866401672354 1.6012517809867861 -0.97533303499221791 -0.32760246098041529 0.19559749960899356 0.21639005839824679 -1.434359014034271 0.49163237214088445 0.20292586088180545 -0.98835211992263783 -1.0759081244468687 0.20498362928628924 1.2782956361770632 0.94480654597282421 0.70043629407882702 1.9205052852630617 0.91667184233665477 1.0362052917480471
decision_type=2 2 2 2 2 2 2 2 2 2 2 2 2 2 2 2 2 2 2 2 2 2 2 2 2 2 2 2 2 2
left_child=-1 14 3 6 5 10 8 -8 -3 -9 -5 13 -7 24 15 23 17 21 -18 20 -20 22 -17 -2 -6 -16 -27 29 -29 -28
right_child=1 2 -4 4 11 12 7 9 -10 -11 -12 -13 -14 -15 25 16 18 -19 19 -21 -22 -23 -24 -25 -26 26 27 28 -30 -31
leaf_value=0.0076007403016000704 0.00042407211840907779 -0.0039396402354226747 -0.007080365518214911 0.013103006635734007 0.0023204357818449781 -0.0011418021377830841 0.003696052997882076 -0.0086975310423794104 0.0029529660116438699 -0.00093237688978802598 0.0040851193877962681 -0.0013549780184621309 0.0060101119191709913 0.0064652115083921801 -0.00068594667659608189 0.0058788836814252891 -0.0070018376378754611 0.01155124592119341 0.0055945709911813359 -0.0059741632768169064 -0.001924612399714314 0.0090201029487326726 -0.0045635678956755486 -0.0073452427439946585 -0.0044093602469563635 0.0053255262417129332 0.00016301269419078125 -0.00071932972242056119 -0.0087150464112823785 0.0048697958118856122
leaf_weight=494.75160431861877 885.88700529932976 839.81970727443695 642.12567158043385 616.7659348398447 2508.6086730659008 895.65519487857819 556.74072194099426 971.87547786533833 2679.5234791487455 959.52398724853992 600.41069768369198 2754.063141271472 956.70157954096794 1037.0282478034496 84082.900204285979 679.38844247162342 704.30906744301319 906.34809477627277 1092.3309849053621 501.50289508700371 744.97646924853325 595.29567590355873 533.51924559473991 684.23396754264832 548.45313407480717 1430.5380266457796 6683.1255824565887 2515.105776771903 696.00119543075562 1606.9838866144419
leaf_count=2011 3589 3375 2580 2477 10084 3594 2237 3900 10769 3850 2408 11096 3837 4184 338207 2728 2829 3643 4389 2019 3002 2389 2145 2748 2218 5754 26902 10131 2808 6484
internal_value=-0.000173857 -0.000206296 0.000875628 0.00120067 0.00220473 0.00502739 -0.000457843 -0.00294185 0.00130168 -0.00486446 0.00872419 0.000934051 0.00256444 0.00247341 -0.000378149 0.00130211 0.00247483 0.00646611 -0.00109503 0.000705987 0.00255184 0.00386771 0.00128583 -0.00298673 0.00110263 -0.000505185 0.000669759 8.65442e-05 -0.00247406 0.00108016
internal_weight=121404 120910 16567.3 15925.2 9917.69 3069.53 6007.48 2488.14 3519.34 1931.4 1217.18 6848.15 1852.36 4094.09 104342 7327.79 5757.67 2714.55 3043.12 2338.81 1837.31 1808.2 1212.91 1570.12 3057.06 97014.7 12931.8 11501.2 3211.11 8290.11
internal_count=488387 486376 66609 64029 39898 12316 24131 9987 14144 7750 4885 27582 7431 16486 419767 29481 23144 10905 12239 9410 7391 7262 4873 6337 12302 390286 52079 46325 12939 33386
is_linear=0
shrinkage=0.05


Tree=156
num_leaves=31
num_cat=0
split_feature=13 23 15 4 2 25 2 33 22 23 25 8 14 15 23 1 30 41 26 16 37 29 41 8 11 11 7 29 29 13
split_gain=11.3677 23.6554 13.001 11.2927 11.0988 11.1333 19.294 12.8788 10.59 14.9581 12.4848 10.5946 16.5563 12.1262 10.5741 15.6093 10.4644 10.1206 10.064 14.5255 9.70814 10.0354 19.353 14.7627 17.1886 13.7401 14.2941 13.0703 14.2784 14.2589
threshold=-9.1647305488586408 0.58038863539695751 -8.690760135650633 -0.34605729579925532 0.42900072038173681 0.80675014853477489 0.64385920763015758 0.77089223265647899 1.2362509369850161 0.55974590778350841 0.54540362954139721 -0.82917550206184376 -8.0326886177062971 -7.4508156776428214 0.89432641863822948 -0.32402595877647394 -1.4849605560302732 1.0000000180025095e-35 0.34947378933429724 -0.26625430583953852 0.23505261540412906 -0.45579722523689264 -0.60785761475563038 -0.11396501585841178 0.11799595877528192 0.81879204511642467 -0.87096992135047901 0.4103675782680512 0.18123304843902591 -8.1804399490356428
decision_type=2 2 2 2 2 2 2 2 2 2 2 2 2 2 2 2 2 2 2 2 2 2 2 2 2 2 2 2 2 2
left_child=1 3 -2 -1 14 7 -7 8 9 10 -6 -11 -13 -14 20 -16 -8 -9 19 -17 21 22 23 25 -25 26 -4 28 -23 -30
right_child=2 -3 4 -5 5 6 16 17 -10 11 -12 12 13 -15 15 18 -18 -19 -20 -21 -22 27 -24 24 -26 -27 -28 -29 29 -31
leaf_value=-0.00632716541440154 -0.005489675932074208 0.0098108624581663452 0.00031462314303934343 0.0040632105704863416 0.00029728343961647454 -0.0034709387293649658 0.0073231835605396109 -0.010160149663561411 -0.0016740583719058986 -0.0044910671374416957 -0.0057197208172128852 -0.0022422535957819967 0.0082777427205383176 0.0021501016305828977 -0.0074862723037874453 0.0010551276376311307 0.0012656521335247261 -0.0010918130150316806 0.0042470151994042707 -0.0050730147672584372 0.0020478208789726647 1.2529816526723001e-06 0.00031847899104647353 0.0051934353414087578 -0.0033577785755868625 0.012282915718373281 0.0079484384148350712 0.0013417974458579081 -0.007002034577093798 -0.0014283411492263165
leaf_weight=526.66117469966412 1045.4697894603014 892.41648584604263 1182.5431965440512 500.59359201788902 2359.2957524806261 2140.8812153041363 779.13880163431168 684.72924917936325 16561.494719237089 503.95356865227222 1347.6882657110691 1081.9800495803356 1447.4062877297401 1832.1962617784739 946.75346657633781 2236.5001059621572 7476.059367030859 557.0444387793541 899.67875346541405 1689.8101320713758 9641.8365953713655 26522.373382568359 14024.040621325374 1134.7920479774475 1197.8844747841358 684.79536448419094 1265.6283602118492 12416.212266996503 1392.0774597078562 6366.9993536919355
leaf_count=2124 4206 3586 4854 2013 9470 8637 3143 2758 66528 2021 5406 4340 5804 7347 3817 9008 30203 2242 3625 6827 38738 106583 56534 4566 4816 2775 5120 49870 5595 25563
internal_value=9.65487e-05 0.00390356 3.5029e-05 -0.00127345 8.42825e-05 -0.000636839 0.000748426 -0.00118292 -0.000935994 0.000490183 -0.00189972 0.00231118 0.00310561 0.00487139 0.000409276 -0.0016518 0.00184554 -0.00613342 -0.000494087 -0.0015885 0.000566379 0.000350293 0.00130298 0.00382387 0.000806597 0.0060607 0.00427735 -4.7513e-05 -0.000550944 -0.00243606
internal_weight=121339 1919.67 119419 1027.25 118374 36771.9 10396.1 26375.8 25134 8572.52 3706.98 4865.54 4361.58 3279.6 81601.9 5772.74 8255.2 1241.77 4825.99 3926.31 75829.2 66187.3 19489.7 5465.64 2332.68 3132.97 2448.17 46697.7 34281.5 7759.08
internal_count=488119 7723 480396 4137 476190 147899 41983 105916 100916 34388 14876 19512 17491 13151 328291 23277 33346 5000 19460 15835 305014 266276 78665 22131 9382 12749 9974 187611 137741 31158
is_linear=0
shrinkage=0.05


Tree=157
num_leaves=31
num_cat=0
split_feature=26 31 42 17 39 24 15 40 28 11 42 22 15 22 12 40 29 8 15 7 23 8 39 17 21 11 11 24 11 13
split_gain=11.1473 11.2296 19.272 26.7939 23.483 17.6931 15.2717 12.3678 26.0654 23.6881 18.8947 22.3989 15.7493 15.2411 14.8101 13.7892 12.9178 14.2965 12.7663 14.8443 18.4358 11.9018 10.6832 16.2545 10.6445 8.25671 9.2432 8.34894 16.2297 18.4452
threshold=-4.4895238876342765 0.4110980778932572 0.81174489855766307 -0.29445938766002649 -0.68517646193504322 2.8943980932235722 -8.0044202804565412 0.082807421684265151 1.2190542221069338 0.70572859048843395 1.0000000180025095e-35 1.6587921977043154 -7.3353030681610099 1.4715496897697451 -7.6504027843475333 0.67879429459571849 -0.018970708362758156 0.57884064316749584 -7.7389352321624747 0.80732655525207531 0.43157191574573522 0.46559263765811926 -0.38670727610588068 -0.53160396218299855 0.57158589363098156 -3.2910846471786495 -2.5237302780151363 1.349904000759125 1.0362052917480471 -8.0487380027770978
decision_type=2 2 2 2 2 2 2 2 2 2 2 2 2 2 2 2 2 2 2 2 2 2 2 2 2 2 2 2 2 2
left_child=-1 25 5 -4 -5 7 -6 8 10 12 18 16 14 -14 24 -11 -12 -18 -3 20 -20 -22 -21 -24 -9 -2 -27 28 -28 -30
right_child=1 2 3 4 6 -7 -8 9 -10 15 11 -13 13 -15 -16 -17 17 -19 19 22 21 -23 23 -25 -26 26 27 -29 29 -31
leaf_value=-0.0042144155302386785 -0.0051395613381545711 0.011339477411847274 0.0046816575941227888 -0.013317883879719784 0.0026216214158340154 -0.0052979088597059909 -0.0072970831860996749 0.0060369912299074822 0.014633435036928025 -0.0084725146431737612 0.0097149259463313875 -0.0064185028736930471 0.011872065531990923 0.0023058165669009906 -0.0047134879905826052 -3.5438464095661629e-05 -0.0045434482102582295 0.0064323737038312874 -0.00020370096351556046 0.0070270556983888293 0.015445123176362494 0.0054003748704168361 0.0062901837409297156 -0.0044394708969675263 -0.00042572586416993787 0.004376611087133617 -0.0010687264169972352 0.00030514052440657635 -0.0027229830487149006 0.0038400782014086803
leaf_weight=1455.4797660708427 776.18887335062027 659.28138703107834 953.96313886344433 637.74076943099499 833.59476239979267 776.36200350522995 710.02840958535671 1219.8593653589487 507.1646344512701 862.00858961045742 504.88621620833874 960.26938496530056 751.53559145331383 932.10312905907631 909.06380805373192 1089.3439361304045 672.43073239922523 514.88347272574902 570.32100261747837 543.55425406992435 624.81609663367271 581.25386275351048 508.42590530216694 1096.8848323076963 1319.484121799469 1184.4737203419209 31691.550624221563 62217.474609941244 1497.6260325461626 3693.2251154929399
leaf_count=5848 3122 2649 3841 2570 3359 3123 2862 4901 2039 3472 2028 3882 3022 3759 3662 4401 2699 2077 2288 2186 2504 2333 2050 4423 5316 4775 127390 250330 6029 14849
internal_value=0.000119974 0.000172981 0.00129682 -0.00227516 -0.00532502 0.00201554 -0.00195834 0.00240178 0.00378167 0.00088997 0.00300204 -0.000356788 0.00267208 0.00662084 0.000730584 -0.00378671 0.00310054 0.00023023 0.0049419 0.00384129 0.00720984 0.0106884 0.00103613 -0.00102333 0.00269036 -3.55162e-05 4.49697e-06 -4.81963e-05 -0.000644167 0.00194496
internal_weight=121255 119800 18739.3 3135.33 2181.36 15603.9 1543.62 14827.6 7744.17 7083.4 7237.01 2652.47 5132.05 1683.64 3448.41 1951.35 1692.2 1187.31 4584.54 3925.26 1776.39 1206.07 2148.86 1605.31 2539.34 101061 100284 99099.9 36882.4 5190.85
internal_count=487789 481941 75446 12632 8791 62814 6221 59691 31158 28533 29119 10686 20660 6781 13879 7873 6804 4776 18433 15784 7125 4837 8659 6473 10217 406495 403373 398598 148268 20878
is_linear=0
shrinkage=0.05


Tree=158
num_leaves=31
num_cat=0
split_feature=31 38 19 15 39 22 20 32 13 14 30 6 22 15 24 28 40 8 28 14 28 6 15 24 40 24 28 5 35 29
split_gain=7.85708 7.59139 13.7662 10.8375 5.78928 13.1696 13.2326 23.7393 21.8486 19.4594 14.2476 14.1379 21.0747 21.1081 20.8961 18.7317 17.0501 15.721 15.4779 15.4275 22.0531 12.7774 12.578 12.3406 12.0501 13.2295 11.6894 11.2378 11.2129 14.9235
threshold=0.84280800819396984 1.0000000180025095e-35 0.90128636360168468 -7.8909130096435538 0.46561008691787725 0.8875909447669984 1.1296899318695071 -0.12820192426443097 -8.2772250175476056 -8.1962399482727033 0.3645020872354508 0.1850845664739609 1.621538043022156 -7.3190793991088858 1.2060050368309023 -1.5080601572990415 0.30486139655113226 -0.08623675629496573 -1.5719220638275144 -7.3329701423645011 0.76984998583793651 -0.15133745223283765 -7.5307164192199698 1.5648697018623354 -0.3214364200830459 1.6874279379844668 0.31815394759178167 -0.16117623448371884 -0.35569626092910761 -0.26298736035823816
decision_type=2 2 2 2 2 2 2 2 2 2 2 2 2 2 2 2 2 2 2 2 2 2 2 2 2 2 2 2 2 2
left_child=1 4 3 -3 -1 27 7 10 9 21 -7 14 13 15 -8 -13 23 -14 24 20 28 -9 -17 -15 -16 -26 -21 -6 29 -20
right_child=-2 2 -4 -5 5 6 11 8 -10 -11 -12 12 17 16 18 22 -18 -19 19 26 -22 -23 -24 -25 25 -27 -28 -29 -30 -31
leaf_value=0.00018769133615409886 0.0044271160697568835 -0.0056198552287831278 -0.0083463506572780018 0.0021824555745748883 -0.0011902958381924543 1.2905449382408354e-05 -0.0051508297510533532 0.0040998990920156336 -0.0045661597161255618 0.009086170024726125 0.0087303285144408448 0.0064331895307538633 -0.0084180984470993772 0.015468329098961035 -0.0088909855774696438 0.0011123558167725203 0.001101804067061484 1.5800167736202353e-05 0.00064048953426714685 0.0024233128629548122 -0.0087820074836391874 -0.0048959922943276959 -0.0063276452254137404 0.0054173303413258735 0.0034598376967832738 -0.0048269806153944696 0.011517764273963501 0.0069467979357295878 -0.00088918411531836456 0.0091941238752756317
leaf_weight=77914.618456676602 946.04336367547512 666.26821172237396 769.47033756971359 1292.1372855305672 705.93431608378887 4311.6871556341648 2533.8062391877174 610.15200881659985 7736.4670726656914 553.11127366125584 515.88412755727768 1195.666864708066 645.04636900126934 691.78670218586922 718.4375861287117 1957.9933123290539 663.16299815475941 3530.5812055468559 1465.0394963622093 1133.6660786867142 650.35493685305119 1078.4021604657173 788.98198121786118 569.14324216544628 821.62123501300812 1135.8707963377237 508.36429803073406 1043.998098269105 3540.1286392062902 773.53866542875767
leaf_count=313539 3817 2679 3092 5194 2832 17312 10191 2451 31063 2221 2071 4800 2588 2776 2886 7864 2666 14244 5940 4568 2623 4335 3169 2286 3302 4563 2056 4189 14215 3113
internal_value=-8.77799e-05 -0.000123584 -0.00272635 -0.00048703 -6.30829e-05 -0.000552966 -0.000747974 -0.00191651 -0.00330806 0.00103491 0.000960588 -5.6777e-06 0.00140922 0.00333932 -0.00107581 0.00123708 0.00761834 -0.00130406 -0.00011116 0.000981872 -0.000125369 -0.00164036 -0.00103975 0.01101 -0.00339933 -0.00134883 0.00529158 0.00367613 0.000862365 0.00362393
internal_weight=121467 120521 2727.88 1958.41 117793 39878.8 38128.9 14805.7 9978.13 2241.67 4827.57 23323.2 10042.4 5866.74 13280.8 3942.64 1924.09 4175.63 10747 8071.09 6429.06 1688.55 2746.98 1260.93 2675.93 1957.49 1642.03 1749.93 5778.71 2238.58
internal_count=488645 484828 10965 7873 473863 160324 153303 59453 40070 9007 19383 93850 40393 23561 53457 15833 7728 16832 43266 32515 25891 6786 11033 5062 10751 7865 6624 7021 23268 9053
is_linear=0
shrinkage=0.05


Tree=159
num_leaves=31
num_cat=0
split_feature=7 8 11 30 14 8 30 32 36 28 13 28 22 23 10 10 15 14 13 15 14 10 14 14 33 23 14 23 9 11
split_gain=9.42016 12.3922 19.9996 17.4689 26.3401 16.8354 16.3288 14.2194 15.5275 14.0512 14.6979 18.5519 24.0866 16.1794 12.3227 16.0538 13.9346 12.6393 23.3022 17.8866 16.7264 16.4655 15.517 14.85 14.8315 14.281 14.9452 15.8834 13.0527 12.0165
threshold=-0.29186959564685816 0.57884064316749584 1.8895336985588076 0.43459141254425054 -6.7871997356414786 -0.18884716182947156 -0.98888036608695973 -0.49214932322502131 0.80964338779449474 -1.8784708976745603 -7.126441001892089 -1.0668061375617979 1.6753009557724001 0.71207788586616527 1.1577307581901553 -0.75948080420494068 -7.2377400398254386 -8.6145033836364728 -7.9476916790008536 -7.2671113014221183 -7.1148617267608634 -0.019875687547028061 -8.0111799240112287 -8.823697090148924 -0.24165043979883191 0.41114494204521185 -8.2367587089538556 0.78348380327224743 0.4334677010774613 0.58038660883903515
decision_type=2 2 2 2 2 2 2 2 2 2 2 2 2 2 2 2 2 2 2 2 2 2 2 2 2 2 2 2 2 2
left_child=29 2 3 7 -5 6 -4 -2 9 -9 11 -11 -13 -12 15 16 -3 23 25 20 22 28 -20 -17 -24 -19 27 -27 -21 -1
right_child=1 14 5 4 -6 -7 -8 8 -10 10 13 12 -14 -15 -16 17 -18 18 19 21 -22 -23 24 -25 -26 26 -28 -29 -30 -31
leaf_value=4.9830409809816394e-05 0.0037682414543769582 -0.0053008034204102515 0.014838870670813542 0.0041234544362151329 -0.0051336397944712854 0.0019886681124350928 0.0032204493218170138 0.0015950747838522105 0.0017297968770908505 -0.0030282886536017652 -0.0091880487541225169 0.0014865993512850981 -0.0048356087607865656 -0.00023773422758352304 -0.0022761677244635607 0.00058500598337727304 0.0022477353357593446 -0.0039017191958426716 0.0050221243517481317 0.0016601804737944215 0.005546140581166821 0.0040058533090195064 -0.010266668610751765 -0.010688058051190349 -0.0021167964281020154 0.0061992281917824625 0.0061818609505407494 -0.0032328342528935498 -0.0086290052707229704 -0.0018034434516474109
leaf_weight=33175.433532372117 2651.0875603407621 2180.9890345036983 637.90232104063034 6167.6130281984806 868.94651871919632 2093.0639428645372 580.26810908317566 5239.4512670487165 9090.1881239414215 6144.6566022485495 1158.0928653627634 8891.756368920207 1803.5006410330534 890.32004663348198 6310.2982974499464 669.28066985309124 841.45179980993271 571.59854346513748 687.83513036370277 734.68592399358749 769.2847097069025 3617.0876940488815 598.19012814760208 507.08283194899559 6962.9835376888514 747.61737920343876 3678.4062317162752 1076.6545224487782 517.79693396389484 11868.039944812655
leaf_count=133738 10650 8761 2560 24733 3485 8411 2330 21026 36485 24659 4645 35675 7245 3571 25449 2692 3382 2294 2777 2951 3089 14565 2399 2046 28056 3006 14822 4359 2086 47769
internal_value=0.000135091 0.000472162 0.00098817 0.000698642 0.00297463 0.00472636 0.00937579 0.000251448 -3.02726e-05 -0.000693824 -0.00132925 -0.000841198 0.000416988 -0.00531795 -0.000310555 0.000203548 -0.0031988 0.000691307 0.000988845 -0.000141482 -0.00145962 0.00229765 -0.00211888 -0.00432349 -0.00277427 0.00356914 0.00435086 0.000645307 -0.00262819 -0.000438762
internal_weight=121732 76688.1 46216.8 42905.6 7036.56 3311.23 1218.17 35869.1 33218 24127.8 18888.3 16839.9 10695.3 2048.41 30471.2 24160.9 3022.44 21138.5 19962.1 13887.9 9018.29 4869.57 8249.01 1176.36 7561.17 6074.28 5502.68 1824.27 1252.48 45043.5
internal_count=489716 308209 185475 172174 28218 13301 4890 143956 133306 96821 75795 67579 42920 8216 122734 97285 12143 85142 80404 55923 36321 19602 33232 4738 30455 24481 22187 7365 5037 181507
is_linear=0
shrinkage=0.05


Tree=160
num_leaves=31
num_cat=0
split_feature=16 15 40 35 23 16 11 9 12 15 15 11 42 5 17 39 11 15 15 18 9 24 40 30 15 30 18 35 12 39
split_gain=7.25143 15.1092 17.6292 38.0939 16.1774 18.3269 14.3441 21.3605 17.7002 12.9558 12.2298 29.6786 11.9881 21.5366 20.528 18.8142 21.762 19.3359 18.4752 18.1976 17.2058 16.7939 14.1793 26.2863 13.9064 17.5595 13.2505 13.1126 12.1472 14.5979
threshold=0.048830293118953712 -7.2909345626831046 0.98698699474334728 -0.023603870533406731 0.88339966535568248 -0.58526045083999623 -0.44961744546890253 -0.3153324276208877 -6.8056247234344474 -7.2780654430389395 -7.3105835914611808 0.4861512184143067 -0.56174489110708226 -0.18945674598217008 0.49802528321743017 -0.29653874039649958 -0.041739946231245988 -7.9954571723937979 -7.9466865062713614 1.0201441049575808 -0.36279410123825068 1.1415512561798098 -0.90068966150283802 0.047308336943387992 -7.1482570171356192 0.39832581579685217 1.8476458191871645 0.2803493738174439 -7.4780142307281485 0.67879429459571849
decision_type=2 2 2 2 2 2 2 2 2 2 2 2 2 2 2 2 2 2 2 2 2 2 2 2 2 2 2 2 2 2
left_child=1 10 4 -4 9 -6 7 -2 -9 -3 -1 -12 14 15 24 17 20 -14 21 -19 -17 -15 23 -20 25 -8 -18 -26 29 -24
right_child=6 2 3 -5 5 -7 12 8 -10 -11 11 -13 13 18 -16 16 26 19 22 -21 -22 -23 28 -25 27 -27 -28 -29 -30 -31
leaf_value=0.00058618693437673174 -2.8538145462313707e-05 -0.0070193766170139268 0.002760783153870358 -0.013564927236535185 0.0098168718156886013 0.00085424637181818553 -0.0034918975832097911 -0.0056397240137321183 0.0042097817195033572 -0.00071004504557277979 0.009898208812162565 -0.0035175233642325849 0.011977257396313929 -0.0088636868681082372 -0.0080742121919202946 0.00099336189014758228 -0.0035321327761576957 0.010701859616052805 -0.009273880332606 0.0010254771093524387 0.013252137941120923 -0.0011489328646657885 0.0079293566936512166 0.0046768767262175123 -0.00019499876173553114 0.0032426699825941815 0.0039319669070986682 0.0098559391632611557 1.2391588636081745e-05 -0.00024820853113340877
leaf_weight=58806.888657778502 5553.4758272618055 840.77009344100952 651.15046973526478 774.20220027863979 711.01607844233513 2741.151669383049 3754.8900475800037 4254.8987895399332 503.47563242912292 18768.412427335978 1079.3505840748549 656.57827158272266 848.89476962387562 1113.6344191282988 1052.165909782052 658.76097127795219 2346.3698502331972 628.37126810848713 875.70735059678555 2044.8818960934877 498.5807039886713 1904.8948417901993 1300.1015808880329 537.79070366919041 781.95494149625301 1294.089937582612 786.13163571059704 544.2324725240469 4450.295523583889 934.35906384885311
leaf_count=236392 22442 3378 2625 3128 2862 11053 15121 17112 2025 75404 4337 2641 3434 4479 4225 2666 9450 2530 3526 8264 2004 7678 5238 2163 3155 5207 3185 2191 17900 3762
internal_value=3.14305e-05 0.000284881 -0.000762938 -0.0061395 -0.000428112 0.00272323 -0.000556215 -0.00213625 -0.00459092 -0.000984006 0.00070873 0.00483291 6.25495e-05 0.000730521 -0.00163849 0.00274069 0.000514311 0.0054432 -0.00068326 0.0033314 0.0063427 -0.00401503 0.000562037 -0.0039705 -0.000565346 -0.00176278 -0.00165239 0.00397254 0.00152494 0.00452397
internal_weight=121697 85029.5 24486.7 1425.35 23061.4 3452.17 36668 10311.9 4758.37 19609.2 60542.8 1735.93 26356.1 18928.8 7427.33 7811.99 4289.84 3522.15 11116.8 2673.25 1157.34 3018.53 8098.25 1413.5 6375.17 5048.98 3132.5 1326.19 6684.76 2234.46
internal_count=489577 341820 98450 5753 92697 13915 147757 41579 19137 78782 243370 6978 106178 76279 29899 31533 17305 14228 44746 10794 4670 12157 32589 5689 25674 20328 12635 5346 26900 9000
is_linear=0
shrinkage=0.05


Tree=161
num_leaves=31
num_cat=0
split_feature=13 37 39 14 24 22 11 34 5 23 39 25 42 14 11 13 35 39 12 20 22 39 34 35 24 13 14 24 35 39
split_gain=12.6487 18.2972 13.2368 12.3695 19.9275 12.0976 11.7892 18.3441 17.9615 16.8406 13.7341 22.8037 15.2409 13.7115 12.6267 19.4083 12.2906 24.45 14.0324 13.9042 12.0161 11.585 16.0256 17.7464 14.0065 12.4265 13.8986 21.0772 23.3185 19.1384
threshold=-7.3749005794525138 -0.6639311909675597 0.99305900931358349 -6.973949432373046 4.046278953552247 1.3750638365745547 -0.18603123724460599 -0.36332298815250391 1.2801946401596072 0.16495530307292941 0.27143786847591406 0.81020206212997448 0.81174489855766307 -7.3518903255462638 0.35668250918388372 -7.226923704147338 0.34464319050312048 -0.47331516444683069 -7.3702816963195792 0.9333169460296632 1.8587837815284731 -0.9081345498561858 0.15438007563352588 -0.27351993322372431 1.84725558757782 -7.3149428367614737 -7.2881269454956046 1.8782451152801516 -0.26846961677074427 -0.61908808350563038
decision_type=2 2 2 2 2 2 2 2 2 2 2 2 2 2 2 2 2 2 2 2 2 2 2 2 2 2 2 2 2 2
left_child=3 -2 6 4 -1 -5 21 9 10 -8 12 14 13 -9 -12 -16 18 -18 19 -15 -10 22 23 24 -3 -23 29 -28 -29 -27
right_child=1 2 -4 5 -6 -7 7 8 20 -11 11 -13 -14 16 15 -17 17 -19 -20 -21 -22 25 -24 -25 -26 26 27 28 -30 -31
leaf_value=-0.00032011278613074844 0.0099763048172226507 -0.0080345187018462123 0.0084343153405259438 -0.011001442749792768 0.0095459475066468936 -0.00027218274615662812 0.0012964725689863614 0.0042200425465705625 0.0091673755494098199 0.0096716164251158983 0.0053094376214957422 -0.0096128466880750271 0.007511382891890234 -0.0033064157011508701 -0.009530495096691809 0.0018180571616166884 0.0038968609343380152 -0.0057384280685679814 -0.0039356411151911684 0.0078790388643975931 0.0011801172297813739 0.0050175231548543449 -0.010658162166008697 0.0060019373953030886 0.00092928244743364127 -0.011326291210064579 0.0023760302664946604 -0.0076817893165838621 0.0034938616976303381 -0.0011370785268502563
leaf_weight=86778.088007763028 526.73125872015953 956.05933485925198 529.60975044965744 523.58808648586273 504.85038115084171 518.5767123401165 1218.5010239481926 1920.5031030774117 970.13508997857571 1179.8102414906025 718.81331169605255 868.44835217297077 815.23362746834755 519.95259468257427 610.98155078291893 951.39773684740067 2813.4936098605394 849.11471323668957 3226.9482664167881 576.34305542707443 912.77701082825661 1176.950247451663 587.93706031143665 584.43091212213039 790.54651708900928 597.98337081074715 5247.7798525094986 1278.1241923719645 724.61348174512386 1915.7747227996588
leaf_count=349131 2127 3846 2132 2103 2032 2087 4964 7707 3901 4771 2882 3497 3277 2085 2451 3818 11300 3419 12943 2312 3677 4737 2359 2346 3173 2405 21120 5140 2916 7711
internal_value=-1.46558e-05 0.000819314 0.000668079 -0.000326952 -0.00026196 -0.00571594 0.000537003 0.00137512 0.000753318 0.00543954 0.000129756 -0.00276778 0.000982739 0.000438438 -0.000131284 -0.00265228 -0.000475133 0.00165354 -0.00227818 0.00259205 0.00532209 -0.000560863 -0.00335376 -0.00147377 -0.00399514 0.000186626 -0.000400211 0.000711269 -0.00364104 -0.00359621
internal_weight=121394 33069 32542.3 88325.1 87282.9 1042.16 32012.7 18152.5 15754.1 2398.31 13871.2 3149.64 10721.6 9906.36 2281.19 1562.38 7985.85 3662.61 4323.24 1096.3 1882.91 13860.2 2918.97 2331.04 1746.61 10941.2 9764.28 7250.52 2002.74 2513.76
internal_count=488369 133016 130889 355353 351163 4190 128757 73004 63269 9735 55691 12648 43043 39766 9151 6269 32059 14719 17340 4397 7578 55753 11724 9365 7019 44029 39292 29176 8056 10116
is_linear=0
shrinkage=0.05


Tree=162
num_leaves=31
num_cat=0
split_feature=35 40 42 41 15 35 15 29 8 12 40 25 23 16 8 22 13 34 31 17 15 12 35 21 17 40 42 31 35 40
split_gain=8.75245 24.0897 22.9901 22.0424 21.5905 19.7234 18.4061 16.5044 15.6121 15.3339 15.0196 15.8893 17.0071 14.1422 13.4819 16.2768 12.2097 13.6344 12.0637 20.5177 22.5781 18.5005 17.24 22.8613 13.2809 24.7147 21.3668 19.6575 26.442 19.4147
threshold=0.36203560233116155 0.45009414851665502 1.0000000180025095e-35 -1.0000000180025095e-35 -7.8412549495697013 1.0447414517402651 -7.6561462879180899 -0.090234376490116106 -0.24591853469610211 -7.81136131286621 0.95756223797798168 0.8912121355533601 0.22395991533994677 -0.31543849408626551 0.43626686930656439 1.3446336984634402 -7.2759869098663321 0.15889039635658267 0.29596710205078131 -0.058763599023222916 -7.4384751319885245 -7.5268454551696768 -0.21893277019262311 0.58077654242515575 -0.24255283921957013 -0.3214364200830459 1.0000000180025095e-35 -0.33521957695484156 0.10479889810085298 -0.15212193876504895
decision_type=2 2 2 2 2 2 2 2 2 2 2 2 2 2 2 2 2 2 2 2 2 2 2 2 2 2 2 2 2 2
left_child=18 2 4 9 -2 6 -6 13 -3 -4 11 12 -10 -5 -12 -16 17 -14 24 21 22 -20 -21 -24 29 26 -26 -28 -29 -1
right_child=1 8 3 7 5 -7 -8 -9 10 -11 14 -13 16 -15 15 -17 -18 -19 19 20 -22 -23 23 -25 25 -27 27 28 -30 -31
leaf_value=0.00042934737042956583 0.0086721680855298168 0.0035451196754566895 -0.0038344637730192187 0.0088073462463292684 -0.0040181295813126452 -0.0074061400907015074 0.0025319095448293203 -0.0022409420650716314 0.0020019676173044882 -0.014097339718292993 0.0070404898134263432 -0.0013552111366614849 -0.013189863431211833 -0.00018884830800295206 -0.009047878323659669 0.0012553524632119867 -0.012482955269187197 -0.0042004488460506105 0.0015680130489118425 -0.005919782821957523 -0.0059257495657919412 0.006913657713691213 0.0070263477380730329 -0.0022503669164767397 -0.0024295759751264316 0.0014703253455931849 0.005033803565485215 -0.0030292579643135462 0.0054041680275310538 -0.0019298178094864138
leaf_weight=15826.131367340684 995.25839494168758 837.69948364794254 1331.7323616445065 741.69485478103161 1244.1485393345356 645.66021737456322 7424.9899589121342 3782.1764138191938 501.15159103274345 497.42455454170704 508.05473443865776 2201.4538596272469 519.9255139529705 1042.0534521192312 562.74433809518814 1153.011661246419 1003.0265835672617 2167.8866399675608 10578.886844798923 695.12381426990032 1766.5748011171818 1903.3579363822937 1470.1684613972902 1197.762001991272 10387.308426603675 24440.599625647068 2211.7288081496954 3338.0619539171457 1276.7605946809053 19405.924018725753
leaf_count=63630 3999 3368 5390 2978 5003 2601 29859 15232 2012 2021 2054 8932 2088 4187 2287 4686 4028 8741 42492 2791 7091 7650 5896 4813 41720 98369 8922 13403 5123 78063
internal_value=-0.00011282 -0.000903706 0.000184746 -0.00194116 0.00171 0.000957606 0.00158834 -0.000372367 -0.00293996 -0.00668685 -0.00357376 -0.00480319 -0.00660639 0.00358008 -3.3473e-05 -0.00215681 -0.00777751 -0.00598179 0.000114563 0.00129455 -0.00136575 0.00238803 0.00104003 0.00286873 -0.000155862 0.000448458 -0.00100242 0.00116952 -0.000689383 -0.000870267
internal_weight=121658 27160.1 17705.1 7395.08 10310.1 9314.8 8669.14 5565.92 9454.95 1829.16 8617.25 6393.44 4191.99 1783.75 2223.81 1715.76 3690.84 2687.81 94498.4 17611.9 5129.63 12482.2 3363.05 2667.93 76886.5 41654.5 17213.9 6826.55 4614.82 35232.1
internal_count=489429 109466 71270 29808 41462 37463 34862 22397 38196 7411 34828 25801 16869 7165 9027 6973 14857 10829 379963 70733 20591 50142 13500 10709 309230 167537 69168 27448 18526 141693
is_linear=0
shrinkage=0.05


Tree=163
num_leaves=31
num_cat=0
split_feature=35 14 17 31 14 14 16 19 11 8 16 18 8 24 26 30 30 11 11 25 7 31 16 24 15 24 13 11 25 2
split_gain=9.67004 29.0989 13.398 10.611 14.2467 12.0543 9.81922 8.27026 8.11211 7.18265 10.1601 7.63172 14.1425 14.9569 22.4082 12.8751 19.4959 13.2001 12.4566 9.36665 12.3936 15.5609 15.6272 12.1465 10.5438 15.8888 14.659 12.652 13.5914 11.9895
threshold=-0.64335837960243214 -7.9271202087402335 0.52926701307296764 -0.09634139388799666 -7.7186210155487052 -7.4498164653778067 -0.54412323236465443 0.77703627943992626 -0.86395528912544239 -1.6258944272994993 -0.17182972282171247 0.78423467278480541 1.0537664294242861 2.2929154634475712 -1.1195471286773679 0.087561603635549559 -1.077092111110687 0.60440796613693248 0.23489575833082202 0.73752015829086315 1.1028491854667666 0.38495780527591711 -0.39562509953975672 2.3614759445190434 -6.971245050430297 1.0028465390205386 -7.9658896923065177 -1.4109937548637388 0.5755555033683778 -1.5449121594429014
decision_type=2 2 2 2 2 2 2 2 2 2 2 2 2 2 2 2 2 2 2 2 2 2 2 2 2 2 2 2 2 2
left_child=1 8 3 4 -3 -5 -7 -6 -1 10 -2 12 13 -11 -15 16 -14 -17 -18 20 21 24 -23 -22 26 -26 29 -27 -29 -13
right_child=9 2 -4 5 7 6 -8 -9 -10 11 -12 19 15 14 -16 17 18 -19 -20 -21 23 22 -24 -25 25 27 -28 28 -30 -31
leaf_value=0.00031923834174480683 -0.00032621643384480057 -0.013489991473135879 0.0032966624202426715 0.0044516754418570557 -0.0031819006688326187 -0.0087534509942109456 -0.00030388597344187739 -0.010218812467687678 0.0085675102560995083 0.00065235626082927863 0.0080456045517276874 0.0022829876589190402 0.0024111919165763444 0.0079953576234775958 -0.0026505592786895704 -0.0030964235288355752 -0.003905024623849038 0.0074639062480440638 -0.013293260493956949 0.0004791848727632535 -0.0022590345001195057 0.0065168007004470499 0.00043483085834373076 -0.010773991215523519 -0.011256002277922868 -0.0089573041606983341 0.00012267911656753256 0.00075519406378026519 -0.0060071920620061404 -0.0022167467485640162
leaf_weight=512.93108823895454 800.12724833190441 511.97014835476875 672.08094979822636 623.33723840117455 2336.536897957325 582.97812603414059 820.12856855988503 503.85420142114162 704.34957526624203 22689.822262793779 651.34116820991039 1641.5504939705133 647.35626812279224 1651.6313157379627 697.75784432888031 638.47424864768982 831.73458506166935 535.18675842881203 620.55626371502876 26201.568605035543 1922.545393794775 1421.4969453960657 4034.4055220335722 528.52642518281937 508.42636124789715 559.68265508115292 29387.954671964049 2899.164657369256 988.27554722130299 14415.002638176084
leaf_count=2081 3223 2078 2710 2510 9469 2343 3301 2028 2861 91139 2646 6628 2608 6633 2803 2571 3350 2156 2509 105556 7726 5707 16195 2126 2044 2252 118136 11685 3966 57940
internal_value=-0.000135358 -0.00190247 -0.0033219 -0.00415347 -0.00587647 -0.00128825 -0.0038517 -0.00446164 0.00512282 -2.2806e-05 0.00345995 -6.79152e-05 0.000642418 0.00104665 0.00483574 -0.00244353 -0.00478001 0.00174144 -0.00798004 -0.000305943 -0.000658779 -0.000505679 0.00202847 -0.00413144 -0.000780354 -0.00296807 -0.000541191 -0.0019974 -0.00097496 -0.00175558
internal_weight=121541 7268.17 6050.89 5378.81 3352.36 2026.44 1403.11 2840.39 1217.28 114273 1451.47 112821 28312.5 25039.2 2349.39 3273.31 2099.65 1173.66 1452.29 84508.6 58307 55856 5455.9 2451.07 50400.1 4955.55 45444.5 4447.12 3887.44 16056.6
internal_count=488980 29381 24439 21729 13575 8154 5644 11497 4942 459599 5869 453730 113769 100575 9436 13194 8467 4727 5859 339961 234405 224553 21902 9852 202651 19947 182704 17903 15651 64568
is_linear=0
shrinkage=0.05


Tree=164
num_leaves=31
num_cat=0
split_feature=20 11 22 30 6 21 10 11 31 41 8 22 20 12 22 10 18 18 10 26 11 22 5 30 30 41 31 26 24 22
split_gain=7.66222 7.1287 18.158 16.5337 11.3697 15.3894 6.30638 6.11498 21.2028 23.2947 18.2749 17.8501 15.3089 12.0455 11.1705 11.2245 11.3116 10.9949 9.4383 8.68397 21.1126 11.7388 15.0178 8.63033 8.52573 16.1877 12.2278 9.63422 8.47085 19.3363
threshold=0.37339629232883459 -2.2485940456390376 1.3750638365745547 -1.0390697121620176 0.34482675790786749 0.28752529621124273 -0.074857562780380235 -1.3183196783065794 0.38495780527591711 -0.60785761475563038 -0.14261344075202939 1.3484706878662112 1.1535966992378237 -8.3527665138244611 1.0740127563476565 -1.0275350809097288 1.6115531921386721 1.0098967552185061 -1.5655770897865293 -2.8933354616165157 0.049707852303981788 1.6012593507766726 0.2235427722334862 -0.58908218145370472 -1.3387330770492551 -1.0000000180025095e-35 -0.47953803837299341 -3.4411859512329097 2.1737023591995244 2.456891775131226
decision_type=2 2 2 2 2 2 2 2 2 2 2 2 2 2 2 2 2 2 2 2 2 2 2 2 2 2 2 2 2 2
left_child=-1 2 3 6 5 -4 -2 8 9 10 23 -10 -12 -11 -15 18 17 -17 -16 20 -9 24 -23 -3 25 27 -26 -22 -21 -30
right_child=1 7 4 -5 -6 -7 -8 19 11 13 12 -13 -14 14 15 16 -18 -19 -20 28 21 22 -24 -25 26 -27 -28 -29 29 -31
leaf_value=0.0060225889659063338 0.013843525431039259 0.0015944874660340131 0.0014856253954313951 -0.0005384755284397367 0.0040959074666248093 -0.010263369025215806 0.0057938581386648572 0.0012060916988635131 0.011694141731229332 -0.010656227819659903 -0.0093432871633266374 -9.7648692466085704e-05 0.0020850509070171504 -0.0096967329506577674 -0.0023035710654930592 -0.0070387408374215227 -0.010474472851367309 0.0015494705744890024 0.0058397805323465272 0.00030428868543187727 0.00054441860483344024 -0.0031250602361074294 -0.014243059780885787 0.0099663422600840199 0.002358019643562709 0.00571492703485014 -0.0059668822835074603 -0.0080210989411839961 -0.0013664976343042935 0.0069264626227038663
leaf_weight=507.18225914239883 498.97166442871094 626.62744395434856 552.01815941929817 609.5502322614193 598.72817879915237 548.43847715854645 513.87853214144707 4398.1792200505733 499.61964248120785 675.14730453491211 511.92798013985157 866.38932570815086 661.59828029572964 606.52975444495678 878.63881047070026 673.93955336511135 600.18133872747421 812.50283439457417 583.82045927643776 83261.307821393013 739.28500455617905 764.14930008351803 502.57075661420822 603.86412645876408 560.02033470571041 801.3367828130722 1989.2128601968288 578.8084709495306 14701.601604193449 728.32242454588413
leaf_count=2038 2008 2533 2240 2451 2411 2206 2064 17668 2008 2712 2055 3487 2661 2433 3539 2706 2418 3265 2351 334995 2971 3075 2027 2443 2250 3217 7994 2326 59125 2944
internal_value=-5.03591e-05 -7.63213e-05 0.00220448 0.00597135 -0.00140606 -0.00440946 0.00985603 -0.00014091 -0.00142365 -0.00250287 0.00151485 0.00426886 -0.00293716 -0.00450128 -0.00347813 -0.00239113 -0.00473664 -0.00236536 0.000964875 -3.95951e-05 -0.00141792 -0.0033611 -0.00761313 0.0057502 -0.00219361 0.000151103 -0.00413598 -0.00324899 0.000104853 -0.000970821
internal_weight=121454 120947 3321.59 1622.4 1699.18 1100.46 1012.85 117626 8600.79 7234.78 2404.02 1366.01 1173.53 4830.76 4155.61 3549.08 2086.62 1486.44 1462.46 109025 10333.6 5935.38 1266.72 1230.49 4668.66 2119.43 2549.23 1318.09 98691.2 15429.9
internal_count=488621 486583 13380 6523 6857 4446 4072 473203 34611 29116 9692 5495 4716 19424 16712 14279 8389 5971 5890 438592 41528 23860 5102 4976 18758 8514 10244 5297 397064 62069
is_linear=0
shrinkage=0.05


Tree=165
num_leaves=31
num_cat=0
split_feature=29 24 11 6 5 31 28 29 22 6 22 10 41 29 40 22 15 24 14 16 20 40 18 20 24 14 24 40 40 35
split_gain=9.43761 7.39139 12.7972 28.9295 22.3588 17.199 21.7369 19.5837 14.7339 14.5681 12.302 11.7996 17.0014 20.6535 20.1584 24.5363 19.8388 15.8725 16.9499 13.6908 16.1096 13.6324 17.9763 13.4888 15.8157 13.3775 23.6896 14.6364 22.7644 12.4327
threshold=-0.98298320174217213 1.5281608104705813 1.170456647872925 -1.4810884594917295 -1.0246724486351011 0.32927790284156805 -1.1175428032875059 0.7395823895931245 1.6425682306289675 0.1661089435219765 0.79591700434684765 0.065671071410179152 0.87837970256805431 -0.30378742516040796 0.33791351318359381 1.5382450819015505 -7.3479342460632315 2.5367776155471806 -8.2465548515319806 -0.11766130104660986 2.70775318145752 -0.3131608366966247 1.0254136919975283 1.0074256658554079 1.6381644010543825 -7.0392622947692862 3.1401298046112065 0.065402505919337287 0.30486139655113226 -0.10136635601520537
decision_type=2 2 2 2 2 2 2 2 2 2 2 2 2 2 2 2 2 2 2 2 2 2 2 2 2 2 2 2 2 2
left_child=-1 -2 10 -4 -5 6 8 9 -6 -7 -3 21 13 17 15 -14 -16 18 -13 -15 -21 22 -12 -24 -25 -23 27 -27 -29 -20
right_child=1 2 3 4 5 7 -8 -9 -10 -11 11 12 14 19 16 -17 -18 -19 29 20 -22 25 23 24 -26 26 -28 28 -30 -31
leaf_value=0.0067469531343204662 0.00032399373751422174 -0.0070215306690409422 0.0097313416884286259 -0.0096822097338025593 -0.0021200292076395465 -0.0016940526997561622 0.001720323127327947 0.0023146362699393813 -0.010779934177636808 -0.011988131493466687 -0.0052154127714622448 0.0092055197013961171 0.0021026129666864147 0.00036716568294867572 0.0047136305696112244 0.013743345220621371 -0.007830431673331131 0.0092138386953207734 0.0072386824490279977 -0.0041041861867032381 0.0053292794046389388 0.00080497897227662383 -0.0072326566640431847 -0.0056837176896671034 0.0018494676532867065 0.0046744849665193598 -0.011170543856546962 -0.012133709420713748 -0.00040091935214997554 -0.00065143696303943523
leaf_weight=500.93181502819061 61094.300917163491 625.38713355362415 492.63969318568707 985.70271602272987 2697.8758581876755 515.11502455174923 4170.7269543856382 548.57771421968937 592.73005828261375 1045.5331139713526 3352.6788963079453 638.94789545238018 956.17407429218292 8557.8197087645531 743.07725340127945 857.07181005179882 532.13312201201916 822.04799219965935 573.97840006649494 3985.271319270134 501.6986193805933 13844.204912632704 645.08756142854691 847.33125795423985 3710.6064659804106 899.03456531465054 642.95975036919117 503.26636803150177 2129.1080074459314 3434.0664394199848
leaf_count=2037 245728 2510 1999 3965 10846 2069 16773 2215 2387 4220 13466 2571 3835 34410 2988 3445 2142 3305 2327 16063 2027 55734 2589 3417 14943 3611 2584 2022 8575 13801
internal_value=-3.42164e-05 -6.28582e-05 -0.000457736 -0.00199348 -0.00254935 -0.00180538 -0.000675377 -0.00578067 -0.00370785 -0.00862284 -0.0001097 -1.85384e-05 0.000849142 0.000275286 0.00427715 0.00765007 -0.000541085 0.00285158 0.00170873 -0.000806183 -0.0030399 -0.000723932 -0.00236612 -0.000523633 0.000439654 5.67023e-05 -0.00242093 -0.000800858 -0.00268147 0.000493683
internal_weight=121446 120945 59850.9 11048.9 10556.3 9570.56 7461.33 2109.23 3290.61 1560.65 48802 48176.6 21602.3 18513.8 3088.46 1813.25 1275.21 5469.04 4646.99 13044.8 4486.97 26574.3 8555.7 5203.03 4557.94 18018.6 4174.37 3531.41 2632.37 4008.04
internal_count=488604 486567 240839 44474 42475 38510 30006 8504 13233 6289 196365 193855 86914 74504 12410 7280 5130 22004 18699 52500 18090 106941 34415 20949 18360 72526 16792 14208 10597 16128
is_linear=0
shrinkage=0.05


Tree=166
num_leaves=31
num_cat=0
split_feature=37 40 29 34 31 37 10 35 24 17 9 24 41 31 18 40 22 22 14 2 17 16 9 35 40 35 9 40 17 40
split_gain=9.43367 12.1574 10.1767 9.56169 12.1915 17.9179 15.6183 12.9358 13.8348 12.906 10.1366 9.90618 9.75011 15.6976 14.0953 13.4742 15.5275 11.0804 14.6301 14.4466 11.3698 11.8786 11.9798 21.6748 14.3439 11.2637 17.6964 11.2468 9.32202 23.9235
threshold=0.37932324409484869 -0.99085646867752064 0.92088952660560619 0.99847650527954113 0.27427217364311224 -0.6639311909675597 -1.2511254549026487 -0.27351993322372431 0.86269494891166698 -0.12365588545799254 -0.81980794668197621 2.3088896274566655 0.87837970256805431 -0.52814957499504078 1.3262358307838442 -0.98244103789329518 2.0898180007934575 1.1866270303726199 -7.7075014114379874 0.18815026432275775 0.35058137774467474 0.28525549173355108 1.1588912010192873 0.36203560233116155 -0.34611377120018 -0.30517332255840296 -0.21366240084171292 0.56999135017395031 -0.17283553630113599 0.67879429459571849
decision_type=2 2 2 2 2 2 2 2 2 2 2 2 2 2 2 2 2 2 2 2 2 2 2 2 2 2 2 2 2 2
left_child=2 -2 3 4 12 -6 11 9 -9 -8 -10 -7 28 14 -14 -15 17 18 -17 -20 21 22 23 24 -19 -26 -27 -28 -1 -30
right_child=1 -3 -4 -5 5 6 7 8 10 -11 -12 -13 13 15 -16 16 -18 20 19 -21 -22 -23 -24 -25 25 26 27 -29 29 -31
leaf_value=-0.00064823210557196523 -0.0048733813364588187 0.0013851484761848139 -0.0038252386982763433 -0.0048912945125078391 -0.0080284442664171514 0.0030013503242135205 0.00066227035088604338 0.0083000711877716585 0.0069408467810597591 -0.0083231879316274376 0.00074190401467233869 0.011490072744457666 -0.010594857310208001 0.0064192778284215858 -0.00060815890238527536 0.00040697547871218541 0.0063403011120345444 -0.0049268732373004441 -0.010650423097252589 -0.00091654456030959553 0.0043740186133193453 -0.0085419613154786213 0.0061346537583603037 -0.011206412678302909 0.0063790536445932078 -0.0072329590378894561 0.0085469904118412581 -0.0018058048631145456 -0.00026186909587366179 0.0028884449783934314
leaf_weight=34401.10774512589 802.54116921126842 17377.145005658269 1818.8358484953642 1004.6663839817047 526.13814200460911 937.73624266684055 872.75291872024536 657.68658958375454 675.11818392574787 725.05775889754295 17786.374535039067 542.25429365038872 851.81861035525799 574.57802982628345 600.99616478383541 927.95199102163315 596.1792311668396 1173.6899290829897 1127.7896348685026 576.25909121334553 904.46365098655224 551.35003104805946 534.51892597973347 519.52561892569065 852.84451268613338 625.76389539241791 511.42820577323437 522.16430512070656 23684.760635495186 8072.4056658148766
leaf_count=138455 3231 69886 7325 4065 2114 3770 3513 2639 2710 2913 71550 2181 3428 2307 2432 3723 2405 4710 4525 2312 3630 2218 2148 2089 3432 2512 2051 2096 95255 32540
internal_value=5.64715e-05 0.00110634 -0.000128641 -6.19221e-05 -1.30813e-05 0.00100525 0.0012229 0.000866838 0.00122851 -0.00344158 0.000972228 0.00616778 -0.000311328 -0.0016577 -0.00649599 -0.00094889 -0.00140446 -0.00193408 -0.00464555 -0.00738326 -0.000776595 -0.0016636 -0.000847212 -0.00174707 -0.000387067 0.00174504 -0.000660612 0.00334964 -7.80695e-05 0.000539572
internal_weight=121336 18179.7 103156 101337 100333 22723.1 22197 20717 19119.2 1597.81 18461.5 1479.99 77609.6 11451.3 1452.81 9998.51 9423.93 8827.75 2632 1704.05 6195.75 5291.29 4739.94 4205.42 3685.89 2512.2 1659.36 1033.59 66158.3 31757.2
internal_count=488165 73117 415048 407723 403658 91390 89276 83325 76899 6426 74260 5951 312268 46018 5860 40158 37851 35446 10560 6837 24886 21256 19038 16890 14801 10091 6659 4147 266250 127795
is_linear=0
shrinkage=0.05


Tree=167
num_leaves=31
num_cat=0
split_feature=11 26 7 30 30 15 7 39 40 39 15 23 39 11 22 39 35 14 42 39 10 24 35 32 42 24 25 10 21 2
split_gain=8.25134 20.2081 19.1195 22.5149 25.9007 18.2734 18.0915 16.4804 16.3584 26.0042 21.8662 31.6856 29.6074 24.5695 28.2774 26.9948 20.9933 19.8598 24.7796 16.0929 19.6286 18.0608 18.8194 16.1266 17.505 16.0535 16.278 20.1396 15.9503 15.4359
threshold=0.42084078490734106 -2.0836923122406001 -0.51061293482780445 -1.273974537849426 -1.8045732378959654 -7.5642452239990225 -0.048648294061422341 0.7743852734565736 0.40274286270141607 0.013089470565319063 -7.7079954147338858 0.8166119158267976 0.48098418116569525 -0.43908262252807612 1.3945097327232363 0.70400801301002514 0.35032990574836737 -8.0179152488708478 1.0000000180025095e-35 -0.3214364200830459 1.0793412923812868 1.8234968781471255 -0.31036330759525294 0.11892627924680711 1.0000000180025095e-35 2.2166165113449101 0.18128838390111926 0.18627341091632846 0.69370663166046154 0.069782789796590819
decision_type=2 2 2 2 2 2 2 2 2 2 2 2 2 2 2 2 2 2 2 2 2 2 2 2 2 2 2 2 2 2
left_child=8 2 -2 4 5 -4 -6 -7 9 17 11 25 -12 15 -15 -14 -17 18 -1 20 21 22 23 24 -10 26 -11 28 -28 -23
right_child=1 -3 3 -5 6 7 -8 -9 19 10 12 -13 13 14 -16 16 -18 -19 -20 -21 -22 29 -24 -25 -26 -27 27 -29 -30 -31
leaf_value=-0.005442543761895232 -0.0062846191674959268 9.0303602525213796e-05 0.0045139024861039993 -0.0035900909968443057 0.014190349516867649 -0.0121536375695157 0.002787549016319777 0.00025331775080222933 0.011178054889742097 0.00068595724018536851 0.0058240745824103927 0.0050584494341839323 -0.0073751238608968641 -0.00029675265447608461 0.0074834249913598317 0.0014854732518055976 -0.0081255246655435338 -0.0019416353289132948 0.0034828490804928651 0.00041991129756211983 -0.0056220378763654731 0.0035621461839628376 0.0032053870118021639 0.016800582099706016 -9.5063485977199263e-06 0.0034344702699192573 -0.010934331417534589 -0.00057331722746958933 -0.0021637908432109777 -0.0034788397533531269
leaf_weight=970.67386561632156 2462.71148660779 33483.281304880977 592.91248454153538 4304.474463135004 501.66313457489014 563.84159991145134 1107.7035927921534 500.88326525688171 791.37905156612396 1403.4904711693525 3933.5536811947823 1593.7017947286367 1338.6141982674599 2297.3823121339083 2363.9158194959164 5313.1037663072348 626.09953792393208 21129.554591014981 3754.0465784519911 18366.914270654321 627.62471032142639 1669.2548190057278 4686.3360781222582 495.47692820429802 620.25415256619453 862.52225983142853 1705.3028608709574 1298.2329885214567 751.23572027683258 1441.0725979208946
leaf_count=3900 9901 134778 2384 17316 2014 2268 4456 2013 3213 5657 15825 6408 5380 9215 9515 21350 2521 84911 15139 73947 2528 6730 18834 2000 2533 3466 6839 5208 3011 5802
internal_value=5.18594e-05 -0.000499727 -0.00246674 -0.00121828 0.00190814 -0.00247258 0.00640765 -0.00636893 0.000359466 -0.000192641 0.00101144 -0.00119016 0.00206768 0.000826236 0.00365644 -0.000988981 0.000460345 -0.00128645 0.00164154 0.00130845 0.00288614 0.00344165 0.00492133 0.0090992 0.00629689 -0.00284982 -0.00390524 -0.00561864 -0.00827185 0.000299232
internal_weight=121557 43517.5 10034.2 7571.48 3267 1657.64 1609.37 1064.72 78039.7 49341.4 23487.2 7614.49 15872.7 11939.1 4661.3 7277.82 5939.2 25854.3 4724.72 28698.3 10331.4 9703.77 6593.45 1907.11 1411.63 6020.78 5158.26 3754.77 2456.54 3110.33
internal_count=489062 175130 40352 30451 13135 6665 6470 4281 313932 198345 94395 30589 63806 47981 18730 29251 23871 103950 19039 115587 41640 39112 26580 7746 5746 24181 20715 15058 9850 12532
is_linear=0
shrinkage=0.05


Tree=168
num_leaves=31
num_cat=0
split_feature=15 15 31 29 11 3 40 31 40 21 11 40 25 40 15 28 3 31 8 22 31 23 28 40 22 11 10 3 31 10
split_gain=9.25354 19.3305 33.6221 14.2201 13.5322 12.6132 15.7531 14.3999 18.1779 12.1279 10.9065 20.6696 13.6041 13.1709 12.302 10.8785 10.8134 10.7435 15.4269 19.5132 10.1476 14.3178 20.3304 15.5861 11.873 11.5129 13.6782 11.7274 9.70101 9.66108
threshold=-7.3105835914611808 -7.2909345626831046 -0.15021148324012754 0.66764417290687572 0.4861512184143067 1.0000000180025095e-35 -0.83146169781684864 0.29596710205078131 0.9496901035308839 0.70594930648803722 -0.64504426717758168 0.72836405038833629 0.62649697065353405 -0.97533303499221791 -7.2273716926574698 -0.30677403509616846 -0.45977486670017237 0.024275514297187332 -0.24591853469610211 1.2398662567138674 0.012292159255594017 0.76169317960739147 0.39522726833820349 -0.10886583849787711 1.2059962749481203 1.5913582444190981 -0.14917576313018796 0.20729196816682818 0.60496568679809581 -0.7866511046886443
decision_type=2 2 2 2 2 2 2 2 2 2 2 2 2 2 2 2 2 2 2 2 2 2 2 2 2 2 2 2 2 2
left_child=29 2 -2 5 -4 7 9 8 10 -7 11 12 14 -12 -3 -11 -10 -5 -19 -20 25 23 24 -22 -23 26 -8 -28 -9 -1
right_child=1 3 4 17 -6 6 20 28 16 15 13 -13 -14 -15 -16 -17 -18 18 19 -21 21 22 -24 -25 -26 -27 27 -29 -30 -31
leaf_value=-0.0015745760224009397 -0.0031733981898059019 0.0020544414780707897 0.012858955585278912 0.0078967161788159133 0.0032421531665194391 -0.00088754134994297568 0.0025008480004146457 0.0056636004846775502 -0.0088656451063343841 -0.01087017022364214 0.0088891025647790303 0.0071445047050994999 0.0034318595834302796 0.0012225997817590403 -0.0065515391642690145 -0.0017278490628206856 0.00035874537008965678 -0.0062651069871463268 0.011945724725328758 0.00098125226104634074 0.00086786890378326084 0.0092725923822052515 -0.0073502948217032821 -0.0072896042187024779 0.00067975951165966401 0.0062564235420672458 -0.0090505096534700662 -0.00081512547871128631 -0.0014037518799393022 -0.00017694581263657364
leaf_weight=15006.928991630673 841.66605676710606 520.61872234940529 955.75200344622135 881.67955565452576 602.68886053562164 1154.778168797493 2822.7403726279736 2164.7536409050226 826.54780355095863 949.63552112877369 596.71437828242779 576.24496425688267 630.36738747358322 7396.439671471715 1965.8695292174816 498.8592978566885 511.03580041229725 503.50678010284901 502.79142335057259 1954.9592864960432 864.99048440158367 520.68764933943748 632.90940749645233 1789.9459254145622 1665.3930423110723 863.16684935986996 531.99414798617363 2147.9012364000082 620.67655989527702 70026.290117532015
leaf_count=60429 3391 2099 3841 3541 2425 4640 11352 8699 3341 3818 2405 2329 2528 29781 7933 2005 2060 2022 2020 7888 3468 2093 2545 7189 6721 3471 2138 8630 2495 281660
internal_value=-0.000137941 0.000527946 0.00485552 0.000221975 0.00918428 -0.000142337 -0.00121005 0.000833255 0.000134255 -0.00472374 0.000767722 -0.00147681 -0.00308847 0.00180532 -0.00474861 -0.007755 -0.00536487 0.00308283 0.0016278 0.00326361 -0.000434145 -0.00201085 0.000471596 -0.00463858 0.00275933 0.000922687 7.61831e-05 -0.00247753 0.0040894 -0.00042376
internal_weight=121529 36495.3 2400.11 34095.2 1558.44 30252.3 14443 15809.3 13023.8 2603.27 11686.3 3693.1 3116.86 7993.15 2486.49 1448.49 1337.58 3842.94 2961.26 2457.75 11839.7 5473.93 2818.99 2654.94 2186.08 6365.8 5502.64 2679.9 2785.43 85033.2
internal_count=488957 146868 9657 137211 6266 121740 58070 63670 52476 10463 47075 14889 12560 32186 10032 5823 5401 15471 11930 9908 47607 22016 11359 10657 8814 25591 22120 10768 11194 342089
is_linear=0
shrinkage=0.05


Tree=169
num_leaves=31
num_cat=0
split_feature=18 8 13 13 30 13 11 13 13 10 14 40 35 40 22 14 24 24 26 11 6 6 24 13 35 32 30 35 13 21
split_gain=9.6144 17.8654 13.0937 12.0241 22.3863 25.5828 21.24 16.8252 12.8937 11.3748 10.0374 25.0284 23.2253 22.9155 15.6114 19.2058 14.4789 14.1623 9.63583 12.5159 11.45 9.70324 9.62358 10.4384 9.26683 8.88278 11.1 18.6697 14.342 10.9506
threshold=1.354153096675873 1.1770927906036379 -8.5227842330932599 -7.8703503608703604 1.0000000180025095e-35 -7.6331732273101798 0.1953408941626549 -7.5629315376281729 -7.1560318470001212 1.0609987974166872 -7.1888680458068839 0.71629512310028087 -0.24366770684719083 0.82658186554908764 1.2059962749481203 -7.0963757038116446 2.4436122179031377 1.903484642505646 -1.8630006313323972 0.020543466322124008 0.031571660190820701 -0.82542142271995533 2.2166165113449101 -8.1560630798339826 -0.26347187161445612 0.50523680448532116 -1.4849605560302732 0.26521548628807073 -7.8703503608703604 0.28370818495750433
decision_type=2 2 2 2 2 2 2 2 2 2 2 2 2 2 2 2 2 2 2 2 2 2 2 2 2 2 2 2 2 2
left_child=1 10 -3 22 5 -5 -7 -6 -9 -10 25 12 14 -13 -12 -16 17 24 19 -2 21 -21 23 -4 -15 26 27 28 -1 -30
right_child=18 2 3 4 7 6 -8 8 9 -11 11 13 -14 16 15 -17 -18 -19 -20 20 -22 -23 -24 -25 -26 -27 -28 -29 29 -31
leaf_value=0.0045726867612432753 -0.00014464615417420897 -0.0081883439250887858 -0.00077745131859520129 -0.014304128333729486 0.0081813873707193285 0.0041832777870753225 -0.0096318546303163898 -0.0062771906001921956 0.0056604656993285464 -0.0037321209060504714 -0.0077592666955904558 0.012493666123545043 0.0024100223682624977 0.0091375481212726782 0.0078840299692899945 -0.0026934428532613512 0.010316980813265679 -0.0059150993134401142 -0.00026038103947853937 -0.0014686955226819796 -0.0014833905252971003 -0.0097034663093668871 -0.0032552135251729696 0.0078738349571428352 0.00099833609184397541 0.003579427702385 -9.5383417686456851e-05 -0.0028994910078046533 -0.0065599271478796409 0.0020438133455542447
leaf_weight=4634.8360052406788 3337.3466526120901 757.41438439488411 606.24751505255699 713.34381593763828 518.10703003406525 596.73226036131382 504.67960880696774 909.39981628954411 711.03601036965847 573.73740716278553 1043.4276296049356 856.532599568367 6094.6817237734795 498.76160249114037 527.87102587521076 2113.7784377485514 545.53438799083233 513.5880192220211 35735.016820818186 510.4547104537487 1667.4680272638798 1217.9552802592516 618.77688486874104 805.40677024424076 1128.0165118277073 1987.4596732705832 48607.136386677623 1588.510194092989 548.84725826978683 1084.3309812098742
leaf_count=18618 13417 3055 2450 2881 2092 2406 2041 3670 2858 2306 4189 3447 24462 2016 2124 8496 2192 2066 144044 2057 6712 4890 2495 3251 4530 7993 195361 6393 2206 4349
internal_value=1.916e-05 0.000345 -0.00200729 -0.00128197 -0.00271406 -0.006996 -0.00217668 0.000166119 -0.00175505 0.00146962 0.000584983 0.00182299 0.000516755 0.00541755 -0.00261253 -0.000558024 0.00312301 0.00124996 -0.000587587 -0.00232119 -0.00445352 -0.00729391 0.00190865 0.00417913 0.00353436 0.000302554 0.000186598 0.00192908 0.00315545 -0.000869893
internal_weight=121556 79088.2 7314.88 6557.47 4527.04 1814.76 1101.41 2712.28 2194.17 1284.77 71773.3 13322.2 9779.76 3542.43 3685.08 2641.65 2685.9 2140.37 42468.2 6733.22 3395.88 1728.41 2030.43 1411.65 1626.78 58451.1 56463.7 7856.52 6268.01 1633.18
internal_count=489067 317947 29505 26450 18254 7328 4447 10926 8834 5164 288442 53522 39271 14251 14809 10620 10804 8612 171120 27076 13659 6947 8196 5701 6546 234920 226927 31566 25173 6555
is_linear=0
shrinkage=0.05


Tree=170
num_leaves=31
num_cat=0
split_feature=0 5 39 31 39 39 9 22 23 26 31 39 11 11 31 7 25 39 12 14 30 31 10 23 31 9 6 11 22 39
split_gain=7.75061 9.49148 10.0115 8.19295 7.15836 15.1102 17.8763 20.8619 18.0548 14.9635 15.4181 19.3774 18.7685 15.2263 17.2879 14.6407 14.2418 15.4363 14.1974 14.0393 12.2705 12.228 11.4419 17.1835 10.4695 9.83278 15.9552 15.7025 13.8215 13.3804
threshold=-2.6807014942169185 -1.9744136929512022 0.56999135017395031 -0.26001876592636103 -0.37055389583110804 -0.17794185131788251 0.34288331866264349 1.5573553442955019 0.8353056311607362 -2.2896130084991451 -0.34116888046264643 -0.73431551456451405 0.45395179092884069 -0.67142456769943226 -0.46482394635677332 -0.3979595005512237 0.85539129376411449 -0.28819352388381952 -7.9560940265655509 -7.3014128208160392 0.21964777261018756 -0.33521957695484156 0.3594754040241242 0.70821633934974682 -0.60528859496116627 -0.92046105861663807 -1.0435996651649473 -0.50827252864837635 1.4389123320579531 -0.79068204760551442
decision_type=2 2 2 2 2 2 2 2 2 2 2 2 2 2 2 2 2 2 2 2 2 2 2 2 2 2 2 2 2 2
left_child=3 2 -2 -1 9 6 8 16 15 22 11 13 -13 -11 20 21 17 -8 -17 -16 24 -6 23 -3 -15 28 27 -27 -12 -30
right_child=1 4 -4 -5 5 -7 7 -9 -10 10 25 12 -14 14 19 18 -18 -19 -20 -21 -22 -23 -24 -25 -26 26 -28 -29 29 -31
leaf_value=0.0087441505064097692 -0.00075310540943242081 0.0038991469923321006 -0.0074994851131473146 0.00070649121658737505 -0.0014271961735312136 0.00011864986091253739 0.0068220442106195836 0.0067348886838141872 -0.011562932701264222 0.00615163664074513 0.0047820940776920869 0.0032785513564110185 0.012970443893230925 -0.01255647261933137 0.0079403363769040263 -0.004975603911297536 -0.0092725732851162042 -0.004107646385899149 0.0032940390990345556 -0.0020773004591189623 0.00030717348337790719 -0.0095484466926456877 0.0068635486490306588 -0.0040213447951162806 -0.0027187896723327365 -0.012303782649146389 -9.0939237267794921e-05 -0.0021256747839130175 -0.0041038708325975446 0.0049715174280770503
leaf_weight=524.32874557375908 1720.8910200446844 2390.9279919117689 799.98857899010181 784.4500852227211 823.06333023309708 65342.829810217023 549.82577179372311 985.6508496850729 686.39357033371925 925.18901765346527 2281.584303766489 1745.6109184920788 695.85547137260437 530.59462402760983 728.66828562319279 852.71338553726673 508.81143146753311 753.92898462712765 1292.7325737178326 657.94515465199947 888.53934822976589 1063.0974666774273 1527.3904358297586 948.85227462649345 555.37408591806889 498.52869614958763 26858.963889345527 1510.3051954656839 1201.0852225124836 601.37557379901409
leaf_count=2150 7021 9614 3248 3167 3322 262814 2207 3980 2761 3735 9178 7055 2804 2144 2933 3423 2057 3029 5186 2649 3586 4277 6140 3811 2238 2013 107893 6090 4833 2426
internal_value=0.000156237 0.000114306 -0.00291521 0.00396846 0.000179597 -0.000125688 -0.0022472 0.000917339 -0.00412203 0.000678827 0.000357491 0.00253685 0.00608253 0.000507786 -0.00105939 -0.00282972 -0.00226577 0.000518518 -5.88306e-07 0.00320615 -0.00405596 -0.0060308 0.00329241 0.0016436 -0.00759611 -8.81032e-05 -0.000413187 -0.00469999 0.00220513 -0.00106522
internal_weight=121235 119927 2520.88 1308.78 117406 72859 7516.22 2798.22 4718 44546.8 39679.6 6727.78 2441.47 4286.31 3361.12 4031.61 1812.57 1303.75 2145.45 1386.61 1974.51 1886.16 4867.17 3339.78 1085.97 32951.8 28867.8 2008.83 4084.05 1802.46
internal_count=487784 482467 10269 5317 472198 293056 30242 11273 18969 179142 159577 27144 9859 17285 13550 16208 7293 5236 8609 5582 7968 7599 19565 13425 4382 132433 115996 8103 16437 7259
is_linear=0
shrinkage=0.05


Tree=171
num_leaves=31
num_cat=0
split_feature=9 41 6 40 30 22 15 40 14 14 5 17 14 11 28 40 29 17 6 6 39 15 15 15 13 15 14 16 11 14
split_gain=7.1453 12.6601 17.4002 16.0849 15.1105 21.2557 25.9059 20.7961 19.9313 18.6727 19.7917 17.1423 16.1342 19.4596 15.5819 14.3423 14.244 13.1715 13.094 17.0621 12.6861 12.4926 19.6328 18.0664 12.0797 11.848 15.9436 11.3081 12.0317 11.7163
threshold=-0.51212424039840687 0.6078576147556306 0.7757190763950349 -0.92219218611717213 -1.273974537849426 2.1773381233215336 -7.570833444595336 -0.27143786847591395 -8.0700340270996076 -7.3708245754241934 -1.6144996285438535 -0.67528170347213734 -7.3827316761016837 -0.24762234091758725 0.057697141543030746 0.62591752409935009 0.20120422542095187 -0.32024271786212916 -0.11418714746832846 0.57753205299377453 -0.21217565238475797 -7.4207670688629142 -7.2215476036071768 -6.971245050430297 -7.5922706127166739 -7.5971984863281241 -7.6228663921356192 0.14328055828809741 -0.43908262252807612 -8.0251846313476545
decision_type=2 2 2 2 2 2 2 2 2 2 2 2 2 2 2 2 2 2 2 2 2 2 2 2 2 2 2 2 2 2
left_child=1 2 3 20 8 6 9 -7 -5 10 -6 -8 13 -13 27 -16 -10 -14 -3 -20 -1 -19 -23 -24 -21 -22 -27 28 29 -12
right_child=-2 18 -4 4 5 7 11 -9 16 -11 14 12 17 -15 15 -17 -18 21 19 24 25 22 23 -25 -26 26 -28 -29 -30 -31
leaf_value=-0.0090145961433654651 -0.00034374369229216623 0.00051798864819033424 -0.0029294372595535683 0.0047724604849406944 -0.0076813373984741156 -0.010336788186058189 -0.0033168772812984964 0.0019352982559072832 -0.0066301240222507388 -0.0073653410905575555 0.0035658288715347273 0.01421542574611563 0.011777042260396924 0.0051194735182766111 0.010262571483567131 7.5174825934837025e-05 0.0028669569108426638 -0.0024227038026770386 -0.0055342789251323823 0.0054386725227993423 -0.0046370568887995761 0.0096107102305758533 -0.0025546260400421961 0.0067423728098781992 -0.0034573960144953148 0.0089331784724957924 -0.0027977726266696788 -0.0053703520349525739 0.0043980388359080727 -0.0066950054135445324
leaf_weight=516.51515734195709 88237.213975727558 6172.5600691586733 2325.1591046601534 945.5707788169384 485.23551554977894 571.11359985172749 524.24188150465488 844.12157699465752 1425.3102185428143 591.38435889780521 502.4628871679306 1097.0530223101377 508.64101576805115 1292.8278431147337 1052.5157026946545 512.17692676186562 538.03446632623672 768.69418436288834 2633.5452148169279 775.74486258625984 877.8566792011261 1229.7454173564911 1145.8105734139681 944.7975197583437 732.48925702273846 566.29783295094967 575.01251211762428 575.20546843111515 2103.4554958343506 600.46303057670593
leaf_count=2082 354811 24874 9334 3811 1985 2313 2114 3436 5741 2379 2028 4437 2051 5215 4245 2072 2161 3095 10563 3113 3539 4961 4620 3812 2939 2289 2321 2322 8459 2419
internal_value=-0.000107889 0.000514482 0.0011642 0.00162312 0.00214136 0.00276726 0.00336033 -0.00305484 -0.00115956 0.00102637 0.00188854 0.00535194 0.00600613 0.00933672 0.00276983 0.00694955 -0.00402621 0.00425838 -0.00094159 -0.00311283 -0.00210235 0.00329667 0.00462406 0.00165901 0.00112389 -0.000298449 0.00304995 0.00102664 0.00218735 -0.00203041
internal_weight=121671 33434 23119.7 20794.5 18258.9 15349.9 13934.7 1415.24 2908.92 6422.9 5831.52 7511.81 6987.57 2389.88 5346.28 1564.69 1963.34 4597.69 10314.3 4141.78 2535.68 4089.05 3320.35 2090.61 1508.23 2019.17 1141.31 3781.59 3206.38 1102.93
internal_count=489541 134730 93241 83907 73676 61963 56214 5749 11713 25909 23530 30305 28191 9652 21545 6317 7902 18539 41489 16615 10231 16488 13393 8432 6052 8149 4610 15228 12906 4447
is_linear=0
shrinkage=0.05


Tree=172
num_leaves=31
num_cat=0
split_feature=35 14 12 5 30 17 22 30 24 28 17 14 1 9 11 41 20 14 17 5 12 31 11 7 5 18 32 17 6 11
split_gain=10.876 14.2469 22.0823 17.3896 13.5281 23.4133 16.9696 16.5607 14.3672 13.4588 13.9621 13.417 12.3893 10.4404 10.0016 10.0478 9.61323 11.6051 9.3745 8.95332 9.89974 13.878 10.9955 14.6163 10.7633 8.618 12.8729 15.0968 11.5735 14.5072
threshold=-0.32166068255901331 -7.0584890842437735 -6.6778371334075919 0.43388865888118749 -0.8510499596595763 -0.063548132777214036 1.4430720210075381 0.28494231402873998 2.0130672454833989 -2.8077627420425411 -0.32911868393421168 -8.1605420112609846 0.97157648205757152 -0.90581801533699025 -0.50827252864837635 -1.0000000180025095e-35 1.254120469093323 -7.5577769279479972 0.69310018420219432 0.14222320169210437 -7.6189744472503653 0.40452550351619726 0.4861512184143067 -1.8896473646163938 -1.8932785391807554 1.2300291657447817 0.45253685116767889 0.098159227520227446 0.031571660190820701 2.7396442890167241
decision_type=2 2 2 2 2 2 2 2 2 2 2 2 2 2 2 2 2 2 2 2 2 2 2 2 2 2 2 2 2 2
left_child=1 3 4 18 -3 -6 7 -7 -8 10 14 -5 16 -4 -2 -16 -13 -18 19 20 21 -1 23 -22 -25 26 -11 -28 29 -27
right_child=9 2 13 11 5 6 8 -9 -10 25 -12 12 -14 -15 15 -17 17 -19 -20 -21 22 -23 -24 24 -26 28 27 -29 -30 -31
leaf_value=-9.7627091807754221e-05 0.0026721661014877077 -0.010809576480959317 0.0071065643843326188 -0.002872833415164284 0.004842585340659615 -0.0065576785775075808 -0.014002523862061318 0.0047170994034251394 -0.0028076173328632943 8.0184186114921414e-06 -0.0092305687108435366 0.0036429903960701984 -0.00073526739565950544 -0.0015138571763426206 -0.0066818487259468762 0.0014628362325978205 0.014970314375942951 0.0057503218866456086 -0.0059025458566499493 -0.002248982102975789 -0.0055755064847860941 0.0077844410963128626 0.010043181022385075 0.010013990544757597 0.0023608490099160206 -0.0015293016668539773 0.0053390556434123439 -0.0040592110600961634 -4.6435317944950389e-05 -0.0098048110161668492
leaf_weight=8979.9476147741079 875.67310824990273 533.15921695530415 882.43885782361031 500.25531974434853 847.86570209264755 624.22981038689613 648.03031516075134 659.67633140087128 518.62868781387806 51243.297095775604 786.42596310377121 973.10651211440563 560.82071676850319 574.2410864084959 1095.9590148031712 571.11691239476204 657.4467997699976 740.86837503314018 502.41725416481495 1917.5184857845306 515.39086626470089 585.46969608962536 500.53806380927563 510.2629978954792 4052.5649654567242 15606.000423416495 2201.2377359718084 521.80417366325855 21858.166426181793 538.6867790967226
leaf_count=36295 3515 2146 3570 2010 3418 2509 2611 2650 2085 205877 3157 3907 2251 2320 4406 2294 2638 2976 2025 7705 2103 2358 2040 2089 16390 62752 8865 2099 87973 2165
internal_value=-8.4693e-05 0.000815561 -0.00150195 0.00139969 -0.00349216 -0.00228027 -0.00475436 -0.000772966 -0.00909208 -0.000333058 -0.00345132 0.00464938 0.00593811 0.00372114 -0.00163475 -0.00389951 0.00751277 0.0101608 0.000762333 0.000961937 0.00136971 0.000392436 0.00304166 0.00233317 0.00323673 -0.000219817 0.000186344 0.00352985 -0.000796489 -0.00181132
internal_weight=121583 26284.9 5288.27 20996.6 3831.59 3298.43 2450.57 1283.91 1166.66 95298.4 3329.17 3432.5 2932.24 1456.68 2542.75 1667.08 2371.42 1398.32 17564.1 17061.7 15144.2 9565.42 5578.76 5078.22 4562.83 91969.2 53966.3 2723.04 38002.9 16144.7
internal_count=489199 106096 21309 84787 15419 13273 9855 5159 4696 383103 13372 13782 11772 5890 10215 6700 9521 5614 71005 68980 61275 38653 22622 20582 18479 369731 216841 10964 152890 64917
is_linear=0
shrinkage=0.05


Tree=173
num_leaves=31
num_cat=0
split_feature=25 15 5 41 26 19 39 42 40 13 26 15 24 39 12 9 42 2 35 28 15 0 15 5 42 25 10 2 43 15
split_gain=10.3001 13.7989 8.98369 19.9216 13.8856 13.1816 18.2332 11.1161 10.7387 14.1152 9.23502 13.5257 12.8251 18.827 12.9111 13.3392 20.8866 13.9965 13.1128 17.5965 11.9552 11.7421 11.3634 10.8174 12.7475 12.4437 14.8926 12.3279 12.4105 10.7958
threshold=0.94705095887184154 -7.5130763053894034 1.2550665736198428 1.0000000180025095e-35 -1.5055513978004453 0.69672247767448436 -0.039259441196918481 1.0000000180025095e-35 -0.63943293690681446 -7.8025093078613272 -0.57098898291587818 -8.4570713043212873 2.2929154634475712 0.79599440097808849 -8.695060729980467 1.1019952297210696 1.0000000180025095e-35 0.069782789796590819 -0.64335837960243214 -1.0791342258453367 -8.690760135650633 -2.2037814855575557 -7.58160376548767 -0.74345171451568592 0.81174489855766307 0.81704679131507885 0.43073223531246191 0.25858135521411901 0.16666667163372043 -7.7209069728851309
decision_type=2 2 2 2 2 2 2 2 2 2 2 2 2 2 2 2 2 2 2 2 2 2 2 2 2 2 2 2 2 2
left_child=2 -2 10 5 -5 -4 -7 -8 -6 -10 12 20 14 -14 -1 18 22 -18 19 -16 -12 -13 -17 27 29 26 -26 28 -23 -25
right_child=1 -3 3 4 8 6 7 -9 9 -11 11 21 13 -15 15 16 17 -19 -20 -21 -22 23 -24 24 25 -27 -28 -29 -30 -31
leaf_value=-0.0018636594586941707 0.00039111264594211695 -0.004178104222898619 0.0031040296228217758 0.010627266562035945 -0.0015974965934409527 -0.0064648819918710024 0.0055391147290073349 -0.0027325056051015336 -0.0014931210150885019 0.0077571739054903312 -0.00094512734116756515 0.0038526330754174651 0.0037234438895733268 -0.0011696708999360478 -0.010371026806306173 0.0066900816572734879 -0.012922950367623124 -0.0020087410354628029 0.00085369054443816159 0.00049630623435154215 0.0079930647635732856 0.002574846713164337 -0.0017930873617295071 -0.0026529957790700854 0.0018990054631883057 -0.0041578543135010809 0.010512484708510414 -0.0054346907550794311 -0.0021875235498533801 -4.9829853501475536e-05
leaf_weight=6508.4441664665937 3527.2763305753469 3095.9335328042507 1806.9795826822519 758.47835543751717 866.42464335262775 1388.8836097121239 788.3341026455164 817.93266519904137 578.87175585329533 1399.7866715341806 652.14643113315105 1387.6493608802557 6448.9969416558743 2820.2706514596939 607.10992856323719 530.54050630331039 628.33394257724285 552.15869463980198 46847.411301970482 937.54761420190334 861.46220377087593 1682.2517351359129 1454.1848631650209 5214.5080606043339 1908.6027209609747 532.65255297720432 673.88047143816948 2229.2705871164799 7148.7648859024048 16760.054236471653
leaf_count=26170 14289 12558 7281 3046 3480 5595 3172 3295 2326 5623 2627 5641 25923 11326 2451 2132 2530 2225 188253 3792 3473 6809 5846 20937 7666 2151 2706 8996 28906 67299
internal_value=0.000167954 -0.00174779 0.00027863 0.00185125 0.00465564 -0.000258498 -0.0022907 0.00133625 0.003032 0.00505703 0.000154213 -0.000457429 0.000508953 0.00223501 0.000233079 0.000498075 -0.00264156 -0.00787774 0.000703936 -0.00381421 0.00416107 -0.000644717 0.000496734 -0.000818369 -0.00024382 0.00274434 0.00417851 -0.00212031 -0.00127844 -0.00066848
internal_weight=121415 6623.21 114792 8405.69 3603.56 4802.13 2995.15 1606.27 2845.08 1978.66 106386 39051.2 67335 9269.27 58065.7 51557.3 3165.22 1180.49 48392.1 1544.66 1513.61 37537.6 1984.73 36150 25089.7 3115.14 2582.48 11060.3 8831.02 21974.6
internal_count=488524 26847 461677 33818 14475 19343 12062 6467 11429 7949 427859 157211 270648 37249 233399 207229 12733 4755 194496 6243 6100 151111 7978 145470 100759 12523 10372 44711 35715 88236
is_linear=0
shrinkage=0.05


Tree=174
num_leaves=31
num_cat=0
split_feature=29 13 43 20 29 15 12 11 12 35 22 30 40 16 15 30 1 18 40 11 3 20 40 10 24 13 13 30 10 11
split_gain=12.6663 18.791 13.9944 14.7165 14.5214 16.188 15.2031 13.5922 13.7475 12.7943 20.122 16.5473 16.0869 20.9978 22.0924 12.5858 12.4925 11.6705 11.5638 16.1438 19.1727 11.842 14.1306 16.8028 18.7628 14.6751 11.3633 10.8574 21.5725 15.0414
threshold=0.31630994379520422 -7.3749005794525138 0.30000001192092901 2.0906323194503789 0.5181681513786317 -7.2709977626800528 -7.3618774414062491 1.840400278568268 -7.5131449699401847 0.56499639153480541 1.2136015892028811 0.067450109869241728 0.65275353193283092 -0.37666681408882136 -7.6692810058593741 -0.16363707929849622 -0.052389036864042275 0.6705431640148164 -0.7223570942878722 0.1953408941626549 0.39149095118045812 0.62870940566062938 -0.30486139655113215 0.57851907610893261 2.3258963823318486 -8.1804399490356428 -7.9719362258911124 -0.12789180129766461 -1.9316139817237852 2.3255214691162114
decision_type=2 2 2 2 2 2 2 2 2 2 2 2 2 2 2 2 2 2 2 2 2 2 2 2 2 2 2 2 2 2
left_child=9 7 4 16 5 -3 -6 8 18 27 11 -11 13 -12 -15 -14 -4 -18 -2 21 -21 -20 -23 24 25 -24 -9 29 -29 -1
right_child=1 2 3 -5 6 -7 -8 26 -10 10 12 -13 15 14 -16 -17 17 -19 19 20 -22 22 23 -25 -26 -27 -28 28 -30 -31
leaf_value=0.0002583487482164462 0.0023346400816704935 0.010953640132628941 0.0060024602492133828 0.0093383187256192712 0.0042411573394043811 -0.00062078763217994482 -0.0053212516058095674 0.00026838263272963394 -0.0031449495901438706 -0.00556821358873286 0.0098410063842948557 0.0042929153981233342 -0.0068936862459118321 -0.0043998740729281295 0.0051921032787973715 0.0026746028884904959 0.0079380575815714265 -0.00025525747563111159 -0.0064270249321912512 -0.0046128037025252051 0.00073382142394407338 -0.0027327701160993821 0.00069450610396017761 -0.0021714451330429345 -0.0026765261769429605 0.006603863323338348 0.0075192566425505208 0.0067720715369243602 -0.001377425229039636 -0.0041076898170082166
leaf_weight=44175.83520641923 5444.1342823803425 519.93495436012745 2109.8810613006353 1110.4700571745634 578.11977249383926 700.26744674146175 1415.6647546738386 1046.1955986469984 3241.8990942239761 1388.8911062330008 1377.2592733353376 602.73290278017521 587.91267912089825 848.07512748241425 1994.7484635710716 799.45226779580116 507.36796161532402 2713.8610786944628 502.08933137357235 3701.6926805227995 3053.9093907475471 1694.4768412709236 1515.1934149712324 1636.4553418010473 1003.1651604473591 3435.3119851201773 1109.1906490772963 825.2155402302742 29519.678447812796 2054.8459775745869
leaf_count=177739 21889 2088 8474 4469 2323 2815 5693 4215 13073 5586 5540 2424 2376 3415 8031 3225 2037 10908 2016 14898 12317 6806 6091 6592 4034 13800 4467 3331 118787 8264
internal_value=0.000114364 0.000884743 0.0027801 0.00412293 8.42991e-05 0.00436009 -0.0025412 0.000215666 -0.000110588 -0.00022469 0.00173079 -0.00257736 0.0032628 0.00479552 0.00232522 -0.00140039 0.00302112 0.00105582 0.000338056 -0.000320042 -0.00219832 0.000977424 0.00138432 0.00230584 0.00353807 0.00480024 0.00401727 -0.000418945 -0.00115365 6.34422e-05
internal_weight=121214 37039.3 9655.57 6441.58 3213.99 1220.2 1993.78 27383.7 25228.3 84174.6 7599.07 1991.62 5607.45 4220.08 2842.82 1387.36 5331.11 3221.23 21986.4 16542.3 6755.6 9786.69 9284.6 7590.13 5953.67 4950.51 2155.39 76575.6 30344.9 46230.7
internal_count=487723 149005 38807 25888 12919 4903 8016 110198 101516 338718 30597 8010 22587 16986 11446 5601 21419 12945 88443 66554 27215 39339 37323 30517 23925 19891 8682 308121 122118 186003
is_linear=0
shrinkage=0.05


Tree=175
num_leaves=31
num_cat=0
split_feature=18 26 11 11 15 7 3 34 30 10 18 31 17 27 10 17 7 28 13 13 11 11 5 13 32 0 13 30 27 41
split_gain=8.30024 10.7092 12.0296 11.931 19.3162 9.85382 9.7368 12.6766 9.70423 10.8127 9.74693 9.72052 9.67547 8.93946 9.71431 10.8248 8.65114 8.49362 8.38634 14.2442 8.17688 14.8797 9.34568 13.8014 10.9955 10.3472 10.0491 8.49746 10.476 21.7665
threshold=1.3821239471435549 -1.7934312820434568 1.3523874282836916 -1.3183196783065794 -6.971245050430297 -0.030405155383050438 -0.72327232360839833 0.45042474567890173 0.14788712561130526 2.3846944570541386 3.8058998584747319 -0.53664404153823841 -0.11929813772439955 -0.90333890914916981 -0.97178375720977772 -0.56633338332176197 -0.79274219274520863 -2.2663559913635249 -6.9254796504974356 -7.0711088180541983 -0.49673168361186976 -0.40613719820976252 0.44458121061325079 -7.8025093078613272 -0.78085771203041066 -0.31909473240375513 -7.6960873603820792 0.05751136131584645 -0.09303626790642737 -0.60785761475563038
decision_type=2 2 2 2 2 2 2 2 2 2 2 2 2 2 2 2 2 2 2 2 2 2 2 2 2 2 2 2 2 2
left_child=-1 2 5 4 13 12 -7 -8 9 18 11 -10 16 -3 -15 -16 -2 -18 19 20 22 -22 24 -24 -5 -26 -27 28 -23 -30
right_child=1 3 -4 8 -6 6 7 -9 10 -11 -12 -13 -14 14 15 -17 17 -19 -20 -21 21 27 23 -25 25 26 -28 -29 29 -31
leaf_value=0.00030139407015421059 -0.0096873408037190887 0.0044460142789018529 -0.0070661434761905388 0.0034876504755882117 -0.011627523211561484 0.0050294958067704501 -0.0037459294434738517 0.0053315526838393938 0.0034046330441754439 -0.0062845310100435679 0.0056459682568661962 -0.001784904543137884 0.0022770976329401613 0.0012830823032876015 -0.00025930199316273465 -0.0092362438961082864 0.0021327383836854375 -0.005582544658037647 0.0063286280739012065 -0.0073145527280201591 0.0096184634624582044 0.002517007707583804 -0.0027385636197607192 0.0081242940179481887 -0.00918668974425557 -0.0055195521303979403 0.003569303563681429 0.0061728708943208999 -0.0050214840478967158 0.0014165831591811428
leaf_weight=80994.504490375519 676.81405662000179 527.99556398391724 1134.4250827133656 542.74577823281288 538.45373131334782 867.37958417832851 1422.5320895463228 516.14763636887074 979.76569229364395 512.17945362627506 514.03539578616619 10290.993109434843 566.57685261964798 905.56571945548058 589.77486854791641 771.71104536950588 538.82436533272266 1020.8333521187305 703.33936232328415 515.18876753747463 547.85630822181702 5540.3834190219641 581.60983827710152 570.47495427727699 727.98814153671265 707.42873761057854 518.92340339720249 817.3613007068634 1841.3643266707659 4504.1200470179319
leaf_count=325639 2732 2142 4565 2208 2175 3483 5709 2087 3977 2062 2084 41417 2280 3651 2378 3108 2164 4100 2840 2080 2208 22355 2340 2298 2932 2847 2091 3295 7438 18135
internal_value=9.1801e-06 -0.000575242 -0.00239275 -0.000211479 -0.00304653 -0.00143668 0.000657584 -0.00131421 0.000100135 0.000810285 -0.0010223 -0.00133116 -0.00352808 -0.00135788 -0.00272319 -0.00537781 -0.00500232 -0.00292049 0.0010142 0.000796059 0.00104748 0.0016244 -0.00104616 0.00266399 -0.00276172 -0.00450618 -0.0016759 0.00127234 0.00093044 -0.000456609
internal_weight=121487 40492.8 6743.53 33749.3 3333.5 5609.11 2806.06 1938.68 30415.8 18631 11784.8 11270.8 2803.05 2795.05 2267.05 1361.49 2236.47 1559.66 18118.8 17415.4 16900.3 13251.1 3649.17 1152.08 2497.09 1954.34 1226.35 12703.2 11885.9 6345.48
internal_count=488820 163181 27120 136061 13454 22555 11279 7796 122607 75129 47478 45394 11276 11279 9137 5486 8996 6264 73067 70227 68147 53431 14716 4638 10078 7870 4938 51223 47928 25573
is_linear=0
shrinkage=0.05


Tree=176
num_leaves=31
num_cat=0
split_feature=39 7 14 34 10 24 36 9 39 19 37 31 15 3 5 16 24 9 12 23 29 15 10 21 26 10 14 24 14 31
split_gain=8.00306 10.8935 22.8829 6.81904 12.1775 14.3635 9.07567 7.16731 7.14309 6.67404 6.66037 7.08894 6.57731 19.4879 16.6131 27.4571 20.0032 11.9149 10.0236 7.93529 6.89511 5.28202 16.5373 11.131 12.1192 8.16426 7.91497 8.34787 18.0738 18.851
threshold=-0.99883887171745289 -0.28166671097278589 -7.3074719905853263 0.82186436653137218 0.89783391356468212 1.9561730623245241 0.4001710861921311 0.80435189604759227 -0.09150074794888495 0.85005003213882457 0.81573140621185314 0.84280800819396984 -8.375722408294676 0.58949103951454174 0.18657802045345309 -0.65841203927993763 1.4075485467910769 -0.075319763273000703 -8.9053845405578596 0.23951201140880587 0.29580707848072058 -6.7399990558624259 1.1164798736572268 0.23396175354719165 -1.3685497045516966 3.0477052927017216 -6.4640340805053702 1.6683428883552553 -8.2872748374938947 -0.40857338905334467
decision_type=2 2 2 2 2 2 2 2 2 2 2 2 2 2 2 2 2 2 2 2 2 2 2 2 2 2 2 2 2 2
left_child=1 -1 -3 10 7 8 -7 -5 -6 -9 11 12 13 14 15 -2 19 -15 -18 -17 -16 25 23 -23 -25 26 27 -14 29 -29
right_child=3 2 -4 4 5 6 -8 9 -10 -11 -12 -13 21 17 20 16 18 -19 -20 -21 -22 22 -24 24 -26 -27 -28 28 -30 -31
leaf_value=-0.0018861073941299389 -0.0073765088460973349 0.012971698038924236 -0.00066183278086120708 -0.00077492912861869419 0.009121636770880218 -0.0075175819104966448 0.0014823312460619232 -0.010779810692156496 0.00089596080866046499 -0.0033816897832589926 -0.0047857997988173502 0.0050271589210855996 0.00034825237136432678 0.001421793561060638 -0.0084014931032220918 -0.0045813724131700427 0.0043939038820386515 0.01150370899423263 0.013810194765939516 0.0038157507079278306 -0.0010954105214086146 0.0078744061667343854 -0.0051797474528863241 0.0053853505660039864 -0.001584930631317538 0.0051001520224306504 -0.0052225495166148368 0.0032138099095044403 -0.00028840393046050325 -0.0068288668542027219
leaf_weight=639.40237981081009 568.50932006537914 603.43565765023232 615.82813748717308 718.67081491649151 497.562828540802 584.18735073506832 524.70022077858448 604.42653220891953 554.89376117289066 631.6670013666153 668.1279668211937 740.64298313856125 64045.777733877301 497.47075727581978 587.71534542739391 500.51343260705471 547.50054511427879 714.36488005518913 605.49685224890709 616.75585740804672 710.05355051159859 931.85431189835072 692.94325613975525 1105.6469492018223 1406.3186123520136 768.37118598818779 721.46573556959629 597.72253620624542 36382.517206594348 2050.9657853543758
leaf_count=2580 2287 2426 2472 2919 2014 2363 2123 2452 2252 2571 2685 2982 257591 2001 2362 2022 2205 2872 2447 2478 2855 3778 2788 4446 5657 3091 2900 2414 146327 8253
internal_value=0.000134287 0.00338116 0.00613628 8.35404e-05 -0.00191374 0.000673167 -0.00328384 -0.00476291 0.00483401 -0.00705671 0.000154902 0.000184073 0.000152184 0.00186232 0.000222979 0.00236419 0.00482506 0.00741049 0.0094151 4.6743e-05 -0.00444303 6.78795e-05 0.00181801 0.00323697 0.00149224 -1.52452e-06 -3.97775e-05 -2.99868e-06 -0.000579303 -0.004559
internal_weight=121436 1858.67 1219.26 119577 4116.11 2161.34 1108.89 1954.76 1052.46 1236.09 115461 114793 114052 5348.38 4136.54 2838.78 2270.27 1211.84 1153 1117.27 1297.77 108704 4136.76 3443.82 2511.97 104567 103798 103077 39031.2 2648.69
internal_count=488613 7478 4898 481135 16694 8752 4486 7942 4266 5023 464441 461756 458774 21529 16656 11439 9152 4873 4652 4500 5217 437245 16669 13881 10103 420576 417485 414585 156994 10667
is_linear=0
shrinkage=0.05


Tree=177
num_leaves=31
num_cat=0
split_feature=37 17 17 29 23 43 12 30 21 9 15 40 35 13 15 30 35 6 22 26 12 28 29 16 26 15 29 14 8 41
split_gain=10.4209 9.6507 12.3698 10.7338 9.50949 8.77681 8.74208 11.4016 11.2117 10.3158 9.48629 16.2018 19.3678 10.5344 17.4928 16.9402 16.5159 16.6646 15.699 14.9197 12.3649 11.755 13.3783 8.60287 17.0859 9.59326 9.01699 14.3139 13.7681 14.0212
threshold=0.58571812510490429 -0.11929813772439955 0.32283627986907965 -0.16184657067060468 0.98977005481719982 0.43333333730697637 -6.5310814380645743 0.10769069939851762 0.70197752118110668 0.075488090515136733 -6.971245050430297 0.94408002495765697 0.049758164212107665 -7.1926167011260977 -6.9341092109680167 -1.9411757588386533 0.49562580883502966 -0.76061800122261036 1.5665390491485598 -1.9530708193778989 -7.456366539001464 -1.8784708976745603 -0.13582237064838407 -0.96910583972930897 -1.8974031805992124 -6.9937968254089347 0.12832240760326388 -7.0392622947692862 0.1048225872218609 0.6078576147556306
decision_type=2 2 2 2 2 2 2 2 2 2 2 2 2 2 2 2 2 2 2 2 2 2 2 2 2 2 2 2 2 2
left_child=6 3 5 -2 -5 -3 10 -8 9 -9 23 13 -13 15 -15 -12 17 -16 21 -19 -20 -17 -23 24 -1 26 -25 -28 29 -29
right_child=1 2 -4 4 -6 -7 7 8 -10 -11 11 12 -14 14 16 18 -18 19 20 -21 -22 22 -24 25 -26 -27 27 28 -30 -31
leaf_value=0.0071313997787044066 -0.0043035826420262015 0.010991767655784227 -0.0013978426774439421 0.0039657813984759057 -0.0023021752474537437 0.0035115775947643663 0.0090873001975426762 0.0016309629247205936 0.005863295316589549 -0.0061668228881655808 -0.0072859369173219266 -0.00066038370226601483 -0.014535603747916022 -0.011079239848172176 -0.0069855591527912602 0.010907333068939713 -0.0079949090668386055 0.0084987437793352574 -0.0079772786659423178 -0.00019197085523114512 0.0030332290598659912 -0.0029605819873936138 0.0067712465866224944 0.00030271276930270158 -0.00054572547525886855 0.0053064363418027331 -0.00040504491478329579 -0.011758735026855288 -0.00074090689423220776 -0.0014546226729185026
leaf_weight=1240.8735662400723 858.01220545172691 740.32393595576286 592.30947962403297 1965.84813760221 864.48337045311928 851.07874393463135 538.91210260987282 1262.4083897173405 866.76981249451637 626.53866373002529 499.10545700788498 502.62758289277554 495.38737840950489 512.79168993234634 656.13792257010937 600.69313935935497 758.65459072589874 632.70780181884766 504.05485074222088 2130.3151939362288 498.01466284692287 612.86659371852875 809.25967481732368 59171.789146006107 1719.9546789973974 820.43698099255562 37368.652545034885 821.92666766047478 1503.6737888306379 552.59403525292873
leaf_count=4988 3448 2979 2379 7904 3489 3424 2180 5105 3478 2518 2006 2024 2001 2060 2657 2413 3053 2542 2032 8556 2017 2466 3251 238153 6916 3300 150301 3300 6043 2217
internal_value=7.48579e-05 0.00212786 0.00475413 0.000564308 0.00204996 0.00703829 -2.95055e-05 0.00250519 0.00118978 -0.000974314 -0.00010401 -0.00164041 -0.00762354 -0.000905116 -0.00245489 0.00115882 -0.0013724 0.000116059 0.00257161 0.0018216 -0.00252931 0.00509853 0.00258592 3.32899e-05 0.00268491 -4.52927e-05 -8.99862e-05 -0.000667273 -0.00405868 -0.00765663
internal_weight=121579 5872.06 2183.71 3688.34 2830.33 1591.4 115707 3294.63 2755.72 1888.95 112413 9212.62 998.015 8214.6 4690.61 3523.99 4177.82 3419.16 3024.89 2763.02 1002.07 2022.82 1422.13 103200 2960.83 100239 99418.6 40246.8 2878.19 1374.52
internal_count=489200 23623 8782 14841 11393 6403 465577 13281 11101 7623 452296 37078 4025 33053 18868 14185 16808 13755 12179 11098 4049 8130 5717 415218 11904 403314 400014 161861 11560 5517
is_linear=0
shrinkage=0.05


Tree=178
num_leaves=31
num_cat=0
split_feature=31 40 34 35 11 26 17 22 23 40 11 11 24 40 10 40 39 39 35 7 13 42 39 7 40 40 42 7 39 40
split_gain=11.7856 8.55822 29.0687 23.6427 13.5668 11.72 6.87388 15.126 8.76839 6.79594 12.9088 12.2361 11.2757 9.75264 9.3517 21.6202 26.3632 20.9743 31.613 28.286 26.8078 21.4283 21.4319 22.5318 19.1064 17.6069 17.4106 25.3486 24.21 16.249
threshold=-0.85071793198585499 -0.99655601382255543 0.17269040644168857 -0.28402896225452418 0.326217070221901 -1.5687709450721739 -1.1043205857276914 1.1716106534004214 0.74295571446418773 -0.98554667830467213 0.37790386378765112 -0.33196140825748438 1.5126452445983889 -0.97533303499221791 0.37902431190013891 -0.45009414851665491 0.83146169781684887 -0.37055389583110804 0.40535582602024084 0.83219915628433239 -7.7460026741027823 1.0000000180025095e-35 0.58424410223960888 -0.030405155383050438 -0.32968752086162562 0.99883887171745311 1.0000000180025095e-35 0.68783637881279003 0.90444654226303112 -0.27143786847591395
decision_type=2 2 2 2 2 2 2 2 2 2 2 2 2 2 2 2 2 2 2 2 2 2 2 2 2 2 2 2 2 2
left_child=-1 2 3 -2 -4 -5 7 -3 -9 10 11 -8 -12 -11 24 16 17 18 -16 21 -21 -19 23 -23 26 29 28 -28 -15 -17
right_child=1 6 4 5 -6 -7 9 8 -10 13 12 -13 -14 14 15 25 -18 19 -20 20 -22 22 -24 -25 -26 -27 27 -29 -30 -31
leaf_value=0.0054645520271286267 -0.0011653246171659459 0.0087818415903331941 -0.0086462008150836288 0.015866817079532549 0.001964994630289413 0.0059996606559163841 -0.0016936220231221063 -0.0028698414291443001 0.0049766811766901306 0.0032934497732174518 -0.0031042342985165834 -0.0097995235199644943 0.0062381231217361142 -0.002315009994025403 0.0087415463486919878 -0.0039626896615331539 0.010934667430074513 0.0005497561325717358 1.4597643759371566e-05 0.010833213247444254 -0.0013590813257074732 0.0050295895962971715 -0.013302449915848311 -0.0091955223432501707 3.0806254936304302e-05 -0.0081137001831563926 0.0010150251283340722 -0.0054850691426378282 -0.011605607124974408 0.00023335995812206716
leaf_weight=941.99236030876637 701.02217930555344 669.25959947705269 632.62621703743935 531.21177726984024 561.24679440259933 724.90875034034252 1113.5911558568478 1020.9431491196156 533.88858409225941 1977.295656055212 665.92422170937061 796.54118892550468 609.31316691637039 14234.577983394265 2028.7981026768684 2529.3707077801228 802.19316475093365 2382.9530130177736 2113.4921972453594 918.54294355213642 872.49776113033295 539.17790871858597 717.9277245849371 555.50079096853733 45304.147128850222 701.92728516459465 8626.5261531919241 1805.0989207029343 728.50031319260597 25225.9256259799
leaf_count=3823 2831 2690 2546 2133 2261 2916 4479 4116 2151 7953 2679 3203 2452 57172 8144 10170 3223 9562 8505 3705 3517 2166 2883 2231 182358 2852 34707 7266 2924 101549
internal_value=-7.68999e-05 -0.000120624 0.00244673 0.00618559 -0.00368293 0.0102648 -0.000189691 0.00255731 -0.000160965 -0.00024292 -0.00251662 -0.00510728 0.00137338 -0.000178072 -0.000240718 0.000376624 0.00226563 0.00156894 0.00429961 -0.0003245 0.00491922 -0.00256936 -0.00665045 -0.00220692 -0.000584662 -0.000349526 -0.00168224 -0.000113934 -0.00277479 -0.00015032
internal_weight=121567 120625 3151.02 1957.14 1193.87 1256.12 117474 2224.09 1554.83 115250 3185.37 1910.13 1275.24 112064 110087 39388.3 10931.1 10128.9 4142.29 5986.6 1791.04 4195.56 1812.61 1094.68 70698.9 28457.2 25394.7 10431.6 14963.1 27755.3
internal_count=489167 485344 12687 7880 4807 5049 472657 8957 6267 463700 12813 7682 5131 450887 442934 158507 43936 40713 16649 24064 7222 16842 7280 4397 284427 114571 102069 41973 60096 111719
is_linear=0
shrinkage=0.05


Tree=179
num_leaves=31
num_cat=0
split_feature=20 4 22 8 33 23 23 37 15 31 22 3 22 40 37 12 39 17 34 10 32 15 42 39 1 32 22 40 17 10
split_gain=11.3054 10.1118 15.4567 10.4712 13.5714 11.0377 9.43616 13.1433 11.9278 8.78893 10.5718 12.2056 7.0196 10.8765 6.98631 6.22421 12.3215 16.8021 7.1306 12.3459 12.1815 8.95942 11.3926 11.1833 7.57398 6.59861 11.3426 11.3872 10.655 16.6085
threshold=3.4555951356887822 -1.7383661270141599 1.3290861845016482 0.18818386644124988 -0.81458634138107289 0.036118619143962867 0.049226848408579833 -0.49699954688549036 -7.3927323818206778 0.064901828765869155 1.902543365955353 -1.2205178141593931 1.6479716300964358 0.72836405038833629 -0.4867797046899795 -6.4826645851135245 -0.81156626343727101 0.64430248737335216 0.77579128742218029 0.83875480294227611 0.88851943612098705 -7.58160376548767 1.0000000180025095e-35 -0.53360944986343373 0.15970112383365634 0.22521600872278216 1.2213219404220583 -0.99085646867752064 0.1756023317575455 0.22268745303153994
decision_type=2 2 2 2 2 2 2 2 2 2 2 2 2 2 2 2 2 2 2 2 2 2 2 2 2 2 2 2 2 2
left_child=1 2 -1 4 5 14 7 8 -3 10 11 -9 13 -13 -4 18 -17 -18 25 20 24 22 -21 -23 -20 -8 -27 -28 -29 -30
right_child=-2 6 3 -5 -6 -7 15 9 -10 -11 -12 12 -14 -15 -16 16 17 -19 19 21 -22 23 -24 -25 -26 26 27 28 29 -31
leaf_value=-0.0080050550773141382 0.0053155151233833294 -0.0052465538040392659 -0.00086792882515901318 0.0055277857243939237 -0.0080822813124983572 -0.0039170821729128244 -0.00034388646829183549 0.0061681069895943748 0.0040969573918606767 0.0074832338698594602 0.007269333060132545 0.0025598448666802288 -0.0060946416311398743 -0.0058207546854473933 0.0069164629146056603 -0.0030341005928286278 0.0084333296200649801 -0.0017936810835230358 -0.0031848438542632384 0.00891410368696712 0.0013600325422556652 0.003273145321360655 -0.0011695247601085201 -0.006286724157083117 -0.010354047732172231 0.0019413018533161097 -0.005665954025795397 0.00069838252326271364 -0.0048210593426605891 0.0019581078525379388
leaf_weight=965.40812467038631 964.14950433373451 1036.3268473595381 540.89509037137032 530.79500718414783 694.44876974821091 991.86902169883251 72727.640121370554 804.18627475202084 498.33773808181286 912.83368131518364 782.01050516963005 1526.4919459819794 502.65022346377373 507.60793215036392 602.19750195741653 730.36355125904083 1083.6200391799212 629.91731515526772 665.68389002978802 520.44006364047527 558.44038996100426 496.4535816013813 589.23478528857231 767.06787663698196 850.86810067296028 9713.9933761656284 880.04651337862015 15571.566634446383 2366.1573369801044 1450.6066887676716
leaf_count=3895 3917 4182 2207 2137 2804 4050 292291 3260 2016 3679 3184 6162 2040 2051 2469 2936 4364 2533 2704 2100 2271 2004 2389 3127 3467 39006 3542 62626 9495 5834
internal_value=-4.92699e-05 -9.26331e-05 -0.00246347 -0.000852308 -0.00206446 -7.84628e-05 -4.152e-06 0.00183484 -0.00220564 0.00306812 0.00207486 0.000840923 -0.000865459 0.000450229 0.00325742 -0.000114554 0.00237528 0.00468516 -0.000171554 -0.00212917 -0.00493638 0.00033571 0.0035971 -0.00253432 -0.00724863 -8.65744e-05 0.000537489 -0.00013594 0.000117862 -0.00224617
internal_weight=121462 120498 4325.61 3360.21 2829.41 2134.96 116173 6570.45 1534.66 5035.78 4122.95 3340.94 2536.75 2034.1 1143.09 109602 2443.9 1713.54 107158 4448.19 2074.99 2373.2 1109.67 1263.52 1516.55 102710 29982.4 20268.4 19388.3 3816.76
internal_count=488742 484825 17562 13667 11530 8726 467263 26574 6198 20376 16697 13513 10253 8213 4676 440689 9833 6897 430856 18062 8442 9620 4489 5131 6171 412794 120503 81497 77955 15329
is_linear=0
shrinkage=0.05


Tree=180
num_leaves=31
num_cat=0
split_feature=34 14 14 40 9 9 14 40 40 14 30 15 17 14 12 14 37 5 6 14 28 15 40 25 39 40 41 39 6 17
split_gain=10.1243 19.0583 15.2834 18.3498 14.5102 12.4458 11.5253 11.0074 26.292 14.1517 13.0004 16.7381 18.4696 16.6261 13.9918 15.0902 10.0391 12.966 13.737 12.0135 15.1892 14.016 22.2985 12.9746 12.6788 11.6508 10.7367 11.8975 10.763 10.6237
threshold=0.50452539324760448 -6.961977243423461 -7.2612416744232169 0.32143642008304601 1.0010993480682375 1.0846456885337832 -7.3389532566070548 -0.5409693419933318 -0.90068966150283802 -8.152214050292967 -1.2128502130508421 -7.6353948116302481 -0.058763599023222916 -7.6070744991302481 -7.6570231914520255 -7.6814155578613272 -0.47757929563522333 0.56845352053642284 0.64379650354385387 -6.7871997356414786 -0.30677403509616846 -6.7399990558624259 0.37055389583110815 0.7132563889026643 -0.9523867368698119 -0.43444111943244929 -0.87837970256805409 0.30486139655113226 -1.2734063267707822 -0.60991889238357533
decision_type=2 2 2 2 2 2 2 2 2 2 2 2 2 2 2 2 2 2 2 2 2 2 2 2 2 2 2 2 2 2
left_child=16 2 6 4 -4 -3 7 8 9 -2 -9 13 14 -12 15 -13 17 18 26 21 -21 -18 29 24 -22 -26 27 -1 -28 -23
right_child=1 5 3 -5 -6 -7 -8 10 -10 -11 11 12 -14 -15 -16 -17 19 -19 -20 20 23 22 -24 -25 25 -27 28 -29 -30 -31
leaf_value=-0.0022412543136029741 0.0029491847485984368 0.0079517203940180636 -0.015658702343753935 -0.00041911801725632929 -0.0048483067871916176 -0.00018168955723520076 0.0048129982210842834 0.0025114266571284465 0.0043646690520090228 -0.0065419915004467271 -0.0028874871592103591 -0.0028720218260828989 -0.015350090208230414 0.0069120174437345963 0.0012845625198681743 -0.013991658571647199 0.00031916680813054302 0.0061685683618364212 0.0058601223973036758 -0.0049740354059802355 -0.0077187418601242386 0.004253726387056323 -0.0026911127770691805 0.0070989777694265253 -0.0044751730700765451 0.0036933014948071861 0.0019526803347744701 -0.012184535862051597 -0.0026863518252806169 0.01427640445707748
leaf_weight=677.68330897390842 548.83488760888577 838.46921817958355 547.69470746815205 956.5451377928257 730.83286687731743 1054.4376786500216 745.77828331291676 978.19417999684811 2088.6683892607689 1329.352893397212 2886.9728957563639 714.51468321681023 500.06408369541168 499.15606200695038 660.36318355798721 531.38058719038963 89435.850119933486 518.89965911209583 527.86328913271427 2402.3807306289673 567.0665148049593 549.31201867759228 610.1536380648613 566.50387452542782 672.579798579216 1201.6621404886246 1605.7415604293346 539.24287594854832 5542.9063631445169 522.50139047205448
leaf_count=2734 2220 3375 2206 3870 2946 4245 3012 3958 8431 5385 11686 2898 2029 2013 2686 2154 359543 2083 2119 9649 2280 2211 2462 2274 2706 4847 6530 2171 22281 2107
internal_value=-5.87487e-05 -0.00124706 -0.00189637 -0.00567004 -0.00956484 0.00344389 -0.00115757 -0.00157635 0.000514493 -0.0037676 -0.00280031 -0.00370011 -0.00687989 -0.00142682 -0.00458942 -0.00768825 0.00011646 -0.00144137 -0.00189181 0.000268496 -0.00201848 0.000404493 0.0049129 0.000350828 -0.00123765 0.000753816 -0.00238737 -0.00671071 -0.00164305 0.00922651
internal_weight=121552 15611.3 13718.4 2235.07 1278.53 1892.91 11483.3 10737.5 3966.86 1878.19 6770.65 5792.45 2406.32 3386.13 1906.26 1245.9 105940 9412.34 8893.44 96528 5410.19 91117.8 1681.97 3007.81 2441.31 1874.24 8365.57 1216.93 7148.65 1071.81
internal_count=489111 63114 55494 9022 5152 7620 46472 43460 16036 7605 27424 23466 9767 13699 7738 5052 425997 37918 35835 388079 21756 366323 6780 12107 9833 7553 33716 4905 28811 4318
is_linear=0
shrinkage=0.05


Tree=181
num_leaves=31
num_cat=0
split_feature=30 13 35 35 36 13 33 33 13 31 21 28 13 40 9 20 9 13 41 1 23 30 17 21 31 25 9 7 11 25
split_gain=8.18464 8.26269 11.2415 21.7792 11.4789 8.32215 11.1261 16.7821 8.74068 16.2022 19.2877 18.0309 13.2264 14.8464 12.9607 13.4671 12.7727 12.2531 15.2468 14.6882 11.8212 15.9055 11.2014 11.0822 16.1667 14.8275 15.3721 10.5683 14.5741 10.3617
threshold=-2.573460459709167 -6.5986449718475333 0.37988477945327764 0.090967454016208663 0.51629024744033825 -6.8237373828887931 -0.53091081976890553 0.0082912682555615919 -7.329936981201171 0.21283503621816638 0.49698288738727575 1.127956807613373 -7.1059079170227042 0.7743852734565736 -0.4124890118837356 1.5787799358367922 1.3368704319000246 -7.2603247165679923 0.6078576147556306 -0.1366898715496063 0.41904868185520178 0.96074354648590099 -0.25978557765483851 0.4024419784545899 0.036023462191224105 0.36947591602802282 0.52734696865081798 0.13145516067743304 -1.0000000180025095e-35 0.54915013909339916
decision_type=2 2 2 2 2 2 2 2 2 2 2 2 2 2 2 2 2 2 2 2 2 2 2 2 2 2 2 2 2 2
left_child=-1 5 3 4 -3 8 -7 -8 -2 10 12 16 23 27 15 -12 17 -11 29 -20 -16 22 -22 24 25 -10 -27 28 -14 -19
right_child=1 2 -4 -5 -6 6 7 -9 9 11 14 -13 13 -15 20 -17 -18 18 19 -21 21 -23 -24 -25 -26 26 -28 -29 -30 -31
leaf_value=0.0044980232981954851 -0.00026583988329608962 0.0049616972416840202 0.0075527229806630685 -0.0079102245321371455 -0.0023345546291125671 -0.0090102842550468781 0.0023908345249115687 -0.0041751584533546568 0.0040564469037609645 0.0036080990760759533 0.0040890423661438108 0.0051897878708210788 -0.005358313621901774 0.0043964048538202433 0.0063825262166796251 0.011978450764796389 -0.0084399498744444617 -0.0055282191917131358 -0.0010293750568236869 -0.012079038269765485 -0.0047183685688072276 -0.0072060600891977189 0.0032432202550284716 -0.0039424477062024108 0.0093655475155775009 -0.0086177237329581984 0.0027804585592270826 -0.0093678337695109245 0.002765508155946843 0.001754909560620074
leaf_weight=984.45018704235554 90078.904033124447 1820.8554146289825 774.65066182613373 568.94329586625099 757.00704742968082 525.6288510710001 1712.2347564548254 2229.590258076787 1806.0446105599403 943.31739313900471 2034.6163311749697 896.01784829795361 1393.055076867342 674.83236528933048 1135.3130988776684 736.9956914037466 751.329484552145 682.95852299034595 534.06393095850945 684.45013265311718 519.93813933432102 549.32958890497684 2667.2880529016256 693.48302090167999 758.88750429451466 605.03386545181274 562.70850379765034 648.65474979579449 902.1737959831953 1644.3314880430698
leaf_count=3957 362504 7334 3111 2282 3043 2133 6881 8949 7325 3794 8174 3600 5614 2729 4560 2964 3035 2743 2144 2750 2090 2203 10709 2789 3049 2431 2263 2601 3644 6618
internal_value=-1.93994e-05 -5.67398e-05 0.00219771 0.000859717 0.00281836 -0.000132892 -0.00224664 -0.00132421 -4.83133e-05 0.000849208 0.00170095 -0.00132757 -8.47396e-06 -0.00224728 0.00349781 0.00622243 -0.00244967 -0.00143057 -0.00277742 -0.00728387 0.0019382 0.000574402 0.00193374 0.00182286 0.00290165 0.00122626 -0.00314823 -0.00377996 -0.00216698 -0.00039688
internal_weight=121277 120293 3921.46 3146.81 2577.86 116371 4467.45 3941.83 111904 21824.8 15688.4 6136.47 8044.87 3618.72 7643.48 2771.61 5240.45 4489.12 3545.8 1218.51 4871.87 3736.56 3187.23 4426.16 3732.67 2973.79 1167.74 2943.88 2295.23 2327.29
internal_count=488023 484066 15770 12659 10377 468296 17963 15830 450333 87829 63145 24684 32445 14588 30700 11138 21084 18049 14255 4894 19562 15002 12799 17857 15068 12019 4694 11859 9258 9361
is_linear=0
shrinkage=0.05


Tree=182
num_leaves=31
num_cat=0
split_feature=20 13 42 6 14 15 30 23 32 20 31 14 35 11 15 12 28 15 15 6 14 14 34 14 39 15 15 28 39 39
split_gain=10.3491 8.30799 27.8455 13.9943 13.5915 6.76603 17.6261 10.1195 18.4993 15.1618 23.1535 21.5251 16.4587 19.0307 15.0056 15.6998 14.9193 14.2281 14.2166 13.1233 13.068 24.617 12.9487 11.9928 11.3553 12.7541 12.4891 11.0989 13.2943 11.0103
threshold=0.37339629232883459 -9.0238199234008771 0.81174489855766307 -0.059615917503833764 -8.9199852943420392 -7.58160376548767 -2.0830535888671871 0.20021325349807742 -0.37526252865791315 1.3862788081169131 0.54568976163864147 -8.7447357177734357 0.33323481678962713 -0.48442691564559931 -8.2722349166870099 -7.5986661911010733 -0.51654088497161854 -7.6786856651306143 -8.2722349166870099 -0.040928039699792855 -8.0924882888793928 -7.7668335437774649 0.02651931066066027 -7.8521616458892813 0.96244606375694286 -7.9100079536437979 -8.1283850669860822 0.74991023540496837 -0.69778382778167714 0.69150647521018993
decision_type=2 2 2 2 2 2 2 2 2 2 2 2 2 2 2 2 2 2 2 2 2 2 2 2 2 2 2 2 2 2
left_child=-1 2 4 -4 -2 6 -3 8 18 11 12 -9 13 16 -15 22 -11 -17 -8 -14 -12 -22 -16 29 25 26 -10 28 -20 -21
right_child=1 5 3 -5 -6 -7 7 9 24 10 20 -13 19 14 15 17 -18 -19 27 23 21 -23 -24 -25 -26 -27 -28 -29 -30 -31
leaf_value=0.0069663665848136288 -0.0027647740533705096 0.0067401682394746601 -0.0027179498617105396 0.0086658608763162323 -0.011868787149555759 -0.00041874993843643988 0.0067943672551976642 -0.0084775009150810082 0.0052537225725561862 0.002536616821339311 0.010754872416857918 -0.00065811532539845506 -0.0094658859463582264 0.009015397818433319 -0.002683948582290895 0.0028117203280204079 -0.005013454313104921 0.012634695614320533 0.0056022217979616665 -0.0013709310933718102 -0.0040747010505578539 0.010350647510518441 0.0031763100464737301 0.0022668768446511877 -0.0034277447671894837 0.0066690985228545141 -0.0026308549617181445 -0.0061435681125429006 -0.0017504099246877002 -0.0097505146636973385
leaf_weight=501.60687425732613 909.15969358384609 1045.4396860897541 497.2253570407629 571.20276772975922 748.96708101034164 68567.71006719768 578.91130119562149 906.36870387196541 1016.0988454967737 1074.2502848654985 843.78602387011051 22333.871892184019 556.531060770154 872.43684494495392 1926.2186087816954 1169.7645415365696 1644.7179808169603 533.91509860754013 772.73035658895969 1357.3556580096483 632.80450287461281 538.87269365787506 1826.8744387477636 1406.3895941823721 499.07532897591591 2722.6407015621662 974.96320375800133 981.32900883257389 2855.3474049568176 543.60223881900311
leaf_count=2016 3661 4202 2000 2295 3016 275954 2352 3644 4099 4311 3410 89716 2235 3508 7731 4698 6606 2144 3132 5490 2553 2171 7334 5666 2005 10971 3928 3983 11537 2193
internal_value=-0.000130022 -0.000160036 -0.00288365 0.00339198 -0.00692351 -9.69616e-05 0.000347749 0.000208794 0.00159054 -0.000168064 0.00107495 -0.000966586 0.000295057 0.00146135 0.00296293 0.00198054 -0.0020321 0.0059459 -0.000523154 -0.00243281 0.00604519 0.00259119 0.000169481 -0.00122437 0.00369129 0.0044507 0.00139903 -0.00145491 -0.000173307 -0.00380566
internal_weight=121410 120909 2726.55 1068.43 1658.13 118182 49614.3 48568.9 10401.1 38167.8 14927.5 23240.2 12912.1 9048.18 6329.21 5456.77 2718.97 1703.68 5188.32 3863.88 2015.46 1171.68 3753.09 3307.35 5212.78 4713.7 1991.06 4609.41 3628.08 1900.96
internal_count=488561 486545 10972 4295 6677 475573 199619 195417 42007 153410 60050 93360 51916 36332 25415 21907 10917 6842 21004 15584 8134 4724 15065 13349 21003 18998 8027 18652 14669 7683
is_linear=0
shrinkage=0.05


Tree=183
num_leaves=31
num_cat=0
split_feature=35 15 34 29 29 15 11 41 40 30 15 2 30 40 35 4 10 10 26 12 35 40 37 41 5 15 11 8 6 11
split_gain=8.82285 17.2263 13.3821 11.738 12.1452 8.88201 13.1483 12.0908 14.8986 18.0027 15.2359 15.041 8.56136 8.39731 15.5705 15.7113 12.3816 11.458 15.6985 17.2205 10.8963 10.2776 10.1071 10.9113 8.63189 24.1577 10.5285 10.1476 11.9185 10.8765
threshold=0.73928526043891918 -7.1121523380279532 0.95072230696678173 -0.54774734377861012 -0.25602011382579798 -7.2164812088012686 0.39960423111915594 -0.87837970256805409 0.32143642008304601 0.31830923259258276 -7.5165028572082511 0.40942659974098211 -0.20939925312995908 -0.9713328182697295 -0.35007707774639124 0.58642590045928966 0.10342175140976907 -0.54582655429840077 -1.8801732063293455 -7.8305609226226798 0.36203560233116155 -0.99305900931358326 0.00022140426881378519 -1.0000000180025095e-35 0.78553056716918956 -7.178503990173339 -0.5572369098663329 1.0000000180025095e-35 0.96097347140312206 1.0176566839218142
decision_type=2 2 2 2 2 2 2 2 2 2 2 2 2 2 2 2 2 2 2 2 2 2 2 2 2 2 2 2 2 2
left_child=2 3 13 -2 -5 6 -6 -8 10 -10 11 -9 -3 14 -1 16 17 -16 -19 -20 21 -18 -17 -24 -15 26 -26 28 29 -28
right_child=1 12 -4 4 5 -7 7 8 9 -11 -12 -13 -14 24 15 22 20 18 19 -21 -22 -23 23 -25 25 -27 27 -29 -30 -31
leaf_value=-0.0027686547964534554 0.010117918482725582 -0.0077514963387514089 -0.0063640072215978413 -0.0042933618062732 0.0081238787252657513 0.0089418485886296438 0.0078907888208057334 0.0057961797301368237 -0.0018318711065021089 0.010611890396364919 -0.0096656988724249417 -0.0060474158858203298 0.00026439581862706068 -0.00039052144240669088 0.0011240058383415444 -0.0073305748601807681 0.0033622851124946555 0.015641321482159399 -0.00094244158915899809 0.011739873294765203 0.0061147894764273097 -0.0041340883149475855 0.0055404610738594871 -0.0030048857713895591 0.0022058518162691092 0.0045649513289547188 -0.0027976291020010897 0.00024723404045576372 -0.0077044657258294388 0.0048762223029353595
leaf_weight=1754.9066173285246 503.2725473344326 602.97438219189644 836.69770210981369 627.78653703629971 763.26926645636559 556.83180570602417 509.59874279797077 559.00165413320065 622.68927586078644 531.04622668027878 607.74234211444855 496.88314989209175 728.17215850949287 86042.074515879154 662.18088881671429 501.26791298389435 865.77726919949055 561.80243775248528 544.02451093494892 514.29846839606762 913.63975468277931 946.93096497654915 664.32697816193104 827.95941257476807 3817.7051443904638 3452.3031283169985 2346.3213727325201 7510.0877196937799 959.44975893199444 564.71995671093464
leaf_count=7083 2025 2435 3404 2527 3089 2249 2055 2250 2519 2140 2449 2002 2934 346163 2659 2016 3482 2258 2186 2067 3673 3802 2676 3332 15342 13883 9409 30278 3853 2266
internal_value=4.95541e-06 0.00171275 -0.00010142 0.00289383 0.00218674 0.00306949 0.00225019 0.000882346 -0.000408752 0.00393777 -0.00342861 0.000218319 -0.00339732 -5.46759e-05 0.00143178 0.00248695 0.00397891 0.00668861 0.00894214 0.00527281 0.00169439 -0.000554902 -0.00126264 0.000810837 -0.000179137 0.000795745 -6.28717e-05 -0.000825201 -0.00290137 -0.00129736
internal_weight=121396 7109.27 114286 5778.12 5274.85 4647.06 4090.23 3326.96 2817.36 1153.74 1663.63 1055.88 1331.15 113450 8757.12 7002.21 5008.65 2282.31 1620.13 1058.32 2726.35 1812.71 1993.55 1492.29 104693 18650.6 15198.3 11380.6 3870.49 2911.04
internal_count=488506 28674 459832 23305 21280 18753 16504 13415 11360 4659 6701 4252 5369 456428 35234 28151 20127 9170 6511 4253 10957 7284 8024 6008 421194 75031 61148 45806 15528 11675
is_linear=0
shrinkage=0.05


Tree=184
num_leaves=31
num_cat=0
split_feature=22 17 13 35 28 24 7 25 25 10 29 8 24 16 20 25 39 31 8 41 41 22 37 17 8 13 24 13 28 13
split_gain=12.21 12.7474 14.6005 11.9828 12.673 10.4405 16.0932 13.9699 9.56703 7.57259 7.11115 9.28277 9.06243 10.5622 10.3552 8.21188 6.05277 16.6296 13.9639 12.1182 8.0206 23.6357 27.7227 18.8236 20.2706 16.1278 14.8228 14.4367 26.7117 22.1398
threshold=0.86627939343452465 -0.039734482765197747 -7.7402949333190909 -0.028370370157063004 -1.9776338338851926 0.79327937960624706 0.26382884383201605 0.42409306764602667 0.4715836644172669 -0.14917576313018796 0.89099666476249706 1.1978190541267397 1.5024424791336062 -0.10985892638564108 1.3044799566268923 0.7620435655117036 0.99655601382255565 0.081443492323160185 0.61170566082000744 1.0000000180025095e-35 0.6078576147556306 1.6533170342445376 -0.2235273867845535 0.24744138866662982 0.6453368365764619 -7.627408266067504 1.2544038295745852 -7.7741606235504142 0.37990699708461767 -7.5861635208129874
decision_type=2 2 2 2 2 2 2 2 2 2 2 2 2 2 2 2 2 2 2 2 2 2 2 2 2 2 2 2 2 2
left_child=1 2 3 -1 -5 6 7 9 -3 -2 16 12 13 -12 -14 -15 20 19 -19 -18 -7 22 -22 24 26 -26 -23 28 -24 -29
right_child=5 8 -4 4 -6 10 -8 -9 -10 -11 11 -13 14 15 -16 -17 17 18 -20 -21 21 23 27 -25 25 -27 -28 29 -30 -31
leaf_value=0.0070466983205223557 0.0021736842932056663 0.0024184928703167761 -0.0047162060622274529 0.006196709624483987 -0.0035390996555314125 0.00024153497903939473 0.0024380959212172912 -0.011169953223020336 0.012168991445428603 -0.0063074694682473155 0.0012985894272220713 -0.0070188336019994767 -0.0038209829880495889 -0.010164460576009535 0.0050163459430438316 -0.0015899876016026227 -0.0089546511805750593 0.0069594589134118374 -0.003790364130972917 -0.00049501243845906471 -0.004694471962705421 0.0039160312132484765 -0.0014383124668813959 0.0046182992565945305 0.0080806522127889538 -0.00053819681144293737 -0.0031439972642328799 0.0046617966463638099 -0.012788297197369678 -0.00078221195231106876
leaf_weight=1008.6434663534164 502.21839740872383 505.4594734609127 836.61870476603508 511.28298953175545 921.6150945276022 76234.961956396699 813.35775148868561 749.65930438041687 503.37695010006428 534.2307295948267 743.30290900170803 797.93746882677078 500.5238905698061 620.42453934252262 939.06094348430634 509.03702141344547 1012.3695433139801 667.16116851568222 536.74124892055988 724.57498224079609 5530.6703494489193 899.48863412439823 5234.2337369769812 2972.7651754915714 1114.4510180801153 1046.9700426757336 4083.5722767710686 2473.2023180425167 565.87454149127007 7524.6996401846409
leaf_count=4050 2018 2029 3359 2053 3701 306992 3263 3004 2021 2144 2987 3236 2011 2490 3782 2061 4070 2678 2161 2911 22213 3618 21008 11961 4490 4219 16458 9929 2271 30209
internal_value=-0.000148108 0.00246971 0.000948374 0.00290072 -4.6323e-05 -0.000243959 -0.00337128 -0.0060156 0.00735537 -0.00221637 -0.000172816 -0.00221238 -0.00103687 -0.00332222 0.00193857 -0.0063479 -9.68407e-05 -0.00233094 0.00217507 -0.00544871 -3.56149e-05 -0.000707378 -0.00165124 0.0012821 -0.000110582 0.00392252 -0.00186431 -0.000583555 -0.00256575 0.000567797
internal_weight=121618 4287 3278.16 2441.54 1432.9 117331 2599.47 1786.11 1008.84 1036.45 114732 4110.29 3312.35 1872.76 1439.58 1129.46 110622 2940.85 1203.9 1736.94 107681 31445.9 21328.7 10117.2 7144.48 2161.42 4983.06 15798 5800.11 9997.9
internal_count=489397 17213 13163 9804 5754 472184 10429 7166 4050 4162 461755 16567 13331 7538 5793 4551 445188 11820 4839 6981 433368 126376 85630 40746 28785 8709 20076 63417 23279 40138
is_linear=0
shrinkage=0.05


Tree=185
num_leaves=31
num_cat=0
split_feature=9 30 6 33 23 9 39 20 30 31 11 31 43 16 8 40 18 17 31 40 31 34 35 41 7 15 16 8 34 20
split_gain=7.29676 14.6014 13.4124 18.9863 18.2796 17.0327 17.9122 15.9891 15.6661 19.9385 16.4506 16.2421 13.6059 13.3426 12.9885 19.766 17.0044 12.5056 14.2656 11.8375 17.5395 18.4309 16.2242 15.7841 16.9282 13.8161 13.6358 15.213 13.5625 13.0027
threshold=-0.46218857169151301 -1.1404469609260557 0.52415180206298839 1.0000000180025095e-35 0.17681079357862475 0.11235577985644342 -0.92219218611717213 0.85269182920455944 0.34166252613067633 0.76979887485504161 2.7396442890167241 -0.46482394635677332 0.30000001192092901 -0.13714256882667539 0.23524653166532519 -0.12619776278734204 1.4759026765823366 0.71910855174064647 -0.30678923428058619 0.89686420559883129 -0.24548906832933423 -0.11930385231971739 -0.041903125122189515 0.6078576147556306 -1.2134798169136045 -8.3318295478820783 -0.14521361887454984 -0.40331019461154932 0.32758395373821264 1.0170198678970339
decision_type=2 2 2 2 2 2 2 2 2 2 2 2 2 2 2 2 2 2 2 2 2 2 2 2 2 2 2 2 2 2
left_child=17 -2 4 -4 5 6 -3 -7 9 10 11 13 -5 -6 15 -14 -17 19 -19 20 21 26 -21 24 -22 -26 -1 -28 -27 -25
right_child=1 2 3 12 8 7 -8 -9 -10 -11 -12 -13 14 -15 -16 16 -18 18 -20 22 23 -23 -24 29 25 28 27 -29 -30 -31
leaf_value=-0.0012090255813078238 0.0011021294026155896 0.0074244226809437527 0.0063590728282831082 -0.0016409688467238694 0.0038611586067525809 0.0090432303010829548 -0.0025325318290018392 0.0015868650259389318 0.00017606400215317063 0.0067340604098361017 0.0058088346814897896 -0.0031408679673384137 -0.0050729035067476206 -0.0024780989775601034 0.0018615318187545915 0.0043005111799076148 -0.0058748674569942105 -0.010497451405378668 0.00063734756298339116 0.0044224040678701752 -0.0065469934549637794 0.0069320033610234645 -0.0036333229022465748 -0.0067334063083653063 -0.0057675827248439941 0.0018309072697208226 0.0016966351971536972 0.0093729238295531189 -0.0052621702332895275 -0.0012676913895779875
leaf_weight=3807.607940480113 17255.580126985908 500.42492523789406 1268.2374738454819 7521.1513279080391 1617.3433762341738 851.70184531807899 3929.7543989568949 4382.8244746625423 9390.0760146379471 598.65960772335529 582.50474634766579 21035.62044686079 1950.0654448121786 1684.6131606698036 10965.928913787007 1671.3089234083891 533.80230730772018 520.3055100440979 626.29920719563961 3955.2980778217316 798.93418481945992 1592.7062619775534 734.12912514805794 1490.8811483234167 712.79218932986259 10314.86933465302 5826.0998332053423 717.08419884741306 711.41164848208427 3980.7748769521713
leaf_count=15346 69375 2026 5088 30320 6493 3421 15866 17650 37685 2406 2340 84454 7821 6770 44248 6708 2144 2100 2516 15986 3236 6390 2953 5980 2870 41463 23643 2893 2860 15989
internal_value=5.29613e-05 -0.000197354 -0.000524892 0.000430366 -0.0010373 0.000886378 -0.00139362 0.00281501 -0.00156998 -0.00221229 -0.00242983 -0.00262932 9.56264e-05 0.000629239 0.000959913 -0.00141831 0.0018219 0.000652526 -0.00446247 0.000823062 0.000456852 0.00194178 0.00315623 -0.000528438 0.0004497 0.000931046 0.00116797 0.00255092 0.00136891 -0.00276652
internal_weight=121529 85739.6 68484 23910.5 44573.5 9664.71 4430.18 5234.53 34908.8 25518.7 24920.1 24337.6 22642.3 3301.96 15121.1 4155.18 2205.11 35789.2 1146.6 34642.6 29953.2 11943.5 4689.43 18009.7 12538 11739.1 10350.8 6543.18 11026.3 5471.66
internal_count=489040 344815 275440 96329 179111 38963 17892 21071 140148 102463 100057 97717 91241 13263 60921 16673 8852 144225 4616 139609 120670 48272 18939 72398 50429 47193 41882 26536 44323 21969
is_linear=0
shrinkage=0.05


Tree=186
num_leaves=31
num_cat=0
split_feature=10 35 40 35 40 39 40 8 28 28 11 34 39 35 23 20 0 20 23 2 12 11 40 11 15 39 19 22 40 28
split_gain=15.0119 13.0522 16.0903 12.2804 40.6184 25.2255 22.565 19.148 16.2164 14.6271 26.4312 37.165 15.3609 14.8204 13.4814 14.943 15.0786 13.9707 13.4422 20.2859 20.714 16.994 23.5149 19.6962 20.9949 23.2503 21.209 22.1506 18.1549 17.1923
threshold=-1.7783238887786863 -0.69050630927085865 -0.36243458092212671 -0.2786478847265243 0.48098418116569525 -0.61908808350563038 0.99655601382255565 -0.39331534504890436 -2.2951507568359371 -1.5557808876037595 0.31568711996078497 -0.34496977925300593 -0.20363981276750562 -0.45558644831180567 0.43157191574573522 1.829366207122803 -1.0232949852943418 1.2389745116233828 0.61659780144691478 1.8694105148315432 -6.9371776580810538 0.49782556295394903 0.97336998581886303 1.0734680294990542 -7.099320411682128 -0.23768363147974012 0.063317578285932555 1.2914886474609377 0.79599440097808849 -0.39964891970157618
decision_type=2 2 2 2 2 2 2 2 2 2 2 2 2 2 2 2 2 2 2 2 2 2 2 2 2 2 2 2 2 2
left_child=-1 2 -2 4 8 -6 7 -7 -3 12 14 13 -10 -12 15 -11 -17 -16 19 20 21 29 23 24 25 28 -27 -28 -23 -5
right_child=1 3 -4 18 5 6 -8 -9 9 10 11 -13 -14 -15 17 16 -18 -19 -20 -21 -22 22 -24 -25 -26 26 27 -29 -30 -31
leaf_value=0.0028348379300090236 0.001011079731107937 0.0058587871238327798 -0.0057633531415243171 0.00068549398632816022 0.010199632704715056 -0.00018663805139466935 0.012230896026857833 0.0065773987814338507 -0.01241787568469808 0.0014148864713701779 0.0064925957246399352 0.014803540299043431 -0.0022100906589858425 -0.0040947375781746542 -0.0068471481304676167 0.0036808863212921014 -0.0062017396885561491 -0.00060999343189763135 0.00028761705673233578 -0.010067566815218421 0.0031260718965012793 -0.0013726867321671792 -0.0082105212711348335 -0.0001493994565415691 -0.012068067398513386 0.00083252962771197456 -0.0025324639156753506 -0.012001190785990328 0.0088059182667642108 -0.0020866645565356186
leaf_weight=4290.4879993498325 1438.3415631055832 936.88410870730877 2223.565187484026 16574.94848780334 1348.8954628109932 3901.1632473468781 544.55941794812679 1419.4863751232624 502.10061430931091 5133.8405043631792 550.31727069616318 640.73021911084652 1336.2324419766665 796.07895347476006 1810.1172464042902 512.21679589152336 1489.7432577759027 1776.0252529978752 44186.161150768399 589.4781418889761 3108.3513687700033 2854.1296344250441 1512.0482165366411 9090.0398684740067 659.47155028581619 923.54225793480873 1077.354369327426 1458.580421641469 507.19636617600918 8428.8582197576761
leaf_count=17294 5818 3767 8998 66532 5473 15802 2204 5720 2021 20683 2237 2570 5375 3225 7257 2088 6031 7123 177826 2365 12506 11464 6103 36514 2648 3709 4324 5857 2038 33855
internal_value=-6.66036e-05 -0.000172935 -0.00310695 -7.81485e-05 0.000962016 0.00405799 0.00263056 0.00162688 -0.00048208 -0.00089419 -0.000289532 0.00499234 -0.00505022 0.000248623 -0.00127218 -1.41127e-05 -0.00366747 -0.0037685 -0.000337762 -0.00092835 -0.000809573 -0.00109416 -0.00226139 -0.00171391 -0.00361236 -0.00277835 -0.00564961 -0.00800429 0.000184745 -0.00024947
internal_weight=121621 117330 3661.91 113669 22698.4 7214.1 5865.21 5320.65 15484.3 14547.4 12709.1 1987.13 1838.33 1346.4 10721.9 7135.8 2001.96 3586.14 90970.2 46784 46194.5 43086.2 18082.4 16570.3 7480.27 6820.8 3459.48 2535.93 3361.33 25003.8
internal_count=489427 472133 14816 457317 91576 29199 23726 21522 62377 58610 51214 8032 7396 5462 43182 28802 8119 14380 365741 187915 185550 173044 72657 66554 30040 27392 13890 10181 13502 100387
is_linear=0
shrinkage=0.05


Tree=187
num_leaves=31
num_cat=0
split_feature=11 18 8 35 9 0 10 4 7 11 18 10 40 43 29 29 13 42 9 10 39 3 30 15 39 10 30 11 8 8
split_gain=8.86372 7.14728 10.3026 8.27927 13.4146 8.71872 11.1588 14.0754 14.5208 10.6 7.14486 10.4449 9.04634 8.12787 8.06459 7.67155 7.4858 8.83201 6.78516 15.6573 19.2222 16.6261 16.4159 13.1383 11.5974 20.3161 25.3695 15.0861 11.4706 11.3287
threshold=-3.2910846471786495 0.45510673522949224 -0.85641440749168385 0.5286855697631837 0.80435189604759227 -1.0000000180025095e-35 -0.20593309402465818 -0.20501112937927243 -0.057640019804239266 0.34665700793266302 0.54350641369819652 -0.80009347200393666 0.82163912057876598 0.30000001192092901 0.012538398616015913 -0.24184475839138028 -9.1647305488586408 0.81174489855766307 1.1019952297210696 0.81170403957366954 0.73431551456451427 0.54531589150428783 -0.97678223252296437 -7.7254455089569083 -0.96244606375694264 -0.43045674264430994 -0.65662771463394154 -0.18603123724460599 -0.34338814020156855 0.34857769310474401
decision_type=2 2 2 2 2 2 2 2 2 2 2 2 2 2 2 2 2 2 2 2 2 2 2 2 2 2 2 2 2 2
left_child=-1 2 -2 4 5 9 -7 -8 -9 -4 11 -3 13 14 -13 -15 17 -12 24 20 22 -22 -20 -24 25 26 -18 -28 -21 -30
right_child=1 10 3 -5 -6 6 7 8 -10 -11 16 12 -14 15 -16 -17 18 -19 19 28 21 -23 23 -25 -26 -27 27 -29 29 -31
leaf_value=-0.0049171005360825436 0.0064580772621609982 0.003556087737603067 0.0011822181042139056 0.0061861256865814937 -0.0062212784678126291 0.006296605850941355 0.006903276396737875 -0.0092310433942975507 0.0015745621560443854 -0.006874875891472715 7.8160992547038655e-05 -0.0035172769483641075 0.0016344423537337054 -0.0069859080433208216 -0.012536282799383298 -0.00021736182735130908 -0.010353456407082113 0.0085248191302960928 0.00058059247380198538 0.0059607500033755879 0.0057218147635554528 -0.0054210592497423516 -0.0016576439102868757 -0.0095473324400503663 -0.00012602557659967351 0.003792467910155542 -0.0012401895669196319 0.0078917333105606446 -0.0043225148243965011 0.00045685163839594329
leaf_weight=930.55094142258167 901.73189429938793 670.73131392896175 1130.1598008424044 621.73356997966766 710.54261048138142 1256.0056477636099 538.94497726857662 499.42252320051193 791.7649908810854 626.97231748700142 707.79690165817738 503.41106268763542 760.1029240489006 622.41114187240601 499.90991954505444 1240.404682263732 614.12422682344913 540.18855114281178 865.05724950134754 755.80179932713509 876.64079365134239 528.30410371720791 736.9827269166708 1891.6302592903376 85860.84233585 5067.7493712902069 1908.1924467533827 581.96836319565773 1516.3890450447798 6597.9839441478252
leaf_count=3744 3633 2697 4536 2508 2858 5047 2165 2005 3182 2522 2850 2023 3059 2501 2009 4983 2469 2173 3483 3041 3526 2132 2975 7628 345506 20380 7674 2345 6094 26609
internal_value=-8.20876e-05 -4.43209e-05 0.00149608 0.000762274 0.000145062 0.00108994 0.00268754 0.000189903 -0.00264379 -0.00171531 -0.000140626 -0.00213805 -0.00319815 -0.00448099 -0.00809041 -0.00250412 -6.17309e-05 0.00377299 -0.00010647 -0.00114269 -0.00340843 0.00152304 -0.00539025 -0.00734997 4.53641e-05 0.00184405 -0.0013387 0.000917035 0.000111009 -0.000440523
internal_weight=121354 120424 7077.28 6175.55 5553.81 4843.27 3086.14 1830.13 1291.19 1757.13 113347 4296.97 3626.24 2866.14 1003.32 1862.82 109050 1247.99 107802 13768.8 4898.62 1404.94 3493.67 2628.61 94032.9 8172.03 3104.29 2490.16 8870.17 8114.37
internal_count=488357 484613 28456 24823 22315 19457 12399 7352 5187 7058 456157 17272 14575 11516 4032 7484 438885 5023 433862 55488 19744 5658 14086 10603 378374 32868 12488 10019 35744 32703
is_linear=0
shrinkage=0.05


Tree=188
num_leaves=31
num_cat=0
split_feature=17 10 11 29 43 31 15 2 12 12 11 11 26 29 1 41 25 6 6 29 37 6 7 2 41 31 10 22 11 13
split_gain=7.28073 11.5583 8.98254 7.70999 10.3255 10.3431 11.0742 10.9852 10.3423 12.2841 10.0231 10.4976 10.2785 12.5876 11.8979 9.29883 11.8318 8.83323 9.31054 8.81264 13.2979 11.9583 10.3967 8.75198 10.0281 11.217 8.99082 20.6791 10.7585 10.6
threshold=-1.1497976779937742 0.15829467028379443 -3.2910846471786495 0.14800265431404117 0.36666667461395269 0.48593115806579595 -6.9596011638641349 0.5116592049598695 -6.6128611564636222 -7.2568211555480948 -1.2611722350120542 -0.46095059812068934 -1.7934312820434568 0.68570429086685192 -0.62978249788284291 1.0000000180025095e-35 0.77947920560836803 0.93023934960365307 0.29746855795383459 0.36637656390666967 0.31278692185878759 -0.27312554419040674 -0.021509344689548012 0.91756281256675731 -0.60785761475563038 0.19896367192268374 -0.16765612363815305 1.6064538359642031 -0.58249047398567189 -8.0964317321777326
decision_type=2 2 2 2 2 2 2 2 2 2 2 2 2 2 2 2 2 2 2 2 2 2 2 2 2 2 2 2 2 2
left_child=1 -1 -2 -4 8 6 7 19 9 23 -7 -12 13 -13 -14 -11 -17 18 -8 -6 21 -21 -22 26 -25 -26 27 29 -29 -5
right_child=2 -3 3 4 5 10 17 -9 -10 15 11 12 14 -15 -16 16 -18 -19 -20 20 22 -23 -24 24 25 -27 -28 28 -30 -31
leaf_value=0.0069967505377312132 -0.0057321710078961571 -0.00083009178526468491 0.0004886359170636794 -0.0019168170785316806 -0.0013964944391876935 0.0088231640996905784 0.0046525568545193975 -0.0021618814027661421 0.004920972290286374 -0.0071833899412681486 -0.0030469268365317069 -0.0059315365926878218 0.010203436359505031 0.0043003382928644271 0.0025153515688458982 -0.0053316288294481288 0.0031772906469462411 0.0089786565490711911 -0.0033158082008100083 0.0041499849776743614 0.010955190411521563 -0.00071476501908534845 0.0022088137182424855 -0.0030030853457298635 0.006993992990702292 -0.00020829481140117708 -0.0025179258246108244 0.00057221524044550806 -0.0086730285841788088 0.0041286963684949614
leaf_weight=976.26166014373302 640.69260832667351 900.43358805775642 71182.622767984867 1032.6312325745821 5068.4868585467339 500.88579362630844 878.90915215015411 7050.384038195014 650.02855335175991 1470.8003651350737 1024.4203067272902 666.39807377755642 617.99543939530849 531.60586595535278 2593.8081517368555 948.96870873868465 703.01611402630806 505.06162594258785 614.72572907805443 1609.9693419188261 548.33721190690994 5727.8566159904003 885.05754411220551 857.07821759581566 1062.5970475822687 1088.810503795743 7624.8898738771677 514.67365077137947 795.02549071609974 2386.250270485878
leaf_count=3935 2579 3624 286541 4148 20362 2018 3533 28356 2610 5929 4125 2682 2488 2142 10474 3809 2831 2035 2470 6471 2201 23012 3560 3460 4270 4393 30687 2070 3198 9580
internal_value=0.000175082 0.00325696 0.000126529 0.000158513 -0.000331472 0.000266297 -0.000216241 -0.000556957 -0.0012316 -0.0014505 0.00212444 0.00149193 0.00255084 -0.0013932 0.00402172 -0.00430434 -0.00171326 0.00332992 0.00137283 0.000261612 0.00122026 0.00035679 0.00560741 -0.000867948 0.00154679 0.00336487 -0.00145679 0.000255999 -0.00506311 0.00230246
internal_weight=121659 1876.7 119782 119141 47958.7 28823.9 22888.8 20890.1 19134.8 18484.7 5935.11 5434.23 4409.81 1198 3211.8 3122.79 1651.98 1998.7 1493.63 13839.7 8771.22 7337.83 1433.39 15362 3008.49 2151.41 12353.5 4728.58 1309.7 3418.88
internal_count=489593 7559 482034 479455 192914 115929 92000 83962 76985 74375 23929 21911 17786 4824 12962 12569 6640 8038 6003 55606 35244 29483 5761 61806 12123 8663 49683 18996 5268 13728
is_linear=0
shrinkage=0.05


Tree=189
num_leaves=31
num_cat=0
split_feature=17 4 9 9 15 10 17 12 41 17 12 12 22 24 30 41 34 6 35 9 15 15 16 9 30 13 14 8 13 14
split_gain=8.69749 14.7659 14.8179 28.4804 12.7908 12.7572 12.6899 12.257 14.5057 11.3458 9.04686 17.8875 12.4783 12.2273 11.4093 10.7025 18.0378 12.5554 9.99943 26.2513 17.1278 29.3767 13.3319 12.3838 10.6 10.5198 11.6709 17.7594 24.6353 21.3718
threshold=0.58228600025177013 0.33257274329662329 -0.35275359451770777 -0.90581801533699025 -7.2780654430389395 -0.056509802117943757 0.78998681902885448 -6.7820296287536612 1.0000000180025095e-35 0.12918742746114734 -8.0078868865966779 -7.7868816852569571 0.94524934887886058 1.831393361091614 0.077428694814443602 0.87837970256805431 -0.27255570888519282 0.8860456943511964 -0.064942076802253709 -0.52208578586578358 -7.4298400878906241 -7.2273716926574698 -0.046339301392436021 -0.71903032064437855 0.75268083810806286 -7.6099209785461417 -7.1054279804229727 0.53700399398803722 -7.3899827003478995 -7.4962403774261466
decision_type=2 2 2 2 2 2 2 2 2 2 2 2 2 2 2 2 2 2 2 2 2 2 2 2 2 2 2 2 2 2
left_child=9 2 3 -2 6 -4 -3 8 -7 -1 13 14 -13 -11 -12 18 -17 -18 19 20 23 -22 -23 24 -14 -20 27 29 -29 -27
right_child=1 4 5 -5 -6 7 -8 -9 -10 10 11 12 15 -15 -16 16 17 -19 25 -21 21 22 -24 -25 -26 26 -28 28 -30 -31
leaf_value=1.2969955854435646e-07 0.0068117664861185563 0.0037002432540057676 0.013012767387191759 -0.0056859666833339968 -0.0085948906119974605 0.0018607361172604476 -0.0053907649390286111 -0.0023374828774291355 0.012792367416795384 -0.00020257983648902853 -0.012126136253616408 0.0053760369795160332 -0.0085726104691985269 0.0081504649774650894 -0.0037076509622102401 0.0070154327347206101 -0.0038160726624256736 0.0052949551087666802 0.0051783265198470842 -0.0075480901422243733 0.009182835799923331 -0.0082759985204249199 0.0019593217589255782 0.0028247670347052488 -0.00038851241507546178 0.0086379486286261003 0.001537576711437655 -0.01448702489810442 -0.0027163169595409271 -0.0029059926384856502
leaf_weight=92796.046046927571 835.4815279841423 1066.8022977858782 511.95885287225246 979.18315498530865 499.73768033087254 681.43991695344448 586.56578108668327 520.70005959272385 543.04101195931435 2315.4549890309572 558.16086696088314 698.6641439050436 1228.2369414418936 530.21843877434731 1433.8110111355782 941.4754346460104 1412.4008032530546 505.47963860630989 687.29437264800072 2389.8840424865484 870.57817673683167 572.19003586471081 694.83816069364548 508.67676578462124 582.86804522573948 582.22505217790604 2332.8566575348377 591.61370258033276 1727.9834875464439 1231.7573902606964
leaf_count=373516 3370 4283 2055 3940 2005 2737 2354 2093 2179 9310 2244 2804 4960 2132 5766 3798 5664 2030 2771 9611 3514 2300 2810 2050 2347 2335 9376 2388 6954 4944
internal_value=-0.000145267 0.00167364 0.00344154 7.38548e-05 -0.00167012 0.00613677 0.000462005 0.00405701 0.00677312 -0.000243696 -0.00125349 -0.00163685 -0.0011256 0.00137689 -0.00611534 -0.00139804 0.00138584 -0.00139975 -0.00196716 -0.0033316 -0.00105903 0.00216474 -0.00269156 -0.00402618 -0.00595532 -0.000658357 -0.00128576 -0.00287902 -0.00576774 0.000826253
internal_weight=121418 6224.91 4071.8 1814.66 2153.11 2257.14 1653.37 1745.18 1224.48 115193 22396.7 19551 17559 2845.67 1991.97 16860.4 2859.36 1917.88 14001 6847.27 4457.39 2137.61 1267.03 2319.78 1811.1 7153.73 6466.44 4133.58 2319.6 1813.98
internal_count=488640 25016 16374 7310 8642 9064 6637 7009 4916 463624 90108 78666 70656 11442 8010 67852 11492 7694 56360 27592 17981 8624 5110 9357 7307 28768 25997 16621 9342 7279
is_linear=0
shrinkage=0.05


Tree=190
num_leaves=31
num_cat=0
split_feature=11 31 15 41 39 8 39 15 10 28 16 40 22 39 5 39 15 25 39 22 11 39 31 40 18 3 31 17 10 29
split_gain=8.8363 17.7551 14.8977 18.2292 41.3953 18.9033 17.569 16.3269 13.3082 19.3418 16.5325 13.0996 12.5995 11.1995 11.1302 10.9833 19.7761 18.6935 12.4145 14.8196 10.9213 19.5023 12.1969 15.916 14.8565 11.4596 11.7123 25.2154 22.2993 15.9449
threshold=-0.083481710404157625 0.81315773725509655 -6.7399990558624259 -0.87837970256805409 0.90813454985618602 -1.1582919359207151 0.98077592253685009 -6.9172656536102286 0.88248974084854137 -1.3047962188720701 -0.090172290802001939 0.99921953678131115 1.3945097327232363 0.99921953678131115 0.63633564114570629 0.90813454985618602 -7.1668260097503653 0.29948568344116216 0.96477812528610241 1.4389123320579531 -1.6427645683288572 -0.82163912057876576 -0.11649122089147566 0.55556493997573864 1.0937502384185793 -1.4920069575309751 0.29596710205078131 0.10413152351975442 -0.36887216567993159 0.84115281701087963
decision_type=2 2 2 2 2 2 2 2 2 2 2 2 2 2 2 2 2 2 2 2 2 2 2 2 2 2 2 2 2 2
left_child=1 2 3 4 5 -1 -6 -7 11 12 -11 15 -10 -2 -4 20 17 18 -17 -20 21 -5 -23 24 -24 -22 29 -28 -29 -27
right_child=13 -3 14 8 6 7 -8 -9 9 10 -12 -13 -14 -15 -16 16 -18 -19 19 -21 25 22 23 -25 -26 26 27 28 -30 -31
leaf_value=-0.0073450035185356512 -0.00029281232985138887 0.0088926294194908127 0.0063026985693064135 0.0068851064380430205 -0.016093753688911753 0.0013683971330080691 -0.0038204508254152136 -0.0079711206528068467 -0.001833474210409927 -0.0019652482761424875 -0.011969223183657547 0.0086618337699845508 0.0080198897510516381 -0.0061795105820765606 -0.0017777323555668474 0.005294600543571653 -0.0050517076211623532 0.0063632868027033015 -0.0096642058364867049 0.0023211742936715455 0.0042396997429103786 -0.0067990008930971088 -0.0099675994618553636 0.0044009163418174116 0.00082199972544899831 0.00073891843881745576 0.00029393560433827842 -0.014391150390991529 -0.0011872452947664872 0.0079884550939923957
leaf_weight=858.96885308623314 66514.160847455263 612.0802638977766 1732.1300332546234 529.92184196412563 643.14755116403103 5364.6292365044355 541.20571321249008 502.61489225924015 853.4599102884531 1011.7637313008308 693.54857674241066 521.82076801359653 510.63632491230965 807.93970742821693 559.19358867406845 611.85450810194016 677.9411736279726 3014.7551975250244 503.62642683088779 511.78556241095066 2186.8415255248547 1466.1443065702915 608.78779646754265 847.57416611909866 655.7187115997076 21764.519630327821 4174.6862964630127 623.90741963684559 649.20177412033081 776.04943902790546
leaf_count=3474 267693 2465 6989 2134 2584 21588 2175 2020 3426 4071 2799 2103 2053 3248 2248 2462 2724 12099 2024 2065 8867 5916 2447 3414 2639 87538 16790 2505 2608 3115
internal_value=1.77942e-05 0.00049414 0.000396222 0.000218968 -0.00198616 -0.000462288 -0.0105643 0.00055613 0.000623177 -0.00254485 -0.00607991 0.000866092 0.00188656 -0.000364366 0.00433153 0.000761213 0.0028728 0.00403851 -0.000281057 -0.00365964 0.000432802 -0.00198278 -0.00331161 -0.000870135 -0.00441003 0.000762214 0.000489088 -0.00158952 -0.00771976 0.000991945
internal_weight=121331 54008.5 53396.4 51105.1 7910.57 6726.21 1184.35 5867.24 43194.5 3069.41 1705.31 40125.1 1364.1 67322.1 2291.32 39603.3 5319.96 4642.02 1627.27 1015.41 34283.4 4108.15 3578.22 2112.08 1264.51 30175.2 27988.4 5447.8 1273.11 22540.6
internal_count=488283 217342 214877 205640 31841 27082 4759 23608 173799 12349 6870 161450 5479 270941 9237 159347 21374 18650 6551 4089 137973 16550 14416 8500 5086 121423 112556 21903 5113 90653
is_linear=0
shrinkage=0.05


Tree=191
num_leaves=31
num_cat=0
split_feature=24 39 23 22 9 22 10 21 39 25 16 15 11 41 6 9 24 13 20 15 22 8 13 31 8 7 24 39 16 13
split_gain=8.11347 18.2004 18.6127 24.0331 14.2304 21.2778 19.2245 15.8853 15.0474 13.7824 13.6883 13.565 16.1883 18.9938 16.0392 15.3138 16.7376 28.9633 19.7783 15.2097 26.1409 14.7195 14.4814 13.1658 24.0138 12.9349 17.6972 18.6472 12.8463 12.3072
threshold=1.3451486825942995 0.97336998581886303 0.34618872404098516 1.3066227436065676 -0.33401194214820856 1.5196732878685 0.85332509875297557 0.45961824059486395 -0.91530275344848622 0.84107640385627758 -0.46182210743427271 -7.1200420856475821 -0.7275390326976775 -0.60785761475563038 -0.10513096675276755 0.64840158820152294 1.1357269883155825 -7.5684335231780997 1.5089452266693117 -6.8446984291076651 1.1674960255622866 0.57884064316749584 -7.9658896923065177 -0.23573994636535642 -0.067163880914449678 -0.95837607979774464 1.1689029932022097 0.38670727610588079 0.16015932708978656 -6.7382783889770499
decision_type=2 2 2 2 2 2 2 2 2 2 2 2 2 2 2 2 2 2 2 2 2 2 2 2 2 2 2 2 2 2
left_child=1 4 -3 -4 25 10 7 -7 -9 -8 -6 12 13 -12 -15 16 18 21 -14 20 -13 22 -18 -20 -25 26 27 -1 -17 -27
right_child=-2 2 3 -5 5 6 9 8 -10 -11 11 19 15 14 -16 28 17 -19 23 -21 -22 -23 -24 24 -26 29 -28 -29 -30 -31
leaf_value=0.005306151953716619 0.00019927980824922554 -0.0024809263977079317 0.012312557751776003 0.00044796982692971166 -0.0060632042998497266 0.0021104641736584876 0.0096190353689559541 -0.010321854673872947 -0.0013493340647592823 -0.0006448816704947496 -0.0010839061479421641 0.012856319657404186 -0.0040152405112754089 -0.016362561070093311 -0.0053427180126321382 -0.0029570583544288312 -0.0017611020297974942 -0.0059909022956477417 -0.0053537071524608019 -0.0039675449290552198 -0.00055150907282427281 0.011265368287841545 0.0069161926787243977 0.012327417062334133 -0.00048566844900775255 0.0021799720634018533 -0.0059023198160002392 -0.0063077859026385331 -0.012069813404189089 -0.0048684937608208462
leaf_weight=1069.9309943467379 77682.723524853587 876.94238877296448 855.25176113843918 843.8803752809763 2295.5275240838528 3478.8506706804037 873.57611787319183 510.74411530792713 4601.9708772599697 517.39493887126446 1013.0890544205904 571.32097814977169 5428.7050663530827 580.72333024442196 783.16250696778297 1100.4220134615898 1009.391047924757 873.85001716017723 499.58540233969688 804.41657462716103 968.26477912068367 604.35559402406216 902.69747084379196 543.02864176034927 1077.2692989856005 7682.3537731021643 1561.1405691355467 498.69158425927162 594.33389411866665 664.15788625180721
leaf_count=4342 312748 3526 3432 3392 9219 13995 3511 2055 18519 2098 4072 2292 21787 2330 3140 4434 4054 3507 2008 3230 3887 2432 3622 2179 4326 30885 6335 2017 2396 2668
internal_value=-0.000107287 -0.00065236 0.00341658 0.00645706 -0.000908107 -0.0014869 0.000392693 -0.000492357 -0.00226406 0.00582385 -0.00244147 -0.0019592 -0.00251146 -0.00628927 -0.0101198 -0.00179626 -0.00110819 0.00180662 -0.00241798 0.00157302 0.00447483 0.00452734 0.00235012 0.00167201 0.0038578 0.000586367 -0.00215042 0.00159732 -0.00620486 0.00161395
internal_weight=121368 43685 2576.07 1699.13 41109 29632.7 9982.54 8591.57 5112.71 1390.97 19650.1 17354.6 15010.6 2376.97 1363.89 12633.6 10938.9 3390.29 7548.59 2344 1539.59 2516.44 1912.09 2119.88 1620.3 11476.3 3129.76 1568.62 1694.76 8346.51
internal_count=488438 175690 10350 6824 165340 119093 40178 34569 20574 5609 78915 69696 60287 9542 5470 50745 43915 13615 30300 9409 6179 10108 7676 8513 6505 46247 12694 6359 6830 33553
is_linear=0
shrinkage=0.05


Tree=192
num_leaves=31
num_cat=0
split_feature=23 13 7 14 40 39 42 34 34 28 9 9 7 34 22 11 14 22 22 34 13 4 39 9 39 19 24 24 14 22
split_gain=10.0225 14.7716 11.4657 18.7439 15.019 14.5432 11.6171 19.5018 19.4354 11.8609 12.0948 19.0192 15.1801 17.0232 11.943 11.3912 10.7843 14.3773 14.3231 20.113 14.0307 14.345 10.438 13.5781 19.1119 13.8409 13.555 12.6865 11.5082 13.237
threshold=0.22020179778337481 -9.4034318923950178 -0.14028401672840116 -7.6070744991302481 0.90444654226303112 -0.21217565238475797 1.0000000180025095e-35 -0.40201655030250544 0.052468229085206992 1.3226000666618349 1.0164459347724917 -0.50223919749259938 -0.51061293482780445 -0.45233958959579462 1.2805051207542422 -0.63214018940925587 -6.7701494693756095 1.1009513735771181 1.5382450819015505 0.40311597287654882 -6.7162702083587638 0.19417334347963336 -0.98244103789329518 0.36211083829402929 -0.94116705656051625 0.15688747167587283 1.6322573423385622 2.721868753433228 -8.152214050292967 1.6479716300964358
decision_type=2 2 2 2 2 2 2 2 2 2 2 2 2 2 2 2 2 2 2 2 2 2 2 2 2 2 2 2 2 2
left_child=22 -2 3 -3 6 -6 9 -8 15 10 11 12 13 -5 -14 -9 20 -18 -19 -20 -4 -22 26 24 -24 -25 -1 28 29 -26
right_child=1 2 16 4 5 -7 7 8 -10 -11 -12 -13 14 -15 -16 -17 17 18 19 -21 21 -23 23 25 27 -27 -28 -29 -30 -31
leaf_value=0.0025340964337110441 0.0070032266560391332 -0.0023843390798595665 0.00014470454595779002 -0.0030587333942541442 0.011415789333083055 0.0016357491726177037 -0.0057734844722246281 -0.0002347147175018655 -0.0040654112342093651 0.0057399250396420335 0.0041761368808596417 -0.0050445606479082306 -0.0081464686087466247 0.0070138125779377006 0.0013650621792102376 0.0080885454476281489 -0.010332461088052003 0.0021869165428709991 -0.010857361183978245 0.00060748417319895533 0.010722399263394881 6.3979953045465156e-05 0.0072039808740533232 0.00060918944128939142 0.00018376227563888253 0.0055754359928698776 -0.0071057148579432615 0.006571409830095961 -0.00074837175468457379 0.0060520673098692912
leaf_weight=609.50525665283203 695.45997163653374 14141.923714950681 60856.451123833656 662.05783848464489 514.94952471554279 1393.5984145849943 648.61562405526638 548.26845580339432 607.06337511539459 519.82831381261349 708.3532539755106 3735.0217784047127 711.23220129311085 1113.5065155029297 603.86211113631725 1626.2350948899984 502.19117791950703 1504.616808488965 697.81408044695854 830.27286344766617 630.50152587890625 622.73989197611809 1004.8325085043907 2612.9949999451637 2792.6113702356815 3026.5110495835543 882.935680732131 734.07391081750393 14668.329218104482 1455.64481754601
leaf_count=2470 2798 56784 244754 2668 2072 5613 2615 2202 2435 2089 2844 14979 2857 4476 2426 6525 2016 6041 2801 3340 2530 2498 4065 10513 11268 12170 3567 2967 59334 5917
internal_value=4.21604e-05 -0.00020476 -0.000259304 -0.00111549 0.000225125 0.00432027 -0.000458619 0.00197449 0.0037954 -0.00149606 -0.00200227 -0.00264862 0.000253779 0.00326195 -0.00380164 0.00599849 9.9939e-05 -0.00258242 -0.00126933 -0.00466459 0.000252993 0.00546863 0.000876106 0.00110734 0.000512971 0.00327954 -0.0031782 0.000167337 -8.45188e-05 0.002204
internal_weight=121662 93874.6 93179.1 27534.5 13392.6 1908.55 11484 3430.18 2781.57 8053.86 7534.03 6825.68 3090.66 1775.56 1315.09 2174.5 65644.6 3534.89 3032.7 1528.09 62109.7 1253.24 27787.4 26295 20655.5 5639.51 1492.44 19650.7 18916.6 4248.26
internal_count=489634 377363 374565 110585 53801 7685 46116 13777 11162 32339 30250 27406 12427 7144 5283 8727 263980 14198 12182 6141 249782 5028 112271 106234 83551 22683 6037 79486 76519 17185
is_linear=0
shrinkage=0.05


Tree=193
num_leaves=31
num_cat=0
split_feature=12 3 0 14 1 10 34 40 13 26 30 14 16 5 15 23 26 40 14 7 10 15 39 34 39 13 30 37 34 22
split_gain=6.16483 15.1273 14.6405 13.2527 12.5253 11.2772 11.0906 10.8383 10.372 10.8547 10.6687 14.0949 11.6529 13.6917 11.5902 14.1148 11.754 12.9896 10.9021 10.6559 10.6042 15.6924 15.5158 15.9603 13.0786 10.3124 10.2203 9.96272 9.86522 9.83411
threshold=-7.8687379360198966 -1.4208641648292539 1.0000000180025095e-35 -7.7987866401672354 -0.66658663749694813 0.47198970615863806 -0.36332298815250391 0.93512630462646495 -8.0553612709045392 0.72480350732803356 0.28494231402873998 -7.6124315261840811 -0.19919788837432859 0.43388865888118749 -7.7301111221313468 0.049226848408579833 -3.2218014001846309 0.76322519779205333 -7.6278932094573966 -0.076265659183263765 1.0432421565055849 -7.6436731815338126 -0.79068204760551442 -0.0086973221041262132 -0.11753627657890318 -7.8991911411285392 0.50826996564865123 -0.26664161682128901 -0.64494773745536793 1.6425682306289675
decision_type=2 2 2 2 2 2 2 2 2 2 2 2 2 2 2 2 2 2 2 2 2 2 2 2 2 2 2 2 2 2
left_child=1 6 8 4 25 -4 28 -7 9 20 12 26 13 14 -10 -16 -17 18 -18 -20 22 24 23 -3 -22 -2 -12 -14 -1 -6
right_child=3 2 5 -5 29 7 -8 -9 10 -11 11 -13 27 -15 15 16 17 -19 19 -21 21 -23 -24 -25 -26 -27 -28 -29 -30 -31
leaf_value=0.0048216542438959112 0.0047750101007780982 -0.00078272743830587542 0.00020968900662802784 -0.00016981256527370925 -0.0018410965811612419 0.003205749623272284 0.0064252107950937085 -0.0025257634707342592 -0.0072705929524927498 0.0040659502171331479 0.0063065546324828003 0.010200189194861929 0.0085085976541416208 0.0027730922636653478 0.0061860441969011221 0.0047723076192597927 0.0018305918190667956 -0.0083537532040989307 -0.0096988098552248901 -0.00081327394281550741 -0.0013612996168218625 0.0017877915602246418 -0.00059820528512297859 -0.010179083795019117 -0.010582783624363379 -0.0018581331814643506 -0.0025529014367199985 0.00092586739370237509 -0.0030842883743501248 -0.0058688238181202682
leaf_weight=722.0471021682024 969.76911056041718 892.84096212685108 15664.345915913582 57265.284122779965 3911.1947053223848 6949.443983450532 1656.575143918395 928.2305094897747 981.9421085268259 835.15435230731964 531.45255337655544 593.07960271835327 583.17413830757141 1676.7483444809914 543.82391731441021 502.58078806102276 1261.6611130237579 937.28541843593121 576.92344261705875 798.46737860143185 593.76936423778534 639.62392236292362 12393.662840202451 908.86980557441711 1098.391424626112 1448.6764172315598 807.08145396411419 1617.1063098609447 846.19416403770447 2479.2775326669216
leaf_count=2950 3920 3603 62974 230501 15728 27946 6653 3751 3944 3363 2136 2383 2345 6742 2191 2018 5062 3771 2316 3204 2395 2575 49858 3654 4426 5846 3243 6504 3417 10025
internal_value=-0.000121358 0.0002669 6.17174e-05 -0.000447709 -0.00225203 0.000986209 0.00358506 0.00252806 -0.000694763 -0.00146405 0.000475958 0.00385262 -0.000215415 -0.00117949 -0.00236523 -0.00130936 -0.00232186 -0.00332989 -0.00151945 -0.00458352 -0.00174578 -0.00486398 -0.00123051 -0.00555272 -0.00737403 0.000810392 0.000985345 0.00296504 0.00056324 -0.00341044
internal_weight=121615 55540.5 52315.7 66074.2 8808.92 23542 3224.82 7877.67 28773.6 17362.3 11411.3 1931.61 9479.71 7279.43 5602.68 4620.74 4076.92 3574.34 2637.05 1375.39 16527.2 2331.78 14195.4 1801.71 1692.16 2418.45 1338.53 2200.28 1568.24 6390.47
internal_count=489444 223424 210404 266020 35519 94671 13020 31697 115733 69874 45859 7762 38097 29248 22506 18562 16371 14353 10582 5520 66511 9396 57115 7257 6821 9766 5379 8849 6367 25753
is_linear=0
shrinkage=0.05


Tree=194
num_leaves=31
num_cat=0
split_feature=0 14 11 26 30 6 13 40 30 30 13 42 29 29 27 16 39 39 7 39 20 15 39 39 14 6 14 14 16 14
split_gain=9.58365 10.8735 10.5757 20.2573 18.4566 13.4786 16.9016 15.5962 13.2796 12.0828 10.4403 10.0725 21.2535 13.0114 12.8695 16.8162 9.82824 11.5891 10.8685 12.4878 11.2965 9.59684 24.0641 25.172 20.3842 19.9488 17.0391 14.9201 14.2831 13.8538
threshold=-0.98626691102981556 -7.9847378730773917 -0.74131622910499562 -1.6000866889953611 -0.65662771463394154 0.22152999788522723 -7.9225959777832022 0.18652226030826571 -1.9849040508270261 -1.6145879626274107 -8.0622825622558576 0.81174489855766307 -0.096576359122991548 0.47871905565261846 0.82935500144958507 0.33532708883285528 -0.98554667830467213 -0.58424410223960865 0.17897774279117587 0.03053822182118893 1.7473714947700503 -7.9100079536437979 -0.27143786847591395 -0.73431551456451405 -7.665700912475585 -0.25498491525650019 -8.1175689697265607 -8.6757888793945295 0.41664776206016546 -8.1175689697265607
decision_type=2 2 2 2 2 2 2 2 2 2 2 2 2 2 2 2 2 2 2 2 2 2 2 2 2 2 2 2 2 2
left_child=1 -1 3 4 8 6 -6 -8 10 -10 -2 13 -13 14 15 16 -5 -18 20 -20 -19 22 23 25 26 -4 28 -25 -24 -23
right_child=2 -3 21 11 5 -7 7 -9 9 -11 -12 12 -14 -15 -16 -17 17 18 19 -21 -22 29 24 27 -26 -27 -28 -29 -30 -31
leaf_value=0.0012083978159645036 0.011083715246072169 -0.001735437741923408 0.0032102082446131708 -0.0065059959370420088 0.0110735362704351 0.010868635805718778 -0.0056471836130447322 0.0063872817569074446 -0.0044429417513879698 0.0017779440796345282 0.0012322218013868379 -0.011934215849057501 0.0025611797408100017 -0.0027176038347117844 0.006882873296314717 0.0067833977783318513 0.0035770046634675465 0.0024102481744440562 -0.0096812120797212763 -0.0010391963346424329 -0.0039289585586882898 0.0026159575125350417 -0.0040908719247503443 0.011634211470259637 -0.012299852714676113 -0.003776230832378383 0.0014764425427677263 0.0028502323542020586 0.0038600001433109947 0.0001081145343549811
leaf_weight=4216.547893434763 580.70814324915409 12172.2473859936 1568.8515819907188 535.95328095555305 504.1746091991663 1103.59386305511 561.0388665497303 499.35920716822147 983.30255509912968 3635.4351266026497 498.84016917645931 495.92819504439831 499.77136391401291 2522.8682202249765 923.26752777397633 1009.4218107610941 2120.0669738650322 2797.9714416712523 604.52126429975033 1316.2118467241526 927.68015736341476 6058.9440976381302 6195.1843685656786 585.675248041749 505.8850384503603 2888.5494087338448 2464.5104793608189 2630.17596770823 613.58810958266258 59476.878396227956
leaf_count=17011 2336 49066 6331 2154 2031 4434 2255 2014 3953 14618 2005 2005 2012 10153 3711 4078 8536 11257 2431 5285 3752 24398 24924 2360 2031 11622 9910 10590 2474 239241
internal_value=0.000146468 -0.000977766 0.000321838 0.00129303 0.00323145 0.00665591 0.00363425 2.67746e-05 0.00161913 0.000446816 0.0065846 0.000112377 -0.00470542 0.000491775 0.00128474 0.000722898 -2.1223e-05 0.000434074 -0.00075025 -0.00379519 0.000825506 6.2848e-05 -0.000978743 0.00111648 -0.00262223 -0.00131556 -0.0020816 0.00448109 -0.00336975 0.000340334
internal_weight=121497 16388.8 105108 22120.1 8366.45 2668.17 1564.57 1060.4 5698.29 4618.74 1079.55 13753.7 995.7 12758 10235.1 9311.83 8302.4 7766.45 5646.38 1920.73 3725.65 82988.2 17452.4 7673.25 9779.17 4457.4 9273.28 3215.85 6808.77 65535.8
internal_count=488978 66077 422901 89020 33646 10734 6300 4269 22912 18571 4341 55374 4017 51357 41204 37493 33415 31261 22725 7716 15009 333881 70242 30903 39339 17953 37308 12950 27398 263639
is_linear=0
shrinkage=0.05


Tree=195
num_leaves=31
num_cat=0
split_feature=15 15 33 30 39 9 41 8 9 15 24 23 42 8 31 24 39 15 17 30 10 4 1 11 15 9 15 15 24 17
split_gain=12.3802 24.0455 22.4128 16.227 14.6037 23.2741 18.6852 38.0768 18.2074 17.7681 14.3632 19.5961 17.9024 14.3315 14.2895 14.1587 13.6136 14.7769 13.374 12.9914 12.9153 17.8188 16.674 12.9831 18.4184 12.7946 25.4484 21.9453 12.6639 15.3974
threshold=-7.7501881122589102 -7.7079954147338858 0.18812462687492373 -0.68626967072486866 -0.047977671027183526 -1.2999744415283201 0.6078576147556306 0.49539783596992498 0.4334677010774613 -7.7669239044189444 1.1082729101181032 0.20021325349807742 1.0000000180025095e-35 1.669009327888489 0.23776239156723025 1.1798435449600222 0.99655601382255565 -8.6279382705688459 -0.039734482765197747 0.018728400580585006 0.75864329934120189 1.4619666934013369 -0.27700255811214441 0.49782556295394903 -8.056755065917967 -0.93606162071228016 -7.9565391540527335 -8.11688184738159 1.3644775748252871 -0.31158180534839625
decision_type=2 2 2 2 2 2 2 2 2 2 2 2 2 2 2 2 2 2 2 2 2 2 2 2 2 2 2 2 2 2
left_child=4 2 3 -2 5 -1 10 14 -9 13 11 -6 -13 20 25 -12 17 -17 -14 -5 21 -7 -22 -24 -25 -8 27 -27 29 -19
right_child=1 -3 -4 19 6 9 7 8 -10 -11 15 12 18 -15 -16 16 -18 28 -20 -21 22 -23 23 24 -26 26 -28 -29 -30 -31
leaf_value=-0.0061038297315912284 -0.011949904295098469 -7.1004599598457825e-05 0.0013677368180995005 0.00042948935041736225 0.0059804919994158254 0.0020268428371609973 0.0012280169217847665 -0.0036509030519378699 0.0080359737519315032 0.010439494509016227 0.0082123734108351457 0.002674214402214165 -0.012729977262683077 -0.0062826397914912324 -0.01223413291209751 -0.0049105224145057271 -0.0066166244538084732 0.003939625782494567 -0.0024802553047126629 -0.0077097380444923983 -0.00022444839240284657 -0.0061594526162476277 0.013333853905215565 -0.0012866201925259926 0.01078952183695649 -0.0031316996974556327 0.00044847691294629496 -0.016742219952479893 0.0032871209489874981 -0.0055850599010703337
leaf_weight=851.73525950312614 904.20556788146496 82587.738554760814 1347.3100636899471 932.09791131317616 504.72732324898243 11401.932119399309 829.27296684682369 500.1152556091547 961.23189422488213 639.25194618105888 760.44043709337711 525.62168976664543 716.84772339463234 496.9698034375906 642.01211547851562 779.34054143726826 521.4972969442606 728.66506566107273 576.6448310315609 1021.9309508055449 932.51856707036495 696.24773721396923 696.62207134068012 625.03010882437229 624.17605021595955 534.91667419672012 864.15696823596954 669.34996736049652 6359.104938685894 988.49457615613937
leaf_count=3445 3635 332384 5422 3750 2032 45909 3331 2009 3863 2571 3059 2112 2883 2010 2576 3138 2098 2932 2319 4109 3754 2806 2806 2520 2514 2149 3468 2688 25597 3980
internal_value=5.92189e-05 -0.000259026 -0.00394244 -0.00644158 0.000861385 0.00190573 -0.000153691 -0.00273237 0.00403876 0.00233265 0.000882555 -0.00265532 -0.00507099 0.00199121 -0.00553129 0.00169536 0.00115868 0.00162351 -0.00821469 -0.0038448 0.00226977 0.00155103 0.00527494 0.00789814 0.00478509 -0.00400924 -0.00610477 -0.0107722 0.00225932 -0.00154392
internal_weight=121220 86793.3 4205.54 2858.23 34426.9 16964.5 17462.4 5001.06 1461.35 16112.7 12461.4 2323.84 1819.11 15473.5 3539.71 10137.5 9377.1 8855.61 1293.49 1954.03 14976.5 12098.2 2878.35 1945.83 1249.21 2897.7 2068.42 1204.27 8076.26 1717.16
internal_count=487869 349300 16916 11494 138569 68335 70234 20084 5872 64890 50150 9346 7314 62319 14212 40804 37745 35647 5202 7859 60309 48715 11594 7840 5034 11636 8305 4837 32509 6912
is_linear=0
shrinkage=0.05


Tree=196
num_leaves=31
num_cat=0
split_feature=9 37 24 41 14 14 30 31 20 3 10 11 35 14 34 31 34 10 20 6 17 17 34 14 31 8 14 6 8 5
split_gain=10.9339 15.5931 17.247 15.2979 14.2321 19.0602 17.1596 12.6167 10.5345 13.7757 10.0172 16.7277 10.9443 18.3861 16.1557 10.7899 8.87381 8.75381 8.51143 8.11618 7.71086 7.40239 6.68652 13.4212 9.35683 11.4109 13.1182 13.1785 11.7525 16.9969
threshold=1.0846456885337832 0.048962559551000602 2.6207835674285893 1.0000000180025095e-35 -7.2207667827606192 -8.0924882888793928 -0.62780061364173878 0.048140577971935279 1.5645207166671755 0.95291429758071911 1.8492866754531863 1.2355934381484988 0.33893251419067388 -7.9460651874542227 0.18602062761783603 0.43263177573680883 0.95072230696678173 1.4629507660865786 1.4258397221565249 0.50436308979988109 0.0052105940412729987 -0.4182897806167602 0.82186436653137218 -7.5522439479827872 0.30132411420345312 1.0537664294242861 -8.1605420112609846 0.57753205299377453 -0.029798655770719048 -0.12417247891426085
decision_type=2 2 2 2 2 2 2 2 2 2 2 2 2 2 2 2 2 2 2 2 2 2 2 2 2 2 2 2 2 2
left_child=22 2 10 4 5 6 -3 17 9 19 11 12 -2 -14 -15 18 -10 -4 -16 -5 21 -7 24 -24 -1 28 -27 -28 -26 -30
right_child=1 3 7 8 -6 20 -8 -9 16 -11 -12 -13 13 14 15 -17 -18 -19 -20 -21 -22 -23 23 -25 25 26 27 -29 29 -31
leaf_value=8.230316566453156e-05 -0.0081639934362477944 -0.0045324229655883067 0.0094204431581404423 0.0095956891944534491 0.0035401245037046565 -0.0074763328131306735 0.0080818079952745293 -0.0030623923916936954 -0.0034538635919868842 -0.0017984189899694716 0.0022512309516523371 -0.011663130399777615 0.0046900657667401915 0.0035936883268309996 -0.0056509724639989458 -0.00053649618479907223 0.0045816187403842617 0.00043535197002036628 -0.013861306659282667 0.0027118898978021862 -0.010856812143650469 -0.00070773777795904013 -0.0067813909058277444 0.002545796000803709 -0.00014436840837224108 -0.008116548447578054 -0.0035991626013058687 0.0033448490855501529 0.0050829227176860644 0.0012049742272202913
leaf_weight=83169.574724301696 1015.9657901525497 498.55943495035172 523.44672507047653 1076.2397049069405 983.91612389683723 807.29194270074368 565.13325934112072 930.01412676274776 979.56425002217293 611.32191014289856 534.61999905109406 768.00021968781948 733.49605883657932 510.91524195671082 892.47368471324444 573.45276632905006 516.47765406966209 553.21771062910557 502.25042840838432 724.10711058974266 581.36543872952461 803.24209780991077 927.16893833875656 648.28476344048977 5515.1518356502056 590.25495392084122 1290.3093837201595 1429.8289731442928 4476.3676900416613 7656.6717637777328
leaf_count=334659 4080 2014 2104 4322 3970 3266 2284 3740 3943 2460 2153 3101 2961 2050 3594 2316 2083 2228 2024 2916 2354 3254 3777 2627 22158 2384 5190 5775 17975 30791
internal_value=8.84269e-05 -0.00114303 -0.00278043 0.000373459 -0.0017048 -0.00329592 0.00218229 0.00118601 0.00262677 0.00466482 -0.00421898 -0.00491439 -0.00366405 -0.00222004 -0.00427518 -0.00632569 -0.000667777 0.00485017 -0.0086852 0.00685727 -0.00595225 -0.00412574 0.00027125 -0.00295149 0.000320289 0.00126419 -0.00142634 4.98091e-05 0.0017694 0.00263871
internal_weight=121389 15685.1 7537.85 8147.22 4239.51 3255.59 1063.69 2006.68 3907.71 2411.67 5531.17 4996.55 4228.55 3212.59 2479.09 1968.18 1496.04 1076.66 1394.72 1800.35 2191.9 1610.53 105704 1575.45 104128 20958.6 3310.39 2720.14 17648.2 12133
internal_count=488553 63217 30351 32866 17142 13172 4298 8072 15724 9698 22279 20126 17025 12945 9984 7934 6026 4332 5618 7238 8874 6520 425336 6404 418932 84273 13349 10965 70924 48766
is_linear=0
shrinkage=0.05


Tree=197
num_leaves=31
num_cat=0
split_feature=1 19 6 14 10 27 9 22 21 14 4 6 6 41 41 10 40 20 29 19 37 25 24 13 6 40 31 4 9 22
split_gain=8.08492 10.1901 15.1426 12.9835 12.5994 15.9805 14.5894 17.8785 12.9016 10.3887 15.8794 19.5248 14.1786 28.2079 15.1346 14.0757 19.0721 13.5292 16.2962 16.9301 15.6631 13.8347 12.6233 15.9057 36.0238 15.2665 15.1691 15.148 12.5067 12.3234
threshold=1.8317700028419497 0.97894084453582775 1.2782956361770632 -7.9460651874542227 -0.40009714663028711 -0.36695869266986841 -0.14962826669216153 1.2805051207542422 0.99999094009399425 -7.8091704845428458 -0.14132268726825711 0.80182680487632763 -0.882318615913391 -0.87837970256805409 -0.60785761475563038 -0.74629700183868397 -0.074107784777879701 1.9645739793777468 0.50245982408523571 0.098283689469099059 -0.028571084141731259 0.71998563408851635 1.2398744821548464 -7.2189114093780509 0.57753205299377453 -0.75755777955055226 -0.24051880091428754 0.04165391996502877 -0.20446218550205228 1.2289870977401736
decision_type=2 2 2 2 2 2 2 2 2 2 2 2 2 2 2 2 2 2 2 2 2 2 2 2 2 2 2 2 2 2
left_child=1 9 3 4 -3 -6 8 -8 -7 10 11 12 13 -1 -15 16 -14 18 20 -20 21 -17 23 24 25 26 -11 -26 -27 -28
right_child=-2 2 -4 -5 5 6 7 -9 -10 22 -12 -13 15 14 -16 17 -18 -19 19 -21 -22 -23 -24 -25 27 28 29 -29 -30 -31
leaf_value=-0.00801697364842144 -0.0021576214625890432 0.0075825116378018089 -0.0028629213542484969 0.00052109074904928341 -0.0058083948461107177 0.0035248604019942893 0.0010633210547105743 0.0094670931996199605 -0.0072038771019966447 0.003382975472703473 -0.0019363099846818081 0.0062439334091931751 -0.0097830384026613582 0.0075401030561313663 0.0013714830506217591 0.0010795273197056897 0.00013129784951522555 -0.0067492964403758132 0.0013034695051962599 -0.010662549482205358 -0.0021693999119863278 0.0072474126359709581 -0.00019898087540432108 -0.00033800129502078487 0.016213832321793475 0.0058225971169135688 -0.00033481761651166318 0.0061231946714371769 0.00052748776262373065 -0.010443347842893257
leaf_weight=645.78249783813953 4514.9624224156141 1455.0525382012129 2054.2708760052919 8868.2168074548244 535.466653034091 602.27990929782391 1213.6167382895947 1319.0808458477259 507.24114808440208 672.6133838891983 17768.079303279519 1217.3754025697708 1028.192986369133 1341.7036297768354 3784.9237620681524 4030.3490273952484 909.99852864444256 787.51063239574432 524.63202019035816 661.34054028987885 2778.741285264492 1165.806803509593 48710.006241291761 6787.0434804111719 527.88434901833534 1899.9695323556662 545.53154070675373 1285.457403421402 2685.0961156785488 665.92007301747799
leaf_count=2613 18198 5854 8303 35635 2153 2422 4876 5306 2036 2709 71502 4894 4131 5493 15295 16193 3662 3166 2107 2656 11165 4686 196069 27273 2118 7658 2187 5169 10783 2673
internal_value=-8.38587e-05 -3.64161e-06 0.00114533 0.00171474 0.00358978 0.00218436 0.00337211 0.0054602 -0.00140055 -0.000193149 -0.000863947 0.000145947 -0.000277733 0.00175347 0.00299743 -0.00126478 -0.00515139 -0.000503157 4.05636e-05 -0.00540257 0.000855782 0.00247461 0.000192332 0.00145649 0.00292561 0.00117408 -0.00260583 0.00913351 0.00272958 -0.00593136
internal_weight=121494 116979 16555.2 14501 5632.74 4177.69 3642.22 2532.7 1109.52 100424 36644.4 18876.4 17659 5772.41 5126.63 11886.6 1938.19 9948.38 9160.87 1185.97 7974.9 5196.16 63779.5 15069.5 8282.47 6469.13 1884.06 1813.34 4585.07 1211.45
internal_count=488985 470787 66585 58282 22647 16793 14640 10182 4458 404202 147563 76061 71167 23401 20788 47766 7793 39973 36807 4763 32044 20879 256639 60570 33297 26010 7569 7287 18441 4860
is_linear=0
shrinkage=0.05


Tree=198
num_leaves=31
num_cat=0
split_feature=31 2 25 41 29 16 25 23 11 2 29 2 32 31 9 25 15 25 11 32 5 12 27 27 27 6 28 6 11 11
split_gain=9.86344 8.67331 9.65187 7.9646 7.65347 12.795 12.6178 18.1945 17.0723 13.6704 13.1424 12.721 11.5224 19.4398 14.7534 12.0555 12.904 10.5087 11.2238 12.3444 10.2023 10.0348 13.4309 12.2475 10.0117 13.1409 9.88723 9.63251 17.4922 12.8272
threshold=0.87835419178009044 1.8694105148315432 0.8912121355533601 -1.0000000180025095e-35 0.14800265431404117 -0.086183473467826829 0.60481852293014537 0.51418155431747448 -1.7372532486915586 1.2409948706626894 0.38086432218551641 -0.57417023181915272 0.23862787336111072 0.085501715540885939 1.4183568954467776 0.64081397652626049 -7.6737728118896475 0.27327968180179601 0.89613285660743724 0.17269746214151385 0.43388865888118749 -7.5198819637298575 -0.0093596572987735254 0.31101153790950781 0.078809056431055083 0.11117367818951608 1.4557309746742251 0.28792254626750952 -0.10346616804599761 0.36726868152618414
decision_type=2 2 2 2 2 2 2 2 2 2 2 2 2 2 2 2 2 2 2 2 2 2 2 2 2 2 2 2 2 2
left_child=1 4 3 -3 -1 6 10 -8 -9 11 24 -10 13 15 17 16 -7 -15 19 21 -14 22 -19 -23 -6 -26 -22 28 -12 -29
right_child=-2 2 -4 -5 5 12 7 8 9 -11 27 -13 20 14 -16 -17 -18 18 -20 -21 26 23 -24 -25 25 -27 -28 29 -30 -31
leaf_value=0.0003057213811200999 0.0068746402724699065 -0.0073324694472389623 0.00091001932892602582 -0.0017812647793082781 0.0018026651659441126 -0.0077714154867309987 -0.0047172603672913692 0.0069646576179537237 0.0033472523624157218 0.0048997333101551176 0.00059441519431760448 -0.0019672472726645087 0.0045513428585430751 -0.006322281177894404 -0.0089562906597871351 -0.010030998418517038 -0.0014410832819864246 0.00066372090548796783 -0.0037892037347961763 -0.0055419126857694243 -0.0013892051420526499 0.0028109282049183218 0.0087770296636088627 -0.0052932476071516008 0.00050765201957649346 -0.0062197989127549726 0.0052122246961271122 0.0026793566641665598 0.0069077503518822324 -0.0030964800414462262
leaf_weight=70998.206870004535 499.1512536406517 1120.3251383751631 1457.2546852082014 1529.0901473164558 2130.9099999964237 1246.5995941907167 2540.0501714497805 798.76076810061932 1306.916218817234 1011.7588296830654 2008.0758756101131 7781.0242796838284 1051.3334812819958 625.05809965729713 511.46808950603008 960.74564749002457 2256.8944744765759 961.11017224192619 1223.7743615806103 529.07095266878605 5766.5544999241829 1350.8983306735754 1081.2552850246429 699.11560779809952 1518.442418128252 1378.2532593905926 619.11640463769436 2818.9576981812716 2414.0583140552044 1446.3651545792818
leaf_count=285848 2016 4506 5906 6144 8557 5007 10200 3214 5255 4082 8073 31353 4226 2515 2065 3861 9069 3861 4925 2130 23267 5424 4345 2808 6098 5531 2490 11311 9691 5807
internal_value=-7.00195e-05 -9.91994e-05 -0.00235491 -0.00414738 -1.98538e-05 -0.000521917 0.000173253 -0.000915267 -2.56436e-05 -0.000584832 0.00123971 -0.00120014 -0.00152113 -0.00251601 -0.000865814 -0.00508911 -0.00370923 -0.000213437 0.000449493 0.00157767 1.1383e-05 0.00250937 0.00498085 3.48847e-05 -0.000793908 -0.00270367 -0.000742021 0.00241617 0.0040487 0.000718117
internal_weight=121641 121141 4106.67 2649.42 117035 46036.6 27153.6 13438.5 10898.5 10099.7 13715.1 9087.94 18883 11446 6981.75 4464.24 3503.49 6470.28 5845.22 4621.45 7437 4092.38 2042.37 2050.01 5027.61 2896.7 6385.67 8687.46 4422.13 4265.32
internal_count=489585 487569 16556 10650 471013 185165 109172 54104 43904 40690 55068 36608 75993 46010 28073 17937 14076 26008 23493 18568 29983 16438 8206 8232 20186 11629 25757 34882 17764 17118
is_linear=0
shrinkage=0.05


Tree=199
num_leaves=31
num_cat=0
split_feature=10 30 14 7 4 22 12 42 23 24 16 29 14 29 30 40 40 8 24 20 28 32 6 40 40 41 31 10 8 6
split_gain=14.4365 22.0211 16.7229 10.9762 9.18818 14.1815 9.9613 13.2051 20.0738 18.3209 24.4753 22.046 13.4112 12.8287 12.8223 11.3162 22.5069 15.5027 14.1781 13.8495 10.6613 10.2815 20.7273 19.0773 14.2728 13.4965 15.1128 13.3436 18.7534 12.4113
threshold=-1.8465002775192259 -0.065011736005544649 -7.2052011489868155 -0.67195892333984364 -1.7383661270141599 1.3329889774322512 -8.695060729980467 0.81174489855766307 0.81296858191490184 1.6935964822769167 -0.46182210743427271 -0.083741962909698472 -8.2570176124572736 0.7395823895931245 -1.4105005860328672 -0.12619776278734204 0.30486139655113226 0.6565958857536317 1.7320073843002322 0.95357668399810802 -1.2363741993904112 -0.18890577554702756 0.20332583785057071 -0.99655601382255543 0.87671843171119701 1.0000000180025095e-35 -0.41538318991661066 -0.62452918291091908 -0.81676390767097462 -0.68547299504280079
decision_type=2 2 2 2 2 2 2 2 2 2 2 2 2 2 2 2 2 2 2 2 2 2 2 2 2 2 2 2 2 2
left_child=1 2 3 -1 5 -2 7 12 9 10 -9 -11 13 15 -14 17 -17 18 19 -6 -18 22 23 -8 -24 -25 -27 -28 -29 -23
right_child=4 -3 -4 -5 6 -7 21 8 -10 11 -12 -13 14 -15 -16 16 20 -19 -20 -21 -22 29 24 25 -26 26 27 28 -30 -31
leaf_value=0.0089470922708014249 -0.0077524432783027952 0.0089107838823474905 -0.0059171629816538902 0.00066763049234007485 0.0076066582944732397 -0.00083074700848413923 0.0089930195436837036 -0.011588425372156061 0.0072868192873036808 0.011128028218561369 0.0013415464624331064 -0.0034827796389421909 -0.0055345931802638316 0.0029289685168005005 0.0029333126869592469 -0.015203615174735861 -0.0079150341584199226 -0.010050399295866834 -0.0072392970135186935 -0.0025054515680040233 0.00030898620434096887 -0.0018682771024052442 0.0047694112583070089 0.0011988672768472337 -0.0020127281102879919 0.0025421913955414074 0.001201648708666674 -0.0095073991898875707 -0.0021347516858173745 0.00011427671712445779
leaf_weight=543.52308513224125 924.81262049078941 1123.6937871575356 712.39053830504417 1452.8094612360001 648.35777026414871 3565.9307696372271 607.44018836319447 687.17625196278095 952.62726591527462 511.21294742822647 766.56277832388878 504.38223551213741 603.45142310857773 588.20301403105259 1638.8387279361486 648.57799097895622 851.37545865774155 513.97763794660568 519.77992217242718 689.56904286146164 725.06904627382755 8995.843192204833 4796.8942428380251 12405.775110706687 919.19828896224499 2095.8546538501978 2134.1937219053507 1029.4841338098049 5129.9909908026457 63944.181584358215
leaf_count=2205 3730 4536 2870 5842 2608 14516 2454 2761 3834 2057 3081 2027 2427 2367 6591 2611 3429 2069 2091 2776 2922 36214 19246 50054 3700 8469 8589 4149 20591 257136
internal_value=4.38745e-05 0.0030597 0.000608571 0.00295516 -5.48276e-05 -0.00227024 3.34804e-05 -0.00140623 0.00116135 -0.00122161 -0.00480781 0.00390855 -0.00258918 -0.00398421 0.000639951 -0.00487327 -0.00742876 -0.00245467 -0.000310578 0.00241494 -0.00415438 0.000186649 0.000980747 0.000320859 0.00367717 8.59241e-05 -0.00124288 -0.0022013 -0.00338042 -0.000130458
internal_weight=121231 3832.42 2708.72 1996.33 117399 4490.74 112908 10849.2 3421.96 2469.33 1453.74 1015.6 7427.2 5184.91 2242.29 4596.71 2225.02 2371.68 1857.71 1337.93 1576.44 102059 29118.8 23402.7 5716.09 22795.3 10389.5 8293.67 6159.48 72940
internal_count=487952 15453 10917 8047 472499 18246 454253 43651 13760 9926 5842 4084 29891 20873 9018 18506 8962 9544 7475 5384 6351 410602 117252 94306 22946 91852 41798 33329 24740 293350
is_linear=0
shrinkage=0.05


Tree=200
num_leaves=31
num_cat=0
split_feature=28 31 27 29 40 40 11 26 11 22 22 22 29 11 13 30 16 25 40 5 40 41 11 12 15 15 18 15 15 41
split_gain=6.54198 6.67516 7.18324 13.1793 11.3608 12.1716 7.98312 7.72481 6.89111 8.33977 7.29563 6.27208 6.06445 14.8956 9.57128 10.1986 13.5173 12.9759 12.9373 12.2876 12.1662 18.6704 10.605 11.8291 12.7 13.0169 11.4836 11.0046 9.68733 14.9122
threshold=2.0416173934936528 -0.85071793198585499 0.98481613397598278 0.95492383837699901 -0.85034412145614613 -0.37864500284194941 -3.2910846471786495 0.80979499220848095 0.040328234434127815 1.3216556906700136 1.2510848641395571 1.4106162190437319 -0.45579722523689264 -2.1446673870086665 -6.6895995140075675 -0.12789180129766461 -0.23029184341430661 0.82392510771751415 -0.7223570942878722 0.23293063789606097 -0.95756223797798146 1.0000000180025095e-35 -1.4818378090858457 -7.1577823162078849 -7.7501881122589102 -7.5445599555969229 2.0027908086776738 -7.8965187072753897 -7.4073159694671622 0.6078576147556306
decision_type=2 2 2 2 2 2 2 2 2 2 2 2 2 2 2 2 2 2 2 2 2 2 2 2 2 2 2 2 2 2
left_child=1 -1 6 4 -4 11 -3 8 10 -10 -7 -6 13 -8 15 16 28 18 20 -20 -17 -22 -18 24 27 -26 -27 -24 29 -15
right_child=-2 2 3 -5 5 7 12 -9 9 -11 -12 -13 -14 14 -16 17 22 -19 19 -21 21 -23 23 -25 25 26 -28 -29 -30 -31
leaf_value=0.0041248557351843329 -0.0041620510130904948 -0.0049689369477551116 -0.0025329664459215347 -0.0050800447050042144 0.01192331247444209 -0.0013270181091496068 0.0077296496720052265 0.0073394532181989165 0.0027237864961272341 -0.004728268521570874 0.0058176947828160741 0.0043014655348969331 -0.00040479730422532373 0.0022770665968889514 0.005062558583390892 0.00052810896850821168 -0.0046549647663024609 0.0056530870499847683 9.0184501941987014e-05 -0.0074681331499857149 -0.0018570543044495022 -0.012274972893762823 0.0027116267898850514 0.0085955466752682796 -0.0031889023164706968 0.0037052777003067985 -0.0042647170249800539 0.010286891324833024 -0.0031143503011076875 -0.0042773761904169134
leaf_weight=914.48096063733101 993.15837626159191 872.64108848571777 1003.9902394264936 672.25104589760303 507.21846559643745 554.46727712452412 675.12064878642559 538.97101660072803 654.3307428508997 855.50165013968945 978.87757250666618 602.67850334942341 84613.030474632978 3550.7675342857838 990.30772575736046 768.57863233983517 508.67178250849247 649.20118297636509 6632.8773900717497 575.13859955966473 872.75327783823013 846.00333717465401 1447.5790668725967 766.4180838316679 1508.8455179184675 2753.17830465734 531.64372423291206 715.07668522000313 2609.0493037104607 1137.6011508852243
leaf_count=3713 4000 3512 4042 2713 2035 2227 2737 2171 2630 3451 3939 2424 340285 14298 4005 3099 2058 2611 26790 2310 3521 3407 5845 3115 6086 11099 2160 2885 10495 4568
internal_value=-0.000141012 -0.000107474 -0.000140234 0.00149231 0.00227552 0.00330763 -0.000232343 0.00187917 0.000891236 -0.00150203 0.00324226 0.00785998 -0.000195048 0.00044932 0.000263547 7.79792e-05 0.000887983 -0.00113765 -0.00159771 -0.000522416 -0.00469923 -0.00702629 0.00227576 0.00273769 0.00208089 0.000642204 0.00240632 0.00525219 -0.000678387 0.000680956
internal_weight=121300 120307 119393 6368.29 5696.04 4692.05 113024 3582.15 3043.18 1509.83 1533.34 1109.9 112152 27538.8 26863.7 25873.4 15528.8 10344.6 9695.35 7208.02 2487.34 1718.76 8231.41 7722.74 6956.32 4793.67 3284.82 2162.66 7297.42 4688.37
internal_count=488231 484231 480518 25632 22919 18877 454886 14418 12247 6081 6166 4459 451374 111089 108352 104347 62609 41738 39127 29100 10027 6928 33248 31190 28075 19345 13259 8730 29361 18866
is_linear=0
shrinkage=0.05


Tree=201
num_leaves=31
num_cat=0
split_feature=31 5 2 12 12 26 42 10 10 13 5 25 40 22 31 10 43 34 25 34 12 9 12 31 40 17 30 30 30 33
split_gain=9.71032 7.85022 10.2555 8.31615 13.1519 14.5943 8.02191 19.5629 18.9356 16.176 10.3513 8.88317 8.21632 7.67964 9.70438 7.18364 7.21579 6.6206 7.63873 7.59332 7.66773 13.539 6.38277 10.2455 8.68311 19.677 9.44189 8.3841 8.61248 14.8261
threshold=0.84280800819396984 1.2801946401596072 2.8119349479675297 -6.1766998767852774 -6.5310814380645743 0.15765342861413958 1.0000000180025095e-35 -0.43045674264430994 0.3594754040241242 -7.7687256336212149 2.0080840587615971 0.85539129376411449 0.65275353193283092 2.060113906860352 0.032180368900299079 -0.75948080420494068 0.43333333730697637 0.73789235949516307 0.98509234189987194 0.95072230696678173 -7.2926905155181876 1.2189142107963564 -8.714662551879881 -0.55542927980422963 -0.99655601382255543 -0.3028180450201034 -1.0390697121620176 0.28494231402873998 -0.1367838382720947 -0.029571737162768837
decision_type=2 2 2 2 2 2 2 2 2 2 2 2 2 2 2 2 2 2 2 2 2 2 2 2 2 2 2 2 2 2
left_child=1 3 6 4 17 -6 8 -8 10 11 15 -10 13 14 -9 -3 -17 18 22 20 21 -19 23 -1 25 26 -24 28 -25 -30
right_child=-2 2 -4 -5 5 -7 7 12 9 -11 -12 -13 -14 -15 -16 16 -18 19 -20 -21 -22 -23 24 27 -26 -27 -28 -29 29 -31
leaf_value=0.0033167406807257968 0.0049319899990609012 -0.0031310563917061815 -0.0049902261287406687 -0.0052764908670504228 0.0090831291033948696 0.00038339044985252578 0.0066639343432973886 -0.0066679808408816252 0.0056433520854094624 0.0027475363974829893 -0.0062758201542921516 0.014942729351488169 0.0023065399162873388 -0.0085872397829702563 0.00070960414845266668 -0.00038508491298933724 0.0061238364763480978 -0.01183702238066993 0.0046411396689936112 0.0020730497313366058 0.000311681273723363 -0.0014082844154152162 0.0037973386752719325 -0.0021835868796122064 -0.00020314145385486341 0.0078171148999720119 -0.0045836752721071352 -0.0074722549693010277 -0.0033235987698653278 0.0087328792645181823
leaf_weight=995.87733879685402 952.51056900620461 632.40452988445759 621.45951406657696 801.94718179106712 783.44992250204086 1230.7815930694342 852.74791198968887 664.51138912141323 510.12725068628788 1766.6093983501196 533.42772035300732 549.64352209866047 901.99352551996708 520.30317425727844 1309.3377118110657 799.39291529357433 898.38699208199978 617.35915665328503 794.21902434527874 583.59290604293346 577.30356138944626 623.6694221496582 558.03547619283199 7128.9815023541451 91945.149340212345 1081.1008484065533 814.02043126523495 641.81357070803642 499.63016180694103 502.39934891462326
leaf_count=4019 3844 2542 2514 3240 3161 4967 3430 2674 2051 7129 2153 2223 3648 2109 5294 3215 3612 2515 3212 2367 2336 2536 2247 28682 369851 4353 3279 2580 2010 2020
internal_value=-7.02084e-05 -0.000110076 0.00119153 -0.000234927 -0.000197484 0.00379537 0.00158269 -6.16163e-05 0.0028085 0.00570416 -5.94134e-05 0.010561 -0.00176496 -0.00324072 -0.00179521 0.00138439 0.00307483 -0.00027274 -0.000213202 -0.0028628 -0.00444963 -0.00664929 -0.000250656 -0.00146665 -0.000124678 0.00280504 -0.00117218 -0.00201281 -0.00157323 0.00274786
internal_weight=121692 120740 10560.3 110179 109377 2014.23 9938.89 4248.89 5689.99 2826.38 2863.61 1059.77 3396.15 2494.15 1973.85 2330.18 1697.78 107363 104961 2401.93 1818.33 1241.03 104167 9768.7 94398.3 2453.16 1372.06 8772.82 8131.01 1002.03
internal_count=489813 485969 42594 443375 440135 8128 40080 17155 22925 11403 11522 4274 13725 10077 7968 9369 6827 432007 422253 9754 7387 5051 419041 39311 379730 9879 5526 35292 32712 4030
is_linear=0
shrinkage=0.05


Tree=202
num_leaves=31
num_cat=0
split_feature=30 35 35 40 7 25 24 12 30 24 30 22 39 39 21 40 30 13 25 5 41 16 22 39 40 16 6 9 24 39
split_gain=9.47 13.2678 22.0152 18.1689 27.8796 21.3175 17.8011 17.4017 16.0553 14.5832 14.4326 13.4751 18.3866 16.5516 17.944 16.3307 17.2251 20.1407 20.0548 15.417 13.2003 16.5714 15.5611 14.9355 13.0496 11.9488 13.254 14.4434 16.7195 18.0033
threshold=-0.51233226060867298 0.072555288672447218 0.22654014080762866 0.48098418116569525 0.71075072884559642 0.7339761257171632 2.1113744974136357 -8.9053845405578596 -0.42837958037853235 1.0164279341697695 0.0095310774631798285 1.6753009557724001 0.22069533914327624 -0.9523867368698119 0.65523621439933788 -0.62591752409934986 -0.11952990293502806 -7.094648838043212 0.23159107565879825 -0.83826762437820423 0.87837970256805431 0.048830293118953712 1.3750638365745547 -0.43444111943244929 0.22069533914327624 -0.60790428519248951 0.96097347140312206 -0.67314535379409779 2.1234126091003422 -0.562799572944641
decision_type=2 2 2 2 2 2 2 2 2 2 2 2 2 2 2 2 2 2 2 2 2 2 2 2 2 2 2 2 2 2
left_child=-1 3 -3 4 6 10 8 -5 -2 20 -6 15 13 -13 -15 19 -17 -18 -19 -11 21 23 -23 -10 -8 -9 27 28 29 -27
right_child=1 2 -4 7 5 -7 24 25 9 11 -12 12 -14 14 -16 16 17 18 -20 -21 -22 22 -24 -25 -26 26 -28 -29 -30 -31
leaf_value=-0.00044519185850907324 0.0048739869141206545 0.0034588158269806806 0.00044157157990394711 -0.0076639743029085486 -0.0035094628413657792 0.0027198469594722037 0.0016124051375185811 0.0063222454781638659 0.013008011460360097 -0.0041487347390744451 -0.012550050314626244 -0.00032190309397372432 -3.0615820374310589e-06 -0.0054212091220502568 -0.014478393278198071 -0.0070428586316633769 0.0014392676703181887 0.00059600890983804678 -0.01240733636820051 0.003323697123343323 -0.0051566593666761721 -0.0040718137339921688 0.004453834849327841 0.001297284286515714 0.010180634867287201 0.010863181341421271 0.0073169638135363495 -0.0008812071517919957 -0.0037600294917823629 0.0023301224348829066
leaf_weight=51408.292250558734 1106.7011365145445 8029.3596493154764 24393.050291582942 498.43059334158897 783.77172920107841 522.51771287620068 2434.2176603227854 1282.7188388854265 594.13001401722431 882.6577994376421 1032.5139492154121 972.93681818246841 1987.8984394222498 2043.659967020154 749.45599287748337 1542.6775945276022 2844.3808463066816 557.28522908687592 621.55690883100033 3043.7954725772142 621.88610088825226 1067.9270148277283 1053.0344134420156 500.0767462849617 535.1834679543972 840.23128888010979 812.32407057285309 5768.1676381975412 720.90611746907234 2294.5369039475918
leaf_count=206880 4454 32230 98247 2007 3145 2099 9791 5163 2383 3562 4145 3935 8020 8273 3005 6203 11430 2241 2491 12212 2494 4285 4236 2006 2154 3422 3260 23238 2910 9304
internal_value=7.02652e-05 0.000448084 0.00118962 -0.000189531 -0.000949083 -0.0061397 -0.000422475 0.00139518 -0.000954447 -0.00129483 -0.00868939 -0.00198803 -0.00389517 -0.00594415 -0.00789444 -0.000829101 -0.00256907 -0.000840423 -0.00630684 0.00163764 0.00145755 0.00274891 0.000162115 0.00771617 0.00318567 0.00178669 0.0012237 0.000702324 0.00306747 0.00464456
internal_weight=121546 70138 32422.4 37715.6 25498.3 2338.8 23159.5 12217.3 20190.1 19083.4 1816.29 15246.3 5753.95 3766.05 2793.12 9492.35 5565.9 4023.22 1178.84 3926.45 3837.05 3215.17 2120.96 1094.21 2969.4 11718.9 10436.2 9623.84 3855.67 3134.77
internal_count=489225 282345 130477 151868 102564 9389 93175 49304 81230 76776 7290 61372 23233 15213 11278 38139 22365 16162 4732 15774 15404 12910 8521 4389 11945 47297 42134 38874 15636 12726
is_linear=0
shrinkage=0.05


Tree=203
num_leaves=31
num_cat=0
split_feature=37 27 22 2 17 17 15 30 15 7 21 22 6 25 31 15 35 20 15 24 31 17 25 27 34 4 24 25 26 26
split_gain=7.00454 11.3192 9.87851 10.3028 9.86011 7.84545 31.9641 9.045 7.29283 7.02641 7.02505 12.2625 18.1478 12.9939 11.3416 10.0822 12.9078 9.51893 12.8743 10.4377 12.5647 9.36689 10.4602 12.9156 9.12836 12.847 12.0275 12.8999 10.5305 10.9227
threshold=-0.47757929563522333 -0.4468537420034408 1.0025672912597658 -0.043664094060659402 -0.34211437404155726 -1.1497976779937742 -7.7446370124816886 -1.6394550204277036 -7.1121523380279532 -0.35748508572578425 0.94912791252136242 0.97207543253898632 -0.12328787147998808 0.86244079470634472 -0.42892669141292566 -7.3680455684661856 -0.087557051330804811 1.2639426589012148 -7.8709962368011466 2.2929154634475712 0.56520506739616405 -0.030170381069183346 0.5755555033683778 0.11694044619798662 -0.21311388909816739 -1.1136109828948972 1.3121737241744997 0.10915544629096986 -1.8107201457023618 -1.1498808860778806
decision_type=2 2 2 2 2 2 2 2 2 2 2 2 2 2 2 2 2 2 2 2 2 2 2 2 2 2 2 2 2 2
left_child=1 2 -1 8 -3 6 -2 -8 -4 -6 11 12 21 -14 15 16 -12 18 -16 20 -19 22 23 -7 25 28 -27 -28 -13 -30
right_child=5 4 3 -5 9 10 7 -9 -10 -11 14 24 13 -15 17 -17 -18 19 -20 -21 -22 -23 -24 -25 -26 26 27 -29 29 -31
leaf_value=0.0054464196211474365 0.013455258365302798 -0.0086173539785955235 -0.0022397822813417455 0.0057345657382406054 -0.0064112179845898752 -0.0063850397161909203 0.0024690476447009079 -0.0062888338600462952 0.0027382888569589627 0.0010406305227592997 -0.007516556677894976 -0.0058945248340331029 0.0014352708854246967 -0.0059213400047214123 0.0016401149495796005 -0.010554463484324119 0.0022118537626529041 0.00045299099032792628 -0.0034821829279980268 -0.0038692659463845282 0.0065740663679731241 1.439249205632588e-05 -0.0096168065226746331 0.0028546137974225249 -9.1748974822580896e-05 -5.8421202014296528e-05 -0.00018950700477757612 0.0032944565454611358 0.0057757644840508464 -0.00091857140465338456
leaf_weight=631.17486348748207 526.72446471452713 883.40342701971531 5581.731089130044 509.63065978884697 500.98480854928493 1120.8072652071714 689.54423412680626 500.15680165588856 838.53468568623066 824.43481910228729 635.48435555398464 904.80155344307423 3985.9805966615677 696.36316944658756 1702.5571219474077 519.25484347343445 715.42332756519318 5544.5176536589861 4333.43966832757 1097.9713738262653 978.1064220815897 921.12124858796597 1084.4105021953583 561.17185018956661 58031.521455213428 7277.8800205588341 3522.224992826581 10791.873689606786 681.73747749626637 5105.1137000024319
leaf_count=2536 2121 3553 22513 2051 2017 4505 2776 2017 3389 3312 2551 3656 15996 2803 6847 2086 2873 22330 17427 4430 3965 3700 4354 2254 233229 29324 14252 43464 2761 20746
internal_value=-0.000131436 -0.00141466 -0.000492501 -0.00104049 -0.00455488 -1.93106e-05 0.00332518 -0.00123454 -0.00158636 -0.00180295 -7.16943e-05 8.9993e-05 -0.00173612 0.0003309 -0.00105712 -0.00469815 -0.00238612 -0.000555433 -0.00203703 0.000619216 0.00137954 -0.00435458 -0.00580412 -0.00330369 0.000267249 0.0010036 0.00159667 0.00243763 -0.000909567 -0.000121322
internal_weight=121698 9769.89 7561.07 6929.9 2208.82 111928 1716.43 1189.7 6420.27 1325.42 110212 94685 8369.85 4682.34 15526.8 1870.16 1350.91 13656.6 6036 7620.6 6522.62 3687.51 2766.39 1681.98 86315.2 28283.6 21592 14314.1 6691.65 5786.85
internal_count=489838 39371 30489 27953 8882 450467 6914 4793 25902 5329 443553 381044 33612 18799 62509 7510 5424 54999 24274 30725 26295 14813 11113 6759 347432 114203 87040 57716 27163 23507
is_linear=0
shrinkage=0.05


Tree=204
num_leaves=31
num_cat=0
split_feature=35 24 15 24 41 8 40 24 14 8 40 5 40 15 17 25 27 15 25 22 15 16 14 13 41 27 31 17 14 0
split_gain=7.56498 19.0704 20.5008 16.68 24.779 16.663 18.5757 16.4271 16.1564 16.7696 16.3589 15.9506 14.7648 12.5553 18.8571 12.181 20.3139 16.7121 11.7694 13.6101 11.6392 13.5411 11.8847 24.556 21.7708 11.4984 13.3993 11.2312 19.4233 10.9067
threshold=0.28542694449424749 0.89416193962097179 -7.488405466079711 3.0057888031005864 0.6078576147556306 0.1970227658748627 0.25459952652454382 1.2496085166931155 -7.8807251453399649 1.9104470610618594 0.97533303499221813 -1.2316406965255735 0.84571975469589245 -7.5478048324584952 -0.068320121616125093 0.90640822052955639 0.92266389727592479 -8.1283850669860822 0.82728204131126415 1.4715496897697451 -8.1808352470397931 -0.42040482163429255 -7.2948977947235099 -7.6678481101989737 1.0000000180025095e-35 0.49247047305107122 0.085501715540885939 -0.20801413059234616 -8.0179152488708478 1.8420378565788271
decision_type=2 2 2 2 2 2 2 2 2 2 2 2 2 2 2 2 2 2 2 2 2 2 2 2 2 2 2 2 2 2
left_child=3 -2 7 29 5 6 -5 12 -4 10 -10 -9 18 15 -15 20 17 -17 19 -3 21 -13 23 25 -25 26 27 28 -22 -1
right_child=1 2 8 4 -6 -7 -8 11 9 -11 -12 13 -14 14 -16 16 -18 -19 -20 -21 22 -23 -24 24 -26 -27 -28 -29 -30 -31
leaf_value=0.00037337318768913797 0.0078927304161271247 -0.0086897228378016427 0.006014721825433951 -0.003249018660538941 -0.010894845398674328 -0.0059826614030558996 0.0099750463020156759 -0.009657997728183116 0.00085752628344656955 -0.0064748265705456623 -0.0056845954985722388 -0.0037255103246883695 0.0015857978819596851 -0.00071048153565678672 -0.011898118275151305 -0.0032231276423494051 -0.0046436165479881103 0.0061966750638664751 -0.011245168883401479 0.0021949551783211341 -0.0067853458961571718 0.0057805988551731611 0.0037869016042299491 -0.01549120823732849 -0.0026072599505205614 -0.004857033660229171 0.0035764167908376161 -0.0078567320233824383 0.0064890667568724249 -0.0029093163807388869
leaf_weight=82168.127976313233 619.1776284724474 641.27027417719364 1170.542388215661 505.02725450694561 823.17703177034855 778.62210516631603 541.4106183052063 554.12510634958744 12963.708922147751 944.17684209346771 1021.5713369101286 583.99460019171238 562.78890193998814 920.39277297258377 629.16511400043964 600.89611466228962 877.91446954011917 2080.0666840970516 1058.3411359488964 507.82028324902058 502.51660268008709 1008.5809210985899 684.09649321436882 661.62062358856201 650.12920501828194 1681.8397680670023 1555.067416742444 663.36565808951855 586.09482522308826 2600.7719282209873
leaf_count=330543 2494 2579 4728 2032 3308 3130 2183 2226 52188 3820 4147 2350 2283 3715 2535 2433 3555 8420 4289 2040 2025 4061 2748 2666 2611 6773 6259 2666 2356 10458
internal_value=-9.538e-05 -0.000731346 -0.000894955 0.000150058 -0.00375 -0.000485568 0.00362256 -0.00210485 0.000383845 -6.13743e-05 0.000375929 -0.00141732 -0.00562118 -0.00107685 -0.00530015 -0.000533699 0.00192199 0.00408124 -0.00745748 -0.003902 -0.00155366 0.00229323 -0.0024328 -0.00311305 -0.00917371 -0.00150432 0.00021024 -0.00278094 0.000355446 0.000272327
internal_weight=121146 33729.3 33110.1 87417.1 2648.24 1825.06 1046.44 17010.1 16100 14929.5 13985.3 14239.9 2770.22 13685.7 1549.56 12136.2 3558.88 2680.96 2207.43 1149.09 8577.31 1592.58 6984.73 6300.63 1311.75 4988.88 3307.04 1751.98 1088.61 84768.9
internal_count=487621 135967 133473 351654 10653 7345 4215 68590 64883 60155 56335 57399 11191 55173 6250 48923 14408 10853 8908 4619 34515 6411 28104 25356 5277 20079 13306 7047 4381 341001
is_linear=0
shrinkage=0.05


Tree=205
num_leaves=31
num_cat=0
split_feature=20 20 17 17 41 31 7 3 25 4 24 40 7 24 35 40 13 39 16 24 39 12 42 30 10 16 16 4 39 41
split_gain=8.75949 18.3541 13.2858 10.5853 13.9299 15.2728 18.8991 15.4553 14.1192 12.625 11.4937 21.0952 24.79 11.4727 10.2428 18.168 21.2388 15.1013 28.0113 19.4572 22.717 18.1914 18.0168 20.4724 20.1949 20.0554 17.3727 16.9748 15.819 15.0543
threshold=0.8410920798778535 0.81092137098312389 -1.0030929446220396 0.014759411569684746 -1.0000000180025095e-35 0.51907140016555797 0.84556689858436596 -0.54531824588775624 0.84107640385627758 0.38152222335338598 1.5983703732490542 -0.75755777955055226 0.54341763257980358 2.0777665376663212 -0.082941643893718706 0.40274286270141607 -8.8465027809143049 -0.11753627657890318 -0.19521269202232358 1.2687199115753176 0.32143642008304601 -7.4780142307281485 -0.56174489110708226 -0.49305875599384302 -0.28110487759113306 -0.35831879079341883 0.15426857769489291 -1.0564895868301389 -0.99655601382255543 1.0000000180025095e-35
decision_type=2 2 2 2 2 2 2 2 2 2 2 2 2 2 2 2 2 2 2 2 2 2 2 2 2 2 2 2 2 2
left_child=1 2 -1 4 8 6 7 -6 -4 10 11 -5 -13 -12 15 16 -2 22 -19 20 -20 26 23 -18 28 -25 27 -21 -24 -27
right_child=14 -3 3 9 5 -7 -8 -9 -10 -11 13 12 -14 -15 -16 -17 17 18 19 21 -22 -23 24 25 -26 29 -28 -29 -30 -31
leaf_value=0.0077571998969483595 -0.0089856204585901864 0.0050826799898361658 -0.0016834537095704394 0.01263221646664218 -0.006583640103151496 -0.0067646407568253235 0.010704675933887091 0.0020840470569734684 -0.0094556240068797495 -0.0034871736673299223 -0.004422666564962336 -0.00029746027029796591 0.010650032181962222 0.0049049197491329603 0.00026949279559224375 0.00064911715738558866 -0.012685690414790932 -0.0030638959106322737 0.006810338436439559 -0.0037444311022370187 -0.0039904358325086927 0.0072814403270104119 0.005199980466290611 0.0049038713136116737 0.0027707245721120283 -0.0085780869809678716 -0.0041896268400265502 0.0055248417705780891 -0.0034213602722064857 -0.0013747329392550572
leaf_weight=583.66119988262653 908.40331375598907 2422.1566883176565 4028.3643366098404 633.63898180425167 599.01700088381767 556.05413712561131 532.14345812797546 3299.5975375324488 674.98994308710098 915.30081398785114 865.8278540968895 1995.6824113577604 687.72755025327206 518.88518576323986 60454.449889212847 15111.510236039758 734.05371496081352 4983.9498024880886 608.74510610103607 635.02652789652348 2278.9878553003073 1922.0457507520914 576.89936381578445 579.47260354459286 2361.6177653372288 1548.0782506465912 1032.6611546725035 2122.7705883085728 5793.951046153903 1365.5028741955757
leaf_count=2351 3665 9735 16191 2542 2406 2235 2139 13253 2728 3677 3479 8014 2763 2085 243207 61051 2950 20022 2455 2569 9171 7771 2324 2328 9524 6228 4170 8530 23334 5490
internal_value=3.03122e-05 0.00103763 0.000418255 0.000133541 -0.000867334 0.000973045 0.00195716 0.000738832 -0.00281655 0.00185865 0.00290453 0.00449792 0.00253738 -0.000917289 -0.000148837 -0.000742927 -0.00150916 -0.00125 -8.48496e-05 0.0016431 -0.00169795 0.00333205 -0.00247031 -0.00514606 -0.00117066 -0.00352994 0.00131553 0.00338463 -0.00263375 -0.00521835
internal_weight=121331 18313 15890.9 15307.2 9690.17 4986.81 4430.76 3898.61 4703.35 5617.06 4701.76 3317.05 2683.41 1384.71 103018 42563.7 27452.2 26543.8 13584.2 8600.24 2887.73 5712.5 12959.6 4227.11 8732.47 3493.05 3790.46 2757.8 6370.85 2913.58
internal_count=488387 73598 63863 61512 38952 20033 17798 15659 18919 22560 18883 13319 10777 5564 414789 171582 110531 106866 54688 34666 11626 23040 52178 16996 35182 14046 15269 11099 25658 11718
is_linear=0
shrinkage=0.05


Tree=206
num_leaves=31
num_cat=0
split_feature=11 40 40 8 6 11 40 39 17 26 29 14 14 20 11 21 42 40 39 16 30 40 22 11 14 27 34 8 8 17
split_gain=7.83752 14.1449 17.9065 21.5946 16.6548 15.8011 13.226 24.478 43.6838 21.441 20.814 18.0441 21.2727 16.0696 19.186 15.0275 12.9929 38.7031 20.6885 22.6635 18.483 17.1936 19.0727 16.5649 17.9502 14.9245 14.4465 13.606 17.0345 15.2313
threshold=-0.38444794714450831 0.99921953678131115 0.94692111015319835 -0.39331534504890436 -0.30208249390125269 -1.3183196783065794 0.49621178209781652 -0.55556493997573841 -0.42282752692699427 -3.5724004507064815 0.35910633206367498 -7.4008753299713126 -7.0866847038269034 1.5504230260849001 -0.80031406879425038 0.15100777149200442 1.0000000180025095e-35 -0.94116705656051625 0.98554667830467235 -0.1528247073292732 -0.82867267727851857 -0.82163912057876576 0.95215699076652538 -1.6879862546920774 -7.4901783466339102 -0.13164973258972165 0.30079379677772528 1.0537664294242861 0.66781413555145275 0.43326219916343695
decision_type=2 2 2 2 2 2 2 2 2 2 2 2 2 2 2 2 2 2 2 2 2 2 2 2 2 2 2 2 2 2
left_child=1 2 6 -4 -5 -6 9 8 -8 -1 11 15 -13 14 -10 -9 18 -18 20 -20 25 -19 -23 24 -22 -11 -27 28 29 -25
right_child=-2 -3 3 4 5 -7 7 10 13 16 -12 12 -14 -15 -16 -17 17 21 19 -21 23 22 -24 27 -26 26 -28 -29 -30 -31
leaf_value=0.0068573348696615638 -0.00021910724374101637 0.0088901510018725705 -0.0079499130798044246 0.0065429511683715294 -0.009391094769276678 0.00073774618660897118 -0.0063604645984310917 0.0022950643663093252 0.00067580324501896258 -0.0010850505679013103 0.0051428490580642649 0.0087504918230305647 -0.002378794155801011 0.0149140884278857 0.011408675779754929 -0.0057125559606784997 0.0083561620014250861 -0.0055800356331219556 0.01074358893388213 -0.0021380379827168582 -0.00046976629763657369 -0.0080588794894455029 0.0017501570137835787 -0.002140748795258743 0.011248650843673658 -0.010257574000264471 -0.00092249434873564349 -0.0080578538196187394 0.0067914914629860048 0.0041937297686567886
leaf_weight=1178.1923443078995 81654.64449429512 502.26332841813564 1297.0161889493465 689.31649076938629 563.31213061511517 1168.561469823122 557.0915898680687 806.85064712166786 810.13334226608276 1716.3142944276333 1888.0576691478491 818.89410135149956 883.90230973064899 789.1696310788393 849.6164640635252 2085.931472659111 1659.4254708737135 1174.6779208928347 749.44419418275356 615.25047911703587 718.61875601112843 529.30337105691433 6114.803125411272 6904.6988941580057 588.17329727113247 1376.6941416561604 594.12796072661877 650.60940505564213 703.28624008595943 1090.4762365967035
leaf_count=4736 328651 2029 5250 2777 2266 4700 2247 3264 3272 6895 7598 3305 3567 3199 3428 8392 6689 4734 3009 2475 2890 2126 24632 27749 2367 5522 2390 2621 2824 4376
internal_value=6.19566e-05 0.00063456 0.000527557 -0.00277067 2.51088e-05 -0.00259178 0.000870276 0.00246989 0.00619137 0.000293783 0.000737621 -0.00107947 0.00299325 0.00906098 0.00620532 -0.00347887 -1.58586e-05 0.00144523 -0.000897854 0.00496281 -0.00145855 -3.03187e-05 0.000957782 -0.000401279 0.00484994 -0.00450472 -0.00746227 -0.00113968 -0.000613571 -0.00127262
internal_weight=121729 40074.2 39571.9 3718.21 2421.19 1731.87 35853.7 9489.65 3006.01 26364.1 6483.64 4595.58 1702.8 2448.92 1659.75 2892.78 25185.9 9478.21 15707.7 1364.69 14343 7818.78 6644.11 10655.9 1306.79 3687.14 1970.82 9349.07 8698.46 7995.18
internal_count=489980 161329 159300 14993 9743 6966 144307 38272 12146 106035 26126 18528 6872 9899 6700 11656 101299 38181 63118 5484 57634 31492 26758 42827 5257 14807 7912 37570 34949 32125
is_linear=0
shrinkage=0.05


Tree=207
num_leaves=31
num_cat=0
split_feature=24 10 41 10 28 30 17 28 39 14 14 30 39 35 39 18 22 10 24 7 14 15 34 17 22 15 15 23 24 9
split_gain=8.10933 12.4282 11.858 13.5466 12.1548 14.253 23.3233 18.6572 16.9878 11.8094 16.3634 18.3661 18.1576 20.0598 17.5025 16.584 15.7963 14.284 21.4778 23.596 17.5027 30.2377 26.7625 17.0805 15.1986 17.6826 15.2538 15.3629 24.3462 15.137
threshold=1.6874279379844668 2.1504229307174687 0.87837970256805431 0.71985062956810009 -0.22380076348781583 -0.44612655043601984 -0.38628809154033655 -1.1048398017883299 0.45009414851665502 -6.6998920440673819 -7.6070744991302481 -1.8708378076553343 -0.12619776278734204 -0.087557051330804811 -0.37055389583110804 0.65826228260993969 2.2654367685317998 0.056895049288868911 1.0970895886421206 0.11234990507364274 -7.8294045925140372 -7.4425439834594718 -0.16557302325963971 0.20338603109121325 1.2693361043930056 -7.2164812088012686 -7.7341299057006827 0.48101952672004705 1.2594015598297121 0.69425910711288463
decision_type=2 2 2 2 2 2 2 2 2 2 2 2 2 2 2 2 2 2 2 2 2 2 2 2 2 2 2 2 2 2
left_child=1 2 9 4 5 6 8 -8 -4 10 16 -12 13 -13 15 -15 17 24 19 -19 23 22 -22 29 26 -26 27 -1 -29 -20
right_child=-2 -3 3 -5 -6 -7 7 -9 -10 -11 11 12 -14 14 -16 -17 -18 18 20 -21 21 -23 -24 -25 25 -27 -28 28 -30 -31
leaf_value=0.003549859863602733 -0.00045205031809283875 0.0059515628306247475 0.0099178916069625114 -0.0054482457779955551 -0.0026782130703876653 0.0045610811990156935 -0.0095820491337666458 0.0014872916579644277 -0.0010785130960332798 -0.0038263224767196599 -0.0064186679398192965 -0.0013346901370416048 0.003789211708708785 0.01019373791959771 -0.0033273295199705102 0.0025396136782288715 -0.0056729762391975027 -0.0068678167571184709 0.0020942688816769535 -0.00029673893543315835 0.0036724219718419584 0.0030110997890597266 -0.0090225135658671581 0.008269996479660419 0.00047348340044029119 -0.0079479719498125878 0.0049920581437272547 -0.0074637891569611986 0.0037480308752222361 -0.0027223823299992985
leaf_weight=2175.2342872768641 46842.973793998361 980.17749537527561 605.00873766839504 1623.9728076606989 3588.2413959652185 1873.3468336462975 942.83254109323025 629.94758258759975 814.78711059689522 1485.4583699554205 662.57652068138123 5963.3437186032534 8497.3357800990343 793.8402553498745 1101.6583107858896 6049.8262881934643 1160.9563694447279 2575.603234782815 6181.6641448587179 2898.7498814463615 534.51877161860466 1497.4695736467838 1778.6587620228529 838.99548909068108 10588.88448420167 652.269959166646 4038.5575469583273 1092.8856202960014 854.76382113993168 2205.079430475831
leaf_count=8752 188589 3944 2431 6531 14428 7522 3785 2532 3270 5978 2665 24041 34230 3186 4429 24297 4709 10353 24869 11670 2151 6027 7159 3382 42679 2631 16226 4385 3431 8907
internal_value=6.36204e-05 0.000387063 0.000312267 -0.00128044 -0.000474354 0.00115298 -0.000988569 -0.00516705 0.00364391 0.000564699 0.00067026 0.0017259 0.00196951 0.000855853 0.00249957 0.00344104 4.67506e-05 0.000223346 -0.000770058 -0.00339522 0.000334081 -0.00251249 -0.00608584 0.00151129 0.001171 -2.18028e-05 0.00281191 0.000669443 -0.00254925 0.00082612
internal_weight=121530 74686.6 73706.5 10078.1 8454.16 4865.92 2992.58 1572.78 1419.8 63628.3 62142.9 23068.6 22406 13908.7 7945.32 6843.67 39074.3 37913.3 18510.7 5474.35 13036.4 3810.65 2313.18 9225.74 19402.6 11241.2 8161.44 4122.88 1947.65 8386.74
internal_count=489189 300600 296656 40499 33968 19540 12018 6317 5701 256157 250179 92848 90183 55953 31912 27483 157331 152622 74518 22023 52495 15337 9310 37158 78104 45310 32794 16568 7816 33776
is_linear=0
shrinkage=0.05


Tree=208
num_leaves=31
num_cat=0
split_feature=8 28 15 14 7 28 11 11 12 14 14 16 16 31 41 13 26 15 29 30 39 39 17 14 41 33 10 13 34 14
split_gain=8.48814 8.53065 20.9774 7.18096 9.90789 10.9006 9.26747 11.4641 10.0331 8.64677 26.3041 18.5225 16.6154 15.7414 16.4833 19.1526 25.7529 10.5109 13.4258 8.98909 14.7564 26.8577 22.6131 16.44 16.2405 27.4832 16.2276 14.8263 14.4437 12.661
threshold=-1.9311742186546323 -3.2352825403213497 -7.3927323818206778 -6.6998920440673819 -0.60483998060226429 0.22441866993904117 0.54402810335159313 -0.33196140825748438 -6.826145887374877 -6.9497375488281241 -6.9969308376312247 -0.4052556157112121 0.035403093323111541 0.39106883108615881 0.6078576147556306 -7.1464779376983634 0.44180235266685491 -6.9341092109680167 -0.35969826579093928 -0.50266921520233143 -0.48098418116569513 -0.59130400419235218 -0.55433952808380116 -7.2812387943267813 -1.0000000180025095e-35 0.29065473377704626 0.24160188436508181 -7.7687256336212149 -0.64494773745536793 -7.8861484527587882
decision_type=2 2 2 2 2 2 2 2 2 2 2 2 2 2 2 2 2 2 2 2 2 2 2 2 2 2 2 2 2 2
left_child=-1 2 -2 9 5 -5 7 8 -6 10 19 -12 -13 14 17 -16 -17 18 -11 20 21 22 -3 24 25 26 29 -26 -22 -24
right_child=1 3 -4 4 6 -7 -8 -9 -10 13 11 12 -14 -15 15 16 -18 -19 -20 -21 28 -23 23 -25 27 -27 -28 -29 -30 -31
leaf_value=-0.0039325608679636219 0.0018153993467515191 0.0055199933824324372 -0.010198222185208447 -0.0029837419602065144 -0.0062221968302887979 0.0066135648199031173 0.00096602225186642092 -0.0088740874680143158 0.0017193533222858151 0.002756941586234846 0.0016027359383584115 -0.014069290754918652 -0.002329395524534358 0.0074935946651451344 0.011509095307652029 -0.0029727124478730886 0.010155965609545105 0.002487375509822289 -0.0053095825916708791 0.00050163074815214373 0.0039396797244857671 0.0080007416085237145 0.0041125167332757518 -0.0064627466399797334 -0.0056578194844844644 -0.0068548530862552678 -0.00017156587232747774 0.0027241436785863504 -0.0010374316617416423 0.015137647681769215
leaf_weight=1402.1616914719343 767.52312113344669 1581.125941619277 675.75297445058823 552.71401871740818 748.7554399818182 615.98916991055012 967.64354665577412 1015.6952630579472 828.76630610227585 708.98072743415833 554.79767355322838 740.94874906539917 511.17577783763409 1020.3455108553171 628.78461077809334 1133.0942538529634 545.05536445975304 1275.3157995641232 1833.6657475829124 57732.841867730021 1507.3492595106363 1313.1831508725882 496.11528095602989 1175.2066433429718 1509.863188996911 506.36030560731888 607.89987397193909 800.58867591619492 37244.27134527266 562.55621662735939
leaf_count=5673 3086 6368 2716 2230 3009 2496 3890 4077 3329 2861 2231 2982 2061 4104 2526 4555 2195 5136 7365 232436 6159 5286 2003 4723 6072 2043 2444 3217 149796 2266
internal_value=-7.86894e-05 -3.33955e-05 -0.00384094 1.32127e-05 -0.00189377 0.00208791 -0.00320278 -0.00475608 -0.00206548 9.24949e-05 -2.01923e-05 -0.00598491 -0.00933295 0.0017752 0.000811916 0.00413946 0.00132632 -0.00120426 -0.00305836 8.29767e-05 -0.000427968 0.00145065 0.00025316 -0.00122564 0.000158461 0.00325387 0.00634781 -0.00275418 -0.000842867 0.0100579
internal_weight=121565 120162 1443.28 118719 4729.56 1168.7 3560.86 2593.22 1577.52 113990 106844 1806.92 1252.12 7145.24 6124.9 2306.93 1678.15 3817.96 2542.65 105037 47304.5 8552.9 7239.72 5658.59 4483.38 2172.93 1666.57 2310.45 38751.6 1058.67
internal_count=489335 483662 5802 477860 19031 4726 14305 10415 6338 458829 430087 7274 5043 28742 24638 9276 6750 15362 10226 422813 190377 34422 29136 22768 18045 8756 6713 9289 155955 4269
is_linear=0
shrinkage=0.05


Tree=209
num_leaves=31
num_cat=0
split_feature=23 9 30 28 6 39 11 37 34 9 10 6 10 17 7 9 19 9 12 10 7 9 22 7 21 7 37 22 10 0
split_gain=9.16401 11.7809 16.5519 11.3377 11.2921 23.4408 11.2982 11.6104 9.68823 12.0469 9.46935 9.02843 8.64481 8.15205 15.5786 18.6408 15.88 15.1837 14.5691 12.1523 12.4504 12.1016 11.7217 11.2786 11.2005 13.1822 13.0238 19.2011 14.0827 13.5413
threshold=0.12063453719019891 -1.7234147787094114 0.11718875914812089 1.1857257485389712 -0.882318615913391 0.90813454985618602 0.31568711996078497 0.10878611728549005 -0.069810453802347169 0.58067530393600475 3.0477052927017216 -0.33052408695220942 -2.4423166513442989 -0.38176648318767542 -0.066942457109689699 1.3885334730148318 0.62087875604629528 -0.68426966667175282 -7.7625479698181143 -0.065737120807170854 0.63034904003143322 -0.95161053538322438 1.3484706878662112 -0.3979595005512237 0.097837463021278395 -0.57365903258323658 0.044700678437948234 1.2474383711814883 -1.6631430983543394 1.8420378565788271
decision_type=2 2 2 2 2 2 2 2 2 2 2 2 2 2 2 2 2 2 2 2 2 2 2 2 2 2 2 2 2 2
left_child=3 2 11 4 6 8 7 -1 9 -6 12 -2 -3 14 16 18 -14 -18 21 20 -20 -16 23 -19 25 -15 27 -26 -28 -29
right_child=1 10 -4 -5 5 -7 -8 -9 -10 -11 -12 -13 13 24 15 -17 17 22 19 -21 -22 -23 -24 -25 26 -27 28 29 -30 -31
leaf_value=0.00050709111984307816 0.0041376696540177558 -0.0050677780183940009 -0.0093364497724239409 -0.0036088063298034562 0.00082520668695654871 -0.0076487240569665747 0.0048444134998933 0.0079979086038086088 -0.0053747377103988006 0.0085579152684509743 0.0051350790059810367 -0.0035839518958580376 -0.0026499161471906212 0.00744398498874322 0.0065083242106865119 -0.0030585996050422949 0.0060130054845004641 0.0067327871908707849 0.0047615030202103059 0.0066209709626219226 -0.0046252670201672045 0.00076313185493510633 -0.0026795657408962845 -0.00058887906254138109 -0.0032944598822579017 0.0006907807257292163 0.0072018650660055986 -0.00026309279490974359 -0.00010380334296586126 -0.0075601498280995494
leaf_weight=5429.0185236185789 603.72433786094189 876.54513829946518 824.74867129325867 1185.5443383604288 3883.5826972872019 900.02154543995857 3358.0971769094467 561.97595094144344 511.24853409826756 569.24911092221737 844.02646498382092 978.40602850914001 6252.4882245510817 825.33540841937065 970.38351902365685 2149.4984923154116 1181.0039218217134 868.21196472644806 837.63100251555443 2525.2407971769571 595.9197199344635 14167.992992997169 2454.9442219138145 1307.860303029418 9175.4067202061415 5376.0179160237312 663.27982671558857 18518.932613343 32544.676623165607 648.41822838783264
leaf_count=22072 2432 3527 3314 4812 15667 3615 13604 2284 2053 2290 3397 3928 25131 3322 3897 8681 4753 3486 3363 10167 2400 56993 9862 5250 36858 21588 2670 74499 130912 2617
internal_value=-1.77106e-05 -0.000189128 -0.00363965 0.0010813 0.00144892 -0.000271004 0.00252686 0.00122191 0.00107932 0.00183072 -0.000107981 -0.000629981 -0.000151891 -0.000108757 0.000531576 0.00134614 -0.000902876 0.000977889 0.00184326 0.00454023 0.000854461 0.00113546 -0.000316359 0.00234976 -0.000423617 0.0016001 -0.000627737 -0.0014148 4.42407e-05 -0.000513761
internal_weight=121589 105191 2406.88 16398.7 15213.2 5864.1 9349.09 5990.99 4964.08 4452.83 102784 1582.13 101940 101063 33311.2 21246.7 12064.5 5812.02 19097.2 3958.79 1433.55 15138.4 4631.02 2176.07 67752.1 6201.35 61550.7 28342.8 33208 19167.4
internal_count=489444 423047 9674 66397 61585 23625 37960 24356 20010 17957 413373 6360 409976 406449 133983 85501 48482 23351 76820 15930 5763 60890 18598 8736 272466 24910 247556 113974 133582 77116
is_linear=0
shrinkage=0.05


Tree=210
num_leaves=31
num_cat=0
split_feature=4 11 42 6 33 24 16 33 30 25 16 29 9 31 6 36 25 31 19 39 40 18 24 39 11 33 24 29 9 30
split_gain=10.1662 18.4427 16.1716 13.4149 9.08136 19.2305 17.9193 12.9897 11.3149 10.3671 9.97448 10.6304 10.3625 8.52451 10.8824 8.3619 8.98769 12.0261 14.7683 13.7027 8.16157 19.1341 9.59876 32.8219 24.9216 15.719 15.3017 14.3163 13.0976 12.7373
threshold=1.2858413457870486 0.49782556295394903 -0.56174489110708226 1.2782956361770632 0.3693793267011643 2.9495317935943608 -0.39073511958122248 0.25008837878704077 -0.15451633930206296 0.75843811035156261 -0.53740122914314259 0.30274459719657904 0.168029360473156 0.012292159255594017 1.1137514710426333 -0.99941229820251454 0.75843811035156261 -0.023862280882894989 0.93941006064414989 0.11753627657890321 -0.99495905637741078 1.1541914343833926 2.3614759445190434 -0.95756223797798146 1.2790768742561343 -0.28257203102111811 2.9495317935943608 1.0000000180025095e-35 1.0164459347724917 -0.92893865704536427
decision_type=2 2 2 2 2 2 2 2 2 2 2 2 2 2 2 2 2 2 2 2 2 2 2 2 2 2 2 2 2 2
left_child=4 -2 3 -3 7 6 8 20 9 -6 11 12 -9 -4 -15 -8 17 18 -17 -19 21 -1 -22 25 27 -24 -26 29 -29 -25
right_child=1 2 13 -5 5 -7 15 10 -10 -11 -12 -13 -14 14 -16 16 -18 19 -20 -21 22 -23 23 24 26 -27 -28 28 -30 -31
leaf_value=-0.0015350926683426343 -0.00026737418753872014 0.013684932337796128 -0.0020200968637045457 0.0029405304786460106 0.0031727530855358318 -0.0094634865270583034 -0.0065891028198418579 0.0032788448750411345 0.0063291559615482598 -0.0033153416546138148 0.00086776065898974989 0.0010299831566352323 0.013379156276205282 0.0083116273295909676 0.00091275117646590076 0.00492017765519285 -0.00033159474626572966 -0.0095515821159545978 -0.0049143439136826112 -0.0015914295376067964 -0.00052664998863597118 0.0068495625214463817 -0.012800398134408298 0.0097275473232161444 -0.0069748794411801434 -0.0018845957750940009 0.0024796233715652129 -0.0016398117230148499 0.0059349852060665452 0.0036614817469413593
leaf_weight=1427.2552208155394 6586.5514233261347 648.51415181159973 907.81880004703999 532.08989298343658 1334.9054423123598 692.67899338901043 911.65222755074501 517.29398906230927 1077.1832899898291 1125.5670817196369 7815.4773931503296 958.74471008777618 505.69541269540787 798.81156289577484 1296.4306906759739 742.14530256390572 5619.1073096245527 1164.6148364692926 765.15447017550468 1010.4619370400906 74171.205408096313 1285.2140612900257 507.27527736127377 1291.831627458334 994.05629920959473 921.82158401608467 738.81929175555706 1718.0668130964041 842.3496448546648 2650.2186858355999
leaf_count=5741 26535 2608 3655 2151 5364 2791 3685 2077 4334 4549 31410 3853 2033 3218 5253 2978 22719 4679 3070 4057 298507 5184 2045 5199 3999 3701 2973 6904 3384 10674
internal_value=-8.33714e-05 0.00138243 0.00397425 0.00890788 -0.00022598 -0.00139469 -0.000981654 -5.06475e-05 0.00208115 0.000203305 0.00167396 0.00483311 0.00835293 0.00201154 0.00375966 -0.00204356 -0.00159144 -0.0035078 -7.1632e-05 -0.00587779 -0.000246044 0.00244827 -0.000333499 0.00114788 0.00236286 -0.00582132 -0.00295281 0.00378182 0.00086561 0.00566895
internal_weight=121559 10770.2 4183.67 1180.6 110789 14443.5 13750.8 96345.3 3537.66 2460.47 9797.21 1981.73 1022.99 3003.06 2095.24 10213.1 9301.48 3682.38 1507.3 2175.08 86548.1 2712.47 83835.6 9664.44 8235.34 1429.1 1732.88 6502.47 2560.42 3942.05
internal_count=489330 43420 16885 4759 445910 58226 55435 387684 14247 9913 39373 7963 4110 12126 8471 41188 37503 14784 6048 8736 348311 10925 337386 38879 33133 5746 6972 26161 10288 15873
is_linear=0
shrinkage=0.05


Tree=211
num_leaves=31
num_cat=0
split_feature=16 10 35 40 34 36 40 24 34 9 3 22 17 4 36 10 22 19 13 7 37 16 23 26 41 42 7 31 34 43
split_gain=7.92953 13.1225 15.1521 17.4116 10.8855 11.8984 10.7463 8.73754 19.3919 13.9473 11.7882 11.0183 15.0486 9.54556 8.66508 8.45396 11.4361 8.1584 11.0099 11.5148 9.95411 7.52314 11.341 12.6434 7.32883 7.29537 7.24454 7.20501 9.44102 7.47913
threshold=0.3618703186511994 -0.019875687547028061 0.022254738025367263 -0.37864500284194941 0.84719592332839977 -0.64691203832626332 0.80643692612648021 1.5385298132896426 -0.69312396645545948 -0.89125260710716236 -1.1972817778587339 1.9305933117866518 0.35058137774467474 0.085192680358886733 -0.98144680261611927 0.95979711413383495 1.3710902333259585 0.20663110911846164 -8.8125028610229474 -0.94277012348175038 0.18080777674913409 -0.96910583972930897 0.19641453772783282 -1.2080871462821958 -0.60785761475563038 1.0000000180025095e-35 0.36099435389041906 0.59472808241844188 0.32758395373821264 0.70000001788139354
decision_type=2 2 2 2 2 2 2 2 2 2 2 2 2 2 2 2 2 2 2 2 2 2 2 2 2 2 2 2 2 2
left_child=14 7 -3 15 5 -5 -7 9 -9 -2 -11 12 13 -12 17 16 -4 18 -1 -20 -19 22 -16 24 -24 -18 -22 28 29 -21
right_child=1 2 3 4 -6 6 -8 8 -10 10 11 -13 -14 -15 21 -17 25 20 19 27 26 -23 23 -25 -26 -27 -28 -29 -30 -31
leaf_value=-0.0064993093907987857 -0.0040503974486968755 -0.005260670641878803 0.0070399901296778304 0.0053705848307713314 -0.0086451466956883865 -0.0077898499248294176 0.0017869549710251632 0.00094346226631542506 0.0134313693933691 0.0086217605137565035 0.0040877409478254243 -0.0043259041636954159 0.0081160091205993989 -0.0030122754527030899 0.0091178122620288616 0.0082642645864284704 -0.0033619665401737678 -0.0034755479316385379 -0.0034771600896979084 -0.00026589186585540564 0.0037125982147411169 -4.3065605518636983e-05 -0.00078624810557518176 -0.0036274274193966931 0.0065954608489369867 0.0033633683375041269 -0.0029411985899896504 -0.0041067696125570248 0.0062495346701332737 0.0035760519839654983
leaf_weight=656.77577768266201 827.46120391786098 1282.8868620991707 723.28542675077915 559.23627880215645 540.60160349309444 632.99416181445122 532.36506994068623 699.92531348764896 551.63913069665432 758.15030579268932 912.79916867613792 603.16678060591221 962.0863314718008 962.22415766119957 526.18475358188152 652.47520051896572 929.73481121659279 5557.9433824568987 1791.3182261437178 4881.4145773351192 966.67136891186237 87967.235499054193 524.29945714771748 886.66586667299271 917.85834018886089 696.46516299247742 694.50153635442257 640.43014988303185 868.89232549071312 1700.1026178151369
leaf_count=2648 3368 5181 2904 2254 2195 2551 2146 2854 2224 3078 3680 2437 3866 3866 2123 2628 3738 22370 7256 19616 3884 353974 2110 3565 3688 2812 2804 2575 3499 6833
internal_value=-1.9576e-05 0.00115557 -0.000410067 0.000779092 -0.00252398 -0.000566423 -0.00343695 0.00278724 0.00651046 0.00184898 0.00301855 0.00176233 0.00306733 0.000447505 -0.000158499 0.0032716 0.00185594 -0.0011683 -0.000280666 0.000138782 -0.00246195 3.90501e-05 0.00256048 0.00104624 0.00392489 -0.000478703 0.000929832 0.000942659 0.00138163 0.000730458
internal_weight=121408 12827.5 6550.04 5267.16 2265.2 1724.6 1165.36 6277.45 1251.56 5025.89 4198.43 3440.28 2837.11 1875.02 108580 3001.96 2349.49 17758 10538.9 9882.16 7219.12 90822.2 2855.01 2328.82 1442.16 1626.2 1661.17 8090.84 7450.41 6581.52
internal_count=488727 51782 26409 21228 9146 6951 4697 25373 5078 20295 16927 13849 11412 7546 436945 12082 9454 71485 42427 39779 29058 365460 11486 9363 5798 6550 6688 32523 29948 26449
is_linear=0
shrinkage=0.05


Tree=212
num_leaves=31
num_cat=0
split_feature=20 39 28 10 11 19 28 30 11 24 10 10 41 39 39 35 12 39 33 8 26 41 24 30 24 11 39 15 15 14
split_gain=8.75675 15.1663 14.2328 16.1821 12.8733 11.2598 10.7482 8.23614 7.63366 27.4531 23.5646 14.1933 18.5699 18.5501 16.0963 11.1535 10.9576 6.11378 8.84521 6.01622 17.6168 16.1201 18.8759 18.011 16.3022 13.3241 16.1988 13.2884 19.275 12.9096
threshold=2.452677965164185 0.96244606375694286 1.0000000180025095e-35 -0.34901767969131464 0.39960423111915594 0.95220443606376659 0.81116393208503734 0.77167657017707836 -1.7890579700469968 2.1353312730789189 -1.5230438709259031 -0.037626598030328744 -0.60785761475563038 0.69150647521018993 0.20363981276750567 -0.14813679456710813 -8.1722507476806623 0.082807421684265151 0.60712555050849926 -0.77948758006095875 1.51711642742157 0.6078576147556306 1.1522853374481203 0.21964777261018756 1.3166523575782778 1.0734680294990542 0.96004071831703197 -7.3639938831329337 -7.7389352321624747 -8.4613456726074201
decision_type=2 2 2 2 2 2 2 2 2 2 2 2 2 2 2 2 2 2 2 2 2 2 2 2 2 2 2 2 2 2
left_child=8 2 4 6 -2 7 -4 17 9 11 -11 12 14 -14 -1 -13 -17 18 -5 20 21 22 -10 24 -23 26 29 28 -26 -24
right_child=1 -3 3 5 -6 -7 -8 -9 19 10 -12 15 13 -15 -16 16 -18 -19 -20 -21 -22 23 25 -25 27 -27 -28 -29 -30 -31
leaf_value=0.013066633677987992 0.0026469866449401825 -0.0062955541940461907 -0.0084864177269973785 0.0039958223612412041 0.012006916216355652 -0.0035479628246752799 -0.00012155927191717029 0.0086234062185879864 0.0072597163419829544 -0.00048538688115112177 0.012184655895411402 0.0023702898715719078 -0.0060085896813529887 0.0057957871416847023 0.0012163887032077617 -0.010635756383682795 -0.0014247968996287173 0.0059653103805602428 -0.0044580383954159735 -0.00052859488570098983 -0.0062540457552570624 0.003583977202190189 -0.0064951090317973414 0.0021874215471769211 -0.0014744826758555194 0.0050298510737719843 0.006743371588655212 -0.0003454132019266021 -0.011567229123720288 0.00029117855742778553
leaf_weight=511.6478373259306 920.51279792189598 557.6084500849247 582.88757467269897 705.53595036268234 609.89376007020473 550.09528560936451 1090.9395152926445 764.18761387467384 1383.4215938746929 601.45138166844845 928.38831429183483 501.16762961447239 950.42974285781384 499.91661922633648 640.92592471837997 688.85648259520531 606.7612102329731 783.54103884100914 535.19503055512905 88920.87052129209 925.08037383854389 640.1075060069561 758.270732447505 2144.1437163203955 793.60420534014702 1799.562195405364 889.03417012095451 958.45615530014038 1173.3014498651028 7971.2712907493114
leaf_count=2071 3734 2257 2376 2863 2472 2225 4432 3078 5597 2425 3737 2021 3825 2009 2585 2769 2438 3171 2167 357564 3735 2579 3069 8633 3188 7255 3581 3863 4720 32200
internal_value=-0.000152878 0.00154965 0.00222685 0.000933021 0.00643081 0.00294196 -0.00306761 0.00423037 -0.000258779 0.00148658 0.00723267 -0.00052328 0.00183415 -0.00192794 0.00654407 -0.00392964 -0.00636605 0.0025377 0.000342723 -0.000354418 0.000442306 0.000780146 0.00176514 -0.00142753 -0.00360148 0.00109364 0.000352751 -0.0051806 -0.00752308 -0.000305053
internal_weight=121387 7100.4 6542.79 5012.38 1530.41 3338.55 1673.83 2788.46 114287 5929.55 1529.84 4399.71 2602.92 1450.35 1152.57 1796.79 1295.62 2024.27 1240.73 108357 19436.3 18511.2 12801.6 5709.61 3565.47 11418.1 9618.58 2925.36 1966.91 8729.54
internal_count=488639 28775 26518 20312 6206 13504 6808 11279 459864 23880 6162 17718 10490 5834 4656 7228 5207 8201 5030 435984 78420 74685 51702 22983 14350 46105 38850 11771 7908 35269
is_linear=0
shrinkage=0.05


Tree=213
num_leaves=31
num_cat=0
split_feature=37 24 11 40 31 17 30 39 17 20 8 13 42 23 31 40 22 21 5 24 39 5 7 30 17 9 30 8 11 5
split_gain=7.6949 11.1395 13.1095 13.183 12.5266 13.6571 11.0258 11.3194 21.8408 11.8314 11.044 10.485 10.1939 21.4393 19.4016 14.3684 24.1363 13.1229 11.3653 10.1506 14.5239 10.0084 11.5254 14.1179 18.8503 17.6494 14.4299 26.2025 14.002 13.4174
threshold=-0.19999665766954419 1.437179744243622 1.9928539395332339 -0.40274286270141596 0.73496904969215404 -0.19493853300809857 0.80983525514602672 -0.51128822565078724 0.4111997932195664 1.1626245379447939 1.2819710969924929 -9.0238199234008771 0.81174489855766307 0.18863208591938022 -0.54581931233406056 0.10018710792064668 1.0919561982154848 0.59917518496513378 0.36414460837841039 1.1744916439056399 -0.75755777955055226 -1.6615126729011533 -0.18645134568214414 0.65167731046676647 0.24012046307325366 -0.37277308106422419 -0.16363707929849622 -0.23683843761682508 -0.53281664848327626 -0.15166323632001874
decision_type=2 2 2 2 2 2 2 2 2 2 2 2 2 2 2 2 2 2 2 2 2 2 2 2 2 2 2 2 2 2
left_child=11 2 4 -4 6 -6 10 19 -9 -10 12 -1 21 -14 -15 16 -16 -17 -18 20 -8 -2 23 24 25 28 -27 -28 29 -23
right_child=1 -3 3 -5 5 -7 7 8 9 -11 -12 -13 13 14 15 17 18 -19 -20 -21 -22 22 -24 -25 -26 26 27 -29 -30 -31
leaf_value=-0.0062638552896130467 0.006478876428387033 0.00060537550463424846 0.0083331637214489208 -0.00048811226564022175 -0.00023047406282826824 -0.011758881961719949 0.0068471331942328729 0.01331061124039584 -0.0033786008548351309 0.0059437039244931399 -0.0075713717260231144 -0.00063472569869762758 0.0049604376003487298 -0.013398958110900722 0.0035170606162940286 -0.0050924391901035386 -0.0048300818506770513 0.0044547547350654434 -0.013760939662850325 -0.004070247882906379 -0.0022954962112280829 0.0002005004913803413 0.0003510602533984622 -0.0098879035193641003 0.0044692799475152811 -0.0024418879150498846 -0.014460394793812757 -0.00062801695615842708 -0.0018023303699317107 0.011066303691084273
leaf_weight=838.11644534766674 509.44897657632828 49040.072109311819 807.01356981694698 877.27053701877594 498.87084367871284 520.53516463935375 819.50171510875225 518.11325892806053 670.50350753962994 671.67835380136967 602.591892182827 33897.791197180748 719.48333495855331 508.58150716125965 508.33419692516327 584.0871424227953 772.35849577188492 903.53593383729458 679.46115075051785 1092.8519280254841 904.21198016405106 638.16829614341259 14769.495898291469 508.28525367379189 1182.9714664816856 3580.6079382896423 778.29566664993763 606.88759472966194 2120.6726398319006 502.6357307434082
leaf_count=3378 2075 197436 3244 3531 2010 2103 3290 2083 2691 2700 2446 136554 2911 2044 2040 2349 3101 3639 2736 4392 3627 2586 59349 2042 4758 14388 3129 2435 8547 2024
internal_value=-0.000143413 0.000108041 -0.000536206 0.00376278 -0.000737364 -0.00617422 -0.000577988 0.00168008 0.00469554 0.00129609 -0.000924951 -0.00077231 -0.000788394 -0.00292992 -0.00437371 -0.0030075 -0.00580842 0.000697255 -0.00907533 -0.000321147 0.00206559 -0.00038999 -0.000534299 -0.0018517 -0.00140759 -0.00225701 -0.00413087 -0.00844798 0.000599963 0.00504251
internal_weight=121632 86896.5 37856.5 1684.28 36172.2 1019.41 35152.8 4676.86 1860.3 1342.18 30475.9 34735.9 29873.3 4675.84 3956.36 3447.78 1960.15 1487.62 1451.82 2816.57 1723.71 25197.5 24688 9918.52 9410.24 8227.27 4965.79 1385.18 3261.48 1140.8
internal_count=489638 349706 152270 6775 145495 4113 141382 18783 7474 5391 122599 139932 120153 18820 15909 13865 7877 5988 5837 11309 6917 101333 99258 39909 37867 33109 19952 5564 13157 4610
is_linear=0
shrinkage=0.05


Tree=214
num_leaves=31
num_cat=0
split_feature=3 0 10 25 10 15 11 34 21 12 25 34 15 11 22 9 1 25 30 33 11 33 31 31 17 25 11 30 31 6
split_gain=7.11519 12.8768 12.3878 7.89731 7.08889 19.578 21.7744 19.3388 17.7002 16.4081 12.6767 11.6062 11.7612 11.2805 16.6408 14.9491 15.5365 15.051 17.7857 15.4982 19.7883 19.7225 14.4948 14.2367 13.9622 21.2585 15.6774 16.3043 13.8511 13.2455
threshold=-1.7140864133834837 0.44536319375038153 0.92826861143112194 0.0052094203419983396 0.37902431190013891 -6.5559344291687003 -0.86395528912544239 -0.4774730503559112 0.23396175354719165 -7.8687379360198966 0.70254650712013256 -0.087553605437278734 -7.4254577159881583 0.040328234434127815 1.390450716018677 -0.50223919749259938 0.87360358238220226 0.73752015829086315 -1.077092111110687 0.045434176921844489 0.52031996846199047 0.33461554348468786 0.79112109541893016 0.11408303305506708 -0.21209791302680966 0.52643150091171276 0.326217070221901 -0.87218010425567616 -0.36425438523292536 -0.73494911193847645
decision_type=2 2 2 2 2 2 2 2 2 2 2 2 2 2 2 2 2 2 2 2 2 2 2 2 2 2 2 2 2 2
left_child=1 2 3 -1 13 6 9 8 -8 11 -11 -6 -13 22 23 16 -16 19 -19 -17 -21 -22 -2 24 26 28 -15 -28 -26 -25
right_child=4 -3 -4 -5 5 -7 7 -9 -10 10 -12 12 -14 14 15 17 -18 18 -20 20 21 -23 -24 29 25 -27 27 -29 -30 -31
leaf_value=-0.0022796780175364127 -3.6314056300961064e-05 -0.0054311722428828074 -0.0042079235949605345 0.00437122819654856 0.0051863436125430514 0.0088400295479183384 0.0019206279452030298 0.00038466114165379515 0.013607647799354111 -0.012783766010461018 -0.0027911412870810022 -0.0060581904027820002 0.0024706793161853122 -0.0078463161874563897 0.0013013369259316336 -0.0030356420659392678 -0.0067255407260170949 0.0076666378924835207 -0.0023863135524696275 -0.013238731287908576 -0.0092602573147397525 0.0029137791873985997 0.007863502447945472 0.009589057247957047 -0.0067773913233828455 0.0063118485424342816 0.00082792207202539306 -0.005392850782846772 0.0010240018896190035 0.0012242538829819044
leaf_weight=502.54780910909176 44930.463748335838 549.2914505302906 577.8223585486412 3623.5635766386986 570.78806512057781 664.30772931873798 847.39450067281723 36286.897395759821 518.53346830606461 656.93828558921814 619.11405493319035 1105.838053420186 626.78915122151375 1180.5783708840609 3660.2216525822878 4131.8522461950779 711.31603565812111 522.72011315822601 2518.3728672266006 1044.0848181545734 763.61454337835312 577.06460464000702 578.25533533096313 517.12487341463566 828.33203548192978 1306.9234531223774 2937.078859642148 1630.3637238293886 1764.1661404967308 4680.3401081264019
leaf_count=2060 180774 2227 2328 14684 2297 2674 3432 146062 2100 2639 2498 4446 2520 4741 14780 16621 2867 2116 10175 4188 3065 2323 2327 2079 3332 5246 11799 6552 7083 18798
internal_value=-4.94619e-05 0.00174866 0.00259681 0.00355761 -0.00013091 0.000389087 0.000250821 0.000605394 0.00642391 -0.00347027 -0.00799495 -0.000939948 -0.00297634 -0.000424209 -0.0011989 -0.00243956 -1.71276e-05 -0.00354636 -0.000638892 -0.00490012 -0.00810436 -0.00403745 6.57702e-05 -3.39198e-05 -0.00117015 0.00113758 -0.00273496 -0.00139953 -0.00148509 0.00207333
internal_weight=121433 5253.23 4703.93 4126.11 116179 41896.6 41232.3 37652.8 1365.93 3579.47 1276.05 2303.42 1732.63 74282.9 28774.2 13929.2 4371.54 9557.71 3041.09 6516.62 2384.76 1340.68 45508.7 14844.9 9647.44 3899.42 5748.02 4567.44 2592.5 5197.46
internal_count=488833 21299 19072 16744 467534 168668 165994 151594 5532 14400 5137 9263 6966 298866 115765 56135 17647 38488 12291 26197 9576 5388 183101 59630 38753 15661 23092 18351 10415 20877
is_linear=0
shrinkage=0.05


Tree=215
num_leaves=31
num_cat=0
split_feature=36 10 35 18 7 29 11 32 19 29 10 30 29 13 29 15 41 18 25 35 18 30 41 40 40 37 35 41 10 22
split_gain=10.9771 13.8972 9.87447 11.8996 11.8617 11.2673 11.0105 15.3246 14.2507 9.12575 10.1284 8.63931 8.61732 10.9623 10.5483 11.7244 13.6589 12.1968 12.2011 26.7248 10.4859 12.7409 14.0594 12.9905 11.0928 10.5003 9.87246 17.9774 13.5909 12.4446
threshold=-0.98666349053382862 0.99167183041572582 -0.19058993458747861 0.57662412524223339 0.09405099600553514 0.51037847995758068 0.45395179092884069 -0.53317001461982716 0.2801662683486939 -0.20799100399017331 -0.25309619307518 -0.74521666765213002 -0.12283061444759368 -6.9690177440643302 0.050440968945622451 -7.5092594623565665 0.87837970256805431 1.83281546831131 0.33508181571960455 0.081798799335956587 0.92143499851226818 0.60588437318801891 0.6078576147556306 -0.16074103116989133 -0.7223570942878722 -0.088170234113931642 0.1980291083455086 0.87837970256805431 0.029050201177597049 1.414725720882416
decision_type=2 2 2 2 2 2 2 2 2 2 2 2 2 2 2 2 2 2 2 2 2 2 2 2 2 2 2 2 2 2
left_child=1 2 9 4 -4 6 -5 -8 -9 -1 11 -11 -2 14 15 16 -14 18 -17 -20 25 24 23 -23 -22 -15 27 -16 -29 -28
right_child=12 -3 3 5 -6 -7 7 8 -10 10 -12 -13 13 20 26 17 -18 -19 19 -21 21 22 -24 -25 -26 -27 29 28 -30 -31
leaf_value=-0.0002522402366258922 -0.00032357223934547302 -0.0043038897045500173 0.0012078000236207859 0.0036549005850290924 -0.0082012359141989538 -0.0022772758318979776 -0.0079525715666864151 0.0051481491754984546 -0.0030430733367937451 -0.006775583401949609 -0.010153129426999353 -0.00056856840928969825 0.0030459118962626991 0.0011209118672498197 0.0017485730122709245 0.0040497977781085697 0.011049101077162801 0.0072145488721392301 -0.0080671566304673422 0.0017712459887281884 -0.0090487613956539287 -0.0046276677047515456 0.0073760747660234511 0.0049609333482111551 -0.00067587104174497204 -0.0062259489788946652 -0.0018062768998548728 -0.004099491006726917 0.0030234651113256617 0.00079428483663957167
leaf_weight=3315.7760353088379 43251.925500437617 2850.9815694838762 609.92130853235722 4192.8669576942921 726.95600901544094 1904.2955144047737 533.11658020317554 1165.9861432611942 959.13516655564308 838.1745039075613 546.01786614954472 1659.5823802798986 4380.4960502386093 692.09426113963127 20498.153038665652 1062.0388352572918 600.09012642502785 579.22219799458981 1147.7323790937662 1702.479677900672 501.6242478042841 805.35797636210918 941.52084301412106 613.29373236000538 1752.3572101294994 1604.5735752880573 8165.104673743248 2472.6626108586788 908.79967729747295 10511.169833943248
leaf_count=13419 174268 11491 2451 16840 2926 7668 2144 4688 3866 3368 2196 6672 17612 2779 82321 4275 2409 2331 4606 6846 2016 3231 3780 2465 7045 6442 32871 9923 3645 42486
internal_value=5.7811e-06 -0.00108743 -0.00052777 0.000444682 -0.00393147 0.00111661 0.0020619 -0.000455046 0.00145425 -0.00206928 -0.00404138 -0.00267017 0.000212365 0.000605648 0.000854199 0.00236237 0.00403039 0.000507862 -0.000500948 -0.00220487 -0.00126409 0.000111741 0.00267381 -0.000476734 -0.002571 -0.00401673 0.000518035 0.00119133 -0.00218186 -0.000343016
internal_weight=121494 19302.8 16451.8 10092.3 1336.88 8755.4 6851.1 2658.24 2125.12 6359.55 3043.77 2497.76 102191 58938.8 52027.9 9472.06 4980.59 4491.47 3912.25 2850.21 6910.82 4614.15 2360.17 1418.65 2253.98 2296.67 42555.9 23879.6 3381.46 18676.3
internal_count=489080 77729 66238 40583 5377 35206 27538 10698 8554 25655 12236 10040 411351 237083 209325 38079 20021 18058 15727 11452 27758 18537 9476 5696 9061 9221 171246 95889 13568 75357
is_linear=0
shrinkage=0.05


Tree=216
num_leaves=31
num_cat=0
split_feature=16 31 39 25 22 39 39 29 31 11 6 20 26 27 14 7 13 23 23 23 8 39 35 25 5 26 20 11 39 13
split_gain=9.8144 6.00702 15.881 13.7306 8.71403 17.0891 11.2554 6.09209 6.80559 10.3126 9.50908 9.42852 5.31254 10.9343 10.6852 14.7583 10.4587 15.5686 14.3672 12.552 12.0655 14.2236 18.0569 12.949 13.044 11.977 11.8253 10.9351 10.914 19.719
threshold=-1.4166204333305357 0.71975362300872814 0.94116705656051647 0.54915013909339916 1.62661749124527 0.3542876690626145 0.16934788972139361 0.9010513722896577 0.24773903936147693 -0.27920243144035334 0.70201727747917186 2.0394964218139653 -1.6316460371017454 0.98481613397598278 -8.8697161674499494 -0.11297596991062163 -8.3260407447814924 0.91277146339416515 0.45665271580219274 0.061789911240339286 0.030586353503167633 -0.94116705656051625 0.25067679584026342 0.37703230977058416 0.11425822228193284 -2.2241228818893428 2.0240354537963872 -0.44961744546890253 0.84103098511695873 -8.633842468261717
decision_type=2 2 2 2 2 2 2 2 2 2 2 2 2 2 2 2 2 2 2 2 2 2 2 2 2 2 2 2 2 2
left_child=-1 7 3 -3 6 -6 -5 12 9 -9 -10 -12 14 -14 15 -2 19 18 26 -16 21 -20 23 24 -23 -26 -18 -19 -21 -30
right_child=1 2 -4 4 5 -7 -8 8 10 -11 11 -13 13 -15 16 -17 17 27 20 28 -22 22 -24 -25 25 -27 -28 -29 29 -31
leaf_value=0.0067611763340674749 -0.010625692984553053 -0.010169298753427893 0.0051696716202244255 -0.003589290135654781 1.2963370255506696e-05 -0.011179976574108538 0.0063101453882669634 0.0058839249804535703 -0.010156259915734584 -0.0030332136357897627 0.0024966703538253929 -0.0068183633490376712 -0.00037101215550381869 0.0024873924674977399 0.0092555915106794194 0.001054156782811475 -0.00098708034146119806 0.00098226964741299195 0.011133321722051738 0.0031898423118220925 0.00040751151938474365 0.0083311757426664888 0.009871134367142459 -0.0012560721857978498 -0.0031846875619551077 0.0065309258564816069 0.0055268557152968398 -0.0064226435107504493 -0.0075387336762981387 0.002682223017804766
leaf_weight=509.17432837188244 497.02176563441753 615.20757065713406 619.92571601271629 563.65777108073235 846.35744747519493 561.1088397949934 565.63629044592381 505.06301957368851 500.95202401280403 865.18973940610886 575.74130281805992 497.9602080732584 73848.028859138489 3494.5017533004284 600.83494608104229 576.18317355215549 12401.07571940124 763.91603575646877 532.80286023020744 4115.7705608904362 7773.4972006231546 1000.2371662259102 728.91437424719334 2249.3401415497065 775.01014307141304 522.47039461135864 728.26958727836609 1412.5420292466879 767.08777113258839 1192.6203515231609
leaf_count=2052 2002 2473 2499 2272 3430 2268 2276 2029 2014 3481 2323 2018 297391 14060 2430 2318 49874 3071 2137 16566 31243 4016 2927 9023 3110 2097 2943 5705 3085 4794
internal_value=-9.86741e-05 -0.000128171 -0.00208942 -0.00352897 -0.00188497 -0.00449667 0.00138096 -6.47295e-05 -0.00230615 0.000272381 -0.00453753 -0.0018465 -6.62063e-06 -0.000241558 0.000489267 -0.00440316 0.000638099 0.000225564 0.000557401 0.00242011 0.00169693 0.0034188 0.00262014 0.00143867 0.00407068 0.000747631 -0.000621828 -0.00383098 0.00173002 -0.00133652
internal_weight=121206 120697 3771.89 3151.97 2536.76 1407.47 1129.29 116925 2944.91 1370.25 1574.65 1073.7 113980 77342.5 36637.6 1073.2 35564.4 28888.1 26711.6 6676.31 13582.3 5808.78 5275.97 4547.06 2297.72 1297.48 13129.3 2176.46 6075.48 1959.71
internal_count=487927 485875 15218 12719 10246 5698 4548 470657 11865 5510 6355 4341 458792 311451 147341 4320 143021 116146 107370 26875 54553 23310 21173 18246 9223 5207 52817 8776 24445 7879
is_linear=0
shrinkage=0.05


Tree=217
num_leaves=31
num_cat=0
split_feature=15 28 11 7 6 15 30 15 30 30 30 30 4 26 15 28 11 16 22 5 2 30 11 35 11 1 7 10 30 27
split_gain=11.0793 9.58703 18.3598 18.9276 22.3453 14.3036 19.0147 17.2129 16.8273 13.9939 12.6375 11.0101 14.3335 11.7178 8.774 8.61489 13.1918 15.1447 15.7719 11.9758 11.4267 9.91424 13.268 20.5241 14.0617 12.9542 11.8992 20.8738 11.8771 12.1302
threshold=-9.1358075141906721 -2.2385720014572139 -0.93243899941444386 -0.70663356781005848 0.65550372004508983 -7.4591434001922599 -1.9060676693916319 -7.6178791522979727 -0.90575498342514027 -1.4661503434181211 -1.5249121785163877 -1.2426225543022154 -0.23229399323463437 -2.8933354616165157 -7.8342630863189688 -1.2770915031433103 0.46472950279712683 -0.24640815705060956 1.1264553070068362 0.78553056716918956 -0.86617407202720631 -0.6179673671722411 -0.74131622910499562 -0.56992796063423146 -2.5237302780151363 -1.1432281732559202 0.79506510496139537 0.57851907610893261 -1.1558127999305723 0.53135997056961071
decision_type=2 2 2 2 2 2 2 2 2 2 2 2 2 2 2 2 2 2 2 2 2 2 2 2 2 2 2 2 2 2
left_child=-1 2 11 9 5 7 -7 14 -8 -4 -9 12 -2 -14 -5 16 17 20 -19 -18 -3 22 24 -24 -17 -25 27 -26 29 -27
right_child=1 15 3 4 -6 6 8 10 -10 -11 -12 -13 13 -15 -16 21 19 18 -20 -21 -22 -23 23 25 26 28 -28 -29 -30 -31
leaf_value=-0.0072825759758254199 -0.0056918824859912374 -0.0041509240840968019 -0.014304141687107062 0.0025153312201379608 -0.0069901378385339805 -0.0084043660220441616 0.003920687282117143 0.012762803993452322 -0.0057748963659114243 -0.0033392879488359593 0.0017900750476369611 0.007484513496592138 0.0090870483044585611 -0.0015802858850190846 -0.0039526576226749975 0.0036396068468173234 -0.0013117702702566153 9.3405041363821796e-05 0.0050552567306991437 0.0035292345718165551 0.0011421622731323808 0.00023722323938553454 0.0088308235239732691 0.0034795789122907179 -0.0039909810360580136 0.003591534502171321 0.0011804459360655935 -0.014998088816015118 -0.0022064816430108127 -0.0028983210059058385
leaf_weight=507.5657823830843 625.99894016981125 1158.9099373072386 524.18767429888248 1140.9166645854712 1471.1649734079838 955.19902643561363 1165.1183203905821 528.12739670276642 712.77260036766529 657.10931447148323 519.53577379882336 750.68826647102833 514.59995631873608 500.54070326685905 953.21910519897938 622.88636265695095 7789.5725185722113 2330.1163871586323 5114.6832274794579 1517.9490371197462 7978.7672645449638 64993.770847991109 581.14980815351009 1631.2022181898355 2910.3164103925228 2082.0454234927893 782.58732022345066 498.84539264440536 8763.3358071744442 1088.8751859813929
leaf_count=2044 2522 4662 2109 4586 5923 3838 4680 2121 2864 2644 2087 3022 2068 2011 3829 2515 31337 9359 20582 6116 32062 261734 2362 6580 11727 8380 3159 2006 35291 4387
internal_value=1.73038e-05 4.85594e-05 -0.00135673 -0.00243099 -0.00149255 -0.000129487 -0.00270078 0.00219036 0.000229534 -0.00828405 0.0073898 0.00251209 0.00020606 0.00386314 -0.000433593 0.000189643 0.000986827 0.00183201 0.00350448 -0.000519318 0.000467049 -5.62803e-05 -0.00106192 -0.000289505 -0.00332617 -0.000686441 -0.00436747 -0.00564075 -0.0012583 0.00136085
internal_weight=121372 120864 11019.2 8627.35 7446.05 5974.89 2833.09 3141.8 1877.89 1181.3 1047.66 2391.83 1641.14 1015.14 2094.14 109845 25890 16582.5 7444.8 9307.52 9137.68 83955 18961.2 14146.6 4814.64 13565.5 4191.75 3409.16 11934.3 3170.92
internal_count=488607 486563 44304 34681 29928 24005 11382 12623 7544 4753 4208 9623 6601 4079 8415 442259 104118 66665 29941 37453 36724 338141 76407 57000 19407 54638 16892 13733 48058 12767
is_linear=0
shrinkage=0.05


Tree=218
num_leaves=31
num_cat=0
split_feature=24 24 11 30 17 31 11 17 24 25 22 13 30 11 10 13 39 9 30 39 30 40 20 11 13 31 17 24 12 12
split_gain=6.51164 15.7826 12.9938 12.0286 11.0942 21.6659 13.1483 30.7407 15.7036 16.609 15.6521 15.2746 21.5959 16.7066 15.9034 13.4877 17.3227 12.7221 17.5758 25.8218 13.6268 15.2452 12.5439 12.0225 12.4312 11.8849 31.9426 17.0858 16.3794 24.6655
threshold=1.349904000759125 1.3261211514472964 -2.3632735013961788 -1.0390697121620176 -0.23377940803766248 0.069341108202934279 0.98324859142303478 -0.3595366477966308 1.6874279379844668 0.46371313929557806 1.3407690525054934 -7.5922706127166739 -0.73572269082069386 0.54402810335159313 0.68314188718795787 -8.7013974189758283 0.81663379073143016 0.6249552071094514 -1.1404469609260557 0.55556493997573864 -0.11076102405786513 0.84571975469589245 1.2243827581405642 -1.5187954306602476 -8.0290384292602521 -0.22196134924888608 -0.082511108368635164 2.1737023591995244 -7.0650758743286124 -8.035179138183592
decision_type=2 2 2 2 2 2 2 2 2 2 2 2 2 2 2 2 2 2 2 2 2 2 2 2 2 2 2 2 2 2
left_child=1 2 -1 -3 5 -2 11 8 22 -10 -11 13 -13 15 -15 16 -7 20 -19 -20 21 23 -8 -17 -25 -6 27 -27 29 -28
right_child=4 3 -4 -5 25 6 7 -9 9 10 -12 12 -14 14 -16 17 -18 18 19 -21 -22 -23 -24 24 -26 26 28 -29 -30 -31
leaf_value=0.0064913156108439701 -0.0012021799409121976 0.0022986113882115774 -0.00023633937701350496 -0.0062000961740693505 0.0024122346391408644 0.0094961660911607806 -0.00059290199740210411 -0.0093875540664547646 0.00460558872561217 0.0021978548780744395 -0.0081656314836514882 0.00065165046423091471 0.010753817902177693 0.0098475947768948986 -0.00089817056083436517 0.0041776484890656091 -0.002224216917410289 0.0021508754275344319 -0.010495991315381432 0.00090528145601450087 0.0079709674374602926 0.006541374495163412 0.0092297435074680158 -0.0054138704764998746 0.001090968844282344 0.0046894590493905793 0.002796997338053585 -0.0007128180271077782 0.0019125426014733136 -0.0025195502058812944
leaf_weight=720.48241500556469 22229.05874556303 531.02658948302269 41049.307565778494 1845.5132738798857 11050.301518052816 826.70779629051685 551.5095429867506 903.31391850113869 723.10469500720501 559.20924364030361 1016.8326711058617 1035.9849168509245 1074.0395700335503 971.6260792016983 527.92733269929886 838.89930132031441 500.70622462034225 1132.1586807370186 1148.6018952280283 866.58356599509716 640.07020266354084 783.4977071583271 777.4742556065321 1667.6961278319359 1301.3469526916742 5412.2657207101583 2691.8846491277218 2001.4284777343273 4687.6159227788448 11340.004878506064
leaf_count=2905 89518 2137 165132 7433 44607 3330 2220 3641 2905 2252 4111 4169 4331 3911 2129 3374 2014 4559 4639 3493 2574 3156 3134 6701 5228 21783 10827 8053 18860 45623
internal_value=0.000139624 -0.00034475 -0.000118769 -0.00429943 0.000416404 -0.000160726 0.00113637 -0.00118813 0.000873511 -0.00162715 -0.0044978 0.0019277 0.0058203 0.0011902 0.00608359 0.000428722 0.00509161 -0.000315182 -0.00282214 -0.00561288 0.00119555 0.000235747 0.0051795 -0.00107539 -0.00256867 0.00103831 0.000456653 0.00323204 -0.000643656 -0.00149836
internal_weight=121406 44146.3 41769.8 2376.54 77259.9 40076.3 17847.3 4531.44 3628.13 2299.15 1576.04 13315.8 2110.02 11205.8 1499.55 9706.27 1327.41 8378.85 3147.34 2015.19 5231.51 4591.44 1328.98 3807.94 2969.04 37183.5 26133.2 7413.69 18719.5 14031.9
internal_count=488749 177607 168037 9570 311142 161389 71871 18263 14622 9268 6363 53608 8500 45108 6040 39068 5344 33724 12691 8132 21033 18459 5354 15303 11929 149753 105146 29836 75310 56450
is_linear=0
shrinkage=0.05


Tree=219
num_leaves=31
num_cat=0
split_feature=20 20 20 25 25 21 15 22 15 20 5 30 5 43 32 5 19 2 22 7 12 26 4 9 37 25 1 2 9 13
split_gain=6.84002 16.5693 13.8746 16.4958 11.5496 12.7718 10.5319 13.3906 11.793 11.466 9.96949 9.63818 9.38065 8.84199 18.9462 14.9471 26.0772 13.6342 15.4609 13.461 22.7448 12.9356 12.1776 19.0995 15.917 11.2011 9.98014 10.3943 9.68636 10.564
threshold=0.83541420102119457 0.81092137098312389 0.89034581184387218 0.23526392132043841 0.83760020136833202 0.89222911000251781 -8.4570713043212873 1.7559431791305544 -8.690760135650633 1.4764834046363833 -0.033791495487093919 -0.41016542911529535 -1.0000000180025095e-35 0.63333335518836986 -0.38886326551437372 0.16878090053796771 0.61127319931983959 -0.38355652987956995 1.1752739548683169 1.0027170777320864 -7.485417127609252 0.49163237214088445 0.033250674605369575 -0.73157733678817738 0.35000173747539526 0.91419079899787914 0.32650314271450048 -0.30765347182750696 -1.8793168067932127 -6.5986449718475333
decision_type=2 2 2 2 2 2 2 2 2 2 2 2 2 2 2 2 2 2 2 2 2 2 2 2 2 2 2 2 2 2
left_child=1 4 3 -2 -1 11 7 8 -4 -10 -3 -6 -5 17 -15 22 19 28 25 -17 -21 -18 24 -24 -16 -19 27 -20 -8 -30
right_child=2 10 6 12 5 -7 13 -9 9 -11 -12 -13 -14 14 15 16 21 18 26 20 -22 -23 23 -25 -26 -27 -28 -29 29 -31
leaf_value=0.0010168909493783762 0.0036261730518839389 0.0014743798148666647 0.00060473070304311628 -0.0014169916614324284 -0.0094765250225468892 0.0034915037490297718 0.0049536495933172947 -0.0023593311908108503 0.0040412874867284286 0.013537595114041331 0.008746229884334978 -0.0016899183916798397 -0.0063528857635379507 0.003143341521721129 -0.00092033915100968506 0.0025032007179096251 -0.0015093578623376176 0.0023731097924391651 0.0051342706338649404 0.014787863989635264 0.0013164630676231739 0.0032051271919050633 0.0033775720852852009 -0.0056710277477314292 0.0065169985325971933 -0.0037790669702922651 -0.0012000361479410813 0.00019441748089516904 -0.0017287720548231186 0.0048352482649611801
leaf_weight=13771.749615699053 839.36076061427593 877.02526052296162 924.12747931480408 1799.1026623547077 710.13654243946075 570.54758307337761 581.13583412766457 858.35925413668156 789.77565497159958 537.00184912979603 1021.1525573581457 898.84886761009693 2078.4343978017569 6179.0910972505808 7579.8963757604361 4193.5217038989067 6970.0185440778732 9238.5166047215462 1146.5870908200741 652.70558543503284 598.37261863052845 1828.3365641832352 734.49768491089344 2718.0646347105503 784.7292670160532 795.28601188957691 16843.544179052114 13445.286537244916 20869.699411526322 622.07607333362103
leaf_count=55325 3379 3526 3719 7227 2865 2303 2347 3471 3178 2166 4105 3623 8356 24983 30500 16845 28062 37098 4617 2633 2410 7364 2958 10921 3157 3209 67858 54150 84096 2512
internal_value=0.000104589 0.0010083 -5.11853e-05 -0.00269757 0.000481243 -0.00289253 7.53023e-05 0.00293446 0.0049547 0.00795735 0.00541171 -0.0051639 -0.00407226 -1.78086e-05 0.000656511 6.58819e-05 0.00115625 -0.000359986 0.000174396 0.00387254 0.00840622 -0.000527141 -0.00124817 -0.00374183 -0.000215655 0.00188221 -0.000371141 0.000585827 -0.00136358 -0.00153662
internal_weight=121457 17849.5 103608 4716.9 15951.3 2179.53 98890.6 3109.26 2250.9 1326.78 1898.18 1608.99 3877.54 95781.4 32239.2 26060.1 14243 63542.1 41469.2 5444.6 1251.08 8798.36 11817.2 3452.56 8364.63 10033.8 31435.4 14591.9 22072.9 21491.8
internal_count=488963 71747 417216 18962 64116 8791 398254 12534 9063 5344 7631 6488 15583 385720 129833 104850 57314 255887 166932 21888 5043 35426 47536 13879 33657 40307 126625 58767 88955 86608
is_linear=0
shrinkage=0.05


Tree=220
num_leaves=31
num_cat=0
split_feature=11 28 15 40 14 28 14 10 31 11 6 39 34 15 31 28 39 15 7 15 14 2 13 10 40 15 13 25 40 14
split_gain=6.51865 6.48619 13.3117 13.394 6.71933 13.5649 16.4269 16.7322 14.383 12.7486 10.4897 12.9501 16.6534 19.1624 12.5992 13.1541 12.3172 12.6071 14.9157 11.7204 10.3595 9.85325 9.57271 9.3854 17.4796 20.6325 20.4047 25.8953 18.292 15.8212
threshold=-3.2910846471786495 1.707196116447449 -7.4508156776428214 -0.57713970541954029 -7.0584890842437735 -1.2363741993904112 -6.9497375488281241 -0.29057417809963221 0.0083341556601226347 1.1496322751045229 -0.27312554419040674 0.082807421684265151 0.45798411965370184 -7.2709977626800528 -0.016016780398786064 0.3641981333494187 -0.9713328182697295 -7.127718210220336 -0.67195892333984364 -6.883253574371337 -6.7701494693756095 0.55246210098266613 -6.7615463733673087 -0.24428039789199826 -0.32968752086162562 -7.0926308631896964 -8.6555557250976545 0.46764419972896581 -0.38670727610588068 -8.3530750274658185
decision_type=2 2 2 2 2 2 2 2 2 2 2 2 2 2 2 2 2 2 2 2 2 2 2 2 2 2 2 2 2 2
left_child=-1 4 3 -3 23 20 7 8 -7 -9 16 12 13 -12 -15 -16 -8 -18 -19 -13 21 -6 -14 24 25 28 27 -26 29 -2
right_child=1 2 -4 -5 5 6 10 9 -10 -11 11 19 22 14 15 -17 17 18 -20 -21 -22 -23 -24 -25 26 -27 -28 -29 -30 -31
leaf_value=-0.0040915036662122891 -0.0046729908791610054 0.00083849500409496837 0.0028734348486413857 -0.0086290477561159328 0.002203850282181979 -0.0048178658499354694 -0.0045269640364876086 0.00069339209418781264 -0.015336984646934382 -0.0080139359460914879 -0.010965808095681789 -0.010563270169486914 0.007887267468695865 0.0029054039212766825 -0.00028221085401899026 -0.010136201345538548 0.0077916527583454078 0.005252404722623249 -0.0034342475863310506 -0.0013407944405294408 -0.0017589185439540406 0.010209760706099259 -0.00073074803260442288 -8.6091488321488659e-05 0.0014836742480352008 0.006161744503392185 0.0013798290598765525 0.014271419266201221 -0.008933595552076878 0.00019714310526063169
leaf_weight=935.31556409597397 1939.6243028342724 591.61892054975033 765.55866819620132 996.02176056802273 1519.3918779939413 938.16082388162613 637.60983802378178 1595.4997130483389 499.77536718547344 560.0901031345129 527.95150530338287 680.43582245707512 764.49717415869236 1306.8723711371422 942.49959051609039 519.14324153959751 950.46508882939816 952.02126836776733 1006.5040924996138 694.21579100191593 1099.2747623771429 508.33476510643959 549.10701297223568 64590.319533675909 884.31158562004566 1102.3101421147585 20604.68188457191 710.6440701931715 666.53851641714573 11524.407145217061
leaf_count=3765 7820 2378 3085 4016 6111 3784 2568 6421 2010 2257 2120 2733 3079 5248 3781 2083 3832 3869 4049 2791 4418 2044 2205 259986 3572 4444 83035 2862 2679 46352
internal_value=4.43587e-05 7.67635e-05 -0.00251694 -0.00511789 0.000128576 -0.00081536 -0.00152044 -0.00439624 -0.00855461 -0.0015956 -0.000432728 -0.00170862 -0.000434027 -0.00233038 -0.000650082 -0.00382722 0.00171903 0.00309888 0.000793487 -0.00594913 0.00213946 0.00425112 0.0043065 0.000279007 0.000908844 -0.000395384 0.00180355 0.00723477 -0.000910895 -0.000507394
internal_weight=121563 120628 2353.2 1587.64 118275 16251.9 13124.8 3593.53 1437.94 2155.59 9531.32 5984.72 4610.07 3296.47 2768.52 1461.64 3546.6 2908.99 1958.53 1374.65 3127 2027.73 1313.6 102023 37432.5 15232.9 22199.6 1594.96 14130.6 13464
internal_count=489397 485632 9479 6394 476153 65403 52830 14472 5794 8678 38358 24040 18516 13232 11112 5864 14318 11750 7918 5524 12573 8155 5284 410750 150764 61295 89469 6434 56851 54172
is_linear=0
shrinkage=0.05


Tree=221
num_leaves=31
num_cat=0
split_feature=2 26 28 11 12 9 41 15 11 10 2 39 24 9 35 12 24 3 39 9 2 41 39 39 9 9 22 35 41 32
split_gain=7.98706 14.3254 13.8011 11.9985 14.9107 10.0691 16.811 12.4328 11.528 12.6425 9.92212 9.95806 9.84557 11.6284 15.0977 14.1543 14.8943 13.3744 11.1828 14.8733 11.0581 10.5516 29.6167 33.0414 15.7852 25.6307 19.1623 17.9522 13.5527 15.8686
threshold=0.6326148808002473 -0.19804564118385312 -0.78911015391349781 -1.0087106227874754 -7.8872408866882315 -0.22296054661273954 -0.60785761475563038 -7.4254577159881583 -0.14431923627853391 0.34918996691703802 0.44929724931716924 -0.75755777955055226 2.3432246446609502 1.1019952297210696 0.40535582602024084 -7.9687416553497306 1.9118331670761111 -0.035585414618253701 -0.96244606375694264 0.49564082920551306 0.40942659974098211 -0.87837970256805409 0.89297044277191173 0.96922168135643016 0.53799468278884899 0.010905477218329908 1.2474383711814883 0.3679709285497666 -0.60785761475563038 -0.20759461820125577
decision_type=2 2 2 2 2 2 2 2 2 2 2 2 2 2 2 2 2 2 2 2 2 2 2 2 2 2 2 2 2 2
left_child=10 2 3 4 -2 -5 -7 8 -8 -10 12 -12 13 20 17 16 -16 -15 19 -14 21 22 24 -24 25 -1 -26 -28 29 -23
right_child=1 -3 -4 5 -6 6 7 -9 9 -11 11 -13 18 14 15 -17 -18 -19 -20 -21 -22 28 23 -25 26 -27 27 -29 -30 -31
leaf_value=0.00076186309899076859 0.00098852088908976698 0.0024731186497012948 -0.0016858687027482529 -0.0018436946383684008 0.0093967587358533434 -0.0020896161055989366 0.011078545578936012 0.00016106333829883949 -0.0013855880487261729 0.0070737741014040333 0.0015510322171532899 -0.0026491888296035506 0.0022803026251341485 -0.01020518311215002 0.0094746920797213908 -0.0025660567169682371 -0.0011239875171518805 -0.00033233310453746514 0.0022781032843399037 -0.0080589580453840712 0.0044100727907309444 0.0043080670747738534 -0.01650477023197245 -0.0009287874039721367 -0.0037539080783632489 -0.0059580801922739061 0.014498083844230692 0.0014152561369674109 -3.7557158269505174e-05 0.00031980877110910396
leaf_weight=4375.8608351796865 1257.2955685704947 10251.064714327455 6609.9393094182014 3265.542893499136 901.42522256076336 2096.107980042696 693.59964908659458 1766.5592183172703 762.1212996840477 1031.2837410569191 1831.3700701743364 6058.8062486201525 739.40628738701344 915.50637683272362 587.78619404137135 3037.5345890372992 739.88592040538788 546.13666200637817 8901.9569742679596 641.21305283904076 1487.7579156607389 4232.102971881628 635.9413830190897 722.66168811917305 505.26110756397247 2088.5622749328613 521.98631207644939 521.80879613757133 47595.646331548691 6056.9885760396719
leaf_count=17645 5055 41299 26618 13116 3623 8448 2784 7107 3064 4153 7365 24381 2971 3678 2375 12252 2986 2197 35844 2580 5984 17171 2555 2904 2031 8394 2099 2101 191488 24403
internal_value=0.000246676 0.000976458 0.000141011 0.00116719 0.00452672 0.00040902 0.00156864 0.00337205 0.00564309 0.00349115 2.12737e-05 -0.00167356 0.000179047 -2.10309e-05 -0.00216366 -0.000685492 0.00360401 -0.00654356 0.00162866 -0.00254507 0.000160868 6.6232e-05 -0.00148926 -0.00828699 -0.000327887 -0.0014151 0.00418919 0.00803328 0.000318295 0.00196285
internal_weight=121379 28634.9 18383.9 11773.9 2158.72 9615.21 6349.67 4253.56 2487 1793.41 92744.2 7890.18 84854 74571.4 5826.85 4365.21 1327.67 1461.64 10282.6 1380.62 68744.6 67256.8 9372.08 1358.6 8013.48 6464.42 1549.06 1043.8 57884.7 10289.1
internal_count=488671 115267 73968 47350 8678 38672 25556 17108 10001 7217 373404 31746 341658 300263 23488 17613 5361 5875 41395 5551 276775 270791 37729 5459 32270 26039 6231 4200 233062 41574
is_linear=0
shrinkage=0.05


Tree=222
num_leaves=31
num_cat=0
split_feature=28 11 28 24 30 24 15 15 15 29 24 24 16 28 16 32 20 24 29 22 15 11 30 16 32 24 30 11 2 25
split_gain=9.71083 10.0839 19.819 12.8401 13.5863 12.4278 15.2539 19.6089 21.3735 13.6588 11.5653 11.7157 20.79 13.1451 15.2857 11.5524 10.7924 10.707 8.96361 8.19361 7.21375 6.85489 32.4524 18.3905 17.9144 10.7511 9.81316 9.19794 8.30377 11.5063
threshold=2.0416173934936528 -1.2898900508880613 -1.2770915031433103 1.1689029932022097 0.24043751507997516 2.3088896274566655 -6.9008250236511222 -7.3601441383361808 -7.6561462879180899 0.063161391764879241 1.3026955127716067 2.1353312730789189 -0.51931935548782338 -0.18258913606405255 -0.13315939158201215 -0.015872773714363572 1.4506610631942751 1.3694137334823611 -0.032034395262598984 2.8229812383651738 -7.4207670688629142 2.2477972507476811 -0.2273895442485809 -0.34504400193691248 0.15172904729843142 1.5811309218406679 -0.89435508847236622 2.7396442890167241 -0.65829497575759877 0.90640822052955639
decision_type=2 2 2 2 2 2 2 2 2 2 2 2 2 2 2 2 2 2 2 2 2 2 2 2 2 2 2 2 2 2
left_child=1 2 5 16 10 6 7 8 -1 -9 -5 13 -13 14 18 -7 -4 -10 -12 21 -15 28 23 24 27 26 -25 -23 29 -3
right_child=-2 19 3 4 -6 15 -8 9 17 -11 11 12 -14 20 -16 -17 -18 -19 -20 -21 -22 22 -24 25 -26 -27 -28 -29 -30 -31
leaf_value=-0.0050643741361250695 -0.0049629914028583291 0.0012119217872198851 -0.012733657653009982 0.003733931499899334 0.0029920571058383262 0.011328447555040901 0.007668422596955206 -0.0098872902899825206 0.011052272471271831 -2.5640871727459879e-05 -0.011061834991374732 -0.0065639882055616361 0.0049275195737109936 -0.0059518528314832612 0.001814657540762976 0.00061149068928721966 -0.0026091703409671079 0.0019143842885922574 -0.0028131079046396249 0.0053733480637502828 -0.014565190514377475 -0.0085603895045999693 0.0067143851223303661 -0.00019366584368204879 0.0067309537957119569 -0.010485294962049273 -0.0090152556927396692 8.6365814920181158e-05 -3.7065218040731071e-05 -0.0063164168060516265
leaf_weight=739.43304811418056 984.94550749659538 22480.361766338348 564.76953916251659 535.6602638065815 1065.5396243929863 499.20392045378685 528.51254646480083 844.03220683336258 515.12267465889454 596.34320159256458 631.85766959190369 725.53357952833176 836.67464289069176 500.88614422082901 833.81282451748848 499.17678037285805 497.40947656333447 836.6181937456131 695.44555182754993 736.33459942042828 509.20613598823547 502.90232607722282 937.18998768925667 828.41742819547653 656.65575240552425 977.93532451987267 499.3637930303812 767.70349372923374 79023.943952649832 509.46783073246479
leaf_count=2976 3966 90609 2271 2160 4298 2012 2127 3395 2074 2396 2545 2924 3378 2023 3367 2008 2006 3368 2797 2981 2058 2024 3772 3333 2645 3944 2010 3089 317985 2057
internal_value=-4.36031e-05 -2.94241e-06 -0.00134942 -0.00299722 -0.00213676 0.00106126 -0.000172215 -0.00136394 0.0017272 -0.0058327 -0.00317764 -0.00396602 -0.000417265 -0.0057074 -0.00347903 0.00602932 -0.008061 0.00545225 -0.00679324 0.000152567 -0.0103942 0.000116204 -0.00165818 -0.00352334 8.45278e-05 -0.00652636 -0.00355396 -0.00337612 0.000206285 0.00104242
internal_weight=121360 120376 12455.2 7396.8 6334.62 5058.44 4060.06 3531.55 2091.17 1440.38 5269.08 4733.42 1562.21 3171.21 2161.12 998.381 1062.18 1351.74 1327.3 107920 1010.09 107184 5170.17 4232.98 1927.26 2305.72 1327.78 1270.61 102014 22989.8
internal_count=488598 484632 50183 29827 25550 20356 16336 14209 8418 5791 21252 19092 6302 12790 8709 4020 4277 5442 5342 434449 4081 431468 20817 17045 7758 9287 5343 5113 410651 92666
is_linear=0
shrinkage=0.05


Tree=223
num_leaves=31
num_cat=0
split_feature=22 20 42 6 18 41 31 40 11 33 6 18 15 21 15 11 28 30 34 30 22 15 17 17 17 6 18 22 2 40
split_gain=6.99514 13.1291 8.9688 9.30452 7.14922 11.2988 14.2585 14.9789 14.0597 15.3004 15.6427 14.2383 13.4445 13.3905 14.3075 14.4782 15.6912 15.7114 12.6892 16.5978 21.7107 15.5171 13.5595 13.2183 13.5262 12.5521 12.5094 14.0801 12.4029 12.0301
threshold=2.55823826789856 1.4506610631942751 -0.56174489110708226 1.441877067089081 1.354153096675873 0.6078576147556306 -0.33521957695484156 0.9790361523628236 2.1084194183349614 -0.19337488710880277 -0.59062576293945301 0.90168866515159618 -8.1678500175476056 0.40685012936592108 -7.3312718868255606 -0.14431923627853391 -1.053636848926544 -0.7754017412662505 -0.1236504204571247 -1.1151654720306394 1.1633341312408449 -7.9653546810150138 -0.40001851320266718 0.54657551646232616 0.12918742746114734 0.28792254626750952 0.53519544005393993 1.0551555156707766 0.56399261951446544 -0.51876831054687489
decision_type=2 2 2 2 2 2 2 2 2 2 2 2 2 2 2 2 2 2 2 2 2 2 2 2 2 2 2 2 2 2
left_child=4 -2 -3 -4 5 6 7 8 9 10 -1 -12 -11 -14 15 -15 17 -17 21 28 22 -7 -21 24 29 26 -23 -28 -20 -22
right_child=1 2 3 -5 -6 18 -8 -9 -10 12 11 -13 13 14 -16 16 -18 -19 19 20 23 25 -24 -25 -26 -27 27 -29 -30 -31
leaf_value=0.0029010471721482383 0.0097384705604649756 -0.004348116928469997 0.0069517813511622319 -0.001704145148533207 -0.00040257540736206017 -0.0076632373295288493 0.00037916238956521044 -0.0044852669707495579 -0.0051416331661147362 -0.0012989135708580326 -0.0089489047354331594 0.0014441039917466711 0.011075385415800582 0.010318588060256701 0.0003306218435225435 0.0055974625169630966 0.0089594043551111339 -0.0065130279200210865 0.0022594415301093657 -0.011338601827313347 -0.0019080695253416516 0.0068115691824429435 -0.002503419972572439 0.0068101794422386775 -0.0030821329323093703 -0.0076149760755320249 -0.0077199576885963479 -0.00025558348850378249 0.011202338274677672 0.0029729733014255176
leaf_weight=2924.1300051957369 529.12915802001953 562.69816946983337 704.85445614159107 543.06278511881828 40838.120868802071 1090.7021995633841 44546.158950731158 744.8123927116394 521.8934343457222 794.25033211708069 637.13449060916901 666.63640208542347 935.79769811034203 1333.8762187361717 1415.1687301397324 521.30938166379929 737.38978350162506 530.0874562561512 1642.3050375133753 524.36037661135197 1814.9617257267237 519.90272124111652 2371.9203319251537 829.16063392162323 2238.725758060813 687.18735663592815 716.40737549960613 4855.2147817462683 500.67935040593147 4094.4103595912457
leaf_count=11872 2135 2279 2871 2195 164622 4381 179213 3011 2100 3191 2568 2687 3760 5363 5687 2093 2961 2128 6596 2105 7287 2089 9519 3327 8987 2757 2875 19530 2011 16453
internal_value=0.000186897 0.00288846 0.00084414 0.00320133 0.000133556 0.000413573 0.000788243 0.00233585 0.00280062 0.00320006 0.000872611 -0.00366427 0.00476611 0.00564694 0.00450559 0.00639055 0.00342039 -0.000512174 -0.000550307 0.00035193 -0.000380167 -0.00215572 -0.00413651 0.000834972 0.000219325 -0.00125958 -0.000531315 -0.00122748 0.00439116 0.00147315
internal_weight=121372 2339.74 1810.62 1247.92 119033 78194.6 56308.6 11762.5 11017.7 10495.8 4227.9 1303.77 6267.88 5473.63 4537.83 3122.66 1788.79 1051.4 21885.9 14016.5 11873.5 7869.41 2896.28 8977.26 8148.1 6778.71 6091.52 5571.62 2142.98 5909.37
internal_count=488653 9480 7345 5066 479173 314551 226634 47421 44410 42310 17127 5255 25183 21992 18232 12545 7182 4221 87917 56285 47678 31632 11624 36054 32727 27251 24494 22405 8607 23740
is_linear=0
shrinkage=0.05


Tree=224
num_leaves=31
num_cat=0
split_feature=10 22 4 31 25 11 26 15 5 22 29 24 20 27 9 5 29 11 31 15 41 3 30 25 25 30 11 25 8 12
split_gain=5.93112 19.4795 15.3058 14.6104 13.2108 11.4324 8.09636 10.5547 7.35911 6.17803 12.1175 17.3091 14.9171 12.4472 9.45728 12.9448 8.57027 10.9014 14.4709 8.5978 8.50941 10.42 7.99728 7.75127 7.68829 7.61606 9.62592 16.9469 8.72863 29.5659
threshold=-1.5655770897865293 1.7963537573814394 0.70474225282669078 -0.043592009693384164 0.44384543597698217 -1.2357653379440305 -1.7272882461547849 -7.3841001987457267 -0.39978657662868494 2.2187135219573979 -0.52460128068923939 1.4617385268211367 1.0362398624420168 0.042324308305978782 -0.98497307300567616 -1.3651772141456602 0.9010513722896577 -0.30026407539844507 0.3234791904687882 -7.7549827098846427 -0.60785761475563038 0.10370971262454988 1.6873221993446352 0.88756257295608532 0.80326569080352794 1.2838193178176882 0.020543466322124008 0.71648943424224865 -1.5291933417320249 -7.1995115280151358
decision_type=2 2 2 2 2 2 2 2 2 2 2 2 2 2 2 2 2 2 2 2 2 2 2 2 2 2 2 2 2 2
left_child=1 2 3 6 8 -3 -1 -8 -5 16 14 13 -13 -12 -11 -16 22 18 -18 -19 -14 -22 25 -23 -21 28 -27 -28 29 -2
right_child=9 5 -4 4 -6 -7 7 -9 -10 10 11 12 20 -15 15 -17 17 19 -20 24 21 23 -24 -25 -26 26 27 -29 -30 -31
leaf_value=-0.001927310012059903 0.00035829712256603007 -0.0011161809002889734 0.0031362286556233148 0.0068274072034956628 -0.005445515847780337 0.0086993038768496834 -0.012503229809542278 -0.0039580585727966647 -0.0012769007228896579 -0.010305538539499649 0.0005384440198926843 -0.0064556101562360914 -0.0016323351938433734 -0.0094220120883648905 0.0035417526659373764 -0.0075583051942882413 0.0078421819103889918 -0.00047805432290137957 -0.0038006721402406665 -0.0098092555463773299 0.0078224086427157811 -0.002604739982715534 0.0057095893906057476 0.0046461769349189089 -0.0020708492275087836 -0.0061441712398844148 0.0072852641091956374 -0.0048951889582434576 0.00024574691421609251 0.013103430383957585
leaf_weight=569.00853724777699 2082.4537207633257 536.99676614999771 877.64899308979511 524.6550107896328 934.25039207935333 647.25057090818882 873.62579825520515 633.34850957989693 582.84763838350773 561.126693546772 542.60232384502888 504.33505377173424 851.37163539230824 730.02861043810844 495.28843846917152 538.75978699326515 513.13057920336723 913.54206681251526 535.9465326666832 809.71603697538376 1082.0256223529577 666.07676558196545 667.37103269994259 802.05239804089069 538.296540543437 1029.9483823627234 502.90047258138657 634.36031621694565 99684.789465010166 572.47485068440437
leaf_count=2293 8414 2176 3528 2118 3757 2625 3525 2557 2344 2293 2189 2032 3452 2950 2025 2177 2062 3685 2159 3254 4366 2685 2683 3243 2185 4137 2020 2549 401109 2321
internal_value=4.27555e-05 -0.00146506 -0.00283201 -0.00410858 -0.00109596 0.0042764 -0.00705208 -0.00896165 0.00258908 0.000123718 -0.00134014 -0.000163285 0.00148826 -0.00520416 -0.0051358 -0.0022586 0.000215234 -0.00228578 0.00191442 -0.00423399 0.00268154 0.00412249 0.00029417 0.00136114 -0.00675711 0.000259045 -0.0026673 0.0005076 0.000321269 0.00314535
internal_weight=121438 6179.63 4995.38 4117.74 2041.75 1184.25 2075.98 1506.97 1107.5 115259 6773.67 5178.49 3905.86 1272.63 1595.17 1034.05 108485 3310.63 1049.08 2261.55 3401.53 2550.15 105174 1468.13 1348.01 104507 2167.21 1137.26 102340 2654.93
internal_count=488913 24923 20122 16594 8219 4801 8375 6082 4462 463990 27412 20917 15778 5139 6495 4202 436578 13345 4221 9124 13746 10294 423233 5928 5439 420550 8706 4569 411844 10735
is_linear=0
shrinkage=0.05


Tree=225
num_leaves=31
num_cat=0
split_feature=30 13 24 30 25 13 7 7 15 28 15 24 13 15 22 20 22 30 24 14 11 15 7 39 24 30 7 15 11 22
split_gain=5.83518 25.7038 14.1101 10.6594 14.7258 5.88 10.103 14.2053 19.3689 13.6985 14.2493 13.6354 14.2751 16.7524 11.5236 23.5264 16.4895 12.1853 14.9701 10.5781 10.1405 9.7941 13.3813 9.14317 13.8486 8.53015 8.46381 14.3371 19.2445 10.6923
threshold=-2.4440931081771846 -7.9595420360565177 1.5811309218406679 -2.197975635528564 0.41191996634006506 -7.0598511695861808 -1.4212134480476377 -0.61568835377693165 -7.4163508415222159 -1.7698208689689634 -7.4022068977355948 1.1415512561798098 -6.8612384796142569 -7.1668260097503653 1.4931642413139345 1.2888041734695437 1.7101254463195803 0.80983525514602672 1.6935964822769167 -7.0963757038116446 -0.64504426717758168 -6.7399990558624259 0.049006374552845962 -0.74605026841163624 1.2398744821548464 0.62100744247436535 1.7554776668548586 -7.593209743499755 0.64110019803047191 2.6225336790084843
decision_type=2 2 2 2 2 2 2 2 2 2 2 2 2 2 2 2 2 2 2 2 2 2 2 2 2 2 2 2 2 2
left_child=1 2 -1 4 -2 21 -7 8 -8 -9 19 12 -12 -14 15 25 -16 18 -18 -11 -10 26 -23 -22 -25 -13 29 28 -28 -5
right_child=3 -3 -4 5 -6 6 7 9 20 10 11 14 13 -15 16 -17 17 -19 -20 -21 23 22 -24 24 -26 -27 27 -29 -30 -31
leaf_value=0.0016139388107738661 0.0023008534528435993 -0.0061249156025949651 0.013396470135449534 -6.174562505560275e-06 -0.0080930001439597967 -0.0052637508087154568 -0.0053764885770661228 0.0058884024402545984 -0.00027711224500775631 -0.00027381390626766787 -0.012231180309922797 -0.0051359194187946405 0.0033926718923258862 -0.0073031084064975231 -0.0085969369994507976 0.0053220128420690084 0.0073754287576515741 -0.0058597248493593365 -0.0033330325100969201 0.0079313606295411416 0.0019987858209219189 -0.0011160094583427286 0.0084279522532376382 0.0031605862606221518 0.01468554302056232 0.0021691300247687817 -0.0042517847212909712 -0.0070507094522273732 0.0075873539389166803 0.0060898728971313975
leaf_weight=510.88264584541321 524.63979652523994 511.34240059554577 501.73028442263603 97578.767122834921 943.36504097282887 1271.8987470567226 661.7053849697113 589.12671947479248 880.28645493090153 1448.2444032430649 659.80869473516941 1416.091994151473 563.2485983222723 1011.1630533486605 1120.7838834673166 1422.2569934874773 629.83256557583809 812.03232099115849 657.51649361848831 528.67029803991318 747.56725020706654 673.11096176505089 792.80833891034126 502.46021901071072 547.60760812461376 548.65699587762356 848.09946444630623 1129.3591330498457 562.1347354799509 714.64705160260201
leaf_count=2054 2111 2056 2019 392793 3794 5166 2662 2368 3558 5810 2648 5690 2259 4055 4504 5717 2533 3264 2648 2122 3011 2723 3191 2027 2220 2204 3430 4598 2275 2906
internal_value=-0.000128838 0.00293547 0.00752587 -0.000168065 -0.00438798 -0.000115341 -0.00100577 -0.000635209 0.00222847 -0.00147479 -0.00188083 -0.00273848 -0.00610696 -0.00347941 -0.00159192 0.000444508 -0.00372859 -0.00110113 0.00192252 0.0019493 0.00412064 2.41754e-05 0.00406775 0.0062638 0.00925266 -0.00309533 -3.5008e-05 -0.00287919 0.00048762 3.8762e-05
internal_weight=121310 1523.96 1012.61 119786 1468 118318 16019 14747.1 3339.63 11407.4 10818.3 8841.39 2234.22 1574.41 6607.17 3387.01 3220.17 2099.38 1287.35 1976.91 2677.92 102299 1465.92 1797.64 1050.07 1964.75 100833 2539.59 1410.23 98293.4
internal_count=488416 6129 4073 482287 5905 476382 64466 59300 13478 45822 43454 35522 8962 6314 26560 13611 12949 8445 5181 7932 10816 411916 5914 7258 4247 7894 406002 10303 5705 395699
is_linear=0
shrinkage=0.05


Tree=226
num_leaves=31
num_cat=0
split_feature=23 4 1 0 16 8 34 0 12 22 23 26 15 14 6 37 39 15 5 35 13 12 35 35 6 5 29 29 41 6
split_gain=6.6028 8.56475 9.1406 8.11729 8.77341 8.67294 9.49651 6.76646 10.7146 15.3504 12.4699 12.6656 14.8878 13.4422 12.7597 10.7403 11.3942 10.5185 10.3724 9.93232 9.84756 9.65223 21.2284 14.5665 10.9216 11.6985 9.40507 8.89403 8.90082 11.8166
threshold=0.031811626628041274 -1.7383661270141599 -1.4118053913116453 -0.8032536208629607 -0.38106775283813471 -0.039356019347906106 -0.49457661807537073 0.31824491918087011 -8.5642113685607892 2.060113906860352 0.96607661247253429 -3.5063819885253902 -8.2313957214355451 -7.3948237895965567 0.37307737767696386 0.40000937879085546 0.98698699474334728 -7.3105835914611808 1.1016777157783511 -0.67420965433120716 -6.2304410934448233 -8.7350721359252912 0.25542683899402624 0.44497521221637731 -0.6976533532142638 -0.48142528533935541 -0.17465478926897046 0.58962562680244457 -1.0000000180025095e-35 0.13842958956956866
decision_type=2 2 2 2 2 2 2 2 2 2 2 2 2 2 2 2 2 2 2 2 2 2 2 2 2 2 2 2 2 2
left_child=1 2 -1 4 -3 6 -5 8 9 15 11 13 14 17 26 16 21 -10 -12 -14 -21 23 -23 24 -2 -26 -13 28 29 -27
right_child=7 3 -4 5 -6 -7 -8 -9 10 -11 18 12 19 -15 -16 -17 -18 -19 -20 20 -22 22 -24 -25 25 27 -28 -29 -30 -31
leaf_value=0.0018074773177915633 0.0039023613079059633 -0.0049037111895706698 -0.0054014931462092143 0.0052557988640503173 0.0021310527039754084 0.0090230873544815994 -0.0017163632323945327 0.00038690153464195239 0.0034534525502694668 -0.0092264878879797074 -0.0076379489339034037 0.0026612081434088599 -0.0031157969890824016 0.0099691898841953643 -0.0013985225368672368 0.0037898867427451663 -0.0080976494430124463 -0.0043898224364052885 -0.00022324150137126807 -0.00027865768450727207 0.0063291832714052051 -0.0012294158285024441 -0.011775118921478995 0.006368871924108014 -0.0074034305086900266 -4.3130847386529891e-05 0.010927111446948285 0.0039244892427703669 0.00087907740910886248 -0.0094521896902383367
leaf_weight=938.47153860330582 845.88861113786697 591.68679231405258 811.33923046290874 1291.0664535462856 1672.9543668925762 714.86305837333202 775.57525940239429 39584.376110732555 1649.9599365592003 661.69105543196201 1000.7714457511902 715.50330547988415 3097.7362667620182 574.91927734017372 741.17723087966442 892.97776249051094 682.2510557025671 566.32592229545116 885.47983355820179 54166.949486017227 559.77175949513912 1804.3369197547436 640.19319026172161 710.85552927851677 874.17694064974785 621.3026710152626 668.69823233783245 727.07124496996403 1157.6430767327547 711.05398558080196
leaf_count=3839 3408 2387 3299 5249 6787 2879 3127 159338 6634 2672 4045 2892 12508 2312 2985 3592 2744 2277 3587 217864 2252 7251 2585 2870 3513 2499 2691 2923 4653 2861
internal_value=-5.19702e-05 0.0014611 -0.00154682 0.00250513 0.00027959 0.00430962 0.0026436 -0.000141863 -0.000421116 -0.00191558 -0.000181995 -6.12504e-05 -0.000214766 0.00322497 0.00388521 -0.00140619 -0.00193868 0.00143855 -0.00417673 -0.000366109 -0.000209925 -0.00141009 -0.00402793 -0.000271936 -0.00123903 -0.00230896 0.00670414 -0.000905989 -0.00232653 -0.00509758
internal_weight=121337 6795.96 1749.81 5046.15 2264.64 2781.5 2066.64 114541 74956.7 10329.4 64627.3 62741 59949.8 2791.21 2125.38 9667.75 8774.77 2216.29 1886.25 57824.5 54726.7 8092.52 2444.53 5647.99 4937.14 4091.25 1384.2 3217.07 2490 1332.36
internal_count=488523 27567 7138 20429 9174 11255 8376 460956 301618 41571 260047 252415 241192 11223 8568 38899 35307 8911 7632 232624 220116 32563 9836 22727 19857 16449 5583 12936 10013 5360
is_linear=0
shrinkage=0.05


Tree=227
num_leaves=31
num_cat=0
split_feature=35 40 39 7 7 17 17 6 30 14 41 30 15 15 40 17 14 14 10 22 10 17 31 8 39 15 39 28 14 13
split_gain=8.91667 28.5459 20.8757 27.8746 21.8889 21.1287 20.3562 16.1193 16.2931 18.7746 14.7491 13.7875 15.3371 23.6408 17.019 13.9712 13.8161 13.422 13.3593 14.3791 14.4675 12.9899 12.8804 12.6003 13.9332 12.2767 11.744 11.419 12.174 10.81
threshold=-0.28916226327419275 0.41865575313568121 -0.32968752086162562 -0.43743230402469629 0.16942303627729419 0.49802528321743017 -0.24255283921957013 -0.077599309384822832 -0.78557008504867543 -7.8242146968841544 1.0000000180025095e-35 -1.7463755607604978 -7.2273716926574698 -7.3717386722564688 -0.65933954715728749 -0.37257233262062067 -7.1054279804229727 -7.0584890842437735 -0.95303702354431141 1.1344934701919558 -1.5655770897865293 0.063395589590072646 0.17623871564865115 -0.13271842896938321 -0.047977671027183526 -7.0241589546203604 0.30486139655113226 0.30344873666763311 -7.4376082420349112 -7.2520413398742667
decision_type=2 2 2 2 2 2 2 2 2 2 2 2 2 2 2 2 2 2 2 2 2 2 2 2 2 2 2 2 2 2
left_child=1 7 3 6 5 23 -3 11 9 -9 -8 -1 13 29 25 -15 -16 -5 19 -10 -21 -22 -6 24 -4 -14 -26 28 -28 -13
right_child=-2 2 4 17 22 -7 10 8 18 -11 -12 12 14 15 16 -17 -18 -19 -20 20 21 -23 -24 -25 26 -27 27 -29 -30 -31
leaf_value=0.0080209837101504807 -0.00032673394831999632 -0.0067448419284711061 -0.0039277485015990835 0.013880384684250166 -0.010825014525360749 -0.0058719229806629162 0.00041791139480357089 -0.00093315574408627379 -0.0057909289748493973 -0.012482202181204707 0.01086488444463477 0.00073363516045437337 0.007075426147275978 -0.00047254271389911035 -0.012085590864443316 0.0095092026807316737 -0.0027660954501770177 0.0041690346665242553 -0.003878900888633722 -0.0018557430596136321 0.012891979968634905 0.0017306607049097967 0.00030286417620922225 0.0098637490422519014 0.0087607295972115511 -0.0034787548150055914 0.0027314676771996262 0.0087047588209932265 -0.0061438749362449745 -0.0044168116173562586
leaf_weight=574.86541889607906 92364.785151809454 502.93092553317547 681.57802887260914 1092.4305943250656 531.63785815238953 659.79927682876587 784.3316919952631 642.49969175457954 500.86405909061432 772.70684483647346 584.61700347065926 7136.502392411232 541.55349057912827 499.28307114541531 618.64446809887886 1159.6596674025059 1105.2741025984287 542.10142746567726 2212.7898759990931 688.41616846621037 526.52986228466034 513.99878932535648 499.16445648670197 681.80864971876144 889.78381632268429 541.74483661353588 1387.6836735904217 499.52908390760422 523.99968382716179 1178.145708501339
leaf_count=2321 371526 2052 2769 4423 2136 2660 3213 2580 2009 3099 2382 28822 2193 2021 2507 4684 4455 2186 8879 2763 2113 2063 2009 2752 3619 2199 5617 2031 2123 4742
internal_value=-8.6353e-05 0.000677137 0.00286252 0.00595398 0.00115011 0.00244264 0.00177098 -0.000445427 -0.00262985 -0.00728231 0.00492579 0.000513912 0.000170246 0.00108949 -0.00308794 0.00652022 -0.0061609 0.0107045 -0.00113476 0.00159359 0.00375384 0.00744748 -0.00548522 0.00362882 0.00253938 0.00181386 0.00388251 0.00205361 0.000279391 -5.87453e-07
internal_weight=121440 29074.9 9861.4 3506.41 6354.98 5324.18 1871.88 19213.5 5857.81 1415.21 1368.95 13355.7 12780.8 9973.59 2807.22 1658.94 1723.92 1634.53 4442.6 2229.81 1728.94 1040.53 1030.8 4664.38 3982.57 1083.3 3301 2411.21 1911.68 8314.65
internal_count=488948 117422 39972 14256 25716 21571 7647 77450 23506 5679 5595 53944 51623 40269 11354 6705 6962 6609 17827 8948 6939 4176 4145 18911 16159 4392 13390 9771 7740 33564
is_linear=0
shrinkage=0.05


Tree=228
num_leaves=31
num_cat=0
split_feature=26 11 14 18 24 26 15 0 15 34 25 18 39 39 11 33 23 40 39 17 34 15 14 20 28 42 11 27 24 40
split_gain=7.48667 15.345 13.2557 12.5008 10.4172 9.11035 9.083 8.43365 7.47391 7.3619 12.0287 11.8885 11.6646 15.4168 11.5748 9.42032 13.0863 15.914 9.38523 16.1466 21.1421 16.7412 13.3739 12.046 11.5616 14.4826 13.1131 12.5863 15.7688 13.3084
threshold=-3.4411859512329097 -0.67142456769943226 -7.345463514328002 0.44351135194301611 1.3644775748252871 -3.2719691991806026 -7.3438637256622306 -0.11106956750154494 -7.4752216339111319 -0.21311388909816739 0.058810956776142127 0.86636799573898327 -0.33791351318359369 -0.082807421684265123 2.4125084877014165 0.18349470943212512 0.39867924153804785 -0.056692248210310929 0.93199899792671215 -0.010394957847893236 -0.11044802516698836 -7.8159115314483634 -8.5200014114379865 1.1249083280563357 -0.72397083044052113 -0.56174489110708226 0.18558882176876071 0.10686371847987176 1.5227712392807009 -0.056692248210310929
decision_type=2 2 2 2 2 2 2 2 2 2 2 2 2 2 2 2 2 2 2 2 2 2 2 2 2 2 2 2 2 2
left_child=1 4 3 -3 -1 -2 7 -5 -6 10 -7 12 -12 -14 15 16 -13 -18 -11 20 -20 22 -22 -21 27 -26 -27 29 -29 -23
right_child=5 2 -4 6 8 9 -8 -9 -10 18 11 14 13 -15 -16 -17 17 -19 19 23 21 24 -24 -25 25 26 -28 28 -30 -31
leaf_value=0.00040901047424957669 -0.003930406779192059 0.0048579014069725507 0.0071568276517368834 0.0032404084007113818 0.01322142161043789 -0.0015104288782600696 -0.0068385558134982892 -0.0027691973309327289 0.0046301074881401035 -0.00043098896404305696 0.0055169938135694362 0.00036752864882068944 -0.0061496317165549326 0.0024109617204943804 -0.006309389271275008 -0.0052487288233475544 0.00024821356760644243 0.0081731407999399309 -0.0050659502266111184 0.0010612925341862047 0.001366937624639868 0.011415550357669502 0.011551544945679646 -0.0094626425316721927 -0.0081388684213711988 -0.0040730900643754474 0.0068233825822847545 0.0057732346508736583 -0.0033589779963110441 0.0026157816993117259
leaf_weight=551.14229802787304 1464.8471831232309 796.72017949819565 603.59801153838634 896.02914023399353 505.71649393439293 5479.8518920689821 760.69191229343414 1632.3787096738815 530.04849068820477 70636.608872324228 2544.725004196167 17933.2446616292 594.07208304107189 4069.5537027269602 604.09057413041592 645.04538814723492 1269.5122624337673 1255.6728309690952 893.91442905366421 521.31835892796516 504.44267722964287 746.27482482790947 897.66437934339046 554.23878398537636 559.87246790528297 514.07119207084179 574.59915211796761 814.09177462756634 1098.7852481305599 1013.4553060978651
leaf_count=2218 5893 3206 2427 3604 2037 22308 3060 6563 2133 284040 10267 72431 2391 16378 2430 2591 5094 5057 3586 2095 2031 2996 3608 2231 2252 2067 2315 3271 4419 4070
internal_value=6.57949e-05 0.00174606 0.000303824 -0.000723572 0.00597937 -2.59009e-05 -0.0020862 -0.000635109 0.00891117 2.47326e-05 0.00063557 0.00104264 0.00280053 0.00130965 0.000457882 0.000654493 0.000843092 0.00420566 -0.000240162 0.0013092 0.00211991 0.00308143 0.00792301 -0.00439894 0.00179323 -0.00167844 0.00168782 0.0033519 0.000537367 0.00639105
internal_weight=121466 6276.33 4689.42 4085.82 1586.91 115190 3289.1 2528.41 1035.76 113725 34395.8 28915.9 7208.35 4663.63 21707.6 21103.5 20458.4 2525.19 79329.3 8692.73 7617.17 6723.26 1402.11 1075.56 5321.15 1648.54 1088.67 3672.61 1912.88 1759.73
internal_count=489069 25248 18860 16433 6388 463821 13227 10167 4170 457928 138947 116639 29036 18769 87603 85173 82582 10151 318981 34941 30615 27029 5639 4326 21390 6634 4382 14756 7690 7066
is_linear=0
shrinkage=0.05


Tree=229
num_leaves=31
num_cat=0
split_feature=28 9 41 17 25 17 16 17 32 14 41 40 15 10 15 15 37 15 42 10 28 15 31 40 3 31 40 31 22 31
split_gain=7.98758 5.5055 17.3932 14.9265 13.3841 6.2911 25.0027 15.4188 14.5928 15.929 12.3434 13.8247 18.7772 18.4831 17.3865 29.4896 14.9921 16.5184 16.2045 14.0272 13.6737 12.7418 14.5459 12.6772 12.4655 12.0466 19.0608 11.5704 16.9736 11.5315
threshold=-3.4046696424484248 -1.8793168067932127 -0.60785761475563038 0.041030647233128555 0.18931747972965243 -0.23377940803766248 0.49464811384677893 -0.28563997149467463 -0.41791205108165735 -7.1148617267608634 1.0000000180025095e-35 -0.3214364200830459 -8.078218460083006 -1.4026136398315427 -7.127718210220336 -6.85797095298767 -0.062496889382600777 -7.3639938831329337 1.0000000180025095e-35 -0.3191509991884231 -0.086889810860156999 -7.2377400398254386 0.069341108202934279 0.98835211992263805 -0.52401393651962269 0.5021350383758546 0.76322519779205333 -0.088351506739854799 1.4634488224983218 0.55536994338035595
decision_type=2 2 2 2 2 2 2 2 2 2 2 2 2 2 2 2 2 2 2 2 2 2 2 2 2 2 2 2 2 2
left_child=-1 2 -2 4 -4 6 7 -3 -9 -10 23 12 -12 -13 21 20 17 -14 -18 -20 -16 25 -23 24 -7 -15 -27 -21 -29 -26
right_child=1 5 3 -5 -6 10 -8 8 9 -11 11 13 16 14 15 -17 18 -19 19 27 -22 22 -24 -25 29 26 -28 28 -30 -31
leaf_value=-0.0044544069242939332 0.0051372717533115916 -0.00011297765862445495 0.0032388459962676116 -0.011185947883774562 -0.0070261170576576444 0.0012423884742400568 0.0076601687809885483 0.0032681231125560577 -0.0051199966566651423 0.0035773198260457858 0.0082681630080308228 0.0085848351803647274 -0.0047990828991309126 0.0013437793655050546 -0.001336970027259852 0.0053309536094714683 -0.00094128296509311815 0.0011619513467190183 -0.001265014673882984 0.012545361810140121 -0.010067931920402225 0.01156622104461064 0.0011399434510542764 0.0044087305543353116 -0.00066140700596798059 0.010652694778023485 -0.00084014762426738048 -0.002607136082135838 0.0092981542946578549 -0.0046301395882801443
leaf_weight=965.77213154733181 591.66656841337681 49169.080815568566 672.33974432945251 584.26867692172527 584.78059567511082 8385.5701247602701 971.19904309511185 805.07786138355732 4039.867416203022 597.89276258647442 628.76730488240719 1027.2626701891422 3148.0750387012959 11106.985802486539 907.01684154570103 909.30646997690201 4071.738262295723 1833.6194484382868 818.37354007363319 556.21824882924557 883.85309341549873 756.43197727203369 597.8681535422802 1420.8182118535042 20758.870580807328 901.94988234341145 594.62670712172985 550.42023065686226 637.45455032587051 1997.9590297192335
leaf_count=3884 2393 197972 2714 2350 2352 33855 3932 3251 16254 2406 2525 4144 12644 44675 3649 3662 16347 7380 3285 2233 3563 3049 2404 5747 83577 3626 2395 2208 2563 8080
internal_value=5.11963e-05 8.76711e-05 -0.00226173 -0.00465405 -0.00155392 0.00013627 -0.000250695 -0.000392755 -0.00291535 -0.00399347 0.000480432 0.00121322 -7.83177e-05 0.00210697 0.00170258 -0.00196463 -0.000536835 -0.00260706 0.00101931 0.00412621 -0.00567796 0.00241291 0.00700554 -0.000193262 -0.000404567 0.00191425 0.00611104 0.00664871 0.00380594 -0.00101173
internal_weight=121475 120509 2433.06 1841.39 1257.12 118076 55583.1 54611.9 5442.84 4637.76 62493.2 29930 12244.7 17685.3 16658 2700.18 11615.9 4981.69 6634.2 2562.47 1790.87 13957.9 1354.3 32563.2 31142.4 12603.6 1496.58 1744.09 1187.87 22756.8
internal_count=489119 485235 9809 7416 5066 475426 223815 219883 21911 18660 251611 120352 49185 71167 67023 10874 46660 20024 26636 10289 7212 56149 5453 131259 125512 50696 6021 7004 4771 91657
is_linear=0
shrinkage=0.05


Tree=230
num_leaves=31
num_cat=0
split_feature=4 4 43 33 16 7 20 29 11 11 34 9 41 12 41 28 17 16 19 11 16 16 29 15 34 14 14 17 7 9
split_gain=8.27705 6.63516 15.6841 9.36842 14.3783 8.81368 11.5807 11.2044 9.79625 8.55043 8.21459 13.912 18.44 16.1962 16.9885 15.6756 26.3966 16.0429 15.267 14.7703 29.6913 14.3181 14.723 13.7824 12.9663 12.351 21.2837 12.1103 12.2415 13.9867
threshold=3.0112086534500127 -1.0943823456764219 0.2333333417773247 -0.91131067276000965 0.22040956467390063 -0.48016515374183649 3.1197016239166264 -0.50881731510162342 -0.073379226028919206 -0.77049934864044178 -0.21311388909816739 -1.1947390437126157 1.0000000180025095e-35 -6.8056247234344474 -0.87837970256805409 -0.14265066385269162 -0.20801413059234616 -0.550562024116516 0.28514410555362707 2.5133907794952397 -0.34504400193691248 0.2623057365417481 0.18123304843902591 -7.5642452239990225 -0.1236504204571247 -8.4613456726074201 -8.2663450241088849 -0.091912034898996339 0.66461613774299633 -0.47208617627620691
decision_type=2 2 2 2 2 2 2 2 2 2 2 2 2 2 2 2 2 2 2 2 2 2 2 2 2 2 2 2 2 2
left_child=1 2 3 -1 -5 6 -4 -7 9 -9 -3 23 13 15 -15 19 18 -18 -17 21 -21 -13 -23 -12 -14 -26 -27 -19 29 -29
right_child=-2 10 5 4 -6 7 -8 8 -10 -11 11 12 24 14 -16 16 17 27 -20 20 -22 22 -24 -25 25 26 -28 28 -30 -31
leaf_value=-0.0030872210517372232 0.0063634268356068321 0.00091580792874761834 -0.0038090415291253247 0.001100199955273184 0.0092253032585474688 0.0031539508416499017 0.0036773710987412743 -0.0027623135656592635 -0.004556332037635169 0.0053046290378960959 -0.0078765082773824581 -0.00097543200942012606 -0.0021820971701383743 0.00029040581817334839 -0.0097453401018922671 0.010336031518926422 0.0078179852320803891 -0.0059082420654217446 0.0027890687989243234 0.01195699488637663 -0.003287937689042938 -0.001145720550689883 -0.010344812680995102 -0.00061637528766872029 0.0080347789663598665 -0.007350692360571948 0.0013059588269029995 0.0094259029043442921 -0.0026224680243454187 0.00044837493152398281
leaf_weight=756.06914359331131 505.43349346518517 26377.346292614937 5775.8692796230316 2185.5494572371244 716.67002305388451 1565.939355686307 559.33061654865742 658.97471138834953 1686.3788814395666 636.23565980792046 1109.0231798887253 28481.690468430519 3038.6638167351484 742.61393059790134 964.08635607361794 894.82760173082352 532.70176564157009 1097.5604315400124 2632.4618365466595 621.22287724912167 639.68947444856167 894.29777239263058 842.03735516965389 1576.5248051732779 644.7983266711235 718.50181604921818 28268.989186272025 502.77575005590916 2865.1318675279617 2826.3452050089836
leaf_count=3096 2047 106355 23439 8813 2898 6304 2293 2650 6773 2557 4453 114587 12193 2981 3877 3598 2141 4426 10616 2503 2579 3596 3401 6334 2592 2889 113556 2019 11582 11346
internal_value=4.08073e-05 1.38314e-05 -0.00098752 0.00184126 0.00313139 -0.00193925 -0.00314332 -0.000258629 -0.00205548 0.00121063 0.000150925 -0.000101687 2.15842e-05 -0.000640176 -0.00540236 -0.000449197 0.00114301 -0.000476829 0.00472744 -0.00102355 0.00425788 -0.00124527 -0.00564052 -0.00363262 0.000923623 0.00124273 0.00108893 -0.00109268 -0.000231264 0.00182836
internal_weight=121318 120812 14541 3658.29 2902.22 10882.7 6335.2 4547.53 2981.59 1295.21 106271 79893.9 77208.4 44537.4 1706.7 42830.7 11351.8 7824.52 3527.29 31478.9 1260.91 30218 1736.34 2685.55 32671 29632.3 28987.5 7291.81 6194.25 3329.12
internal_count=488494 486447 58823 14807 11711 44016 25732 18284 11980 5207 427624 321269 310482 179252 6858 172394 45728 31514 14214 126666 5082 121584 6997 10787 131230 119037 116445 29373 24947 13365
is_linear=0
shrinkage=0.05


Tree=231
num_leaves=31
num_cat=0
split_feature=0 23 31 11 24 11 15 41 15 22 9 31 9 11 8 15 10 12 30 9 42 32 24 10 31 41 12 10 12 28
split_gain=8.91818 8.33819 7.55148 16.34 25.7699 16.6895 20.3305 33.3299 23.3698 18.7902 15.5011 16.2464 24.6616 15.4598 18.3704 15.0576 14.1061 14.0761 13.4353 19.178 14.5684 12.3497 12.2345 12.2316 10.9309 13.5749 12.0438 10.6324 10.5085 10.2639
threshold=-2.2037814855575557 0.51418155431747448 0.30132411420345312 1.0926606655120852 1.2783568501472475 -0.063033465296030031 -7.3190793991088858 -0.87837970256805409 -7.488405466079711 1.3407690525054934 1.7770223021507265 0.69056540727615368 -0.83416759967803944 -1.3481037616729734 1.2604489922523501 -7.3030023574829093 -0.40009714663028711 -8.4042558670043928 0.047308336943387992 -0.029305779375135895 -0.56174489110708226 0.19800844788551333 2.0130672454833989 -0.88633838295936573 0.58470356464385997 0.87837970256805431 -8.5508556365966779 0.44030910730361944 -7.8687379360198966 -1.1969596147537229
decision_type=2 2 2 2 2 2 2 2 2 2 2 2 2 2 2 2 2 2 2 2 2 2 2 2 2 2 2 2 2 2
left_child=1 -1 -2 5 28 6 8 -8 13 -10 11 12 -7 17 16 24 23 -4 19 -9 -21 -6 -23 -15 25 26 -14 -18 -5 -17
right_child=2 -3 3 4 21 10 7 18 9 -11 -12 -13 15 14 -16 29 27 -19 -20 20 -22 22 -24 -25 -26 -27 -28 -29 -30 -31
leaf_value=0.0012686913985208827 -0.00028072472572529907 0.0078356267650985297 -0.00044115978977493468 -0.00056206651835135192 -0.0065653705844991115 0.013762995298149306 0.011992051026108506 0.0083339713196930731 -0.012799292792631249 -0.0023675484104947581 0.01059897216600973 -0.0020798453630081898 0.0072282425513175361 0.0012579793164323077 -0.0092012961861451005 -0.0072564193681125301 0.0045527518979539263 0.011302494786795889 -0.0057911470742060918 0.0038591387864418169 -0.0063598133529001073 0.0027943751914490896 -0.0062377456560678626 -0.0076529473064865655 0.0078185949352453966 0.0096765199931762441 0.00048376194362850409 -0.0022175377246889116 0.0089366335633449673 0.00086588713341558411
leaf_weight=1969.8684329986572 91660.935991972685 632.89160689711571 500.41713237762451 545.35701623558998 2072.8981681764126 497.76807624101639 784.44741007685661 813.1886128038168 715.7500551789999 1079.7157799005508 565.13297238945961 1854.3027510046959 788.25348445773125 677.44339992105961 620.30239920318127 548.31141696870327 1686.7616120129824 509.10112902522087 660.02890782058239 681.51330934464931 694.32922703027725 965.42783056199551 599.16718512773514 874.9230483174324 1202.831631347537 582.14723604917526 3885.9489221721888 873.54007485508919 611.99380579590797 1276.4089350998402
leaf_count=8011 368939 2545 2016 2198 8345 2002 3161 3271 2876 4350 2282 7489 3173 2724 2509 2207 6779 2050 2656 2746 2799 3906 2423 3516 4853 2340 15656 3515 2466 5140
internal_value=-1.90977e-07 0.0028894 -6.3721e-05 0.000668268 -0.00197774 0.00123599 -0.000131648 0.00293577 -0.00161216 -0.00657395 0.0025989 0.00216427 0.00306178 -5.20584e-05 -0.00125268 0.00240294 -3.44022e-05 0.00553395 0.000409029 0.00229632 -0.00130661 -0.00404363 -0.000682155 -0.00378111 0.0035348 0.00254153 0.00163415 0.00224318 0.00449426 -0.00160104
internal_weight=121431 2602.76 118828 27167.4 4794.84 22372.6 11171.5 3633.51 7537.95 1795.47 11201.1 10636 8781.67 5742.49 4732.97 8283.9 4112.67 1009.52 2849.06 2189.03 1375.84 3637.49 1564.6 1552.37 6459.18 5256.35 4674.2 2560.3 1157.35 1824.72
internal_count=488943 10556 478387 109448 19338 90110 44968 14633 30335 7226 45142 42860 35371 23109 19043 33369 16534 4066 11472 8816 5545 14674 6329 6240 26022 21169 18829 10294 4664 7347
is_linear=0
shrinkage=0.05


Tree=232
num_leaves=31
num_cat=0
split_feature=35 18 17 40 10 8 16 11 16 32 14 22 21 13 28 14 33 16 23 17 8 16 27 3 22 23 35 5 8 26
split_gain=7.71512 28.0945 11.6405 11.0747 16.6902 14.4577 10.9662 9.91619 10.6874 10.7441 8.33006 7.71526 7.22802 12.584 23.5931 13.7503 14.8523 22.2913 10.1828 15.9679 11.9216 11.0351 11.5269 10.9405 9.81463 8.53207 11.5081 8.53124 8.4661 18.1124
threshold=0.72310131788253795 0.79492563009262096 -0.16433306783437726 0.18652226030826571 1.3236900568008425 1.3852124810218813 -0.16031008213758466 0.33611598610877996 -0.16031008213758466 0.29740278422832495 -6.3120844364166251 1.4591596126556399 0.17053400725126269 -9.1647305488586408 -1.1969596147537229 -8.6444525718688947 -0.0042252412531524888 -0.054572148248553269 0.37040290236473089 -0.7265588343143462 0.28199861943721777 -0.12912646681070325 -0.40728595852851862 -0.35940107703208918 1.5015610456466677 0.17681079357862475 0.193466991186142 -0.79581230878829945 -0.74387815594673146 -0.97475430369377125
decision_type=2 2 2 2 2 2 2 2 2 2 2 2 2 2 2 2 2 2 2 2 2 2 2 2 2 2 2 2 2 2
left_child=10 11 7 4 -4 -5 -6 -3 9 -9 12 -2 18 14 -14 16 -15 -18 20 -20 21 28 -23 -24 25 27 -27 -22 -1 -30
right_child=1 2 3 5 6 -7 -8 8 -10 -11 -12 -13 13 15 -16 -17 17 -19 19 -21 24 22 23 -25 -26 26 -28 -29 29 -31
leaf_value=0.00017119353944829941 0.0045747724554664757 0.0032638891311259337 0.0055278960387677815 0.010070560250014154 0.0010759644813617679 0.00031467396567443767 -0.0086524693402534152 0.0022395036214669867 -0.0088082136638422178 -0.0063239748278866269 -0.0048706387111396316 0.012180039525779399 -0.0022855336561876977 0.0014059779384006752 0.011507838189505445 -0.00012904139340907803 -0.00085072559883070875 -0.01177001486657955 -0.0039825991003385099 0.0030112273078963209 0.00066660765815243928 0.002149879963843707 -0.0044183108137731781 0.002983945651999925 0.0080257696093492172 0.0030477423933246732 -0.0074674473240786982 0.0081515292821028196 -0.00045846860677918231 -0.0068874475255327021
leaf_weight=3132.622770935297 743.4940892457962 647.23000924289227 724.5698805898428 778.2078111320734 541.00918777287006 734.12232081592083 608.65593495965004 871.44498255848885 696.73459543287754 617.39228853583336 857.22046434879303 625.59836912155151 596.19436953961849 948.3209311068058 629.64437244832516 82209.578561201692 945.81280559301376 917.29174830019474 910.0363602489233 7296.9276627153158 941.6695381551981 5307.0102108567953 1570.7025456279516 721.25299650430679 704.74493558704853 520.1894803494215 502.55475926399231 631.30886860191822 2555.4219631105661 1909.7335575222969
leaf_count=12669 2996 2619 2922 3137 2177 2970 2452 3509 2820 2493 3456 2527 2400 3820 2536 330732 3805 3697 3657 29302 3788 21587 6357 2921 2839 2088 2018 2536 10287 7694
internal_value=0.000114026 0.00165659 0.000224563 0.0022 -0.00037119 0.00536799 -0.00410466 -0.00213647 -0.0037433 -0.00133011 1.10351e-05 0.00811307 4.85115e-05 -0.000174065 0.00483513 -0.000246848 -0.00367899 -0.00626093 0.000767165 0.00223181 0.000116468 -0.000475533 0.000871198 -0.00208606 0.0028355 0.00140093 -0.00214147 0.00370317 -0.00182185 -0.00321737
internal_weight=121397 7588.46 6219.37 3386.57 1874.24 1512.33 1149.67 2832.8 2185.57 1488.84 113808 1369.09 112951 86246.8 1225.84 85021 2811.43 1863.1 26704.2 8206.96 18497.2 15196.7 7598.97 2291.96 3300.47 2595.72 1022.74 1572.98 7597.78 4465.16
internal_count=488811 30622 25099 13658 7551 6107 4629 11441 8822 6002 458189 5523 454733 346990 4936 342054 11322 7502 107743 32959 74784 61515 30865 9278 13269 10430 4106 6324 30650 17981
is_linear=0
shrinkage=0.05


Tree=233
num_leaves=31
num_cat=0
split_feature=37 40 22 40 24 43 2 20 5 40 43 2 24 10 9 0 25 25 13 31 32 43 24 31 29 5 9 40 10 22
split_gain=7.19643 11.0475 10.9222 9.28147 16.5245 10.8172 10.8593 9.43663 13.5697 19.5831 10.4028 10.4964 9.32155 8.10861 10.2222 7.77228 9.4217 8.32151 9.97869 10.7979 7.41972 12.1888 14.6742 13.3301 11.02 9.792 9.32894 9.24009 20.7642 9.1207
threshold=-0.27777589857578272 -0.85939824581146229 1.7559431791305544 -0.7223570942878722 1.0676051974296572 0.56666669249534618 -1.0581111907958982 0.82282310724258434 -1.1204664707183836 0.56999135017395031 1.0000000180025095e-35 -1.7992655634880064 1.615168631076813 0.79793727397918712 1.0010993480682375 0.1113337241113186 0.54155007004737865 0.76899498701095592 -7.4389243125915518 -0.26975893974304194 -0.19371367245912549 1.0000000180025095e-35 1.0488148331642153 0.39757883548736578 -0.50150313973426808 -1.2567346692085264 -0.010091999545693396 0.99838215112686168 -0.26244220137596125 1.4106162190437319
decision_type=2 2 2 2 2 2 2 2 2 2 2 2 2 2 2 2 2 2 2 2 2 2 2 2 2 2 2 2 2 2
left_child=1 2 -1 4 -3 7 -7 12 9 -9 -10 -12 -5 -13 -15 17 -17 18 19 -8 21 -2 24 29 -23 -22 -25 -27 -29 -24
right_child=20 3 -4 5 -6 6 15 8 10 -11 11 13 -14 14 -16 16 -18 -19 -20 -21 25 22 23 26 -26 27 -28 28 -30 -31
leaf_value=0.00019830554768634213 0.0059176267103591244 -0.012282171421823323 0.0062179018795487147 -0.0013205886600843231 -0.0016955045487839866 0.0033461724143200354 0.00015535397646915724 -0.0028693361314633108 0.0017619982193216419 0.0057116029409062432 -0.011086350016838387 -0.0026600190149073995 0.0071433625383796485 -0.010824933375198164 -0.0016005159949407631 0.0060500071877498231 -0.0022200223234893073 0.0031329208562286808 0.0013212465603898425 -0.0073076734045404452 -0.0046381286858714239 0.0087940913247389341 -0.001682326302608014 0.0079348046791060441 0.0018060907753834927 0.00010771881624431185 0.0012210998249222317 0.0039641679587927433 -0.0088601987364252642 0.00087218828039983842
leaf_weight=3530.4777550846338 1197.6881863027811 501.39466637372971 948.29031008481979 821.89668524265289 1334.8182527571917 2362.4929144084454 723.26696057617664 1666.9860481470823 799.06616659462452 1091.8035976737738 511.50573781132698 4536.798105597496 525.69070808589458 757.19416855275631 500.06710511445999 780.37292967736721 603.09406766295433 664.40368701517582 932.7656572163105 1456.7216545641422 1128.7246630489826 875.9811732172966 6864.2382055521011 833.5691501647234 1572.6273581534624 74102.88204215467 1349.9621835500002 496.68383260071278 834.19661577045918 7097.471202775836
leaf_count=14204 4840 2015 3841 3305 5377 9552 2919 6743 3218 4436 2060 18246 2114 3047 2015 3145 2426 2676 3758 5857 4559 3541 27628 3357 6322 298102 5425 2004 3389 28721
internal_value=-9.33948e-06 -0.000764174 0.00148385 -0.00125412 -0.00463716 -0.000920235 0.000546058 -0.0019038 -0.00243994 0.000534973 -0.00359425 -0.00427473 0.00200948 -0.00365533 -0.00719757 -0.000739804 0.0024548 -0.00191329 -0.00299696 -0.00484222 0.000186954 0.00104966 0.000733091 0.000184989 0.00433162 -3.61666e-05 0.00380856 3.32987e-05 -0.00408028 -0.000384037
internal_weight=121403 25049.1 4478.77 20570.3 1836.21 18734.1 7523.12 11211 9863.42 2758.79 7104.63 6305.57 1347.59 5794.06 1257.26 5160.62 1383.47 3777.16 3112.75 2179.99 96354 19791.5 18593.8 16145.2 2448.61 76562.5 2183.53 75433.8 1330.88 13961.7
internal_count=488842 100954 18045 82909 7392 75517 30333 45184 39765 11179 28586 25368 5419 23308 5062 20781 5571 15210 12534 8776 387888 79834 74994 65131 9863 308054 8782 303495 5393 56349
is_linear=0
shrinkage=0.05


Tree=234
num_leaves=31
num_cat=0
split_feature=28 22 16 36 12 10 35 22 11 0 4 12 4 18 22 40 13 13 20 4 11 36 34 17 25 21 39 28 6 28
split_gain=7.71301 18.7397 12.4076 12.9792 10.5309 9.46569 13.5838 14.79 9.02908 8.89117 8.81199 8.5757 10.0166 8.12946 11.6295 13.4334 20.4224 16.1007 16.3952 15.1681 19.2678 13.2838 11.8864 11.675 12.5173 13.5796 12.3124 17.5156 12.61 11.2976
threshold=-2.2951507568359371 1.8755766153335574 -0.066455557942390428 -0.23511940985918042 -7.6762964725494376 1.1791216135025027 0.10479889810085298 1.1752739548683169 -0.22819872200489041 -1.1296204328536985 -0.17766410857439038 -7.5606589317321768 0.033250674605369575 0.94211998581886303 1.3179713487625124 0.90068966150283825 -7.3450307846069327 -8.1804399490356428 1.3362365961074831 -0.04324644245207309 1.4643910527229311 -0.44825671613216395 0.70427688956260692 -0.13743703812360761 0.4715836644172669 0.10151119902729989 0.013089470565319063 -1.5080601572990415 0.69063612818717968 -0.76316004991531361
decision_type=2 2 2 2 2 2 2 2 2 2 2 2 2 2 2 2 2 2 2 2 2 2 2 2 2 2 2 2 2 2
left_child=1 2 3 9 5 6 7 8 -5 -1 -9 12 -4 14 23 19 17 -17 -19 21 22 -16 -21 24 -2 -26 28 -28 -25 -29
right_child=13 -3 11 4 -6 -7 -8 10 -10 -11 -12 -13 -14 -15 15 16 -18 18 -20 20 -22 -23 -24 26 25 -27 27 29 -30 -31
leaf_value=-0.0026834213289423162 0.0017997379233969974 -0.010385900377901096 -0.0063295603931398771 0.0082414915182580546 0.0046199690555335992 0.0040385151797321375 -0.0070620729130644114 0.00056492975138096649 -0.00071618533544770373 0.0045699086445657663 -0.00752275401639633 -0.0097598136789732656 0.0018211465709993117 0.00038177138234231112 -0.0011748221514639766 -0.0014567261237475376 -0.0030449007381054011 0.011862074651153246 0.0009506546732532717 -0.001713983062421138 0.0052030279996716933 0.0028898518990824059 -0.0085133862073649997 -0.00051296252362112687 -0.0081700875654684112 -0.00089767785780091704 0.0027260662308054816 -0.01247529911440794 -0.0080073044086153063 -0.0048828725818653987
leaf_weight=530.70794340968132 4065.3735932856798 536.21310631930828 763.51656384766102 505.57338561117649 629.04879793524742 519.20984788239002 1380.1479688882828 555.63614958524704 615.93086992204189 1959.1913643032312 840.00883726775646 526.74253714084625 728.39310094714165 71862.629060402513 3259.0196347534657 542.46725203096867 879.34883923828602 1101.7783690094948 501.37198726832867 8632.0960171371698 954.27916006743908 5216.6160031706095 685.65218751132488 4418.749494984746 723.58856283128262 5165.6601508706808 500.01133221387863 764.06343936920166 633.25251223146915 1401.8261419087648
leaf_count=2134 16343 2163 3071 2036 2530 2088 5551 2236 2471 7878 3375 2119 2929 289571 13116 2192 3542 4442 2026 34699 3845 21001 2788 17758 2909 20770 2010 3071 2545 5633
internal_value=-5.48371e-05 -0.00137782 -0.00086192 7.24022e-05 -0.00138497 -0.00224876 -0.00309456 -0.000899849 0.00335908 0.00301935 -0.00432176 -0.00433283 -0.00236452 6.52074e-05 -0.000511471 0.000262016 0.0033481 0.00597014 0.00847667 -0.000237448 -0.00152865 0.00132738 -0.00222291 -0.00146402 -0.000331669 -0.00180354 -0.00292222 -0.00566542 -0.00146632 -0.00760629
internal_weight=121398 10090.3 9554.11 7535.46 5045.56 4416.51 3897.3 2517.15 1121.5 2489.9 1395.64 2018.65 1491.91 111308 39445.2 21772.6 3024.97 2145.62 1603.15 18747.7 10272 8475.64 9317.75 17672.5 9954.62 5889.25 7717.9 2665.9 5052 2165.89
internal_count=488842 40581 38418 30299 20287 17757 15669 10118 4507 10012 5611 8119 6000 448261 158690 87651 12202 8660 6468 75449 41332 34117 37487 71039 40022 23679 31017 10714 20303 8704
is_linear=0
shrinkage=0.05


Tree=235
num_leaves=31
num_cat=0
split_feature=29 16 22 30 17 11 20 40 30 30 3 4 39 22 41 13 35 11 17 16 11 20 40 22 25 29 41 35 14 14
split_gain=9.76611 10.7016 17.1576 16.9708 16.6531 16.0744 14.8496 19.0421 17.2917 15.6436 14.1718 13.1811 12.1795 12.1761 11.9949 11.8282 11.8166 18.2384 15.2 13.7418 11.3866 10.9662 14.0906 17.7078 12.4089 10.9162 10.4416 12.0809 10.493 16.7815
threshold=0.14164330810308459 -0.45628482103347773 2.0465172529220585 -0.11076102405786513 -0.039734482765197747 2.5133907794952397 2.485142827033997 -0.039259441196918481 -0.50266921520233143 -0.32792693376541132 0.45044989883899694 0.34255306422710424 -0.96244606375694264 1.4106162190437319 1.0000000180025095e-35 -8.6132578849792463 0.11415566131472589 0.84963425993919384 -0.36807978153228754 -0.10985892638564108 1.6647002696990969 0.50826001167297374 0.72836405038833629 1.3066227436065676 0.44384543597698217 -0.55535793304443348 0.6078576147556306 -0.2142505273222923 -7.5415799617767325 -7.1148617267608634
decision_type=2 2 2 2 2 2 2 2 2 2 2 2 2 2 2 2 2 2 2 2 2 2 2 2 2 2 2 2 2 2
left_child=1 2 10 5 20 6 8 -8 -3 11 12 -10 13 -1 -7 25 18 -18 -11 -20 -5 -17 26 24 -24 -14 28 -28 -23 -30
right_child=-2 3 -4 4 -6 14 7 -9 9 16 -12 -13 15 -15 -16 21 17 -19 19 -21 -22 22 23 -25 -26 -27 27 -29 29 -31
leaf_value=-0.0024636188987979483 -0.00055607579497422258 0.0011289435398395976 0.005876344070428809 -0.0030195046866929327 0.00050024841030803376 -0.008178773547399076 -0.0094873369050009621 0.0025577530475070494 0.0080095167160977102 -0.0064823096910383016 0.0019988391392535545 0.0013334130554090518 -0.011066542739830418 -0.011791947072145878 0.0016305375021280388 0.006139718956842637 0.0091324541335314757 -0.0019286364851618311 -0.0026292320893447686 0.0050339382586620613 0.0045877171172829176 0.0040697259558219274 -0.0019877302348534852 -8.3548849752952255e-05 -0.011709328083757544 -0.0021870280097147977 -0.0080010741361387205 0.00018119359351369792 -0.0050495212829709726 0.0046584122857538926
leaf_weight=887.84020064771175 49317.47954018414 20390.94557325542 902.86159312725067 6203.5362151712179 17725.077291682363 729.32897289097309 652.57383677363396 643.39211885631084 2748.1494991779327 679.16640461981297 2834.795482441783 1016.3113778978586 540.12789779901505 574.92636562883854 533.81465323269367 545.86777296662331 1068.0773069709539 564.94863219559193 975.07725404202938 1434.3516352772713 525.38680547475815 2182.1983367353678 536.7182177901268 1424.0158592909575 854.872115239501 951.15399289131165 686.2790213227272 1280.0088135451078 1072.6202909201384 746.37527148425579
leaf_count=3566 198509 82103 3646 25015 71416 2937 2658 2627 11081 2740 11392 4088 2178 2314 2146 2194 4295 2274 3925 5795 2115 8774 2162 5738 3440 3830 2757 5137 4312 3003
internal_value=-1.4231e-05 0.0003574 -0.000781527 0.00068395 -0.000303861 0.00145221 0.00168395 -0.00353366 0.00191925 0.00381469 -0.00118277 0.00621544 -0.00191808 -0.0061852 -0.00405303 -0.00133604 0.00189153 0.0053174 6.88667e-05 0.00193466 -0.00241961 -0.000672402 -0.00110228 -0.00401104 -0.00800077 -0.00545539 0.000274564 -0.00270064 0.00173974 -0.00106244
internal_weight=121228 71910.8 16020.7 55890.1 24454 31436.1 30173 1295.97 28877 8486.08 15117.8 3764.46 12283 1462.77 1263.14 10820.2 4721.62 1633.03 3088.6 2409.43 6728.92 9328.96 8783.09 2815.61 1391.59 1491.28 5967.48 1966.29 4001.19 1819
internal_count=488167 289658 64443 225215 98546 126669 121586 5285 116301 34198 60797 15169 49405 5880 5083 43525 19029 6569 12460 9720 27130 37517 35323 11340 5602 6008 23983 7894 16089 7315
is_linear=0
shrinkage=0.05


Tree=236
num_leaves=31
num_cat=0
split_feature=13 13 0 15 15 14 39 19 30 4 7 14 10 25 16 28 42 10 30 10 17 7 35 13 14 14 14 15 34 10
split_gain=7.13568 16.0186 14.9851 12.8721 14.6856 19.0946 12.6956 16.2543 12.3636 10.7692 12.261 17.7062 14.8546 13.9724 12.3858 11.9989 13.7464 15.4399 13.123 15.53 14.473 13.1624 15.7969 10.5592 12.6399 18.7988 15.1127 21.9906 14.7556 12.4154
threshold=-7.3528277873992911 -7.1162228584289542 -1.6337763071060178 -7.6931385993957511 -7.4964165687561026 -7.1571617126464835 0.88497918844223034 0.50357270240783703 1.0656641125679018 0.76851367950439464 0.69969889521598827 -7.2547471523284903 -0.019875687547028061 0.31485322117805487 -0.1021856516599655 -1.6191022992134092 1.0000000180025095e-35 0.31934282183647161 0.75268083810806286 -0.73361924290657032 0.47144158184528356 -0.030405155383050438 -0.31594961881637568 -7.4592206478118888 -7.1148617267608634 -6.961977243423461 -7.2282676696777335 -7.2628226280212393 0.065684724599123015 1.5305126309394839
decision_type=2 2 2 2 2 2 2 2 2 2 2 2 2 2 2 2 2 2 2 2 2 2 2 2 2 2 2 2 2 2
left_child=23 2 -2 -3 5 8 -4 -8 -5 10 11 13 -12 -6 -14 -13 18 -18 21 -20 -21 22 -17 24 26 -26 29 28 -28 -1
right_child=1 3 6 4 9 -7 7 -9 -10 -11 12 15 14 -15 -16 16 17 -19 19 20 -22 -23 -24 -25 25 -27 27 -29 -30 -31
leaf_value=2.6136025183714023e-05 -0.0056956053070223219 -0.0066000440800995201 0.001764645628461143 0.012590405932253471 -0.0010146605331252698 -0.0032333284359710168 0.013938646849423031 0.0016479979203521599 0.0023876922324083034 0.0020513752861622109 -0.010197037182095747 0.0061564026868945153 0.0035287259901821046 -0.012432091288941847 -0.0049233198878213145 -0.0050131557584057922 0.00040979412248156634 0.0095919522410608787 0.0086432873920994097 0.0055012928107232573 -0.0048488684113076599 -0.0070898707155481501 0.0024569383033295998 -0.0021522054886890982 0.0080321169735300072 -0.0028440282724184912 0.0046745284811929352 -0.012592815479284453 -0.0063873903853406289 -0.0024738184345034133
leaf_weight=73703.342262491584 613.08222915232182 789.66042365133762 11603.066359430552 623.95198029279709 558.92465351521969 577.57267650961876 498.89471961557865 577.16275110840797 569.30801075696945 3088.715731754899 746.63791397213936 778.52189929783344 670.27717278897762 508.20702801644802 1188.3643019199371 1349.4324210733175 1575.5588530749083 635.89820273220539 579.70332713425159 528.53484046459198 896.61213383078575 1371.9020258635283 1467.24016097188 7186.0680249929428 1085.157354041934 616.97331647574902 595.65596923232079 590.14674098789692 590.45293119549751 5315.1613292843103
leaf_count=296804 2483 3172 46723 2508 2263 2321 2010 2325 2285 12421 3001 3132 2695 2039 4780 5462 6363 2562 2335 2127 3603 5507 5911 28937 4367 2483 2399 2375 2373 21409
internal_value=-8.71522e-05 0.000556307 0.00187977 -0.00039484 -0.000114676 0.00419192 0.00225027 0.00742221 0.00778296 -0.000595303 -0.00123229 -0.000452171 -0.00428822 -0.006517 -0.00187271 0.000258897 -0.000294041 0.00308139 -0.00150231 0.00181828 -0.000998786 -0.00309226 -0.00112696 -0.000315328 -0.000155082 0.00409624 -0.000245142 -0.0047931 -0.000839532 -0.000142315
internal_weight=121480 31797.2 13292.2 18505 17715.4 1770.83 12679.1 1076.06 1193.26 15944.5 12855.8 10250.5 2605.28 1067.13 1858.64 9183.4 8404.88 2211.46 6193.42 2004.85 1425.15 4188.57 2816.67 89683 82496.9 1702.13 80794.8 1776.26 1186.11 79018.5
internal_count=489175 128028 53541 74487 71315 7114 51058 4335 4793 64201 51780 41304 10476 4302 7475 37002 33870 8925 24945 8065 5730 16880 11373 361147 332210 6850 325360 7147 4772 318213
is_linear=0
shrinkage=0.05


Tree=237
num_leaves=31
num_cat=0
split_feature=32 0 6 24 18 7 43 16 15 15 15 23 27 33 39 18 42 31 0 22 15 42 31 35 17 6 27 40 40 10
split_gain=6.92188 6.77575 14.3799 10.9252 6.22446 6.08541 10.4168 11.7731 9.58622 20.8427 11.5034 11.6773 16.9853 11.1081 8.97857 8.54718 12.5112 8.01688 9.39271 11.3062 10.6546 10.4424 12.4895 9.66149 17.1209 14.4144 13.3547 9.39064 8.65914 8.62491
threshold=-1.2501545548439024 1.9126533269882204 0.35406972467899328 1.8625780344009402 2.3505580425262456 1.3547274470329287 1.0000000180025095e-35 0.37249331176280981 -8.2131662368774396 -7.605038881301879 -7.1730732917785636 0.96607661247253429 0.59599250555038463 0.35710729658603674 -0.41071493923664087 1.5626728534698489 1.0000000180025095e-35 -0.43579833209514612 0.065081570297479643 1.3560600280761721 -7.6221094131469718 0.81174489855766307 -0.65138936042785633 -0.42720049619674677 -0.096368111670017229 -1.5588140487670896 -0.59683027863502491 -0.92219218611717213 0.37055389583110815 2.1504229307174687
decision_type=2 2 2 2 2 2 2 2 2 2 2 2 2 2 2 2 2 2 2 2 2 2 2 2 2 2 2 2 2 2
left_child=-1 5 -3 4 -4 17 -7 8 -8 15 11 12 13 -11 -9 16 -10 18 19 -2 -20 23 -23 25 26 -21 -25 -22 -28 -19
right_child=1 2 3 -5 -6 6 7 14 9 10 -12 -13 -14 -15 -16 -17 -18 29 20 21 27 22 -24 24 -26 -27 28 -29 -30 -31
leaf_value=0.0042312089259856954 0.003979590035617645 -0.0052757143485088406 0.00057919436549622551 -0.0047174722428899394 0.0072199250634926914 -0.0051483648211618103 -0.0034904372302978445 0.0028309249161802275 0.010436841768907711 0.0029318723931053741 0.0052752077564818221 -0.0064838382821389888 0.0089633849630988693 -0.0068511478962306393 -0.0055695018712905095 0.013065320512173073 0.00091441867708347334 -0.00028360425734693951 0.001961195168251511 0.0046387092404327193 -0.0084537625906552245 -0.009435775436730796 0.0011638649143169298 0.004785825337920096 0.008441183491476224 -0.0046129281295828137 0.00074006537505496412 -0.0011750835642065705 -0.0075099576729454028 0.0026193531461723481
leaf_weight=970.65655344724655 4051.4510942846537 1816.7309341728687 934.48683552443981 627.16339564323425 558.8524516671896 548.13618762791157 525.49271923303604 512.87648990750313 664.81733496487141 570.83223353326321 1143.8991083204746 646.35622158646584 502.64817146956921 571.41821801662445 807.05116787552834 532.89254167675972 709.95139914751053 88967.701954737306 2707.5689042061567 636.70135486125946 496.07041795551777 512.11290770769119 590.03876608610153 1104.4210836142302 1032.7723855525255 1198.2919066995382 768.40175701677799 3605.9380177855492 530.76572680473328 2624.4708284586668
leaf_count=3992 16314 7308 3771 2533 2262 2223 2123 2072 2679 2296 4626 2631 2035 2314 3270 2153 2874 357819 10917 2610 2001 2077 2386 4470 4175 4860 3095 14555 2142 10562
internal_value=4.74789e-05 1.34298e-05 -0.00202395 0.000773673 0.00309585 8.24154e-05 0.00143646 0.00194504 0.0029041 0.00353838 0.00120342 -0.000843497 0.00139864 -0.00197913 -0.00230865 0.0077148 0.00556143 -1.39655e-05 0.000975027 0.00191773 -0.000468877 0.000602885 -0.0038018 0.00152928 0.00309039 -0.00139508 0.000765816 -0.00207374 -0.00266204 -0.000200146
internal_weight=121471 120500 3937.23 2120.5 1493.34 116563 7736.37 7188.24 5868.31 5342.82 3435.15 2291.25 1644.9 1142.25 1319.93 1907.66 1374.77 108827 17234.5 10425 6809.58 6373.51 1102.15 5271.35 3436.36 1834.99 2403.59 4102.01 1299.17 91592.2
internal_count=489145 485153 15874 8566 6033 469279 31296 29073 23731 21608 13902 9276 6645 4610 5342 7706 5553 437983 69602 42129 27473 25815 4463 21352 13882 7470 9707 16556 5237 368381
is_linear=0
shrinkage=0.05


end of trees

feature_importances:
Column_15=420
Column_11=410
Column_40=400
Column_39=335
Column_14=327
Column_24=301
Column_10=293
Column_13=267
Column_30=265
Column_17=253
Column_22=247
Column_31=222
Column_35=221
Column_41=210
Column_9=197
Column_28=188
Column_34=181
Column_25=179
Column_8=160
Column_12=160
Column_16=157
Column_23=152
Column_29=140
Column_7=139
Column_6=136
Column_26=106
Column_20=105
Column_33=94
Column_5=82
Column_42=80
Column_21=73
Column_37=73
Column_4=66
Column_18=63
Column_19=61
Column_2=60
Column_43=53
Column_3=49
Column_0=48
Column_32=47
Column_36=45
Column_27=43
Column_1=30
Column_38=2

parameters:
[boosting: gbdt]
[objective: binary]
[metric: binary_logloss]
[tree_learner: serial]
[device_type: cpu]
[data_sample_strategy: bagging]
[data: ]
[valid: ]
[num_iterations: 238]
[learning_rate: 0.05]
[num_leaves: 31]
[num_threads: 4]
[seed: 0]
[deterministic: 0]
[force_col_wise: 0]
[force_row_wise: 0]
[histogram_pool_size: -1]
[max_depth: -1]
[min_data_in_leaf: 2000]
[min_sum_hessian_in_leaf: 0.001]
[bagging_fraction: 0.5]
[pos_bagging_fraction: 1]
[neg_bagging_fraction: 1]
[bagging_freq: 1]
[bagging_seed: 3]
[bagging_by_query: 0]
[feature_fraction: 0.7]
[feature_fraction_bynode: 1]
[feature_fraction_seed: 2]
[extra_trees: 0]
[extra_seed: 6]
[early_stopping_round: 0]
[early_stopping_min_delta: 0]
[first_metric_only: 0]
[max_delta_step: 0]
[lambda_l1: 0]
[lambda_l2: 10]
[linear_lambda: 0]
[min_gain_to_split: 0]
[drop_rate: 0.1]
[max_drop: 50]
[skip_drop: 0.5]
[xgboost_dart_mode: 0]
[uniform_drop: 0]
[drop_seed: 4]
[top_rate: 0.2]
[other_rate: 0.1]
[min_data_per_group: 100]
[max_cat_threshold: 32]
[cat_l2: 10]
[cat_smooth: 10]
[max_cat_to_onehot: 4]
[top_k: 20]
[monotone_constraints: ]
[monotone_constraints_method: basic]
[monotone_penalty: 0]
[feature_contri: ]
[forcedsplits_filename: ]
[refit_decay_rate: 0.9]
[cegb_tradeoff: 1]
[cegb_penalty_split: 0]
[cegb_penalty_feature_lazy: ]
[cegb_penalty_feature_coupled: ]
[path_smooth: 0]
[interaction_constraints: ]
[verbosity: -1]
[saved_feature_importance_type: 0]
[use_quantized_grad: 0]
[num_grad_quant_bins: 4]
[quant_train_renew_leaf: 0]
[stochastic_rounding: 1]
[linear_tree: 0]
[max_bin: 255]
[max_bin_by_feature: ]
[min_data_in_bin: 3]
[bin_construct_sample_cnt: 200000]
[data_random_seed: 1]
[is_enable_sparse: 1]
[enable_bundle: 1]
[use_missing: 1]
[zero_as_missing: 0]
[feature_pre_filter: 1]
[pre_partition: 0]
[two_round: 0]
[header: 0]
[label_column: ]
[weight_column: ]
[group_column: ]
[ignore_column: ]
[categorical_feature: ]
[forcedbins_filename: ]
[precise_float_parser: 0]
[parser_config_file: ]
[objective_seed: 5]
[num_class: 1]
[is_unbalance: 0]
[scale_pos_weight: 1]
[sigmoid: 1]
[boost_from_average: 1]
[reg_sqrt: 0]
[alpha: 0.9]
[fair_c: 1]
[poisson_max_delta_step: 0.7]
[tweedie_variance_power: 1.5]
[lambdarank_truncation_level: 30]
[lambdarank_norm: 1]
[label_gain: ]
[lambdarank_position_bias_regularization: 0]
[eval_at: ]
[multi_error_top_k: 1]
[auc_mu_weights: ]
[num_machines: 1]
[local_listen_port: 12400]
[time_out: 120]
[machine_list_filename: ]
[machines: ]
[gpu_platform_id: -1]
[gpu_device_id: -1]
[gpu_device_id_list: ]
[gpu_use_dp: 0]
[num_gpu: 1]

end of parameters

pandas_categorical:null
