tree
version=v4
num_class=1
num_tree_per_iteration=1
label_index=0
max_feature_idx=43
objective=binary sigmoid:1
feature_names=Column_0 Column_1 Column_2 Column_3 Column_4 Column_5 Column_6 Column_7 Column_8 Column_9 Column_10 Column_11 Column_12 Column_13 Column_14 Column_15 Column_16 Column_17 Column_18 Column_19 Column_20 Column_21 Column_22 Column_23 Column_24 Column_25 Column_26 Column_27 Column_28 Column_29 Column_30 Column_31 Column_32 Column_33 Column_34 Column_35 Column_36 Column_37 Column_38 Column_39 Column_40 Column_41 Column_42 Column_43
feature_infos=[-7.702235221862793:7.7293009757995605] [-6.9976649284362793:7.4237003326416016] [-6.8416156768798828:6.5211515426635742] [-6.9766101837158203:6.2920966148376465] [-5.4418826103210449:5.6917085647583008] [-5.8310079574584961:5.5416030883789062] [-5.2214946746826172:4.5560998916625977] [-4.5499176979064941:4.5563788414001465] [-4.8154239654541016:14.873502731323242] [-8.4257583618164062:20] [-20:20] [-20:20] [-11.512925148010254:-4.4237575531005859] [-11.512925148010254:-5.0869135856628418] [-10.076211929321289:-5.5145206451416016] [-9.6412992477416992:-5.891148567199707] [-4.443702220916748:1.384996771812439] [-4.7710514068603516:1.5463701486587524] [3.6602139630304009e-07:20] [0:1] [4.4514180785881763e-07:20] [0:1] [1.2909944416605867e-05:18.527149200439453] [0:1] [0.43331113457679749:20] [0:1] [-13.815510749816895:4.6093316078186035] [-1:1] [-13.815510749816895:3.6596770286560059] [-1:1] [-13.815510749816895:2.7762730121612549] [-0.9847303032875061:1] [-3.0427637100219727:2.9408159255981445] [-2.8816127777099609:2.6676058769226074] [-2.3314614295959473:2.2710158824920654] [-2.5726308822631836:9.6730556488037109] [-1:1] [-1:1] [0:1] [-1:1] [-1:1] [-0.97492790222167969:0.97492790222167969] [-0.90096884965896606:1] [0:0.93333333730697632]
tree_sizes=3566 3630 3627 3631 3628 3633 3629 3629 3630 3634 3625 3641 3613 3623 3631 3608 3633 3627 3625 3632 3624 3630 3636 3622 3629 3624 3608 3617 3632 3622 3615 3628 3636 3622 3619 3634 3618 3615 3631 3636 3613 3623 3635 3628 3611 3625 3645 3611 3613 3622 3613 3631 3642 3612 3606 3616 3652 3616 3608 3634 3635 3623 3636 3640 3625 3617 3624 3616 3626 3628 3633 3633 3632 3615 3626 3597 3622 3626 3630 3612 3612 3634 3608 3606 3612 3631 3611 3604 3598 3625 3617 3626 3624 3640 3643 3633 3634 3629 3631 3620 3607 3633 3622 3615 3621 3626 3621 3629 3632 3608 3625 3623 3627 3616 3622 3630 3619 3621 3638 3610 3630 3616 3621 3630 3619 3601 3621 3609 3614 3627 3619 3606 3627 3611 3603 3615 3610 3616 3624 3610 3630 3613 3607 3604 3623 3626 3595 3628 3637 3626 3611 3595 3613 3615 3624 3599 3616 3629 3627 3614 3600 3610 3596 3626 3589 3608 3626 3617 3605 3612

Tree=0
num_leaves=31
num_cat=0
split_feature=33 25 33 11 8 11 33 33 39 40 25 39 26 10 12 39 24 10 39 16 16 12 36 10 14 40 31 8 11 40
split_gain=791.766 253.781 236.253 154.367 101.254 53.7693 47.682 46.2867 40.4817 39.8679 35.5335 33.7063 30.5473 29.3688 28.6964 27.901 27.0999 26.943 26.8832 25.8431 24.6313 23.8277 25.8312 23.6765 22.8011 22.5898 20.8346 20.8324 22.5304 20.5161
threshold=-0.016928194090723988 0.84220048785209667 -0.40656074881553644 -0.20189560204744336 -0.56847912073135365 0.48160754144191747 -0.81614834070205677 0.46750123798847204 -0.41667649149894709 0.5317668914794923 0.61679908633232128 0.89783340692520153 -1.6504008173942564 -0.66999679803848255 -6.5365560054779044 -0.24403759837150571 1.6869865059852602 1.1234869956970217 -0.65770241618156422 -0.054100766777992242 -0.21924445778131482 -7.8043916225433341 0.94525897502899181 0.52612483501434337 -8.1078777313232404 0.42853991687297827 -0.4729811400175094 0.28508390486240393 -0.67582049965858448 0.54280677437782299
decision_type=2 2 2 2 2 2 2 2 2 2 2 2 2 2 2 2 2 2 2 2 2 2 2 2 2 2 2 2 2 2
left_child=2 3 6 9 20 17 -1 10 -7 12 21 23 -2 18 -3 -12 -14 26 -11 -13 -4 22 -5 -8 -10 -17 -6 28 -15 -26
right_child=1 14 4 7 5 8 11 -9 24 13 15 19 16 27 -16 25 -18 -19 -20 -21 -22 -23 -24 -25 29 -27 -28 -29 -30 -31
leaf_value=0.015367480421860324 0.0097677517987875308 0.002178665809863963 0.0094451337198020961 0.0045716767060628733 0.01231875911653868 0.0086654222753064555 0.01319975345523944 0.0025334116507535476 0.0010381417149356448 0.019270810748136732 0.0060611866405204228 0.0063244943267938419 0.0080118198877052009 0.013486868570114064 0.0089277383920625779 0.0043562782332027773 0.0044210326308792057 0.0042687612335985167 0.011563536105308459 0.012719045874986928 0.012266588713664222 0.0082057330985333028 0.008619234602261135 0.010146496771002466 0.0070074613356828457 0.00015619152903136469 0.008694268657410258 0.0055699575087117207 0.007699376786482472 0.0029860325257661108
leaf_weight=4815.6773786097765 4228.936226785183 17945.979370996356 4770.9280534386635 5489.1672222465277 1581.9761434793472 3138.4526714980602 10587.590336993337 5029.1741590350866 1343.4797400534153 511.49228659272194 4356.9342965483665 1529.9769276380539 4859.4267188608646 1163.9824469089508 582.24121968448162 3088.9534179568291 3085.9534631967545 1120.4831028878689 1958.2204696387053 892.4865411221981 6740.1483571976423 5616.1653070896864 1907.7212311774492 2944.2056007832289 2966.4552652537823 1860.9719361662865 13915.790147066116 1120.9830953478813 1249.4811575710773 1850.9720869660378
leaf_count=19263 16916 71785 19084 21957 6328 12554 42351 20117 5374 2046 17428 6120 19438 4656 2329 12356 12344 4482 7833 3570 26961 22465 7631 11777 11866 7444 55664 4484 4998 7404
internal_value=0.00765141 0.00535034 0.010184 0.00655549 0.00875966 0.00771948 0.0127492 0.00513167 0.00589398 0.00869787 0.0057192 0.0119546 0.00771072 0.0106962 0.00239127 0.00430463 0.00661472 0.00874152 0.0131997 0.00869107 0.0110997 0.00673277 0.00561532 0.0125377 0.004483 0.00276506 0.00906695 0.00893646 0.0105027 0.00545563
internal_weight=122254 64055.8 58198.6 45527.6 37428.7 25917.6 20769.9 27349.1 9299.36 18178.5 22319.9 15954.3 12174.3 6004.16 18528.2 9306.86 7945.38 16618.2 2469.71 2422.46 11511.1 13013.1 7396.89 13531.8 6160.91 4949.93 15497.8 3534.45 2413.46 4817.43
internal_count=489025 256227 232798 182113 149717 103672 83081 109398 37198 72715 89281 63818 48698 24017 74114 37228 31782 66474 9879 9690 46045 52053 29588 54128 24644 19800 61992 14138 9654 19270
is_linear=0
shrinkage=1


Tree=1
num_leaves=31
num_cat=0
split_feature=34 34 34 33 11 11 12 40 10 40 4 41 41 26 40 10 41 40 41 41 14 37 4 35 14 14 40 15 40 25
split_gain=873.604 319.014 201.284 80.0712 65.9896 56.0104 70.8734 44.6687 44.5526 42.9699 42.838 42.2474 41.4999 36.5278 33.7253 33.4324 33.078 32.897 32.5222 27.4742 26.1515 25.5588 25.1734 23.0485 22.2339 21.8608 49.1045 27.4117 21.6305 21.1033
threshold=0.078616451472044005 -0.34000681340694422 0.46662318706512457 -0.81614834070205677 0.15985275059938434 0.11064835637807847 -8.0463042259216291 -0.29445663094520563 0.72527655959129345 0.98035496473312389 0.069470711052417769 1.0000000180025095e-35 -0.60785761475563038 0.15897226333618167 0.87142586708068859 0.57991427183151256 1.0000000180025095e-35 -0.69622442126274098 1.0000000180025095e-35 0.6078576147556306 -6.9621477127075186 -0.58663299679756153 -0.32197244465351099 0.55523848533630382 -7.3657407760620108 -7.6965668201446524 0.61737772822380077 -7.589164972305297 0.87777194380760204 0.95169928669929515
decision_type=2 2 2 2 2 2 2 2 2 2 2 2 2 2 2 2 2 2 2 2 2 2 2 2 2 2 2 2 2 2
left_child=1 3 4 21 8 7 14 12 -2 13 18 -5 17 16 -7 19 22 -3 -4 -9 -12 -1 -6 -10 -13 26 -8 -27 -17 -22
right_child=2 5 10 11 9 6 25 15 23 -11 20 24 -14 -15 -16 28 -18 -19 -20 -21 29 -23 -24 -25 -26 27 -28 -29 -30 -31
leaf_value=0.0041283056389771122 0.00041509250167786677 0.0059777368372019787 -0.0051310945755412051 0.0054043144461360633 -0.0012945893691255518 -0.0018098578046503995 0.0012596887550189511 0.0042325770804536511 -0.0050090827740021625 -0.0087850181494156729 -0.0065710782656512789 0.0015348199243508543 -0.0011392794801869483 0.00049533732902415752 -0.0073041400259337046 0.0011400318375274724 -0.0013093086557742321 -0.00085118454056863147 0.00056340482712746601 0.0010292351764588801 -2.7980705510319924e-05 0.009703629509664009 -0.0052027991936537642 0.0018279212308140575 0.0045889831234613735 0.0059611265499599914 -0.0072531396231887701 0.0011196854271399979 -0.0060335038464612509 -0.0072973597153363264
leaf_weight=955.19363203644753 15190.262790501118 1601.9637631624937 1912.9906880259514 11306.123472943902 1942.7280053347349 6877.1471975147724 2131.7089936286211 8819.7812608778477 2273.9716180860996 1008.4951670318842 12872.963954105973 5828.3079959303141 6707.3558488637209 3123.7213282883167 1170.484246686101 1229.2257189899683 5611.2054772973061 1043.7274280786514 1697.7409180402756 3324.9178873151541 1065.2427141070366 3644.2849431633949 6374.2083989530802 545.24568466842175 3400.3873092383146 1218.7258792221546 842.98569798469543 7397.863219127059 534.9888408780098 532.49714738130569
leaf_count=3821 60762 6408 7652 45226 7771 27509 8527 35280 9096 4034 51492 23314 26830 12495 4682 4917 22445 4175 6791 13300 4261 14578 25497 2181 13602 4875 3372 29592 2140 2130
internal_value=3.36034e-05 0.00229656 -0.00280946 0.00497971 -0.00151373 0.000723795 -0.000455855 0.00171948 -0.000228427 -0.00279457 -0.00539198 0.00417462 0.000115991 -0.00243534 -0.00261704 0.00279689 -0.00309249 0.00329066 -0.00245942 0.00335715 -0.00612152 0.00855725 -0.00429254 -0.003685 0.0026639 0.00104559 -0.00116894 0.00181057 -0.00105705 -0.00248105
internal_weight=122186 68035.2 54151.3 25134.3 36069.8 42900.9 19638.9 23262 18009.5 18060.4 18081.4 20534.8 9353.05 17051.9 8047.63 13908.9 13928.1 2645.69 3610.73 12144.7 14470.7 4599.48 8316.94 2819.22 9228.7 11591.3 2974.69 8616.59 1764.21 1597.74
internal_count=488755 272148 216607 100541 144281 171607 78557 93050 72039 72242 72326 82142 37413 68208 32191 55637 55713 10583 14443 48580 57883 18399 33268 11277 36916 46366 11899 34467 7057 6391
is_linear=0
shrinkage=0.03


Tree=2
num_leaves=31
num_cat=0
split_feature=34 34 34 34 41 35 35 14 14 14 41 14 14 35 33 5 42 12 15 35 23 3 12 14 22 35 13 13 29 15
split_gain=845.588 273.113 173.664 60.7724 58.3428 45.212 46.1674 43.426 42.9794 35.0262 31.3386 50.2372 30.921 30.812 37.8146 26.9649 25.0859 26.101 25.9034 24.4782 24.2405 23.485 26.5597 22.3653 23.1691 23.0539 21.5852 21.1334 20.8323 20.1208
threshold=0.095971908420324339 -0.33375041186809534 0.46662318706512457 -0.64527785778045643 1.0000000180025095e-35 0.27175863087177282 0.63964137434959423 -7.6073515415191642 -7.6128573417663565 -6.9495747089385977 0.6078576147556306 -8.1078777313232404 -8.1418023109436017 -0.24361702799797055 -0.36634625494480128 -0.7325690984725951 1.0000000180025095e-35 -9.0376434326171857 -7.5479350090026847 -0.28874909877777094 0.87869161367416393 -0.33898909389972681 -8.6230297088623029 -8.1161236763000471 1.2931763529777529 0.36943763494491583 -7.7236051559448233 -7.1560664176940909 0.088677078485488905 -7.9651918411254874
decision_type=2 2 2 2 2 2 2 2 2 2 2 2 2 2 2 2 2 2 2 2 2 2 2 2 2 2 2 2 2 2
left_child=1 3 5 12 16 21 15 10 19 20 13 -12 29 -3 -15 -7 18 -18 -5 -6 -4 -2 -23 24 -17 -25 -22 -28 -14 -1
right_child=2 7 9 4 8 6 -8 -9 -10 -11 11 -13 28 14 -16 23 17 -19 -20 -21 26 22 -24 25 -26 -27 27 -29 -30 -31
leaf_value=0.0078926272233913863 0.0012152904645907352 0.0027142619197030307 -0.0043046786835058979 0.00076548748132102137 0.0015213741644641405 0.00061813472711421129 0.00043833391869808788 0.0017934536034161096 0.003725221669277298 -0.0014905314064499447 -0.0075792606137808673 -0.00055457208022563899 0.0065393395087891479 0.0030711921474083767 -0.00089690873337445413 -0.010196387752836855 0.00064604992994788323 0.0075403270122104127 0.0052691427532071426 -0.0035353156979829755 -0.0054705698781845752 0.0019154695240228216 -0.0017287749358967039 -0.0014229006640515303 -0.0036726135556446955 -0.0047201568339094065 -0.0096379471424330437 -0.0042108626606122733 0.00074993434429613561 0.015454266560796785
leaf_weight=851.6624861061573 4610.1830821782351 4287.1125657856464 6656.7221056371927 1748.8737222552299 1920.9124098569155 1148.7353289276361 3009.7302647680044 20347.149676471949 4397.2400078475475 2010.7369942516088 1173.2321623414755 4068.9214470237494 5743.8976058363914 2630.4056455343962 11905.006800845265 1028.4953474402428 559.96403042972088 4329.9251240342855 3364.7563192993402 1546.4250449985266 5517.4758575111628 2078.4785765856504 13076.336209192872 3000.7296029925346 960.49480427801609 5288.9702926427126 2959.4865390360355 854.99631285667419 622.7019003033638 544.69403640925884
leaf_count=3407 18441 17149 26627 6996 7684 4595 12039 81391 17590 8043 4693 16276 22978 10522 47621 4114 2240 17321 13460 6186 22070 8314 52306 12003 3842 21156 11838 3420 2491 2179
internal_value=4.32399e-05 0.00219711 -0.00284665 0.00466239 0.00369582 -0.00159058 -0.00286625 0.000773618 0.00175922 -0.00523119 -8.90592e-05 -0.00213819 0.00687954 0.000482464 -0.000177202 -0.00373623 0.00521506 0.00675376 0.00373338 -0.00073758 -0.00570039 -0.000657803 -0.00122803 -0.004223 -0.00708015 -0.00352976 -0.00669031 -0.00843569 0.00597516 0.0109312
internal_weight=122244 70042.9 52201.6 25631.1 17868.1 34202.2 14437.2 44411.8 7864.58 17999.4 24064.7 5242.15 7762.96 18822.5 14535.4 11427.4 10003.5 4889.89 5113.63 3467.34 15988.7 19765 15154.8 10278.7 1988.99 8289.7 9331.96 3814.48 6366.6 1396.36
internal_count=488992 280184 208808 102532 71477 136810 57749 177652 31460 71998 96261 20969 31055 75292 58143 45710 40017 19561 20456 13870 63955 79061 60620 41115 7956 33159 37328 15258 25469 5586
is_linear=0
shrinkage=0.03


Tree=3
num_leaves=31
num_cat=0
split_feature=34 34 34 11 14 39 23 12 10 40 6 16 40 23 35 9 15 40 11 15 35 23 30 9 17 40 33 10 40 11
split_gain=808.367 298.473 107.945 73.2135 70.3296 63.1969 56.6307 47.405 42.2178 41.5098 28.935 28.7727 27.1519 53.2915 26.1708 26.148 32.04 26.4756 25.9068 25.4838 24.8111 24.3006 24.0072 23.9515 28.6012 25.0497 23.8911 23.7998 23.2313 22.9366
threshold=0.095971908420324339 -0.38293075561523432 0.49785454571247106 -0.030942649580538269 -7.5689480304718009 -0.45204447209835047 0.23309092223644259 -6.4332399368286124 -0.039145549759268754 0.48671542108058935 -0.11447967216372489 -0.19535953551530835 -0.18008953332900998 0.41231097280979162 0.16162813454866412 0.32491587102413183 -7.9467134475707999 0.86493045091629039 0.87454462051391613 -7.7297916412353507 0.24720958620309832 0.87500673532485973 0.02911997772753239 -0.6619758903980254 -0.015662170015275475 -0.36852931976318354 0.032946167513728149 -1.8477609157562254 -0.96648588776588429 0.58633241057395946
decision_type=2 2 2 2 2 2 2 2 2 2 2 2 2 2 2 2 2 2 2 2 2 2 2 2 2 2 2 2 2 2
left_child=1 6 3 15 5 10 11 21 -7 22 -3 27 13 28 19 23 -17 -18 -15 -14 -11 -4 -5 24 -2 -25 -8 -1 -6 -10
right_child=2 4 7 9 12 8 26 -9 29 20 -12 -13 14 18 -16 16 17 -19 -20 -21 -22 -23 -24 25 -26 -27 -28 -29 -30 -31
leaf_value=0.010054230224377002 0.0001843812145317689 0.0038982147492797425 -0.0037609549536036938 -0.0031385989199262795 0.0087579824457057424 0.00019447474942715009 0.0029829182749530614 0.0040208051335569369 -0.0014198178900702032 -0.0025707421459087569 -5.774257482089858e-05 0.0067063896663437693 -0.0023082157833868087 -0.0027249705369965073 0.00058410344544961598 0.0035693272332800829 -0.0015714685538600573 -0.0065928697832494231 0.0042947808539286984 0.004087606274878878 -0.0063670816817585092 -0.0062050516536381233 -0.00056695857509992938 -0.00086137173831923419 -0.0083682659834222982 0.0029306320976956921 -0.003139853092362629 0.003395514741230217 0.0021751700377204506 -0.004394751954926902
leaf_weight=528.43226136267185 1096.2311306744814 3889.5875129252672 6060.9281439334154 9113.6906550377607 556.72515320777893 10627.632895350456 4680.2474889159203 504.99662488698959 6344.057566255331 2390.7337135821581 2902.1681828051805 10835.059067964554 592.46756626665592 3490.1448716968298 3321.3894292116165 864.48783978819847 4686.4444675296545 1177.2348808348179 537.98457673192024 8820.7918039411306 4502.9550626724958 9512.9919854402542 5097.7113003581762 2498.9656461030245 507.99154455959797 4181.1778333336115 645.20688813924789 5063.6578795462847 3341.5945013016462 3693.187241896987
leaf_count=2114 4385 15559 24244 36455 2227 42512 18723 2020 25377 9563 11609 43347 2370 13961 13286 3458 18746 4709 2152 35285 18012 38053 20391 9996 2032 16725 2581 20257 13367 14773
internal_value=-9.46312e-05 0.00201535 -0.00291889 -0.00200768 0.00069663 -0.000298332 0.00493074 -0.0049632 -0.00112346 -0.00314645 0.0022102 0.00580225 0.00201834 0.000638741 0.00287588 -0.000405747 -0.0017937 -0.00258911 -0.00177912 0.00368303 -0.00505614 -0.0052569 -0.00221718 0.000722289 -0.00255895 0.00151292 0.00223662 0.00404156 0.00313527 -0.00251772
internal_weight=122067 69870.3 52196.5 36117.6 48117.7 27456.6 21752.6 16078.9 20664.9 21105.1 6791.76 16427.1 20661.1 7926.45 12734.6 15012.5 6728.17 5863.68 4028.13 9413.26 6893.69 15573.9 14211.4 8284.37 1604.22 6680.14 5325.45 5592.09 3898.32 10037.2
internal_count=488289 279500 208789 144472 192478 109830 87022 64317 82662 84421 27168 65718 82648 31707 50941 60051 26913 23455 16113 37655 27575 62297 56846 33138 6417 26721 21304 22371 15594 40150
is_linear=0
shrinkage=0.03


Tree=4
num_leaves=31
num_cat=0
split_feature=35 23 23 35 33 6 25 12 11 12 30 11 20 9 25 41 39 39 7 11 41 12 39 11 25 12 6 14 39 41
split_gain=640.654 302.495 138.177 73.1776 71.9648 53.5714 49.0953 40.8461 37.3442 45.0874 35.5545 46.9669 37.7325 34.9823 32.3737 30.7652 30.0833 29.6449 28.6363 31.7178 26.8702 28.5538 26.7975 25.4622 25.3418 24.7753 24.7276 24.0489 23.391 23.3221
threshold=0.18514953553676608 0.23309092223644259 0.79764986038208019 -0.21424706280231473 0.40760681033134466 -1.1426410675048826 0.67429029941558849 -7.6752047538757315 0.10046520829200746 -7.8488714694976798 0.95925211906433117 -0.14000321924686429 0.82222747802734386 0.59141209721565258 0.86269888281822216 1.0000000180025095e-35 -0.44032992422580713 0.90352019667625438 -1.0915589928627012 0.57401302456855785 0.6078576147556306 -7.0384531021118155 -0.028357730247080323 -0.38886977732181544 0.23078501224517825 -7.7682240009307852 0.26066590845584875 -7.618036985397338 0.40872775018215185 -0.87837970256805409
decision_type=2 2 2 2 2 2 2 2 2 2 2 2 2 2 2 2 2 2 2 2 2 2 2 2 2 2 2 2 2 2
left_child=1 3 6 5 8 -1 7 13 14 -10 11 -8 -13 -2 20 29 -14 18 -5 -20 -3 22 25 -24 27 -22 -17 -11 -7 -4
right_child=2 4 15 17 -6 28 10 -9 9 24 -12 12 16 -15 -16 26 -18 -19 19 -21 21 -23 23 -25 -26 -27 -28 -29 -30 -31
leaf_value=0.0075638814123327952 -0.0033041718635758595 0.0021568015778258912 -0.0036726658507033644 0.0061427211952500543 -0.0023577928492687704 0.0052344008782280928 -0.00015627558987302127 0.0024033426545656171 -0.0018998976463707126 -0.00059991013594784916 0.0017435213212101839 -0.0081175127463841684 -0.0011777294120259645 0.0011242096889272581 -0.0037123185114554219 0.0022716296848590105 -0.0045838557914676765 -0.0017717353993483298 0.003446508644339943 -0.0011112515439113703 0.0044693152247425464 0.0039808854738116739 -0.00068267098990652949 -0.0060239102160592611 0.0003834552921901416 -0.00081817388425975044 -0.0041574947251436485 0.0072989374344502251 0.0019158295802571325 -0.0071319420140604954
leaf_weight=6920.1965383738279 3867.4069152325392 20405.271304935217 2389.8905248790979 1925.4392221868038 7822.0656140297651 4991.6765162795782 3747.9419935941696 3878.5907296091318 8545.820289760828 515.7076673656702 1504.4784161001444 1716.2225441783667 3753.1882256120443 2733.1734208911657 1074.4855923503637 579.48679360747337 6199.1336389929056 1393.378970310092 4197.1182849258184 2034.8232911378145 1319.70884719491 1433.1531441509724 2470.4098988026381 1182.4644908756018 5669.2771614342928 1986.6575724333525 6660.4539646655321 1040.9026374518871 3121.5367563813925 6982.6791229993105
leaf_count=27688 15470 81626 9560 7703 31289 19970 14992 15515 34184 2063 6018 6865 15013 10933 4298 2318 24797 5574 16790 8140 5279 5733 9882 4730 22678 7947 26643 4164 12488 27932
internal_value=-6.62701e-05 0.00156577 -0.00296016 0.00431929 0.000299101 0.00562369 -0.00165031 -3.64281e-05 0.000754834 -0.000425958 -0.00264918 -0.00307871 -0.00401646 -0.00147154 0.0013782 -0.00511828 -0.00330182 0.00226237 0.00295277 0.00195893 0.00156935 0.000140162 -0.000655355 -0.0024234 0.00131744 0.0012994 -0.00364048 0.00469491 0.00396152 -0.00625472
internal_weight=122063 78050.1 44012.6 24584.2 53465.9 15033.4 27400.1 10479.2 45643.9 15771.7 16921 15416.5 11668.5 6600.58 29872.2 16612.5 9952.32 9550.76 8157.38 6231.94 28797.7 8392.39 6959.24 3652.87 7225.89 3306.37 7239.94 1556.61 8113.21 9372.57
internal_count=488282 312226 176056 98353 213873 60146 109603 41918 182584 63089 67685 61667 46675 26403 119495 66453 39810 38207 32633 24930 115197 33571 27838 14612 28905 13226 28961 6227 32458 37492
is_linear=0
shrinkage=0.03


Tree=5
num_leaves=31
num_cat=0
split_feature=25 33 25 25 41 35 23 11 12 5 15 41 11 40 12 40 24 24 25 33 15 13 15 35 41 12 39 17 40 22
split_gain=638.205 259.335 101.757 73.694 50.5969 49.0441 48.4682 44.1882 37.0852 34.4142 33.7977 48.7632 32.464 57.6005 54.2942 39.3309 38.3145 33.9622 30.2263 29.1404 28.3189 27.4023 26.9724 26.3519 35.0066 33.2753 25.1006 23.895 27.2233 34.574
threshold=0.66732001304626476 -0.49454107880592341 0.84559035301208507 0.22263769060373309 1.0000000180025095e-35 -0.19029564410448072 0.91985329985618602 -0.24318428337574002 -8.7547054290771467 -0.079644259065389619 -7.475325107574462 0.6078576147556306 0.070742268115282073 -0.25671049952507013 -7.7441246509551993 -0.53176689147949208 1.7934703230857851 1.5862961411476137 0.93885165452957164 -0.32966846227645868 -7.3352215290069571 -7.9962587356567374 -7.9268774986267081 0.33501276373863226 -0.87837970256805409 -8.9659123420715314 -0.77576932311058033 -0.21216941624879834 0.47523921728134161 1.2564738392829897
decision_type=2 2 2 2 2 2 2 2 2 2 2 2 2 2 2 2 2 2 2 2 2 2 2 2 2 2 2 2 2 2
left_child=1 5 7 10 23 -1 12 22 -8 26 11 -3 13 16 15 -14 -5 19 -6 -17 -21 -12 -2 -4 -25 -26 -9 28 -16 -30
right_child=2 3 4 6 18 -7 8 9 -10 -11 21 -13 14 -15 27 17 -18 -19 -20 20 -22 -23 -24 24 25 -27 -28 -29 29 -31
leaf_value=0.0065706771555605241 0.0051675050483848068 0.0029715453703381182 -0.0036470724087199111 0.00050476922892994745 -0.0013068964979435196 0.0028939781663881487 0.0040959127046154174 0.0022910668740505238 -0.0039201389983809301 -0.0035752801896462082 -0.00231390009232035 -0.0020009328159351063 0.0010196208646051526 0.0026379875787705363 0.0017562804303580721 0.0022792254210569542 -0.0043820160437109384 -0.0005974223675913119 -0.0049304780825205671 -0.0061731961892131917 0.00062712934660693719 0.0049490320194806618 -0.00030047444372393499 -0.0035003331612434496 -0.00099497894030503077 -0.0089670876294256022 -0.001845699543349252 0.0027348625314594496 0.0017105025967010005 -0.0087390071339723385
leaf_weight=9593.6406307965517 911.96151724457741 5928.1648068279028 3443.0773566663265 7927.395854100585 5268.3070116043091 4985.4285492002964 598.9791424125433 1761.4581853300333 3577.6434710621834 9475.4307481646538 501.94610852003098 2523.5216036140919 4005.4172829240561 13687.717496111989 1732.6750025451183 533.47641131281853 1755.1684210449457 4238.1336858868599 3415.944311439991 3566.1880022585392 649.48752951622009 5902.8158028870821 6794.7686561644077 2040.8567472696304 526.94477123022079 4669.53121329844 5176.6299906820059 5741.9659184366465 500.98079417645931 642.4700815230608
leaf_count=38388 3648 23716 13773 31711 21074 19945 2396 7046 14311 37903 2008 10095 16022 54755 6931 2134 7021 16953 13665 14265 2598 23615 27180 8164 2108 18680 20707 22969 2004 2570
internal_value=9.32046e-05 0.00170661 -0.00282254 0.000883824 -0.00444178 0.00531625 0.000324031 -0.00152124 -0.0027635 -0.00240067 0.00273463 0.00148624 0.000611267 0.00138604 -0.000226837 -0.00145108 -0.00038467 -0.00255212 -0.00273626 -0.00429157 -0.0051265 0.00437711 0.000352427 -0.00582469 -0.0068542 -0.00816215 -0.000793662 0.00161838 -0.000612337 -0.00418562
internal_weight=122078 78593.2 43484.9 64014.1 19364.7 14579.1 49157.7 24120.2 4176.62 16413.5 14856.4 8451.69 44981.1 23370.3 21610.8 12992.7 9682.56 8987.29 8684.25 4749.15 4215.68 6404.76 7706.73 10680.4 7237.33 5196.48 6938.09 8618.09 2876.13 1143.45
internal_count=488355 314407 173948 256074 77464 58333 196640 96484 16707 65656 59434 33811 179933 93487 86446 51972 38732 35950 34739 18997 16863 25623 30828 42725 28952 20788 27753 34474 11505 4574
is_linear=0
shrinkage=0.03


Tree=6
num_leaves=31
num_cat=0
split_feature=34 34 34 39 39 13 10 14 34 35 25 30 40 35 30 14 15 31 23 25 16 42 34 16 10 25 35 33 17 10
split_gain=681.807 272.362 104.643 68.0692 56.6873 56.0656 49.5122 40.2054 41.1698 34.4486 33.4317 32.2358 31.7084 27.672 27.2165 27.1207 33.9048 30.4223 26.9079 24.7197 24.6137 22.5868 22.2186 22.5947 22.55 25.1244 21.6996 20.9497 21.6401 21.1316
threshold=-0.20470964163541791 0.36192411184310919 -0.56230211257934559 0.90352019667625438 -0.46368156373500818 -6.7158908843994132 -0.29305541515350336 -8.9205155372619611 0.60015690326690685 0.72377330064773571 0.81068643927574169 0.98432129621505748 0.99913862347602855 0.51268914341926586 0.93451812863349926 -7.2682614326477042 -7.2910349369049063 0.085230678319931044 0.32743212580680853 0.23864073306322101 -0.033523425459861748 1.0000000180025095e-35 -0.33375041186809534 -0.19943238794803617 -0.45060785114765162 0.36761295795440679 0.30850310623645788 0.032946167513728149 0.14166538417339328 -0.58806738257408131
decision_type=2 2 2 2 2 2 2 2 2 2 2 2 2 2 2 2 2 2 2 2 2 2 2 2 2 2 2 2 2 2
left_child=2 4 11 22 9 7 -6 -3 -9 10 27 20 15 -7 -10 17 -17 -8 21 -20 -1 -5 23 -4 -24 -26 -18 -2 29 -29
right_child=1 5 3 18 6 13 12 8 14 -11 -12 -13 -14 -15 -16 16 26 -19 19 -21 -22 -23 24 -25 25 -27 -28 28 -30 -31
leaf_value=0.0046144933196896462 0.002024020617697078 0.003061860398240945 0.002099546704739789 -0.005565573740550998 0.00041652601038339376 -0.0030269014265550107 -0.0030995608691459682 -0.0036108032096547117 -0.0067405990948518572 0.0076548712235471267 -0.0035415409042211161 0.0014342349273780361 -0.0088391451901909408 0.0056515118315595952 -0.0019117370911215926 0.0059598508976760637 0.001617804066331819 -0.00082269017790644538 -0.0016017097915748239 0.0072368387777176036 0.0076824157624520543 5.9591463187345662e-05 0.0036788024391073834 0.0047409540804880593 -0.00065460557781696924 0.0032168264085508441 -0.0038506842975545769 0.0040246993930403117 -0.0019010792377686736 3.4174818374373878e-05
leaf_weight=4256.1281846314669 8774.7056933045387 615.68070869147778 4736.8167310804129 1487.3088294118643 12523.941994562745 579.98387774825096 12261.324142619967 13955.050850719213 8633.9284675866365 633.23676173388958 1602.9530537575483 1381.1518226414919 567.46824316680431 744.72011934220791 1206.8464974164963 837.46409952640533 1385.6768690645695 9288.9487423449755 629.94181591272354 505.45916250348091 5457.3385287970304 1124.8445812761784 3797.1144945770502 7676.582219183445 4100.9415068477392 2374.3044340610504 1218.4551911950111 1593.3989180475473 3453.3640828579664 4681.6005834937096
leaf_count=17031 35101 2463 18951 5950 50098 2320 49047 55824 34541 2533 6412 5527 2270 2979 4828 3350 5543 37157 2520 2022 21840 4500 15190 30714 16405 9498 4874 6374 13814 18727
internal_value=-7.43315e-05 -0.00156785 0.00329042 0.00226265 -0.000441419 -0.00414124 -0.00112858 -0.00446741 -0.00466342 0.000820337 0.000601386 0.00573488 -0.00188554 0.00185771 -0.00615094 -0.00172417 0.000746987 -0.00211898 -0.00147981 0.00236187 0.00634428 -0.00315228 0.00288126 0.00373552 0.00184631 0.000767719 -0.000945806 0.000962014 3.01937e-06 0.00105227
internal_weight=122087 84558.7 37527.9 26433.3 58822.5 25736.2 38083.3 24411.5 23795.8 20739.3 20106 11094.6 25559.3 1324.7 9840.77 24991.9 3441.6 21550.3 3747.55 1135.4 9713.47 2612.15 22685.8 12413.4 10272.4 6475.25 2604.13 18503.1 9728.36 6275
internal_count=488403 338255 150148 105750 235300 102955 152339 97656 95193 82961 80428 44398 102241 5299 39369 99971 13767 86204 14992 4542 38871 10450 90758 49665 41093 25903 10417 74016 38915 25101
is_linear=0
shrinkage=0.03


Tree=7
num_leaves=31
num_cat=0
split_feature=34 34 25 41 6 14 21 17 40 12 23 4 34 41 41 28 19 22 14 36 41 23 40 22 7 7 17 41 12 40
split_gain=676.748 220.993 104.659 48.0289 46.0926 40.0184 35.4975 28.3729 27.0175 36.2962 26.0004 25.3951 25.1191 30.7353 23.9416 29.949 25.2495 23.6424 23.5029 23.4327 26.7531 23.2907 22.9171 21.404 20.0662 19.7194 26.7826 19.2933 30.0657 19.0279
threshold=0.095971908420324339 -0.33375041186809534 0.84559035301208507 1.0000000180025095e-35 -0.41938127577304835 -7.5689480304718009 0.14295361936092379 0.57709577679634105 0.70556074380874645 -7.7983508110046378 0.056844931095838554 0.051450332626700408 -0.60729792714118946 -0.60785761475563038 -0.87837970256805409 -0.29240931570529932 0.99998518824577343 1.2782297134399416 -7.4442400932312003 0.96750605106353771 -0.60785761475563038 0.01439870521426201 0.99826323986053478 1.2306588292121889 0.98646181821823131 0.44666786491870886 0.030428185127675537 0.6078576147556306 -7.393390178680419 -0.91265374422073353
decision_type=2 2 2 2 2 2 2 2 2 2 2 2 2 2 2 2 2 2 2 2 2 2 2 2 2 2 2 2 2 2
left_child=1 4 6 14 12 10 23 8 9 11 21 -5 -1 17 15 -4 24 -14 -10 20 -12 -3 -8 -2 -16 -7 -27 -6 -29 -11
right_child=2 5 3 7 27 25 22 -9 18 29 19 -13 13 -15 16 -17 -18 -19 -20 -21 -22 -23 -24 -25 -26 26 -28 28 -30 -31
leaf_value=0.0061396850239029419 -0.0034051996895494083 0.00014092033656514151 -0.0061313333241554994 0.0062602446928456349 0.0029754376390644446 0.0021432894261322823 -0.0016728784893581721 0.0035660590382732807 -0.0094460443609356032 -0.008840261848700735 0.00081489067135580046 -0.00092094457672933913 0.010498469366691045 0.0030416365427975048 -0.0056595298176515723 -6.1949934936275492e-05 -0.0033891658916435754 0.0048431316334228815 -0.0027734206562531477 0.0015693378902062116 -0.0015557729477423147 0.0078032914050331515 -0.0079824824183271654 0.0023764445852137005 -0.0092291365120957935 0.0020111621762178991 -0.0048767453960508163 -0.0039874209619360527 0.0044479750542568107 -0.0029514040359325555
leaf_weight=8615.4261665791273 699.22777928411961 724.68402248620987 1526.5608673095703 578.97509467601776 3472.5907476246357 16993.406441539526 28651.459670528769 624.20182405412197 955.61540681123734 580.41975790262222 6559.1395123749971 1782.9764809310436 929.17965751886368 8551.5258178859949 2967.5600235164165 1397.3011865466833 1870.3055810630322 2430.6460681855679 958.38106571137905 5036.5245805680752 12315.459918022156 694.44199378788471 518.4503772854805 3078.6590755283833 2856.4933113604784 1167.6608782410622 884.17938759922981 1051.6119646131992 582.84843690693378 3177.8508079648018
leaf_count=34483 2797 2899 6107 2316 13894 67980 114611 2497 3823 2322 26238 7133 3718 34216 11872 5590 7483 9726 3834 20147 49264 2778 2074 12315 11429 4671 3537 4207 2332 12713
internal_value=0.000122932 0.00205077 -0.00246133 -0.00421667 0.00426788 0.000769367 -0.00143336 -0.00255382 -0.00303313 -0.00205412 -1.19291e-05 0.000858321 0.00490236 0.00400302 -0.00556893 -0.0032409 -0.00644823 0.00643366 -0.00613669 -0.00024676 -0.000731945 0.00391883 -0.00178772 0.00130019 -0.00742311 0.00180795 -0.000966233 0.00171312 -0.000970603 -0.00388191
internal_weight=122234 70009.3 52224.4 19276.6 25633.8 44375.5 32947.8 8658.42 8034.22 6120.22 25330.3 2361.95 20526.8 11911.4 10618.2 2923.86 7694.36 3359.83 1914 23911.1 18874.6 1419.13 29169.9 3777.89 5824.05 19045.2 2051.84 5107.05 1634.46 3758.27
internal_count=489006 280090 208916 77119 102576 177514 131797 34638 32141 24484 101326 9449 82143 47660 42481 11697 30784 13444 7657 95649 75502 5677 116685 15112 23301 76188 8208 20433 6539 15035
is_linear=0
shrinkage=0.03


Tree=8
num_leaves=31
num_cat=0
split_feature=34 34 25 11 6 40 30 14 11 40 35 16 21 7 42 34 21 34 14 31 11 10 17 24 29 14 6 16 30 3
split_gain=620.25 199.605 118.499 80.7119 50.5434 48.3567 45.108 40.8116 45.5347 43.9241 32.3684 30.9888 28.5744 27.8099 27.4689 27.4221 24.3127 25.6847 24.155 23.4333 22.6773 22.1654 24.1708 21.5108 21.8687 21.2203 20.7407 20.3246 20.1871 23.5774
threshold=0.095971908420324339 -0.33375041186809534 0.86976149678230297 0.11999743431806566 -1.1637019515037534 0.45204447209835058 0.39558598399162298 -7.5689480304718009 0.011230897624045612 0.63775861263275158 0.25696732103824621 -0.19535953551530835 0.75945326685905468 0.13074954599142077 1.0000000180025095e-35 -0.55192631483077992 0.49020628631114965 0.38576112687587744 -7.7608726024627677 0.30231569707393652 0.020927373319864277 1.9810280203819277 0.46639336645603185 1.8627173304557803 0.012306655291467907 -8.0182476043701154 -0.058913547545671456 0.20066651701927188 0.4454947710037232 -0.45686127245426172
decision_type=2 2 2 2 2 2 2 2 2 2 2 2 2 2 2 2 2 2 2 2 2 2 2 2 2 2 2 2 2 2
left_child=1 4 3 16 15 6 14 8 13 25 -7 -6 -8 -3 -5 -1 -2 -18 20 23 -13 22 -12 24 -11 26 -10 -16 -20 -30
right_child=2 7 -4 5 11 10 12 -9 9 19 21 18 -14 -15 27 -17 17 -19 28 -21 -22 -23 -24 -25 -26 -27 -28 -29 29 -31
leaf_value=0.0065963782948455325 0.0015803053118673388 0.00033632175556913346 -0.0046663575874746396 -0.0013134187991325538 0.0011383351870353552 -0.0018947861392713821 0.0030855313309273887 0.0016306279969280232 -0.00019937216016088064 -0.0041742675234011789 -0.0081656536566309494 0.0040620616375388651 -0.0035970182873919245 0.0037600544754750023 -0.005325726770128025 0.0031897992692029634 3.2524680348555131e-05 -0.0032189574335855621 0.0066981469143168578 0.0017018020232078936 -0.00049982147649936949 -0.0013343941013065981 -0.0012017162401568408 5.8329105461662146e-05 -0.0099957362801175609 0.00093537884753900344 -0.0043319753271404962 0.00043806447152588995 0.0070803314895805667 0.00069105887741083998
leaf_weight=7023.0605050772429 5578.3092023134232 9256.8125659972429 16031.642586559057 5289.1800305843353 5997.5429522097111 2156.3853793144226 2270.6561589688063 19027.674859955907 2695.9006605893373 1511.9401081502438 3364.3223458081484 2281.787768393755 761.2078163176775 2766.333381742239 3852.9928094744682 3093.4978080093861 8086.5580447614193 2986.7451143413782 3246.3479602485895 500.48372668027878 1710.8729146122932 677.43546259403229 521.71317271888256 555.98319967091084 961.71697610616684 5163.070642516017 1829.4679240137339 640.44859711825848 801.35198931396008 1453.45943826437
leaf_count=28115 22314 37030 64142 21158 23997 8626 9083 76119 10784 6048 13459 9131 3045 11066 15413 12379 32347 11948 12991 2002 6846 2710 2087 2224 3847 20653 7318 2562 3207 5816
internal_value=-4.66371e-05 0.00180166 -0.00251989 -0.00156791 0.00390928 -0.00287551 -0.0017923 0.000581889 -0.000209003 -0.0014237 -0.00493542 0.00282913 0.00140144 0.00112654 -0.00278254 0.00555887 -3.31194e-05 -0.000846594 0.00389493 -0.00428354 0.00211091 -0.00636493 -0.00723621 -0.00527464 -0.00646869 -0.000378332 -0.00187592 -0.00450507 0.00518357 0.00298302
internal_weight=122095 69877.3 52217.6 36186 25607.9 19534.3 12814.5 44269.4 25241.7 13218.6 6719.86 15491.4 3031.86 12023.1 9782.62 10116.6 16651.6 11073.3 9493.82 3530.12 3992.66 4563.47 3886.04 3029.64 2473.66 9688.44 4525.37 4493.44 5501.16 2254.81
internal_count=488467 279573 208894 144752 102482 78143 51261 177091 100972 52876 26882 61988 12128 48096 39133 40494 66609 44295 37991 14121 15977 18256 15546 12119 9895 38755 18102 17975 22014 9023
is_linear=0
shrinkage=0.03


Tree=9
num_leaves=31
num_cat=0
split_feature=33 25 7 25 10 41 33 25 39 10 24 28 40 39 15 39 24 0 36 42 12 41 15 28 15 41 5 24 39 12
split_gain=477.933 212.146 75.9075 72.0254 51.4732 44.8726 43.2562 40.3622 37.8491 41.7492 32.3172 38.8131 39.5283 30.6426 27.7768 25.5821 45.2018 25.1843 24.6205 24.5632 34.8306 24.5593 24.0261 23.9389 22.7108 22.6203 29.2657 21.8365 21.7465 21.0311
threshold=-0.24297479540109632 0.83863443136215221 -1.1490179300308225 0.23078501224517825 -0.22553690522909162 1.0000000180025095e-35 0.49305287003517156 0.96044275164604198 -0.46368156373500818 -0.2157223969697952 2.3614085912704472 -0.18220253288745877 0.42853991687297827 0.44424325227737432 -8.1293549537658674 -0.77576932311058033 1.8396821618080141 -0.37793241441249842 0.96750605106353771 1.0000000180025095e-35 -9.1675682067871076 0.6078576147556306 -7.4116656780242911 1.0643364787101748 -7.5641686916351309 -0.60785761475563038 -0.86987891793251026 1.7318746447563174 0.8537760078907014 -7.8731176853179923
decision_type=2 2 2 2 2 2 2 2 2 2 2 2 2 2 2 2 2 2 2 2 2 2 2 2 2 2 2 2 2 2
left_child=2 3 -1 13 25 19 8 23 18 27 11 12 14 24 -11 16 -6 -15 -5 28 -21 -17 -23 29 -2 26 -4 -10 -3 -7
right_child=1 5 4 6 15 7 -8 -9 9 10 -12 -13 -14 17 -16 21 -18 -19 -20 20 -22 22 -24 -25 -26 -27 -28 -29 -30 -31
leaf_value=0.0053652781725165013 0.0014486077603847031 -0.0029245515568423097 0.0089105349972126782 0.00018083983618955 0.0063086609256745247 0.00076661387769169967 -0.0028979563122528175 -0.0056055182063481012 0.00123147978198866 -0.0074105825998979019 0.0018267834691627514 0.00025220491316027245 -0.0048999623051382115 -0.0046723244163636513 -0.0011846389750560682 0.0012121480277522139 -0.0016256841073326405 0.0013553149520938626 0.0030838811532800728 0.00064797813759697321 -0.0074041741249555575 -0.0040782238291347979 0.0012553641297868489 0.0036216704677775814 0.0053179115534394252 0.0029034817377242552 0.0028436930564027531 -0.0014260889979573579 -0.0079141730413172882 -0.0030514587321643812
leaf_weight=9291.1375578939915 2517.3021872192621 4821.8031425774097 1494.4599307775497 15427.869494795799 1828.7864955216646 1969.7160696387291 7137.9732961207628 2373.6612322479486 8397.1131411343813 692.46399541199207 1952.3613307327032 4377.9530242085457 5747.2222841978073 799.11309976875782 7975.8885643780231 7988.5638802796602 991.05642899870872 2714.5425803810358 3159.7576304376125 536.12464128434658 4774.1529309153557 1863.4801843315363 1272.7477410584688 850.36903251707554 2999.4094778299332 8039.3190943002701 1390.7474436312914 4149.7152193635702 936.94145929813385 3780.6366266906261
leaf_count=37194 10071 19293 5981 61716 7317 7880 28555 9498 33591 2770 7810 17513 22991 3197 31905 31961 3965 10860 12640 2145 19104 7455 5092 3402 12001 32170 5565 16600 3749 15125
internal_value=4.07163e-05 -0.00112736 0.00305239 -0.000328162 0.00218649 -0.00383919 -0.00071002 -0.00225892 -0.000408491 -0.00101384 -0.00183971 -0.00222137 -0.00297224 0.00216551 -0.00168996 0.000977322 0.00352418 -2.49246e-05 0.000675728 -0.00511723 -0.00659154 0.000329174 -0.00191663 -0.0010488 0.00355815 0.00372763 0.00600608 0.000352085 -0.00374867 -0.00174456
internal_weight=122252 88092.1 34160.3 68048.7 24869.2 20043.4 59018.3 8974.38 51880.3 33292.7 20745.9 18793.5 14415.6 9030.37 8668.35 13944.6 2819.84 3513.66 18587.6 11069 5310.28 11124.8 3136.23 6600.72 5516.71 10924.5 2885.21 12546.8 5758.74 5750.35
internal_count=489116 352416 136700 272220 99506 80196 236091 35905 207536 133180 82989 75179 57666 36129 34675 55790 11282 14057 74356 44291 21249 44508 12547 26407 22072 43716 11546 50191 23042 23005
is_linear=0
shrinkage=0.03


Tree=10
num_leaves=31
num_cat=0
split_feature=34 34 34 39 35 15 33 10 13 39 30 21 40 13 24 39 3 13 42 42 12 40 33 30 15 12 24 42 7 35
split_gain=535.4 193.38 102.472 63.2131 42.8403 42.1888 42.1589 41.3639 37.79 36.0191 33.612 33.117 29.279 28.342 26.8407 28.2601 26.1441 25.1035 24.2248 23.8827 23.8601 22.7766 22.379 22.2318 22.0314 21.6584 21.3516 20.9853 20.7347 20.6134
threshold=0.10024886205792428 -0.36386922001838679 0.49785454571247106 -0.4981082528829574 0.21337015926837924 -7.6650419235229483 -0.81614834070205677 0.028931774199008945 -9.0173082351684553 0.50188699364662182 0.95925211906433117 0.67568752169609081 -0.97859653830528248 -7.4378721714019767 2.760342121124268 -0.14133286476135251 -0.25655905902385706 -7.3223412036895743 -0.56174489110708226 1.0000000180025095e-35 -8.6230297088623029 0.4636815637350083 0.37460787594318395 -0.64526396989822377 -7.1116971969604483 -6.7560620307922354 2.3082758188247685 1.0000000180025095e-35 1.0815948843955996 0.52092018723487865
decision_type=2 2 2 2 2 2 2 2 2 2 2 2 2 2 2 2 2 2 2 2 2 2 2 2 2 2 2 2 2 2
left_child=1 6 4 22 16 12 -1 9 -4 18 25 -12 -5 19 15 17 -2 -9 -7 28 -18 -15 -3 27 -23 29 -14 -11 -6 -10
right_child=2 3 8 5 13 7 -8 14 10 23 11 -13 26 21 -16 -17 20 -19 -20 -21 -22 24 -24 -25 -26 -27 -28 -29 -30 -31
leaf_value=0.0065092872499697913 0.0016376704121177526 0.0023516544683593347 0.0036201733527655958 0.0030503706642690059 -0.0025003315817185385 0.00087014773566819763 0.003282538249360741 -0.0072159980938136864 -0.0041930074198375297 -0.0031733417048625287 0.0037968190406321009 -0.0041325432171416517 -0.002683501755332115 0.00072878310196655357 0.0056064378081418023 -0.00044454179475500477 0.0022377789429004914 0.00078992777055929134 0.0049888383395269957 -0.0045293384588853541 -0.0015633864178417559 -0.00091451195638406365 -0.0032261429771513056 0.0024377777581265233 -0.0075297325507043926 -0.00045432177060033147 0.0018176732227884872 0.001939921920552691 0.0031312765410379528 -0.0066168272612577286
leaf_weight=4539.5869223326445 4378.5540274083614 15209.939484551549 514.10109442472458 1046.1860948354006 5963.5507905185223 1998.7031041830778 18679.818442568183 1148.9167324304581 6331.9805056452751 2163.2855414450169 792.40364146232605 1149.1507701575756 8901.8543399870396 3679.5148508995771 533.95783311128616 7190.2656040638685 1710.1639373898506 503.94217185676098 3615.477452725172 6337.2292781621218 10958.979132503271 1286.8138628304005 667.70643074810505 2174.749076589942 692.13999323546886 843.3286080956459 1054.4367196410894 1073.8901711851358 644.16404122114182 6481.2255980074406
leaf_count=18181 17515 60849 2057 4185 23857 7996 74763 4596 25338 8654 3170 4598 35610 14719 2136 28763 6841 2016 14464 25353 43838 5148 2671 8700 2769 3374 4218 4296 2577 25937
internal_value=-2.6491e-05 0.00167446 -0.0023431 0.000573149 -0.00144507 -0.000206888 0.00391593 0.000600538 -0.00432803 0.00184547 -0.00459215 -0.000893472 -0.00170338 -0.00244019 -0.000863731 -0.0012603 -0.000358337 -0.00478499 0.0035267 -0.00321393 -0.00104892 -0.000667556 0.00211521 9.81233e-05 -0.00325441 -0.00511695 -0.00220545 -0.00147633 -0.00194742 -0.00542324
internal_weight=122266 70502.7 51763.3 47283.3 35651.1 31405.7 23219.4 20403.2 16112.2 11026.1 15598.1 1941.55 11002.5 18603.4 9377.08 8843.12 17047.7 1652.86 5614.18 12944.9 12669.1 5658.47 15877.6 5411.92 1978.95 13656.5 9956.29 3237.18 6607.71 12813.2
internal_count=489189 282098 207091 189154 142617 125634 92944 81621 64474 44110 62417 7768 44013 74423 37511 35375 68194 6612 22460 51787 50679 22636 63520 21650 7917 54649 39828 12950 26434 51275
is_linear=0
shrinkage=0.03


Tree=11
num_leaves=31
num_cat=0
split_feature=33 25 33 11 39 33 11 41 39 17 24 41 40 25 31 40 7 12 41 11 39 30 10 31 12 40 8 33 2 29
split_gain=477.844 182.969 99.2956 95.6904 53.5353 44.6087 42.6799 40.6073 36.1679 31.0369 30.6363 30.4912 30.4272 30.3148 29.3659 29.2706 28.0702 27.8517 28.5421 34.5438 33.8801 26.3893 25.6295 24.6483 23.5833 23.462 22.5432 22.1143 31.2004 21.4585
threshold=-0.16569036990404126 0.83863443136215221 -0.46819271147251124 0.10046520829200746 -0.46368156373500818 0.51081687211990368 0.4377217590808869 1.0000000180025095e-35 -0.91792565584182728 0.19479310512542727 0.93104976415634166 1.0000000180025095e-35 0.42853991687297827 0.95169928669929515 -0.56687715649604786 -0.28192219138145441 -0.91395887732505787 -7.0518026351928702 -0.87837970256805409 0.27975410223007208 -0.59657368063926686 0.53388008475303661 0.55794140696525585 0.24462937563657763 -7.5610854625701895 0.974856197834015 -0.3364401757717132 0.045578945428133018 0.018366058357059959 0.23442812263965609
decision_type=2 2 2 2 2 2 2 2 2 2 2 2 2 2 2 2 2 2 2 2 2 2 2 2 2 2 2 2 2 2
left_child=2 3 16 5 27 9 11 10 -8 22 -3 -4 -6 21 -10 -13 -1 18 23 -20 -21 24 -2 -12 29 -16 -14 28 -5 -9
right_child=1 7 6 4 12 -7 8 13 14 -11 17 15 26 -15 25 -17 -18 -19 19 20 -22 -23 -24 -25 -26 -27 -28 -29 -30 -31
leaf_value=0.0055781470066785322 0.0020521585340700478 0.0015491105794856292 0.0034495187531512943 -0.00052465017949397522 -0.0016843699863674289 -0.0026342311011272714 0.0052030935650683521 0.0021592534439217955 0.0046228704006191388 -0.00075869091092794507 0.0011828629309306715 -0.001390954994320324 -0.0016579509530840087 -0.004891301236344142 -0.0010355210169951355 0.0025230706120692196 0.0031114416317882332 -0.0098896969280699836 -0.0037629630987515458 -0.012636492602000587 -0.005993292248722277 0.0022985838681602445 -0.00076550946710230729 -0.0049368974420953378 -0.0049601993939079672 -0.0071773919502339818 -0.0052303480501566784 -0.001007304708641804 0.0050842250713042389 -0.003075945515628167
leaf_weight=9016.580636844039 18136.078693896532 598.27488179504871 9507.5828802585602 2032.3139151334763 11583.130344673991 3288.9351573139429 953.30094914138317 1361.7595969587564 750.75877974927425 6525.7055194675922 1134.1145699322224 3010.4755603671074 2304.6961726695299 2761.9793784916401 6190.0216565132141 3985.1783017367125 7790.0259716063738 1114.0302255898714 3546.3778386116028 1004.6024041026831 2306.1294590830803 1527.5132811665535 3453.8172334581614 1222.7429797947407 1757.2961163073778 606.13201180100441 5205.5111871361732 6281.8977932035923 1579.3008755594492 1439.4045565128326
leaf_count=36108 72552 2394 38043 8130 46337 13157 3814 5448 3004 26107 4538 12045 9220 11054 24764 15945 31176 4458 14193 4021 9231 6111 13816 4893 7031 2425 20826 25130 6318 5759
internal_value=5.49621e-05 -0.00130105 0.00265464 -0.000480691 -0.00172338 0.000666517 0.00145507 -0.00380497 -0.000271843 0.00105343 -0.00502835 0.00234417 -0.00265104 -0.00229025 -0.000969389 0.000839147 0.00443734 -0.0054105 -0.0048588 -0.00583721 -0.00804108 -0.00110374 0.00160126 -0.00199953 -0.00224637 -0.00159304 -0.00413773 6.77542e-05 0.00193529 -0.000532275
internal_weight=121976 80165.6 41810.1 60391.4 28986.9 31404.5 25003.5 19774.2 8500.21 28115.6 10926.3 16503.2 19093.3 8847.95 7546.91 6995.65 16806.6 10328 9213.97 6857.11 3310.73 6085.97 21589.9 2356.86 4558.46 6796.15 7510.21 9893.51 3611.61 2801.16
internal_count=488048 320724 167324 241593 115961 125632 100040 79131 34007 112475 43728 66033 76383 35403 30193 27990 67284 41334 36876 27445 13252 24349 86368 9431 18238 27189 30046 39578 14448 11207
is_linear=0
shrinkage=0.03


Tree=12
num_leaves=31
num_cat=0
split_feature=34 34 11 33 4 28 40 24 40 14 40 34 14 40 42 24 35 10 28 35 20 16 15 17 16 16 40 35 24 32
split_gain=526.137 254.863 77.182 57.8067 50.3415 49.1007 45.8481 35.2177 42.4437 32.3602 31.7434 31.4684 38.4857 30.4634 37.8662 29.411 29.071 26.3971 29.9378 25.5554 25.432 23.1849 26.6676 22.0949 21.0259 20.9009 20.4103 31.9481 27.5238 20.7094
threshold=0.28602936863899237 -0.33375041186809534 -0.30517698824405665 -0.81614834070205677 1.0000000180025095e-35 0.80860203504562389 -0.33174875378608698 2.8933954238891606 0.4636815637350083 -8.9205155372619611 0.76744312047958385 0.49785454571247106 -6.9495747089385977 -0.95172616839408863 -0.56174489110708226 1.3209769725799563 0.16162813454866412 0.55794140696525585 -1.7558345198631284 0.29739177227020269 1.5926178097724917 -0.21529258787631986 -7.3603358268737784 -0.57021942734718312 0.33515888452529913 0.11572480574250223 0.49810825288295751 -0.30480740964412684 2.2917846441268925 0.17460476607084277
decision_type=2 2 2 2 2 2 2 2 2 2 2 2 2 2 2 2 2 2 2 2 2 2 2 2 2 2 2 2 2 2
left_child=1 3 6 25 10 7 13 8 20 -6 -2 -11 -13 14 -3 -7 -10 26 -19 -12 -4 -5 -23 -18 -22 -1 -8 28 29 -28
right_child=4 2 5 21 9 15 17 -9 16 11 19 12 -14 -15 -16 -17 23 18 -20 -21 24 22 -24 -25 -26 -27 27 -29 -30 -31
leaf_value=0.0045816044219470862 -0.00022617287983625671 -0.0031395471805218977 -0.0008328588569318676 0.0016406732306934501 0.0033746103919777078 0.00052750079961577418 0.0016853951679428672 0.0033635893307309016 -0.0012853787980453876 -0.0029465404575282359 0.00034552549595250938 -0.0057089500710779551 -0.00059301606419292585 -0.0013091483330247571 0.0051994125086834994 0.0063918459573114707 -0.0086385060136257765 0.0041026434452746422 -0.0036487461457748384 -0.0074131633220846337 0.00076790114172630808 0.0027657998929665382 0.0055666186826577035 -0.003350195014349354 0.0063951665397155048 0.0086492674778560746 0.0061722865474555877 0.0025452826865831413 0.0011609716221136234 0.012679587457561182
leaf_weight=2239.7923977077007 6213.8258484452963 691.45026813447475 19310.372648641467 7369.616254389286 520.60206970572472 1881.5435928106308 5543.4124214053154 1623.0825934261084 7371.4786465913057 10995.861503690481 571.41411031782627 11641.625157907605 1495.7618997395039 6235.4709966629744 1628.0668236017227 1294.8454455882311 836.36394920945168 707.70862866938114 1185.9171293824911 1137.8661412894726 3358.3924049586058 8924.99839168787 4683.9195654243231 4691.2765795141459 717.93720643222332 2401.6759448796511 1338.3924293220043 4380.6148725450039 616.85877822339535 680.86133828759193
leaf_count=8973 24860 2766 77248 29494 2083 7527 22177 6493 29489 43992 2286 46598 5985 24944 6513 5180 3346 2831 4744 4553 13435 35727 18752 18768 2872 9624 5355 17525 2468 2724
internal_value=-4.21336e-05 0.00114365 0.000132552 0.00367211 -0.00330704 -0.000646488 0.00152331 -0.000946909 -0.00114059 -0.00397546 -0.00122475 -0.00413535 -0.00512737 -0.000217338 0.00271075 0.00293064 -0.00252144 0.00255302 -0.00074547 -0.0048325 -0.000378227 0.00299922 0.00373317 -0.0041645 0.00177222 0.00670044 0.00305051 0.00412505 0.00673073 0.00841812
internal_weight=122291 89714 64094 25620 32577 41085.3 23008.8 37908.9 36285.8 24653.9 7923.11 24133.2 13137.4 8554.99 2319.52 3176.39 12899.1 14453.8 1893.63 1709.28 23386.7 20978.5 13608.9 5527.64 4076.33 4641.47 12560.1 7016.73 2636.11 2019.25
internal_count=489332 358975 256405 102570 130357 164358 92047 151651 145158 98658 31699 96575 52583 34223 9279 12707 51603 57824 7575 6839 93555 83973 54479 22114 16307 18597 50249 28072 10547 8079
is_linear=0
shrinkage=0.03


Tree=13
num_leaves=31
num_cat=0
split_feature=34 34 11 12 6 14 25 14 41 17 42 34 16 9 41 12 34 30 14 12 30 17 42 11 8 4 16 5 10 8
split_gain=459.153 205.844 93.253 44.8444 44.6784 34.6828 33.2355 31.004 28.8818 44.4345 29.69 27.587 26.6962 26.9343 34.3088 30.0686 24.4277 24.0815 23.196 22.5162 27.6484 22.0541 27.2416 20.3712 19.8508 24.7102 19.6152 19.4565 18.8134 18.7086
threshold=-0.34000681340694422 0.41138537228107458 0.11999743431806566 -7.6939334869384757 -1.1221315860748289 -6.9621477127075186 0.78707051277160656 -8.9205155372619611 1.0000000180025095e-35 0.57709577679634105 1.0000000180025095e-35 0.559075027704239 0.081739742308855071 -0.43310382962226862 -0.60785761475563038 -7.1889758110046378 -0.63241553306579579 0.43297396600246435 -8.0771899223327619 -7.8548338413238517 0.51990446448326122 -0.015662170015275475 1.0000000180025095e-35 0.95753043889999401 -1.6178558468818662 1.0000000180025095e-35 0.091137569397687926 0.24960514158010486 0.55794140696525585 0.11362537741661073
decision_type=2 2 2 2 2 2 2 2 2 2 2 2 2 2 2 2 2 2 2 2 2 2 2 2 2 2 2 2 2 2
left_child=4 2 12 29 16 7 21 -3 10 19 18 -12 28 14 -14 -16 17 26 -9 23 -21 -5 -23 27 25 -6 -1 -10 -2 -4
right_child=1 5 3 6 24 -7 -8 8 9 -11 11 -13 13 -15 15 -17 -18 -19 -20 20 -22 22 -24 -25 -26 -27 -28 -29 -30 -31
leaf_value=0.0057259691155673274 0.0016133445723434784 0.003198707432577259 -0.0012224072676420433 -0.00050453019838511335 0.0019888191354756678 -0.00013380946248798953 -0.0034259929879248878 0.0012460507459249716 0.0053056462811274284 0.0055953916889048992 -0.0042981395714093316 -0.0087606470141808543 0.0084671056677038149 -0.0016416783293623964 -0.0034284517644364671 0.0045717179611026275 0.0035325404840892503 0.0035792644616734373 -0.0043588933321789571 -0.005964097691302849 -0.00077739158757726288 0.00051838852300735742 0.00490477868665263 -0.0054813348101916699 0.0029757212761535169 -0.0059434624680870093 0.0099868672025786118 -0.0013402791392646014 -0.00039559157179005306 -0.0029474554215838593
leaf_weight=2124.2363398224115 25709.035931974649 535.60636545717716 11826.667424246669 5898.9926306903362 1090.6246056556702 2524.7719608992338 1990.1108392775059 770.2442851960659 502.13422018289566 528.88228471577168 2302.25641939044 2805.9835878908634 570.63440144062042 6190.550629645586 970.14665953814983 733.60171367228031 4714.3934141397476 1841.9043850600719 4660.6880502551794 3513.4742210656404 1258.7072174400091 3454.7828273624182 2011.4769734293222 763.86638970673084 12899.752938717604 510.74904011189938 1890.846733763814 1745.3435417562723 5009.0719839036465 10882.026277497411
leaf_count=8511 102851 2143 47311 23599 4366 10102 7962 3083 2009 2116 9214 11236 2283 24765 3881 2935 18875 7381 18655 14062 5037 13821 8047 3057 51635 2044 7579 6985 20038 43535
internal_value=5.04609e-05 -0.000883645 -0.000138343 -0.001239 0.00366915 -0.00344183 0.000140465 -0.00387234 -0.00407483 -0.00274712 -0.00511842 -0.00676175 0.000874755 -0.00061639 0.00216927 2.28457e-05 0.0051526 0.00644837 -0.00356314 -0.00332043 -0.00460054 0.000767432 0.0021385 -0.00128329 0.00258489 -0.000562321 0.00775241 0.000161487 0.00128573 -0.00204999
internal_weight=122232 97159.1 75247.1 36064.1 25072.5 21912 13355.4 19387.2 18851.6 8312.41 10539.2 5108.24 39183 8464.93 2274.38 1703.75 10571.4 5856.99 5430.93 7783.53 4772.18 11365.3 5466.26 3011.34 14501.1 1601.37 4015.08 2247.48 30718.1 22708.7
internal_count=489118 388727 301028 144275 100391 87699 53429 77597 75454 33266 42188 20450 156753 33864 9099 6816 42346 23471 21738 31150 19099 45467 21868 12051 58045 6410 16090 8994 122889 90846
is_linear=0
shrinkage=0.03


Tree=14
num_leaves=31
num_cat=0
split_feature=34 34 41 31 10 14 13 33 25 32 25 41 33 7 23 30 41 26 41 30 22 31 17 41 15 16 33 22 15 7
split_gain=417.086 181.908 45.8969 43.7499 42.7197 43.6272 39.6939 33.5289 33.465 29.9134 29.5353 27.5286 35.5609 27.0076 25.7348 24.573 24.2359 29.994 23.7481 23.3738 24.0753 23.2949 23.2841 21.3894 28.6444 20.6221 21.4438 20.1694 19.378 19.4064
threshold=-0.30034662783145899 0.32255770266056066 1.0000000180025095e-35 -0.5483340024948119 -0.2451425567269325 -7.5689480304718009 -9.1651368141174299 -0.84300923347473133 0.83156925439834606 -0.06115750037133693 0.93885165452957164 -0.60785761475563038 -0.34151899814605707 0.81977370381355297 0.15958536416292193 0.54809069633483898 -0.87837970256805409 -0.21582695841789243 -0.60785761475563038 -0.40147347748279566 1.4343113303184511 0.2701320499181748 -0.11495498567819594 1.0000000180025095e-35 -7.9367752075195304 -0.26679377257823939 -0.23312205076217649 1.93340140581131 -7.5511436462402335 0.88578727841377269
decision_type=2 2 2 2 2 2 2 2 2 2 2 2 2 2 2 2 2 2 2 2 2 2 2 2 2 2 2 2 2 2
left_child=3 4 6 18 11 13 -3 -5 9 -8 15 12 -2 14 22 -4 17 -10 -1 -7 -21 -16 -6 27 -25 -20 -27 -9 29 -18
right_child=1 2 10 7 5 19 8 23 16 -11 -12 -13 -14 -15 21 -17 28 -19 25 20 -22 -23 -24 24 -26 26 -28 -29 -30 -31
leaf_value=0.0084723588408243365 0.0094877783587320082 0.0041601421068370595 -0.0015055578605564846 0.0056240732107942478 -0.00065020239732462199 -0.0007957230474796962 0.0013892374881099511 0.0036693902071067452 -0.0056206202592160989 -0.0036010324024526035 -0.0039262375265754716 0.00037224867976930534 0.0019380656715141421 0.0024236933699125171 -0.0025733160363907914 0.002099830024239998 -0.0021086450784492897 0.00069460714828639236 0.00076451192170331355 0.00017852834949600411 0.0031267122704297379 -4.2540687979853902e-05 0.0057172785675421011 -0.0034604298140135888 0.0017183683985650968 0.0066740437898490067 0.0010080002232390453 5.7744824607342588e-05 -0.0080941277931954186 -0.0064448888329815606
leaf_weight=1708.713128387928 611.25572393834591 521.12518456578255 7306.6245767176151 2897.5528914481401 1804.3103317469358 6720.6091504096985 1407.7780895084143 8664.4644809365273 1550.1016629785299 4584.5521950125694 3390.2159660607576 17212.064120277762 5964.5397628843784 1531.0779752284288 15712.061489254236 2207.4365683197975 1482.7360902875662 1192.0538626462221 1120.884345754981 5621.0316050797701 4471.4299051612616 4134.5485669821501 713.40182922780514 1087.6987705677748 7749.2973067015409 2759.8383251279593 772.85017585754395 1657.9346866607666 2928.0471456944942 2538.7533490657806
leaf_count=6844 2446 2085 29236 11615 7218 26886 5632 34687 6204 18344 13572 68858 23862 6125 62855 8831 5936 4771 4487 22487 17888 16540 2854 4353 31019 11057 3093 6639 11724 10168
internal_value=7.17313e-05 -0.000894731 -0.00286284 0.00325421 -6.15143e-06 -0.000596316 -0.00392563 0.00261991 -0.00419678 -0.00242831 -0.00152617 0.00100363 0.00265319 -0.00141988 -0.00168398 -0.000667715 -0.00528658 -0.00288275 0.00544565 0.000574315 0.00148651 -0.00204638 0.00116952 0.00216288 0.00107775 0.00431852 0.00544082 0.00308992 -0.00622958 -0.0048553
internal_weight=122025 93605.8 29109.4 28419.2 64496.3 40708.5 16205.1 22056.9 15684 5992.33 12904.3 23787.9 6575.8 23895.4 22364.3 9514.06 9691.69 2742.16 6362.29 16813.1 10092.5 19846.6 2517.71 19159.4 8837 4653.57 3532.69 10322.4 6949.54 4021.49
internal_count=488316 374522 116503 113794 258019 162853 64864 88313 62779 23976 51639 95166 26308 95592 89467 38067 38803 10975 25481 67261 40375 79395 10072 76698 35372 18637 14150 41326 27828 16104
is_linear=0
shrinkage=0.03


Tree=15
num_leaves=31
num_cat=0
split_feature=35 23 4 33 35 25 41 28 41 13 25 11 6 41 13 13 22 14 15 42 41 6 42 15 22 35 11 22 14 13
split_gain=366.841 163.515 83.6183 45.8554 44.087 42.527 50.403 30.2609 30.079 40.2717 40.0074 32.2082 29.855 29.1023 36.1359 26.8089 25.9129 25.8745 28.2765 25.1796 35.0453 25.0697 24.0776 41.4949 25.7125 21.7583 30.1608 21.0458 37.4779 20.9039
threshold=0.20887945592403415 0.23309092223644259 1.0000000180025095e-35 0.36863079667091375 -0.28874909877777094 0.67429029941558849 1.0000000180025095e-35 1.0131346583366396 0.6078576147556306 -8.0538067817687971 0.43835540115833288 0.11064835637807847 -1.410396873950958 -0.87837970256805409 -8.9662342071533185 -7.8513569831848136 1.7616838812828066 -8.0545864105224592 -8.0135102272033674 1.0000000180025095e-35 0.6078576147556306 0.757694572210312 -0.56174489110708226 -7.5641686916351309 1.1073387265205386 0.43825274705886846 0.15985275059938434 1.4261637926101687 -8.1078777313232404 -7.2845578193664542
decision_type=2 2 2 2 2 2 2 2 2 2 2 2 2 2 2 2 2 2 2 2 2 2 2 2 2 2 2 2 2 2
left_child=1 4 27 8 12 21 13 -8 10 -10 22 15 17 -7 -15 -12 19 18 -1 29 -21 -4 23 -3 -25 26 -16 28 -2 -6
right_child=2 3 5 -5 16 6 7 -9 9 -11 11 -13 -14 14 25 -17 -18 -19 -20 20 -22 -23 -24 24 -26 -27 -28 -29 -30 -31
leaf_value=0.0053638055883298754 -0.0061569399138299173 -0.0025853893279872897 0.00024493931488061649 -0.0016175317113729228 -0.0011493531688336065 -0.0027955869782353101 -0.0030842498260916511 0.0018673362876518976 -0.0043319064451569599 0.00016286274105479842 0.0026297539969036962 -0.0019584339332559832 0.0033547188539396638 0.0012158164809095789 -0.0018858327440084237 -0.0004966984739334313 0.0046891398155694325 0.0050968962319786803 0.015458874378689822 0.0043911405425365486 -0.001575938808090892 -0.00434451104690104 0.0029819227977609464 -0.0019391421528169638 0.0033583002602758346 -0.0082411366561156024 -0.0076642515990439026 0.00042037054609278204 -0.00081315489309164563 0.003704023743712283
leaf_weight=503.30778282880783 1412.8938274681568 2299.1678025871515 3852.6931208819151 9850.1330167800188 4257.9769735187292 2882.089414820075 7469.2839315533638 1297.6531342566013 2152.5427709817886 10523.829956918955 4642.6315682530403 5113.9661577939987 8570.4132590293884 532.77053360641003 1534.8496101796627 5252.3884409219027 2338.4658356755972 3265.459138661623 519.41510246694088 3331.3418067097664 1199.4921123534441 1473.2189600020647 10633.868323713541 1031.0027485787868 3999.9893147796392 4349.3678193539381 1739.133057653904 8147.901767089963 6979.551754206419 972.61131498217583
leaf_count=2018 5653 9199 15413 39409 17040 11535 29894 5193 8611 42104 18573 20458 34321 2132 6144 21013 9365 13092 2083 13333 4800 5895 42550 4125 16006 17420 6962 32601 27923 3893
internal_value=-3.82948e-05 0.00114495 -0.0023226 0.000237838 0.00316117 -0.00341252 -0.00405228 -0.00235004 0.000638452 -0.000603196 0.00111584 -2.75314e-05 0.00438408 -0.00540092 -0.006317 0.000971372 0.00185903 0.00642879 0.0105909 0.00117694 0.00281143 -0.00103033 0.00207061 0.000746305 0.002271 -0.00684434 -0.00496931 -0.00066554 -0.00171905 -0.000241537
internal_weight=122129 80458 41671.4 55499.5 24958.5 25131.1 19805.1 8766.94 45649.4 12676.4 32973 15009 12858.6 11038.2 8156.12 9895.02 12099.9 4288.18 1022.72 9761.42 4530.83 5325.91 17964 7330.16 5030.99 7623.35 3273.98 16540.3 8392.45 5230.59
internal_count=488758 321993 166765 222048 99945 100588 79280 35087 182639 50715 131924 60044 51514 44193 32658 39586 48431 17193 4101 39066 18133 21308 71880 29330 20131 30526 13106 66177 33576 20933
is_linear=0
shrinkage=0.03


Tree=16
num_leaves=31
num_cat=0
split_feature=34 34 34 11 39 11 28 10 9 39 12 21 6 12 15 15 33 15 40 8 12 15 35 35 10 40 16 10 13 14
split_gain=358.618 124.845 75.8653 52.1711 43.2455 40.6787 39.63 37.8905 37.7405 35.9819 39.7248 32.4834 27.3735 26.7144 24.5908 25.0512 24.3239 25.9581 23.8597 23.0812 22.8238 30.9873 28.5268 22.2918 33.5289 30.5779 24.5913 22.2776 22.1689 34.2389
threshold=0.10024886205792428 -0.34000681340694422 0.6753768026828767 -0.030942649580538269 -0.46368156373500818 -0.37844476103782648 -0.11334123834967612 0.86991533637046825 1.9855242371559145 0.891992747783661 -7.4546663761138907 0.40565937757492071 -1.0495136380195615 -8.0530176162719709 -7.5129773616790763 -7.7448139190673819 -0.27376660704612726 -7.6691908836364737 0.99474522471427929 -1.9190846681594846 -6.8433423042297354 -7.5814585685729972 0.74031218886375438 -0.66029232740402211 -0.2451425567269325 0.01527100056409836 0.20710261911153796 -1.0214156508445738 -7.1049418449401847 -7.029576063156127
decision_type=2 2 2 2 2 2 2 2 2 2 2 2 2 2 2 2 2 2 2 2 2 2 2 2 2 2 2 2 2 2
left_child=1 9 3 7 -3 23 8 11 18 12 -11 27 -1 -7 15 -8 -15 -18 28 -14 21 22 -4 -6 25 -25 -26 -2 29 -5
right_child=2 4 20 6 5 13 14 -9 -10 10 -12 -13 19 16 -16 -17 17 -19 -20 -21 -22 -23 -24 24 26 -27 -28 -29 -30 -31
leaf_value=0.0046448881042138292 -0.0028079616044935987 0.0016238790182387065 -0.0053689658482318449 -0.0032661549649776037 -0.0036238577154527334 -0.0023577757484320745 -0.00041885328769662012 -0.0039179634103037155 0.0034985325376808464 -0.001184167191313399 0.0060624026829888952 -0.00049111467403277498 -0.0034271973495977118 0.0022977716831006066 0.00097849552621425751 -0.004752090981036486 -0.0045796669573599886 -0.00013007530737932214 -0.0098283105056778137 0.0027860874308493714 -0.00082613068564160329 -0.0073788895371272771 0.00031335701529353234 0.00091315380746736683 0.00061615671299718872 0.0055944587520731365 -0.0057187961867225705 0.0036956021858820351 -0.0072835498330340422 0.0044766753256512476
leaf_weight=9825.3147862702608 550.17896771430969 15797.650725528598 2193.6369181424379 13871.566280975938 789.79509595036507 8774.1677464395761 2982.6735018193722 2209.9155864417553 712.4356075823307 3142.501986682415 858.41206003725529 11939.1026994735 558.0450157225132 2761.3104982823133 4050.4251462370157 2002.2668276131153 1450.8768330216408 6140.1264269649982 514.88288763165474 10799.015761449933 1186.7808198481798 3382.9641856253147 1242.3709880411625 2490.7670486420393 3933.5491454303265 2532.3235307633877 631.17585909366608 3147.9027963876724 1161.6602970659733 525.36095504462719
leaf_count=39378 2201 63205 8786 55510 3160 35100 11936 8843 2851 12584 3439 47768 2234 11047 16207 8012 5804 24563 2061 43237 4750 13549 4976 9965 15736 10133 2525 12593 4648 2102
internal_value=-9.24296e-05 0.00129925 -0.00199061 -0.00149775 0.000357687 -0.000320603 -0.00235957 -0.000250239 -0.00322149 0.00299221 0.000381852 0.000270273 0.00348484 -0.00114094 -0.000756504 -0.00216538 -0.000108322 -0.000985437 -0.00352133 0.00247804 -0.00467377 -0.00534123 -0.00331944 0.00119096 0.00159095 0.0032796 -0.000270379 0.00272308 -0.00330644 -0.0029807
internal_weight=122159 70485 51674.1 43668.4 45301.7 29504.1 25821.3 17847.1 16785.9 25183.3 4000.91 15637.2 21182.4 19126.5 9035.37 4984.94 10352.3 7591 16073.5 11357.1 8005.75 6818.97 3436.01 10377.6 9587.82 5023.09 4564.73 3698.08 15558.6 14396.9
internal_count=488903 282110 206793 174732 181238 118033 103327 71405 67172 100872 16023 62562 84849 76514 36155 19948 41414 30367 64321 45471 32061 27311 13762 41519 38359 20098 18261 14794 62260 57612
is_linear=0
shrinkage=0.03


Tree=17
num_leaves=31
num_cat=0
split_feature=34 35 41 11 34 30 33 29 41 11 25 41 21 11 41 13 13 13 11 41 15 9 32 13 19 34 24 17 31 22
split_gain=391.33 124.26 61.6456 49.5698 48.9548 38.9604 37.4604 35.1502 33.5223 33.6305 32.1267 39.2839 31.1409 30.723 29.1686 28.2594 26.8813 26.0118 24.8508 23.6627 25.5056 26.8699 23.4303 23.0237 22.8425 21.5056 26.1733 32.7643 25.624 23.786
threshold=-0.26338626444339747 0.28188194334506994 1.0000000180025095e-35 0.11064835637807847 -0.63241553306579579 1.1608983874320986 0.40760681033134466 0.012306655291467907 -0.60785761475563038 1.6985164284706118 0.83863443136215221 -0.87837970256805409 0.12808237969875338 0.35242399573326116 -0.60785761475563038 -7.1926660537719718 -7.4245336055755606 -7.8348727226257315 -0.21249800175428388 -0.60785761475563038 -7.5575237274169913 1.1436159014701845 -0.40439061820507044 -8.0093803405761701 0.97918912768363964 0.15782441943883899 1.5643366575241091 -0.23393358290195462 -0.14696703106164929 1.3741182088851931
decision_type=2 2 2 2 2 2 2 2 2 2 2 2 2 2 2 2 2 2 2 2 2 2 2 2 2 2 2 2 2 2
left_child=4 3 10 6 13 7 22 -4 9 -6 15 -12 -5 17 -13 19 -10 -1 -18 20 -3 -22 -2 -16 -24 26 29 -28 -29 -14
right_child=1 2 5 12 8 -7 -8 -9 16 -11 11 14 25 -15 23 -17 18 -19 -20 -21 21 -23 24 -25 -26 -27 27 28 -30 -31
leaf_value=0.006704560328709099 0.0034810072176950694 -0.0070790728698947999 0.00042821841095338857 0.0014423490975007125 0.0046601180722903104 0.0045475689145732471 -0.0015226682256670068 -0.0026345805012258526 0.00062917098817603207 -0.0031406345574356456 -0.0016677561677251823 -0.0094533585736418218 -0.00089170732292351187 0.0082332785148751548 -0.0018893464933791996 0.0014973272017684356 0.0013809390728557317 0.0025600605269930194 0.005347439578283813 -0.001585285390193541 -0.0042484862109186524 0.0035815251989993742 0.00033271201099094945 -0.0065428600711321403 0.0027821756890410911 -0.0032144837752395784 -0.0010969819929876302 0.0088321910754276933 0.001076057373999618 -0.0043579697118826628
leaf_weight=1982.1103918850422 3101.1120965629816 2072.5529373139143 5544.6948874145746 3246.5540554821491 5946.4905720204115 1043.5202051997185 6349.0339838117361 8587.8610596209764 11347.246699243784 535.86180013418198 2326.1010279357433 1810.1555853486061 5340.3834314346313 1876.3605424910784 1507.203952178359 1391.2018739432096 3212.2868564724922 4393.0268441140652 2553.9679979234934 4547.199740126729 1672.2256869524717 506.88055284321308 21509.485059082508 2662.6277637928724 4066.5857609957457 6000.6942213624716 2857.993221372366 643.65670089423656 934.88493663072586 2669.1547901928425
leaf_count=7949 12408 8293 22185 12988 23811 4175 25404 34372 45420 2145 9312 7253 21364 7523 6038 5566 12861 17614 10225 18195 6691 2028 86053 10669 16269 24011 11433 2575 3740 10678
internal_value=1.33165e-05 -0.000994239 -0.00243756 -0.000137113 0.00287246 -0.0010195 0.00056081 -0.00143348 0.00217529 0.00401143 -0.00359991 -0.00498501 -0.00126372 0.004861 -0.00627042 -0.00246711 0.00147786 0.00385712 0.00314398 -0.00309492 -0.00470198 -0.00241911 0.00102246 -0.00486937 0.000723111 -0.00174051 -0.00102784 0.000819477 0.00427434 -0.00205082
internal_weight=122239 90391.8 33672.2 56719.5 31847.4 15176.1 35026.2 14132.6 23595.9 6482.35 18496.1 8306.09 21693.3 8251.5 5979.99 10190.1 17113.5 6375.14 5766.25 8798.86 4251.66 2179.11 28677.2 4169.83 25576.1 18446.8 12446.1 4436.53 1578.54 8009.54
internal_count=489248 361700 134777 226923 127548 60732 140134 56557 94462 25956 74045 33272 86789 33086 23960 40773 68506 25563 23086 35207 17012 8719 114730 16707 102322 73801 49790 17748 6315 32042
is_linear=0
shrinkage=0.03


Tree=18
num_leaves=31
num_cat=0
split_feature=34 34 11 34 39 39 4 28 29 33 35 13 39 10 14 39 34 7 31 29 11 14 30 35 5 39 15 21 23 14
split_gain=330.281 136.62 66.7668 52.6025 59.0223 37.6619 33.0215 31.9271 31.61 31.3677 28.6379 24.6659 24.4072 23.0801 24.5559 23.1657 22.5785 20.9652 20.5979 20.5204 19.4643 33.0356 18.0745 18.5772 19.5796 17.8426 22.615 17.7921 18.7621 17.5088
threshold=-0.1763290539383888 0.36757498979568487 0.080387316644191756 -0.56230211257934559 0.50188699364662182 -0.48671542108058924 0.060204491019248969 -1.1868146657943723 -0.41228103637695307 -0.23800544440746305 0.63964137434959423 -7.2845578193664542 -0.4981082528829574 0.6036181151866914 -8.4995326995849592 -0.58601745963096608 0.13094216585159305 0.12151434272527696 0.27568869292736059 0.74678015708923351 0.44896370172500616 -7.5689480304718009 0.91149383783340465 0.24720958620309832 -0.7325690984725951 0.40872775018215185 -7.475325107574462 0.99629890918731701 0.93065500259399425 -8.0045242309570295
decision_type=2 2 2 2 2 2 2 2 2 2 2 2 2 2 2 2 2 2 2 2 2 2 2 2 2 2 2 2 2 2
left_child=3 2 7 9 8 10 -3 12 -5 -1 16 -6 -2 14 -9 -15 17 -4 -14 -16 -10 29 23 24 -7 -25 -27 28 -8 -22
right_child=1 6 5 4 11 22 27 13 20 -11 -12 -13 18 15 19 -17 -18 -19 -20 -21 21 -23 -24 25 -26 26 -28 -29 -30 -31
leaf_value=0.0044007383305563587 0.0044095710210256978 -0.0010112418801011926 -0.00041535272701823589 0.0040219284183197306 -0.00093096701064019759 0.0021991485506875153 -0.0032940409683286259 0.0055537647647209429 0.00224758635069986 -0.0016184046795075376 0.0052678793689341225 0.003671915102813061 0.00024767907414448244 0.0021414365175577003 -0.00046183847892961711 -0.005151294192720376 -0.002098803472058478 0.003605582875337405 0.0033542853090733908 0.0031672082483799589 0.00016262760611242399 0.0029737351786743322 0.0030349192637335758 -0.004991032359574623 -0.0019273523021125301 -0.0042446921251289831 5.1786100868953918e-05 -0.001853271251424897 -0.005537687500502631 -0.0057470285634713836
leaf_weight=10184.09760196507 2687.1726838350296 5904.3134753555059 3497.0081664025784 7338.7736959904432 8699.9163913875818 1161.8825784027576 9943.7225867062807 740.6525274515152 8936.4552879184484 838.72826448082924 885.12328983843327 1181.1777037680149 6520.3275292813778 530.93839132785797 11620.620164126158 1439.3465319424868 3845.4137504547834 1740.283982872963 2714.1099927425385 1584.5661064237356 808.42443588376045 1404.4250358790159 580.66228467226028 3503.6797314286232 8931.9679594784975 2214.5032043009996 2185.7243998199701 4237.4389989376068 5124.2550529241562 1009.5981490910053
leaf_count=40838 10751 23629 13990 29380 34816 4648 39813 2963 35770 3358 3541 4728 26085 2124 46490 5758 15385 6962 10858 6339 3235 5621 2323 14020 35733 8861 8745 16970 20524 4040
internal_value=-4.29426e-05 -0.00114132 -0.000320315 0.00217504 0.00151109 -0.00133954 -0.00297673 0.000724957 0.00246794 0.00394169 0.000148108 -0.000377586 0.00189817 -0.000154452 0.000275713 -0.00318521 -0.000356066 0.000925077 0.00116339 -2.43012e-05 0.00152746 -0.000470367 -0.00213736 -0.00230582 -0.00145065 -0.00339472 -0.00211522 -0.00357701 -0.00406022 -0.00313265
internal_weight=121995 81593.7 56384 40401.6 29378.8 28546.2 25209.7 27837.7 19497.7 11022.8 9967.83 9881.09 11921.6 15916.1 13945.8 1970.28 9082.71 5237.29 9234.44 13205.2 12158.9 3222.45 18578.4 17997.8 10093.9 7903.91 4400.23 19305.4 15068 1818.02
internal_count=488298 326512 225576 161786 117590 114208 100936 111368 78046 44196 39878 39544 47694 63674 55792 7882 36337 20952 36943 52829 48666 12896 74330 72007 40381 31626 17606 77307 60337 7275
is_linear=0
shrinkage=0.03


Tree=19
num_leaves=31
num_cat=0
split_feature=34 34 11 40 23 41 13 39 42 41 40 42 40 34 30 30 41 11 8 26 15 11 13 14 16 11 31 29 9 14
split_gain=321.396 105.739 55.5646 53.2711 52.3593 45.2248 38.3281 37.0802 36.3848 35.8922 35.4947 39.2729 29.6718 30.3516 28.9963 28.949 28.1509 27.1421 40.0828 26.3808 26.1984 25.4127 25.3625 25.2922 25.097 24.9163 24.8378 24.6422 24.1201 23.0992
threshold=-0.19543610513210294 0.41138537228107458 0.1297421529889107 0.99826323986053478 0.10807269439101221 1.0000000180025095e-35 -9.0888452529907209 0.42063900828361517 1.0000000180025095e-35 -0.60785761475563038 -0.084981974214315401 1.0000000180025095e-35 0.4636815637350083 0.11755406856536867 0.95925211906433117 0.84813797473907482 1.0000000180025095e-35 0.03079325053840876 -0.73378190398216236 -0.71149489283561695 -7.9561133384704581 -0.44333140552043909 -7.8686656951904288 -7.971843719482421 -0.60022670030593861 0.060833705589175231 0.37821045517921453 -0.38400284945964808 -0.38463695347309107 -7.643901824951171
decision_type=2 2 2 2 2 2 2 2 2 2 2 2 2 2 2 2 2 2 2 2 2 2 2 2 2 2 2 2 2 2
left_child=4 2 -2 12 9 6 -3 10 19 27 11 -6 13 23 24 -13 -9 21 29 -8 -18 -12 -21 28 -7 -10 -16 -1 -4 -19
right_child=1 5 3 -5 7 14 8 16 25 -11 17 15 -14 -15 26 -17 20 18 -20 22 -22 -23 -24 -25 -26 -27 -28 -29 -30 -31
leaf_value=0.0082291850028588104 0.0004909505208964039 0.0040166163621071478 0.0029525785966405707 -0.0102736455329418 -0.00072204431522065451 0.0023526889337972209 -0.0051380884908149137 0.0014764643364554228 -0.0034877297998638646 0.0028443277741221351 0.0034689737549720768 0.0047988752563740975 -0.0024709165800945966 -0.001670878504431397 -0.00042686226904502429 -0.0028406083514766144 -0.0078608728641438447 0.00098438791566534821 -0.0016461026193395727 0.0033809145314758269 -0.00090414672209237915 0.00796302458601412 -0.0025557338545651133 0.0017110304317604305 -0.0025545705851563777 -0.0077899604286668011 0.0080041537611970116 0.003140365446511144 -0.0030068032795362845 0.0082170225002398053
leaf_weight=2312.5255844444036 31845.558013364673 500.04178954660892 808.92787238955498 574.87731187045574 4924.6726567149162 1063.4708356112242 2575.452398121357 5082.6732994616032 1931.6383081674576 9421.3822378516197 2998.9922761768103 2682.696737959981 9857.3515362292528 9503.789853349328 813.76683311164379 528.22018438577652 554.29229819774628 720.12215088307858 1645.2762653082609 838.97908367216587 3594.3662099540234 1840.323621481657 2728.0757956057787 6908.6406988799572 7519.9578434973955 3364.4178234934807 501.59257304668427 1385.9063050299883 2410.2205272614956 885.32561931014061
leaf_count=9272 127404 2001 3236 2301 19718 4257 10314 20348 7738 37756 12010 10741 39442 38026 3256 2115 2218 2883 6585 3360 14387 7369 10926 27638 30107 13484 2007 5553 9642 3545
internal_value=2.81425e-05 -0.00101552 -0.000382244 -0.00130704 0.00229352 -0.00280988 -0.00405249 0.0014991 -0.00440843 0.00383266 0.00236228 0.000961255 -0.00112882 -0.000454014 -0.00130864 0.0035372 -1.89968e-05 0.00376827 0.00164101 -0.00283003 -0.00185029 0.00519089 -0.00115387 0.000688397 -0.00194454 -0.00623033 0.00282431 0.00633587 -0.00150479 0.00499901
internal_weight=122324 83746.8 61909.4 30063.8 38576.8 21837.4 11938.6 25457 11438.6 13119.8 16225.6 8135.59 29488.9 19631.6 9898.79 3210.92 9231.33 8090.04 3250.72 6142.51 4148.66 4839.32 3567.05 10127.8 8583.43 5296.06 1315.36 3698.43 3219.15 1605.45
internal_count=489639 335139 247689 120285 154500 87450 47823 101919 45822 52581 64966 32574 117984 78542 39627 12856 36953 32392 13013 24600 16605 19379 14286 40516 34364 21222 5263 14825 12878 6428
is_linear=0
shrinkage=0.03


Tree=20
num_leaves=31
num_cat=0
split_feature=34 34 34 30 40 35 17 35 40 14 40 23 40 23 40 10 15 31 41 40 14 42 19 14 31 29 10 17 41 12
split_gain=303.704 113.202 72.9764 42.3151 33.6213 32.81 37.3011 37.6465 32.7081 31.7289 29.3451 48.4244 29.067 28.8941 27.1059 23.5315 25.8719 31.3623 28.8379 22.2078 21.459 21.1067 21.8695 20.9894 20.7361 20.1554 18.3724 24.9625 21.4116 23.9128
threshold=0.095971908420324339 -0.35175675153732294 0.4376808106899262 0.95925211906433117 0.44032992422580725 0.27175863087177282 0.49433417618274694 0.63964137434959423 -0.30694064497947687 -7.5689480304718009 -0.33174875378608698 0.41231097280979162 0.22707572579383853 0.091118589043617262 -0.4981082528829574 1.2048439979553225 -7.9467134475707999 -0.49704745411872858 1.0000000180025095e-35 -0.83025357127189625 -8.9205155372619611 1.0000000180025095e-35 0.32488720118999487 -6.9621477127075186 0.25953404605388647 -0.64619129896163929 0.6036181151866914 -0.049656067043542855 -0.60785761475563038 -9.1675682067871076
decision_type=2 2 2 2 2 2 2 2 2 2 2 2 2 2 2 2 2 2 2 2 2 2 2 2 2 2 2 2 2 2
left_child=1 4 5 20 13 8 7 12 -2 26 11 21 -7 19 -5 16 18 25 -6 -1 -4 22 -11 -22 -16 -18 28 -28 29 -3
right_child=2 9 3 14 15 6 -8 -9 -10 10 -12 -13 -14 -15 24 -17 17 -19 -20 -21 23 -23 -24 -25 -26 -27 27 -29 -30 -31
leaf_value=0.0064197437344183103 -0.0016712310166359999 0.0072164409453271804 0.0023446646466915456 0.0044889071508495649 0.0042111387964246863 -0.0019222608796801701 0.0044044183178323709 0.00072189271849068418 0.00087717808040585119 -0.0025009214741668535 0.0020485740936632187 -0.0028819080085442784 -0.005231145144173676 0.0010445872153725928 -0.0068201209109655285 -0.0017258126006041864 0.011899171056201452 0.0043315323868392533 -0.004481571728515551 0.002496743192957865 -0.0042603431750180996 0.0061212814456657093 0.0034678154738355736 -0.00079799259370756507 0.00093770393447745431 0.0053575943699229684 -0.0027915639488895905 0.002988259521568502 -0.0006686836838453536 0.00084418379473542057
leaf_weight=1838.7684144824743 7497.7202216237783 565.11246965825558 502.29468263685703 944.11296682059765 1040.7445642501116 5660.87626285851 743.5855877995491 2615.8534559905529 11428.973269730806 1022.5795647203922 13211.041326865554 3399.7713335752487 4149.3209365904331 9771.8239743262529 508.63556665182114 517.26596042513847 1001.7903690487146 4288.3752008229494 500.8289113342762 4454.2707530707121 15503.568699166179 905.16298623383045 1178.8745426237583 1759.7431350946426 766.06815557181835 778.30381710827351 4509.8749621957541 781.61046357452869 13440.744378834963 6821.3092474192381
leaf_count=7375 29995 2261 2010 3779 4172 22652 2975 10467 45724 4092 52863 13601 16608 39145 2036 2072 4018 17184 2006 17861 62108 3622 4717 7044 3067 3119 18042 3127 53772 27293
internal_value=-8.49784e-05 0.00120521 -0.00181967 -0.00324244 0.00286502 -0.000933067 -0.00208232 -0.00247372 -0.000132712 0.000328728 0.00123686 -0.000411928 -0.00332569 0.00206737 0.000661108 0.00443721 0.00485784 0.00573852 0.00137635 0.00365137 -0.00373007 0.00229171 0.000696554 -0.00390807 -0.00218684 0.00908493 -0.000357046 -0.00193379 4.42888e-05 0.0013408
internal_weight=122109 70028.3 52080.8 19984.4 24192.2 32096.3 13169.6 12426.1 18926.7 45836.1 19717.4 6506.39 9810.2 16064.9 2218.82 8127.31 7610.04 6068.47 1541.57 6293.04 17765.6 3106.62 2201.45 17263.3 1274.7 1780.09 26118.7 5291.49 20827.2 7386.42
internal_count=488807 280342 208465 80044 96952 128421 52702 49727 75719 183390 78895 26032 39260 64381 8882 32571 30499 24321 6178 25236 71162 12431 8809 69152 5103 7137 104495 21169 83326 29554
is_linear=0
shrinkage=0.03


Tree=21
num_leaves=31
num_cat=0
split_feature=34 34 34 11 14 11 40 40 10 21 28 6 40 23 23 7 24 6 12 10 15 17 11 14 15 41 42 14 40 14
split_gain=257.549 91.5772 74.9046 57.4796 42.8014 50.8939 42.373 41.271 37.3156 35.0323 33.3258 33.1511 29.4817 34.6447 29.043 38.628 28.8105 27.8952 26.414 30.0186 24.4607 24.3486 24.201 33.6928 29.7507 24.0722 27.8059 27.8554 27.3744 25.0443
threshold=0.10024886205792428 -0.57297435402870167 0.46662318706512457 0.1297421529889107 -7.6128573417663565 0.050804087892174728 0.99056696891784679 -0.17149884253740308 -0.12190547958016394 0.56631937623023998 -0.81114718317985524 -1.1637019515037534 -0.058870663866400712 0.42458727955818182 0.27661867439746862 0.16784717887640002 1.5919275283813479 0.69578632712364208 -8.5929565429687482 -0.18712456524372098 -7.4550230503082267 0.45331981778144842 0.99263152480125438 -7.1814703941345206 -7.8225924968719474 1.0000000180025095e-35 1.0000000180025095e-35 -8.8222622871398908 0.47523921728134161 -8.0771899223327619
decision_type=2 2 2 2 2 2 2 2 2 2 2 2 2 2 2 2 2 2 2 2 2 2 2 2 2 2 2 2 2 2
left_child=1 11 3 9 5 14 10 -7 -9 17 -5 -1 13 -6 -3 -16 -10 -2 19 -11 -12 -15 24 -24 -14 26 29 -28 -27 -4
right_child=2 4 25 6 12 7 -8 8 16 18 20 -13 22 21 15 -17 -18 -19 -20 -21 -22 -23 23 -25 -26 28 27 -29 -30 -31
leaf_value=0.004979258897840527 0.0010800373023590387 0.0026614429102909719 0.0027224819155927476 -0.0031168037757395 0.0017618045744134554 0.00031871718992048352 -0.0092949127911695142 -0.00022522031636823699 -0.006227695755514618 0.0089039746008454431 -0.0017628421451454511 0.0015049042790170448 -0.0035953523581022527 -0.00056375732897780183 -0.0010177137187447299 0.0033610231494405098 -0.0016232745994273232 0.0057319723328734268 -0.0013046949824609341 -0.00031259504117381868 0.001472945692378582 -0.0061974614938558837 -0.0023836222863911059 0.0042121557547401475 0.0032884176873343137 -0.00078895695153455812 0.00048242909400644725 -0.006731570564083968 -0.0044932035252861153 -0.0034949475294173103
leaf_weight=6698.072729870677 5067.2727513611317 6536.9488743841648 662.59102240204811 7991.6937790811062 7040.7943089008331 7697.9581188559532 683.18728838860989 3266.0391531735659 2976.8709220439196 505.93264277279377 5096.2010163217783 3932.1943045705557 584.72345128655434 4053.5286174863577 7264.6014424413443 2405.2012757956982 2086.6421865671873 1497.2957416176796 8435.7796272784472 827.54615604877472 3564.9075206369162 822.83456569910049 1936.5650067776442 1075.841103836894 12111.182862818241 5457.4626385718584 543.60895624756813 4135.5331994146109 2669.9932731539011 4479.2003721147776
leaf_count=26888 20272 26170 2654 31984 28185 30802 2736 13069 11912 2024 20393 15759 2340 16217 29067 9623 8349 5990 33749 3311 14264 3292 7749 4305 48478 21852 2176 16583 10692 17946
internal_value=-4.68697e-05 0.00113208 -0.00165675 -0.000821926 0.000676092 -6.66011e-05 -0.0020246 -0.0012649 -0.00272707 0.000454991 -0.00172093 0.0036967 0.0015424 0.000416681 0.0011185 7.37707e-05 -0.00433718 0.00214819 -0.000683807 0.00322449 -0.000430831 -0.00152512 0.00239562 -2.18845e-05 0.0029688 -0.00322148 -0.00422109 -0.00589423 -0.00200988 -0.00269002
internal_weight=122108 70490 51618.2 33669.8 59859.7 32234.3 17336 16027.5 8329.55 16333.8 16652.8 10630.3 27625.5 11917.2 16206.8 9669.8 5063.51 6564.57 9769.26 1333.48 8661.11 4876.36 15708.3 3012.41 12695.9 17948.4 9820.93 4679.14 8127.46 5141.79
internal_count=488831 282205 206626 134723 239558 128992 69377 64132 33330 65346 66641 42647 110566 47694 64860 38690 20261 26262 39084 5335 34657 19509 62872 12054 50818 71903 39359 18759 32544 20600
is_linear=0
shrinkage=0.03


Tree=22
num_leaves=31
num_cat=0
split_feature=33 25 11 7 8 11 26 17 41 29 25 24 13 12 13 17 23 41 17 40 12 40 24 13 28 24 13 39 24 10
split_gain=252.727 129.524 75.2966 48.4589 45.7309 44.9444 40.4001 36.7505 35.8906 27.3299 27.3137 26.3915 26.2792 25.1123 24.0695 23.6397 23.5081 22.413 25.4932 23.1455 27.2132 21.6559 19.9741 21.5702 21.2121 19.8777 19.6975 22.3829 19.4248 21.4668
threshold=-0.24297479540109632 0.83863443136215221 -1.0000000180025095e-35 -1.0915589928627012 -0.7581573724746703 1.226615369319916 -0.60446965694427479 0.16028887033462527 1.0000000180025095e-35 -0.54901415109634388 0.61679908633232128 1.7578046917915346 -7.3597025871276847 -6.4887268543243399 -7.2845578193664542 -0.22499131411314008 0.66422343254089367 1.0000000180025095e-35 0.57709577679634105 0.70556074380874645 -7.8043916225433341 -0.30694064497947687 2.3614085912704472 -7.6675889492034903 -1.9178527593612669 1.6325684785842898 -9.0173082351684553 0.86051779985427868 2.8933954238891606 0.72527655959129345
decision_type=2 2 2 2 2 2 2 2 2 2 2 2 2 2 2 2 2 2 2 2 2 2 2 2 2 2 2 2 2 2
left_child=3 2 7 -1 15 8 10 9 -5 -2 14 -9 -7 17 -6 -4 -17 26 19 20 -19 25 23 24 -10 -11 -3 -28 29 -23
right_child=1 13 4 5 6 12 -8 11 22 21 -12 -13 -14 -15 -16 16 -18 18 -20 -21 -22 28 -24 -25 -26 -27 27 -29 -30 -31
leaf_value=0.0038555067564102286 0.0039321399439405961 0.0015182126399572225 -0.00053668480923922766 0.0029908322947624867 -0.0019893106232848796 -0.0030193263719375681 -0.00010150876885955396 -8.8489783279278107e-05 0.0036595268358222814 0.00077129400801060645 -0.0036675307466600363 -0.0042224367442193073 0.0040274682774329353 0.0035244226028884784 0.0020336018019695107 0.0054428029258200717 -0.0019003146299135609 0.00090610780053818833 0.0044505539132431247 -0.0053112419397433634 -0.0031587430139022551 0.0024558520413702971 0.0042741570597510372 0.0013809198176696293 -0.0028010043429628818 -0.0023841328360072211 -0.0037758181416467406 -0.0075762853103502415 -0.002396822338955554 -0.0012591455952195958
leaf_weight=10263.460085526109 3145.1624803394079 527.93400180339813 2354.4445248991251 11840.067209973931 10283.373491480947 2790.4148615002632 10101.797139108181 6179.0652597993612 531.27054600417614 5310.6379528194666 8921.7037032097578 1783.4058032631874 564.86832429468632 504.98856331408024 1530.3611128777266 1711.1943348646164 502.65383106470108 2436.1803659647703 501.11310316622257 1944.0680201202631 3761.2837203741074 11033.186991468072 1068.908524736762 4130.7378053814173 2974.633628025651 2703.1093967109919 8651.1902154535055 1671.4563749134541 972.62928408384323 1596.8463030904531
leaf_count=41173 12585 2113 9421 47414 41144 11168 40423 24726 2126 21247 35706 7137 2261 2021 6123 6849 2011 9753 2005 7786 15061 44148 4279 16540 11907 10815 34674 6700 3892 6389
internal_value=-5.79593e-05 -0.000907099 -0.000283819 0.00213204 -0.00124248 0.00139065 -0.00165746 0.000753457 0.00191635 0.00132345 -0.00241506 -0.00101853 -0.00182454 -0.00302927 -0.0014669 0.00155625 0.0037745 -0.00320077 -0.00205715 -0.00246267 -0.00156199 0.000942244 0.000453244 -8.64629e-05 -0.00181438 -0.000294705 -0.00410895 -0.00439793 0.00167065 0.00198553
internal_weight=122292 88127.8 68129.6 34164.4 35405.5 23900.9 30837.2 32724 20545.6 24761.6 20735.4 7962.47 3355.28 19998.2 11813.7 4568.29 2213.85 19493.2 8642.65 8141.53 6197.46 21616.4 8705.55 7636.64 3505.9 8013.75 10850.6 10322.6 13602.7 12630
internal_count=489597 352729 272616 136868 141677 95695 123396 130939 82266 99076 82973 31863 13429 80113 47267 18281 8860 78092 34605 32600 24814 86491 34852 30573 14033 32062 43487 41374 54429 50537
is_linear=0
shrinkage=0.03


Tree=23
num_leaves=31
num_cat=0
split_feature=33 35 40 42 41 13 35 40 39 25 14 40 6 42 41 12 41 35 40 23 30 10 41 14 8 10 40 35 40 14
split_gain=234.126 116.887 45.4623 43.0744 55.3495 40.597 37.9749 60.5821 45.3037 34.0358 29.7424 28.8169 27.2073 26.9376 38.7006 27.609 27.7207 24.4353 23.93 34.6897 23.254 23.778 23.0112 31.9273 20.8218 20.7148 20.6725 23.5373 39.5971 32.9672
threshold=-0.29047457873821253 0.27175863087177282 0.4636815637350083 1.0000000180025095e-35 -1.0000000180025095e-35 -6.5979526042938224 -0.29406048357486719 0.47523921728134161 0.27353890240192419 0.25381538271903997 -7.792085886001586 0.99826323986053478 -1.1028429865837095 1.0000000180025095e-35 -1.0000000180025095e-35 -8.8242092132568342 0.6078576147556306 0.51268914341926586 -0.33174875378608698 0.82698452472686779 -0.51204007863998402 0.093452300876379027 0.6078576147556306 -7.3531272411346427 -0.47472518682479853 0.17500840127468112 -0.0021816545631737432 -0.29937241971492762 0.26513479650020605 -6.9621477127075186
decision_type=2 2 2 2 2 2 2 2 2 2 2 2 2 2 2 2 2 2 2 2 2 2 2 2 2 2 2 2 2 2
left_child=3 9 5 6 12 13 7 -1 -9 22 -8 24 -5 -3 -15 -16 17 -17 19 -11 21 -6 -2 -24 -4 -14 -20 28 -28 -30
right_child=1 2 11 4 20 -7 10 8 -10 18 -12 -13 25 14 15 16 -18 -19 26 -21 -22 -23 23 -25 -26 -27 27 -29 29 -31
leaf_value=0.0012948635766750914 0.0024224605920258645 -0.00053903835969261373 0.0026176361334124881 0.0098514940339436367 0.0023808105984276999 0.006413191715283058 -0.0022918258306863473 0.010534635622759549 0.0020200630050656461 -0.00031380913642434645 0.0013337254330177421 -0.010080239090428544 0.0068279179598342999 -0.0058195564861830851 0.0043879369731541929 -0.0018855763035521905 -0.00027566171412511626 -0.007930099631535719 0.0020963646999010862 -0.0033265147729268189 0.0034009178004131757 -0.0036451811392761535 -0.0026104030699577209 0.0031131436004663169 -0.0035893143950833355 0.0011395829535656937 -0.0040988921910382076 -0.00046410167042451828 0.0048214406802243089 -0.0019375529505890456
leaf_weight=5564.3093264698982 8545.6494946032763 11516.857314139605 504.82226848602295 1521.2509148418903 1435.2558246403933 591.56136350333691 2983.4536330103874 1369.9280062019825 958.93453194200993 14357.529295146465 6359.957618534565 586.93218044936657 1549.06920401752 2587.4765840768814 642.19892299175262 1393.2858334481716 3162.9379294067621 1061.2204819619656 4959.9721886217594 4514.5713527947664 6057.427184343338 985.11340375244617 2272.226567864418 1414.8671883046627 9822.7940569519997 921.29443906247616 791.428073823452 20028.713033974171 2809.5549916774035 837.78705172240734
leaf_count=22317 34208 46111 2020 6105 5750 2367 11943 5495 3847 57440 25466 2352 6206 10368 2571 5580 12660 4255 19846 18067 24275 3944 9092 5664 39344 3688 3167 80144 11244 3353
internal_value=0.000126348 -0.000618511 -0.0020887 0.00244271 0.00378543 -0.00126996 0.00146972 0.00300035 0.00705229 0.000155757 0.000174835 -0.00365805 0.0066952 -0.00149619 -0.00274016 -0.00146001 -0.00213517 -0.00452054 -0.000202323 -0.00103589 0.00240915 -7.67325e-05 0.0015686 -0.000411598 -0.00328367 0.00471966 0.00033242 -2.5872e-05 0.00194812 0.00326786
internal_weight=122108 92402.4 31870.1 29706 12469.4 20955.5 17236.6 7893.17 2328.86 60532.3 9343.41 10914.5 3991.61 20364 8847.12 6259.64 5617.44 2454.51 48299.6 18872.1 8477.8 2420.37 12232.7 3687.09 10327.6 2470.36 29427.5 24467.5 4438.77 3647.34
internal_count=488889 369853 127628 119036 49968 83912 69068 31659 9342 242225 37409 43716 15999 81545 35434 25066 22495 9835 193261 75507 33969 9694 48964 14756 41364 9894 117754 97908 17764 14597
is_linear=0
shrinkage=0.03


Tree=24
num_leaves=31
num_cat=0
split_feature=34 34 11 41 22 40 24 42 40 14 15 28 24 14 17 41 8 11 40 35 40 41 33 11 14 24 24 16 5 17
split_gain=266.898 99.7015 40.4956 39.2517 39.4172 34.7191 52.948 34.0206 46.8734 33.9137 33.5261 29.3091 29.8985 28.3064 28.3049 28.1199 31.4409 36.7435 29.6922 37.8104 33.397 25.4828 27.1956 28.2959 26.5735 24.5782 30.395 24.4072 23.677 23.3236
threshold=-0.25836041569709772 0.31163561344146734 0.10046520829200746 0.6078576147556306 1.6375808715820315 0.54280677437782299 2.6878266334533696 1.0000000180025095e-35 0.23980389535427096 -7.3842632770538321 -7.5197064876556388 0.80860203504562389 1.4504703283309939 -8.0545864105224592 -0.67450630664825428 1.0000000180025095e-35 1.1234278082847597 0.1702942177653313 0.44032992422580725 0.29739177227020269 -0.92304024100303639 -1.0000000180025095e-35 -0.41366331279277796 0.11064835637807847 -8.1246471405029279 1.6932294964790346 1.378314256668091 0.072178617119789137 -0.079644259065389619 0.36582519114017492
decision_type=2 2 2 2 2 2 2 2 2 2 2 2 2 2 2 2 2 2 2 2 2 2 2 2 2 2 2 2 2 2
left_child=3 2 25 7 -5 11 -7 8 10 -6 -1 13 -13 -4 -10 16 17 28 20 -20 -17 22 -9 -24 -25 26 -2 -11 -3 -21
right_child=1 15 5 4 9 6 -8 21 14 27 -12 12 -14 -15 -16 18 -18 -19 19 29 -22 -23 23 24 -26 -27 -28 -29 -30 -31
leaf_value=-0.0015997564090102342 0.00044071025923681233 0.0051990022729498323 -0.0024636921474237485 -0.0009062454569120842 0.00070600760392797266 -0.0030388314001407908 0.0056724294283894755 0.0087161934410618421 -0.002027056291818167 0.0027209416746840852 0.0022649462362681339 0.00066052794018668865 0.0094961657552920121 0.00019119892593422733 0.005004781079862592 -0.0040378425526162868 -0.0047438335857511007 -0.0037062172483715849 0.00065190369321794107 -0.0063093051941723981 0.00073038356625512366 0.0029713385779070959 0.0073107835166874779 -0.004631976245381266 0.004927529408258316 -0.00051695114131869305 0.0029187892498595156 0.0098775478809380556 -0.00096402923515823428 0.00045524444327300819
leaf_weight=3360.5906231999397 13348.923120379448 634.15823711454868 4949.5556582212448 5499.4194846302271 2510.8991109132767 8714.6258296072483 667.55005769431591 2027.6045773029327 569.53229351341724 907.35516564548016 5034.5455369055271 963.55252084136009 528.08634668588638 13321.316066429019 4947.98707459867 1616.0054585039616 6185.2560830414295 5635.6110337823629 1566.6970830261707 2496.9408126473427 7061.5700381398201 4507.2535344362259 1015.3425173908472 501.29357215762138 526.16625861823559 10613.922302886844 6679.1597457975149 821.84986326098442 4337.3836739659309 559.89517587423325
leaf_count=13466 53408 2538 19804 22022 10066 34874 2671 8140 2282 3637 20178 3855 2113 53297 19833 6470 24796 22583 6271 10003 28268 18066 4068 2007 2107 42468 26724 3297 17370 2241
internal_value=1.94227e-05 -0.000820471 -0.000111491 0.00236118 0.000769227 -0.000911908 -0.00241364 0.00304994 0.00213123 0.00293934 0.000717835 -0.000198107 0.00383102 -0.000528962 0.00427658 -0.00222849 -0.00304451 -0.00205007 -0.00119677 -0.00313578 -0.000161218 0.00453583 0.0062567 0.00378494 0.000263794 0.000649863 0.00126817 0.00615954 -0.000169029 -0.00507285
internal_weight=122110 89880.2 59786.7 32229.8 9739.52 29144.7 9382.18 22490.3 13912.7 4240.1 8395.14 19762.5 1491.64 18270.9 5517.52 30093.5 16792.4 10607.2 13301.1 4623.53 8677.58 8577.66 4070.41 2042.8 1027.46 30642 20028.1 1729.21 4971.54 3056.84
internal_count=488923 359754 239214 129169 39022 116614 37545 90147 55759 17000 33644 79069 5968 73101 22115 120540 67287 42491 53253 18515 34738 34388 16322 8182 4114 122600 80132 6934 19908 12244
is_linear=0
shrinkage=0.03


Tree=25
num_leaves=31
num_cat=0
split_feature=35 33 5 40 24 13 41 41 25 40 11 9 24 40 10 40 11 35 40 28 17 7 6 39 24 11 41 15 15 13
split_gain=222.023 111.028 45.7403 36.2051 42.1455 37.3232 35.1701 63.7092 34.1267 32.7053 29.7925 28.7221 31.7989 27.557 34.2058 40.1079 25.044 24.407 24.3306 24.2356 23.3739 24.3028 22.8249 29.377 33.2475 30.7405 30.5278 24.0994 24.0284 22.8037
threshold=0.20383395254611972 -0.29047457873821253 0.42299321293830877 0.4636815637350083 2.6228704452514653 -7.3067159652709952 -0.60785761475563038 -0.87837970256805409 0.84918591380119335 0.25249098241329199 -0.70402508974075306 0.31493668258190161 2.2757161855697636 0.54280677437782299 -0.075815744698047624 0.82288655638694774 0.050804087892174728 -0.3209328949451446 0.4636815637350083 -2.4904264211654659 0.50969618558883678 0.36819642782211309 0.73246085643768322 -0.36852931976318354 1.0784200429916384 -0.091165810823440538 1.0000000180025095e-35 -7.9268774986267081 -8.0576434135436994 -7.3445382118225089
decision_type=2 2 2 2 2 2 2 2 2 2 2 2 2 2 2 2 2 2 2 2 2 2 2 2 2 2 2 2 2 2
left_child=1 6 3 5 16 -2 7 9 -7 -1 11 13 -13 19 15 -15 -5 18 -8 -3 21 -4 23 28 25 -25 -26 -28 -12 -19
right_child=2 10 20 4 -6 8 17 -9 -10 -11 22 12 -14 14 -16 -17 -18 29 -20 -21 -22 -23 -24 24 26 -27 27 -29 -30 -31
leaf_value=-0.00084339755075850018 -0.00093363927104382367 0.006632098511575246 -0.0013794317413782107 -0.00023650237435870154 0.0031624141304984524 0.0043262486785246605 0.0018128958948124925 0.007163661261941282 -0.0020716827924105114 0.0050565690712801514 0.0042123396645252524 -0.0026078254377211326 0.0055078117823063547 0.0094277514986972205 -0.0010508090650350977 0.0024258521583296498 -0.0043407488422292527 -0.00012663330240056582 0.005132791778756249 0.00044862759973790604 0.0010348234095186324 -0.0038982411354426621 -0.0018594567815029414 0.00029070314948113207 0.0010770975285135267 -0.0053034146387193962 -0.0060059578325254923 -0.00089625998450948961 0.00055108259991360604 0.003566255193680464
leaf_weight=2167.9775595664978 11382.321205466986 603.05772709846497 4723.219190955162 1767.1128276139498 1012.5189442336559 2660.727297142148 6210.4850669950247 3493.8452233821154 1036.5389012247324 1373.8613993227482 1883.0594580471516 2759.8128505945206 505.7494217902422 1291.3265348523855 955.65684677660465 1718.0616856366396 5516.5745718032122 6965.2962416708469 2925.349612057209 8243.7148952037096 1236.5621676743031 12906.760090202093 7425.9030949771404 1387.5782993584871 8244.3872608989477 2421.5875553041697 974.30817426741123 5359.3130497932434 10946.136220678687 1909.4728046357632
leaf_count=8693 45556 2413 18908 7073 4053 10646 24911 14017 4150 5510 7535 11044 2024 5169 3824 6877 22087 27893 11739 32989 4952 51734 29716 5552 32992 9689 3898 21444 43805 7651
internal_value=-8.81577e-05 0.000843128 -0.00184648 -0.000958972 -0.00254944 -8.28508e-05 0.00249705 0.00429498 0.00253182 0.00145296 8.57777e-05 0.00117061 -0.00133795 0.00181055 0.00388571 0.00545164 -0.0033467 0.00179271 0.0028804 0.000877148 -0.00294502 -0.0032246 -0.00036576 -9.95072e-06 -0.000778526 -0.0032702 -0.000125667 -0.00169052 0.00109134 0.000671039
internal_weight=122008 79765.9 42242.3 23375.8 8296.21 15079.6 25046.3 7035.68 3697.27 3541.84 54719.7 16077.4 3265.56 12811.8 3965.05 3009.39 7283.69 18010.6 9135.83 8846.77 18866.5 17630 38642.3 31216.4 18387.2 3809.17 14578 6333.62 12829.2 8874.77
internal_count=488544 319385 169159 93565 33213 60352 100414 28220 14796 14203 218971 64340 13068 51272 15870 12046 29160 72194 36650 35402 75594 70642 154631 124915 73575 15241 58334 25342 51340 35544
is_linear=0
shrinkage=0.03


Tree=26
num_leaves=31
num_cat=0
split_feature=35 25 23 14 11 39 25 33 41 39 30 12 30 41 29 41 12 8 9 24 10 28 35 33 30 39 13 39 39 14
split_gain=210.071 81.5683 65.7895 53.9217 56.0185 34.4636 43.0575 30.9337 30.039 27.5603 24.6713 24.2947 23.4417 36.3397 26.1329 23.3461 21.7796 21.2893 22.4933 21.2495 21.0776 21.034 19.8993 19.4834 19.2496 19.1301 30.6536 21.5011 22.4004 18.852
threshold=-0.2046205326914787 0.86976149678230297 0.23309092223644259 -7.123671054840087 0.11999743431806566 -0.46368156373500818 0.63866266608238231 -0.2229349613189697 1.0000000180025095e-35 0.891992747783661 0.86737290024757396 -7.1351239681243888 0.69936898350715648 -0.60785761475563038 -0.52546802163124073 0.6078576147556306 -7.6440207958221427 -0.72122579813003529 0.41252277791500097 2.760342121124268 0.49403814971446997 -2.2163633108139034 -0.059790540486574166 0.35039146244525915 -1.3355825543403623 -0.85828685760498036 -7.7180728912353507 -0.66750615835189808 -0.75039777159690846 -7.3657407760620108
decision_type=2 2 2 2 2 2 2 2 2 2 2 2 2 2 2 2 2 2 2 2 2 2 2 2 2 2 2 2 2 2
left_child=2 3 9 4 20 6 23 11 -3 12 17 -5 13 14 -1 25 -11 18 22 29 -2 -22 -7 -6 -15 26 -4 28 -27 -17
right_child=1 8 15 7 5 10 -8 -9 -10 16 -12 -13 -14 24 -16 19 -18 -19 -20 -21 21 -23 -24 -25 -26 27 -28 -29 -30 -31
leaf_value=0.010428513275044024 0.00098573294229092738 -0.0038960429487595043 0.0039087881356995218 0.0016226227650954534 0.0022522520343828856 0.001975899735057911 -0.0022262715408152994 0.00075069734847939046 -0.0012745512731713888 -0.0013240441521040031 0.0028972293217208647 0.0076050126209808739 0.0011259914577365657 -0.001161154023693175 0.0047608371113766366 -0.0014519393062169693 0.0049063946249990331 -0.00262200223825995 0.0053774027245951459 -0.0058235643602628428 0.0028093680614001914 -0.0016574699983193035 -0.0037478393370599036 -0.0029183863746845401 0.0039424830138345369 0.0024461249716355507 -0.0025989446048627204 0.0015869011163412055 0.010021886786404793 0.0018558409111159946
leaf_weight=1360.4758865088224 17316.13970322907 8743.5386550873518 930.56132091581821 1222.0078015178442 5324.5769509226084 973.64357560873032 4603.283846706152 7393.1926332861185 7170.5426879823208 1723.332450568676 850.74263960123062 1225.7264625579119 2162.5551419109106 730.74982604384422 1641.5440070331097 3638.2640570402145 702.65702849626541 20077.74085752666 580.89377263188362 620.0213079303503 1117.4054559469223 5996.240678742528 1222.8064705878496 739.08432672917843 6973.2360054552555 903.38426189124584 2109.9953108429909 10767.356478825212 574.43040968477726 2687.0940201729536
leaf_count=5468 69293 35070 3725 4892 21311 3899 18425 29584 28721 6909 3405 4909 8679 2929 6587 14558 2820 80367 2325 2481 4471 23997 4895 2958 27975 3617 8447 43101 2300 10756
internal_value=4.706e-05 -0.000781955 0.00191481 -0.00033315 -0.000677173 -0.00145763 -4.13722e-05 0.00172109 -0.0027164 0.00342864 -0.00209462 0.00463712 0.00398121 0.00455635 0.00735545 0.000872259 0.000493257 -0.00228162 0.000179631 -0.000569437 0.000421079 -0.000952864 -0.00121316 0.00161825 0.00345751 0.00152727 -0.000600971 0.00205578 0.00543841 -4.60401e-05
internal_weight=122083 84557.6 37525.7 68643.5 58802.6 34372.8 10666.9 9840.93 15914.1 15294.6 23705.8 2447.73 12868.6 10706 3002.02 22231.1 2425.99 22855.1 2777.34 6945.38 24429.8 7113.65 2196.45 6063.66 7703.99 15285.7 3040.56 12245.2 1477.81 6325.36
internal_count=488874 338522 150352 274731 235346 137585 42694 39385 63791 61367 94891 9801 51638 42959 12055 88985 9729 91486 11119 27795 97761 28468 8794 24269 30904 61190 12172 49018 5917 25314
is_linear=0
shrinkage=0.03


Tree=27
num_leaves=31
num_cat=0
split_feature=34 34 34 39 11 33 28 28 30 28 13 13 6 6 41 35 9 39 30 9 41 39 11 24 4 35 39 25 7 10
split_gain=245.999 73.7752 37.7055 37.651 34.4948 41.05 35.4327 34.4816 34.2133 27.4348 26.6938 28.989 25.7667 24.7559 24.58 24.1133 27.7756 31.4396 22.8794 26.2487 23.1314 20.9121 22.0437 20.2752 19.1158 21.367 22.9939 19.2995 22.2021 18.8003
threshold=-0.18113235384225843 0.41791741549968725 -0.55192631483077992 0.45593219995498663 -0.14973641932010648 -0.37927748262882227 -1.132037818431854 -1.7727366685867307 0.39558598399162298 0.29701121151447302 -6.7158908843994132 -7.9103093147277823 0.15032459795475009 1.847533166408539 1.0000000180025095e-35 -0.091908238828182207 0.55819281935691845 -0.33174875378608698 0.56316441297531139 1.0374503731727602 1.0000000180025095e-35 0.88599923253059398 1.2494351267814638 1.4605863690376284 -0.22774453461170194 0.63964137434959423 -0.2185685262084007 0.41878744959831243 0.10339530557394029 0.41109640896320349
decision_type=2 2 2 2 2 2 2 2 2 2 2 2 2 2 2 2 2 2 2 2 2 2 2 2 2 2 2 2 2 2
left_child=2 4 8 12 7 -6 -7 -2 9 23 11 13 15 21 -5 -4 17 29 19 -13 -20 22 -3 -1 -8 27 -27 28 -26 -17
right_child=1 10 3 14 5 6 24 -9 -10 -11 -12 18 -14 -15 -16 16 -18 -19 20 -21 -22 -23 -24 -25 25 26 -28 -29 -30 -31
leaf_value=0.006115457393568907 0.0025621660753912942 -0.00049197942752139353 0.0034393122892442253 0.0012711046290291477 0.0030244895611814993 -0.0022582697144013747 0.001041765800577707 -5.7768843663037231e-05 0.0011004546936733766 0.0075195102472697803 0.0020758858429152055 -0.0029413280414412983 -0.00085264501321672336 -0.0053186511375010251 -0.0017251894400370498 -0.001021523313839348 0.0048946270892721178 -0.0034594872437549913 -0.0041022387695612787 -0.0062310570554219855 0.00088557083227130127 0.0026773023894855774 -0.0058785491727198075 0.0022921363501976072 -0.0014127963898634582 0.0071092853397112365 -0.0012419058633175112 -0.00196888851199911 0.0039901090316504795 0.004766487097666707
leaf_weight=1839.5076278299093 5994.1569971591234 4276.3590703010559 11302.06820513308 5743.6761170774698 2275.2277556061745 14439.241861537099 6411.4409059733152 18302.742361903191 3667.6208125352859 2128.4656309485435 1159.5832067281008 5511.0331371128559 2093.6019058823586 1081.2401992976665 4299.8065310120583 927.2119714319706 1176.6279861032963 1640.8080723881721 1510.6156246513128 3646.2812731415033 1854.5119497478008 1488.6843564063311 804.42570613324642 3911.7729786783457 1613.1644462794065 578.27569361031055 593.62854233384132 9427.0528525412083 1174.4708888083696 1091.6315087974072
leaf_count=7390 23984 17143 45277 22998 9104 57786 25654 73231 14723 8555 4641 22088 8380 4337 17208 3713 4711 6568 6058 14621 7424 5966 3226 15703 6454 2314 2376 37726 4699 4371
internal_value=0.000119053 -0.00081905 0.00205379 0.00146298 -0.000286393 -0.000869162 -0.00112872 0.000589369 0.00349795 0.00461105 -0.00233655 -0.00259109 0.00227513 -0.00113409 -1.21061e-05 0.00268117 0.00090599 -0.000386255 -0.00347964 -0.00425661 -0.00135899 -0.000438335 -0.00135469 0.00352349 -0.000304186 -0.00094912 0.00290427 -0.0013209 0.000869651 0.00211624
internal_weight=121965 82142.1 39822.8 28275.4 60809.4 36512.5 34237.3 24296.9 11547.4 7879.75 21332.7 20173.2 18231.9 7650.71 10043.5 16138.3 4836.28 3659.65 12522.4 9157.31 3365.13 6569.47 5080.78 5751.28 19798 13386.6 1171.9 12214.7 2787.64 2018.84
internal_count=488429 328832 159597 113226 243328 146113 137009 97215 46371 31648 85504 80863 73020 30672 40206 64640 19363 14652 50191 36709 13482 26335 20369 23093 79223 53569 4690 48879 11153 8084
is_linear=0
shrinkage=0.03


Tree=28
num_leaves=31
num_cat=0
split_feature=34 34 11 40 16 13 40 12 21 28 21 29 28 35 14 34 23 15 23 31 14 22 35 17 11 29 11 22 40 23
split_gain=195.7 93.0194 35.1904 54.9559 35.1207 33.9334 32.2848 27.6176 26.5947 25.0976 23.289 21.8102 21.6004 30.6934 25.2685 26.0918 23.1847 21.4422 21.1777 25.1343 23.5908 31.1778 37.408 28.5125 25.828 24.0051 21.5993 20.9872 20.9844 20.113
threshold=-0.33375041186809534 0.33958275616168981 -0.29517042636871332 -0.30694064497947687 -0.19535953551530835 -9.1651368141174299 0.99913862347602855 -6.4332399368286124 0.13944181799888614 0.80860203504562389 0.25002513825893408 0.81195825338363659 -1.5755622982978819 0.028176945634186271 -6.9974820613861075 -0.16671620309352872 0.50828707218170177 -7.0146603584289542 0.12825807929039004 0.11486090347170831 -7.5689480304718009 1.3859931826591494 0.25208441913127905 -0.18162232637405393 0.78280603885650646 0.45477105677127844 0.011230897624045612 1.1882544159889223 -0.18008953332900998 0.51245558261871349
decision_type=2 2 2 2 2 2 2 2 2 2 2 2 2 2 2 2 2 2 2 2 2 2 2 2 2 2 2 2 2 2
left_child=4 2 3 17 -1 -3 9 8 -7 18 -6 12 16 14 27 -16 -5 -2 -4 20 21 22 -20 25 -24 -22 -25 -14 29 -28
right_child=1 5 6 11 10 7 -8 -9 -10 -11 -12 -13 13 -15 15 -17 -18 -19 19 -21 23 -23 24 26 -26 -27 28 -29 -30 -31
leaf_value=0.00073622133778403079 -0.0015727765091109228 0.0052261569248529911 0.0016340798270220063 0.0011852388573583505 0.0041516386868583194 0.0019518953155011512 -0.0073083310190211869 0.0037291708860750492 -0.002657650601438149 0.0019507086228148845 0.0019110363531042269 0.0065599108785789383 0.00019759439837551559 -0.002459439325130664 0.0039584105641575548 -0.003977282046123562 0.0053795973208971368 0.0026022133535757502 -0.00017441894782207313 0.00013497603114220674 -0.0032909175516823708 -0.0042854267624755334 -0.0076632998196612444 -0.0024987824423560799 -0.0014585355439667906 0.0036959058928044929 0.0023301295310659692 0.0039093335515076807 0.0036933981370500433 -0.0038760833385128625
leaf_weight=8795.7888601720333 8032.610994040966 540.96464508771896 3184.8918465524912 2360.5779528915882 8722.1664665937424 1172.2710865586996 625.60006205737591 658.45095816254616 25196.791962817311 3458.994995161891 8059.6619462072849 852.44279843568802 2112.0165094137192 2010.5224803984165 532.62987577915192 1185.7136199623346 2388.6382207721472 1274.6432218849659 7021.3695599287748 13219.556894317269 3292.6336000561714 4652.2087062597275 1175.6461703777313 1241.3331419676542 1242.2149696201086 502.5749539732933 1037.1071629673243 3903.5441808402538 2610.4232731312513 842.83746080100536
leaf_count=35257 32138 2165 12745 9448 35030 4692 2505 2635 100983 13841 32314 3411 8453 8044 2133 4745 9558 5100 28093 52898 13175 18615 4706 4967 4973 2011 4150 15623 10446 3372
internal_value=-5.9272e-05 -0.00067868 -8.83006e-05 0.000819281 0.00227287 -0.00215063 -0.000595654 -0.00230015 -0.00245206 -0.000497416 0.00307734 0.00192188 0.00164476 0.000834653 0.00169306 -0.00150881 0.00330168 -0.000998826 -0.000709431 -0.000912433 -0.00149849 -0.00227766 -0.00128463 -0.000344827 -0.00449464 -0.00235842 0.000990244 0.00260866 0.00195817 -0.000458095
internal_weight=121907 96329.2 68760.7 24653.3 25577.6 27568.5 44107.4 27027.5 26369.1 43481.8 16781.8 15346.1 14493.6 9744.43 7733.9 1718.34 4749.22 9307.25 40022.8 36837.9 23618.3 14091.4 9439.23 9526.91 2417.86 3795.21 5731.7 6015.56 4490.37 1879.94
internal_count=488226 385625 275150 98653 102601 110475 176497 108310 105675 173992 67344 61415 58004 38998 30954 6878 19006 37238 160151 147406 94508 56387 37772 38121 9679 15186 22935 24076 17968 7522
is_linear=0
shrinkage=0.03


Tree=29
num_leaves=31
num_cat=0
split_feature=34 25 39 39 11 10 35 35 29 40 42 30 29 17 12 30 15 10 28 16 11 17 34 39 22 16 40 23 28 40
split_gain=205.462 72.2226 46.4796 44.5975 70.0639 32.2257 30.5749 30.1386 28.6231 26.8329 25.7368 22.633 22.5302 21.9334 26.182 21.3749 21.1855 20.575 19.7133 19.5882 19.0565 18.9496 31.5858 25.0066 29.4475 23.4552 21.2061 18.7992 18.7383 18.4721
threshold=-0.21392227709293363 0.83863443136215221 0.89783340692520153 -0.46368156373500818 -0.14973641932010648 0.86991533637046825 0.74031218886375438 -0.40517893433570856 -0.65434378385543812 0.47523921728134161 0.81174489855766307 -1.615297734737396 0.43957124650478369 -0.63596621155738819 -8.4589314460754377 0.8892551362514497 -8.140525817871092 1.3734968304634096 -1.2948343157768247 -0.11780431121587752 -1.4193881750106809 0.38555613160133367 0.64794650673866283 0.11970336735248567 1.4056008458137514 -0.47811724245548243 0.4636815637350083 0.11609393730759622 1.0912424325942995 -0.050157042220234864
decision_type=2 2 2 2 2 2 2 2 2 2 2 2 2 2 2 2 2 2 2 2 2 2 2 2 2 2 2 2 2 2
left_child=2 3 8 6 5 18 11 19 -1 15 13 -2 -13 -11 -15 17 -12 -6 -5 -4 -20 22 23 24 -3 -26 -24 -10 -23 -29
right_child=1 21 7 4 9 -7 -8 -9 27 10 16 12 -14 14 -16 -17 -18 -19 20 -21 -22 28 26 -25 25 -27 -28 29 -30 -31
leaf_value=0.0039018081002419672 0.0057509410296702314 -0.0047363999247805409 -0.00087777462143061281 0.0023465750819116867 -0.0017088569277570026 -0.0031722970959920552 0.0068280863900064531 -0.0025124994790632392 0.0031430003042102078 -0.0076819400552388716 -0.0040117283497449335 0.00097905880303281461 -0.0012833433078156176 0.0024554669098910448 -0.0037205074834686567 0.0048126795512797504 0.0030420787284338906 0.0015084488479048311 -0.0025364954171282054 0.0045373170789861066 0.00089736026494307457 -0.002268664474274032 -0.0031312810850362138 -0.00019884759804947338 0.005229293844689533 -0.0019789721852812316 -0.0068252037619036124 0.00026133861815080638 0.0031228372682293041 0.0023119495264892747
leaf_weight=8288.8088965266943 733.65995186567307 3590.8980090171099 1149.1873926073313 6533.5396062582731 13075.602880194783 1760.7459573447704 724.35341218113899 3151.1548779159784 6935.5607064515352 1097.9561316072941 603.74613897502422 16217.452227592468 5231.6833223700523 676.88552777469158 6393.2280427217484 528.84682777523994 1010.4127296507359 2064.333920955658 1840.3965159356594 1244.5547883361578 6789.3132266849279 1238.2143787592649 4411.8140231668949 5351.3070285767317 506.01467341184616 1901.2157279700041 2065.1800816804171 8050.4448651075363 1074.0880654603243 7764.4037156254053
leaf_count=33267 2936 14387 4604 26143 52325 7045 2899 12619 27830 4396 2417 64895 20936 2710 25593 2116 4045 8262 7364 4994 27165 4961 17703 21441 2027 7620 8291 32244 4303 31108
internal_value=5.99465e-05 -0.000745735 0.00194084 -0.0002611 -0.000837549 0.000658172 0.000805149 -0.000588236 0.00239268 -0.00183202 -0.00306426 0.000605489 0.000426893 -0.00374757 -0.00312659 -0.00106125 0.000395277 -0.00126947 0.00110476 0.0019448 0.000162958 -0.00231583 -0.00264709 -0.00169068 -0.0030191 -0.000448385 -0.00431779 0.00184137 0.000238406 0.00126892
internal_weight=122005 85420.9 36584.1 65282.2 42375 16924 22907.1 5544.9 31039.2 25451 9782.23 22182.8 21449.1 8168.07 7070.11 15668.8 1614.16 15139.9 15163.2 2393.74 8629.71 20138.7 17826.4 11349.4 5998.13 2407.23 6476.99 22750.4 2312.3 15814.8
internal_count=488646 341980 146666 261247 169581 67717 91666 22217 124449 101864 39161 88767 85831 32699 28303 62703 6462 60587 60672 9598 34529 80733 71469 45475 24034 9647 25994 91182 9264 63352
is_linear=0
shrinkage=0.03


Tree=30
num_leaves=31
num_cat=0
split_feature=34 34 11 12 25 40 10 40 35 35 39 15 29 41 12 35 25 40 42 10 39 9 40 10 12 9 20 41 41 39
split_gain=198.068 91.2829 36.737 48.833 27.4392 26.1496 24.9895 30.4059 46.2424 35.4289 26.7257 32.2674 24.9694 34.0184 27.4562 24.7687 42.0054 27.9219 27.675 24.8671 23.8392 23.2646 22.5031 29.9818 21.7236 21.1222 20.4277 19.3785 23.4015 23.9677
threshold=0.24134755879640582 -0.34000681340694422 0.10046520829200746 -8.170163154602049 0.94727116823196422 0.86493045091629039 0.57991427183151256 0.49810825288295751 -0.30480740964412684 0.018668888136744503 -0.64778602123260487 -7.5705580711364737 -0.62875756621360768 -0.60785761475563038 -7.5674557685852042 0.1241375431418419 0.58311381936073314 0.63775861263275158 1.0000000180025095e-35 -0.58806738257408131 -0.46368156373500818 0.62528115510940563 0.4636815637350083 1.7920955419540407 -7.4628732204437247 1.054830849170685 1.6973747014999392 -0.60785761475563038 -0.87837970256805409 0.8537760078907014
decision_type=2 2 2 2 2 2 2 2 2 2 2 2 2 2 2 2 2 2 2 2 2 2 2 2 2 2 2 2 2 2
left_child=1 12 6 5 -2 -4 7 9 10 27 -9 -12 13 -1 -15 16 17 -10 -19 -18 -8 -11 23 26 25 -24 -5 28 29 -3
right_child=4 2 3 22 -6 -7 20 8 15 21 11 -13 -14 14 -16 -17 19 18 -20 -21 -22 -23 24 -25 -26 -27 -28 -29 -30 -31
leaf_value=0.0066860912161503883 -0.0015604894668886922 0.0011660707374222096 -0.0018294696961249277 -7.6234114038555429e-05 -0.0036949348600223576 -0.0063082360457152754 0.0028587836154231315 0.010957686106699265 0.0085668918274233209 0.0047512886735003894 -0.00060942869757526076 0.0066277165639199312 0.0015434137836146567 0.0005208158961225002 0.0045815022915639565 0.005960596565638676 0.0010794876610907491 0.0037006667439996805 -0.0020173915903819221 -0.0057996447350611288 -0.0026094249064454603 -0.00055195007470396063 -0.0029785240849293975 0.0067146921130036494 0.0013439337281048788 0.0033251540513695621 0.0031143256279244336 -0.00095634390559744611 0.0040743416837730421 -0.0062381792803596989
leaf_weight=2265.5036100000143 30046.307241111994 1668.8420599400997 8091.1040817052126 9314.2024413943291 6615.6133563518524 1366.1436765342951 912.47098037600517 634.90068925917149 525.95650169253349 2371.6748230457306 861.29717773199081 1538.4615158140659 16720.328259527683 3288.354179546237 2747.9089122563601 788.79031944274902 760.83218654990196 1688.5518404841423 1372.5795692354441 1228.0523053556681 3233.1592689156532 1080.2286222279072 4389.2503564357758 744.77019096910954 2099.0788973420858 528.44144710898399 2230.3395655155182 10505.933312952518 1757.2279167920351 504.01125644147396
leaf_count=9109 120339 6679 32376 37268 26549 5469 3651 2543 2105 9489 3448 6161 67059 13194 11039 3156 3045 6758 5493 4914 12935 4322 17566 2980 8400 2115 8925 42037 7034 2017
internal_value=-0.000103023 0.000690219 5.70867e-05 -0.000717532 -0.00194655 -0.00248243 0.000765919 0.00109565 0.00247619 0.000369253 0.00551733 0.00403848 0.00221273 0.0035573 0.0023739 0.00101983 0.000311475 0.0022485 0.00113853 -0.00317585 -0.00140187 0.00309491 0.000147854 0.000921545 -0.00120659 -0.00229578 0.000542326 -0.000284189 0.00151049 -0.000572116
internal_weight=121880 85218.4 60196.3 28763.3 36661.9 9457.25 31433 27287.3 9399.42 17887.9 3034.66 2399.76 25022.1 8301.77 6036.26 6364.76 5575.97 3587.09 3061.13 1988.88 4145.63 3451.9 19306.1 12289.3 7016.77 4917.69 11544.5 14436 3930.08 2172.85
internal_count=488175 341287 240886 115099 146888 37845 125787 109201 37623 71578 12152 9609 100401 33342 24233 25471 22315 14356 12251 7959 16586 13811 77254 49173 28081 19681 46193 57767 15730 8696
is_linear=0
shrinkage=0.03


Tree=31
num_leaves=31
num_cat=0
split_feature=34 23 11 34 17 39 42 25 15 42 42 9 35 31 39 13 14 12 23 15 11 31 29 39 34 12 17 31 0 9
split_gain=160.34 50.8626 45.7067 47.1132 38.1629 32.5224 28.3436 32.1101 25.1595 26.0234 24.4385 30.0907 23.8379 30.3566 23.1041 30.6456 23.0135 22.5511 27.1935 22.1226 22.0846 21.7223 20.9249 20.88 20.0055 19.5263 19.3017 24.3579 22.3102 18.8052
threshold=0.078616451472044005 0.056844931095838554 -0.030942649580538269 0.64794650673866283 0.45331981778144842 0.44424325227737432 1.0000000180025095e-35 0.7166557013988496 -7.537970542907714 0.81174489855766307 1.0000000180025095e-35 -0.30777378380298609 -0.16174442321062085 -0.61868795752525318 -0.87777194380760182 -7.6734454631805411 -7.5636136531829825 -8.9659123420715314 0.91205090284347545 -7.4022235870361319 -1.693428039550781 0.79397752881050121 -0.53334206342697132 0.9556623399257661 -0.26835499703884119 -7.5406563282012931 0.17395152151584628 0.4108970314264298 -0.26490120589733118 1.3394648432731631
decision_type=2 2 2 2 2 2 2 2 2 2 2 2 2 2 2 2 2 2 2 2 2 2 2 2 2 2 2 2 2 2
left_child=1 -1 3 21 6 12 14 17 9 20 23 -12 13 -3 -4 -16 -14 -8 25 -18 -7 22 -2 -10 -11 -19 27 28 -15 -24
right_child=2 5 4 -5 -6 8 7 -9 10 24 11 -13 16 26 15 -17 19 18 -20 -21 -22 -23 29 -25 -26 -27 -28 -29 -30 -31
leaf_value=0.0029164180970447815 0.0032167018762709288 0.005499257002688893 0.00094461812806428708 -0.003973912001944053 0.0010106329130548687 0.0034906124720278267 0.0042748748165352514 -0.0045304481955140601 -0.0012721666740179143 0.0046297089596186378 0.0058325713814865654 -0.00012218020110380367 -0.00073526949834732216 -6.48878978902445e-05 -0.00062217493194654172 -0.0034699234208609561 0.0035894215379190285 -0.0020521828409418314 -0.0067612495806281788 0.00029986465197901098 -0.002814185709852791 0.0064176452053673521 0.00010156608106337434 0.0023037902206456732 -0.0009429484175247384 0.0036895971685413447 0.00013131428659458557 0.0071285259492562224 0.0027541255689782895 -0.0036875460567191141
leaf_weight=9514.673901155591 1784.7969368845224 1781.0113703161478 2823.2424690723419 2621.4252334088087 3379.9156505018473 530.14815081655979 541.83674988150597 8248.24084892869 5468.7667558193207 931.27883124351501 1525.8018272221088 1518.4607820957899 9551.6628861427307 3891.2903947383165 6864.266499131918 6741.2526700496674 2799.5534021109343 2675.4827458411455 903.5137512087822 5337.379290252924 6984.8246488273144 500.62518067657948 14965.641367614269 1998.3691180348396 1502.81366764009 655.4582257270813 6786.2826564311981 810.17446139454842 7192.7367647737265 1269.5663611292839
leaf_count=38196 7142 7147 11305 10519 13533 2123 2169 33074 21898 3732 6113 6078 38226 15594 27499 27006 11206 10710 3619 21365 27962 2004 59894 8000 6013 2623 27193 3244 28818 5084
internal_value=-8.45461e-05 0.000883068 -0.00130576 -0.000217669 -0.00200613 0.000552538 -0.00235255 -0.00339765 -0.000412304 -0.00149291 0.000610934 0.0028717 0.00106997 0.00176696 -0.00152244 -0.00203469 0.000263171 -0.00143604 -0.00217515 0.00143467 -0.00236536 0.00031585 0.000142867 -0.000313361 0.00119936 -0.000914661 0.00140837 0.00213628 0.00176528 -0.000196824
internal_weight=122100 68125.2 53975.3 21142.1 32833.2 58610.6 29453.3 13024.5 20460.5 9949.07 10511.4 3044.26 38150.1 20461.5 16428.8 13605.5 17688.6 4776.29 4234.45 8136.93 7514.97 18520.6 18020 7467.14 2434.09 3330.94 18680.5 11894.2 11084 16235.2
internal_count=489089 272908 216181 84643 131538 234712 118005 52195 81919 39830 42089 12191 152793 81996 65810 54505 70797 19121 16952 32571 30085 74124 72120 29898 9745 13333 74849 47656 44412 64978
is_linear=0
shrinkage=0.03


Tree=32
num_leaves=31
num_cat=0
split_feature=34 34 41 34 9 17 13 9 28 19 10 6 30 4 10 7 35 13 21 10 39 29 8 35 29 41 16 39 41 35
split_gain=142.971 57.0894 42.2414 35.9905 33.7468 40.4896 32.6708 27.674 27.2823 25.6595 24.6465 21.7186 23.4421 21.4526 19.9612 19.4588 18.9196 17.9034 20.5211 17.8254 21.1859 23.085 17.7482 18.5359 22.095 17.6009 19.3843 18.5714 23.0123 19.0095
threshold=0.051966557279229171 -0.56230211257934559 0.6078576147556306 0.39215181767940527 -0.52310463786125172 -0.72508192062377919 -7.8923754692077628 0.32491587102413183 0.28199253976345068 0.99698576331138622 2.0604596138000493 -1.0321094393730161 0.98432129621505748 -0.25559663772583002 0.57991427183151256 0.32923580706119543 0.21836087107658389 -8.7288603782653791 0.92862325906753551 1.5655676126480105 0.34816221892833715 -0.013208706863224505 -0.63244810700416554 0.24223638325929644 -0.67969769239425648 -0.60785761475563038 -0.025373312644660469 0.44424325227737432 -0.87837970256805409 -0.059790540486574166
decision_type=2 2 2 2 2 2 2 2 2 2 2 2 2 2 2 2 2 2 2 2 2 2 2 2 2 2 2 2 2 2
left_child=1 11 4 8 5 -3 -4 15 9 10 14 12 -1 -5 -2 16 25 18 -15 20 -8 -22 -9 -24 -25 27 -27 29 -29 -6
right_child=3 2 6 13 7 -7 19 22 -10 -11 -12 -13 -14 17 -16 -17 -18 -19 -20 -21 21 -23 23 24 -26 26 -28 28 -30 -31
leaf_value=0.0043943642667605524 -0.00089530110620762921 -0.0023551654554290987 -0.0030207594810130341 0.00039882520287583522 0.0037287421947490066 0.0028359126025278656 0.00074176022612567293 0.0050031430428067484 0.001399462929258853 0.0011174539145129875 0.0033601335816114374 0.0009116748725429254 -0.00077327493292693678 -0.0032619115345480705 -0.0028518802384651502 0.0032309111073691226 -0.0044980181786474661 -0.0025923879808356022 0.0044036909122013024 0.0054183469897362288 -4.6656780927793543e-05 -0.0050586837966282031 0.0024546792730037437 0.0045240485336939711 -0.0023494538609491189 8.2669825357407288e-05 -0.0027862749385526926 -0.0046846131306008971 0.0015342312234325531 -0.00051837911748785714
leaf_weight=6776.7493759840727 15422.934355929494 1512.5633680075407 4261.7032533288002 2887.0597499608994 2517.6107901036739 12235.949158549309 7001.7424214184284 1348.2698253244162 5730.5972039550543 4824.4342624694109 974.88520266115665 3404.8616595715284 891.03870303928852 544.88676655292511 6745.3038794100285 1313.1318444758654 1015.0114692896605 19063.36605219543 715.99033676087856 524.21203126013279 1976.5176987349987 1412.4329444020987 4126.0911676734686 529.70385366678238 1905.1957851946354 4901.1790222972631 3723.9250526428223 977.67823389172554 1161.9477250576019 1514.6225764900446
leaf_count=27265 61719 6057 17054 11562 10088 49006 28033 5398 22930 19310 3902 13661 3581 2184 27002 5255 4062 76456 2870 2098 7911 5652 16517 2120 7624 19620 14911 3914 4653 6063
internal_value=-1.30507e-05 0.000947826 0.000544913 -0.00111105 0.00106992 0.00226351 -0.000796526 0.000413772 -0.000484663 -0.000871085 -0.00128592 0.00290905 0.00379363 -0.00201983 -0.00149166 -0.000264236 -0.000556355 -0.00236343 0.00109141 7.38912e-05 -0.000200688 -0.00214429 0.00188027 0.00123189 -0.00084176 -0.000283118 -0.0011578 0.000939139 -0.00131597 0.00213607
internal_weight=121942 65032.1 53959.5 56909.5 38782.9 13748.5 15176.6 25034.4 33698.2 27967.6 23143.1 11072.6 7667.79 23211.3 22168.2 17125.1 15812 20324.2 1260.88 10914.9 10390.7 3388.95 7909.26 6560.99 2434.9 14797 8625.1 6171.86 2139.63 4032.23
internal_count=488478 260543 216036 227935 155288 55063 60748 100225 134863 111933 92623 44507 30846 93072 88721 68566 63311 81510 5054 43694 41596 13563 31659 26261 9744 59249 34531 24718 8567 16151
is_linear=0
shrinkage=0.03


Tree=33
num_leaves=31
num_cat=0
split_feature=34 33 11 33 13 41 15 9 25 40 17 35 10 41 41 11 16 11 9 40 17 12 6 7 14 10 31 15 40 17
split_gain=154.53 56.4641 41.1074 36.2093 33.4422 30.0872 51.8321 28.5716 27.3696 27.2963 30.2072 33.2869 38.3143 26.6122 36.3249 26.8369 26.3937 25.663 24.211 23.0236 21.4752 21.109 26.3978 21.0005 22.2822 22.0506 24.0357 19.8214 19.2706 25.5853
threshold=0.078616451472044005 -0.40656074881553644 -0.030942649580538269 0.66227206587791454 -6.6910459995269767 0.6078576147556306 -7.707850217819213 -0.3648467063903808 0.87317365407943737 0.42853991687297827 0.45331981778144842 0.30850310623645788 1.9810280203819277 -0.60785761475563038 -0.87837970256805409 0.65992709994316112 0.15912872552871707 -0.56141301989555348 -1.6537142992019651 -0.0327190039679408 -0.026038125157356259 -7.5610854625701895 -0.8335614502429961 -0.88716840744018544 -7.3592984676361075 -1.0419832468032835 -0.12960538268089292 -7.5511436462402335 0.55375361442565929 0.41839867830276495
decision_type=2 2 2 2 2 2 2 2 2 2 2 2 2 2 2 2 2 2 2 2 2 2 2 2 2 2 2 2 2 2
left_child=1 13 3 8 9 7 17 28 -2 -4 11 -11 -13 14 19 -16 -9 -7 -8 -1 -18 22 -15 24 -20 26 -25 -10 29 -3
right_child=2 5 4 -5 -6 6 18 16 27 10 -12 12 -14 21 15 -17 20 -19 23 -21 -22 -23 -24 25 -26 -27 -28 -29 -30 -31
leaf_value=-0.00095247185057479916 0.00090487424314674011 0.0015176058843329521 -0.0015100548883130826 -0.0032967628851344887 0.002516700756528541 0.00038585948493179926 -0.0056217935887778589 0.0004699562479958573 0.00058704710735055655 -0.0015355830191871092 0.0019067437866853952 -0.0062333906356987507 -1.2964106719778992e-06 0.0016815644654157066 0.0084941403231058484 0.0018926697773891858 -0.0049940167099825393 -0.0053587746255547375 0.00012716676982673693 0.0043949973938951607 9.9502757172199231e-05 0.002832010167833297 -0.0019447566024480684 0.0082585991331819916 0.0069252866351601381 -0.00078409098907578274 -3.8825749679590177e-05 -0.0035569629247852912 0.0032409901343666485 -0.0029174159523308639
leaf_weight=1491.8200585246086 13864.74832457304 10109.091804251075 20627.177191585302 2995.8365451097488 1437.9799375832081 934.43483202159405 584.70016150176525 14741.912842690945 1769.9748444408178 3566.1373090296984 887.19158193469048 5197.1522790640593 1070.3436839729548 5710.9374786913395 1841.5283456295729 800.88846431672573 1588.0844389051199 2763.0992033779621 850.71873335540295 1393.7634538710117 1394.8195582032204 6351.3956578969955 2631.0187531262636 541.3471183180809 876.53334172070026 6331.1752952486277 730.29975734651089 2496.1708523780107 4982.6058202832937 1314.5013133138418
leaf_count=5989 55476 40475 82637 12012 5755 3739 2341 59000 7094 14281 3554 20850 4290 22916 7407 3217 6356 11057 3406 5598 5583 25509 10538 2167 3512 25336 2923 10006 19959 5265
internal_value=-8.00368e-05 0.000871326 -0.0012793 -0.000247155 -0.00194413 0.000308409 -0.000883681 0.000783964 0.000258282 -0.00214949 -0.00337722 -0.00385539 -0.00517079 0.00219958 0.00397273 0.00650798 -5.1217e-05 -0.00390987 0.000247686 0.00163666 -0.00261989 0.00153023 0.000536879 0.000621141 0.00359703 -5.87753e-05 0.00353031 -0.00184031 0.00168575 0.00100517
internal_weight=121877 67964.7 53912.7 21126.7 32786 47743.3 13612.3 34131 18130.9 31348 10720.8 9833.63 6267.5 20221.4 5528 2642.42 17724.8 3697.53 9914.77 2885.58 2982.9 14693.4 8341.96 9330.07 1727.25 7602.82 1271.65 4266.15 16406.2 11423.6
internal_count=488248 272293 215955 84588 131367 191119 54481 136638 72576 125612 42975 39421 25140 81174 22211 10624 70939 14796 39685 11587 11939 58963 33454 37344 6918 30426 5090 17100 65699 45740
is_linear=0
shrinkage=0.03


Tree=34
num_leaves=31
num_cat=0
split_feature=23 25 41 13 6 23 13 36 14 10 24 25 7 7 26 41 41 33 24 15 9 41 9 15 15 15 43 6 20 15
split_gain=138.405 63.8825 28.8906 50.3369 32.2618 27.8691 35.7979 25.757 27.8919 26.4064 24.3753 37.3202 23.8375 21.7833 20.9813 19.186 28.1589 25.1777 22.2309 17.5323 17.343 30.3201 19.4401 31.4774 16.9329 16.5105 16.2218 16.1229 18.3104 15.8535
threshold=0.23729061335325244 0.84220048785209667 1.0000000180025095e-35 -7.8985207080841056 -0.44988925755023951 0.91985329985618602 -8.7288603782653791 0.94842463731765758 -7.797273874282836 0.67519104480743419 1.2735037207603457 0.15587799251079562 0.3485246747732163 -0.26403641700744623 0.54281312227249157 -0.87837970256805409 -0.60785761475563038 -0.27376660704612726 1.378314256668091 -7.5853483676910392 -1.7856240868568418 1.0000000180025095e-35 -0.90625622868537892 -7.6836895942687979 -7.2868137359619132 -7.4162905216217032 0.16666667163372043 -1.2076878547668455 0.91701442003250133 -7.227548122406005
decision_type=2 2 2 2 2 2 2 2 2 2 2 2 2 2 2 2 2 2 2 2 2 2 2 2 2 2 2 2 2 2
left_child=2 5 4 -4 15 7 -7 8 9 13 11 25 -8 14 -2 18 17 -17 -1 -20 21 -10 23 -22 -13 -5 -14 -12 -29 -21
right_child=1 -3 3 10 -6 6 12 -9 20 -11 27 24 26 -15 -16 16 -18 -19 19 29 22 -23 -24 -25 -26 -27 -28 28 -30 -31
leaf_value=-0.0020506157660794911 -0.0029547946363267827 -0.0021558964307934157 -0.0022215203782956681 -0.00046640327167899484 9.170707270725585e-06 0.0050428667706981138 0.0009108580384474765 0.0011929664384768286 0.0017747130560220314 -0.003457386833992234 0.0049312458875384992 -0.0013937915618353288 -0.0072491764905161611 9.751224270465154e-05 0.0034448410844217735 0.0072885988983617924 0.0027507576720893485 3.6573607229457096e-05 -0.00093460186936315435 0.0074323357598307322 -0.0036792812503664654 -0.0082193176493562184 1.656014433072344e-05 0.003146521362326194 -0.0082886391728834198 0.0061381886278224114 -0.0028518064384468805 0.0059569342979971822 0.00076525290381731495 0.0011616854515824056
leaf_weight=1190.6714325100183 4513.4835045784712 19623.500631272793 3866.9890845119953 642.66999320685863 3625.385189846158 569.71553210914135 1251.9864114820957 12361.342342957854 509.87752388417721 3848.4569911062717 2247.8391249924898 865.03841052949429 941.14606150984764 10456.726850241423 505.00149773061275 2737.7784977555275 6802.6694230288267 511.10970659554005 685.42117375135422 871.67206631600857 709.41787911951542 571.33448761701584 28525.982534646988 3957.438777461648 504.17560163140297 711.73510780930519 3827.0689370334148 745.07562470436096 3234.6784632652998 623.95116762816906
leaf_count=4780 18067 78712 15496 2579 14522 2281 5011 49479 2042 15407 9034 3465 3769 41849 2023 11009 27297 2047 2751 3498 2840 2287 114177 15847 2020 2858 15326 2983 12962 2505
internal_value=-6.26637e-05 -0.000637774 0.00171181 0.000635037 0.00252055 -0.000226902 -0.00208558 -4.09147e-05 -0.000325656 -0.00123678 0.00187019 -0.000495935 -0.00276742 -0.000682666 -0.00230524 0.00319831 0.00385492 0.00615134 0.00123525 0.00303024 0.000188242 -0.00353326 0.000310493 0.00210327 -0.00397432 0.00302384 -0.00373311 0.00290415 0.00174972 0.00484141
internal_weight=122039 92172.5 29866.9 12818.2 17048.7 72549 6589.92 65959.1 53597.7 19323.7 8951.21 2723.62 6020.2 15475.2 5018.49 13423.3 10051.6 3248.89 3371.72 2181.04 34274.1 1081.21 33192.8 4666.86 1369.21 1354.41 4768.21 6227.59 3979.75 1495.62
internal_count=488923 369117 119806 51397 68409 290405 26387 264018 214539 77346 35901 10922 24106 61939 20090 53887 40353 13056 13534 8754 137193 4329 132864 18687 5485 5437 19095 24979 15945 6003
is_linear=0
shrinkage=0.03


Tree=35
num_leaves=31
num_cat=0
split_feature=34 34 40 39 40 34 12 30 24 12 24 10 28 11 15 11 16 4 42 40 14 34 21 18 39 39 14 30 36 31
split_gain=156.022 57.277 51.0088 46.924 37.609 34.4069 33.2497 32.4011 28.22 31.4824 33.9872 27.2169 27.2099 25.633 28.737 24.7237 24.5761 27.7908 23.6896 26.5676 23.2499 23.8823 23.0254 21.5297 21.1847 27.4351 30.1193 20.2925 20.2487 19.4496
threshold=0.095971908420324339 -0.52223506569862355 -0.99638012051582325 -0.66750615835189808 0.99771150946617138 0.64794650673866283 -6.5365560054779044 0.57739835977554332 0.90223756432533275 -7.6189305782318106 3.4263769388198857 0.29042874276638037 0.14563807100057605 0.1297421529889107 -7.9467134475707999 -0.63693827390670765 -0.32462511956691736 0.22226390242576602 1.0000000180025095e-35 -0.71477618813514698 -7.4379637241363517 -0.085223775357007966 0.49020628631114965 0.99787449836730968 -0.38066601753234858 -0.2185685262084007 -8.2455620765686017 -0.89356139302253712 -0.66669934988021839 -0.39061500132083887
decision_type=2 2 2 2 2 2 2 2 2 2 2 2 2 2 2 2 2 2 2 2 2 2 2 2 2 2 2 2 2 2
left_child=1 7 -3 20 5 12 -7 -1 11 10 15 23 13 14 -2 28 -14 -18 19 -17 21 -4 -16 -5 -20 -26 27 -27 -10 -22
right_child=4 2 3 8 -6 6 -8 -9 9 -11 -12 -13 16 -15 22 18 17 -19 24 -21 29 -23 -24 -25 25 26 -28 -29 -30 -31
leaf_value=0.0036435647985033214 0.002816429883429132 0.006066348229135583 0.0044992680547334936 0.0014771819555653681 -0.0066408157594572293 -0.0032313300052437067 0.0045029383173599332 0.00012318300733278148 -0.0014831413510944594 0.001500444926517245 0.0070869490726109402 -0.0079902639258280991 0.0036346006877542459 -0.0019615949050177175 0.0010137387161207882 0.00056127421435931985 0.0018112788165082746 -0.0017168977912142848 0.0036454901029901506 -0.0030841811450360891 0.0040612595426193551 0.00082379726927697705 -0.0016426803418278738 -0.0039595700446528621 -0.0063815201944621086 0.00021379616017662341 0.0013121037401288963 -0.0049369221067768381 0.0021366291785798607 0.00014196385599185595
leaf_weight=9807.6269650161266 2313.721170142293 1478.8623618334532 4342.6203116327524 1262.6064085662365 1099.0414510816336 8241.4891612976789 523.98807319998741 3095.66757632792 2002.880794107914 10845.539407670498 521.68468943238258 692.8722622692585 1994.810644865036 16266.744423434138 4304.7988559603691 2395.7099433094263 3744.1471717953682 4313.1069844663143 1201.1919058263302 7183.4178097844124 1355.3917660117149 2516.10720731318 9193.2779943645 1344.5045378655195 668.67066690325737 1262.496628805995 4943.4238371402025 1501.7686851322651 4499.0014977008104 6894.6294431090355
leaf_count=39438 9261 5920 17395 5054 4408 33095 2098 12437 8020 43429 2088 2773 7986 65168 17226 9587 14986 17274 4809 28749 5430 10068 36804 5384 2677 5054 19786 6012 18012 27609
internal_value=6.93686e-05 0.000995864 0.000586476 0.000439218 -0.00117464 -0.00105532 -0.00276438 0.00279973 -9.51465e-05 0.000142071 -0.000421013 -0.00274911 -0.000699173 -0.00112588 -0.000265417 -0.000576365 0.000662305 -7.7167e-05 -0.00111877 -0.00217283 0.00186457 0.00315409 -0.000795373 -0.001331 -6.33724e-05 -0.000598946 -8.96672e-05 -0.00259219 0.00102101 0.00079
internal_weight=121812 69816.7 56913.4 55434.5 51995.1 50896.1 8765.48 12903.3 40325.8 37025.8 26180.2 3299.98 42130.6 32078.5 15811.8 25658.6 10052.1 8057.25 19156.7 9579.13 15108.7 6858.73 13498.1 2607.11 9577.55 8376.36 7707.69 2764.27 6501.88 8250.02
internal_count=488037 279731 227856 221936 208306 203898 35193 51875 161434 148223 104794 13211 168705 128459 63291 102706 40246 32260 76674 38336 60502 27463 54030 10438 38338 33529 30852 11066 26032 33039
is_linear=0
shrinkage=0.03


Tree=36
num_leaves=31
num_cat=0
split_feature=34 25 39 10 16 33 35 15 24 30 9 15 19 21 42 30 42 26 36 10 30 12 12 10 9 12 24 39 39 29
split_gain=144.726 66.4387 38.5516 37.345 28.5894 24.7866 30.4835 23.0279 22.3215 25.2048 21.4743 20.2442 19.2894 20.1194 19.3031 22.4807 20.985 19.3757 18.0154 17.9332 17.8974 19.297 22.1959 17.6634 23.4905 17.6167 18.4216 30.1663 17.4273 16.9328
threshold=-0.34000681340694422 0.83863443136215221 -0.45204447209835047 -0.23573387414216992 -0.19535953551530835 0.40098799765110021 0.74031218886375438 -6.76519751548767 0.82489135861396801 0.91149383783340465 0.36337547004222875 -8.4573092460632306 0.9764753282070161 0.12808237969875338 0.81174489855766307 -0.47345292568206782 1.0000000180025095e-35 -1.3421318531036375 0.99998164176940929 -2.2790106534957881 1.0109549760818484 -7.6125965118408194 -8.0596699714660627 0.6036181151866914 -0.67309680581092823 -7.1672582626342765 2.5397636890411381 0.891992747783661 -0.64778602123260487 -0.4872825145721435
decision_type=2 2 2 2 2 2 2 2 2 2 2 2 2 2 2 2 2 2 2 2 2 2 2 2 2 2 2 2 2 2
left_child=4 2 5 19 25 6 18 11 -5 23 -7 -6 13 -3 15 16 -15 -16 -2 -4 21 22 29 -10 -25 26 27 -1 -24 -13
right_child=1 12 3 8 7 10 -8 -9 9 -11 -12 20 -14 14 17 -17 -18 -19 -20 -21 -22 -23 28 24 -26 -27 -28 -29 -30 -31
leaf_value=0.0013145028264520933 0.0006779063599324334 0.0023321231830571768 -0.0038119441785706507 -0.0051581737685647121 0.008419310345838869 -4.3857271106015848e-05 0.0077701696312571407 0.0085003131889587955 -0.00052804847222723294 0.0035686553831347132 -0.0051456068883815979 0.0065775443331763462 -0.0003765863600927089 -0.0026044476705859181 -0.00072043556117651526 -0.0013721704277564349 -0.0068203998433690374 -0.0076318078513084309 0.0031456520874306904 0.00071399829396633985 -0.0003804766800461157 0.0037647838964379671 0.0050030498480581713 0.0028663028919242916 -0.002333609039101557 -0.0046805955974732055 0.0040578358922664986 -0.0038470989850281131 -0.00074263758688008206 0.0012775813198589595
leaf_weight=5353.6706811636686 19657.095238909125 719.6023338586092 815.72334872186184 1224.4558148831129 508.34347321093082 2712.1525783240795 607.4351851940155 606.2894824296236 15904.350055903196 1021.7488421648741 1012.5794084370136 1063.8844971507788 4901.6904169619083 3339.0960926562548 510.79425908625126 7870.2236380577087 1565.3469804525375 1289.5366591066122 3071.6049781292677 17260.727960780263 1855.6793750822544 7567.3937886804342 546.11341454088688 825.75370879471302 12489.708074331284 511.53516060113907 1450.9235383868217 1248.1346107423306 3251.6729478985071 1108.6234523504972
leaf_count=21479 78676 2881 3265 4900 2043 10856 2431 2437 63655 4089 4056 4278 19673 13390 2050 31562 6283 5184 12294 69082 7449 30412 2195 3305 50003 2053 5820 5002 13056 4449
internal_value=4.11236e-05 -0.000485056 -8.14072e-05 -0.000578768 0.00207199 0.000829028 0.00119179 0.00280136 -0.00120292 -0.00104112 -0.00144085 0.00257887 -0.00201527 -0.00253986 -0.00278184 -0.00236847 -0.00396119 -0.00568571 0.00101264 0.000507765 0.00238065 0.00275914 0.00148031 -0.00120348 -0.00200923 0.000664487 0.00100941 0.00033431 9.4549e-05 0.00389124
internal_weight=121872 96799.6 76603.3 49542.5 25072.3 27060.9 23336.1 16508 31466 30241.6 3724.73 15901.7 20196.3 15294.6 14575 12774.7 4904.44 1800.33 22728.7 18076.5 15393.4 13537.7 5970.29 29219.8 13315.5 8564.26 8052.73 6601.81 3797.79 2172.51
internal_count=488308 387635 306612 198299 100673 108313 93401 66319 125952 121052 14912 63882 81023 61350 58469 51235 19673 7234 90970 72347 61839 54390 23978 116963 53308 34354 32301 26481 15251 8727
is_linear=0
shrinkage=0.03


Tree=37
num_leaves=31
num_cat=0
split_feature=34 34 11 40 41 13 11 40 14 39 40 14 40 31 9 24 6 30 32 28 40 30 24 40 9 11 25 30 14 40
split_gain=153.25 41.6267 42.1354 53.7991 38.1139 38.8548 37.1544 32.0099 30.3314 26.8481 33.9015 25.7978 25.6166 24.6555 25.0152 23.5377 23.4334 21.6993 21.135 20.9957 20.5282 30.4893 19.976 19.8824 22.3412 28.5286 22.1091 21.4954 41.6084 26.6816
threshold=-0.21392227709293363 0.49785454571247106 0.15985275059938434 0.99873894453048717 0.6078576147556306 -7.8570208549499503 0.62253546714782726 0.4636815637350083 -6.9621477127075186 0.891992747783661 -0.3440686017274856 -7.4140572547912589 0.30278503894805914 -0.5310358703136443 -0.51336136460304249 2.5123831033706669 -1.9494820237159727 0.65293243527412426 0.88849714398384105 -2.2974799871444698 -0.75039777159690846 -1.2280620336532591 0.9866139590740205 -0.30694064497947687 0.3536978960037232 -0.6897451877593993 0.7166557013988496 -0.50211447477340687 -6.9974820613861075 0.48671542108058935
decision_type=2 2 2 2 2 2 2 2 2 2 2 2 2 2 2 2 2 2 2 2 2 2 2 2 2 2 2 2 2 2
left_child=4 2 18 7 9 6 -6 11 -3 13 -11 19 22 -1 17 -9 -7 20 23 -4 -15 -22 -13 -2 25 27 -27 -25 29 -29
right_child=1 8 3 -5 5 16 -8 15 -10 10 -12 12 -14 14 -16 -17 -18 -19 -20 -21 21 -23 -24 24 -26 26 -28 28 -30 -31
leaf_value=0.0046019291163631286 -0.00047165448902986154 -0.0025502608165604932 -0.0039556013262328077 -0.010350294954405802 -0.00050165318653962263 0.0072288073267537094 -0.0075201118919888156 -0.0028045402575906102 0.0014712257269726941 -0.0072104568486757283 0.0010575519996107263 -0.0047219188023595446 0.0067504772034059565 0.0014336247107679635 0.00085314242336774536 0.0017907376016159781 0.0008375339820969887 0.00041975276922732557 -0.0055067016280665113 -0.00058411082549722027 -0.00037712857580526481 0.0059498426467609481 0.0011840829587783726 0.0015113483989767833 -0.00035603572786176152 -0.00013068685513801449 0.0042933958271837236 0.0033095287762446922 -0.00088899812641953988 0.010048072457146033
leaf_weight=4698.8641670793295 13871.786274269223 14169.960839793086 1889.3626504838467 552.74456097185612 2249.9543850719929 546.96912388503551 963.14637942612171 9668.147645264864 1909.4629330188036 502.1703384667635 3462.1937350332737 561.5163741260767 672.83755928277969 2099.9912678003311 7512.4293227791786 1112.3964987099171 7139.3151214122772 2008.4638618528843 540.47698353230953 13370.460564121604 811.59725540876389 4361.5933106988668 5252.5463365167379 3265.4618217647076 7440.0425645112991 7056.5874774605036 1177.6577707380056 942.05551272630692 781.20916144549847 1238.1553460508585
leaf_count=18883 55506 56892 7563 2217 9016 2204 3858 38718 7651 2014 13881 2247 2693 8430 30126 4453 28624 8059 2163 53522 3256 17510 21022 13070 29779 28239 4713 3770 3127 4957
internal_value=-3.26314e-06 -0.000697204 -0.000378372 -0.00115274 0.0016279 0.000143192 -0.00262228 -0.000993308 -0.00207208 0.00226326 -5.27297e-06 -0.00033032 0.00125323 0.0026815 0.00214176 -0.00232915 0.00130115 0.00318271 0.000327165 -0.00100386 0.00394407 0.00495842 0.000606559 0.000416821 0.000979523 0.00166642 0.000506484 0.00319701 0.0050444 0.00716479
internal_weight=121830 85472.9 69393.4 33080 36356.7 10899.4 3213.1 32527.3 16079.4 25457.3 3964.36 21746.7 6486.9 21492.9 16794.1 10780.5 7686.28 9281.65 36313.4 15259.8 7273.18 5173.19 5814.06 35773 21901.2 14461.1 8234.25 6226.88 2961.42 2180.21
internal_count=488163 342302 277759 132435 145861 43702 12874 130218 64543 102159 15895 87047 25962 86264 67381 43171 30828 37255 145324 61085 29196 20766 23269 143161 87655 57876 32952 24924 11854 8727
is_linear=0
shrinkage=0.03


Tree=38
num_leaves=31
num_cat=0
split_feature=34 6 34 39 14 33 41 15 33 28 12 40 31 35 42 35 35 28 14 40 40 25 9 6 15 8 7 40 40 26
split_gain=104.131 47.6872 34.7626 33.9927 45.6159 25.8855 22.9268 27.2807 32.8459 22.8706 22.2654 38.6214 34.737 29.0342 29.8052 27.8338 21.4658 24.2792 20.0454 23.9726 19.9523 19.7044 19.3985 24.3611 19.3876 19.0338 25.4455 18.5786 18.1398 18.1338
threshold=0.065487615764141097 -1.3289610743522642 0.47436782717704779 -0.38066601753234858 -7.7233674526214591 -0.44346427917480463 1.0000000180025095e-35 -7.9561133384704581 -0.15229526907205579 0.16090151667594912 -7.879488229751586 0.49810825288295751 0.30231569707393652 0.12881922721862796 1.0000000180025095e-35 -0.18088675290346143 -0.56070053577423085 -2.6524906158447261 -6.9742131233215323 -0.54280677437782276 -0.98442420363426197 0.13051657378673556 -0.11270714178681372 -0.46046148240566248 -7.8099305629730216 -0.79446035623550404 -0.94415888190269459 0.96185845136642467 1.0000000180025095e-35 -1.5400265455245969
decision_type=2 2 2 2 2 2 2 2 2 2 2 2 2 2 2 2 2 2 2 2 2 2 2 2 2 2 2 2 2 2
left_child=1 -1 9 10 6 -6 -5 -8 28 -2 12 13 22 21 -15 -13 -7 -18 19 20 -4 -12 -3 -24 -19 -23 -27 -11 -9 -17
right_child=2 3 18 4 5 16 7 8 -10 27 11 15 -14 14 -16 29 17 24 -20 -21 -22 25 23 -25 -26 26 -28 -29 -30 -31
leaf_value=0.0027673053797871677 -0.00088927295858811436 0.0034474867992914135 -0.0047206043158990454 -0.00036562001177341486 0.0035933152547276978 -0.0023020213625618933 -0.0058051258963408726 -0.001652995984702489 0.0012255179549273691 0.0013115917508273417 0.0020501076585549539 0.0059642309375709333 0.0083170186977908032 0.00058070420901584199 0.0093931893532214362 0.0051975785554253442 -0.0041807752856501523 -0.0042295267197072018 0.0005608770734109481 -0.0033629063962237111 3.2758288264766163e-05 -0.0038065686414012964 0.0033525903570652952 -0.0024767360315182739 0.0016399395533062433 0.0049349618374532845 -0.001239957654921181 -0.0044936169273483342 -0.006560421392559467 -0.001596059155210106
leaf_weight=9003.4402474313974 30024.414576947689 3378.3827249407768 967.66545478999615 12771.899396568537 2892.8683990985155 2110.2519550919533 1696.2594407051802 1746.0632191747427 2316.7083816379309 7387.0358747690916 1809.8765305280685 1851.0693817287683 876.93628191947937 976.16935956478119 525.79069495201111 509.10871838033199 755.53302530944347 523.47316843271255 2181.254899725318 10100.151745066047 4247.3215986341238 2158.148910805583 1114.9480854868889 1502.9773728847504 10213.502737268806 672.42802551388741 5004.0496811568737 522.1205470263958 1108.237947255373 1099.8561970889568
leaf_count=36219 120202 13536 3885 51155 11606 8454 6790 6991 9270 29563 7266 7426 3511 3908 2105 2038 3024 2095 8740 40558 17048 8647 4466 6015 40888 2696 20033 2091 4438 4404
internal_value=-6.11625e-05 0.000738111 -0.00102172 0.000420583 -0.000141285 0.00102142 -0.0011179 -0.00251444 -0.00142587 -0.000511234 0.00136542 0.000701967 0.00277228 -0.000158317 0.00370741 0.00346583 0.000472219 0.000983183 -0.00212758 -0.00251059 -0.000856597 -0.000763552 0.00194889 9.22573e-06 0.00135011 -0.00141532 -0.000501093 0.000923172 -0.00357465 0.00057241
internal_weight=122048 66618 55430 57614.5 36134.8 16495.6 19639.2 6867.27 5171.01 37933.6 21479.7 14606.5 6873.24 11146.5 1501.96 3460.03 13602.8 11492.5 17496.4 15315.1 5214.99 9644.5 5996.31 2617.93 10737 7834.63 5676.48 7909.16 2854.3 1608.96
internal_count=489068 266981 222087 230762 144711 66067 78644 27489 20699 151856 86051 58523 27528 44655 6013 13868 54461 46007 70231 61491 20933 38642 24017 10481 42983 31376 22729 31654 11429 6442
is_linear=0
shrinkage=0.03


Tree=39
num_leaves=31
num_cat=0
split_feature=34 34 16 11 9 20 39 16 1 22 10 15 13 10 13 11 41 5 22 39 28 17 21 42 15 11 34 15 15 7
split_gain=109.297 46.6102 41.179 38.1846 28.0194 25.6747 32.4809 25.0125 23.9431 21.2324 19.9939 24.1111 27.2606 35.1316 19.666 18.7331 18.4466 17.5757 21.3321 18.2375 18.5516 23.7896 17.3825 17.3979 21.7637 20.6821 16.9673 16.5204 20.5939 20.1167
threshold=-0.32801353931426996 0.64794650673866283 -0.19535953551530835 -0.14973641932010648 1.9855242371559145 0.90641677379608165 -0.45204447209835047 0.091137569397687926 0.050677964463830001 0.88672253489494335 1.1234869956970217 -7.227548122406005 -8.0344243049621564 1.3450040817260744 -6.6910459995269767 0.52738249301910411 -0.60785761475563038 -0.42769522964954371 1.2495768070220949 0.08063365146517755 -2.2974799871444698 0.068812858313322081 0.77142935991287243 1.0000000180025095e-35 -7.3603358268737784 -0.11086526885628699 -0.054055687040090554 -7.5814585685729972 -7.2668998241424552 1.3811809420585635
decision_type=2 2 2 2 2 2 2 2 2 2 2 2 2 2 2 2 2 2 2 2 2 2 2 2 2 2 2 2 2 2
left_child=2 3 -1 7 5 8 9 -2 15 -7 17 12 -12 -14 16 -5 -3 18 26 -19 -21 -22 23 24 -4 -26 -8 29 -29 -18
right_child=1 14 22 4 -6 6 10 -9 -10 -11 11 -13 13 -15 -16 -17 27 19 -20 20 21 -23 -24 -25 25 -27 -28 28 -30 -31
leaf_value=0.00013662522730698666 0.0009620863524104807 -0.0052383933344008829 0.00081217263741362937 -0.0016116341542920312 0.003338196178099159 0.0062642906434946799 0.00048231470803518036 -0.0010668359098030958 -0.00057926690860081182 0.00043778777191035256 -0.0047405430612713047 -0.0063586985179325808 -0.0053176180323414477 0.0033653118902483201 0.0029330570164249566 -0.0048225727239822906 -0.0034365369590336004 -0.0029580489421452451 0.0022429400355008884 -0.0038597408054577304 0.00055498135546549001 -0.0039881574055454306 -0.00073816300643286977 0.0041132275708848365 0.0019787226878997845 0.006370221942220246 -0.0049493938700882366 -0.0056103386832625016 -0.00072930240963049926 0.0015354301119377073
leaf_weight=8987.9056735187769 28131.803307235241 2140.6815823465586 5276.2142555117607 3201.3140446543694 1482.3938975036144 577.01783142983913 1371.6742591559887 6778.6514504551888 5506.3993290066719 13766.372338831425 1389.9900972098112 1291.8006925880909 592.13193476200104 1372.5449508875608 559.03540720045567 3365.0528217405081 1199.6657533049583 4065.2295709699392 3324.3048855513334 1332.8731788992882 7514.57330699265 1193.2058049142361 1260.8496298640966 6463.5945878475904 2429.0023817121983 1607.1813330054283 819.7227811217308 1808.4788900464773 1365.5166677832603 1846.7407813966274
leaf_count=36058 112612 8607 21192 12814 5937 2310 5489 27133 22048 55119 5569 5174 2372 5498 2238 13473 4820 16284 13305 5337 30095 4779 5053 25996 9767 6460 3281 7265 5486 7419
internal_value=5.58936e-05 -0.000411626 0.00177992 -0.000199919 -0.000713783 -0.000832929 -0.000455118 0.000567933 -0.00203988 0.000676382 -0.00112388 -0.00289139 -0.00154129 0.000734696 -0.00247575 -0.00326197 -0.00284046 -0.000704071 0.000730843 -0.00126527 -0.000577646 -7.14145e-05 0.00264627 0.00291705 0.00208329 0.00373881 -0.00156275 -0.00200816 -0.0035193 -0.000427353
internal_weight=122022 95997.2 26024.7 87077.1 52166.6 50684.2 38611.4 34910.5 12072.8 14343.4 24268.1 4646.47 3354.67 1964.68 8920.12 6566.37 8361.08 19621.6 5515.7 14105.9 10040.7 8707.78 17036.8 15776 9312.4 4036.18 2191.4 6220.4 3174 3046.41
internal_count=488990 384464 104526 348629 208884 202947 154612 139745 48335 57429 97183 18613 13439 7870 35835 26287 33597 78570 22075 56495 40211 34874 68468 63415 37419 16227 8770 24990 12751 12239
is_linear=0
shrinkage=0.03


Tree=40
num_leaves=31
num_cat=0
split_feature=34 40 41 15 41 6 11 39 14 14 36 34 34 11 13 10 23 39 10 41 15 39 24 29 29 40 10 14 24 40
split_gain=115.127 40.7671 39.6981 32.6511 31.4532 47.6888 34.2188 32.2503 39.6923 29.6177 28.5729 26.9374 25.643 24.0808 33.0027 23.9719 23.1229 21.9442 20.5406 20.1947 49.4977 38.7743 20.1612 20.8658 23.6763 20.4181 19.8549 19.7984 19.3036 19.0017
threshold=-0.045393859967589371 0.99771150946617138 -0.60785761475563038 -6.76519751548767 -0.87837970256805409 -0.72839823365211476 0.070742268115282073 0.89783340692520153 -7.8079423904418936 -8.176656246185301 0.9615468978881837 -0.66005682945251454 0.84733542799949657 -0.12997487187385556 -6.7158908843994132 0.40090075135231024 0.23309092223644259 0.62080430984497081 0.61513295769691478 0.6078576147556306 -7.8099305629730216 1.0000000180025095e-35 1.6992918848991396 -0.29950261116027826 0.69420075416564953 0.52063590288162243 0.80012559890747081 -7.8079423904418936 0.89257565140724193 -0.36852931976318354
decision_type=2 2 2 2 2 2 2 2 2 2 2 2 2 2 2 2 2 2 2 2 2 2 2 2 2 2 2 2 2 2
left_child=2 10 4 11 7 16 17 -1 -9 -8 13 -4 -12 22 -15 -16 -6 -7 -3 28 21 -21 26 -24 25 -25 29 -23 -13 -2
right_child=1 18 3 -5 5 6 9 8 -10 -11 12 19 -14 14 15 -17 -18 -19 -20 20 -22 27 23 24 -26 -27 -28 -29 -30 -31
leaf_value=0.0019637653902279477 -0.00027663462271281409 -0.0027755395572914617 0.0024855180702985338 0.005021761895657232 0.0081738739764183211 0.006592798963747792 -0.0046427536613532095 -0.0087446363327874782 0.0021250484144255039 0.0021882204568292548 0.00101857266417402 -0.0027048575035530788 -0.0045492622961980367 -0.0015782888664687303 -0.0022873889143892033 0.0051684770654390096 0.002006846995739739 -4.7183489853097022e-05 -0.010098093047396187 0.00054017624899292064 0.0002191550148719341 -0.0047276866665070996 0.0018063790235512784 -0.0043213195561383894 0.0016259898244616224 -0.00035296005449448638 -0.0028183188018327076 -0.011606979261459835 0.0010458659413559563 0.0023419666610531844
leaf_weight=6463.2460509538651 4375.5487339943647 910.54761637747288 5295.0788524895906 1487.1358956694603 2345.601975902915 1492.685497790575 962.94959501922131 602.03605791926384 591.32219694554806 1374.1363226920366 12430.664676576853 1315.7445195913315 782.011071652174 31849.616088911891 577.03225131332874 1146.4992250800133 723.035949036479 637.99375905096531 556.22632913291454 955.13935419917107 10233.08819103241 1207.4544604718685 1658.836221024394 3232.1361865848303 1307.5312712937593 1826.0342652052641 1221.9462953805923 556.63944616913795 18118.665367409587 5783.9130217134953
leaf_count=25923 17514 3650 21320 5964 9448 5984 3856 2412 2370 5503 49795 5270 3144 127623 2309 4589 2900 2556 2234 3824 40984 4833 6640 12942 5240 7314 4895 2228 72588 23155
internal_value=0.000153995 -0.000671964 0.00118191 0.000676685 0.00248314 0.00385792 0.00187325 0.00112667 -0.00338569 -0.000634135 -0.000561889 0.000503917 0.000685841 -0.000873136 -0.00135929 0.00267348 0.00673203 0.00461364 -0.00560196 0.000179267 -0.000738027 -0.00432772 -3.18074e-05 -0.00118258 -0.00196309 -0.00289224 0.000779881 -0.00695156 0.000790675 0.00121501
internal_weight=122020 67658.5 54362 39168.9 15193 7536.4 4467.77 7656.6 1193.36 2337.09 66191.8 37681.8 13212.7 52979.1 33573.1 1723.53 3068.64 2130.68 1466.77 32386.7 12952.3 2719.23 19405.9 8024.54 6365.7 5058.17 11381.4 1764.09 19434.4 10159.5
internal_count=489007 271044 217963 157011 60952 30247 17899 30705 4782 9359 265160 151047 52939 212221 134521 6898 12348 8540 5884 129727 51869 10885 77700 32136 25496 20256 45564 7061 77858 40669
is_linear=0
shrinkage=0.03


Tree=41
num_leaves=31
num_cat=0
split_feature=34 35 41 30 24 41 31 9 41 14 28 3 9 3 14 30 35 9 5 31 24 42 15 25 20 21 30 14 20 18
split_gain=103.677 37.173 40.2233 28.2434 27.237 23.4158 32.4078 27.2278 24.3124 23.69 23.3759 22.2905 20.9435 21.4481 20.1334 19.4137 20.3288 19.062 18.7348 18.2062 17.0114 18.5256 25.7601 21.9948 19.9212 16.9009 16.8406 16.3913 16.1703 18.3626
threshold=-0.1763290539383888 0.26178634166717535 1.0000000180025095e-35 0.95925211906433117 2.6228704452514653 -0.60785761475563038 -0.53937286138534535 -0.69606295228004444 -0.87837970256805409 -8.0258331298828107 -1.4838711023330686 -1.5283489823341367 -1.8802271485328672 -0.77052146196365345 -7.1576809883117667 -0.78605762124061573 -0.56070053577423085 1.1239517331123354 -0.25235751271247858 0.11058710888028146 0.91226705908775341 1.0000000180025095e-35 -8.2525711059570295 0.67429029941558849 0.89047428965568554 0.1850799769163132 -1.3700054287910459 -7.1814703941345206 1.2615746855735781 1.7138174176216128
decision_type=2 2 2 2 2 2 2 2 2 2 2 2 2 2 2 2 2 2 2 2 2 2 2 2 2 2 2 2 2 2
left_child=5 11 14 4 -4 6 10 12 -8 18 -1 -2 13 -7 20 16 -14 28 -10 -6 -3 -22 -23 -24 -25 -11 -26 -9 -13 -30
right_child=1 2 3 -5 19 7 8 27 9 25 -12 17 15 -15 -16 -17 -18 -19 -20 -21 21 22 23 24 26 -27 -28 -29 29 -31
leaf_value=0.00062177902173107444 0.0039544926358014475 0.0027285491922081429 -0.0011958711493635227 0.0034615788921881097 0.0054222085102934182 0.0033330567638354346 0.00012151648556839835 -0.00046165939299827027 0.0030733418498087033 0.0094383338080805193 0.0074410166173553074 -0.00056070366288783313 0.004328058124727573 -0.004332936098061989 4.9128972818410932e-05 0.0028550091998677577 -0.001805283133073342 -0.0037588995413592751 -0.0027531010150350517 -0.000473214355048227 -0.0017630768261176198 -0.00090439259749184025 -0.0015985891962525857 -0.0099419245350921125 -0.00067214123136720145 0.0033967231847065074 -0.0057582082234573723 0.002076625527201597 0.0011268814142900666 -0.0010395653527515052
leaf_weight=622.81712916493416 1199.5096611380577 499.95453922450542 11917.988601893187 1662.8576131463051 1002.3980305492878 499.78331530094147 4721.0794547051191 13379.390034079552 1610.4096140563488 715.80525705218315 1662.6313528567553 25495.120875775814 656.45990812778473 917.06351195275784 2857.763752758503 9270.7731523960829 1789.9012271016836 1285.4257373809814 707.24575619399548 879.54278193414211 7496.4926091581583 2066.7043040692806 1514.4280712902546 843.29829275608063 717.27383576333523 1022.9568451493979 3260.547771140933 2752.0114008933306 14335.774002090096 4657.8121131807566
leaf_count=2499 4801 2005 47762 6656 4014 2009 18941 53629 6476 2880 6696 102037 2635 3677 11454 37219 7174 5147 2834 3525 30064 8292 6065 3384 2881 4105 13104 11041 57382 18648
internal_value=-1.25813e-06 -0.000615656 -0.00135987 -0.000220072 -0.000665887 0.00124317 0.00241841 0.000798227 0.00158628 0.00328655 0.00559348 -6.54207e-05 0.00181179 -0.0016244 -0.00227452 0.00222832 -0.000148534 -0.000171603 0.00129118 0.00267899 -0.00267925 -0.00285091 -0.00381822 -0.00476581 -0.00575534 0.00592365 -0.00484508 -2.76106e-05 -6.71328e-05 0.000595334
internal_weight=122021 81692.9 34719.3 15462.8 13799.9 40328.3 11062.9 29265.4 8777.5 4056.42 2285.45 46973.6 13134 1416.85 19256.5 11717.1 2446.36 45774.1 2317.66 1881.94 16398.7 15898.7 8402.25 6335.55 4821.12 1738.76 3977.82 16131.4 44488.7 18993.6
internal_count=489036 327221 139206 61957 55301 161815 44431 117384 35236 16295 9195 188015 52714 5686 77249 47028 9809 183214 9310 7539 65795 63790 33726 25434 19369 6985 15985 64670 178067 76030
is_linear=0
shrinkage=0.03


Tree=42
num_leaves=31
num_cat=0
split_feature=35 33 40 40 35 40 24 23 17 16 42 16 23 22 39 40 41 42 15 39 23 17 40 17 11 35 17 24 28 16
split_gain=109.504 51.9231 43.0051 29.8601 34.4341 44.7165 30.7956 28.8302 25.2515 25.444 24.714 26.9963 26.2902 24.5085 26.0503 24.2119 21.5475 30.8118 33.4472 35.1098 27.8635 24.4934 23.962 34.1653 22.7913 21.4731 26.7612 23.1689 21.3065 21.2327
threshold=0.20887945592403415 -0.41366331279277796 0.47523921728134161 -0.30694064497947687 -0.28874909877777094 0.55375361442565929 1.7578046917915346 0.12825807929039004 0.20866444706916812 -0.1450148671865463 -0.56174489110708226 -0.43514695763587946 0.6800971031188966 1.586061477661133 -0.3440686017274856 0.01527100056409836 1.0000000180025095e-35 1.0000000180025095e-35 -8.6267547607421857 0.98664098978042614 0.80103442072868358 0.20866444706916812 -0.13268855959177014 -0.47462987899780268 0.55047646164894115 0.33501276373863226 0.57709577679634105 2.5664789676666264 0.87259536981582653 -0.31625980138778681
decision_type=2 2 2 2 2 2 2 2 2 2 2 2 2 2 2 2 2 2 2 2 2 2 2 2 2 2 2 2 2 2
left_child=1 -1 7 6 5 29 10 -2 9 -8 -3 -12 -13 -7 -15 -6 17 -9 -19 20 -20 22 23 -18 28 -4 27 -27 -23 -5
right_child=2 3 25 4 15 13 8 16 -10 -11 11 12 -14 14 -16 -17 21 18 19 -21 -22 24 -24 -25 -26 26 -28 -29 -30 -31
leaf_value=0.0021432433166604019 0.0037216642241963064 -0.0016603896220285408 -0.00070638104664496747 -0.0015072099022736896 0.0022966443247733064 0.0054133591003976828 -0.003112018925486992 -0.00011465345921128394 -0.0079152224940267218 0.0019173796345377538 0.0041634893713797362 0.0010983527662879065 -0.0019385864949870736 0.006373589385652292 -0.0014780805476645594 -0.00017967680588886698 0.0020303465697205573 0.0043006872146173734 -0.0011663869524361802 -0.010835117614556692 -0.0052840666334300693 -0.0037291825291602249 0.0016888499181788241 -0.0030228194709623615 0.0055792056795095765 -0.0043256287367309148 0.0025904605533963263 -0.00025857806375604854 0.0042907076471799515 0.0020177541402814632
leaf_weight=17706.737565517426 1378.0058542340994 5518.266353353858 4150.3441990464926 2812.3822532147169 4236.2077582776546 3920.7203534841537 3292.5622048079967 7391.82130625844 677.04888394474983 1239.4437947422266 1766.4515805542469 8741.0500421375036 3619.5523687750101 555.92336346209049 1151.3080840408802 21775.896242931485 1674.1891520768404 534.07038417458534 3737.7352693974972 523.72485856711864 2445.850392267108 656.60555635392666 3031.3617816567421 4227.523942232132 1316.2084205895662 7917.0625129193068 648.56660079956055 1500.5866800099611 529.38242839276791 3370.0651693791151
leaf_count=71192 5518 22088 16629 11261 16956 15713 13179 29630 2711 4963 7070 34996 14487 2230 4616 87173 6707 2140 14974 2101 9838 2629 12142 16936 5270 31776 2599 6016 2119 13503
internal_value=6.22959e-05 0.000709217 -0.00118573 0.000303816 0.000834539 0.00217717 -0.00050383 -0.000491687 -0.00255221 -0.00173535 4.033e-05 0.000705365 0.000208198 0.00410945 0.00110087 0.000224333 -0.00071575 -0.00147781 -0.00286722 -0.00344351 -0.00280099 0.000259867 -0.000475606 -0.00158834 0.00287702 -0.00252436 -0.00327247 -0.00367856 -0.000143447 0.000414411
internal_weight=122047 80383.6 41663 62676.9 37822.5 11810.4 24854.4 27446.5 5209.05 4532.01 19645.3 14127.1 12360.6 5627.95 1707.23 26012.1 26068.5 14633.2 7241.38 6707.31 6183.59 11435.3 8933.07 5901.71 2502.2 14216.6 10066.2 9417.65 1185.99 6182.45
internal_count=489162 322138 167024 250946 151452 47323 99494 110004 20853 18142 78641 56553 49483 22559 6846 104129 104486 58683 29053 26913 24812 45803 35785 23643 10018 57020 40391 37792 4748 24764
is_linear=0
shrinkage=0.03


Tree=43
num_leaves=31
num_cat=0
split_feature=34 34 11 40 20 40 6 42 40 17 26 28 40 14 40 25 7 35 35 10 14 23 28 30 17 35 30 28 29 29
split_gain=90.3733 44.3949 34.0595 37.6639 31.0541 27.8973 27.6776 27.2075 26.2913 37.157 23.2614 22.4539 21.5737 19.2911 18.6211 18.5215 23.6917 23.6631 22.5643 18.4751 17.9274 17.5457 17.0618 19.9319 18.1469 17.3216 16.8382 16.7575 16.3211 18.0904
threshold=-0.27893665432929987 0.37978707253932958 0.14985329657793048 0.99873894453048717 1.1266983747482302 0.45204447209835058 -0.32011389732360834 1.0000000180025095e-35 0.4166764914989472 -0.29876224696636194 -0.9927268624305724 -0.37370793521404261 0.36852931976318365 -7.7608726024627677 -0.94762688875198353 0.67429029941558849 0.74476346373558056 0.63964137434959423 0.22789236903190616 1.0459325909614565 -8.2257761955261213 0.13596376031637195 -1.8434367775917051 -1.0507872700691221 0.051624236628413207 -0.29937241971492762 -0.34548261761665339 0.35937896370887762 0.79245501756668102 0.74678015708923351
decision_type=2 2 2 2 2 2 2 2 2 2 2 2 2 2 2 2 2 2 2 2 2 2 2 2 2 2 2 2 2 2
left_child=6 2 10 4 15 12 7 8 13 -10 -2 -3 26 20 -9 27 17 18 -17 -12 -1 -22 -16 25 -25 -24 -6 -4 29 -13
right_child=1 11 3 -5 5 -7 -8 14 9 -11 19 28 -14 -15 22 16 -18 -19 -20 -21 21 -23 23 24 -26 -27 -28 -29 -30 -31
leaf_value=0.0021186769891419588 0.0011428215169178777 -0.002650058236802354 -0.0013462254678365231 -0.0087318879580946095 -0.00041379172295814782 -0.0015923275035793355 -0.00049160504381426948 0.0067283284244733154 -0.00039176042201806237 0.0049640252121861683 -0.00018862967433945689 -0.00055752664477926245 0.0068817253405189177 0.0010210267360979306 -0.0012508184953714614 -0.001673574632513597 0.0014432323046050649 0.00059239185064567591 -0.0071311268910263115 -0.0054630030540376217 -0.0008627671124038298 -0.0059654181248032069 0.010767732822850862 0.0010838097561446686 0.0041510118688612161 0.0030337931535269575 0.0019611355699504607 0.0033659678800057563 -0.0027483841366691651 0.0047451662197285551
leaf_weight=777.92692290246487 20982.809269234538 10784.952681407332 8910.8244622349739 526.54357680678368 5618.4237262457609 5479.8166848421097 5838.9008427560329 1067.8244537860155 1977.2010778188705 2826.20205552876 14116.944167822599 9748.7624704986811 527.39273296296597 6179.081531509757 948.09282654523849 1011.981599599123 785.61741961538792 733.32685115933418 2128.5647438317537 614.17673234641552 1400.5166909992695 1065.2056557238102 507.83621330559254 4027.671327367425 3054.5114257335663 546.96670004725456 5134.2929645180702 725.7044979184866 3014.7437576800585 605.57140721380711
leaf_count=3121 83980 43286 35663 2113 22489 21942 23398 4293 7941 11364 56498 39111 2111 24821 3807 4051 3147 2936 8529 2458 5626 4269 2046 16199 12281 2197 20549 2904 12111 2432
internal_value=-5.91642e-05 -0.000529166 -0.000133087 -0.000850645 -0.000714253 0.000161972 0.00136294 0.00180713 0.000959393 0.00276322 0.000501524 -0.00163219 0.00101486 3.79086e-05 0.00299285 -0.00174089 -0.00329204 -0.00425359 -0.00538343 -0.000412088 -0.00183229 -0.00308233 0.00254689 0.00299037 0.00241067 0.00682346 0.000720976 -0.00098824 -0.000809693 -0.00024312
internal_weight=121668 91450.4 67296.4 31582.5 31055.9 16759.9 30217.9 24379 14226.1 4803.4 35713.9 24154 11280.1 9422.73 10152.9 14296 4659.49 3873.87 3140.55 14731.1 3243.65 2465.72 9085.08 8136.99 7082.18 1054.8 10752.7 9636.53 13369.1 10354.3
internal_count=487673 366310 269370 126434 124321 67091 121363 97965 57142 19305 142936 96940 45149 37837 40823 57230 18663 15516 12580 58956 13016 9895 36530 32723 28480 4243 43038 38567 53654 41543
is_linear=0
shrinkage=0.03


Tree=44
num_leaves=31
num_cat=0
split_feature=23 34 35 9 5 11 40 24 12 28 10 35 11 11 25 10 15 11 15 40 40 40 40 31 41 41 30 25 27 24
split_gain=96.925 50.237 39.4175 40.2719 29.5804 24.1227 26.1064 29.3383 25.7128 25.53 28.5866 23.1832 22.9676 27.4079 20.3552 24.9155 21.0786 20.802 21.8458 21.252 19.7485 19.6959 22.1376 21.9789 19.6213 23.5853 18.9722 21.5783 20.1501 18.4661
threshold=0.23729061335325244 0.37380903959274298 -0.050459835678338998 0.3536978960037232 -0.38844273984432215 0.19881141930818561 -0.33174875378608698 1.870418429374695 -7.6813757419586173 -1.7210531234741209 0.77464371919631969 0.61628732085227977 0.52738249301910411 -0.42126213014125818 0.6531381905078889 0.29999704658985143 -7.5345563888549796 1.4000272750854494 -6.9941265583038321 -0.67719548940658558 -0.20577672123908994 -0.85828685760498036 0.25249098241329199 -0.71804648637771595 -0.87837970256805409 -0.60785761475563038 -1.3890372514724729 0.20345706492662433 0.12907963991165164 2.9437099695205693
decision_type=2 2 2 2 2 2 2 2 2 2 2 2 2 2 2 2 2 2 2 2 2 2 2 2 2 2 2 2 2 2
left_child=2 5 21 12 -3 6 7 -2 11 -8 29 -7 13 -4 15 17 -17 18 19 -10 -5 -1 23 -23 -25 -26 -24 -28 -29 -11
right_child=1 4 3 20 -6 8 9 -9 14 10 -12 -13 -14 -15 -16 16 -18 -19 -20 -21 -22 22 26 24 25 -27 27 28 -30 -31
leaf_value=0.0043238688936135918 7.9582794533373011e-05 0.0023800725284283167 -0.0052275138096768183 0.0039313127452237232 -0.0018853622079287827 -0.0017142889963434166 0.0028271237530315238 -0.0033664595978989474 -0.0041119539701142101 0.0010837665377386924 -0.003578972600466997 0.0024133064760204874 -0.0040144394559803584 0.0024355259921926336 -0.0012863514689604308 0.0083055762405279312 0.0021692647029475029 0.0045809208452194843 -0.0068197246654682856 0.0018082430320449166 0.00026631516509186031 0.0058469265426050465 -0.00057755613884278732 -0.0032570137273653004 0.0051789547223726621 0.00016880069750693194 0.0023820121344636943 0.0043311298306266226 0.010971421761989812 -0.0034371605032506732
leaf_weight=3510.8022333532572 12651.748966008425 1553.2641556113958 576.70712848007679 2163.3047012835741 23218.339112862945 16357.273784086108 5613.1147161126137 2687.4725601226091 791.08712890744209 16205.138447895646 1405.8070358783007 1315.0790578871965 2516.877829387784 1469.078718200326 3770.8040865957737 636.25593557953835 2344.1580833643675 663.70540310442448 513.70402173697948 1701.934185385704 3386.8949189782143 691.02470245957375 1145.4230679422617 1172.9445510804653 990.95049239695072 5454.462831273675 4464.785322830081 1687.3974232822657 547.05637866258621 846.46398910880089
leaf_count=14116 50636 6222 2310 8663 93202 65495 22469 10756 3167 64892 5627 5266 10083 5885 15098 2547 9384 2657 2057 6815 13565 2783 4599 4712 3994 21906 17978 6777 2195 3389
internal_value=1.84385e-05 -0.000461828 0.00150635 -1.58155e-05 -0.00161705 -3.77235e-05 0.000441059 -0.000525973 -0.000709269 0.00105727 0.000517803 -0.00140594 -0.00210133 0.000260394 0.000472323 0.00146987 0.00350263 -0.000185784 -0.00124969 -7.92803e-05 0.00169932 0.00228875 0.00184405 0.000763549 0.0002954 0.000945917 0.00298613 0.00359539 0.0059985 0.000857459
internal_weight=122053 92275.4 29777.7 10112.9 24771.6 67503.7 39409.7 15339.2 28094 24070.5 18457.4 17672.4 4562.66 2045.79 10421.6 6650.84 2980.41 3670.43 3006.73 2493.02 5550.2 19664.8 16154 8309.38 7618.36 6445.41 7844.66 6699.24 2234.45 17051.6
internal_count=489245 369679 119566 40506 99424 270255 157769 61392 112486 96377 73908 70761 18278 8195 41725 26627 11931 14696 12039 9982 22228 79060 64944 33395 30612 25900 31549 26950 8972 68281
is_linear=0
shrinkage=0.03


Tree=45
num_leaves=31
num_cat=0
split_feature=25 23 39 33 35 14 26 35 14 40 35 10 41 28 28 43 28 31 10 9 41 15 7 10 40 35 23 8 12 24
split_gain=85.0451 36.025 28.7837 33.4558 34.5493 26.1002 23.8115 26.9151 23.6531 29.1163 34.7953 29.3292 23.1729 28.506 25.0299 22.6303 20.9713 20.7063 19.6762 21.6002 19.5392 25.9035 29.9412 19.3119 43.0596 32.6867 24.834 20.6237 18.5635 18.1845
threshold=0.84220048785209667 0.12009462714195253 -0.41667649149894709 0.40760681033134466 0.61628732085227977 -7.3335187435150138 -2.2784018516540523 0.27175863087177282 -8.1078777313232404 0.49810825288295751 -0.3209328949451446 -0.91558194160461415 0.6078576147556306 1.0643364787101748 -1.3802194595336912 0.16666667163372043 -0.34570144116878504 -0.38424424827098841 1.1234869956970217 -1.7856240868568418 1.0000000180025095e-35 -7.9651918411254874 -1.6687903404235838 -0.2063212767243385 -0.45204447209835047 0.56491908431053173 0.54575392603874218 -0.92688959836959828 -9.0778894424438459 1.0538285970687868
decision_type=2 2 2 2 2 2 2 2 2 2 2 2 2 2 2 2 2 2 2 2 2 2 2 2 2 2 2 2 2 2
left_child=1 20 3 4 6 23 -3 8 -8 11 -11 16 15 14 -14 -2 -10 -12 19 -7 -1 -22 -23 28 25 -25 27 -26 -4 -21
right_child=12 2 5 -5 -6 18 7 -9 9 10 17 -13 13 -15 -16 -17 -18 -19 -20 29 21 22 -24 24 26 -27 -28 -29 -30 -31
leaf_value=0.0025423073200508749 -0.0048504901452140689 0.0032907802324862079 0.0042514766006248785 -0.0017992066058653453 0.006401396442367144 -0.0038995253365249 0.0039320014543511731 -0.0016357363660396997 -0.0062809354534429486 0.0066007028820934781 0.0063331143264463846 0.00068882340918392619 0.0033934707228585499 0.0046123541637519685 -0.0021330338862611659 -0.0018414465818082308 -0.00065468101425968637 -0.00033132119005582262 -0.0018390494258692419 -0.0023380386761123928 -0.0045544003268702324 0.0059756806199954271 0.00020922026227861596 -0.00017566356583157097 0.00056333919506357656 0.0058651292235198885 -0.00087685524802601222 -0.0038847575409774516 -0.00010108860513871452 0.0024671267718119538
leaf_weight=9392.9762772470713 2820.0944868177176 3472.6021731346846 920.40211036801338 3823.7521138340235 1089.9695861786604 587.87040597200394 2308.3656545579433 3914.8861767351627 994.90442885458469 1455.2125908583403 503.49961729347706 10509.74272352457 895.42692789435387 921.89960822463036 3980.1708319932222 11113.616757884622 1472.7701294720173 2289.4107895195484 1781.1909093111753 775.59829020500183 813.36714866757393 951.0418476909399 5174.7312730401754 9425.8355793356895 1078.3424439281225 871.51648081839085 7172.3734477460384 7085.8560167998075 16905.546322837472 7428.2968322336674
leaf_count=37778 11329 13906 3685 15313 4363 2355 9248 15671 3985 5844 2018 42091 3590 3694 15965 44647 5904 9166 7134 3106 3263 3835 20771 37736 4322 3491 28732 28372 67708 29758
internal_value=1.19213e-05 0.000360091 0.000114372 0.000829805 0.0011892 -0.000307223 0.000975873 0.000631795 0.00108685 0.000703512 0.0028561 -2.79011e-06 -0.00179073 -0.000196363 -0.0011132 -0.0024535 -0.00293924 0.000888437 0.00102892 0.00161139 0.00165113 0.000442887 0.00111276 -0.000632442 -0.00115964 0.000340793 -0.00216664 -0.00329727 0.000125904 0.00201055
internal_weight=121931 102200 85867.9 31835.1 28011.4 54032.8 26921.4 23448.8 19533.9 17225.5 4248.12 12977.4 19731.2 5797.5 4875.6 13933.7 2467.67 2792.91 10573 8791.77 16332.1 6939.14 6125.77 43459.9 25633.9 10297.4 15336.6 8164.2 17825.9 8203.9
internal_count=488780 409555 343908 127509 112196 216399 107833 93927 78256 69008 17028 51980 79225 23249 19555 55976 9889 11184 42353 35219 65647 27869 24606 174046 102653 41227 61426 32694 71393 32864
is_linear=0
shrinkage=0.03


Tree=46
num_leaves=31
num_cat=0
split_feature=35 40 40 42 23 35 40 15 24 9 16 13 41 13 40 42 41 13 11 41 15 40 13 40 15 40 13 15 24 40
split_gain=70.9831 52.5945 34.3203 42.1952 39.5967 34.3465 42.5251 36.795 33.3587 31.0741 30.7334 29.8366 28.1663 36.6458 27.4354 27.4285 38.9668 29.7988 26.6635 43.2497 25.9887 27.3648 25.4662 25.1139 25.0679 24.0807 22.4963 24.3534 22.3576 21.3054
threshold=0.24720958620309832 0.4636815637350083 -0.30694064497947687 1.0000000180025095e-35 0.48701505362987524 -0.28874909877777094 0.4636815637350083 -7.227548122406005 2.760342121124268 -1.6537142992019651 -0.19535953551530835 -7.6905457973480216 0.6078576147556306 -8.1949505805969221 0.99826323986053478 1.0000000180025095e-35 -1.0000000180025095e-35 -6.9084949493408194 -0.041561191901564591 1.0000000180025095e-35 -7.5575237274169913 0.74168145656585704 -8.845787048339842 -0.79202145338058461 -7.8561291694641104 0.5317668914794923 -7.8011329174041739 -7.3972718715667716 0.95672306418418895 -0.42853991687297815
decision_type=2 2 2 2 2 2 2 2 2 2 2 2 2 2 2 2 2 2 2 2 2 2 2 2 2 2 2 2 2 2
left_child=2 15 3 29 12 6 7 10 14 -8 -4 18 13 23 25 -2 -17 22 20 28 -7 -22 -18 -5 -13 -3 -12 -28 -20 -1
right_child=1 8 5 4 -6 11 9 -9 -10 -11 26 24 -14 -15 -16 16 17 -19 19 -21 21 -23 -24 -25 -26 -27 27 -29 -30 -31
leaf_value=-0.00085570459255507986 0.00057820027450404597 -0.0075564360795381336 -0.00046972784765028311 0.0035015843302761921 -0.00088342325071882693 0.0020034254019648495 -0.0013945205916386771 -0.0032671846659288587 0.0019697127926969647 0.0040033721568787954 0.006853370790215931 -0.004315497640112213 -0.00024218444513777522 0.005734426913919885 -0.0091795254811741396 -0.0043094357152195454 0.0053157383576744261 0.0062440861696043811 -0.0049698410965053558 -0.0042964665304099326 0.00091258300222733324 -0.0047161692674669046 -0.0013606511463993721 -0.0022845953162186341 0.0017807767498792919 -0.0023837194636235413 -0.00082374136236757487 0.0069328201613918124 0.00046806570779508625 -0.0041438652757572522
leaf_weight=17547.065917521715 14013.797157809138 872.80741469562054 3260.5893822461367 1508.0021825581789 6172.3195031732321 5892.2843554615974 1078.4840797036886 1858.8025084137917 1263.7171191722155 8400.9721271842718 1220.6616066545248 628.65706904232502 2713.5963698327541 3019.2741265147924 633.48813444375992 3034.5234171450138 548.81856960058212 570.20393922924995 750.96149963140488 3201.1772510409355 1933.9030101895332 1286.8961209058762 6452.8645133078098 1206.6595332473516 12507.285234898329 10255.511803925037 1199.6530361771584 512.08673532307148 6422.7252411842346 1964.3701896071434
leaf_count=70307 56165 3502 13066 6054 24706 23595 4332 7460 5066 33751 4903 2517 10880 12123 2548 12185 2199 2283 3008 12818 7743 5154 25877 4843 50097 41153 4817 2057 25729 7869
internal_value=-2.58457e-05 -0.00110875 0.0004579 -0.000275895 0.000942304 0.000957213 0.00202777 0.000423636 -0.00264961 0.00338843 0.0015349 0.000381478 0.00227577 0.00346574 -0.00314717 -0.000292809 -0.0014431 -0.000290208 -0.000363385 -0.00140278 0.000820159 -0.00134407 -0.000830495 0.000930698 0.00148596 -0.00279584 0.00375791 0.00152351 -0.000107315 -0.0011887
internal_weight=121932 37645.7 84286.4 34131.3 14619.9 50155.1 17531.2 8051.79 13025.5 9479.46 6192.99 32623.9 8447.53 5733.94 11761.8 24620.2 10606.4 7571.89 19487.9 10374.9 9113.08 3220.8 7001.68 2714.66 13135.9 11128.3 2932.4 1711.74 7173.69 19511.4
internal_count=488807 150978 337829 136782 58606 201047 70386 32303 52269 38083 24843 130661 33900 23020 47203 98709 42544 30359 78047 41555 36492 12897 28076 10897 52614 44655 11777 6874 28737 78176
is_linear=0
shrinkage=0.03


Tree=47
num_leaves=31
num_cat=0
split_feature=35 5 11 40 29 15 9 9 40 15 31 31 28 42 13 42 25 39 31 13 10 13 26 22 10 28 42 15 42 40
split_gain=90.6942 43.6326 40.5312 36.3001 35.9401 27.7412 27.5975 26.3573 29.8726 30.1216 25.533 28.1602 20.6019 20.353 25.4188 20.022 23.0394 21.2888 19.8696 19.2161 20.6542 18.731 17.1954 17.1499 16.6016 17.6457 18.012 17.1952 16.4197 17.9512
threshold=0.21337015926837924 -0.20716636627912519 -0.70402508974075306 0.4636815637350083 0.10807475820183755 -7.1352026462554923 1.0374503731727602 1.0374503731727602 0.59657368063926708 -7.5048317909240714 0.35901761054992681 -0.44375771284103388 -1.8252339363098142 1.0000000180025095e-35 -8.8812685012817365 0.81174489855766307 0.6884102225303651 -0.2185685262084007 -0.40343423187732691 -7.7568469047546378 0.36094406247138983 -7.2605528831481925 0.87431058287620556 1.2342978119850161 1.6913333535194399 0.8950304687023164 -0.56174489110708226 -7.5048317909240714 1.0000000180025095e-35 0.55375361442565929
decision_type=2 2 2 2 2 2 2 2 2 2 2 2 2 2 2 2 2 2 2 2 2 2 2 2 2 2 2 2 2 2
left_child=1 10 7 4 24 13 -7 8 9 12 11 -1 -3 19 -15 -5 -17 -18 -11 -6 -21 -16 -22 -10 25 26 -2 -27 -13 -30
right_child=3 2 -4 15 5 6 -8 -9 23 18 -12 28 -14 14 21 16 17 -19 -20 20 22 -23 -24 -25 -26 27 -28 -29 29 -31
leaf_value=0.0025613734608451308 0.001874491400761413 0.0074147621602671078 -0.00065067565304116951 -0.0028028307747100154 0.00081457212193295706 0.0039623224873171006 -0.0023396973363463713 -0.0051770279027345371 0.0010143605677968412 0.0035719517030099808 0.003587060951840916 -5.4566211564372858e-05 0.0016264410507467952 0.0026647168975710493 -0.0047111243424275903 0.0055370298688801403 0.0027224127311620723 -0.0047192747134230514 -0.0017693856456619497 -0.0075199581526530961 -0.0028683695386265847 0.0011898389773126981 0.0025282714498977535 0.0053672083634693736 0.0032956530358563617 0.00035638903770723244 -0.0010200326902712812 0.0076290630050568639 0.0023511699350043805 -0.00034857841928138391
leaf_weight=8553.7019554078579 2698.7501601576805 671.97466820478439 30128.38624098897 12251.519808545709 2969.9773044586182 1486.0535862445831 1065.9229974448681 519.1872922629118 1227.8771591484547 735.46220037341118 4066.1629982739687 15178.702503338456 2987.8951105922461 550.56530839204788 4532.1558123081923 561.67656937241554 587.74843469262123 814.02314703166485 3939.6639813929796 596.20487822592258 1896.8476629406214 537.87917384505272 727.90450143814087 2442.9634192734957 1871.1879340261221 638.63377943634987 6762.8864874094725 531.60676284134388 7011.724354788661 3235.7171252369881
leaf_count=34415 10810 2690 120628 49154 11909 5957 4276 2080 4918 2946 16285 60872 11962 2207 18200 2250 2363 3274 15772 2391 7605 2156 2920 9788 7495 2558 27094 2129 28134 12986
internal_value=2.03187e-05 0.000604434 -5.44227e-05 -0.00112697 -0.000477957 -0.00150121 0.0013312 0.00137921 0.00166681 0.000671882 0.0013429 0.00107338 0.00270652 -0.00211378 -0.00341936 -0.00235242 0.000458039 -0.00160187 -0.000923289 -0.000924885 -0.00252636 -0.00408398 -0.00136784 0.00391791 0.000697817 0.000237936 -0.000193318 0.0036968 0.000571985 0.00149919
internal_weight=121781 80699.4 42653.4 41081.5 26866.6 14363.5 2551.98 12525 12005.8 8335 38046 33979.8 3659.87 11811.5 5620.6 14215 1963.45 1401.77 4675.13 6190.93 3220.96 5070.03 2624.75 3670.84 12503.1 10631.9 9461.64 1170.24 25426.1 10247.4
internal_count=488224 323476 170784 164748 107707 57621 10233 50156 48076 33370 152692 136407 14652 47388 22563 57041 7887 5637 18718 24825 12916 20356 10525 14706 50086 42591 37904 4687 101992 41120
is_linear=0
shrinkage=0.03


Tree=48
num_leaves=31
num_cat=0
split_feature=6 35 40 23 36 17 40 20 39 11 24 24 40 15 9 16 7 18 17 16 22 23 35 40 24 21 17 29 14 3
split_gain=74.9961 39.6094 42.5391 29.0464 28.6333 25.9112 23.6191 23.5058 22.7361 27.2917 26.5717 30.3727 26.1102 23.125 22.5478 39.2152 22.397 22.0924 20.705 20.5098 20.1622 20.3588 19.8987 19.5416 19.1182 19.2608 19.078 18.6123 18.5218 18.2516
threshold=-0.76696437597274769 0.19004010409116748 0.45204447209835058 0.85981139540672313 0.61112570762634288 0.45331981778144842 0.4166764914989472 0.7093493938446046 -0.53176689147949208 0.10046520829200746 1.7189688086509707 0.90223756432533275 -0.015271000564098356 -8.2318830490112287 -0.33603172004222864 0.15912872552871707 0.17670898884534839 0.5984209179878236 -0.93089890480041493 -0.025373312644660469 1.542207717895508 0.21040493249893191 -0.19029564410448072 0.87142586708068859 1.0148356556892397 0.61985382437706005 -0.3545603454113006 0.45477105677127844 -8.1078777313232404 1.5934710502624514
decision_type=2 2 2 2 2 2 2 2 2 2 2 2 2 2 2 2 2 2 2 2 2 2 2 2 2 2 2 2 2 2
left_child=6 5 3 7 -4 8 20 17 13 10 11 16 -12 -2 19 -16 -10 -3 -5 28 21 -1 -8 -24 -22 -26 -25 -14 -13 -15
right_child=1 2 4 18 -6 -7 22 -9 9 -11 12 14 27 29 15 -17 -18 -19 -20 -21 24 -23 23 26 25 -27 -28 -29 -30 -31
leaf_value=0.00078027112778489651 0.0054097839614584021 -0.0079609074640222335 -0.0033050002132385061 0.0039283876045825596 -0.00043752214053987648 -0.0018864795408180951 0.0041985470797981017 0.00071199689529153265 -0.0051369249901491608 -0.0010232036142874923 -0.0029154320386643264 -0.0021912774985088368 -0.00047941514160480217 0.0012714640726353321 0.0017830746449310866 -0.0037405064208430243 0.0023738153305392419 -2.9565171772960167e-05 -0.0021339530988992855 0.0053037438199109921 0.006968693803735969 -0.0027218822186828888 0.0032468538030160188 -0.0045459833118820783 0.0020853315901381364 -0.0021028459588710194 0.0016148360244075764 0.0038128824239680014 0.0030093842751779745 -0.00400503602180486
leaf_weight=4921.4029167294502 1175.4110723435879 552.0607136785984 9144.2582016885281 533.46904645860195 4770.9083686470985 4706.2267663180828 4634.773603156209 16606.421288922429 1027.3945064693689 13931.299032017589 3067.4604918807745 820.05677177011967 3491.7224501669407 14273.371546939015 6502.9897889494896 1396.9422001689672 537.76433645188808 722.38955633342266 7740.0980101972818 2509.7331165075302 607.70514807105064 2133.2906769961119 2140.1040737479925 766.4202855527401 6887.3127630650997 1145.2406478971243 1075.293023750186 1218.475025638938 2399.348583266139 605.85272686183453
leaf_count=19756 4708 2211 36692 2144 19155 18848 18674 66519 4113 55781 12280 3284 13984 57166 26032 5592 2152 2893 31092 10057 2442 8544 8580 3073 27720 4590 4310 4879 9609 2426
internal_value=0.000111904 -0.000259039 -0.000983425 -0.000270165 -0.00232289 0.000244406 0.00160261 0.000409967 0.000434093 2.39988e-05 0.000659243 0.00138893 -0.000766196 0.00137613 0.00184369 0.000802848 -0.00255766 -0.00350046 -0.00173879 0.00327502 0.000908792 -0.00028111 0.00286386 0.00130368 0.00187954 0.00148633 -0.000959664 0.000636679 0.00168197 0.00105407
internal_weight=122045 97733.7 40069.6 26154.4 13915.2 57664 24311.5 17880.9 52957.8 36903.2 22971.9 15194.2 7777.66 16054.6 13629.1 7899.93 1565.16 1274.45 8273.57 5729.14 15695 7054.69 8616.59 3981.82 8640.26 8032.55 1841.71 4710.2 3219.41 14879.2
internal_count=489306 391617 160706 104859 55847 230911 97689 71623 212063 147763 91982 60839 31143 64300 54574 31624 6265 5104 33236 22950 63052 28300 34637 15963 34752 32310 7383 18863 12893 59592
is_linear=0
shrinkage=0.03


Tree=49
num_leaves=31
num_cat=0
split_feature=23 34 7 41 4 13 11 13 41 10 31 39 13 34 7 10 31 36 13 15 24 14 35 31 15 23 31 14 13 16
split_gain=86.7412 40.8803 25.1797 20.9256 23.3724 21.5271 19.6997 24.3875 25.2864 19.2324 19.095 20.4806 35.823 23.5402 23.1013 22.1649 25.9284 24.1477 23.5562 20.1815 23.4664 24.0459 21.7634 19.9682 19.4465 19.4156 18.8914 18.8054 17.7373 17.3433
threshold=0.23729061335325244 0.38576112687587744 -1.0734705924987791 1.0000000180025095e-35 0.051450332626700408 -9.0888452529907209 0.38357263803482061 -7.9833087921142569 1.0000000180025095e-35 -1.8477609157562254 -0.61868795752525318 -0.46368156373500818 -7.3445382118225089 -0.47773768007755274 -1.0053638219833372 -0.2157223969697952 -0.05998693220317363 -0.92103078961372364 -8.5555148124694806 -7.4711754322051993 0.91226705908775341 -7.0883233547210684 -0.21895288676023481 -0.040054826065897935 -7.9182302951812735 0.65217167139053356 0.23013211041688922 -6.7487587928771964 -8.7829904556274396 0.086285557597875609
decision_type=2 2 2 2 2 2 2 2 2 2 2 2 2 2 2 2 2 2 2 2 2 2 2 2 2 2 2 2 2 2
left_child=2 10 9 5 -5 -3 27 8 -8 -1 -2 13 15 -12 -14 17 24 -13 28 -16 -21 22 -22 -24 -17 -23 -25 -4 -19 -26
right_child=1 3 6 4 -6 -7 7 -9 -10 -11 11 12 14 -15 19 16 -18 18 -20 20 21 25 23 26 29 -27 -28 -29 -30 -31
leaf_value=0.0081492808672033439 0.0019470100472808963 0.0034761450109684661 0.0017387759994120303 0.0020312918137677014 -0.0013127388317407465 -0.0025924344202448075 -0.00082870422621861609 0.0008798054186977813 -0.0071450507001912774 0.0022646410197135832 -0.004239792313731265 -0.0026160181783597141 0.0074141729865239477 0.00068573791335252399 -0.0027119390579057098 -0.0058782424292638646 -0.0007705506140840546 0.0010446281115790554 4.3822116004077446e-05 -0.0042247739325407107 0.0085057385728351514 0.002238195427850431 -0.0022967704757146522 0.0089129524643239214 -0.0014420703204616385 -0.0028566137224930407 0.00078617264272629885 -0.0039729547932553571 0.0084289295625891453 -0.0052824504781103327
leaf_weight=517.27339781820774 3893.2030932158232 540.72519712150097 11333.246882677078 2431.3174759894609 8191.950158432126 12536.24267552793 1858.8679643720388 4238.6188645064831 815.00257344543934 10344.405709415674 898.6155294328928 2743.3658563643694 502.2056849449873 22502.455746889114 1201.0138387233019 1643.126976147294 11840.942232742906 625.45062050223351 9814.3842951655388 561.90559190511703 776.41918717324734 1786.009379580617 536.83265972137451 500.09111107885838 5205.9526160955429 1066.9120368212461 524.03697024285793 534.38551585376263 545.82329230010509 1323.0343463271856
leaf_count=2084 15597 2166 45478 9739 32870 50395 7453 16987 3263 41658 3607 10982 2015 90090 4808 6581 47413 2504 39289 2249 3111 7154 2149 2002 20844 4271 2098 2146 2185 5297
internal_value=-8.44642e-06 -0.000462356 0.00140298 -0.001536 -0.000546209 -0.00233904 0.00073736 -0.000535279 -0.00277339 0.00255213 -9.06726e-05 -0.000213761 -0.000616298 0.000494864 0.00126451 -0.00103212 -0.00166871 -0.000103612 0.000525601 0.000810332 0.00154918 0.0021812 0.00443021 0.00236181 -0.00296756 0.000329558 0.00480237 0.00147846 0.004528 -0.00222717
internal_weight=121834 92192 29641.8 23700.2 10623.3 13077 18780.1 6912.49 2673.87 10861.7 68491.8 64598.6 41197.5 23401.1 7455.43 33742.1 20013.1 13729 10985.7 6953.22 5752.21 5190.3 2337.38 1560.96 8172.11 2852.92 1024.13 11867.6 1171.27 6528.99
internal_count=488485 369416 119069 95170 42609 52561 75327 27703 10716 43742 274246 258649 164952 93697 29857 135095 80135 54960 43978 27842 23034 20785 9360 6249 32722 11425 4100 47624 4689 26141
is_linear=0
shrinkage=0.03


Tree=50
num_leaves=31
num_cat=0
split_feature=33 8 17 11 41 41 22 40 11 10 29 39 32 5 36 10 8 7 40 16 5 39 35 17 29 16 10 40 24 26
split_gain=84.3143 37.7806 25.6261 22.9465 22.7964 43.2659 26.6926 25.809 21.2213 19.1963 18.0348 17.9859 18.3649 17.9289 29.306 21.1535 21.2773 21.7368 19.8276 19.0652 18.7957 18.1113 17.314 17.1754 17.1131 19.3331 16.9063 30.7349 23.8494 17.4776
threshold=-0.3598776757717132 0.57249140739440929 0.45331981778144842 0.52738249301910411 -0.60785761475563038 -0.87837970256805409 1.6012905836105349 -0.023995916359126564 0.28942978382110601 1.1638414859771731 0.93330001831054699 -0.87777194380760182 0.64090168476104747 0.14963997900485995 -0.33330871164798731 -0.86915916204452504 -1.0840606689453123 0.56282654404640209 0.54280677437782299 -0.84898856282234181 0.74437060952186596 0.94336524605751049 0.57390058040618908 -0.47462987899780268 -0.8309425115585326 0.16458351165056231 -0.79637277126312245 0.4166764914989472 1.8396821618080141 -3.1967982053756709
decision_type=2 2 2 2 2 2 2 2 2 2 2 2 2 2 2 2 2 2 2 2 2 2 2 2 2 2 2 2 2 2
left_child=4 13 8 -4 5 7 23 -1 10 -5 26 -10 -13 14 22 16 -15 18 -18 -17 -19 -21 -2 -6 -7 -26 27 28 -3 -28
right_child=1 2 3 9 6 24 -8 -9 11 -11 -12 12 -14 15 -16 19 17 20 -20 21 -22 -23 -24 -25 25 -27 29 -29 -30 -31
leaf_value=-0.0017584841738049967 -0.00090833260237679577 -0.0014042876114811129 -0.0010297928356898249 0.0072021557373360716 -0.0022697993432580902 0.0097750597971464695 0.0023736491023687188 0.0034660805583282038 4.8798657401974237e-05 -1.8300482431777575e-05 -0.006134958582007923 -0.003325947334246902 2.1086048268475762e-05 -0.0033140078499242945 0.0012018162812931644 0.0028702823656598761 0.001603424379641692 -0.0051994825134326567 0.0064329032855162194 -0.0012211595570536095 0.0022864021803295277 0.0013856837738174972 0.0046820684349287867 0.00070040644387818528 0.0027868808978600708 0.008783939309262535 -0.0040490061499536345 0.00041975556220646504 -0.010158191192703088 0.00027373952025871274
leaf_weight=1754.1618711203337 11327.623956531286 499.93046475946903 1566.8112892657518 807.57980191707611 2282.1364177167416 699.61994376778603 7600.0512263476849 1634.7498536705971 2361.6747359037399 557.16521073877811 522.02899807691574 9824.5631791055202 1735.6688186526299 772.61689034104347 21070.771586626768 1214.1604429483414 2256.0170723199844 590.84028600156307 1155.4352023899555 23880.992291465402 598.15049438178539 2657.9930345416069 511.69217902421951 7427.9166778028011 1791.6070330739021 661.63300424814224 900.34150826931 1264.706673592329 637.81614017486572 11169.16200697422
leaf_count=7048 45364 2002 6277 3237 9146 2829 30596 6576 9474 2233 2098 39432 6986 3095 84389 4862 9030 2365 4630 95643 2395 10643 2049 29805 7214 2674 3608 5067 2554 44795
internal_value=1.55315e-05 -0.000374234 -0.00122276 0.00144623 0.00161455 0.00312215 0.00104332 0.000764534 -0.00149375 0.00427567 -0.000709907 -0.00233684 -0.00282384 3.51085e-05 0.000530967 -0.000457527 0.00126384 0.00203819 0.00325316 -0.000791122 -0.00144587 -0.000959649 -0.000662969 7.07304e-07 0.00564585 0.00443337 -0.000510115 -0.00280282 -0.00635744 -5.18068e-05
internal_weight=121736 97883.7 31847.4 2931.56 23851.9 6541.77 17310.1 3388.91 28915.9 1364.75 14994 13921.9 11560.2 66036.3 32910.1 33126.2 5373.06 4600.44 3411.45 27753.1 1188.99 26539 11839.3 9710.05 3152.86 2453.24 14472 2402.45 1137.75 12069.5
internal_count=488116 392228 127763 11747 95888 26341 69547 13624 116016 5470 60124 55892 46418 264465 131802 132663 21515 18420 13660 111148 4760 106286 47413 38951 12717 9888 58026 9623 4556 48403
is_linear=0
shrinkage=0.03


Tree=51
num_leaves=31
num_cat=0
split_feature=5 31 7 3 36 13 40 42 28 17 39 14 20 27 24 39 9 15 10 15 13 24 42 30 10 15 10 10 30 10
split_gain=63.2052 47.9347 33.0074 26.3986 23.7738 26.6751 32.6503 27.339 25.1334 22.9256 21.9457 21.4934 23.8749 19.8774 19.8242 21.3692 20.7558 18.8762 25.6782 21.0758 20.2971 20.0959 26.6485 19.6128 19.2778 20.7155 18.1691 17.7882 17.9432 17.6567
threshold=-0.088789176195859895 -0.53937286138534535 0.63930112123489391 -1.7144632339477537 -0.9980582296848296 -7.9342284202575675 -0.71477618813514698 0.81174489855766307 1.5022575855255129 0.78550645709037792 -0.45204447209835047 -7.953080177307128 0.84587445855140697 -0.33405560255050654 3.750690340995789 -0.44032992422580713 -1.4298808574676511 -7.5673842430114737 -0.2451425567269325 -7.4387307167053214 -7.8237469196319571 1.2829135060310366 0.81174489855766307 -0.41003398597240442 1.4012410044670107 -7.7976069450378409 0.44072258472442633 0.61513295769691478 -1.1844537854194639 -1.3707552552223203
decision_type=2 2 2 2 2 2 2 2 2 2 2 2 2 2 2 2 2 2 2 2 2 2 2 2 2 2 2 2 2 2
left_child=1 -1 14 -3 -4 6 26 8 13 10 11 12 -5 -7 15 29 -17 20 19 -19 21 -12 24 -24 25 -23 -6 28 -8 -2
right_child=2 3 4 9 5 7 27 -9 -10 -11 17 -13 -14 -15 -16 16 -18 18 -20 -21 -22 22 23 -25 -26 -27 -28 -29 -30 -31
leaf_value=0.0030025068490347312 0.0046245479057527798 0.0027442976917971813 -0.0042430573213535138 -0.0024061876114617408 0.00096737304877405998 0.00053890768896723204 0.0040907816801189038 -0.0060681855837919282 0.0032951251027751628 0.0048890735928390407 -0.0027438152645539744 0.00045387921493579862 0.0047709310556387921 -0.002554412467895477 0.0056336428337932423 -0.0049117396207159726 -0.00059020145592066271 0.0048446964802905633 -0.0007330349751113038 0.00077144436533477495 -0.0035241115424550452 -0.0021675765700977863 0.00064658170145710477 0.0071185297255532201 -0.0063221498272982768 0.0018035077199212383 0.0068246265001971392 -0.0032644121774532109 -0.00095254144239591428 0.00038795413891224708
leaf_weight=7051.0706773102283 934.77190229296684 3833.4976597428322 2661.1734449714422 509.17626863718033 1074.1601224392653 2334.4541578888893 849.18279701471329 1335.4925563782454 881.18889918923378 891.79199689626694 2898.2541393041611 12794.914625495672 2171.8646617531776 9317.0149883925915 511.87077960371971 1031.0142940878868 25731.728464648128 1482.4218058437109 9546.9200456142426 4909.3308599740267 2848.0576256066561 2415.6845308542252 970.01806537806988 738.17383325099945 509.54385498166084 2296.5645288079977 852.49989840388298 1922.2645788937807 2423.0140151679516 14128.191894933581
leaf_count=28376 3746 15415 10678 2040 4309 9360 3407 5371 3532 3576 11614 51300 8715 37395 2050 4129 103064 5945 38247 19697 11417 9684 3887 2960 2041 9204 3426 7728 9724 56582
internal_value=-5.03538e-05 0.000692135 -0.000678975 0.000357876 -0.00157644 -0.00123648 0.000255851 -0.00200241 -0.00156466 0.000153936 5.70756e-05 0.000966823 0.003404 -0.00193471 -0.000177386 -0.000249832 -0.000758458 -0.000435113 0.000252044 0.00172223 -0.00129863 -0.000650801 0.00022723 0.00346851 -0.000837683 -0.000232506 0.00358092 -0.000981951 0.00036475 0.000653761
internal_weight=121855 55867.3 65988 48816.2 23650.4 20989.3 7121.12 13868.2 12532.7 44982.7 44090.9 15476 2681.04 11651.5 42337.6 41825.7 26762.7 28615 15938.7 6391.75 12676.3 9828.24 6929.98 1708.19 5221.79 4712.25 1926.66 5194.46 3272.2 15063
internal_count=488619 224118 264501 195742 94930 84252 28594 55658 50287 180327 176751 62055 10755 46755 169571 167521 107193 114696 63889 25642 50807 39390 27776 6847 20929 18888 7735 20859 13131 60328
is_linear=0
shrinkage=0.03


Tree=52
num_leaves=31
num_cat=0
split_feature=34 13 4 41 35 42 39 15 39 41 24 42 17 34 31 34 39 15 15 23 39 32 40 41 35 9 16 17 31 28
split_gain=52.6586 28.5307 30.8309 22.066 30.8003 28.2449 30.6145 21.6515 19.9717 28.5075 39.1757 28.4759 30.4471 24.2222 23.3964 24.7989 23.1752 22.7823 37.3626 21.723 26.7429 22.5493 19.1122 17.938 40.1619 23.5108 22.5745 21.2448 22.6799 27.3948
threshold=0.095971908420324339 -9.1651368141174299 -0.31266680359840388 1.0000000180025095e-35 0.31367929279804235 1.0000000180025095e-35 0.7702331840991975 -7.5093777179718009 0.44424325227737432 1.0000000180025095e-35 0.95672306418418895 1.0000000180025095e-35 -0.69007104635238636 -0.14813075959682462 -0.60767361521720875 -0.32801353931426996 0.994289129972458 -7.9651918411254874 -8.1179227828979474 0.11609393730759622 0.95172616839408886 0.16199372708797458 0.90722548961639415 -0.60785761475563038 0.28685364127159124 0.80600127577781688 -0.23868744075298307 -0.17722691595554349 0.39749257266521459 -2.4904264211654659
decision_type=2 2 2 2 2 2 2 2 2 2 2 2 2 2 2 2 2 2 2 2 2 2 2 2 2 2 2 2 2 2
left_child=8 -2 22 4 7 -6 -7 -4 14 10 13 12 -12 -10 15 -1 -13 18 -11 -19 21 -21 -3 24 27 26 -25 28 29 -16
right_child=1 2 3 -5 5 6 -8 -9 9 17 11 16 -14 -15 23 -17 -18 19 -20 20 -22 -23 -24 25 -26 -27 -28 -29 -30 -31
leaf_value=0.0050240452072628401 0.0046417730154182362 0.0013235385039721841 0.00049805307511357219 -0.00032259172379859479 -0.0014245228257097472 -0.003246566321904982 -0.008848861238216996 -0.0020472883328639356 -0.009053612315659567 0.0007542686220931862 -0.0043353439980486465 0.0032519139036301676 0.00084438773913100406 -2.6486161366255682e-05 -0.0037728547348414711 0.00034626974496806257 -0.0027137222768247593 0.0019037894733440243 -0.0091182908957322222 -0.0038567443563652061 0.0014621742056264788 0.00059704133578321631 -0.0025669178135991231 -0.0010047072059238948 -0.0042281471187876609 0.0033291593676919385 0.0007836065832551156 0.00074444986641290746 0.0093117314442617508 0.0035437610074194152
leaf_weight=2474.0359028875828 887.53165028989315 8206.62566152215 6600.4073894619942 18232.839732199907 6019.9994057416916 4221.293094009161 1107.6391619294882 5511.0337005257607 547.168222874403 608.87492451071739 1249.749290600419 5848.3847014904022 5387.1241336166859 514.71804338693619 499.47818824648857 1733.2810616344213 643.66857050359249 2173.1126132458448 781.79741927981377 3758.4084596037865 1958.6865918040276 1401.0346089452505 1309.4209346622229 10098.87902931869 918.47801300883293 2211.4548725932837 17088.695848807693 4594.3767278641462 533.73414033651352 4959.0276265442371
leaf_count=9982 3554 32859 26443 73078 24179 16995 4460 22075 2194 2439 5007 23464 21599 2060 2002 6941 2581 8728 3132 15052 7842 5608 5249 40463 3678 8856 68544 18438 2139 19904
internal_value=6.07735e-05 -0.000661303 -0.000754101 -0.00110573 -0.00171398 -0.00283626 -0.00442542 -0.00066088 0.000598311 -8.41954e-05 0.000796759 0.00124614 -0.000136031 -0.00471905 0.000974554 0.00310234 0.00265717 -0.00125418 -0.00482129 -0.000715667 -0.00151692 -0.00264851 0.000786074 0.000754989 0.00175873 0.000361718 0.000119209 0.00228164 0.00345704 0.00286858
internal_weight=122081 52096.8 51209.3 41693.2 23460.4 11348.9 5328.93 12111.4 69984.2 24872.7 14190.8 13128.9 6636.87 1061.89 45111.4 4207.32 6492.05 10681.9 1390.67 9291.24 7118.13 5159.44 9516.05 40904.1 11505.1 29399 27187.6 10586.6 5992.24 5458.51
internal_count=489545 208892 205338 167230 94152 45634 21455 48518 280653 99706 56905 52651 26606 4254 180947 16923 26045 42801 5571 37230 28502 20660 38108 164024 46161 117863 109007 42483 24045 21906
is_linear=0
shrinkage=0.03


Tree=53
num_leaves=31
num_cat=0
split_feature=34 41 40 15 9 9 30 29 30 8 14 40 7 14 6 17 36 22 22 4 6 17 33 37 29 15 14 22 22 3
split_gain=58.6098 28.7415 27.8631 26.2607 32.1305 24.4125 31.3865 23.2881 22.0613 27.5898 22.8971 22.8774 21.6772 23.6833 23.4819 19.8834 19.7578 19.1004 19.0424 31.6719 18.4432 16.7448 15.9726 15.6824 15.5209 15.309 30.6439 15.2513 15.0839 14.3417
threshold=0.095971908420324339 0.6078576147556306 0.99826323986053478 -7.8099305629730216 -1.7127395272254942 -0.50348514318466175 0.65293243527412426 0.12088273093104364 -1.615297734737396 -0.39568051695823664 -7.7505600452423087 0.65770241618156444 -1.1894116401672361 -7.3719489574432364 -0.99770101904869068 -0.43668162822723383 -0.13327759504318235 1.454959034919739 1.6820009946823122 0.44199304282665258 -0.66818177700042714 -1.1476462483406065 -0.81614834070205677 0.28799341619014746 -0.0067615413572639218 -7.3150980472564688 -7.3080923557281485 1.136583209037781 2.0627498626708989 -1.4557678699493406
decision_type=2 2 2 2 2 2 2 2 2 2 2 2 2 2 2 2 2 2 2 2 2 2 2 2 2 2 2 2 2 2
left_child=1 5 7 20 -5 6 8 18 9 -1 22 27 13 -6 15 -14 -16 -8 23 -20 -3 -9 -10 -2 -22 26 -19 -12 -29 -23
right_child=2 3 -4 4 12 -7 17 21 10 -11 11 -13 14 -15 16 -17 -18 25 19 -21 24 29 -24 -25 -26 -27 -28 28 -30 -31
leaf_value=0.0027163654829179744 -0.0009254206275493515 -6.2514661296627001e-05 -0.0057799080036548588 -0.0051546388246863318 0.00039825129185284627 0.00043435501890350478 0.0024875301943802306 0.0040483520040215659 0.0054193412902645444 -0.0047109541904359334 -0.00015672950174314821 0.0062833640157092772 -0.0079724462644807335 0.006521387174077682 -0.00082911376246515517 -0.0011935415657384383 0.0017719269904778829 -0.0010268100223389362 0.0030154073375617107 -0.0021429705200672771 -0.0065332333345711393 0.0033571596032048222 0.00093485899405549363 0.0013389669486288773 -0.0016478534361365274 0.00092824417944637513 -0.010283402410024104 0.0041216265315589945 -0.0013551614778524691 -0.0013548861769176982
leaf_weight=920.60408616065979 11889.55939951539 1611.2157728672028 953.8627407848835 943.73248669505119 1240.3106679618359 29264.597170770168 947.42044885456562 535.00578954815865 792.62206472456455 862.31736399233341 1283.4717454016209 2270.9579847157001 503.66795775294304 1041.782728344202 4716.6761488318443 1629.8165543526411 5913.5758074522018 869.71066769957542 4042.024485245347 1448.136825978756 1234.5239891409874 583.97049160301685 6608.803859680891 3571.5866511017084 1121.7275201529264 713.80434952676296 503.37679715454578 4181.9085392206907 502.59053021669388 28989.55367410183
leaf_count=3696 47631 6464 3836 3788 4991 117285 3799 2146 3213 3455 5144 9129 2019 4197 18887 6543 23676 3497 16192 5813 4942 2339 26521 14315 4490 2869 2023 16786 2028 116298
internal_value=3.56497e-05 0.000604442 -0.000726292 -0.000357156 0.00018536 0.000990394 0.00178521 -0.000630771 0.00227542 -0.000882128 0.00263569 0.00372317 0.000523507 0.00320974 4.10853e-05 -0.00282362 0.000618142 -0.00102784 0.000137267 0.00165336 -0.00253856 -0.00116509 0.00142177 -0.000401811 -0.00422427 -0.00262803 -0.00447011 0.00274008 0.0035324 -0.00126074
internal_weight=121693 69679.2 52013.7 19957 15989.6 49722.2 20457.6 51059.8 17423.3 1782.92 15640.4 8238.93 15045.8 2282.09 12763.7 2133.48 10630.3 3034.31 20951.3 5490.16 3967.47 30108.5 7401.43 15461.1 2356.25 2086.89 1373.09 5967.97 4684.5 29573.5
internal_count=488012 279442 208570 79997 64101 199445 82160 204734 69972 7151 62821 33087 60313 9188 51125 8562 42563 12188 83951 22005 15896 120783 29734 61946 9432 8389 5520 23958 18814 118637
is_linear=0
shrinkage=0.03


Tree=54
num_leaves=31
num_cat=0
split_feature=25 23 13 21 12 31 41 9 17 35 6 12 33 5 11 40 11 35 12 40 40 7 36 17 40 22 35 35 9 40
split_gain=74.0671 35.9421 34.1538 31.3081 27.5733 25.9243 28.4472 25.2073 18.8577 18.6725 25.7076 19.6247 17.569 17.5105 23.2506 23.3687 18.9764 18.38 37.9791 18.9744 17.033 17.012 16.7498 16.6506 16.1839 15.7668 15.534 15.286 26.0111 16.5802
threshold=0.65668740868568432 0.92333313822746288 -9.2643795013427717 0.12808237969875338 -8.6747188568115217 -0.61868795752525318 -0.60785761475563038 0.46314190328121191 0.25386232137680059 -0.059790540486574166 0.032157264649868018 -6.4887268543243399 -0.91197416186332692 0.54696130752563488 -0.38886977732181544 0.61737772822380077 1.5845605731010439 0.17579355835914615 -8.170163154602049 0.4166764914989472 -0.29445663094520563 -0.049246540293097489 0.8571729063987733 -0.49371621012687678 -0.18866651505231855 1.1205581426620486 0.27175863087177282 0.74031218886375438 0.57988506555557262 0.70556074380874645
decision_type=2 2 2 2 2 2 2 2 2 2 2 2 2 2 2 2 2 2 2 2 2 2 2 2 2 2 2 2 2 2
left_child=1 5 -2 21 -3 6 24 12 -9 10 -5 22 23 17 15 -15 25 -14 -19 26 -6 -4 27 -7 -1 -16 -20 28 -11 -30
right_child=2 4 3 9 20 7 -8 8 -10 11 -12 -13 13 14 16 -17 -18 18 19 -21 -22 -23 -24 -25 -26 -27 -28 -29 29 -31
leaf_value=0.0085861050498761936 0.0064164387503340189 0.0034928691913876618 -0.0015052023288692181 -0.0028145806775202401 -0.0062509405382578627 0.0077028587353017864 0.0012612416489203681 0.0016381505247217481 0.006341186979332167 -0.0011066301906522073 0.003067726651149889 0.002968371144671425 0.00018777519697325511 0.0018019574837271433 0.0029561372670392034 0.0071621456085423927 0.0044548472612633535 -0.0060145437065425196 -0.00078819638195111181 -0.0026279323916674692 -0.001718699927896257 0.0023310090732339569 -0.00052395026021496071 0.0015442597746924064 0.0031550870177232599 -0.0011974680306427227 0.0050583021970576425 -0.0003431439874542667 -0.0025855767514703443 -0.0051345889095456409
leaf_weight=850.79909567534924 551.93335375189781 637.59170837700367 1464.4864828288555 1023.2925565093756 1132.4316169321537 500.12933374941349 5137.5736147612333 7012.666928127408 854.08887459337711 9224.3828561306 1887.1818061470985 855.71105121076107 41609.843115344644 2708.9463113099337 1006.3497471809387 998.61344116926193 826.3185673058033 1351.443004116416 793.74282284080982 1308.4635818898678 2186.2341068089008 3535.1744344234467 9453.4591999053955 1787.0666994303465 1204.6321283876896 4304.9762274026871 828.72333064675331 4210.2157735079527 9541.0061994642019 3041.1317776441574
leaf_count=3425 2210 2553 5865 4097 4535 2023 20643 28089 3421 36983 7556 3426 166845 10843 4028 4001 3309 5412 3177 5240 8757 14154 37945 7225 4851 17234 3317 16912 38279 12218
internal_value=3.5717e-05 0.000599695 -0.00093431 -0.00102745 -0.0021819 0.000750549 0.00245946 0.000563651 0.00215616 -0.00131236 0.000997013 -0.00149761 0.000347411 0.000241397 0.00138874 0.00326108 0.000254259 -4.99123e-06 -0.00187409 4.90239e-05 -0.00327937 0.00120656 -0.00160616 0.0029186 0.00543382 -0.000406398 0.00221077 -0.00199903 -0.00231844 -0.00320527
internal_weight=121829 77040.6 44788 44236 3956.26 73084.4 7193 65891.4 7866.76 39236.4 2910.47 36325.9 58024.6 55737.4 9845.2 3707.56 6137.64 45892.2 4282.37 2930.93 3318.67 4999.66 35470.2 2287.2 2055.43 5311.33 1622.47 26016.7 21806.5 12582.1
internal_count=488573 308928 179645 177435 15845 293083 28919 264164 31510 157416 11653 145763 232654 223406 39415 14844 24571 183991 17146 11734 13292 20019 142337 9248 8276 21262 6494 104392 87480 50497
is_linear=0
shrinkage=0.03


Tree=55
num_leaves=31
num_cat=0
split_feature=23 13 34 11 21 0 32 13 43 13 22 24 13 42 41 6 40 16 0 36 12 22 28 31 11 24 40 31 25 24
split_gain=56.9645 28.7702 33.9514 20.2205 19.6137 18.9253 21.5204 20.6299 20.5289 17.8614 18.471 17.4165 18.4195 20.631 42.8807 27.8069 19.9555 15.3162 15.2014 15.2383 17.4453 14.7289 14.3967 17.8062 19.5403 22.1277 20.2644 14.198 14.0944 13.6876
threshold=0.23729061335325244 -9.2643795013427717 0.50581872463226329 2.4983962774276738 0.83338755369186412 0.041469629853963859 -0.49400214850902552 -7.3597025871276847 0.70000001788139354 -7.1466519832611075 1.711100220680237 2.5664789676666264 -9.0173082351684553 1.0000000180025095e-35 -1.0000000180025095e-35 -0.75395882129669178 0.95037782192230236 -0.4612626433372497 1.6472174525260928 0.99998164176940929 -7.3271207809448233 1.3821264505386355 0.25032116472721105 0.40408146381378179 1.1234979033470156 1.3683570623397829 0.21430864930152896 0.003731974284164608 0.8211149573326112 1.411371171474457
decision_type=2 2 2 2 2 2 2 2 2 2 2 2 2 2 2 2 2 2 2 2 2 2 2 2 2 2 2 2 2 2
left_child=3 4 5 11 -2 6 8 -8 -3 10 -9 12 -1 29 15 -15 17 21 19 -7 -21 -16 -4 27 25 -25 -27 -24 -11 -14
right_child=1 2 22 -5 -6 18 7 9 -10 28 -12 -13 13 14 16 -17 -18 -19 -20 20 -22 -23 23 24 -26 26 -28 -29 -30 -31
leaf_value=-0.0036244429048301469 0.000618869259004921 0.00038221051460595297 -0.0024364836275238429 -0.0031058930216096834 0.0088553270817172819 0.00018665713176716788 -0.0011769497675378513 0.0010675793668942202 0.0057309276943278073 -7.511819998177354e-05 0.0065461996554841096 0.0038655189606999463 -0.00048249739509831444 0.0074206881404867246 0.0015359471600287556 0.0019002442937549587 -0.0033132078564635141 0.0021945490471091092 -0.0014351786812660838 0.0021129090763615408 -0.001681938444496338 -0.0054184936851142326 0.0021991204597256483 -0.0018872070049624147 -0.0040461288344525734 0.0068492004422693971 0.00025910442187039741 -0.0029180637861131731 -0.0049284545393743721 0.0013411425461831042
leaf_weight=703.43917202949524 534.17347514629364 2587.0720384567976 8804.506724730134 937.50579051673412 500.36830404400826 22700.45231230557 27242.344608336687 2928.033546730876 851.3886286765337 5147.328311085701 674.75307293236256 2272.5716418176889 6562.3279227167368 1924.0812091529369 583.90442390739918 1442.7293276935816 850.03600709140301 5462.5620941966772 3631.877834290266 8289.6173448860645 1247.5452015399933 501.01941084861755 580.04045228660107 807.83297151327133 540.11898657679558 1000.2901600450277 720.06670449674129 2865.8676375746727 591.49534107744694 8482.7305517494678
leaf_count=2830 2139 10362 35421 3762 2003 90921 109104 11726 3410 20614 2703 9124 26358 7781 2339 5794 3416 21958 14550 33199 4998 2010 2330 3249 2173 4020 2898 11512 2370 34081
internal_value=6.64889e-05 -0.000301551 -0.000358207 0.00120842 0.00464917 -9.80825e-05 -0.000546512 -0.00075989 0.00171937 0.000456313 0.00210893 0.00134996 0.00113296 0.00126398 0.00226616 0.00506773 0.000985968 0.00154832 0.000402278 0.000609667 0.00161527 -0.00169578 -0.00164601 -0.000575521 0.00108487 0.00219267 0.00410831 -0.00205283 -0.00058305 0.000545918
internal_weight=121968 92245.2 91210.6 29722.9 1034.54 75891.9 40022.4 36584 3438.46 9341.61 3602.79 28785.4 26512.8 25809.4 10764.3 3366.81 7397.52 6547.49 35869.5 32237.6 9537.16 1084.92 15318.7 6514.22 3068.31 2528.19 1720.36 3445.91 5738.82 15045.1
internal_count=489155 369702 365560 119453 4142 303957 160289 146517 13772 37413 14429 115691 106567 103737 43298 13575 29723 26307 143668 129118 38197 4349 61603 26182 12340 10167 6918 13842 22984 60439
is_linear=0
shrinkage=0.03


Tree=56
num_leaves=31
num_cat=0
split_feature=35 40 5 31 41 33 42 15 24 17 16 10 2 15 7 39 39 2 28 17 7 41 36 41 42 28 12 40 28 39
split_gain=44.3712 35.5849 26.5322 27.3076 25.1173 36.0378 27.7402 31.0333 21.2336 24.5447 19.7943 23.8565 24.9062 20.2555 18.1813 16.9526 25.9508 18.1734 16.0099 25.7006 22.3033 20.7889 18.0506 15.9355 22.8598 21.9472 21.6628 25.9055 18.9402 17.1854
threshold=0.28188194334506994 0.4636815637350083 -0.079644259065389619 -0.51326134800910939 1.0000000180025095e-35 -0.42092241346836085 1.0000000180025095e-35 -8.1957788467407209 2.6228704452514653 0.52557221055030834 0.15912872552871707 -0.54397174715995777 -0.69187891483306874 -7.9467134475707999 0.68537575006484996 -0.23132287710905072 -0.3440686017274856 1.1985444426536562 -0.029779435135424134 0.16028887033462527 0.56282654404640209 0.87837970256805431 -0.95650023221969593 1.0000000180025095e-35 1.0000000180025095e-35 -2.2676897048950191 -7.393390178680419 -0.45204447209835047 -0.88693860173225392 -0.3440686017274856
decision_type=2 2 2 2 2 2 2 2 2 2 2 2 2 2 2 2 2 2 2 2 2 2 2 2 2 2 2 2 2 2
left_child=2 4 3 -1 5 -2 -7 -8 9 15 18 -12 -13 -14 23 16 -3 -17 22 21 -21 -20 -4 24 28 -26 -25 29 -5 -28
right_child=1 8 10 14 -6 6 7 -9 -10 -11 11 12 13 -15 -16 17 -18 -19 19 20 -22 -23 -24 26 25 -27 27 -29 -30 -31
leaf_value=0.0024506495543039535 0.0060856015870308063 -0.0026589312911769196 -0.0020985223054670165 0.001327337261420926 0.00081389817533077439 -0.00015781458074835329 0.00070617285460214754 -0.0043612584134621437 0.0010045452464241401 0.0021708217824632546 0.0010292559476087852 0.0016981511290537208 -0.0075600335612793224 -0.0025818150099042496 0.0025928761278321511 -0.0049943087455937597 0.0045563757034322305 -0.00013748408823625283 0.0035793436088015756 0.0004895506317843753 -0.0059231532834858412 -0.0021890970064748511 4.1710401761989893e-05 -0.0012763650838213186 -0.0017153115614176959 0.0024128940217653743 -0.0033526936447261062 0.0030423727003625837 -0.0012869729776520788 0.0022995083797380895
leaf_weight=7369.626714989543 573.15480802953243 3404.1225857883692 4182.8649222999811 4310.1136596947908 10138.175568789244 6152.4388796389103 1459.3725553750992 4231.4580833911896 1500.5321166068316 813.84325118362904 2178.945284947753 967.15678322315216 914.80826364457607 3712.066161558032 3269.8096993714571 4795.4935041069984 507.2401786595583 810.97708919644356 3763.155675560236 2166.1912590563297 619.63517609238625 653.82272784411907 23007.045634463429 10092.780989199877 1336.0447748154402 8437.4411712288857 1360.1985449045897 2792.9229588359594 5890.9471432417631 740.03858889639378
leaf_count=29685 2296 13668 16750 17275 40627 24681 5859 17014 6019 3263 8732 3873 3664 14866 13089 19274 2038 3267 15073 8674 2481 2618 92133 40444 5357 33891 5459 11218 23653 2971
internal_value=-7.96158e-05 -0.000992909 0.000278287 0.000779794 -0.000293582 -0.00119778 -0.0015551 -0.00306279 -0.0023246 -0.00280861 -0.000264122 -0.00163034 -0.00266628 -0.00358027 0.000457148 -0.00323622 -0.00171399 -0.00429326 4.50374e-05 0.0013016 -0.000952874 0.00272245 -0.000288191 0.000256712 0.000811316 0.00184739 -0.00048256 0.00115403 -0.000182166 -0.00135963
internal_weight=122152 34386.8 87765.6 45599.9 22554.6 12416.4 11843.3 5690.83 11832.2 10331.7 42165.7 7772.98 5594.03 4626.87 38230.3 9517.83 3911.36 5606.47 34392.7 7202.8 2785.83 4416.98 27189.9 34960.5 19974.5 9773.49 14985.9 4893.16 10201.1 2100.24
internal_count=489912 138006 351906 183042 90477 49850 47554 22873 47529 41510 168864 31135 22403 18530 153357 38247 15706 22541 137729 28846 11155 17691 108883 140268 80176 39248 60092 19648 40928 8430
is_linear=0
shrinkage=0.03


Tree=57
num_leaves=31
num_cat=0
split_feature=23 35 40 29 39 24 24 15 17 22 40 11 31 13 41 4 35 8 17 13 11 9 40 24 29 17 9 35 40 39
split_gain=70.6293 36.2431 49.0535 31.3039 28.5894 27.2302 25.114 24.6466 21.9524 18.2647 18.0876 17.9857 19.796 19.1608 22.3029 17.0317 21.4458 16.6275 16.2227 22.5134 15.9996 17.0112 17.1459 24.7879 18.02 27.0949 15.8094 23.5503 39.0201 30.0338
threshold=0.23309092223644259 0.31367929279804235 0.42853991687297827 0.006404637824743987 0.89783340692520153 2.6535849571228032 2.5397636890411381 -7.49639868736267 0.52557221055030834 1.8044074773788454 -0.33174875378608698 -1.454614460468292 -0.5483340024948119 -7.5444297790527335 -0.60785761475563038 0.36267833411693579 0.45919221639633184 0.87807041406631481 -0.75475794076919545 -8.3568401336669904 3.0889420509338383 1.054830849170685 -0.31937207281589503 1.8008199930191042 -0.45750330388545984 -0.078258488327264772 -1.7856240868568418 -0.31576429307460779 0.48671542108058935 -0.55375361442565907
decision_type=2 2 2 2 2 2 2 2 2 2 2 2 2 2 2 2 2 2 2 2 2 2 2 2 2 2 2 2 2 2
left_child=4 20 3 7 11 8 10 9 15 -3 -6 13 -13 14 -1 16 -4 -7 19 -14 21 22 23 -2 -25 -26 -24 28 -28 -30
right_child=1 2 5 -5 6 17 -8 -9 -10 -11 -12 12 18 -15 -16 -17 -18 -19 -20 -21 -22 -23 26 24 25 -27 27 -29 29 -31
leaf_value=0.010385307643284058 -1.0236863309426073e-05 -0.0017112837544363765 -0.0028644882986024207 -0.0012371661526320676 -0.0067324634980407364 0.0044556880193077015 0.0051550697398509374 0.0031760996771443093 0.0013930254610835164 0.0038102547239391941 -0.00088076577445399219 0.0033562755477163251 0.001109569605177999 -0.00020203562666606489 0.0030324398807319215 -0.0025922869527885634 -0.0072968145855581536 -0.0026977400709279828 0.001300717120497208 -0.0068259633137473831 -0.0050082134137091217 -0.0027061890560997255 -0.0028267795118440851 0.0016603753943641899 -0.0016382962981586256 -0.0072824352111127248 -0.00011839860014436687 0.00026917836667631211 0.0082555199537965186 0.0025519990305753124
leaf_weight=634.57026223838329 20390.999499708414 2506.6755307018757 1779.6659007519484 12124.892876788974 542.36987555027008 662.24215258657932 538.52017103135586 3263.9149068892002 749.19772240519524 676.34135156869888 3445.1533923000097 4106.3476975560188 780.03463609516621 599.49327065050602 904.7913852930069 4123.653252273798 2240.9702637344599 508.7315316349268 17181.508644208312 534.91397632658482 552.25554697215557 1909.5979047715664 1181.6577788293362 764.0656016767025 2472.2743835449219 1104.3589741885662 3752.7962049543858 27526.374956712127 1126.8362272083759 3149.4160362780094
leaf_count=2560 81643 10048 7143 48685 2177 2654 2160 13078 3004 2712 13831 16563 3135 2415 3636 16605 9002 2044 69017 2148 2211 7651 4733 3060 9898 4421 15034 110230 4525 12632
internal_value=3.90228e-05 -0.000367152 -0.00125391 -0.000339375 0.00132335 -0.00293946 -0.000867349 0.00134842 -0.0035053 -0.000529784 -0.00169155 0.00172428 0.00147412 0.00434881 0.00611098 -0.00395706 -0.0053469 0.00135134 0.00105468 -0.00214572 3.01826e-05 7.48684e-05 0.000161691 -0.00044886 -0.00250459 -0.00339649 0.000572729 0.000686473 0.00211499 0.00407069
internal_weight=121835 92566.9 28636.3 18571.8 29267.7 10064.5 4526.04 6446.93 8893.49 3183.02 3987.52 24741.7 22602.8 2138.85 1539.36 8144.29 4020.64 1170.97 18496.5 1314.95 63930.6 63378.4 61468.8 24731.7 4340.7 3576.63 36737.1 35555.4 8029.05 4276.25
internal_count=488655 371013 114975 74523 117642 40452 18168 25838 35754 12760 16008 99474 90863 8611 6196 32750 16145 4698 74300 5283 256038 253827 246176 99022 17379 14319 147154 142421 32191 17157
is_linear=0
shrinkage=0.03


Tree=58
num_leaves=31
num_cat=0
split_feature=25 6 24 41 15 39 7 9 14 24 8 30 7 11 12 11 16 8 11 15 21 15 8 39 12 41 15 14 26 9
split_gain=43.9202 29.827 25.7364 20.7781 39.0804 38.5267 26.064 24.8919 23.5346 24.4426 19.1979 31.2564 28.1805 24.5673 20.8715 23.2523 20.422 18.9033 17.0451 26.307 18.9143 19.6429 34.8693 17.8877 34.8166 19.1939 20.948 17.6519 25.4532 15.9612
threshold=0.63866266608238231 0.72000578045845043 2.7231397628784184 0.6078576147556306 -7.9367752075195304 -0.063225833699107156 -1.2114237546920774 -0.80768314003944386 -8.1078777313232404 2.9437099695205693 -0.4948588609695434 0.56316441297531139 -1.0386494994163511 0.19881141930818561 -8.7129640579223615 2.3099170923233037 -0.66802087426185597 1.9905453324317934 1.226615369319916 -8.0245404243469221 0.12072306126356126 -8.4573092460632306 0.96025303006172191 0.92961356043815624 -7.6939334869384757 1.0000000180025095e-35 -7.5814585685729972 -8.1860413551330549 -1.2694991230964658 -1.3028274774551389
decision_type=2 2 2 2 2 2 2 2 2 2 2 2 2 2 2 2 2 2 2 2 2 2 2 2 2 2 2 2 2 2
left_child=1 3 18 10 5 -5 -6 -7 -8 -10 11 14 -13 -12 16 -16 -1 -4 20 -20 -2 22 -22 -23 25 -25 -27 -21 -29 -3
right_child=2 29 17 4 6 7 8 -9 9 -11 13 12 -14 -15 15 -17 -18 -19 19 27 21 23 -24 24 -26 26 -28 28 -30 -31
leaf_value=0.0032158477314239106 0.0011543155532121854 -0.0055237533847128312 0.0025306166989039485 0.0018014294172914035 0.003063462919767731 -0.0014558566343816841 -0.0058859045101895061 -0.008705044198665737 0.0003172050559412971 -0.0058545784413917123 0.0011720803745964368 -0.0036064360385101835 0.001516977758691666 -0.00071628477763218236 0.0026486157434390872 -0.0033011954919444915 -0.0029192747266210454 -0.0036981071610938617 -0.0087636340351419217 0.0027879488289530422 0.0064030602283591097 -0.0014057975231325567 -0.0034910244247492901 0.00045627406766171884 -0.0039476756107193851 0.010051608968120551 0.0016479655677979811 -0.0050501654978927033 -0.00083919841687218574 -0.00091891056878318418
leaf_weight=747.76523385941982 4104.0640662759542 733.42148247361183 3040.1114603579044 805.63379472494125 2536.5929567217827 679.48188465833664 624.05610589683056 1155.5896878093481 12493.980738028884 595.48830489814281 13949.630894258618 1823.9199846088886 2033.507047444582 11146.502455309033 15637.13590438664 606.16116932034492 1364.3685588091612 503.08364288508892 529.54345834255219 652.43035660684109 812.03296279907227 28019.977168217301 517.30565477907658 1414.6284963786602 957.89491412043571 517.13087344169617 550.449083968997 2043.6064982265234 3496.5092906057835 7730.4805151969194
leaf_count=3000 16433 2936 12186 3228 10220 2724 2499 4629 50053 2385 55910 7345 8156 44649 62850 2433 5483 2020 2127 2623 3256 112413 2078 5677 3844 2072 2205 8202 14041 30955
internal_value=-0.00010075 0.000351945 -0.000817398 0.000566387 -0.000274599 -0.00365223 0.000276188 -0.00604329 -0.000241232 3.21728e-05 0.000902185 0.00154435 -0.000908604 0.000333408 0.00206006 0.00242469 -0.00074232 0.00163831 -0.00101722 -0.00240568 -0.000763658 -0.001004 0.00255551 -0.00115517 0.000884379 0.00275745 0.00577416 -0.00184874 -0.00239882 -0.00132398
internal_weight=121822 74663.7 47158.8 66199.8 18890.8 2640.71 16250.1 1835.07 13713.5 13089.5 47309 22212.9 3857.43 25096.1 18355.4 16243.3 2112.13 3543.2 43615.6 6722.09 36893.5 32789.4 1329.34 31460.1 3440.1 2482.21 1067.58 6192.55 5540.12 8463.9
internal_count=488632 299455 189177 265564 75738 10581 65157 7353 54937 52438 189826 89267 15501 100559 73766 65283 8483 14206 174971 26993 147978 131545 5334 126211 13798 9954 4277 24866 22243 33891
is_linear=0
shrinkage=0.03


Tree=59
num_leaves=31
num_cat=0
split_feature=33 31 36 14 9 32 14 11 40 40 39 0 12 9 26 40 10 9 22 18 10 35 6 9 35 11 9 17 11 11
split_gain=44.1663 34.6573 30.7874 25.9774 21.116 20.5594 24.6503 33.8029 23.4189 19.597 18.0431 16.5518 22.0553 16.2429 16.1629 23.2196 17.3168 15.1562 14.9756 21.2973 17.2829 14.9119 14.9093 14.8324 15.7116 14.0123 17.8549 16.9129 22.9839 24.3281
threshold=0.45101405680179601 -0.61868795752525318 0.99998164176940929 -8.8727588653564435 -0.56436988711357106 -0.4848062396049499 -7.7558856010437003 0.1297421529889107 -0.015271000564098356 0.70556074380874645 0.91964805126190197 -0.025769410654902455 -8.1781377792358381 0.058849280700087554 -1.1981324553489683 0.4166764914989472 0.97758561372756969 1.3662218451499941 1.184713661670685 1.3792917132377627 2.3836158514022832 0.25208441913127905 -0.076836004853248582 -1.2256316542625425 -0.24870765209197995 -1.2138788700103758 -1.7127395272254942 -0.25122237205505366 0.38357263803482061 0.080387316644191756
decision_type=2 2 2 2 2 2 2 2 2 2 2 2 2 2 2 2 2 2 2 2 2 2 2 2 2 2 2 2 2 2
left_child=1 13 5 -2 -4 17 7 9 11 14 21 12 -9 -1 16 -16 -7 -3 -8 20 25 -10 -12 -5 -25 -20 -27 28 29 -28
right_child=3 2 4 23 -6 6 18 8 10 -11 22 -13 -14 -15 15 -17 -18 -19 19 -21 -22 -23 -24 24 -26 26 27 -29 -30 -31
leaf_value=0.0028837951777475473 0.0049809112065655383 0.0010816292069351675 0.0032763359820740081 -0.0067813120436041969 0.00056332020627045468 0.001953603133134244 -0.00093926119381834304 -0.0047930237512446147 -0.0016730541372895053 -0.0021424397873085997 -0.010764477359049571 0.00021073519590244881 -0.00012590687367098003 -0.00018454197872709271 -0.0016987816653436781 0.0047628616347283898 -0.0037641844652738943 -0.0038150398856893692 0.0028344251229510879 -0.0010596554699992948 0.0061434994696549748 -0.0052232520729663849 -0.0035882958894497444 0.0022087224693796924 -0.0017845279292207409 -0.0048758604931643116 -0.00047018255811645857 0.0010470575437003477 -0.0030489734812472117 0.0068761785869028702
leaf_weight=5516.1309224665165 527.49997045099735 11616.784221425653 3422.9933489859104 496.54347643256187 10439.278962284327 5604.3669568449259 11957.15181170404 1939.5608050823212 3088.3659191429615 3421.2088298052549 530.06068539619446 3822.1964804530144 1712.1763797700405 2157.9324073791504 3981.4546793401241 562.51479575037956 511.73045140504837 588.48735857009888 2340.5936687886715 7628.7262029200792 516.32534362375736 1627.9347860515118 532.47965036332607 929.77741599082947 16209.478008896112 554.19305655360222 1941.0808760076761 14649.661316454411 2433.5061567723751 502.54013356566429
leaf_count=22207 2114 46705 13726 1988 41827 22450 47897 7773 12375 13714 2123 15316 6861 8655 15955 2256 2050 2358 9382 30593 2069 6544 2134 3722 65143 2222 7778 58710 9753 2014
internal_value=-0.000156029 8.32563e-05 -7.20279e-05 -0.00152015 0.00123512 -0.000292958 -0.00049145 -0.00119416 -0.00228102 -0.000170361 -0.00371389 -0.00116965 -0.00261109 0.00202187 0.000463967 -0.000890169 0.00146984 0.000842602 -3.95753e-05 0.000312559 0.000769195 -0.00290694 -0.0072352 -0.00171732 -0.00156674 0.000642752 0.000386012 0.000537769 -0.000991018 0.00106249
internal_weight=121763 103599 95925.4 18163.3 13862.3 82063.1 69857.8 27334.1 13252.8 14081.3 5778.84 7473.93 3651.74 7674.06 10660.1 4543.97 6116.1 12205.3 42523.8 30566.6 22937.9 4716.3 1062.54 17635.8 17139.3 22421.6 20081 19526.8 4877.13 2443.62
internal_count=488414 415447 384585 72967 55553 329032 279969 109551 53126 56425 23176 29950 14634 30862 42711 18211 24500 49063 170418 122521 91928 18919 4257 70853 68865 89859 80477 78255 19545 9792
is_linear=0
shrinkage=0.03


Tree=60
num_leaves=31
num_cat=0
split_feature=29 14 41 35 35 17 31 11 12 39 14 28 35 14 42 28 17 28 41 17 17 25 26 23 24 31 41 31 11 14
split_gain=39.9161 27.2081 26.756 25.8954 24.9947 21.2464 23.9483 19.4173 35.9353 31.2937 26.2305 22.5789 21.6059 18.9639 21.0974 20.9483 21.2156 20.4879 31.9549 20.0159 19.2588 21.561 18.3346 18.2944 17.749 17.2413 16.4163 16.0611 15.8626 14.9552
threshold=-0.47970570623874659 -7.2060618400573722 -0.60785761475563038 0.21337015926837924 0.14248117059469226 0.47999191284179693 -0.05998693220317363 0.15985275059938434 -7.6253094673156729 -0.89001184701919545 -7.029576063156127 -1.1868146657943723 -0.2046205326914787 -7.123671054840087 1.0000000180025095e-35 -1.8982856869697569 -0.69007104635238636 0.014420038089156153 -1.0000000180025095e-35 0.23063344508409503 -0.37715660035610193 0.26897946000099188 -0.91972321271896351 0.55025640130043041 1.2397470474243166 -0.44375771284103388 -1.0000000180025095e-35 0.20151507109403613 1.4568048715591433 -7.4379637241363517
decision_type=2 2 2 2 2 2 2 2 2 2 2 2 2 2 2 2 2 2 2 2 2 2 2 2 2 2 2 2 2 2
left_child=1 2 4 5 28 7 -7 10 -9 -10 13 -12 -11 14 15 -2 -17 18 20 23 21 -16 -20 -19 -22 -4 -8 -13 -1 -27
right_child=3 -3 25 -5 -6 6 26 8 9 12 11 27 -14 -15 17 16 -18 19 22 -21 24 -23 -24 -25 -26 29 -28 -29 -30 -31
leaf_value=0.0038805041266365336 0.0025662381526314394 0.0031248637298850594 0.0013186993114165347 -0.00085814924466369252 -0.00074205754002393926 -6.9788133733210781e-06 -0.0086012206320979622 -0.0012710931373082785 0.0063542888007615374 0.0038402573730372275 0.0021572803615097589 -0.0013116193386953693 -0.00080788493347919892 0.0044662180112893758 0.0070808756368210572 -0.004045390194735929 0.00011149385164481142 0.0028051103310501868 0.001008012050503873 -0.00019924669645623482 0.0024905929332852232 0.00067889805424525156 -0.0025669170938646766 0.0086999593124549753 0.010214947273282237 -0.0001888748542514359 -0.0024950703901498836 -0.00587843937352432 -0.0017129798125940638 -0.0030856666412540706
leaf_weight=4516.1185592710972 2868.4553239047527 4847.5515824407339 5658.0551641732454 34751.344553440809 1867.5883054882288 2797.9653947204351 567.99351112544537 13431.52055183053 1011.4088414460421 1250.6759819090366 1260.9142161756754 2705.832842066884 3137.6822283416986 1404.9481501728296 586.05195458233356 1196.4943405389786 13130.143586814404 955.6914264112711 3760.7806196212769 680.00739619135857 505.55644312500954 2314.9917069524527 1953.5532937049866 957.93924623727798 579.93769338726997 8517.5007673054934 1303.682012334466 925.92546531558037 501.81020663678646 1966.5652424842119
leaf_count=18189 11487 19476 22751 139499 7487 11222 2275 53805 4054 5022 5053 10852 12567 5632 2358 4793 52615 3839 15063 2727 2027 9276 7828 3836 2327 34148 5220 3709 2019 7888
internal_value=8.75328e-05 0.00108436 0.000653645 -0.000208031 0.00221791 0.000173112 -0.00176697 0.000339273 -0.000440349 0.0016246 0.00074952 -0.00128954 0.000522548 0.00107275 0.000909621 0.00023081 -0.000238249 0.00185805 0.00122234 0.00422195 0.00328015 0.00199207 -0.000216494 0.00578588 0.00667299 -1.4561e-05 -0.00438395 -0.00248889 0.00331884 -0.000734668
internal_weight=121915 27875.2 23027.6 94039.5 6885.52 59288.2 4669.64 54618.5 18831.3 5399.77 35787.2 4892.67 4388.36 30894.6 29489.6 17195.1 14326.6 12294.5 9700.87 2593.64 3986.54 2901.04 5714.33 1913.63 1085.49 16142.1 1871.68 3631.76 5017.93 10484.1
internal_count=489044 111958 92482 377086 27695 237587 18717 218870 75448 21643 143422 19614 17589 123808 118176 68895 57408 49281 38879 10402 15988 11634 22891 7675 4354 64787 7495 14561 20208 42036
is_linear=0
shrinkage=0.03


Tree=61
num_leaves=31
num_cat=0
split_feature=35 30 8 40 15 15 41 16 41 40 24 11 4 35 12 41 39 33 39 22 11 15 9 10 15 10 24 11 9 35
split_gain=35.6004 36.9334 31.5063 33.4039 25.0062 26.0948 24.6072 22.9348 22.8382 25.4996 28.76 26.8755 28.318 26.5392 33.5788 23.9355 43.2167 34.324 32.6862 23.8098 22.7736 22.3047 28.1068 23.6868 28.9377 21.4378 21.3739 21.0813 23.1211 22.3162
threshold=0.28188194334506994 0.91149383783340465 -0.63244810700416554 0.4636815637350083 -7.1116971969604483 -7.299325466156005 -1.0000000180025095e-35 0.14799721539020541 -0.60785761475563038 -0.30694064497947687 2.6228704452514653 0.78280603885650646 0.36267833411693579 -0.06423646584153174 -8.0463042259216291 -0.87837970256805409 0.891992747783661 -0.27925853431224817 0.95172616839408886 1.0232800841331484 0.060833705589175231 -7.9651918411254874 -1.7127395272254942 -0.23573387414216992 -8.3134379386901838 -0.066288501024246202 1.204858720302582 1.6202800869941714 -0.1309288218617439 0.09685953333973886
decision_type=2 2 2 2 2 2 2 2 2 2 2 2 2 2 2 2 2 2 2 2 2 2 2 2 2 2 2 2 2 2
left_child=8 2 -2 -4 5 6 -5 -8 15 10 27 19 13 -13 -15 16 -1 -17 -18 -11 25 23 -23 24 -21 -19 -25 29 -29 -10
right_child=1 -3 3 4 -6 -7 7 -9 9 11 -12 12 -14 14 -16 17 18 20 -20 21 -22 22 -24 26 -26 -27 -28 28 -30 -31
leaf_value=0.0008981405744852446 0.0036027875445388369 0.0021936425668482081 -0.00056793777534458706 -0.0049539591184606822 -0.0060754681568221218 0.0013459840320932217 -0.00025288816369664738 -0.0059152298608747076 -0.0011929770730663373 -0.0013425486770473486 -0.0062197883726962501 0.00019702539995385137 0.0020708515840301301 -0.0091744911381694116 -0.0018347241683522167 0.0044157280168677709 -0.0098286678253076912 0.0042164190727688412 -0.001253008832637234 0.0055736009248265033 -0.000518752236757918 -0.0026859061035357412 0.0018499902537697508 -0.0067840928609351559 -0.0010741322360480841 0.00020083765428678525 -0.00070302009894083952 0.0067115812433744034 -0.0011322858644920413 0.0011389509528739884
leaf_weight=10593.467380896211 1217.7189156860113 3373.3919166326523 19381.687686920166 2887.7776359170675 1635.0395751744509 1655.9635022729635 3345.3251665830612 787.5048303604126 18222.964015305042 3770.3127674460411 809.61257643997669 1667.2862468212843 1544.4957846403122 922.78383657336235 1423.8782278597355 3778.1986074596643 592.56053926050663 2708.5657476335764 1200.593687787652 911.06548734009266 4464.097490593791 1295.8078583478928 21394.230550959706 804.22862046957016 1629.3359392136335 2139.0582926422358 1447.9349686801434 728.78813715279102 619.1621453166008 4623.1942545175552
leaf_count=42491 4878 13524 77780 11618 6567 6655 13444 3172 73061 15100 3245 6692 6187 3696 5705 15259 2375 10858 4811 3656 17881 5203 85802 3223 6536 8566 5804 2921 2480 18515
internal_value=3.63311e-05 -0.00078268 -0.0011081 -0.00130244 -0.00268112 -0.00203522 -0.00283353 -0.00134351 0.000358056 4.64832e-05 -0.000692672 0.000548598 -0.00137184 -0.00269837 -0.00474764 0.00111373 0.000168123 0.00200772 -0.00412569 0.000890484 0.00102699 0.00119721 0.00158988 -0.000661308 0.00132245 0.00244857 -0.00289491 -0.000505223 0.0031268 -0.000720792
internal_weight=121576 34284.4 30911 29693.3 10311.6 8676.57 7020.61 4132.83 87291.6 61815.1 25003.7 36811.4 5558.44 4013.95 2346.66 25476.5 12386.6 13089.9 1793.15 31252.9 9311.72 27482.6 22690 4792.57 2540.4 4847.62 2252.16 24194.1 1347.95 22846.2
internal_count=487705 137638 124114 119236 41456 34889 28234 16616 350067 247826 100222 147604 22280 16093 9401 102241 49677 52564 7186 125324 37305 110224 91005 19219 10192 19424 9027 96977 5401 91576
is_linear=0
shrinkage=0.03


Tree=62
num_leaves=31
num_cat=0
split_feature=34 6 39 14 15 30 35 40 11 30 15 15 26 40 41 41 13 24 28 35 30 14 39 30 13 32 40 35 15 15
split_gain=39.8294 23.9004 22.7757 24.4686 24.8082 25.3465 25.0735 24.6956 20.4758 26.9227 23.7167 21.8454 21.0194 20.4261 19.633 35.807 23.486 28.1517 27.4463 19.4509 27.4441 27.0614 22.9892 28.4339 24.0891 21.1195 19.4604 20.4473 18.9743 31.3934
threshold=0.36192411184310919 -1.2298962473869322 -0.41667649149894709 -7.7452051639556876 -7.9367752075195304 -1.987186014652252 0.27175863087177282 0.974856197834015 -0.041561191901564591 -1.987186014652252 -7.3640456199645987 -7.4301362037658683 -2.9502050876617427 -0.0065449222456663838 -1.0000000180025095e-35 -0.87837970256805409 -7.9646432399749747 1.7860991954803469 -0.50351116061210621 -0.57161098718643177 -0.11973161622881888 -7.2214796543121329 -0.13268855959177014 -0.5315740406513213 -6.7600140571594229 -0.12568250298500058 0.35632950067520147 1.0000000180025095e-35 -6.8302295207977286 -7.2910349369049063
decision_type=2 2 2 2 2 2 2 2 2 2 2 2 2 2 2 2 2 2 2 2 2 2 2 2 2 2 2 2 2 2
left_child=1 -1 -3 8 -5 -6 19 -8 9 -4 11 -11 -10 -14 15 16 -2 18 -18 20 21 -7 -21 26 -25 -22 28 -28 29 -24
right_child=14 2 3 4 5 6 7 -9 12 10 -12 -13 13 -15 -16 -17 17 -19 -20 22 25 -23 23 24 -26 -27 27 -29 -30 -31
leaf_value=0.00159384398769158 0.0041864942577300975 0.0007516498189175597 0.0047564539091301252 -0.0054609200506978151 -0.0033850899843656697 0.0051940565236445963 -0.00021049699261920977 -0.0060016081463908364 -0.0041526050384942071 -0.00023767933202316599 -0.0041348042439736457 0.0059744986937039545 -9.4767307013839003e-05 -0.0025432906930565914 -0.00036922347956237507 -0.0033878268647196895 -0.0040967699878961946 -0.0049522792651617012 0.0038926512503734724 -0.00063258455613083707 0.00010893945054699858 -0.00348637794582795 0.0053387789117230744 0.0043154399943398005 -0.0015951039484797614 -0.0076260551898020609 0.0010366312209137639 -0.0038161573130634984 0.0075522953228071531 -0.0010305356109975821
leaf_weight=10927.719953820109 1000.4291212260723 31062.308008387685 975.67535908520222 626.15056681632996 1392.1608415842056 831.35457122325897 4547.9437810927629 765.94446960091591 2485.4389818012714 10086.311646267772 1347.9103222340345 526.54232710599899 7213.5979950428009 5324.5088359564543 15191.907268971205 6629.5081791728735 571.91328792273998 1067.8001801371574 1147.3515921533108 3156.2649820297956 564.1854282617569 516.08539526164532 1135.8365246504545 5617.8166714608669 692.36493144929409 716.32805880904198 2092.672687754035 1234.252038910985 540.61583676934242 1769.3031472414732
leaf_count=44075 4018 124477 3908 2508 5577 3335 18215 3074 9957 40406 5401 2109 28894 21346 61013 26684 2298 4288 4607 12646 2267 2070 4547 22506 2775 2871 8389 4942 2166 7085
internal_value=-6.40094e-06 0.000273642 0.000104189 -0.000267224 0.000391445 0.000536817 0.000763918 -0.00105493 -0.000884335 -9.30658e-06 -0.000401713 7.58635e-05 -0.00163729 -0.00113577 -0.00105752 -0.00206001 0.000266963 -0.00114991 0.00122665 0.00127648 -0.00111471 0.00186816 0.00166389 0.00221798 0.00366543 -0.00424363 0.000865968 -0.00076974 0.00244292 0.00146948
internal_weight=121758 96149.3 85221.6 54159.3 26199.3 25573.1 24181 5313.89 27960 12936.4 11960.8 10612.9 15023.5 12538.1 25608.9 10417 3787.49 2787.07 1719.26 18867.1 2627.95 1347.44 16239.1 13082.9 6310.18 1280.51 6772.68 3326.92 3445.76 2905.14
internal_count=488454 385546 341471 216994 104973 102465 96888 21289 112021 51824 47916 42515 60197 50240 102908 41895 15211 11193 6905 75599 10543 5405 65056 52410 25281 5138 27129 13331 13798 11632
is_linear=0
shrinkage=0.03


Tree=63
num_leaves=31
num_cat=0
split_feature=29 34 36 34 13 41 35 16 28 9 13 40 15 9 28 7 8 35 39 40 16 29 39 15 7 21 1 12 9 22
split_gain=40.7804 25.9489 22.2546 20.1813 22.2483 19.9237 16.8814 21.2574 19.9657 15.6418 19.3904 24.991 22.7787 32.4834 16.1332 26.0191 20.7708 15.8094 18.0867 16.4799 18.8659 22.0367 17.636 19.9335 17.3726 17.0748 16.6687 17.263 15.8947 22.9458
threshold=-0.53334206342697132 0.82154634594917308 -0.99088832736015309 -0.64527785778045643 -6.8010146617889395 -0.60785761475563038 0.55523848533630382 -0.43988743424415583 0.02894734870642424 -0.89092099666595448 -7.1152272224426261 -0.73283809423446644 -7.3150980472564688 -0.34592221677303309 -1.0810099840164182 0.62847286462783825 -0.84545552730560292 -0.26342146098613733 0.87355786561965953 0.4636815637350083 -0.12147240340709685 0.90048143267631542 -0.85149618983268727 -7.4592318534851065 -0.021721248514950272 0.42327389121055609 0.14082598686218264 -7.5202808380126944 -0.12224328517913817 1.4929777979850771
decision_type=2 2 2 2 2 2 2 2 2 2 2 2 2 2 2 2 2 2 2 2 2 2 2 2 2 2 2 2 2 2
left_child=3 2 -2 -1 6 -3 7 -5 -9 14 17 -12 13 -13 -4 16 -16 18 -11 20 26 22 23 25 28 -22 27 -19 -21 -30
right_child=1 5 9 4 -6 -7 -8 8 -10 10 11 12 -14 -15 15 -17 -18 19 -20 24 21 -23 -24 -25 -26 -27 -28 -29 29 -31
leaf_value=0.0030145518480430406 -0.0012602169731202103 -0.0062485718096584571 -0.00054996507335142511 -0.0016290924235518049 0.0051570987729743414 -0.0014061582319058084 0.0038035090291960298 0.0016566810125523939 -0.00072350179161301156 0.0019926955056932052 -0.0039624963978152714 -0.0039334936929402847 -0.0014769370645204378 0.0041910766137508697 0.00098784459999285519 -0.0030647573064126778 0.004340897662097244 -0.00040699060285018192 -0.001846013023817622 -0.0042268904243909318 -0.00016339535645576594 -0.0058363851679316446 0.00020255705124576763 0.0022200600395929767 -0.00013210086116716938 -0.0068122609074182964 0.0018664419787898479 0.003994147696049553 -0.0024541423274689056 0.0023009275209705006
leaf_weight=4130.6706761419773 14076.057882130146 998.46528363227844 3722.2383942306042 4140.5860071331263 956.64708217978477 3202.1620376110077 1283.2794673889875 8986.204867169261 4891.8904793411493 6456.8434315919876 2449.0041033327579 593.41097369790077 6060.2625347524881 1663.9335907697678 3737.5297981798649 848.64293479919434 2996.5096520632505 8084.9502456635237 1324.0073158740997 2099.5116972774267 529.92678274214268 661.40312623977661 11238.314511984587 521.72655439376831 11088.567701771855 1003.2297296822071 8802.9953353106976 880.32033233344555 3084.8932943046093 1286.7067352235317
leaf_count=16729 56439 4028 14921 16598 3839 12891 5145 36045 19636 25910 9811 2380 24292 6666 15020 3398 12015 32390 5306 8412 2124 2655 45046 2092 44509 4024 35280 3527 12360 5157
internal_value=9.05855e-06 -0.000265635 -0.000161555 0.00110585 0.000715378 -0.00256928 0.000492681 0.000254906 0.000817773 3.40035e-05 -0.000138231 -0.00130534 -0.000519156 0.00204736 0.00106663 0.00185987 0.00248411 8.21667e-05 0.00133796 -0.000116332 0.000291816 -0.000533512 -0.000265479 -0.00281379 -0.00085343 -0.00453007 0.000939937 2.91359e-05 -0.00208735 -0.00105251
internal_weight=121801 97411.6 93211 24389.3 20258.6 4200.63 19302 18018.7 13878.1 79134.9 67830 10766.6 8317.61 2257.34 11304.9 7582.68 6734.04 57063.4 7780.85 49282.5 31722.9 13954.6 13293.2 2054.88 17559.7 1533.16 17768.3 8965.27 6471.11 4371.6
internal_count=488645 390653 373734 97992 81263 16919 77424 72279 55681 317295 271941 43149 33338 9046 45354 30433 27035 228792 31216 197576 127138 55941 53286 8240 70438 6148 71197 35917 25929 17517
is_linear=0
shrinkage=0.03


Tree=64
num_leaves=31
num_cat=0
split_feature=23 35 40 41 40 10 24 17 7 30 41 11 40 9 11 17 9 41 15 35 7 8 20 24 4 23 28 28 15 35
split_gain=51.7622 29.8682 38.7115 38.0418 25.8456 23.8863 25.169 26.5181 21.8445 21.5502 27.6479 28.6448 23.4845 22.4837 27.7473 24.2959 21.4703 20.6971 22.8582 20.0865 23.5221 25.192 20.1904 18.8944 20.0441 19.5434 18.3845 23.2456 22.7725 18.2805
threshold=0.23729061335325244 0.28685364127159124 0.44032992422580725 1.0000000180025095e-35 -0.30694064497947687 0.42069545388221746 1.7722507715225222 0.23875281214714053 1.6113879680633547 0.15832524746656421 0.6078576147556306 0.22927743941545489 -0.23132287710905072 0.25633540749549871 -0.27426688373088831 -0.17271570861339566 -0.048776835203170769 -0.87837970256805409 -8.2525711059570295 -0.44751270115375513 -0.15982080250978467 -0.97043138742446888 0.8742932677268983 2.6535849571228032 0.75945934653282177 0.70329853892326366 1.1504281759262087 -1.4541559815406797 -7.3110280036926261 0.4522394090890885
decision_type=2 2 2 2 2 2 2 2 2 2 2 2 2 2 2 2 2 2 2 2 2 2 2 2 2 2 2 2 2 2
left_child=-1 4 3 8 5 6 -2 -8 17 12 -11 -12 -6 14 -14 -15 -7 29 -19 -16 21 -21 -22 24 -4 -25 27 28 -5 -3
right_child=1 2 23 26 9 16 7 -9 -10 10 11 -13 13 15 19 -17 -18 18 -20 20 22 -23 -24 25 -26 -27 -28 -29 -30 -31
leaf_value=0.0010792766000846479 -0.00057413505304660967 -0.0019932992968036568 -0.0040148894816413776 0.0071944525948879623 0.0052487873117653449 0.0045556310639348428 -0.0022370536911363874 -0.0093180943319683251 -0.0051416775405678005 0.0004118270977854698 -0.0017342386966254406 -0.009403156551957087 0.0025216311589837523 -0.0016930879943083197 0.0051433640383427275 0.0021988876600122615 -0.00033174395102904676 0.0021413481978704066 -0.002574636556628174 0.0034278097973007814 -0.0022506053267094877 -0.0032345846057026876 0.0018485786892901582 0.0046869136283085268 -0.0010702356097948057 -0.0028266081223699497 0.0049905881867315666 -0.00010087584229264969 -0.00083814862249465341 0.003213357533895084
leaf_weight=29731.684472247958 17035.375379487872 960.19536235928535 6297.5216529220343 843.13230496644974 1080.1131974905729 1336.8926158994436 3847.1651490479708 535.51253490149975 1313.2423963099718 5856.5149313062429 2359.2865130603313 530.4265498071909 8917.2840439975262 5404.3983448296785 696.25294542312622 1958.877589866519 2022.4044504910707 1082.7559122443199 6081.7634794265032 611.16706635057926 1362.893091276288 2895.2816655635834 5096.2629250586033 608.8177287876606 3118.2219942510128 618.11343564093113 966.87078163027763 6645.4441503733397 503.01937653124332 1614.9594988375902
leaf_count=119556 68213 3848 25309 3378 4325 5352 15405 2144 5294 23473 9451 2125 35728 21649 2791 7846 8096 4346 24441 2450 5457 11595 20410 2439 12569 2485 3873 26641 2015 6478
internal_value=-9.0031e-06 -0.000360018 -0.00112495 -0.000347053 2.10889e-05 -0.000727648 -0.00109661 -0.00312152 -0.00152402 0.0005257 -0.000773693 -0.00316949 0.000931391 0.000756425 0.00128771 -0.000656114 0.00162102 -0.00103146 -0.00185993 0.000254301 -9.20895e-05 -0.0020669 0.000981502 -0.00258593 -0.00304188 0.00090944 0.00110516 0.000629432 0.00420885 0.00127176
internal_weight=121932 92200.2 30654.1 20011.4 61546.1 24777.4 21418.1 4382.68 11052.9 36768.8 8746.23 2889.71 28022.5 26942.4 19579.1 7363.28 3359.3 9739.67 7164.52 10661.9 9965.6 3506.45 6459.16 10642.7 9415.74 1226.93 8958.47 7991.6 1346.15 2575.15
internal_count=489182 369626 123116 80314 246510 99210 85762 17549 44407 147300 35049 11576 112251 107926 78431 29495 13448 39113 28787 42703 39912 14045 25867 42802 37878 4924 35907 32034 5393 10326
is_linear=0
shrinkage=0.03


Tree=65
num_leaves=31
num_cat=0
split_feature=6 13 9 30 24 31 17 31 36 32 22 15 11 43 4 17 15 36 15 39 15 24 30 36 22 31 41 24 10 9
split_gain=31.9423 28.7256 26.0691 24.3591 30.6942 21.7199 19.4501 18.7227 18.6403 23.2127 18.584 17.7835 19.4362 17.4683 20.1435 17.3299 27.5931 24.5492 22.3797 20.724 24.7641 18.1066 16.4441 19.8017 16.1288 15.9483 15.5397 28.9907 19.7358 19.1692
threshold=0.15032459795475009 -9.2643795013427717 -0.53294134140014637 0.27417504787445074 1.7722507715225222 -0.5483340024948119 0.61636611819267284 -0.032136924564838402 0.85368046164512645 -0.40439061820507044 1.6760292649269106 -6.7395648956298819 2.3942627906799321 0.16666667163372043 0.16760639846324923 0.14166538417339328 -7.4208178520202628 -0.87487745285034169 -8.1293549537658674 -0.90164175629615773 -7.1542246341705313 1.7254166603088381 -0.65562698245048512 -0.59988194704055775 1.6111528873443606 0.75385504961013805 -0.60785761475563038 1.1020623445510866 -0.010446920059621332 1.054830849170685
decision_type=2 2 2 2 2 2 2 2 2 2 2 2 2 2 2 2 2 2 2 2 2 2 2 2 2 2 2 2 2 2
left_child=2 -2 11 25 5 -5 -7 -6 9 -3 -8 12 15 14 22 17 18 -1 -17 -18 24 -20 -11 -24 -21 26 29 28 -28 -4
right_child=1 8 3 4 7 6 10 -9 -10 13 -12 -13 -14 -15 -16 16 19 -19 21 20 -22 -23 23 -25 -26 -27 27 -29 -30 -31
leaf_value=-0.0003275043906976125 0.005585678152169136 0.0019984975316451269 0.00086311474752569456 0.0058120497484955985 0.0069693023243443796 -0.00085586451453205869 0.00055248565903770431 0.0015519259959150477 0.0002809515659573367 -0.0036521065138718656 0.007630119357935612 0.0056916193689719573 -0.0041009154688596222 -0.00085916937773001113 -0.0036918878111808426 0.0033421497836079962 -0.0020881943880437792 0.0024304983099841908 -0.001072030115771692 0.010908532004090834 -0.00030511383557514242 -0.0058025366208340635 -0.0026946254417117141 0.0036554534984841298 0.0032609263447495726 0.0046452151222155661 -0.0011980520148500481 -0.00044944632134853024 -0.0053794699462012133 -0.003002362424974142
leaf_weight=3877.1720440685749 657.41077299416065 2170.2442255914211 9983.1695262640715 598.27084708213806 1155.3416687697172 5906.5677599906921 974.51729503273964 1146.3038968741894 13543.225970596075 949.80337512493134 499.29663719236851 758.42706193029881 631.43245273828506 29447.987995550036 4653.7914519160986 649.62710371613503 650.13644634187222 11543.77297540009 2089.2906486093998 501.27794928848743 664.59330734610558 1112.8065643012524 714.66310213506222 1125.2084881961346 506.01654814183712 541.81049257516861 2094.9741827994585 19064.365125998855 1975.970032736659 1295.6068420410156
leaf_count=15597 2632 8692 40063 2407 4634 23674 3903 4593 54338 3806 2002 3051 2534 118119 18679 2614 2613 46396 8403 2014 2675 4471 2864 4509 2040 2171 8397 76404 7915 5194
internal_value=-4.91295e-05 -0.000599616 0.00038068 -3.73965e-05 0.0012456 0.000363196 -8.57675e-05 0.00428964 -0.000677961 -0.00101042 0.0029855 0.00120316 0.00104751 -0.00118792 -0.00248562 0.00119988 -0.000143181 0.00173731 -0.001699 0.00243379 0.00419419 -0.00272894 -0.000467304 0.00118765 0.00713656 -0.000414965 -0.000495958 -0.000940935 -0.00323585 0.000416816
internal_weight=121483 53262.3 68220.7 45236.2 10280.3 7978.65 7380.38 2301.65 52604.9 39061.7 1473.81 22984.6 22226.1 36891.5 7443.47 21594.7 6173.75 15420.9 3851.72 2322.02 1671.89 3202.1 2789.67 1839.87 1007.29 34955.9 34414.1 23135.3 4070.94 11278.8
internal_count=487404 213639 273765 181357 41213 31986 29579 9227 211007 156669 5905 92408 89357 147977 29858 86823 24830 61993 15488 9342 6729 12874 11179 7373 4054 140144 137973 92716 16312 45257
is_linear=0
shrinkage=0.03


Tree=66
num_leaves=31
num_cat=0
split_feature=23 13 10 23 21 14 11 16 14 23 8 30 37 10 35 21 23 5 31 30 10 35 9 35 14 24 20 43 16 24
split_gain=33.6895 21.9648 31.8339 28.5139 22.5433 23.1219 21.6389 18.1429 17.3538 19.2251 24.3895 21.8735 18.6376 18.4629 17.5535 17.3982 16.565 16.4977 16.0741 16.0391 15.5329 20.9722 15.3746 14.9328 18.8573 15.6931 15.7702 19.2378 17.0098 20.4647
threshold=0.23729061335325244 -9.1651368141174299 0.52612483501434337 0.92333313822746288 0.99629890918731701 -7.681490182876586 0.93993571400642406 -0.20361825823783872 -8.6447439193725568 0.44539451599121099 -0.74611017107963551 0.28457190096378332 -1.0000000180025095e-35 2.1467480659484868 -0.19972542673349378 0.38829021155834204 0.62385532259941112 0.051455061882734306 -0.60767361521720875 0.39558598399162298 -0.96628114581108082 -0.24870765209197995 0.46314190328121191 0.1991856396198273 -8.4995326995849592 0.86161416769027721 1.5480308532714846 0.36666667461395269 -0.09419547393918036 1.7122647762298586
decision_type=2 2 2 2 2 2 2 2 2 2 2 2 2 2 2 2 2 2 2 2 2 2 2 2 2 2 2 2 2 2
left_child=7 2 -2 8 -5 6 -6 -1 12 10 14 -12 -3 23 17 -13 -14 19 20 -10 -9 -22 -20 24 -11 -26 28 -28 29 -27
right_child=1 3 -4 4 5 -7 -8 18 9 13 11 15 16 -15 -16 -17 -18 -19 22 -21 21 -23 -24 -25 25 26 27 -29 -30 -31
leaf_value=-1.0423189202106435e-06 0.0070021486283645754 -0.0058500542587347206 -0.0024706375515424098 -0.002616057515721317 0.0030258320036287874 -0.0026135806021907663 -0.0032440567557664945 -0.00072766087708564043 0.0030481550860222916 0.005666340813272842 -0.0019703523496757101 -0.0017215572490971215 0.0024326215261573671 0.0033595793734595065 0.0036403795156474805 0.0023836650431361731 -0.0039304934667100206 -0.002438195319364156 0.00069846096930476669 -0.0017846466581676968 0.0071045339493168644 0.0010574323182026401 0.0035888617565258533 -0.0004504148182591442 -0.0023495381634240742 0.001764602476897728 -4.586989779163861e-05 0.0032837153401225057 -0.0011360879681225483 -0.0004689449925690074
leaf_weight=12739.606098845601 846.03754402697086 965.31487937271595 502.62166467308998 8212.958860129118 2259.9152593463659 1867.2331077903509 624.85276511311531 587.93701420724392 1744.2433455884457 633.11267857253551 12919.150204330683 1617.5621855258942 792.04136928915977 1650.8735483288765 1509.1485557258129 2156.3639346510172 670.92529936134815 1669.8169883340597 12303.763541713357 946.10026687383652 1322.1428002268076 849.21946959197521 1905.5555170625448 21762.632632046938 1662.0920260697603 8332.3926334679127 2622.6877288818359 3849.8488197177649 5802.3641575574875 6616.9167314618826
leaf_count=51137 3388 3869 2013 33011 9081 7500 2515 2383 7004 2535 51745 6479 3173 6621 6046 8638 2691 6695 49533 3799 5360 3419 7641 87345 6652 33359 10502 15416 23229 26493
internal_value=-2.37616e-05 -0.000306759 0.00347961 -0.00036332 -0.00166545 -2.0457e-05 0.00166123 0.000854687 -0.000146485 -6.60236e-05 -0.000799099 -0.00138376 -0.00263749 0.000246538 0.000863275 0.000624205 -0.000492414 -0.000104073 0.00149677 0.00134831 0.00358853 0.0047552 0.00108833 0.000145687 0.000585156 0.000471868 0.00064492 0.00193657 0.00024131 0.000776329
internal_weight=121945 92237.2 1348.66 90888.5 12965 4752 2884.77 29708.2 77923.6 75495.3 22562.4 16693.1 2428.28 52932.9 5869.31 3773.93 1462.97 4360.16 16968.6 2690.34 2759.3 2171.36 14209.3 51282 29519.4 28886.3 27224.2 6472.54 20751.7 14949.3
internal_count=489272 369799 5401 364398 52107 19096 11596 119473 312291 302558 90406 66862 9733 212152 23544 15117 5864 17498 68336 10803 11162 8779 57174 205531 118186 115651 108999 25918 83081 59852
is_linear=0
shrinkage=0.03


Tree=67
num_leaves=31
num_cat=0
split_feature=23 15 8 36 21 28 7 14 7 11 36 12 12 7 35 10 10 14 23 15 43 21 4 1 12 27 28 14 35 1
split_gain=32.4272 37.0969 24.834 20.5128 19.625 18.6427 17.5829 17.2271 17.0243 16.911 15.8391 15.6266 15.5392 14.5603 14.1828 16.3876 14.2303 42.1416 17.0701 17.4637 14.4696 19.5756 13.9964 13.4172 18.9604 17.2024 15.0772 13.8935 14.8164 13.3525
threshold=0.91985329985618602 -7.7503356933593741 -0.74611017107963551 -0.91663193702697743 0.9036918878555299 1.7914510369300845 -1.1490179300308225 -8.8727588653564435 -0.79307761788368214 2.3942627906799321 0.8695686161518098 -8.9659123420715314 -6.4332399368286124 0.56282654404640209 0.38091069459915167 1.3734968304634096 0.35117822885513311 -7.2617812156677237 0.35942578315734869 -7.6176066398620597 0.63333335518836986 0.10147638246417047 1.0198724865913393 0.050677964463830001 -8.6230297088623029 -0.37232072651386255 1.1203652024269106 -6.6996920108795157 -0.44751270115375513 0.23569208383560183
decision_type=2 2 2 2 2 2 2 2 2 2 2 2 2 2 2 2 2 2 2 2 2 2 2 2 2 2 2 2 2 2
left_child=2 7 5 9 -3 12 -5 -2 -8 11 -9 -4 13 14 15 16 20 18 19 -18 -1 -22 -6 25 -25 26 -10 28 -26 -13
right_child=1 4 3 6 22 -7 8 10 23 -11 -12 29 -14 -15 -16 -17 17 -19 -20 -21 21 -23 -24 24 27 -27 -28 -29 -30 -31
leaf_value=0.00020205826567493628 0.0060031302363669388 -0.0047907649047946215 -0.0048825544966586976 0.0023200265243473435 -0.0032917741511939622 -0.0041816276606604953 -0.001681906541028048 -0.0014727072231551532 0.00024354602208994031 -0.0058236723317849591 0.0024284473044068281 -0.00031925839459382365 0.0057425158497316966 -0.0032460512167052685 0.0059896546627570667 -0.0041993528708099094 0.0061470512506220671 0.010912103673746671 -0.002576528899696979 -1.2973124724109217e-05 0.0048967455777110024 0.00097829359359817114 -0.00054862898968153888 0.0029548161248357874 0.0034536879361841458 -0.00094859810321604805 0.0044344344596896684 -0.0027227757740594786 0.00032414276545301768 -0.002899620170568505
leaf_weight=11664.780005991459 505.59883664548397 2468.4759926348925 818.33898431062698 3073.7393530607224 2831.7664404660463 604.72176578640938 4979.9961072355509 2226.7780121862888 12013.565712615848 633.06994518637657 1601.5486327707767 13871.899394229054 625.13005791604519 700.51036211848259 515.64905759692192 522.58817307651043 809.8691628575325 500.48993906378746 682.70681059360504 837.04447636008263 1559.7527562379837 4292.2710451036692 4085.9391938596964 2760.1145465672016 1432.2055077403784 16616.92689871788 815.81914520263672 1253.7794453501701 24407.818460777402 2065.4500034451485
leaf_count=46924 2026 9917 3281 12365 11373 2438 19980 8953 48143 2538 6438 55620 2520 2805 2066 2097 3255 2012 2733 3365 6296 17247 16433 11060 5741 66603 3270 5022 97819 8281
internal_value=-6.59264e-05 -0.00143923 0.000108558 -0.000130022 -0.0024984 0.000975385 0.000107174 0.000855136 1.01621e-06 -0.00104831 0.000161383 -0.000864524 0.00111448 0.000980946 0.00112086 0.000997751 0.00113323 0.00310359 0.00138655 0.00303503 0.0008133 0.00202926 -0.00167467 0.000142607 0.000590679 -0.000311714 0.00051329 0.000348837 0.000498869 -0.000655277
internal_weight=121778 13720.1 108058 84742.7 9386.18 23315.5 67354 4333.93 64280.2 17388.8 3828.33 16755.7 22710.8 22085.7 21385.2 20869.5 20346.9 2830.11 2329.62 1646.91 17516.8 5852.02 6917.71 59300.2 29853.9 29446.3 12829.4 27093.8 25840 15937.3
internal_count=488621 55140 433481 339723 37723 93758 270003 17417 257638 69720 15391 67182 91320 88800 85995 83929 81832 11365 9353 6620 70467 23543 27806 237658 119642 118016 51413 108582 103560 63901
is_linear=0
shrinkage=0.03


Tree=68
num_leaves=31
num_cat=0
split_feature=23 13 39 13 12 34 40 40 35 39 11 41 15 28 25 40 25 14 14 15 40 28 7 34 15 35 11 14 6 6
split_gain=36.1515 21.5061 20.5418 35.0191 23.7476 23.4538 21.8225 20.8241 28.0225 20.0474 18.7647 18.6158 23.5703 18.9614 18.2501 18.199 16.7399 22.9045 22.4418 17.4988 16.7325 16.2484 16.0992 15.97 36.6466 35.8233 15.6061 14.7571 14.7274 14.7175
threshold=0.12009462714195253 -9.0173082351684553 -0.4047416597604751 -8.7030806541442853 -6.4887268543243399 0.26608330011367803 -0.4981082528829574 -0.29445663094520563 0.083073917776346221 -0.18008953332900998 0.63498789072036754 -1.0000000180025095e-35 -7.3438947200775138 -0.96452420949935902 0.66032421588897716 0.1757958605885506 0.42665871977806097 -7.601829767227172 -7.8796834945678702 -7.034529209136962 -0.82288655638694752 1.1504281759262087 -0.48999506235122675 0.75556853413581859 -7.5814585685729972 0.75764441490173351 -0.26381151378154749 -8.4610958099365217 0.54916113615036022 -0.72839823365211476
decision_type=2 2 2 2 2 2 2 2 2 2 2 2 2 2 2 2 2 2 2 2 2 2 2 2 2 2 2 2 2 2
left_child=1 -1 3 10 9 7 -7 8 28 16 -2 13 -13 -8 -10 -14 17 18 -4 -18 22 -9 -3 -11 25 -25 -23 -22 -5 -29
right_child=2 20 4 5 -6 6 11 21 14 23 -12 12 15 -15 -16 -17 19 -19 -20 -21 27 26 -24 24 -26 -27 -28 29 -30 -31
leaf_value=-0.0043119348519857189 0.0072727720023956412 0.004627962854207226 -0.003295688331626751 -0.00085565157100279661 0.0041220002261940173 0.0011237236462656838 -0.0072884414414896752 0.0010632197279755234 0.0044110523983068427 -0.00030752138423603643 0.00011703494399799589 -0.0021191208569986191 0.0054721191158448399 -0.0021533915833382542 -0.00066480518117909254 -0.0003903396129969502 -0.0004399336712176561 -0.0007451907357026923 -0.010875790421781517 -0.0058242238609513839 0.0050714078947850429 0.0012156842661374893 -0.00070803438344703732 -0.0031849015799438295 -0.0058150509699335454 0.0062054831500677416 0.0086981837312286297 0.001397901936098542 -0.0047040586191426795 -0.00097335342693358174
leaf_weight=585.38917849957943 965.07733936607838 2389.673337161541 854.99429827928543 6010.4433197975159 954.7021855711937 3326.3845717906952 852.49460902810097 15129.552237942815 1462.9086694866419 54256.183070614934 498.90511313080788 3390.27002350986 795.55822576582432 2654.7788243442774 1119.9360986799002 1163.9638012647629 4635.4022758156061 1096.3905913978815 603.08679385483265 605.68969671428204 751.30974306166172 502.2492797523737 642.75224582850933 850.99071902036667 1516.3857101052999 625.72620739042759 498.86975811421871 8775.7255738526583 1043.1402087509632 3210.6705062389374
leaf_count=2359 3871 9639 3428 24089 3832 13350 3423 60646 5856 217509 2001 13609 3188 10668 4483 4671 18593 4397 2418 2429 3028 2019 2579 3431 6119 2520 2003 35381 4174 12886
internal_value=-2.35461e-05 0.00128831 -0.000227189 0.000314679 -0.000550789 0.000138433 -0.00094568 0.000651202 -0.000451934 -0.000619997 0.00485153 -0.00172326 -0.000607433 -0.00341871 0.00221606 0.00200549 -0.00204631 -0.0040332 -0.00648367 -0.00107208 0.00149879 0.00131008 0.00349834 -0.000425454 -0.00255509 0.000809043 0.00499345 0.00102039 -0.00143064 0.000762457
internal_weight=121770 16355.5 105414 39414.5 65999.6 37950.5 12183.5 25767.1 9636.43 65044.8 1463.98 8857.07 5349.79 3507.27 2582.84 1959.52 7795.56 2554.47 1458.08 5241.09 15770.1 16130.7 3032.43 57249.3 2993.1 1476.72 1001.12 12737.7 7053.58 11986.4
internal_count=488599 65872 422727 158051 264676 152179 48909 103270 38602 260844 5872 35559 21468 14091 10339 7859 31265 10243 5846 21022 63513 64668 12218 229579 12070 5951 4022 51295 28263 48267
is_linear=0
shrinkage=0.03


Tree=69
num_leaves=31
num_cat=0
split_feature=29 35 41 11 40 14 10 10 40 35 14 10 15 24 11 17 42 16 40 41 6 40 41 10 15 14 11 24 24 12
split_gain=29.8932 22.3467 35.6958 23.0432 22.8617 19.5959 20.8385 19.7866 18.9053 46.4842 29.5617 27.2387 32.6912 23.6137 25.7281 22.3487 26.5083 21.0328 19.4829 18.7972 24.8481 30.4468 19.6723 19.0429 18.6704 19.5962 23.2215 18.6195 23.8114 23.6687
threshold=-0.40517970919609064 0.25696732103824621 1.0000000180025095e-35 2.606026411056519 0.48671542108058935 -7.2060618400573722 0.36094406247138983 0.89921528100967418 0.56460559368133556 -0.29937241971492762 -7.2286112308502188 -0.44004213809967035 -7.4208178520202628 1.0213341712951662 0.76814171671867382 -0.087853066623210893 1.0000000180025095e-35 -0.19535953551530835 0.92799669504165661 -0.60785761475563038 -1.1028429865837095 0.1757958605885506 -0.87837970256805409 0.20307932049036029 -7.1116971969604483 -7.5636136531829825 1.2046110630035403 0.93104976415634166 1.3829849958419802 -8.2104353904724103
decision_type=2 2 2 2 2 2 2 2 2 2 2 2 2 2 2 2 2 2 2 2 2 2 2 2 2 2 2 2 2 2
left_child=5 8 3 27 -4 19 -7 -8 10 -10 -2 12 -12 -11 -15 -13 -17 -14 -16 20 21 22 -1 -22 25 -6 -27 -3 29 -29
right_child=1 2 4 -5 24 6 7 -9 9 13 11 15 17 14 18 16 -18 -19 -20 -21 23 -23 -24 -25 -26 26 -28 28 -30 -31
leaf_value=-0.0027110179672963754 0.00017166885382833942 0.0032413908779851766 0.0011084661736004847 0.002974180000597436 -0.0031872134471316454 0.0011670147062218656 0.0087997132633772304 0.0024910763508719891 0.0033927341564159983 -0.0029164535427867143 -0.0087773223272864208 0.0034645961332738819 -0.0043282052319841002 0.0012641472692452168 -5.0462977239256916e-05 -0.0029410811808310848 0.0034993995015353365 0.0002323562746117996 -0.0056784587302394956 -4.0070494181522798e-05 0.0021751388295555962 0.0092445573046517314 0.0051640957731357105 -0.0012050417620942729 -0.0055854049113702479 -0.0010456086810714524 0.0054448416259793358 -0.0078562973504840185 -0.0015143090766645498 -0.0028406852560907744
leaf_weight=523.73741370439529 31765.365524858236 560.2053270637989 9089.8981755971909 844.17818635702133 1518.8819096237421 4055.2704345136881 734.43606694042683 1151.3802632540464 4933.97965285182 2110.5884021967649 828.26251994073391 1154.1628333181143 1935.4708545058966 8929.4228441268206 1393.8144996017218 2389.5667058229446 747.29712478816509 1708.3625693172216 908.5314512103796 18746.507837980986 3578.1951436549425 769.66784676909447 605.50010645389557 2569.0380817055702 814.76368506252766 1397.3225236535072 757.11022026836872 1131.7222212702036 10688.122316017747 3370.8832871615887
leaf_count=2112 127274 2250 36440 3392 6109 16312 2947 4618 19826 8454 3319 4624 7754 35771 5584 9572 2994 6855 3642 75250 14372 3122 2464 10303 3273 5612 3040 4553 42981 13558
internal_value=5.18018e-05 -0.000233373 -0.000896945 -0.00182987 0.000243797 0.000826807 0.00238413 0.00498145 0.000107204 0.00090795 -0.000254027 -0.00179556 -0.00343117 -1.27718e-05 0.000534975 -8.69284e-05 -0.00140052 -0.00219526 -0.00228629 0.000480721 0.00169265 0.0046829 0.0015199 0.000762838 -0.00150603 -0.000588488 0.00124988 -0.00208907 -0.00228765 -0.00411597
internal_weight=121712 88977.9 30173.1 16595.1 13578 32733.7 5941.09 1885.82 58804.8 18276.3 40528.5 8763.12 4472.1 13342.4 11231.8 4291.03 3136.86 3643.83 2302.35 26792.6 8046.14 1898.91 1129.24 6147.23 4488.08 3673.31 2154.43 15750.9 15190.7 4502.61
internal_count=488377 356877 121208 66734 54474 131500 23877 7565 235669 73277 162392 35118 17928 53451 44997 17190 12566 14609 9226 107623 32373 7698 4576 24675 18034 14761 8652 63342 61092 18111
is_linear=0
shrinkage=0.03


Tree=70
num_leaves=31
num_cat=0
split_feature=6 23 14 3 14 11 36 23 40 5 31 15 40 18 12 42 41 40 11 24 28 14 7 40 40 28 11 40 7 24
split_gain=26.1264 22.3704 20.056 26.3934 19.1111 34.7071 29.3911 26.0361 22.1747 20.9394 19.9401 18.7992 18.1799 19.4207 18.0248 22.4753 41.701 28.2641 19.6928 17.8173 17.7609 17.7237 17.7092 16.8079 16.8031 16.6743 23.0002 20.7725 22.091 17.5802
threshold=-0.75395882129669178 0.2727999091148377 -8.9880728721618635 -1.0000000180025095e-35 -7.5689480304718009 0.10046520829200746 0.90012162923812877 0.91604387760162365 0.90164175629615795 2.0099606513977055 -0.5483340024948119 -7.1048734188079825 -0.9938141107559203 1.9659292101860049 -9.1207456588745099 1.0000000180025095e-35 0.6078576147556306 0.22707572579383853 0.75419288873672496 1.9557425379753115 -2.9359002113342281 -7.7344932556152335 -0.80553814768791188 0.95436844229698192 -0.0065449222456663838 -1.6881791949272154 -1.6070371270179746 0.39273749291896826 0.13074954599142077 2.0229389667510991
decision_type=2 2 2 2 2 2 2 2 2 2 2 2 2 2 2 2 2 2 2 2 2 2 2 2 2 2 2 2 2 2
left_child=1 14 3 -2 5 9 8 10 12 25 11 -6 -7 20 -1 17 -17 18 21 24 -14 -16 -20 -10 -8 -4 29 28 -28 -27
right_child=2 -3 4 -5 7 6 19 -9 23 -11 -12 -13 13 -15 15 16 -18 -19 22 -21 -22 -23 -24 -25 -26 26 27 -29 -30 -31
leaf_value=-0.0032955452485824983 -0.0019905766060556952 -0.00084240039159404494 0.0016129859008296619 0.0062655053757814739 0.0049274065509954564 0.0024473252616110056 0.0011489547300575259 -0.0015946591884764879 -0.0079486328906126311 -0.0052440686918243749 0.00039436065430710081 -0.0011643056978234453 -0.0074405141826479858 0.0011175408867373155 -0.0035964068886850239 0.0045835867371633162 -1.1355443578234425e-05 0.0025345816889572347 0.0059643915454813306 0.0036385479027362323 -0.0019079786295300527 -1.6523262807740601e-05 -0.00097737305996820891 -0.0027726967280698868 -0.0021924212909472875 -0.0043088359334817515 -0.0019740346019528551 0.0016778952660122819 0.00084532394502284084 0.0020126723289182087
leaf_weight=695.99280434846878 538.45118772983551 4939.0673338621855 6843.4931831806898 957.87571585178375 1670.0024537444115 976.45146179199219 3032.4066249132156 5749.9304180145264 842.73142363131046 606.76435422897339 34852.67143727839 621.20223127305508 533.66929298639297 1882.8187104910612 1934.9748860150576 4717.1170062422752 2848.7762134969234 4673.1151546984911 708.41520142555237 1233.7337787300348 14236.206248641014 3457.2448700666428 608.40923401713371 1728.8937228322029 2431.8096754550934 1792.0802168995142 4960.9507683068514 5984.3220488727093 5026.0496221184731 500.92693711817265
leaf_count=2801 2158 19804 27418 3837 6698 3916 12163 23101 3385 2442 139675 2492 2139 7565 7781 19065 11461 18822 2851 4950 57096 13917 2438 6950 9763 7183 19873 23998 20145 2009
internal_value=8.77707e-05 0.000961122 -0.000133635 0.00330107 -0.000187787 -0.000570913 -0.00132407 0.000282177 -0.00189486 0.000217139 0.000573066 0.00327791 -0.00151352 -0.0017471 0.00141478 0.00158944 0.00285573 0.000745953 -0.000501815 0.000397662 -0.00211278 -0.00130543 0.00277391 -0.00449309 -0.000339389 0.000351151 -0.000122272 0.000281711 -0.00055574 -0.00292511
internal_weight=121587 24583.1 97003.4 1496.33 95507.1 52613.3 26898.7 42893.8 20200.8 25714.6 37143.9 2291.2 17629.1 16652.7 19644 18948.1 7565.89 11382.2 6709.04 6697.95 14769.9 5392.22 1316.82 2571.63 5464.22 25107.8 18264.3 15971.3 9987 2293.01
internal_count=487896 98940 388956 5995 382961 210995 107927 171966 81051 103068 148865 9190 70716 66800 79136 76335 30526 45809 26987 26876 59235 21698 5289 10335 21926 100626 73208 64016 40018 9192
is_linear=0
shrinkage=0.03


Tree=71
num_leaves=31
num_cat=0
split_feature=29 6 13 35 40 5 13 41 41 40 3 26 14 17 14 24 17 40 25 31 13 9 13 15 8 25 29 40 24 22
split_gain=31.0041 26.4516 16.5033 14.1977 24.1249 17.5057 16.702 16.9851 21.0983 21.6631 21.1034 19.4128 18.8225 16.4504 19.674 29.7487 29.0072 24.0018 23.8478 34.2158 22.6772 21.1577 28.9101 18.3618 20.4723 17.9774 17.9673 19.8934 18.3895 17.4189
threshold=-0.41934420168399805 -1.3289610743522642 -6.7600140571594229 0.28685364127159124 0.42853991687297827 -0.27129468321800226 -6.5979526042938224 1.0000000180025095e-35 -0.87837970256805409 -0.61737772822380055 0.88855415582656871 -1.0659156441688535 -8.0258331298828107 0.47999191284179693 -7.618036985397338 1.8076155185699465 -0.049656067043542855 -0.4047416597604751 0.84220048785209667 0.27568869292736059 -7.8182170391082755 -0.52310463786125172 -6.8405616283416739 -7.5345563888549796 -1.1598852872848509 0.23474448919296267 0.37268485128879553 0.49810825288295751 1.5324560999870303 1.2157468199729922
decision_type=2 2 2 2 2 2 2 2 2 2 2 2 2 2 2 2 2 2 2 2 2 2 2 2 2 2 2 2 2 2
left_child=1 -1 -3 13 6 -6 7 8 11 12 -11 -5 -10 14 23 20 18 -18 19 25 -16 22 26 -2 -25 -17 27 28 -22 -26
right_child=3 2 -4 4 5 -7 -8 -9 9 10 -12 -13 -14 -15 15 16 17 -19 -20 -21 21 -23 -24 24 29 -27 -28 -29 -30 -31
leaf_value=0.0025489597638518034 -3.4709173806517758e-05 0.00013613557058483671 0.0037332841199730678 -0.0024177751025456018 -0.0048320668097717031 -0.0015379511601964742 0.0048360261095810285 0.00057451240367959019 0.0022343580685334403 -0.004875040762252628 0.0001113481597897333 0.0029422360382651185 -0.0024221341353353929 -0.0018272866495913148 -0.0045370838223578536 0.0033898551236290313 -0.0076266054128378913 -0.0015575672330468129 -0.0051856886688841849 0.0049453017607333106 0.0038386242946220174 0.00094090401906106805 -0.0024351564577908156 0.0037963038552450215 -0.00023805637530910701 -0.0013659022264088101 0.0078550578638842804 0.006903420926858455 -0.002173378610634635 -0.0030897589327135732
leaf_weight=5762.2898937165737 22812.203379154205 24725.535503342748 1193.8162329643965 942.71975116431713 1763.2668700367212 8130.9049320667982 544.70592883229256 7985.9240225851536 1447.4599742293358 2969.8815633356571 1026.5973091125488 1674.0863609462976 1674.0952897518873 4707.3880097568035 544.00842647254467 913.72470559179783 742.76294894516468 2691.7053540349007 581.58732733130455 1537.2111579179764 1116.3758968710899 11011.545335963368 643.78473851084709 572.28825421631336 3073.2401500344276 3162.2507727593184 996.50293247401714 856.73511056602001 763.10142651200294 5170.1532696634531
leaf_count=23311 91424 99192 4793 3781 7072 32741 2181 32016 5824 11935 4141 6720 6734 18869 2180 3668 2976 10792 2333 6158 4481 44117 2585 2301 12307 12669 3995 3444 3061 20721
internal_value=-9.47113e-05 0.00071233 0.000303192 -0.000378675 -0.00093701 -0.00212929 -0.000290356 -0.000450571 -0.00129122 -0.00213723 -0.00359708 0.00100941 -0.000262686 -0.000124552 1.58999e-05 0.000634714 -0.000681295 -0.00288843 0.000545056 0.00114699 0.00143003 0.00164379 0.00340613 -0.000484261 -0.0016462 -0.000294101 0.0044174 0.00314139 0.00139906 -0.00202819
internal_weight=121738 31681.6 25919.4 90056.2 28159.6 9894.17 18265.5 17720.8 9734.84 7118.03 3996.48 2616.81 3121.56 61896.6 57189.2 25561.3 9629.24 3434.47 6194.77 5613.19 15932.1 15388 4376.5 31627.9 8815.68 4075.98 3732.72 2736.21 1879.48 8243.39
internal_count=488522 127296 103985 361226 113145 39813 73332 71151 39135 28634 16076 10501 12558 248081 229212 102459 38596 13768 24828 22495 63863 61683 17566 126753 35329 16337 14981 10986 7542 33028
is_linear=0
shrinkage=0.03


Tree=72
num_leaves=31
num_cat=0
split_feature=21 36 23 15 24 39 43 29 19 43 34 19 14 18 28 11 17 17 24 40 22 25 34 14 41 39 25 17 15 40
split_gain=30.5281 23.2174 18.2307 25.3901 24.1171 23.2017 16.0037 18.0243 17.3581 16.9435 15.2693 14.6432 16.1675 14.0174 19.8216 14.7085 25.0885 24.1716 20.8769 21.9978 19.9366 20.6593 15.0113 14.4871 13.5757 15.2213 13.0967 13.0724 14.9349 13.5098
threshold=0.12072306126356126 -0.99088832736015309 0.91604387760162365 -8.5302562713623029 0.90223756432533275 -0.58601745963096608 0.70000001788139354 0.36519658565521246 0.019811890088021759 0.16666667163372043 -0.50337490439414967 0.94121029973030101 -8.3667035102844221 1.4100736975669863 -0.86205738782882679 0.48160754144191747 0.36582519114017492 0.30148254334926611 2.6535849571228032 0.974856197834015 1.3232676982879641 0.50984269380569469 -0.47773768007755274 -7.5022554397582999 0.6078576147556306 0.054514370858669288 0.783513903617859 -0.25968925654888148 -7.537970542907714 -0.76744312047958363
decision_type=2 2 2 2 2 2 2 2 2 2 2 2 2 2 2 2 2 2 2 2 2 2 2 2 2 2 2 2 2 2
left_child=6 -2 4 -4 5 -3 7 8 -1 -10 -8 12 26 15 -15 17 18 20 19 -17 21 24 -22 27 -14 -26 -6 29 -29 -16
right_child=1 2 3 -5 11 -7 10 -9 9 -11 -12 -13 13 14 23 16 -18 -19 -20 -21 22 -23 -24 -25 25 -27 -28 28 -30 -31
leaf_value=-0.00088226436687070049 -0.0014359974035634806 0.0012298131516251579 0.0053358290823462412 -0.001328046757011817 -0.0009062503566120108 -0.0033928857224348971 0.0048271963205165445 0.0033737660523211867 0.0034976948501584592 0.00031513181229169285 0.0014186592737104094 0.0011326245653468607 0.0029378125655907454 -0.0022872781521350175 0.0042799023622555618 -0.000777941908108028 0.0041302873778023908 -0.0010255911042685161 0.0032096212253625708 -0.0062311143869753591 -0.00057486412602118775 -0.0010171163197114045 0.0028096678889234323 0.0011189611283180087 0.0023737574748885003 -0.004165948486916338 -0.0052101693782413399 -0.0012451339774373943 -0.0064882890469081175 -0.00086866087275880332
leaf_weight=7072.5225779563189 12120.507823765278 1409.3182290792465 526.53358052670956 12718.734092175961 3022.5698777735233 3145.3876115679741 1616.4596449434757 1782.166476354003 2059.5318719148636 5533.0327062606812 4390.7661686390638 14582.476813226938 3101.1593626141548 4263.8724584430456 664.70944108068943 9182.9993935972452 1031.4437425583601 4414.6125663518906 1075.0944615751505 708.28736521303654 1360.6273109316826 4526.9246257245541 8697.8832741826773 5986.9722751677036 663.56119437515736 601.23421996831894 798.14179202914238 2475.1004859358072 601.65423452854156 1424.9019821733236
leaf_count=28427 48615 5645 2112 51132 12125 12599 6540 7144 8279 22243 17601 58450 12431 17100 2669 36819 4135 17701 4308 2846 5483 18135 34863 24051 2658 2407 3208 9949 2420 5727
internal_value=1.98546e-05 -0.000206466 -3.49956e-05 -0.00105931 0.000149115 -0.00196297 0.00101839 0.00053369 0.000186487 0.00118189 0.00234235 0.000288427 6.28009e-05 0.000204534 -0.000550118 0.000533594 -0.000320053 0.000971869 -0.000742012 -0.00117433 0.00143746 0.000401884 0.00235172 0.000115445 0.00187216 -0.000743256 -0.00181659 -0.00104738 -0.00228812 0.000781691
internal_weight=121559 99104.7 86984.2 13245.3 73738.9 4554.71 22454.5 16447.3 14665.1 7592.56 6007.23 69184.2 54601.8 50781 15417.2 35363.8 11997.8 23366 10966.4 9891.29 18951.4 8892.88 10058.5 11153.3 4365.95 1264.8 3820.71 5166.37 3076.75 2089.61
internal_count=487822 397588 348973 53244 295729 18244 90234 66093 58949 30522 24141 277485 219035 203702 61916 141786 48108 93678 43973 39665 75977 35631 40346 44816 17496 5065 15333 20765 12369 8396
is_linear=0
shrinkage=0.03


Tree=73
num_leaves=31
num_cat=0
split_feature=9 41 17 30 10 5 5 22 12 12 21 14 30 11 40 14 37 14 17 14 40 17 9 40 14 40 14 31 42 12
split_gain=32.7768 30.2089 26.9852 27.0169 26.1425 21.8539 21.4714 20.9439 20.6008 21.1693 25.3492 20.9642 20.9341 18.7415 21.2501 21.4659 18.72 18.3719 23.6037 19.7295 16.2341 19.032 17.6846 15.7406 16.9939 15.1737 14.9484 14.7501 16.5999 17.1358
threshold=-0.52310463786125172 0.6078576147556306 -0.79713183641433705 0.57739835977554332 0.19362884014844897 -0.15176220983266828 -1.8913201689720152 1.5516828298568728 -6.4887268543243399 -9.2983093261718732 0.98810920119285595 -8.6447439193725568 -0.89356139302253712 -0.85245776176452626 0.54280677437782299 -7.0780494213104239 -0.66451796889305104 -7.3719489574432364 0.30148254334926611 -6.9100775718688956 -0.88396760821342457 0.40723793208599096 -0.010748554952442644 0.88396760821342479 -7.9654686450958243 0.63775861263275158 -7.6596572399139395 0.29677574336528784 -0.56174489110708226 -9.1675682067871076
decision_type=2 2 2 2 2 2 2 2 2 2 2 2 2 2 2 2 2 2 2 2 2 2 2 2 2 2 2 2 2 2
left_child=1 2 4 -4 -1 7 -3 16 9 10 -7 12 -11 14 15 -8 -2 26 -19 -20 -9 22 25 24 -24 -22 -5 28 -18 -30
right_child=5 6 3 17 -6 8 13 20 -10 11 -12 -13 -14 -15 -16 -17 27 18 19 -21 21 -23 23 -25 -26 -27 -28 -29 29 -31
leaf_value=0.00018878975006761153 -0.0045436199639097832 0.004849674046536784 0.0021654966738896054 -0.0007584176145302669 -0.0074428122906063836 -0.00053784880981208268 0.0018518098170733361 0.0038909331579446526 0.0032216163429956693 -0.0083827531011590913 0.0077442880485231015 -0.00080196131411179898 -0.0015519430688429934 -0.0017093226729788479 0.0060439525766753559 -0.0052021769356389407 -0.0019492276200279224 0.00295517965975971 -0.0072594128217381418 -0.00059310722238155094 -0.0031160492366380374 0.0040723323670095032 0.0048211151885608709 -0.0021041510892990667 0.00084542721915402354 0.0013581102434077894 0.0054224281922838034 0.0014825532891515722 -0.0052138344537992288 0.00031013785287822078
leaf_weight=1413.2947703748941 888.8505689650774 602.17168590426445 17312.103623047471 802.50978483259678 555.40602864325047 808.06952898204327 1245.1290921866894 1772.9901492744684 1152.1424307525158 647.23224140703678 553.84182849526405 49923.401657238603 1062.4019309431314 7230.3145803958178 626.74086874723434 552.20241752266884 5081.8214636296034 537.64323012530804 879.38536967337132 729.00294271111488 1982.862735375762 1363.1042704880238 1338.8042013645172 1032.2907186448574 3444.7793881297112 1030.18121778965 614.61731418967247 4146.1973526477814 517.40565353631973 12109.1683601439
leaf_count=5683 3565 2439 69571 3227 2230 3239 4993 7120 4614 2596 2219 200321 4264 28998 2517 2215 20360 2160 3533 2929 7975 5470 5373 4146 13821 4148 2470 16611 2074 48546
internal_value=-5.34357e-05 0.000752228 0.00135932 0.00167608 -0.00199096 -0.000353613 -0.000599927 0.000233993 -0.000730243 -0.000816751 0.00286211 -0.000914322 -0.00417166 -0.000944501 0.0013344 -0.000332211 -0.000300551 -0.000701234 -0.00244725 -0.00426024 0.00124947 0.000786602 0.000275281 0.00124108 0.00196586 -0.00158687 0.00194147 -0.000125981 -0.000503223 7.98323e-05
internal_weight=121956 33100.5 22844 20875.3 1968.7 88855.5 10256.6 34708.5 54147.1 52994.9 1361.91 51633 1709.63 9654.39 2424.07 1797.33 22743.4 3563.16 2146.03 1608.39 11965 10192 8828.92 5815.87 4783.58 3013.04 1417.13 21854.6 17708.4 12626.6
internal_count=489427 132965 91803 83890 7913 356462 41162 139209 217253 212639 5458 207181 6860 38723 9725 7208 91156 14319 8622 6462 48053 40933 35463 23340 19194 12123 5697 87591 70980 50620
is_linear=0
shrinkage=0.03


Tree=74
num_leaves=31
num_cat=0
split_feature=25 27 6 12 12 23 24 12 11 40 22 40 21 35 22 36 12 29 31 39 20 36 2 7 27 11 22 33 40 16
split_gain=30.6843 22.9206 18.4659 13.6275 15.6265 14.7358 14.6216 13.3935 21.4336 18.646 16.1923 13.0018 16.4852 19.9455 16.8351 15.5171 20.958 16.7249 12.1847 13.2183 12.7607 12.3096 12.2852 12.1102 11.4793 11.4043 11.4657 21.6344 21.8136 19.7273
threshold=0.87679791450500499 0.73294320702552807 1.5123745203018191 -9.0017633438110334 -7.0253946781158438 0.80837285518646251 1.204858720302582 -7.5998535156249991 0.13971558213233951 -0.0065449222456663838 1.5328081250190737 -0.99638012051582325 0.67568752169609081 -0.29937241971492762 1.3310651183128359 -0.99935588240623463 -7.6752047538757315 -0.41934420168399805 -0.58713597059249867 -0.99913862347602833 0.91176488995552074 0.96750605106353771 1.3879948258399966 1.0815948843955996 0.81234899163246166 -1.8512756228446958 1.3078526854515078 0.086497113108634963 -0.92799669504165638 -0.29131866991519922
decision_type=2 2 2 2 2 2 2 2 2 2 2 2 2 2 2 2 2 2 2 2 2 2 2 2 2 2 2 2 2 2
left_child=1 11 3 -3 5 7 -6 8 24 -10 -9 12 13 -1 -15 16 23 -18 20 -20 -17 25 -23 -13 -5 -21 27 29 -29 -27
right_child=-2 2 -4 4 6 -7 -8 10 9 -11 -12 15 -14 14 -16 18 17 -19 19 21 -22 22 -24 -25 -26 26 -28 28 -30 -31
leaf_value=-0.00086652144131142781 -0.0012912834343301797 0.002926916052529998 -0.0046335986330340844 -0.0025733610920263936 -0.0015996502381885841 0.0005005196737622727 0.0041783811378081574 -0.0014946942908733419 -0.00038895212259499852 -0.0044680503201413573 -0.0058064552777405045 -0.0015988136711722778 -0.0017710445572600305 0.0099232786290026354 0.0027618006087961095 0.0045644676565515657 0.0036464760208239798 -0.00020853842225002246 0.0038628795866768456 0.0021386598141969514 0.0010973936075076803 0.001512452028195979 -0.0019589355364811223 0.0031326981642457886 0.0013106711584855196 -0.002502725808990735 0.00039651819070574476 -0.0044801790235063747 0.0015883034661028285 -0.00023780448477440913
leaf_weight=514.1718347966671 15010.643664032221 949.83730643987656 1046.3070112764835 845.54502262175083 624.67234209179878 4125.5821843892336 1038.5834864079952 1991.3023477643728 1944.3070851862431 2090.2519953846931 1293.5196211189032 9470.8493014574051 576.91217344999313 560.81272034347057 634.91546139121056 1165.6057193875313 1528.8239966481924 2960.5107366889715 947.02062019705772 2381.0104847550392 5163.5889841169119 10342.94835460186 998.19877806305885 504.11365301907063 3427.2633298635483 5840.5064351707697 29334.832151308656 582.07980878651142 5368.5061556100845 8479.8370174616575
leaf_count=2070 60428 3806 4203 3388 2503 16538 4166 7978 7789 8380 5189 37997 2311 2246 2546 4675 6153 11872 3798 9557 20812 41462 4001 2022 13731 23402 117731 2331 21508 33993
internal_value=-2.17473e-05 0.000156902 -0.000776282 -0.000553703 -0.000745486 -0.00103835 0.00201172 -0.00158598 -0.000942686 -0.0025081 -0.00320508 0.000363966 0.00259133 0.00406492 0.00617507 0.000303793 -0.000591098 0.00110946 0.000487182 0.000363358 0.00174209 0.000310424 0.00120546 -0.0013568 0.000537847 0.000114974 1.7428e-05 -0.000531093 0.000988171 -0.00116265
internal_weight=121743 106732 19377.2 18330.9 17381 15717.8 1663.26 11592.2 8307.37 4034.56 3284.82 87355.2 2286.81 1709.9 1195.73 85068.4 14464.3 4489.33 70604.1 64274.9 6329.19 63327.9 11341.1 9974.96 4272.81 51986.8 49605.8 20270.9 5950.59 14320.3
internal_count=488586 428158 77671 73468 69662 62993 6669 46455 33288 16169 13167 350487 9173 6862 4792 341314 58044 18025 283270 257783 25487 253985 45463 40019 17119 208522 198965 81234 23839 57395
is_linear=0
shrinkage=0.03


Tree=75
num_leaves=31
num_cat=0
split_feature=35 40 39 30 40 24 17 30 39 15 40 29 25 15 16 35 16 40 40 24 17 26 24 21 24 20 23 11 39 24
split_gain=26.5668 73.8647 40.572 46.8001 30.6126 37.4814 28.2781 26.899 28.3115 26.5728 25.924 20.9212 20.0608 19.3251 18.8016 18.2859 18.9052 16.707 16.6047 18.3872 17.7861 16.0943 15.6295 15.5549 14.7816 14.3822 13.708 17.4857 22.5982 25.0716
threshold=-0.27841074764728541 0.45204447209835058 -0.33174875378608698 0.068025324493646636 0.87777194380760204 2.7231397628784184 -0.20784790813922879 -0.11973161622881888 -0.24403759837150571 -7.5048317909240714 0.79994463920593273 0.11441642045974733 0.43048489093780523 -7.3069248199462882 -0.55764231085777272 0.41848105192184454 -0.1450148671865463 0.98592084646224987 -0.99518236517906178 1.311373293399811 0.68841958045959484 -1.5234930515289304 1.680674195289612 0.98182997107505809 1.6626806855201723 1.2764934897422793 0.23729061335325244 -1.2401558756828306 0.1326885595917702 1.6149377226829531
decision_type=2 2 2 2 2 2 2 2 2 2 2 2 2 2 2 2 2 2 2 2 2 2 2 2 2 2 2 2 2 2
left_child=1 12 9 14 11 6 23 15 25 10 -3 18 26 -11 -4 16 -8 -16 19 -2 -20 -10 -5 -6 -15 -9 -1 -28 -29 -30
right_child=4 2 3 22 5 -7 7 8 21 13 -12 -13 -14 24 17 -17 -18 -19 20 -21 -22 -23 -24 -25 -26 -27 27 28 29 -31
leaf_value=0.00099848694774604661 -0.00087597014599164174 0.01149586720159956 -0.00021292455574044286 -0.00018291079763854467 -0.0036301616981568845 0.0043291019228754368 -3.5594290621253772e-05 0.0051701267056143852 0.00085815043969198032 -0.00081152637467614744 0.0034657842683218274 -0.00049541417277146641 -0.0027717954572186775 0.0087916553608525412 0.0032402323114167817 -0.0034926284828911539 0.0051918352749906532 0.0083498570497037017 0.00027555405678436227 0.0059851914136628808 0.0043177359720385977 -0.0047800387333616088 -0.0055426036713872948 0.0007524273140940051 0.0020718662300267762 -0.0016733502346233781 -0.0034043994297132127 -0.0014643346939866204 0.0045645755060435937 -0.00067860432696515858
leaf_weight=8502.77357237041 540.61958609521389 959.37379576265812 1043.742866948247 1349.673607558012 6433.2929795384407 940.27866506576538 1172.9970614761114 585.88614618778229 565.68324431777 698.01105712354183 595.92401000857353 35719.281536191702 2431.4521861076355 589.4590160548687 2596.9727956205606 501.40814189612865 1316.7996466904879 741.43318282067776 38404.372785955667 982.9783508181572 995.42628459632397 2275.4313369691372 759.1290197968483 818.33598448336124 595.22399991750717 508.4384995251894 1703.4227756559849 4358.4092334210873 1562.4366986453533 1712.4342606663704
leaf_count=34304 2167 3866 4190 5436 25822 3773 4702 2350 2270 2812 2401 143298 9741 2377 10460 2021 5281 2986 153953 3941 3989 9138 3054 3289 2396 2043 6825 17466 6260 6858
internal_value=4.56399e-05 0.000817291 0.00293582 0.00153601 -0.000208383 -0.00144164 -0.00182713 -0.000455104 -0.0020827 0.00556655 0.00846088 3.5047e-05 -0.000221324 0.00314346 0.00330071 0.00168608 0.00273879 0.00439659 0.000498059 0.0035608 0.000378748 -0.00365837 -0.00212935 -0.00313524 0.00546101 0.00200419 0.000127654 -0.000665618 -5.07843e-05 0.00182919
internal_weight=121961 30199.9 9928.94 6490.95 91761.2 15118.6 14178.3 6926.64 3935.44 3437.99 1555.3 76642.7 20270.9 1882.69 4382.15 2991.2 2489.8 3338.41 40923.4 1523.6 39399.8 2841.11 2108.8 7251.63 1184.68 1094.32 17839.5 9336.7 7633.28 3274.87
internal_count=489469 121432 39978 26126 368037 60689 56916 27805 15801 13852 6267 307348 81454 7585 17636 12004 9983 13446 164050 6108 157942 11408 8490 29111 4773 4393 71713 37409 30584 13118
is_linear=0
shrinkage=0.03


Tree=76
num_leaves=31
num_cat=0
split_feature=9 7 9 21 30 31 9 17 9 14 17 13 34 31 24 42 13 39 31 20 37 21 14 13 20 39 17 14 14 25
split_gain=26.6064 21.2517 23.4354 18.1675 17.006 27.1972 22.1495 20.6952 18.5716 22.9836 16.2945 15.7116 16.6505 18.3265 19.4879 18.2847 16.9759 24.3715 16.5388 15.3731 15.2484 25.3254 14.7852 19.4317 14.7695 15.5335 14.6119 21.6594 15.4752 14.9998
threshold=-0.52310463786125172 -1.1295574307441709 0.27575936913490301 0.4494090080261231 0.53388008475303661 0.19674643874168399 -2.3571327924728389 -0.7747865319252013 -1.3028274774551389 -8.5608263015747053 -1.2048613429069517 -6.5206942558288565 0.70487090945243847 0.28089444339275366 2.8933954238891606 -0.56174489110708226 -7.1049418449401847 -0.48671542108058924 0.052083963528275497 2.2062898874282841 -0.39332996308803553 0.14681793004274371 -8.0619769096374494 -8.8812685012817365 1.140863358974457 0.49052239954471594 -0.32021167874336237 -7.1155447959899893 -7.5077192783355704 0.80722862482070934
decision_type=2 2 2 2 2 2 2 2 2 2 2 2 2 2 2 2 2 2 2 2 2 2 2 2 2 2 2 2 2 2
left_child=4 2 3 -2 6 -6 -1 22 24 -10 -3 12 13 14 -12 19 20 -18 -16 -14 -15 -22 23 -8 25 -9 29 28 -28 -23
right_child=1 10 -4 -5 5 -7 7 8 9 -11 11 -13 15 16 18 -17 17 -19 -20 -21 21 26 -24 -25 -26 -27 27 -29 -30 -31
leaf_value=0.0059387117537032562 0.0015097597904700844 0.0032913846670991976 0.0045235499358175406 -0.0032851448098004154 -5.5528622504279645e-05 -0.0067742102829795288 -0.0044092366988936673 -0.00028220749177159857 -0.0032847454810794965 0.0018273137112017729 -0.00076908043058702025 0.0023971312131484124 -0.0014847693412793023 -0.0016542074974205466 0.004144981686232189 -0.0029676795390872401 0.0011185117970730551 -0.0056166251477765966 -0.002035838910294819 0.0040468741618661453 0.0040111735774452746 0.0028275103638540485 -0.00467690562190759 0.0028257928297013893 0.00073372585566367063 -0.0059133799205393347 5.7704480781708277e-05 0.0055023276585397804 -0.0031585239971061133 -0.00015158431564703571
leaf_weight=795.03148970007896 2596.1329298317432 1051.8647537082434 1643.6974323689938 968.11465086042881 5493.5191746652126 591.65408051013947 519.6996626406908 1068.9844647794962 819.75609076023102 17645.990364223719 52833.599857449532 1699.960102006793 1260.798451974988 2169.1969114094973 1322.1489433348179 4667.0335088074207 957.47992368042469 961.19101311266422 543.56117385625839 692.0981287509203 2186.467456176877 3652.7124161124229 943.71281875669956 894.78591428697109 3426.9017535299063 741.59326483309269 4712.5745549201965 509.34724491834641 1874.8108817189932 2599.838141232729
leaf_count=3192 10481 4220 6608 3886 22080 2371 2089 4289 3296 70879 211787 6809 5083 8695 5297 18822 3836 3854 2178 2791 8759 14637 3788 3598 13793 2972 18917 2042 7521 10452
internal_value=-1.58765e-05 -0.000285732 0.00157188 0.000201829 0.000712273 -0.00071882 0.00103668 0.000884916 0.00115169 0.00159872 -0.000401496 -0.000448891 -0.000508952 -0.000380392 -0.000662524 -0.00194956 0.000405964 -0.0022672 0.00234299 0.000486251 0.000696769 0.00102588 -0.00179008 0.000155261 -0.000424434 -0.00260849 0.000534285 -0.000397241 -0.000861054 0.00159053
internal_weight=121844 88902.6 5207.95 3564.25 32941.6 6085.17 26856.5 26061.4 23703.2 18465.7 83694.7 82642.8 80942.9 74322.9 54699.3 6619.93 19623.6 1918.67 1865.71 1952.9 17704.9 15535.8 2358.2 1414.49 5237.48 1810.58 13349.3 7096.73 6587.39 6252.55
internal_count=489022 356675 20975 14367 132347 24451 107896 104704 95229 74175 335700 331480 324671 297975 219262 26696 78713 7690 7475 7874 71023 62328 9475 5687 21054 7261 53569 28480 26438 25089
is_linear=0
shrinkage=0.03


Tree=77
num_leaves=31
num_cat=0
split_feature=29 11 36 35 25 11 1 17 23 25 3 11 17 13 12 24 28 10 10 12 34 28 16 10 24 37 15 20 34 11
split_gain=29.6523 23.3543 22.7938 18.9043 19.6333 19.7166 16.9647 16.4836 27.4158 16.4002 14.7959 14.3588 39.3961 27.8333 26.0443 22.3024 18.4817 29.1649 20.9 21.1102 20.4136 16.8482 16.424 23.3361 16.1884 15.7838 18.5586 14.6415 13.3776 12.9963
threshold=-0.41934420168399805 -2.2417006492614742 -0.99088832736015309 0.74031218886375438 0.75924804806709301 2.4983962774276738 1.0000000180025095e-35 -1.0997392535209654 0.78674644231796276 0.94727116823196422 0.84377437829971325 0.18934193998575213 0.14166538417339328 -7.3147058486938468 -8.005177974700926 0.85029572248458873 -1.4398305416107176 -0.40983259677886957 0.5043143928050996 -7.1778838634490958 -0.036284957081079476 1.1504281759262087 0.0087229427881538885 1.1638414859771731 1.7383883595466616 0.2933358252048493 -7.8773598670959464 0.77677538990974437 0.72061106562614452 2.0400434732437138
decision_type=2 2 2 2 2 2 2 2 2 2 2 2 2 2 2 2 2 2 2 2 2 2 2 2 2 2 2 2 2 2
left_child=1 -1 6 4 5 29 -2 8 -4 11 -6 12 15 27 -14 -9 -15 -18 19 -19 -20 24 -22 -24 -16 -17 -27 -13 -29 -3
right_child=2 3 7 -5 10 -7 -8 9 -10 -11 -12 13 14 16 21 25 17 18 20 -21 22 -23 23 -25 -26 26 -28 28 -30 -31
leaf_value=0.0055189157717950958 -0.00086376429384128425 0.00079634336999432633 -0.00018529836044975742 0.0049003719820569979 -0.00084053231434620202 -0.0040572099060638455 -0.003428511233228767 -0.0039693960147054244 0.0082537981402790676 -0.0016842458589537315 -0.0064416214574560919 -0.0031097679829565484 0.0034629822923087348 -0.0028991583620979907 -0.0015392638224606694 0.00066854965257556276 0.0082036077916040912 0.00222747259918451 0.0078869760393392527 -0.0037217068824514422 -0.00046194639287553882 0.00073078313527630701 0.0063753852596105404 -0.0013060064267060849 -0.0047611448663618539 0.0055166415974820318 0.001558818489944321 -0.00058938413931394664 -0.0042806039772347263 0.0054174306603318187
leaf_weight=895.05640786886215 10208.161235079169 25625.38412463665 902.05926312506199 895.33046871423721 2560.7730502933264 734.22151291370392 2998.6982853263617 800.25722070038319 552.06901048123837 5855.0120857208967 499.83725951611996 2675.577307164669 962.87975135445595 918.01585423946381 5632.2662918865681 20609.475370079279 545.51286400854588 895.75687451660633 508.79097379744053 1310.753507733345 1807.1197367012501 2029.4476994276047 1021.251091837883 539.05834001302719 1867.7040766477585 1320.5009489357471 5449.14236985147 19793.282362863421 915.37770769000053 550.09206086397171
leaf_count=3603 40944 103018 3616 3590 10267 2947 12031 3205 2217 23614 2007 10726 3858 3680 22577 82639 2189 3589 2040 5254 7245 8142 4097 2163 7487 5292 21840 79390 3694 2209
internal_value=-1.95773e-05 0.000768499 -0.000297377 0.000629002 0.000499807 0.0007589 -0.00144826 -9.95897e-05 0.00305315 -0.000160742 -0.00177326 -3.236e-05 0.000352961 -0.000514076 -0.0012155 0.000937184 0.00106914 0.00162229 0.00101956 -0.00130742 0.00234414 -0.00169136 0.00148579 0.00373019 -0.00234687 0.00108199 0.00233784 -0.00102523 -0.000754533 0.00089549
internal_weight=121879 31760.7 90118.2 30865.6 29970.3 26909.7 13206.9 76911.3 1454.13 75457.2 3060.61 69602.2 38671.7 30930.5 10492.3 28179.4 7546.26 6628.24 6082.73 2206.51 3876.22 9529.42 3367.43 1560.31 7499.97 27379.1 6769.64 23384.2 20708.7 26175.5
internal_count=489170 127641 361529 124038 120448 108174 52975 308554 5833 302721 12274 279107 155040 124067 42064 112976 30257 26577 24388 8843 15545 38206 13505 6260 30064 109771 27132 93810 83084 105227
is_linear=0
shrinkage=0.03


Tree=78
num_leaves=31
num_cat=0
split_feature=6 41 11 41 24 10 12 9 24 39 10 11 9 9 7 41 8 11 26 24 33 8 8 24 8 26 41 39 10 9
split_gain=25.2948 29.3855 25.5607 26.3268 21.1826 20.3722 20.2364 19.6946 18.5452 19.1772 27.156 18.4103 30.2522 22.2565 17.7679 17.767 17.3191 20.0545 23.0628 23.7738 29.2539 19.0793 20.0426 19.0638 22.4983 19.0317 16.7381 16.7593 21.6949 29.9474
threshold=-0.38874165713787073 -0.60785761475563038 2.3942627906799321 -0.87837970256805409 1.3637350201606753 0.52612483501434337 -7.0115747451782218 -0.56436988711357106 3.3067178726196294 -0.77576932311058033 -1.4795893430709837 0.52738249301910411 0.19842979311943057 -0.17633296549320218 -0.18815425783395764 0.6078576147556306 1.0714548230171206 -0.27426688373088831 -2.1516325473785396 1.8627173304557803 0.094967085868120207 -1.3232287764549253 0.58326306939125072 2.7231397628784184 -0.53657665848731984 -0.19800843298435208 -1.0000000180025095e-35 -0.20577672123908994 0.45119856297969824 1.7737464904785158
decision_type=2 2 2 2 2 2 2 2 2 2 2 2 2 2 2 2 2 2 2 2 2 2 2 2 2 2 2 2 2 2
left_child=1 2 3 4 7 -5 8 -1 9 -3 -11 12 13 -12 15 -14 17 18 -2 20 -20 -21 -23 25 -25 -19 -18 28 -28 -30
right_child=16 6 -4 5 -6 -7 -8 -9 -10 10 11 -13 14 -15 -16 -17 26 23 19 21 -22 22 -24 24 -26 -27 27 -29 29 -31
leaf_value=0.0032223411098215265 0.0020755736287879473 0.001304986982989898 -0.0047116348137955033 0.0046010852274264036 0.0020296828946930294 -5.3823724596345479e-05 0.0019264643228731543 -0.0036157779492988671 0.0047118465030061762 0.0030692526501334876 -0.00062721937578972544 -0.0025478185780279639 0.0059728112062991849 -0.004200579273701638 -0.00058289992282193422 0.00011040101407990908 -0.0026887077411494801 -0.0011512549131218023 -0.0010167694304510128 -0.0070141374121981221 0.0017915035090748925 -4.1373550982884316e-05 -0.0046187424234500661 0.007143556070127597 0.00029428585136236795 0.00032067642269611671 -0.0022026339989007016 -0.0017244467957455807 0.0045293413280686921 -0.003599889353321025
leaf_weight=504.13868428766727 6000.4533017128706 4507.0727340131998 508.55889470875263 4125.4654320329428 3643.6703029870987 1063.5620931684971 4181.9636071622372 1443.3608455359936 630.71882152557373 1455.5238039940596 6888.7355211675167 5934.1952151805162 1207.339112341404 2023.1500595211983 1518.4387093782425 753.72600573301315 5398.5612219125032 29877.600449591875 5786.1190447211266 549.13486866652966 7866.0111038982868 3565.6033203154802 1125.0387880206108 574.05749867856503 1657.3255963176489 10744.024184778333 1228.0512194186449 4631.6081055253744 1807.0485024005175 517.73543311655521
leaf_count=2033 24039 18102 2043 16663 14649 4273 16846 5794 2531 5853 27710 23804 4841 8114 6080 3021 21743 119779 23187 2200 31516 14284 4511 2299 6641 43090 4930 18620 7262 2079
internal_value=-0.000111532 0.000502076 0.00180056 0.00211186 0.000681553 0.00364873 -2.07526e-06 -0.00183821 -0.000326371 -0.00045909 -0.000861486 -0.00117519 -0.000516321 -0.00144223 0.00185251 0.00373161 -0.000416289 -0.000220164 0.000456964 -5.79651e-05 0.000601413 -0.00177383 -0.00114673 -0.000613507 0.00208038 -0.00076196 -0.00139358 -0.000537063 0.00101135 0.00271128
internal_weight=121718 40389.6 11288.8 10780.2 5591.17 5189.03 29100.9 1947.5 24918.9 24288.2 19781.1 18325.6 12391.4 8911.89 3479.5 1961.07 81328.4 67745.4 24892.4 18891.9 13652.1 5239.78 4690.64 42853 2231.38 40621.6 13583 8184.44 3552.84 2324.78
internal_count=488537 162357 45455 43412 22476 20936 116902 7827 100056 97525 79423 73570 49766 35824 13942 7862 326180 271546 99737 75698 54703 20995 18795 171809 8940 162869 54634 32891 14271 9341
is_linear=0
shrinkage=0.03


Tree=79
num_leaves=31
num_cat=0
split_feature=31 39 13 30 13 11 40 36 39 13 39 24 10 24 30 14 30 24 30 22 15 15 16 24 40 40 39 39 25 11
split_gain=25.8247 18.7244 21.3962 22.0682 16.963 30.2936 25.0675 23.4004 23.8759 21.3134 29.6816 29.5058 30.6486 20.5229 17.9723 19.7175 18.2887 24.1657 18.0788 16.7838 20.6236 20.361 19.4899 16.6856 17.1584 20.9611 24.5213 18.8843 20.1086 19.8784
threshold=-0.59717488288879383 -0.92799669504165638 -7.7016875743865958 0.47016936540603643 -7.3520603179931632 0.050804087892174728 -0.0327190039679408 0.99904897809028637 -0.8959035575389861 -7.8629834651947013 -0.55375361442565907 1.9124140143394472 -0.15936485677957532 2.6878266334533696 -0.51204007863998402 -7.670841932296752 0.019595901481807235 1.3209769725799563 -0.71462401747703541 1.8268666267395022 -7.0432531833648673 -7.5853483676910392 0.09600036591291429 3.3067178726196294 0.974856197834015 0.79202145338058483 0.26092512905597692 0.6411133110523225 0.83863443136215221 -0.19207875430583951
decision_type=2 2 2 2 2 2 2 2 2 2 2 2 2 2 2 2 2 2 2 2 2 2 2 2 2 2 2 2 2 2
left_child=1 -1 -3 -4 5 9 19 8 -8 10 11 -2 -13 -10 15 18 17 -16 -11 20 -7 -21 -23 24 25 27 -27 29 -29 -6
right_child=4 2 3 -5 23 6 7 -9 13 14 -12 12 -14 -15 16 -17 -18 -19 -20 21 -22 22 -24 -25 -26 26 -28 28 -30 -31
leaf_value=-0.0026374475460443081 0.0048326909684189975 0.00065268823071641549 0.0050112846274211562 -0.0011788590799642624 -0.00118730470654182 -0.00084466139211876901 0.0005127935009676145 0.00034990687677234172 -0.0029684111777812583 0.0025004549646159956 0.00025791777385258485 0.002982591446755529 -0.006095913075650705 0.00076643219900868339 -0.0014380509994851051 -0.0025838165802055967 -0.00090163003168947293 0.0030960131659204236 -0.0038508639215443794 0.0035712208048543572 0.0040005942982369105 0.001596978261151743 -0.0057630814648871034 -0.0045523273312496502 -0.0024267855079030832 0.0046920722930733029 6.497623877428658e-05 0.0032508551894656385 -0.0020469172072247748 0.00075049250201118041
leaf_weight=893.99369555711746 2808.3188415765762 4858.833016321063 2618.2748801261187 641.48671163618565 8091.0033612400293 16566.6517252177 2570.8049630075693 4111.0811027288437 13793.524753719568 1524.534724727273 17294.527224123478 864.25078840553761 532.34067273139954 1460.6258876770735 1573.1783236116171 5713.1587996184826 5861.4323509186506 3190.2793524563313 537.49451242387295 2046.479806303978 820.40689262747765 862.41169445216656 505.54450669884682 589.27662540972233 1684.8666017651558 2316.3667041063309 1851.409408017993 3240.7419828176498 797.06230959296227 11557.57768933475
leaf_count=3601 11279 19550 10544 2590 32466 66436 10315 16503 55409 6114 69371 3470 2136 5858 6309 22916 23519 12803 2156 8230 3290 3466 2037 2364 6771 9302 7434 13000 3206 46352
internal_value=-8.17925e-05 0.00146262 0.0019168 0.00379325 -0.000205346 -0.000427504 -0.000982403 -0.00168969 -0.00216003 0.000166961 0.000808235 0.00306567 -0.000496611 -0.00261052 -0.000582362 -0.0016774 0.000219801 0.00159872 0.000834307 -0.000236086 -0.00061387 0.00168385 -0.0011451 0.000403937 0.000504317 0.000682423 0.0026417 0.000336706 0.0022026 -4.76626e-05
internal_weight=121778 9012.59 8118.59 3259.76 112765 82637 42737.5 21936 17825 39899.5 21499.4 4204.91 1396.59 15254.2 18400.1 7775.19 10624.9 4763.46 2062.03 20801.5 17387.1 3414.44 1367.96 30128.3 29539 27854.2 4167.78 23686.4 4037.8 19648.6
internal_count=488797 36285 32684 13134 452512 331617 171544 88085 71582 160073 86256 16885 5606 61267 73817 31186 42631 19112 8270 83459 69726 13733 5503 120895 118531 111760 16736 95024 16206 78818
is_linear=0
shrinkage=0.03


Tree=80
num_leaves=31
num_cat=0
split_feature=31 34 39 13 39 10 39 20 13 13 17 31 10 17 23 6 9 24 9 22 31 24 26 36 10 13 9 22 21 13
split_gain=36.8085 18.0678 19.3423 24.7576 33.4188 22.1615 40.8087 34.642 27.1064 21.0235 25.5949 25.1108 19.0796 18.496 19.9365 17.3344 16.4281 17.2686 16.1846 18.1809 15.556 15.2801 15.1298 14.5206 15.3838 16.9537 17.2095 17.8909 18.544 16.0171
threshold=-0.58713597059249867 0.62265449762344371 -0.41667649149894709 -7.3369388580322257 -0.20577672123908994 -1.338526666164398 -0.96535655856132496 1.527644991874695 -7.7236051559448233 -7.1152272224426261 0.37536758184432989 0.16878903657197955 2.1467480659484868 -0.21646734327077863 0.74159127473831188 0.26066590845584875 -1.275976240634918 1.03466272354126 -0.039441952481865876 1.6324440240859988 0.003731974284164608 3.750690340995789 -1.4937976598739622 0.9516357183456422 0.52612483501434337 -8.8135027885436994 -0.44282215833663935 1.2671988606452944 0.07688158750534059 -7.5978384017944327
decision_type=2 2 2 2 2 2 2 2 2 2 2 2 2 2 2 2 2 2 2 2 2 2 2 2 2 2 2 2 2 2
left_child=15 2 5 4 18 6 -2 8 -8 10 13 16 -7 20 -15 -1 -11 -18 -4 -20 -5 23 -17 24 -6 -26 -27 -28 -29 -30
right_child=1 -3 3 9 21 12 7 -9 -10 11 -12 -13 -14 14 -16 22 17 -19 19 -21 -22 -23 -24 -25 25 26 27 28 29 -31
leaf_value=0.0023403558554752528 -0.0031075815963740368 -0.0014348550964509207 -0.0046348152585053842 -0.002819163939592916 -0.00035724414869714466 0.00013219397661842896 0.0075752630748845678 0.010281056536940857 -0.00095301739797321494 -0.0040321942622351826 -0.0032005127065098176 -0.0032941600507209795 0.00484495506168507 0.0059400281742916063 0.00022995295525543097 0.00094355139400069345 -0.0023950082290052801 0.0027782408234026299 -0.002515870581056916 0.0034252052942767099 0.0033731519920484113 0.0042226251299517991 -0.0050612441168723429 0.00055188803619961346 -0.0062256150419875839 0.001896740920023931 -0.0033958351626741539 0.0029656886548694843 -0.00059735485917847492 -0.0050753983444568806
leaf_weight=7760.8888383954763 733.91006515920162 9851.0032345950603 2545.3464169800282 701.45920395851135 26777.840438112617 34414.700833886862 528.60550864040852 736.56131690740585 884.1009044200182 504.11213961243629 649.2742221057415 1772.2187765538692 780.93517266213894 2193.2805231660604 734.62387007474899 1168.7751124799252 724.12303541600704 2794.4261607378721 2374.4664107263088 566.27334988117218 740.18107618391514 620.34567859768867 546.23823122680187 9758.6642357707024 685.46246233582497 1256.8936486840248 3824.692786693573 996.63458244502544 3344.7951330989599 906.88920274376869
leaf_count=31282 2945 39714 10214 2816 107401 138037 2122 2965 3550 2028 2604 7104 3130 8802 2946 4683 2903 11218 9522 2272 2968 2486 2189 39122 2749 5039 15341 3995 13423 3640
internal_value=-5.6895e-05 -0.000208327 -9.03787e-05 -0.000406994 -0.000670908 0.000445654 0.00296963 0.00504959 0.0022689 0.000901978 0.00232132 -0.000329167 0.000238109 0.00314725 0.004513 0.0017377 0.000982017 0.00170981 -0.00288728 -0.00136412 0.000361491 -0.000417951 -0.000987252 -0.000479365 -0.000745723 -0.00168892 -0.00138214 -0.00183796 -0.000698363 -0.00156219
internal_weight=121878 112402 102551 64472 53658.3 38078.8 2883.18 2149.27 1412.71 10813.7 5018.82 5794.88 35195.6 4369.54 2927.9 9475.9 4022.66 3518.55 5486.09 2940.74 1441.64 48172.2 1715.01 47551.9 37793.2 11015.4 10329.9 9073.01 5248.32 4251.68
internal_count=489210 451056 411342 258593 215204 152749 11582 8637 5672 43389 20136 23253 141167 17532 11748 38154 16149 14121 22008 11794 5784 193196 6872 190710 151588 44187 41438 36399 21058 17063
is_linear=0
shrinkage=0.03


Tree=81
num_leaves=31
num_cat=0
split_feature=29 6 16 7 37 3 43 7 10 21 10 40 39 15 15 11 12 9 39 17 29 17 13 40 40 10 4 14 4 11
split_gain=26.5879 17.9194 18.6103 17.7666 13.6423 15.6989 25.6091 13.8041 15.2078 15.0776 14.6507 37.1106 20.4217 19.9242 18.5513 17.3615 15.2012 16.8528 15.0336 21.0643 20.0964 16.592 14.5795 29.0529 24.0509 20.9621 17.0962 15.6775 14.7394 17.4057
threshold=-0.42743648588657374 -1.4416059255599973 -0.19134559482336042 1.0642133355140688 -0.75984627008438099 -1.0751433968544004 0.56666669249534618 0.59527575969696056 1.9123829603195193 0.54360562562942516 -0.35013921558856959 0.47523921728134161 0.02835773024708033 -7.5779426097869864 -7.6356062889099112 -0.88551348447799672 -8.1942830085754377 0.17027325928211215 -0.84455960988998402 0.015127620659768583 0.41723054647445684 0.20866444706916812 -7.7125680446624747 -0.92304024100303639 -0.67719548940658558 0.5692410171031953 -0.20056565850973126 -7.771354913711547 0.78727206587791454 0.92337390780448925
decision_type=2 2 2 2 2 2 2 2 2 2 2 2 2 2 2 2 2 2 2 2 2 2 2 2 2 2 2 2 2 2
left_child=1 2 -1 -3 -2 6 -6 8 10 -10 11 -7 -13 14 -12 -14 -16 -18 19 -15 -20 -21 24 -24 25 -9 -25 -28 29 -26
right_child=4 3 -4 -5 5 7 -8 22 9 -11 13 12 15 18 16 -17 17 -19 20 21 -22 -23 23 26 28 -27 27 -29 -30 -31
leaf_value=-0.00063066295966595547 -0.0043021109032045871 0.00034827066095228024 0.0036587147275272815 0.003940789218061653 -0.00026963091377785122 -0.00039157126911769819 0.0032054743795489572 0.00015682693988376074 -0.00031531177638902287 0.0048074026823007746 -6.2371539038341093e-05 0.0038441740160623968 0.0042816635247107096 0.0028800259443591573 -0.001009805710675321 -0.00077318578691756997 0.0087201152602449598 0.0016531777057336877 -0.0022536777013770471 -0.0053420770310825755 0.00017422324622877694 0.00086149871661475152 -0.0057461989681862084 0.0012520103557259008 -0.0010116686431190943 0.0047593617815970086 -0.0061026075978136782 -0.0012934886747807304 0.00049082366139369766 -0.004987558698569935
leaf_weight=1230.5728974193335 709.62016128003597 25281.068624004722 3459.6257570385933 1292.9902336895466 4779.0332086235285 13281.288462206721 3165.9480128437281 2368.8580224961042 937.36508712172508 1140.1629231572151 12682.012830391526 3676.8221059888601 818.46778544783592 1787.2900487929583 528.40211676061153 2327.0209217220545 579.43819132447243 638.53511728346348 10691.953625574708 684.11812309920788 4299.6972226649523 874.59562866389751 1317.4029671996832 2304.8962567001581 4460.4893319606781 1417.8461262881756 644.48564198613167 9233.1231952160597 3900.4933670461178 1266.9724579900503
leaf_count=4969 2847 101478 14040 5187 19185 53229 12710 9509 3756 4572 50836 14764 3286 7162 2118 9333 2321 2560 42852 2741 17233 3504 5292 9238 17906 5704 2596 37102 15711 5095
internal_value=7.26147e-05 0.000826716 0.00253436 0.000524485 -0.000187914 -0.00015493 0.00111743 -0.000278538 -5.85288e-06 0.00250563 -0.000104998 0.000532404 0.00232909 -0.000496119 0.000337767 0.000551505 0.00322735 0.00505883 -0.00115206 0.000664566 -0.00155769 -0.00187794 -0.000835027 -0.00153067 -0.000134347 0.00188814 -0.00107047 -0.00161312 -0.00093093 -0.00189834
internal_weight=121781 31264.3 4690.2 26574.1 90516.3 89806.7 7944.98 81861.7 54947.2 2077.53 52869.6 20103.6 6822.31 32766 14428.4 3145.49 1746.38 1217.97 18337.7 3346 14991.7 1558.71 26914.6 13499.9 13414.7 3786.7 12182.5 9877.61 9627.96 5727.46
internal_count=488836 125674 19009 106665 363162 360315 31895 328420 220267 8328 211939 80612 27383 131327 57835 12619 6999 4881 73492 13407 60085 6245 108153 54228 53925 15213 48936 39698 38712 23001
is_linear=0
shrinkage=0.03


Tree=82
num_leaves=31
num_cat=0
split_feature=23 39 36 24 7 16 42 21 22 11 8 11 6 43 39 30 28 12 5 17 18 43 4 33 13 17 13 39 39 4
split_gain=30.3856 27.4822 25.9519 19.6093 17.8995 17.8955 18.6034 17.1526 19.7905 17.41 16.9376 16.4102 14.6352 13.6755 14.2378 14.493 17.7059 17.1436 17.0737 15.8111 13.7607 12.9611 31.6615 12.0054 11.3652 10.4626 10.2522 10.1121 10.0761 9.98803
threshold=0.21823287010192874 0.891992747783661 0.95464828610420238 2.5664789676666264 1.6539635062217715 -0.10974664241075514 1.0000000180025095e-35 0.12808237969875338 1.2859733104705813 0.87454462051391613 1.0381153821945193 -0.53716298937797535 -0.86199727654457081 0.10000000521540643 0.81789681315422069 -1.3890372514724729 -1.8796392679214475 -8.24395704269409 0.024390980601310733 -0.6431685984134673 1.0816561579704287 0.16666667163372043 -0.27526836097240442 -0.30122323334217066 -8.2653293609619123 -0.068447507917880998 -7.9222686290740958 0.093673683702945723 0.08063365146517755 -0.21867355704307553
decision_type=2 2 2 2 2 2 2 2 2 2 2 2 2 2 2 2 2 2 2 2 2 2 2 2 2 2 2 2 2 2
left_child=1 10 7 5 -4 12 -7 8 -2 11 13 23 -3 29 15 16 20 24 19 -19 -15 22 -9 -10 -17 -13 -16 -11 -26 -1
right_child=2 3 4 -5 -6 6 -8 21 9 27 -12 25 -14 14 26 17 -18 18 -20 -21 -22 -23 -24 -25 28 -27 -28 -29 -30 -31
leaf_value=0.0039046899459860476 -0.0011694218812863062 -0.001408433158465559 0.00090151403567282761 0.0041592582175471434 -0.0034383560610983612 -0.0023314473681034752 0.0039732284890512002 0.0014364580211694629 -0.0030792885672801702 0.0014637973299539981 0.0064632662517730257 0.0056114450992119022 -0.0063508349291829524 -0.0010369315790857887 0.0067902930082896313 0.00029660600143795808 0.0011392448697371473 0.0061466929294419848 0.0054212536382291995 0.00088832056821906062 -0.0080063644291272478 -0.00051005428738434789 -0.0022766330212598412 0.0022261545621888677 -0.00076239570835340493 0.0021048399682920293 0.0010427932205856073 -0.003771926635646431 -0.006289156435640905 -0.00034588445727379665
leaf_weight=2351.5191958546638 3420.3985425978899 1090.1091352850199 17933.232591807842 506.80016031861305 888.41724573075771 1034.5998782366514 695.87332820892334 2554.3838787823915 642.13336220383644 611.50366486608982 537.48599344491959 1494.7653095275164 1071.4236963540316 513.52132692933083 589.30449369549751 2246.164247661829 952.12625093758106 529.00030778348446 883.91068322956562 11603.719611182809 503.20110696554184 52636.077931150794 10689.113434627652 923.12203226983547 646.84054830670357 1598.9898155331612 531.10739086568356 705.75241795182228 543.78032593429089 628.38830509781837
leaf_count=9477 13703 4378 71916 2035 3581 4162 2808 10240 2575 2450 2154 5987 4292 2061 2370 9048 3834 2133 3549 46772 2023 211142 42889 3697 2599 6405 2138 2827 2183 2524
internal_value=-4.49294e-05 0.000832929 -0.00030116 -0.00133794 0.000694947 -0.00206258 0.000212107 -0.00055028 0.000648279 0.00168882 0.00124743 0.00254866 -0.00387624 0.00112015 0.000830556 0.00062965 -0.00179682 0.000920921 0.00141832 0.00112246 -0.00453066 -0.000721308 -0.00155991 4.39085e-05 -0.000961589 0.0038117 0.00409914 -0.00134865 -0.00331794 0.00301019
internal_weight=121557 27458.9 94097.9 4398.81 18821.6 3892.01 1730.47 75276.2 9396.67 5976.27 23060.1 4659.01 2161.53 22522.6 19542.7 18422.3 1968.85 16453.4 13016.6 12132.7 1016.72 65879.6 13243.5 1565.26 3436.79 3093.76 1120.41 1317.26 1190.62 2979.91
internal_count=487952 110540 377412 17675 75497 15640 6970 301915 37644 23941 92865 18664 8670 90711 78710 74202 7918 66284 52454 48905 4084 264271 53129 6272 13830 12392 4508 5277 4782 12001
is_linear=0
shrinkage=0.03


Tree=83
num_leaves=31
num_cat=0
split_feature=21 11 36 15 39 10 11 8 37 40 39 11 24 10 14 15 5 10 11 1 11 39 25 40 10 25 37 15 15 31
split_gain=22.7401 23.1587 20.2077 17.6783 17.4017 19.1942 16.6204 27.971 16.2472 16.0741 23.5864 22.6969 21.5916 17.7946 21.771 20.3452 16.1319 16.0411 14.908 14.3313 15.3549 19.8689 19.0462 16.3331 16.5442 19.0117 16.7835 15.3725 19.9736 15.8834
threshold=0.12808237969875338 1.3198888301849367 -0.99088832736015309 -7.5575237274169913 -0.38066601753234858 -1.8477609157562254 1.4000272750854494 -0.2875473946332931 -0.58663299679756153 -0.26933941245079035 -0.80773079395294178 -0.43251523375511164 2.9437099695205693 0.42069545388221746 -8.1078777313232404 -7.5093777179718009 0.11288158968091012 0.43138954043388372 0.38357263803482061 1.8303699493408205 0.48160754144191747 0.994289129972458 0.92223998904228222 0.99826323986053478 -0.8544614017009734 0.43435341119766241 0.39711469411849981 -7.9367752075195304 -8.4573092460632306 0.35901761054992681
decision_type=2 2 2 2 2 2 2 2 2 2 2 2 2 2 2 2 2 2 2 2 2 2 2 2 2 2 2 2 2 2
left_child=1 8 -2 -3 5 -4 9 -8 -1 10 16 -12 -11 14 -13 -15 -7 -9 -16 20 22 23 27 24 25 -22 -26 28 -6 -30
right_child=2 3 4 -5 19 6 7 17 -10 12 11 13 -14 15 18 -17 -18 -19 -20 -21 21 -23 -24 -25 26 -27 -28 -29 29 -31
leaf_value=-0.0007298718752575291 -0.001306020488633269 -0.0047379837397071908 0.0049052723198284593 0.00011149937939812178 0.0025685751462760026 -0.00038630985045600818 0.008357774657363282 -0.0034311351988243338 0.001613938809007356 0.0010072872456353482 -0.002404558589797929 0.0054433535131832335 -0.0040764509228347744 0.00089567898375386343 0.00051146071966555494 0.0071473279723049919 -0.0038538374953948512 0.0025069206872376164 -0.0040286845451967031 -0.0024251742661718333 0.0061068678368067005 -0.005085902621264759 -0.002178275410609172 -0.0058200339454155215 -0.0012720778558029389 -0.0015110672657840467 0.0013317704355439799 0.0007033509426186569 -0.0029531299820301613 0.002117655380785731
leaf_weight=3145.212202295661 12040.255768343806 1030.6251979470253 870.72171647846699 1932.3781911283731 1034.3122006654739 2253.48259344697 592.51616364717484 533.23449862003326 17128.790118962526 17213.149229839444 1885.9735901355743 586.71454410254955 776.48545537889004 1027.7489952296019 2239.8756642490625 856.13728332519531 2597.6058121025562 1657.5477947294712 906.50685939192772 2790.6484985500574 682.73985360562801 970.51141060888767 2829.9002850502729 530.14081950485706 12016.329217195511 507.60903386771679 2725.8302798569202 24470.37272618711 3277.8741482198238 661.56329207122326
leaf_count=12657 48308 4137 3498 7757 4147 9040 2376 2139 68861 69099 7564 2353 3114 4125 8978 3434 10415 6655 3634 11216 2739 3893 11406 2137 48239 2035 10950 98130 13142 2653
internal_value=4.40399e-05 0.000888036 -0.000155064 -0.00158557 5.2831e-06 0.000533964 0.000417621 0.00263208 0.00125015 0.000213698 -0.000619222 0.00043493 0.000785715 0.0013909 0.000188757 0.0037595 -0.00224717 0.00105258 -0.000805224 -0.000337128 -0.000219437 -0.000936586 0.000168109 -0.000689035 -0.000514762 0.00287277 -0.000790049 0.000394285 -0.00112465 -0.00209837
internal_weight=121773 23237 98535.8 2963 86495.5 33997.7 33127 2783.3 20274 30343.7 12354 7502.96 17989.6 5616.98 3733.1 1883.89 4851.09 2190.78 3146.38 52497.8 49707.2 17433.2 32274 16462.6 15932.5 1190.35 14742.2 29444.1 4973.75 3939.44
internal_count=488831 93412 395419 11894 347111 136424 132926 11170 81518 121756 49543 30088 72213 22524 14965 7559 19455 8794 12612 210687 199471 69993 129478 66100 63963 4774 59189 118072 19942 15795
is_linear=0
shrinkage=0.03


Tree=84
num_leaves=31
num_cat=0
split_feature=24 31 12 8 40 22 15 35 31 31 14 9 10 20 8 3 34 9 10 34 20 27 41 12 23 41 15 14 31 40
split_gain=17.218 23.0681 24.5875 16.3289 23.6364 20.7794 19.5877 23.7932 21.7125 20.1341 20.1001 18.8174 18.8147 18.9285 29.2662 18.2363 16.3836 15.9453 19.8675 23.7471 22.1052 15.7403 15.6585 15.4784 22.5858 17.3584 25.2893 17.8657 17.7913 15.8559
threshold=1.3590376973152163 -0.59717488288879383 -7.6253094673156729 1.3074528574943545 0.72386917471885692 1.8189287781715395 -8.2525711059570295 0.92307639122009288 0.81606996059417736 0.24004588276147845 -8.4438920021057111 0.47404716908931738 1.0649744272232058 1.0850444436073305 -0.24938258528709409 0.27364584803581243 -0.16197425872087476 1.9855242371559145 0.84184056520462047 0.87897366285324108 1.9359669089317324 0.42882785201072698 -1.0000000180025095e-35 -6.8234984874725333 0.60782647132873546 0.6078576147556306 -7.9651918411254874 -6.7862882614135733 -0.78458723425865162 0.27773319184780126
decision_type=2 2 2 2 2 2 2 2 2 2 2 2 2 2 2 2 2 2 2 2 2 2 2 2 2 2 2 2 2 2
left_child=1 2 -1 6 11 -6 9 8 12 10 15 -5 23 14 -14 16 -2 18 19 -13 22 -16 -20 25 -25 28 -27 -28 -8 -30
right_child=3 -3 -4 4 5 -7 7 -9 -10 -11 -12 17 13 -15 21 -17 -18 -19 20 -21 -22 -23 -24 24 -26 26 27 -29 29 -31
leaf_value=-6.5141969680581401e-05 -2.2252188173002709e-06 -0.0005906674482687521 0.0049799044390483205 -0.0031816939170440464 -0.0059898798818614719 0.00027421549659950269 0.0053248901193589313 0.0041195809509781472 0.0059544077247258688 0.0057403327045404996 0.0039891701780540786 0.0012185887333640098 0.0056146048762186406 -0.0019956207214834151 0.00071527595844200537 0.0033559005124174663 -0.006786612299603703 -0.0029583140956897314 -0.0020690457240647806 -0.0059185690649072101 0.0080276228483351832 -0.0050172641343415357 0.0037927555543010652 0.0040947635667372365 -0.0015963468322877376 -0.0041180859061815851 0.00014103452543828642 -0.0047688430442050719 2.5330126029560265e-05 0.0013497021229655118
leaf_weight=2237.802041336894 789.9758552312851 41330.489442616701 1411.5351111739874 1340.4232196509838 1285.69451379776 752.59001043438911 719.89345645904541 1479.000558167696 591.39264339208603 1193.4638661444187 1366.0840007215738 1670.5692808181047 844.66315461695194 6061.5123469233513 1442.8655344992876 647.51393549144268 528.895004093647 858.30280357599258 653.05935533344746 549.28206448256969 654.07258115708828 603.55657964944839 1070.1548336595297 2224.4971247017384 866.44713990390301 1571.9423180669546 12970.776446297765 693.12875282764435 19105.38565659523 14161.094844847918
leaf_count=8997 3183 165823 5695 5381 5176 3037 2906 5938 2375 4789 5485 6715 3384 24329 5786 2598 2120 3451 2630 2217 2636 2422 4297 8965 3472 6302 52022 2779 76667 56881
internal_value=7.72882e-05 -0.000388661 0.00189452 0.000350567 -0.000862008 -0.00368696 0.000508522 0.00037207 0.000281816 0.002413 0.00120777 -1.05475e-05 0.000226096 -0.00104401 0.000951168 -0.000734928 -0.0027535 0.000773011 0.00147457 -0.000566059 0.00337445 -0.000991613 0.00157214 0.000443613 0.00249944 0.000314034 -0.000527156 -0.000111334 0.000691178 0.000589334
internal_weight=121676 44979.8 3649.34 76696.2 8834.15 2038.28 67862.1 63336.2 61857.2 4525.93 3332.47 6795.86 61265.8 8952.6 2891.09 1966.38 1318.87 5455.44 4597.14 2219.85 2377.29 2046.42 1723.21 52313.2 3090.94 49222.2 15235.8 13663.9 33986.4 33266.5
internal_count=488458 180515 14692 307943 35540 8213 272403 254228 248290 18175 13386 27327 245915 35921 11592 7901 5303 21946 18495 8932 9563 8208 6927 209994 12437 197557 61103 54801 136454 133548
is_linear=0
shrinkage=0.03


Tree=85
num_leaves=31
num_cat=0
split_feature=23 22 15 42 9 16 15 14 31 41 10 22 37 1 9 9 24 31 36 31 41 10 22 10 31 31 10 39 10 11
split_gain=21.6986 28.4747 18.6172 22.1149 17.2103 20.1329 33.7031 30.8799 24.9626 22.4338 19.5496 19.179 20.7813 18.8988 21.249 17.476 17.4393 24.5003 16.8936 16.8522 21.0992 16.8625 16.1955 16.0296 15.3207 16.2607 15.9331 19.1841 15.669 21.1892
threshold=0.91985329985618602 1.0124617218971255 -7.7165520191192618 -0.56174489110708226 -0.52310463786125172 -0.19535953551530835 -7.4208178520202628 -7.314387083053588 0.38454622030258184 0.6078576147556306 0.42069545388221746 1.975543260574341 -0.79999682307243336 -0.11902055144309996 -0.27893331646919245 1.071586608886719 2.8015775680541997 0.043821943923830993 -0.18734160065650937 -0.14256431907415387 -0.60785761475563038 -0.78292608261108387 2.1772899627685551 0.25087393820285803 0.097834344953298583 -0.82531592249870289 -0.3896286934614181 0.98203879594802868 2.0604596138000493 0.95753043889999401
decision_type=2 2 2 2 2 2 2 2 2 2 2 2 2 2 2 2 2 2 2 2 2 2 2 2 2 2 2 2 2 2
left_child=4 -2 3 -3 5 8 7 19 9 -1 22 12 -6 15 -15 -13 24 -18 -16 23 -21 -22 -8 -7 25 -14 -27 -28 29 -26
right_child=1 2 -4 -5 11 6 10 -9 -10 -11 -12 13 16 14 18 -17 17 -19 -20 20 21 -23 -24 -25 28 26 27 -29 -30 -31
leaf_value=0.00038501045897312673 0.0035647742726450079 0.0050821248662363738 -0.0022613206567093911 -0.00077552543410576707 -0.0058323026319595638 0.0014711808156123009 0.0032440640479805155 -0.0044869445385287456 0.0034472043808331178 -0.0023786527879552178 0.0085792957280147793 0.0040292841968640313 0.0040993569791612332 -0.0055501587416373665 -0.0028103128161923352 -0.00071307534811539347 0.0046408640037453588 -0.00091804602400712251 0.0021196503738748541 0.0033243176543590095 0.0013587593767184973 -0.0037561335131793441 -0.0013126696269028773 0.0069272523295095725 0.0006500142392343426 0.00046042207456916556 -0.00081892367045194249 -0.004278832352935834 0.0045358751707787236 -0.0015016963806886812
leaf_weight=8508.4677868038416 1104.7408433407545 684.00114099681377 8319.2001287639141 3523.8725768476725 566.3731565028429 5119.8228525668383 5546.4764007180929 1024.3953636139631 1648.2250774651766 3823.5408531427383 540.54292018711567 2930.3883969336748 645.48586171865463 537.6207130998373 836.05709950625896 914.03700405359268 1594.7073849290609 1279.8850855976343 2394.7528646290302 878.96307353675365 869.09699186682701 1709.125944763422 797.99271379411221 526.80709351599216 20550.107034370303 8743.5267018377781 28488.345502838492 1510.0981879532337 769.76966163516045 5141.0691574513912
leaf_count=34155 4433 2750 33473 14176 2273 20643 22329 4117 6606 15328 2174 11788 2594 2162 3361 3675 6392 5131 9621 3533 3488 6854 3233 2120 82391 35071 114219 6051 3088 20634
internal_value=9.55988e-05 -0.00103174 -0.00143962 0.000186443 0.000238112 0.000834814 0.00152761 0.000425778 -8.77203e-06 -0.000473097 0.00314549 -2.45054e-06 -0.00015956 0.00142583 -8.46467e-05 0.00290283 -0.000111967 0.00217121 0.000839158 0.000982893 -0.000665551 -0.00203336 0.00266976 0.00199156 -0.000211953 -0.000586962 -0.00066608 -0.000994461 0.000346265 0.000219018
internal_weight=121527 13631.8 12527.1 4207.87 107896 30993.5 17013.2 10128.2 13980.2 12332 6885.01 76902.2 69289.4 7612.86 3768.43 3844.43 68723 2874.59 3230.81 9103.82 3457.19 2578.22 6344.47 5646.63 65848.4 39387.5 38742 29998.4 26460.9 25691.2
internal_count=487863 54832 50399 16926 433031 124580 68491 40755 56089 49483 27736 308451 277844 30607 15144 15463 275571 11523 12982 36638 13875 10342 25562 22763 264048 157935 155341 120270 106113 103025
is_linear=0
shrinkage=0.03


Tree=86
num_leaves=31
num_cat=0
split_feature=11 40 35 17 17 17 12 24 40 26 34 26 25 35 35 37 40 22 35 24 25 12 24 24 40 12 40 40 16 41
split_gain=29.1582 36.0937 29.5704 28.5592 27.1153 30.928 25.0726 24.6721 23.7812 23.2665 22.1094 21.3074 19.9291 19.4838 19.3394 19.3 19.1645 29.1278 18.3447 25.818 24.3162 18.8547 18.0601 21.2065 19.0685 17.7386 23.6357 18.5669 18.4217 17.3632
threshold=0.11999743431806566 0.4166764914989472 -0.4778576642274856 -1.1476462483406065 -0.35884617269039149 0.45331981778144842 -7.0898349285125724 2.3253128528594975 0.75898545980453502 -0.075833141803741441 0.15346797555685046 -1.1981324553489683 0.6531381905078889 0.36943763494491583 -0.63111943006515492 -0.55024623870849598 0.97185599803924572 1.3387621045112612 -0.26848539710044855 1.6502639055252077 0.91046431660652172 -7.3355376720428458 1.1298400163650515 2.0229389667510991 0.60702770948410045 -7.5061740875244132 -0.45204447209835047 -0.3440686017274856 -0.3769113421440124 1.0000000180025095e-35
decision_type=2 2 2 2 2 2 2 2 2 2 2 2 2 2 2 2 2 2 2 2 2 2 2 2 2 2 2 2 2 2
left_child=1 3 -2 -1 7 8 -7 -3 22 12 -9 18 25 14 -10 -11 29 -18 19 21 -20 -5 -6 -24 -25 26 28 -28 -4 -14
right_child=2 4 9 11 5 6 -8 10 13 15 -12 -13 16 -15 -16 -17 17 -19 20 -21 -22 -23 23 24 -26 -27 27 -29 -30 -31
leaf_value=0.0054563301128461384 0.003140496630177026 -0.0008706015340225248 0.0032686290438094963 0.0024723169106262897 -0.00019672552905616465 -0.0042825417490096693 0.0021300688055215984 0.0067889220089353813 -0.0026252767492319601 -0.00407979436419551 -0.00024672385376208112 -0.00072337470675022523 -0.0022984503175072545 -0.0031679569814733028 0.002607232286903685 0.00070661309147711552 -0.010291297345843583 -0.00067156686887044517 0.001790870138930553 -0.0029874610680439514 -0.0032850551699353538 -0.0038995283336845385 0.0062496952848428754 -0.0017948555239396041 0.0057040648792503288 0.0012361187226962171 -0.006701231707227911 -0.0012556911515584043 -0.00031290706916739801 -0.00024088600643132406
leaf_weight=827.10348656773567 2021.7311478704214 6128.9200271219015 1824.1238645017147 2167.3667762875557 696.23644377291203 1111.6221760362387 1065.6075784116983 801.49713806807995 691.05711856484413 790.28869961202145 795.24449880421162 23390.001561805606 8911.2958723157644 669.73828786611557 7007.579811245203 14437.119918137789 558.32782737910748 567.8049491494894 10251.012733995914 2482.8966515213251 916.91320872306824 507.83613112568855 3265.603042781353 669.15396256744862 545.71106906235218 4906.2403862476349 580.75321039557457 12575.89791752398 4371.9155022650957 6300.6700489073992
leaf_count=3322 8154 24614 7307 8703 2796 4460 4290 3218 2794 3178 3192 93912 35831 2701 28132 58004 2251 2292 41057 9957 3689 2041 13128 2688 2193 19678 2327 50417 17521 25277
internal_value=7.32723e-05 0.000514488 -0.000414818 -2.74179e-05 0.00145109 0.00216585 -0.00114861 -4.39981e-06 0.00269906 -0.000544117 0.00330515 -0.000142964 -0.00091915 0.00170709 0.00213475 0.000455688 -0.00172877 -0.00548956 0.000688513 -0.000790157 0.00137156 0.00125273 0.00429626 0.00499332 0.00159269 -0.00037339 -0.000781856 -0.00150097 0.000745071 -0.00144694
internal_weight=121837 63991.1 57846.2 40543.1 23448 15722.3 2177.23 7725.66 13545.1 55824.4 1596.74 39716 40597 8368.38 7698.64 15227.4 16338.1 1126.13 16326 5158.1 11167.9 2675.2 5176.7 4480.47 1214.87 24258.9 19352.7 13156.7 6196.04 15212
internal_count=489124 256887 232237 162681 94206 63182 8750 31024 54432 224083 6410 159359 162901 33627 30926 61182 65651 4543 65447 20701 44746 10744 20805 18009 4881 97250 77572 52744 24828 61108
is_linear=0
shrinkage=0.03


Tree=87
num_leaves=31
num_cat=0
split_feature=9 9 17 6 40 10 15 3 15 10 30 16 28 20 15 12 42 29 8 30 21 13 22 13 40 6 22 21 1 10
split_gain=18.447 18.7558 31.1634 18.0072 15.1679 26.9953 52.3337 31.7703 28.3675 24.3167 32.0991 20.6616 16.5526 16.9541 20.2799 18.2791 15.7125 14.9754 13.941 12.5621 12.2595 34.7727 26.9177 24.4719 14.8414 14.8222 14.2325 17.7044 13.9386 13.1315
threshold=-0.79444995522499073 -1.7127395272254942 -0.2208730727434158 -0.36854073405265803 0.94622433185577404 2.1467480659484868 -7.589164972305297 0.7195112705230714 -7.1610670089721671 0.39137601852416998 -0.37334558367729181 -0.077719755470752702 0.39086315035820013 1.1803983449935915 -7.3640456199645987 -8.1028046607971174 -0.56174489110708226 -0.11687835678458212 -0.45462568104267115 1.6833627820014956 0.18150746822357181 -9.0173082351684553 1.8268666267395022 -9.2643795013427717 -0.85149618983268727 0.6026410460472108 0.79466459155082714 0.64643985033035289 -0.7438736855983733 0.9305492937564851
decision_type=2 2 2 2 2 2 2 2 2 2 2 2 2 2 2 2 2 2 2 2 2 2 2 2 2 2 2 2 2 2
left_child=1 2 18 -4 5 19 -7 8 -8 12 16 -12 13 17 15 -15 -11 -6 -1 20 21 -2 24 -22 28 -26 27 -25 -23 -24
right_child=4 -3 3 -5 9 6 7 -9 -10 10 11 -13 -14 14 -16 -17 -18 -19 -20 -21 23 22 29 26 25 -27 -28 -29 -30 -31
leaf_value=0.0046303171150450266 -0.0067546424548266667 0.0011067028390097417 -0.001162128785796417 -0.0068700015541586475 -0.0039715848770219553 -0.0035668413853568275 0.010915255141695543 -0.00079536455395563593 0.0021022993248185169 -0.0017865297802668793 0.002666428214603095 -0.0033253996244656187 -0.0036854417167343453 0.00052332067348511346 -0.0010680986425535758 0.0067926800308321551 -0.0069874576828176348 0.00070098291716047707 -0.0012589702596215678 0.0039046931109695915 0.0050447651161628117 -0.000108782702008589 0.0042149873919651096 -0.0010422291970912428 -0.00056368409625636264 0.0039904652819106289 -0.00054848713224682456 0.0067172113298360212 0.0038491476396318464 -0.0010862324469812841
leaf_weight=811.73290112614632 577.60576835274696 18161.308031260967 1122.9754759818316 890.21899604797363 1037.2547755688429 816.76594638824463 910.7179834395647 535.5160024613142 520.05216830968857 777.38698290288448 1060.1569528281689 993.82712057232857 971.51659107208252 720.22476342320442 1071.1435545235872 995.24305474758148 1642.1666541695595 1497.7229332774878 640.07327406108379 652.54517142474651 716.19412463903427 1518.6405132710934 2412.5937085747719 508.94536231458187 11643.114959225059 670.81870558857918 65285.792355358601 536.10527043044567 1682.8992290794849 504.52865666151047
leaf_count=3269 2321 73029 4526 3566 4161 3277 3652 2152 2085 3125 4264 4003 3906 2893 4304 3998 6604 6008 2567 2616 2869 6097 9719 2039 46725 2687 261946 2149 6749 2026
internal_value=-7.36494e-05 0.000720804 -0.0012992 -0.00370759 -0.00024507 -0.000117016 0.00278597 0.00542954 0.00774877 -0.00130837 -0.00299669 -0.000234803 -0.000105349 0.000553924 0.00216536 0.00417883 -0.00533066 -0.00121902 0.00204299 -0.000210502 -0.000242156 0.000430136 0.000658819 -0.00043281 0.000160899 -0.000312554 -0.000492705 0.00296426 0.00197722 0.00329754
internal_weight=121886 21626.3 3465 2013.19 100259 89492.8 2783.05 1966.29 1430.77 10766.6 4473.54 2053.98 6293.11 5321.59 2786.61 1715.47 2419.55 2534.98 1451.81 86709.8 86057.2 19010.2 18432.6 67047 15515.5 12313.9 66330.8 1045.05 3201.54 2917.12
internal_count=489332 86957 13928 8092 402375 359109 11166 7889 5737 43266 17996 8267 25270 21364 11195 6891 9729 10169 5836 347943 345327 76324 74003 269003 62258 49412 266134 4188 12846 11745
is_linear=0
shrinkage=0.03


Tree=88
num_leaves=31
num_cat=0
split_feature=23 13 43 23 15 17 14 2 13 0 43 10 15 40 6 9 34 14 39 11 39 15 13 11 40 34 35 24 23 11
split_gain=19.025 40.9065 20.0202 19.3701 17.3922 22.638 21.7159 21.1486 16.9925 24.7062 15.1974 14.7779 34.5498 23.3408 14.6094 20.4347 17.3479 17.9806 17.2305 14.3188 13.5693 12.9249 12.885 31.2129 13.1903 25.8638 22.5981 26.9606 16.0045 16.2657
threshold=0.91205090284347545 -8.7288603782653791 0.16666667163372043 0.99299344420433056 -7.6046278476715079 -0.28579863905906672 -7.8079423904418936 0.62308618426322948 -8.8135027885436994 -0.16036171466112134 0.63333335518836986 2.1467480659484868 -7.6437325477600089 0.87142586708068859 -1.0495136380195615 0.28517222404479986 -0.4456875324249267 -8.0771899223327619 -0.61737772822380055 -0.010347942821681498 0.87985393404960643 -7.9367752075195304 -8.7030806541442853 -0.10105501487851141 -0.99638012051582325 0.21790084987878802 -0.28874909877777094 1.3209769725799563 0.55863136053085338 -0.8211819827556609
decision_type=2 2 2 2 2 2 2 2 2 2 2 2 2 2 2 2 2 2 2 2 2 2 2 2 2 2 2 2 2 2
left_child=8 3 -3 -2 6 7 10 -6 9 -1 -4 14 -13 -14 15 16 17 21 -18 -8 -11 -10 23 -16 25 26 -24 -28 -26 -30
right_child=1 2 4 -5 5 -7 19 -9 11 20 -12 12 13 -15 22 -17 18 -19 -20 -21 -22 -23 24 -25 28 -27 27 -29 29 -31
leaf_value=-0.0050496950259873398 -0.00013717876910581677 -0.0038169526425064098 0.00089601642779756194 0.0075578224390570698 -0.0030607851669090208 -0.0036457244194943229 0.0069539296086677449 0.0018922728569059186 0.0013002567462245592 0.0010176083940016741 -0.0035610804631367871 -0.00418023896895728 0.0058037473493054619 -0.001530660502050073 0.0083360917442263475 0.0034257969650037792 0.0022178555811187121 0.00052188377732068211 -0.0028680982950144 0.00097904096101781614 -0.0035985236280576495 0.0066949138694673248 -0.00092936355371066022 -0.00087723588013000813 -0.00048627282821665747 -0.0026752438701580969 0.001586809435724638 0.011093394819169362 0.0016789777923606809 5.838895489951515e-05
leaf_weight=1353.6220591366291 512.3463829010725 2665.2631486654282 1626.6512673050165 681.03179302811623 1288.4607979655266 3274.0109719634056 615.49325902760029 1917.6713654249907 794.915013641119 2213.6164162904024 1179.9190371483564 564.01087389886379 1665.7828227430582 504.45407867431641 549.92600034177303 2628.7539964616299 819.4985066652298 6926.4913962334394 2163.0883856713772 862.90257282555103 762.15214850008488 806.30034433305264 504.56110797822475 805.09103484451771 44923.643747732043 675.1499981880188 501.1647502630949 578.04504753649235 6806.7425012439489 30579.604993656278
leaf_count=5440 2058 10725 6548 2733 5183 13161 2470 7722 3222 8888 4750 2262 6677 2025 2205 10564 3294 28040 8680 3474 3056 3274 2024 3230 180131 2709 2007 2315 27275 122653
internal_value=-5.36525e-06 -0.00101999 -0.0014938 0.00428048 -0.000915621 -0.00189506 0.00056655 -0.00010156 0.000133222 -0.0017057 -0.000983796 0.000210828 0.00238275 0.00409972 0.000151248 0.0010445 0.000498145 0.0011867 -0.00146794 0.00349655 -0.000172765 0.00404146 4.15658e-06 0.00289562 -4.25091e-05 0.00221399 0.00430195 0.00673381 -0.000104698 0.000353811
internal_weight=121750 14623.8 13430.4 1193.38 10765.1 6480.14 4284.97 3206.13 107127 4329.39 2806.57 102797 2734.25 2170.24 100063 14139 11510.3 8527.71 2982.59 1478.4 2975.77 1601.22 85923.9 1355.02 84568.9 2258.92 1583.77 1079.21 82310 37386.3
internal_count=488795 58824 54033 4791 43308 26066 17242 12905 429971 17384 11298 412587 10964 8702 401623 57074 46510 34536 11974 5944 11944 6496 344549 5435 339114 9055 6346 4322 330059 149928
is_linear=0
shrinkage=0.03


Tree=89
num_leaves=31
num_cat=0
split_feature=34 14 36 13 34 40 10 25 15 36 41 13 5 31 12 11 3 43 32 39 36 12 17 6 25 11 10 10 28 10
split_gain=21.4769 17.3285 17.0955 21.0583 16.7539 16.1683 31.5207 18.0835 14.409 13.9661 13.1112 17.3896 16.7077 14.3127 12.2532 16.7905 12.0907 18.8935 11.4031 11.3342 10.5681 15.7104 13.461 12.9645 11.6543 15.8631 15.6705 13.4547 19.0202 11.6086
threshold=-0.63241553306579579 -8.1418023109436017 -0.96151617169380177 -8.8135027885436994 0.50581872463226329 0.99638012051582348 0.55794140696525585 0.6531381905078889 -7.5779426097869864 0.94525897502899181 -0.60785761475563038 -7.6095476150512686 -0.89919957518577565 0.4108970314264298 -7.8488714694976798 0.39435715973377233 -1.7144632339477537 0.63333335518836986 -0.25645847618579859 -0.31937207281589503 0.9615468978881837 -7.9415426254272452 -0.040227757766842835 1.5884992480278017 0.95169928669929515 0.93993571400642406 0.91486516594886791 2.1467480659484868 -0.18220253288745877 0.59210598468780529
decision_type=2 2 2 2 2 2 2 2 2 2 2 2 2 2 2 2 2 2 2 2 2 2 2 2 2 2 2 2 2 2
left_child=1 -1 3 -2 10 16 7 8 -7 18 12 13 -5 14 -12 -16 17 -4 -3 -14 24 22 -22 -23 27 26 -26 29 -29 -18
right_child=2 9 5 4 -6 6 -8 -9 -10 -11 11 -13 19 -15 15 -17 20 -19 -20 -21 21 23 -24 -25 25 -27 -28 28 -30 -31
leaf_value=0.004421562382700135 -0.0054254674378714299 0.0011548482468496618 0.00033679591474553998 0.0045245034721868348 -0.0037324697079489893 -0.0015420165148244947 -0.0069918316006622192 -0.0042475057500073604 0.0051929296043094746 0.0054624427994169411 -0.0016282985778638484 0.00054756577818394141 0.0021336193844649297 0.001413440861060948 -0.0069401282362893694 -0.00058032076338222836 0.00012938078934153786 0.0061870760983676002 -0.0018223840170758997 -0.0011822913656979158 0.0010155968669141677 9.4196670458478521e-05 0.0040574981508108973 -0.0042205982715948793 -0.0020766485731169254 -0.0048684921184816371 0.0026347135509908379 0.00038209629320599026 0.0068252360988203635 -0.00079160557347666537
leaf_weight=1452.7088893949986 893.43698604404926 4598.8574461489916 1505.2706351727247 897.03005470335484 1521.8640986829996 506.31669001281261 851.95197087526321 577.31914839148521 636.05492858588696 525.00808162987232 4805.1174245029688 4177.3512082695961 1441.958318606019 1024.1555160731077 1028.7731667608023 586.51314848661423 47408.732048526406 732.51082444190979 1536.6038168817759 2559.6215106993914 8583.0580643415451 9279.5577058643103 1537.9085794687271 662.0931086987257 1968.9385166168213 1042.6404977589846 926.16065596044064 1282.6285627782345 598.62441669404507 16629.888278454542
leaf_count=5902 3585 18654 6048 3611 6136 2031 3434 2322 2554 2124 19257 16747 5784 4104 4124 2351 190098 2943 6197 10267 34425 37220 6168 2670 7944 4210 3739 5143 2401 66726
internal_value=-2.60445e-05 0.0014642 -0.000132534 -0.000955183 -0.000730937 3.19915e-05 -0.00230958 3.70629e-05 0.00222042 0.000813507 -0.000452347 -0.0010008 0.000848254 -0.00186921 -0.00239423 -0.00464865 9.75759e-05 0.00227082 0.000407459 1.49281e-05 4.32454e-05 0.000649947 0.00148137 -0.000197112 -0.000131063 -0.00171435 -0.000565573 -3.62391e-05 0.00245758 -0.000109872
internal_weight=121779 8113.18 113665 18935.8 18042.4 94729.7 2571.64 1719.69 1142.37 6660.47 16520.5 11621.9 4898.61 7444.56 6420.4 1615.29 92158 2237.78 6135.46 4001.58 89920.2 20062.6 10121 9941.65 69857.6 3937.74 2895.1 65919.9 1881.25 64038.6
internal_count=488919 32877 456042 75966 72381 380076 10341 6907 4585 26975 66245 46583 19662 29836 25732 6475 369735 8991 24851 16051 360744 80483 40593 39890 280261 15893 11683 264368 7544 256824
is_linear=0
shrinkage=0.03


Tree=90
num_leaves=31
num_cat=0
split_feature=5 13 43 20 14 2 31 34 11 20 35 13 14 9 24 24 39 40 41 25 39 40 12 14 2 10 26 15 13 11
split_gain=25.8313 17.9453 16.576 25.2886 18.2013 19.4205 16.7499 16.1392 15.7684 18.8463 16.9256 14.9809 14.6767 14.618 16.5917 14.4153 20.4127 14.3697 14.3291 22.9163 18.3733 22.3691 17.314 15.8129 17.4859 16.6457 19.1053 15.7841 15.4616 21.3265
threshold=0.14016047120094302 -9.1651368141174299 0.36666667461395269 1.2228799462318423 -8.6447439193725568 0.90669432282447826 0.46173019707202917 0.64794650673866283 -0.43251523375511164 1.1504766941070559 0.65216848254203807 -6.2343900203704825 -9.2067337036132795 0.65912723541259777 2.3433591127395634 1.6443122029304507 -0.91265374422073353 0.92799669504165661 -0.60785761475563038 0.85958400368690502 0.891992747783661 -0.2185685262084007 -7.8104591369628897 -7.1576809883117667 0.84560766816139232 0.36094406247138983 -1.2256269454956052 -7.5197064876556388 -7.3223412036895743 -0.08097622916102408
decision_type=2 2 2 2 2 2 2 2 2 2 2 2 2 2 2 2 2 2 2 2 2 2 2 2 2 2 2 2 2 2
left_child=11 -2 -3 7 -5 13 -7 8 9 -4 -10 12 -1 14 15 16 -6 -15 19 20 23 -22 -23 24 25 -14 -27 -28 -20 -30
right_child=1 2 3 4 5 6 -8 -9 10 -11 -12 -13 18 17 -16 -17 -18 -19 28 -21 21 22 -24 -25 -26 26 27 -29 29 -31
leaf_value=-0.0044853886144515459 0.0037246772333110493 -0.001195478149803459 0.0016251475378974629 -0.0046388945614830712 -0.00346087374875602 -0.0015919782560743032 0.0023566621216782441 -0.0053185205944059483 -0.0019412526384465685 -0.0043325429539925594 0.0029199354905634729 0.0053404799201560863 0.0032817327713601007 0.0006371855707989119 -0.0020650922558496207 0.0047007513044453842 0.0024070822671551501 -0.0047332434815133733 -0.00019295247137749965 -0.0033318592644619284 -0.005291660898387238 -0.00095070609267356007 0.0052319653675314782 -0.00055542856666666071 -0.0012403538157217087 -0.0010923635260104998 0.00099162684882939784 0.0070397171751158316 -0.0002011476338220853 0.0022616098377412942
leaf_weight=546.81776058673859 890.97322638332844 21165.594608798623 3267.1390648633242 566.83756946027279 590.37606333196163 4279.5459558665752 1238.713265016675 762.39353579282761 8022.3728752285242 549.67517060041428 692.06713277101517 539.21548457443714 8036.9000653773546 3571.3044930845499 753.30034919083118 2085.3328129500151 4856.9215639978647 502.58802549540997 35324.338480830193 984.83527289330959 748.15586417913437 1481.2086129933596 551.28862355649471 2264.317269936204 1226.8850315064192 2043.8106862157583 1058.3281074762344 607.15733903646469 6332.7191060036421 6312.7082227468491
leaf_count=2198 3569 84959 13092 2277 2366 17188 4995 3076 32165 2203 2779 2168 32367 14365 3019 8362 19477 2027 141747 3960 3004 5946 2216 9100 4928 8199 4251 2438 25462 25337
internal_value=1.72327e-05 -0.000474017 -0.000545419 -0.000111673 0.000607123 0.000775952 -0.000702946 -0.00110871 -0.000848548 0.000758076 -0.00155229 0.000405541 0.000365345 0.00143627 0.00215896 0.00258357 0.00176594 -3.53213e-05 0.000405614 0.00110258 0.00134667 -0.000893326 0.000743669 0.00175577 0.00215928 0.00251512 0.000849754 0.00322533 0.000129343 0.0010291
internal_weight=121854 53795.1 52904.2 31738.6 18444.9 17878.1 5518.26 13293.6 12531.3 3816.81 8714.44 68058.7 67519.5 12359.8 8285.93 7532.63 5447.3 4073.89 66972.7 19002.9 18018.1 2780.65 2032.5 15237.4 12973.1 11746.2 3709.3 1665.49 47969.8 12645.4
internal_count=489240 215919 212350 127391 74076 71799 22183 53315 50239 15295 34944 273321 271153 49616 33224 30205 21843 16392 268955 76409 72449 11166 8162 61283 52183 47255 14888 6689 192546 50799
is_linear=0
shrinkage=0.03


Tree=91
num_leaves=31
num_cat=0
split_feature=29 36 10 11 11 7 31 31 14 26 28 35 17 40 11 40 14 8 29 19 11 39 39 9 11 8 13 40 9 7
split_gain=18.6043 21.2207 14.1408 15.1056 13.6854 12.5053 14.1085 24.5269 20.1017 17.4002 13.1318 11.9854 26.5191 30.323 21.9147 15.1782 14.2348 18.1567 13.3883 13.3031 12.68 14.3459 22.0612 16.015 13.3471 11.8981 11.5963 28.0065 21.2572 23.4728
threshold=-0.51011201739311207 0.96750605106353771 -1.8477609157562254 2.4983962774276738 -3.2896158695220943 1.0642133355140688 -0.29717634618282313 -0.13819168508052823 -6.9366300106048575 -0.43291063606739039 0.28199253976345068 0.28685364127159124 0.45331981778144842 0.42853991687297827 2.606026411056519 -0.92799669504165638 -8.0045242309570295 1.1234278082847597 0.10807475820183755 0.61504119634628307 -0.24318428337574002 -0.69622442126274098 -0.4752392172813415 0.23717863857746127 1.2046110630035403 -0.73378190398216236 -7.1152272224426261 0.45204447209835058 -0.27893331646919245 0.42649123072624212
decision_type=2 2 2 2 2 2 2 2 2 2 2 2 2 2 2 2 2 2 2 2 2 2 2 2 2 2 2 2 2 2
left_child=2 4 -1 5 -2 6 9 10 -9 -4 -8 26 13 14 15 18 -15 20 -13 -14 -18 -22 -23 -24 -25 -3 -6 28 29 -28
right_child=1 25 3 -5 11 -7 7 8 -10 -11 -12 12 19 16 -16 -17 17 -19 -20 -21 21 22 23 24 -26 -27 27 -29 -30 -31
leaf_value=0.0045314694561127611 -0.0049501521286953306 0.0026742449691997366 0.0023358899926694812 -0.0036451205328268668 6.4634203202303852e-05 0.0040871466639825016 -0.0034336256127614696 0.00029535984494835296 0.0057741043304849939 1.973573031273151e-05 0.00047745318378844906 5.5033870411113289e-05 0.004229448117794749 -0.0056193425801939461 0.0040869542289919975 -0.000252495345153283 0.0030884830812663365 -0.0047544341705966428 -0.004506615390505995 -0.00040921270349473122 -0.005408433785351976 0.0048106533994070229 -0.0066998325771996216 -0.0027827374627394882 0.0019937843170957114 0.00042105935700584849 -0.0027053563644253093 0.0013286997685778193 -0.00020825765014015517 -0.0096185678508186427
leaf_weight=827.96368260681629 585.35132233798504 2448.4139080345631 6463.5847352147102 733.11796444654465 44697.776799544692 931.85942696034908 2498.5103099346161 7338.2857226729393 646.79006844758987 5316.998017385602 1113.3100396841764 908.78082177042961 1234.0044612288475 1320.0616833120584 891.11344511806965 10569.683149039745 543.2120945006609 1771.9188011586666 1584.8710936903954 1003.7960650324821 770.43653903901577 507.30676020681858 507.38364930450916 1267.459406748414 886.49728894233704 14894.502489522099 3221.9913007616997 2957.8234831392765 2798.3857208192348 505.82788211107254
leaf_count=3338 2350 9826 25996 2943 179224 3738 10034 29437 2596 21500 4478 3646 4948 5331 3578 42461 2184 7157 6375 4030 3094 2037 2042 5105 3568 59762 12930 11880 11209 2025
internal_value=-1.63117e-05 -0.000208961 0.000697457 0.000568938 -0.000418705 0.000697471 0.000560664 -0.00018215 0.000745804 0.00129143 -0.00223008 -0.000384046 -0.000945575 -0.00126883 -0.000438644 -0.000750247 -0.00279574 -0.00219175 -0.0028506 0.00215615 -0.00117035 -0.00176399 -0.000863642 -0.00195924 -0.00081675 0.000740514 -0.000137605 -0.00108982 -0.0021863 -0.00366663
internal_weight=121747 95876.6 25870.4 25042.5 78533.7 24309.3 23377.5 11596.9 7985.08 11780.6 3611.82 77948.3 23766.5 21528.7 13954.4 13063.3 7574.28 6254.21 2493.65 2237.8 4482.3 3939.08 3168.65 2661.34 2153.96 17342.9 54181.8 9484.03 6526.2 3727.82
internal_count=488822 384762 104060 100722 315174 97779 94041 46545 32033 47496 14512 312824 95556 86578 56060 52482 30518 25187 10021 8978 18030 15846 12752 10715 8673 69588 217268 38044 26164 14955
is_linear=0
shrinkage=0.03


Tree=92
num_leaves=31
num_cat=0
split_feature=25 36 39 11 31 41 24 24 14 34 8 24 33 14 34 31 41 7 6 14 17 28 24 31 14 17 11 11 25 39
split_gain=16.7084 20.2001 18.0149 23.4194 25.0117 23.6742 24.3244 27.1248 22.7619 36.3692 21.5009 21.4821 21.4608 20.7246 20.7159 23.0943 22.098 20.6164 20.2671 18.9143 18.9128 17.8178 17.4816 17.9488 16.942 17.4035 16.379 16.209 18.5232 16.0661
threshold=0.92223998904228222 0.67802414298057567 -0.42853991687297815 0.050804087892174728 0.79397752881050121 0.6078576147556306 2.3253128528594975 1.8868083953857424 -7.1155447959899893 -0.10307926684617995 0.81508663296699535 0.99385383725166332 0.82432276010513317 -7.2286112308502188 -0.55192631483077992 0.11058710888028146 1.0000000180025095e-35 1.6539635062217715 1.0162248611450198 -7.7505600452423087 -0.20353198051452634 -2.2676897048950191 3.0002849102020268 -0.59717488288879383 -8.1594944000244123 -0.89439114928245533 2.3942627906799321 0.67274212837219249 0.52132919430732738 -0.14133286476135251
decision_type=2 2 2 2 2 2 2 2 2 2 2 2 2 2 2 2 2 2 2 2 2 2 2 2 2 2 2 2 2 2
left_child=2 -2 12 4 5 6 7 -4 14 -10 -8 -7 26 -9 16 22 -5 -17 21 -18 -11 -13 23 -16 27 -26 -1 -25 -29 -27
right_child=1 -3 3 8 -6 11 10 13 9 20 -12 18 -14 -15 15 17 19 -19 -20 -21 -22 -23 -24 24 25 29 -28 28 -30 -31
leaf_value=0.0005652973703969015 -0.0024372006729383921 0.00036824488745251414 0.00079962654922114415 0.0041311499976040798 0.0065485118320791373 -0.0058073839093166889 0.0048937182445105204 -0.001021945104169309 0.0064392543629228603 -0.0039772693660687555 -0.0012515327034586102 0.0036561110942530759 -0.0045852357478479312 -0.0071935283616124061 0.00049159191402672572 5.0535968017776773e-05 -0.0046779977472137307 -0.0056024128864390985 0.0036952138328596451 0.0029454475753322973 0.0016778311523181538 -0.0014414325628602839 0.0033734636757200252 -0.0063714151655124085 -0.0072547187543077884 -0.0042339432754756141 0.0055720046712675036 -0.0048807448590476154 0.001012542593573511 -0.0011338471038498086
leaf_weight=39201.702152699232 5533.5592084079981 3955.9209340661764 19241.372546628118 1376.981762483716 556.46282136440277 766.67789913713932 2044.3659907728434 2738.7026343345642 970.21356804668903 852.95776446163654 678.00434371829033 658.22957979142666 710.17551478743553 587.62610629200935 2114.8718768060207 11511.365365624428 678.99529072642326 601.47095394134521 879.87370216846466 500.59240329265594 1379.399035230279 8133.8814805299044 533.65960843861103 1701.5650143176317 510.98791137337685 1788.9571399688721 587.18646283447742 1105.1728860586882 837.61888481676579 9288.1930593252182
leaf_count=157340 22325 15960 77254 5582 2231 3071 8206 10993 3900 3420 2718 2636 2856 2360 8481 46195 2736 2423 3526 2021 5531 32622 2138 6823 2049 7174 2354 4429 3364 37241
internal_value=-6.03185e-05 -0.00126853 4.16649e-05 -0.000242926 0.000293974 0.000194756 0.000690839 0.000366992 -0.000787747 0.00162201 0.00336427 -0.00100663 0.000547819 -0.0021305 -0.00102526 -0.00124629 0.00156264 -0.000234555 -0.000620478 -0.0014452 -0.000491018 -0.00105608 -0.00193114 -0.00209618 -0.00245555 -0.0018916 0.000640566 -0.0042387 -0.00234773 -0.00163788
internal_weight=122027 9489.48 112537 72038.2 36285.2 35728.7 25290.1 22567.7 35753 3202.57 2722.37 10438.7 40499.1 3326.33 32550.4 29993.9 2556.57 12112.8 9671.98 1179.59 2232.36 8792.11 17881 17347.4 15232.5 11588.1 39788.9 3644.36 1942.79 11077.2
internal_count=489959 38285 451674 289124 145617 143386 101531 90607 143507 12851 10924 41855 162550 13353 130656 120317 10339 48618 38784 4757 8951 35258 71699 69561 61080 46464 159694 14616 7793 44415
is_linear=0
shrinkage=0.03


Tree=93
num_leaves=31
num_cat=0
split_feature=5 11 34 40 20 40 13 22 15 30 19 9 11 33 8 26 36 39 15 35 13 10 40 13 41 10 13 31 39 9
split_gain=16.9196 16.897 28.6245 19.7111 17.3822 19.6247 16.504 16.6573 23.7062 24.6542 19.0763 17.8928 16.2764 18.5791 18.2177 28.919 17.0474 15.7065 15.4848 18.1948 15.4199 19.151 17.9847 22.8552 21.3779 15.6181 16.8789 15.9493 15.2356 15.1181
threshold=-0.11577145010232924 -0.39926558732986445 0.61122676730155956 0.99873894453048717 1.4942321777343752 -0.98442420363426197 -8.845787048339842 1.4343113303184511 -6.8832581043243399 -0.88275000452995289 0.37742255628108984 -0.14904619753360746 1.4860478639602663 -0.24297479540109632 -0.12374087423086165 -1.4620540738105772 0.30004748702049261 -0.071932479739189134 -7.4510381221771231 0.32450211048126226 -6.8759918212890616 0.18413529545068744 0.041439602151513107 -7.1926660537719718 -1.0000000180025095e-35 -0.90026241540908802 -7.707082748413085 -0.096074394881725297 0.891992747783661 -0.79444995522499073
decision_type=2 2 2 2 2 2 2 2 2 2 2 2 2 2 2 2 2 2 2 2 2 2 2 2 2 2 2 2 2 2
left_child=6 2 -2 4 12 -6 17 8 20 -10 -9 -12 13 -3 -14 -16 -15 -1 19 -13 21 22 23 25 -24 26 27 -8 -27 -7
right_child=1 3 -4 -5 5 29 7 10 9 -11 11 18 14 16 15 -17 -18 -19 -20 -21 -22 -23 24 -25 -26 28 -28 -29 -30 -31
leaf_value=0.0014280901267860898 0.00080595931250202835 0.0029475078445967279 -0.0029668923504084376 -0.0054586060481739574 -0.0037737907250109232 0.0040073680860553034 -0.0085000778128355228 0.0018148812213824575 0.0072582272768123134 0.00020331352168610501 -0.0010218746251662283 0.0046832840777326764 0.0032737277937960082 -0.0020741477885883827 -0.0036666082730561224 0.0020551954314480757 -0.0004967516669447037 -0.0039441062855962933 -0.00037721882374775563 -0.00046900746579969527 0.0034509953912302844 -0.0013780617161587383 0.00332931670461232 -0.0056536888772749077 -1.7581803033052286e-05 0.0014329140829582819 0.0013500657984387863 -0.0014212029451363913 -0.0030585352655984679 0.00031812358407878096
leaf_weight=735.45061248540878 18651.048460006714 919.1992864459753 1994.3871729671955 726.80325071513653 978.27746108174324 1071.7471046894789 524.34007492661476 14369.566997528076 795.24860021471977 1000.0768732279539 5627.1620688736439 1823.1151626259089 1608.7406842559576 13900.488530606031 1490.1824649423361 1681.7514327615499 11090.44889639318 1431.4916697740555 2308.2849540561438 927.17231160402298 986.81625892221928 9835.1258584856987 3019.8758921325207 738.35129357874393 3965.5033128559589 4267.9046149551868 643.88460478186607 628.04282373189926 798.48305533826351 13214.073089778423
leaf_count=2961 74745 3691 8046 2931 3931 4295 2106 57888 3191 4014 22660 7314 6445 55754 5985 6755 44485 5752 9261 3720 3959 39420 12138 2962 15910 17122 2584 2518 3200 53132
internal_value=4.36827e-05 -0.000274269 0.000440235 -0.000590292 -0.000512126 0.000315063 0.000436981 0.000543502 2.94188e-05 0.00335122 0.00110143 0.000141223 -0.000923498 -0.0012202 0.000683748 -0.000635997 -0.00137461 -0.00212262 0.00143452 0.00295095 -0.000206522 -0.000355666 0.000334174 -0.000675309 0.00143202 -0.00013224 -0.00252783 -0.00468754 0.000720413 0.000597507
internal_weight=121753 67327.1 20645.4 46681.7 45954.9 15264.1 54425.9 52259 27203.7 1795.33 25055.3 10685.7 30690.8 25910.1 4780.67 3171.93 24990.9 2166.94 5058.57 2750.29 25408.3 24421.5 14586.4 7601.01 6985.38 6862.66 1796.27 1152.38 5066.39 14285.8
internal_count=488875 270195 82791 187404 184473 61358 218680 209967 109124 7205 100843 42955 123115 103930 19185 12740 100239 8713 20295 11034 101919 97960 58540 30492 28048 27530 7208 4624 20322 57427
is_linear=0
shrinkage=0.03


Tree=94
num_leaves=31
num_cat=0
split_feature=35 13 42 41 33 13 16 15 30 39 23 42 17 39 17 11 23 31 21 30 39 35 21 41 42 39 39 28 21 15
split_gain=20.7218 20.181 17.7852 28.0203 22.9439 22.0643 19.3312 18.7757 19.8522 19.4215 30.0545 26.1229 23.8996 25.3533 23.1994 21.3708 20.143 18.2297 17.5624 16.6383 16.2437 18.4344 16.143 15.6933 38.9441 26.4029 25.1815 22.0276 21.4566 15.5626
threshold=0.28188194334506994 -6.5206942558288565 1.0000000180025095e-35 -1.0000000180025095e-35 -0.33563925325870508 -8.8135027885436994 -0.54395747184753407 -6.7395648956298819 -0.67517176270484913 0.47907376289367681 0.078448098152875914 -0.56174489110708226 -0.91245150566101063 0.60006982088089 -0.43668162822723383 -0.61144810914993275 0.416470617055893 -0.76693320274353016 0.07688158750534059 0.13762705773115161 -0.13268855959177014 -0.10528988391160964 0.76342189311981212 -1.0000000180025095e-35 1.0000000180025095e-35 0.01527100056409836 -0.44032992422580713 -2.1634763479232784 0.23269314318895343 -7.4592318534851065
decision_type=2 2 2 2 2 2 2 2 2 2 2 2 2 2 2 2 2 2 2 2 2 2 2 2 2 2 2 2 2 2
left_child=2 23 5 4 -4 -1 22 8 9 10 -7 14 -11 -14 20 -16 18 -10 -15 -9 -12 -22 -6 24 25 26 28 29 -2 -25
right_child=1 -3 3 -5 6 7 -8 19 17 12 11 -13 13 16 15 -17 -18 -19 -20 -21 21 -23 -24 27 -26 -27 -28 -29 -30 -31
leaf_value=-0.0060369987785428752 -0.0057974407660415696 0.0043438598685144715 0.0040622788183324269 0.00010908688772095559 0.0015797314321025376 0.0047750468901516926 0.00045690425476209548 0.0043593779932246928 0.0046910040738269952 0.0037424363869351758 -0.0092918345132858692 0.00099631062530420537 -0.0072082467367633705 -0.00019010883177196817 -0.00439144630766093 0.0016659451320056597 -0.0002494648746182935 0.00013284023382800224 -0.0049318057392985469 -0.0015090362520356791 0.0012520612938700232 -0.0065392992501696699 0.0071138400572092701 0.0069822499346797115 -0.0039818522782999249 0.0010213223208347891 -0.0055411451339256006 -0.00047932262074354811 0.00049862898722570145 0.0002458819398376066
leaf_weight=557.17737779021263 588.802390396595 702.08326731622219 3140.0283689498901 24335.515497669578 1218.9919939488173 1016.5088423341513 7941.2501362264156 1503.3198031783104 801.56744103133678 582.38601239025593 551.8438118994236 4100.034045279026 904.93364544212818 1000.9379336535931 798.14304216206074 1482.3799386322498 3397.9944244027138 29293.575233578682 2358.3823100924492 604.21569326519966 501.30461710691452 583.79124107956886 774.83247303962708 615.45238438248634 4107.641845703125 4971.2717506289482 1359.5191953927279 18634.28551222384 2605.9972472786903 610.870749309659
leaf_count=2234 2359 2813 12743 97648 4886 4097 31841 6033 3235 2334 2212 16436 3628 4020 3201 5942 13609 117556 9455 2427 2009 2339 3106 2471 16564 19994 5471 74866 10473 2451
internal_value=-2.84628e-05 -0.000654503 0.00021639 0.000711097 0.00183062 -0.00015354 0.00112192 -8.60837e-05 -0.000209579 -0.00101977 -5.85525e-05 -0.000676572 -0.00207167 -0.00251788 -0.0024255 -0.000463952 -0.00188003 0.000255762 -0.00352373 0.00267776 -0.00513884 -0.0029612 0.00375514 -0.000760542 -0.00154393 -0.000489569 -0.00213741 -0.000222283 -0.000676207 0.00365578
internal_weight=121645 34195.9 87449.1 37410.6 13075.1 50038.5 9935.07 49481.3 47373.8 17278.6 9034.01 8017.5 8244.63 7662.25 3917.46 2280.52 6757.31 30095.1 3359.32 2107.54 1636.94 1085.1 1993.82 33493.8 13633.2 9525.59 4554.32 19860.6 3194.8 1226.32
internal_count=488453 137462 350991 150224 52576 200767 39833 198533 190073 69282 36236 32139 33046 30712 15703 9143 27084 120791 13475 8460 6560 4348 7992 134649 54861 38297 18303 79788 12832 4922
is_linear=0
shrinkage=0.03


Tree=95
num_leaves=31
num_cat=0
split_feature=11 13 4 26 25 10 4 30 17 30 7 9 33 13 11 17 9 16 18 29 11 13 11 24 30 27 37 25 10 11
split_gain=21.8511 29.5346 18.5513 18.603 18.2495 23.2784 19.3398 17.4759 17.2741 17.0686 35.1976 18.0311 16.6249 16.5999 19.0819 15.8056 18.3887 15.6261 14.8244 14.1941 14.3777 14.188 15.6472 15.1381 19.6719 14.9972 14.1336 24.5618 16.2707 13.6977
threshold=0.080387316644191756 -7.3445382118225089 -0.25559663772583002 -0.43291063606739039 0.32550805807113653 0.43138954043388372 0.27600944042205816 0.56316441297531139 0.71713981032371532 -0.92791774868965138 -0.76832768321037281 -0.39388354122638697 0.52010279893875133 -8.635251045227049 1.6584557294845583 0.20186249911785129 -1.7856240868568418 0.35269805788993841 2.5166705846786503 0.63357979059219371 -3.2896158695220943 -9.0173082351684553 1.226615369319916 1.656407415866852 -0.50211447477340687 0.79697352647781383 -0.16141155362129209 0.10839235410094263 -1.0815854668617246 0.4377217590808869
decision_type=2 2 2 2 2 2 2 2 2 2 2 2 2 2 2 2 2 2 2 2 2 2 2 2 2 2 2 2 2 2
left_child=12 2 21 9 7 6 29 -3 17 10 -4 -11 15 -5 -15 19 -17 -7 -14 20 -1 -2 25 -24 -25 -23 -22 28 -28 -6
right_child=1 4 3 13 5 8 -8 -9 -10 11 -12 -13 18 14 -16 16 -18 -19 -20 -21 26 22 23 24 -26 -27 27 -29 -30 -31
leaf_value=-0.0033989427085528677 -0.0048327478978583199 0.0046245707961147893 -0.007003624600914202 0.004642689759034215 0.0027747784252300446 0.00017238283908376379 -0.0038987140961868885 -0.00074110178103006872 0.0055884991771974514 -0.00024562641709237792 -7.6093505935375752e-05 -0.0030789289485767895 -0.00046594301140102674 -0.0010620173308260514 0.0030230198924511924 -0.0057885756386209224 -0.00012688645699649663 0.0040747742698859684 -0.0047140775559571428 0.0024028411089655629 -7.6420703323314817e-06 0.0011010751933582929 0.00040625626114676396 -0.0048599973730824924 0.00058644361455899492 -0.0032980344282655762 0.00025713901133352345 0.00091320149888769785 0.0065034059568164484 -0.0018641213262163071
leaf_weight=760.63118253648281 513.81628778576851 1861.1507891863585 712.91239450871944 621.50355012714863 1055.0729910880327 5746.3259342312813 1755.4549139142036 768.05513563752174 743.37195189297199 2594.6868811845779 7597.6578114926815 9170.6896103173494 5227.9199827760458 6495.8020626306534 1212.6697439998388 530.63819143176079 11481.017894417048 1090.5521489977837 851.65493725240231 4697.8586006760597 14308.996995911002 10525.687311276793 2652.599165007472 1589.8015783578157 948.88198168575764 737.30110999941826 542.41512525081635 22506.662687495351 1214.6113282442093 1229.8326977491379
leaf_count=3057 2066 7494 2859 2497 4227 23064 7039 3090 2980 10401 30503 36837 21016 26128 4876 2133 46101 4381 3427 18832 57522 42270 10646 6382 3809 2958 2189 90257 4908 4929
internal_value=2.73541e-05 -0.000382859 -0.00075701 -0.00122571 0.000808201 0.000296472 -0.00154032 0.00306026 0.00127624 -0.00172003 -0.000678067 -0.00245482 0.000421066 -3.37225e-05 -0.00041629 0.000582742 -0.00038161 0.000799896 -0.00106781 0.000845843 0.000659316 2.78879e-05 0.000182514 -0.00117875 -0.00282997 0.000810429 0.000740203 0.00118105 0.00458748 0.000280684
internal_weight=121746 59623.8 45374 28405.9 14249.8 11620.6 4040.36 2629.21 7580.25 20075.9 8310.57 11765.4 62122.4 8329.98 7708.47 56042.8 12011.7 6836.88 6079.57 44031.2 39333.3 16968.1 16454.3 5191.28 2538.68 11263 38572.7 24263.7 1757.03 2284.91
internal_count=488878 239436 182232 114101 57204 46620 16195 10584 30425 80600 33362 47238 249442 33501 31004 224999 48234 27445 24443 176765 157933 68131 66065 20837 10191 45228 154876 97354 7097 9156
is_linear=0
shrinkage=0.03


Tree=96
num_leaves=31
num_cat=0
split_feature=5 12 11 14 0 13 23 22 8 41 15 14 15 14 3 12 8 7 13 16 10 31 43 5 22 16 23 35 14 15
split_gain=19.6379 18.074 16.4239 26.5405 15.4427 19.242 20.2806 15.3707 23.9803 29.6377 18.5386 15.4762 24.4765 24.3355 16.3693 14.306 13.1457 17.4403 17.3119 13.334 13.1408 12.5576 12.2972 13.1703 15.5016 12.1092 12.0231 11.695 13.7017 14.1778
threshold=-0.17900481820106504 -9.7740845680236799 1.2961163520812991 -6.9742131233215323 1.0000000180025095e-35 -8.845787048339842 0.94246569275856029 1.3042778968811037 -0.53657665848731984 0.6078576147556306 -7.5705580711364737 -7.9459173679351798 -7.1946556568145743 -8.0545864105224592 0.062066793441772468 -8.6565589904785138 -0.42480991780757899 -1.1490179300308225 -8.1385636329650861 -0.24256438016891477 -0.90026241540908802 0.35317708551883703 0.36666667461395269 0.51511308550834667 1.2896206974983218 -0.09419547393918036 0.35942578315734869 0.63964137434959423 -7.5421040058135977 -7.8905804157257071
decision_type=2 2 2 2 2 2 2 2 2 2 2 2 2 2 2 2 2 2 2 2 2 2 2 2 2 2 2 2 2 2
left_child=2 -2 7 21 5 -3 22 8 9 -1 -11 13 -13 14 26 -6 18 25 19 -9 -19 27 -7 24 -24 -18 -10 28 29 -4
right_child=1 4 3 -5 15 6 -8 16 11 10 -12 12 -14 -15 -16 -17 17 20 -20 -21 -22 -23 23 -25 -26 -27 -28 -29 -30 -31
leaf_value=0.0030699680576840049 0.0045842544833799119 -0.0044211937649466636 -0.0050621019482387369 0.0049417578516531575 0.0020199424698584675 -0.0012421787642807073 -0.0034127760780742408 7.0867712897386412e-05 -0.00020266336800670094 -0.0053372628642871841 0.0012357259958129016 -0.0025685193253246552 0.0012273334444575785 0.0053098631513056709 0.0032154152733214736 -0.00013568619175690947 0.0024896175787814424 -0.0010548810389289607 -0.00017006178239490369 0.0043895460280891007 0.0017225047866515301 -0.0051708076843802837 -0.0019814147920928435 0.00097897802692776138 0.00035308879033965081 0.0081951801440707829 -0.0047703474295082123 0.0025733777562994943 -0.0041779113831633 0.00041740518205952911
leaf_weight=3700.5245243012905 655.95120444893837 1296.0862344652414 501.95738938450813 604.48893801867962 3007.6831170916557 11813.242626398802 2299.2360340356827 1119.7922456860542 1505.2815609425306 723.19263592362404 809.60088336467743 5851.8308311551809 2061.5140284448862 813.69724459946156 785.46840524673462 33864.949335038662 819.96374301612377 1761.1230067461729 10378.964300096035 1503.5686420798302 11535.045166149735 765.74829842150211 4585.4346998333931 7338.6545106172562 5773.8188566863537 571.79053837060928 782.03131568431854 677.9523346722126 1317.2075403928757 2494.5224773585796
leaf_count=14882 2629 5200 2016 2427 12068 47394 9258 4512 6039 2898 3249 23453 8264 3261 3148 135938 3302 7069 41916 6091 46243 3070 18379 29457 23159 2310 3134 2718 5290 10017
internal_value=-1.08586e-05 -0.000334899 0.000437167 -0.000987992 -0.000381657 -0.000851873 -0.000705101 0.00064007 -6.90548e-05 0.00161935 -0.00187999 -0.000818612 -0.00157936 0.000730435 -0.000495525 4.06474e-05 0.00107614 0.00169087 0.00038096 0.00255337 0.00135411 -0.00161807 -0.000493059 7.39278e-06 -0.000681173 0.00487544 -0.00177832 -0.00106381 -0.00164007 -0.000514282
internal_weight=121720 70635.1 51085.3 6361.88 69979.1 33106.5 31810.4 44723.4 17033.1 5233.32 1532.79 11799.8 7913.34 3886.48 3072.78 36872.6 27690.2 14687.9 13002.3 2623.36 13296.2 5757.39 29511.2 17697.9 10359.3 1391.75 2287.31 4991.64 4313.69 2996.48
internal_count=488791 283482 205309 25538 280853 132847 127647 179771 68328 21029 6147 47299 31717 15582 12321 148006 111443 58924 52519 10603 53312 23111 118389 70995 41538 5612 9173 20041 17323 12033
is_linear=0
shrinkage=0.03


Tree=97
num_leaves=31
num_cat=0
split_feature=36 16 23 5 17 23 11 12 14 36 13 8 11 28 10 39 39 40 40 35 24 24 35 35 14 11 34 11 24 17
split_gain=17.8481 21.9169 16.8672 15.8148 12.8081 15.75 13.3305 12.1672 16.6979 12.0507 11.4223 11.1142 10.4989 17.1796 13.8968 10.6153 18.2818 29.5327 23.2758 23.1185 20.9807 20.6076 29.9436 28.2824 21.3381 20.0301 18.875 18.0391 17.9281 16.7025
threshold=-0.99088832736015309 0.24790467321872714 0.93457475304603588 -0.31031893193721766 -1.2048613429069517 0.66422343254089367 -3.2896158695220943 -6.5365560054779044 -7.0397052764892569 0.3698908537626267 -8.7829904556274396 -0.4948588609695434 -2.2417006492614742 -0.54215219616889943 -0.010446920059621332 -0.39273749291896815 -0.23132287710905072 -0.92304024100303639 1.0000000180025095e-35 0.15680963546037677 1.0964280366897585 2.5397636890411381 0.52092018723487865 -0.67522901296615589 -7.2214796543121329 2.4983962774276738 0.14427492022514346 2.8914717435836796 1.215036988258362 -0.24238428473472592
decision_type=2 2 2 2 2 2 2 2 2 2 2 2 2 2 2 2 2 2 2 2 2 2 2 2 2 2 2 2 2 2
left_child=1 2 10 -3 5 -2 -6 12 -9 -10 -1 -12 13 14 -8 -14 17 -17 20 -19 -18 22 23 -20 -24 -25 -23 28 29 -22
right_child=4 3 -4 -5 6 -7 7 8 9 -11 11 -13 15 -15 -16 16 18 19 21 -21 27 26 24 25 -26 -27 -28 -29 -30 -31
leaf_value=-0.0043055682300386765 0.00017762657359470066 0.0040994222271875241 -0.0063106899449785698 -0.00053026840875563283 -0.0044779913295452554 0.0072077606642268277 0.0062615830692684489 -0.0019600592340300494 0.0047970928203109799 0.00054194403978334246 0.00038400100725282445 -0.0014154443722373467 0.00042621816646645603 -0.0024665761506780771 0.00015043195062161587 -0.0042417616535121716 -0.0013479503840623666 -0.0020314843388453668 -0.0062131566828682932 0.0034979129987452828 0.0052117027278220868 0.0038379949633956401 -0.0024630015791323005 -0.00021492424250233041 -0.0087729855351772711 -0.005847550574546518 -0.00089774756743388629 0.0054924288934414403 0.00046816194310764616 0.00024319231095288289
leaf_weight=923.91145819425583 653.1975761950016 1252.4504629671574 567.23384994268417 1396.7090772986412 557.96809022128582 502.05431777238846 875.28169444203377 754.35497000813484 1503.7779339849949 995.87919974327087 4383.2719821333885 10424.260879606009 36870.995187684894 502.51675352454185 539.48526000976562 2526.6454374939203 4285.1098521649837 1656.321646541357 765.09673993289471 1140.3731330186129 1467.4407206475735 1629.7310209870338 2136.858535990119 19985.395036667585 618.45587216317654 574.86806041002274 1401.9212365746498 747.58381420373917 19126.98443287611 1037.6178277730942
leaf_count=3712 2624 5053 2284 5611 2243 2015 3515 3035 6048 4000 17621 41814 148048 2023 2165 10141 17183 6650 3090 4587 5889 6539 8629 80247 2491 2307 5631 3000 76775 4164
internal_value=-1.48253e-05 -0.000860672 -0.00127207 0.00166571 0.000141063 0.00326845 0.00010522 0.000130944 0.0019328 0.00311073 -0.0010865 -0.000882879 7.08554e-05 0.00226317 0.00394866 2.6827e-05 -0.000222371 -0.00189769 -5.62108e-05 0.000227598 0.000573027 -0.000675044 -0.000968611 -0.000587444 -0.00390594 -0.000375179 0.0016523 0.000941281 0.000781533 0.00316285
internal_weight=121804 18947.8 16298.7 2649.16 102856 1155.25 101701 101143 3254.01 2499.66 15731.4 14807.5 97888.7 1917.28 1414.77 95971.4 59100.4 5323.34 53777.1 2796.69 26664.7 27112.3 24080.7 21325.4 2755.31 20560.3 3031.65 22379.6 21632 2505.06
internal_count=489134 76095 65431 10664 413039 4639 408400 406157 13083 10048 63147 59435 393074 7703 5680 385371 237323 21378 215945 11237 107011 108934 96764 85644 11120 82554 12170 89828 86828 10053
is_linear=0
shrinkage=0.03


Tree=98
num_leaves=31
num_cat=0
split_feature=19 23 16 13 13 7 36 4 35 34 35 10 6 13 16 23 23 30 20 16 17 37 37 31 19 25 9 40 23 35
split_gain=16.0025 19.1906 18.7201 16.5258 16.1005 13.1608 12.4082 11.7175 11.3473 11.3105 10.5669 9.71111 9.56746 10.3285 9.54008 9.20075 11.5678 13.7547 10.6927 9.60085 9.4801 9.65611 9.11131 10.4316 9.03524 13.0978 9.0203 20.0593 20.9652 17.0345
threshold=0.025646286085247997 0.13226659595966342 -0.19134559482336042 -6.8922748565673819 -9.3905692100524885 0.14943493902683261 -0.71831753849983204 -0.93531882762908924 0.31367929279804235 -0.47773768007755274 0.083073917776346221 1.6043772697448733 -1.0677403211593626 -8.0474510192871076 0.20710261911153796 0.93457475304603588 0.50019568204879772 -0.96245175600051869 1.8505333662033083 -0.012534392997622488 -0.51400798559188832 -0.43282952904701227 -0.38663266599178309 -0.34785626828670496 0.64151227474212658 0.28038027882575994 -0.60659530758857716 0.27773319184780126 0.91604387760162365 -0.11476641893386839
decision_type=2 2 2 2 2 2 2 2 2 2 2 2 2 2 2 2 2 2 2 2 2 2 2 2 2 2 2 2 2 2
left_child=2 3 5 24 -3 22 9 -7 10 -6 12 15 -4 -14 -12 16 18 19 -11 -18 -19 -22 -1 -24 -2 -26 27 28 29 -8
right_child=1 4 8 -5 6 7 26 -9 -10 11 14 -13 13 -15 -16 -17 17 20 -20 -21 21 -23 23 -25 25 -27 -28 -29 -30 -31
leaf_value=-0.0039926568409353177 0.001929455987324255 0.0048759338911972504 0.0018150710025387248 -0.0024424701590987641 0.0024971724307178067 0.0037225115599593154 -0.0001402238193913221 -0.001059989392992748 -0.0020528864744794469 -0.0025538433627635354 0.0012325711657083251 0.0018301545986366653 -0.0030288527921832481 0.00024407339253398698 0.0061236899439775288 -0.0043772206985791366 0.0030448602095686844 -0.0042616599229298212 0.0020026763309604341 -0.0016648551345507933 0.0033312691366385824 -0.00097589305430190068 0.00092363811159610026 -0.0026760977105489865 -0.0042188117887004602 0.0024587575942362733 -3.8382075598659338e-05 0.002032616228394533 -0.0047585682439517489 0.00428831266235386
leaf_weight=2488.8701063245535 9566.5389105081558 596.13652071356773 1831.6414625644684 965.03237903118134 883.81787620484829 551.93756313621998 7735.6369166076183 2559.2272638678551 1725.5108764022589 4682.4570918232203 1208.5980753600597 1026.1664547324181 1263.2132680416107 2720.9395795315504 504.85098004341125 757.15134464204311 1510.1725256443024 699.66515639424324 506.94219978153706 516.52276426553726 506.52910478413105 5043.3698559850454 1026.0785086601973 2421.5043993890285 538.52507500350475 501.15289032459259 59202.002632185817 6586.257816106081 794.01486346125603 859.52746377885342
leaf_count=10000 38585 2389 7436 3901 3561 2212 31032 10261 6927 18765 4844 4121 5071 10923 2023 3051 6058 2809 2033 2074 2031 20236 4123 9713 2172 2011 237598 26459 3181 3442
internal_value=3.04522e-06 0.000147695 -0.00081441 0.00129854 2.67581e-06 -0.00178398 -2.96706e-05 -0.000202339 0.000134367 -0.000784327 0.000637687 -0.000976032 2.62426e-05 -0.000798624 0.00270086 -0.00117964 -0.000996731 -0.000299662 -0.00210573 0.00184226 -0.000996108 -0.000577502 -0.00261116 -0.00160516 0.0016409 -0.00100728 0.000132359 0.00076472 -0.000125891 0.000307104
internal_weight=121780 103478 18302.4 11571.2 91906.4 9047.62 91310.2 3111.16 9254.75 16132.8 7529.24 15249 5815.79 3984.15 1713.45 14222.8 13465.7 8276.26 5189.4 2026.7 6249.56 5549.9 5936.45 3447.58 10606.2 1039.68 75177.4 15975.4 9389.18 8595.16
internal_count=489042 415509 73533 46669 368840 36309 366451 12473 37224 64739 30297 61178 23430 15994 6867 57057 54006 33208 20798 8132 25076 22267 23836 13836 42768 4183 301712 64114 37655 34474
is_linear=0
shrinkage=0.03


Tree=99
num_leaves=31
num_cat=0
split_feature=33 20 19 43 21 40 14 11 18 1 7 8 25 12 40 18 31 11 32 19 23 20 11 27 12 3 5 10 40 20
split_gain=15.1828 20.4567 15.9429 17.775 18.9145 15.5266 20.0658 15.4762 14.7749 16.1796 12.1197 14.2259 14.0498 17.7341 15.4297 18.1106 15.0358 27.587 25.4885 15.0036 15.9252 17.8382 15.5197 13.4531 12.9469 12.3446 11.9912 11.6326 12.7162 12.5923
threshold=0.44315068423748022 1.4741872549057009 0.99020457267761242 1.0000000180025095e-35 0.42817990481853491 -0.99518236517906178 -8.1860413551330549 0.53836295008659374 1.1522455215454104 0.58274850249290477 1.3811809420585635 1.1806100606918337 0.83515161275863659 -7.9106376171112052 0.90722548961639415 0.91130355000495922 0.52677297592163097 -0.8211819827556609 -0.40439061820507044 1.0000000180025095e-35 0.67212048172950756 1.247004568576813 1.427643418312073 0.53442195057868969 -7.6189305782318106 1.4759629368782046 -0.57698962092399586 0.43138954043388372 -0.30694064497947687 0.89556631445884716
decision_type=2 2 2 2 2 2 2 2 2 2 2 2 2 2 2 2 2 2 2 2 2 2 2 2 2 2 2 2 2 2
left_child=2 -2 3 4 -1 6 -5 8 9 -3 12 -12 16 14 15 -14 19 -18 -19 22 25 23 24 -22 27 -21 -8 28 -7 -30
right_child=1 7 -4 5 -6 10 26 -9 -10 -11 11 -13 13 -15 -16 -17 17 18 -20 20 21 -23 -24 -25 -26 -27 -28 -29 29 -31
leaf_value=0.0031860408177243381 -0.0021275617135703183 0.0032891268590320728 0.0012984103465888313 -0.0025200562063737264 -0.00018638578774429729 -0.0025066966094987541 0.0069615152011374875 0.0012910837354414364 -0.0015925420666781393 -0.0027070493591539236 0.00020720569700018364 0.0052346288782443209 -0.0011833018094065514 -0.0026148244073370664 -0.0044038553166362701 0.0037600562877426031 0.0064201157300702513 0.0054325942494967651 -0.00079873972154462659 -7.2001576403526936e-05 0.0010985310324387726 0.0029448773771355999 -0.004198508543803583 -0.0019406324527334777 0.00099572011185518881 -0.0036996834036317375 0.0020491922039357082 -0.0033547310657596912 0.003599492745303638 -0.00061701016210151372
leaf_weight=3362.9916389882565 5943.1817589849234 1311.8678424656391 11645.853542774916 596.9437013566494 2688.9153702259064 2009.4705421328545 669.78913056850433 5052.1508482992649 5810.2253261059523 575.13029728829861 1299.1339232027531 821.23415592312813 1341.2351633608341 4296.0101375877857 506.17470446228981 1309.7694578319788 879.77268368005753 737.7016479820013 2806.4147639274597 46480.475337207317 4788.4686443805695 3390.8665532469749 1282.0762343108654 1793.7207500487566 2870.9510059505701 849.85787472128868 1346.9289769679308 1952.4140048325062 866.16969646513462 2331.6857295185328
leaf_count=13516 23905 5274 46696 2398 10784 8075 2694 20361 23371 2311 5213 3302 5391 17256 2039 5262 3527 2958 11247 186680 19182 13584 5146 7186 11551 3408 5399 7831 3473 9378
internal_value=0.000110736 -0.000675589 0.000253594 0.000120164 0.00168981 8.52002e-06 0.00228057 2.39208e-06 -0.000844031 0.00145694 -6.36285e-05 0.0021698 -0.000122724 -0.00136257 0.000344259 0.00126399 3.9624e-06 0.00169712 0.000509938 -0.000105432 9.17317e-05 0.0011806 -0.00110334 0.000268637 -0.000703938 -0.000137908 0.00370696 -0.00138591 -0.00064272 0.000532731
internal_weight=121618 18692.6 102925 91279.2 6051.91 85227.3 2613.66 12749.4 7697.22 1887 82613.6 2120.37 80493.2 7453.19 3157.18 2651 73040 4423.89 3544.12 68616.2 57303.4 9973.06 11312.8 6582.19 10030.7 47330.3 2016.72 7159.74 5207.33 3197.86
internal_count=488398 75222 413176 366480 24300 342180 10491 51317 30956 7585 331689 8515 323174 29948 12692 10653 293226 17732 14205 275494 230040 39952 45454 26368 40308 190088 8093 28757 20926 12851
is_linear=0
shrinkage=0.03


Tree=100
num_leaves=31
num_cat=0
split_feature=23 13 11 24 30 14 11 39 11 15 14 35 14 35 7 35 25 39 33 39 15 30 8 24 0 39 23 20 1 18
split_gain=17.8845 25.539 17.4952 19.0136 21.6594 21.9438 22.7922 38.0377 21.4975 19.397 28.9823 25.5345 25.7686 25.4746 18.438 18.3008 17.629 16.379 26.7258 15.8633 15.4976 29.5226 19.6015 23.599 15.3468 15.0327 18.2449 14.2804 14.1634 14.1132
threshold=0.92333313822746288 -8.7288603782653791 -3.2896158695220943 1.3493118882179262 -0.66574791073799122 -6.6741070747375479 0.60983940958976757 0.99227553606033336 -2.2417006492614742 -6.9003071784973136 -7.6334755420684806 0.51268914341926586 -7.681490182876586 0.17579355835914615 -0.41948574781417841 0.0092329331673681753 0.85958400368690502 -0.95819556713104237 -0.17525266855955121 -0.91265374422073353 -7.5479350090026847 -0.91630467772483815 -0.17143471539020536 1.5377013087272646 0.2167751491069794 0.90905222296714794 0.26870977878570562 1.1850342154502871 -0.035323001444339745 0.74036315083503734
decision_type=2 2 2 2 2 2 2 2 2 2 2 2 2 2 2 2 2 2 2 2 2 2 2 2 2 2 2 2 2 2
left_child=2 -2 -1 8 5 6 9 14 -4 10 11 12 13 24 25 -11 -12 18 -10 -19 21 28 -22 -24 -5 26 -8 -3 -16 -15
right_child=1 27 3 4 -6 -7 7 -9 17 15 16 -13 -14 29 20 -17 -18 19 -20 -21 22 -23 23 -25 -26 -27 -28 -29 -30 -31
leaf_value=-0.0041313343721442655 0.0033056892968787535 -0.0028495842367640043 0.0051918560448479048 0.00049870603703081019 0.00092246434697726507 -0.005679939937366609 0.00020976021298027751 -0.0087133117371093662 0.0064579948957733564 0.0085479139800448845 -0.0007874360589055499 0.0072267777172906672 0.0073565080048306336 -0.0064565707938828015 0.001238012879335792 0.00074740076511010673 -0.0061838573552276694 -0.0037977703974691485 -0.00025436597770207376 -0.00044401250204338031 0.0022018089979622154 -0.0034549424373284893 0.002830785377620063 -0.0045445054327595711 0.0037022079977758302 -0.007177521631463177 -0.0055432541930067938 -0.00067145380623139395 0.0068250246417682556 -0.00085476838898171565
leaf_weight=835.5059869736433 1127.1596878767014 4051.32206992805 616.93397516012192 4494.7552400827408 42330.97923399508 627.41288350522518 1549.5686052441597 567.4611664712429 793.16506193578243 511.99127845466137 4860.8200136423111 610.77619092166424 519.02198866009712 547.38633051514626 764.0425331890583 566.63091243803501 604.28915801644325 1306.7166810780764 1589.9841580092907 35474.976424098015 1078.8469810932875 604.41738186776638 508.58459420502186 1593.411793872714 1913.5502686351538 538.48649866878986 719.30773217976093 8163.2097417414188 880.62383164465427 1492.63008646667
leaf_count=3357 4526 16286 2480 18048 170030 2518 6232 2276 3194 2058 19498 2455 2082 2195 3067 2273 2428 5245 6371 142375 4322 2426 2043 6396 7677 2161 2883 32890 3534 5987
internal_value=3.98122e-05 -0.000996272 0.000167292 0.00020103 0.000506191 -0.00018347 -4.28991e-05 -0.0012696 -0.000319703 0.000627421 0.000347338 0.00134152 0.000933069 0.000530215 -0.000746867 0.00449459 -0.00139433 -0.000407826 0.00199731 -0.000564159 0.000274406 0.00217523 -0.00107222 -0.00275508 0.00145956 -0.00271615 -0.00163045 -0.00139564 0.0042527 -0.00238203
internal_weight=121844 13341.7 108502 107667 67885 25554 24926.6 8804.75 39781.8 16121.9 15043.2 9578.12 8967.34 8448.32 8237.29 1078.62 5465.11 39164.8 2383.15 36781.7 5429.93 2249.08 3180.84 2102 6408.31 2807.36 2268.88 12214.5 1644.67 2040.02
internal_count=489313 53702 435611 432254 272589 102559 100041 35340 159665 64701 60370 38444 35989 33907 33064 4331 21926 157185 9565 147620 21788 9027 12761 8439 25725 11276 9115 49176 6601 8182
is_linear=0
shrinkage=0.03


Tree=101
num_leaves=31
num_cat=0
split_feature=6 36 13 9 13 40 4 40 12 39 12 24 39 10 39 27 42 42 26 25 40 28 2 9 24 36 12 37 36 3
split_gain=21.7437 16.4563 18.831 37.4802 15.5989 16.3931 18.3477 14.5471 14.9029 15.6117 14.545 13.6903 12.9356 13.5824 12.788 15.4177 12.6615 12.6534 12.6111 12.4903 17.3397 12.0567 11.9043 12.1519 13.4455 11.8354 11.9354 11.8646 14.0959 12.2222
threshold=-1.1221315860748289 0.99998164176940929 -7.3445382118225089 -1.8802271485328672 -7.0717225074768058 0.57536083459854137 0.33365915715694433 0.76744312047958385 -7.5340652465820304 1.0000000180025095e-35 -6.4887268543243399 4.0203938484191903 -0.82288655638694752 -0.18712456524372098 -0.94622433185577381 -0.71978148818016041 0.81174489855766307 -0.56174489110708226 -0.23409132659435269 0.73474669456481945 0.12403415143489839 1.6229223608970644 -0.42517143487930292 -0.34592221677303309 2.3614085912704472 -0.92103078961372364 -8.9337759017944318 -0.2436316832900047 -0.79006174206733693 -0.61907660961151112
decision_type=2 2 2 2 2 2 2 2 2 2 2 2 2 2 2 2 2 2 2 2 2 2 2 2 2 2 2 2 2 2
left_child=21 2 11 -4 5 6 17 -7 -9 -10 16 14 -12 -14 15 -2 -6 -5 -19 -17 -21 -1 -3 -24 -25 26 -16 28 -27 -29
right_child=1 22 3 4 10 7 -8 8 9 -11 12 -13 13 -15 25 19 -18 18 -20 20 -22 -23 23 24 -26 27 -28 29 -30 -31
leaf_value=0.0012557487947424833 -0.0026128521304822679 -0.0014846136363652885 -0.0076067397477313069 0.0052313185348036619 -0.00094749537857096605 -0.0036420399327314703 0.00019796982874930721 -0.003235621256949768 0.0050579468373121014 -0.00048566663057015229 -0.0016854660390386497 0.0038667483108644654 0.0069559912233994213 0.0011242495967410276 -0.0046799809362200444 0.0023705956504859599 0.0031834273973197933 0.0034960440769216793 -0.00042403510110252274 -0.0033124937409676519 0.0034434194744614034 -0.0025206164181746913 0.0021567044759294093 -2.5414747326861857e-05 0.0034306947155081139 0.0034911739801117307 -0.0013573256022917177 -0.0024101190550282056 -8.7289631839195992e-05 -0.00065462843093481158
leaf_weight=12552.590457350016 1078.9477339237928 2203.0391234308481 520.49646212160587 1714.736402630806 10354.519090011716 933.58539406955242 3061.3237858563662 621.95345525443554 848.5045862197876 974.6939132809639 589.47839231789112 579.32692833244801 606.04574649035931 874.33459480106831 1039.5298488736153 3289.7380310297012 704.07898198068142 1949.0227700769901 1182.4094652682543 962.1442679464817 517.86498050391674 800.78646424412727 4619.839417591691 9958.9775673896074 1117.7923330813646 1137.1979496628046 13777.574065700173 4011.4303697794676 7259.1690633445978 31931.937260583043
leaf_count=50733 4330 8838 2088 6875 41528 3751 12285 2496 3412 3917 2364 2323 2435 3504 4171 13187 2828 7814 4742 3867 2081 3238 18526 39969 4486 4563 55288 16095 29124 128180
internal_value=-0.000114253 -0.000254965 -0.000419322 0.000282345 0.000453577 0.00127092 0.00201754 -0.000477257 0.000741003 0.00210781 -0.000249504 -0.000686096 0.00205255 0.00354233 -0.00072726 0.000610123 -0.000681849 0.00316419 0.00201921 0.00134312 -0.00094131 0.00102757 0.000575971 0.000865938 0.000326132 -0.000859564 -0.00159343 -0.000614021 0.000400951 -0.000851164
internal_weight=121773 108420 90520 24935.2 24414.7 11286.2 7907.49 3378.74 2445.15 1823.2 13128.5 65584.9 2069.86 1480.38 65005.5 5848.7 11058.6 4846.17 3131.43 4769.75 1480.01 13353.4 17899.6 15696.6 11076.8 59156.8 14817.1 44339.7 8396.37 35943.4
internal_count=489038 435067 363248 100039 97951 45292 31716 13576 9825 7329 52659 263209 8303 5939 260886 23465 44356 19431 12556 19135 5948 53971 71819 62981 44455 237421 59459 177962 33687 144275
is_linear=0
shrinkage=0.03


Tree=102
num_leaves=31
num_cat=0
split_feature=31 14 15 17 9 6 19 27 14 10 31 25 30 9 14 14 14 8 10 9 17 31 28 12 35 17 24 14 15 30
split_gain=21.1077 16.3212 23.1728 16.7559 16.061 15.7207 15.0254 22.3662 16.8007 14.4591 14.5355 16.2593 14.2219 21.0501 17.7528 18.3331 20.7782 16.899 17.378 15.5312 14.7475 13.9819 14.8432 13.8921 26.5856 19.1543 13.5964 15.9995 18.0536 17.3931
threshold=-0.61868795752525318 -8.1957893371582013 -7.541409730911254 -0.39044411480426783 0.058849280700087554 0.26066590845584875 0.99698576331138622 0.51522454619407665 -7.9390006065368643 -0.32144117355346674 -0.087903775274753557 0.60606917738914501 -0.51204007863998402 -1.8802271485328672 -6.7701559066772452 -6.9742131233215323 -7.0494413375854483 -0.13303688913583753 -0.2157223969697952 0.98788505792617809 0.046119647100567825 0.39097949862480169 -2.4521826505661006 -8.2026863098144513 -0.49435979127883906 0.010192854329943659 1.378314256668091 -8.5608263015747053 -8.3765354156494123 -0.44633062183856959
decision_type=2 2 2 2 2 2 2 2 2 2 2 2 2 2 2 2 2 2 2 2 2 2 2 2 2 2 2 2 2 2
left_child=1 -1 5 -4 -5 23 7 12 9 -8 11 -11 14 20 15 16 17 19 21 -2 -14 22 -19 -3 -25 -26 -15 -28 -29 -30
right_child=6 2 3 4 -6 -7 8 -9 -10 10 -12 -13 13 26 -16 -17 -18 18 -20 -21 -22 -23 -24 24 25 -27 27 28 29 -31
leaf_value=0.0043319874989788468 0.00033209789053649291 -0.0043981127682346929 -6.5581838693104462e-05 0.0055761452850626057 -0.0002242662419004669 -0.0058731333175954257 0.0042411849466285267 -0.00090676000630071109 3.3095190265082343e-05 0.0011436880511334986 0.0022733012615711989 -0.0051038730716941455 -0.000271811350271881 -4.2742289641443193e-05 -0.0046358214836711327 0.0037924050708671073 -0.006046586935001195 0.0043816872509313863 -0.0016146721205868889 0.0052245543583875082 -0.0073285431866711619 0.0036663953796066688 -0.00091609455390196108 -0.0043906108549052062 3.2733370944783909e-05 0.0073837358775204424 -0.0032551476309112368 0.0064993706348357742 0.0046818344090503502 0.00087273601807451881
leaf_weight=1568.326348990202 11490.224760696292 507.69640757143497 1412.9294104725122 1675.3595003038645 575.61787363886833 502.26558504998684 1863.3239274770021 25008.07833942771 9306.2862250506878 981.83600454032421 3263.6443620920181 593.72883036732674 554.75357641279697 17472.810247018933 840.85182118415833 970.9694945961237 560.51331862807274 534.09644740819931 10509.185905635357 605.36891041696072 504.44958446919918 999.78771862387657 3792.889754101634 533.80989447236061 670.66061361134052 598.59608483314514 740.80116908252239 554.09852017462254 1126.5267182141542 21568.748547837138
leaf_count=6324 46155 2042 5689 6774 2313 2013 7473 100422 37352 3935 13113 2383 2232 70139 3375 3898 2250 2141 42177 2427 2027 4010 15209 2166 2702 2412 2979 2227 4524 86630
internal_value=0.000111562 0.00159564 0.000927403 0.00249684 0.00409844 -0.00111836 6.55139e-06 -0.00013289 0.000858266 0.00200224 0.00113317 -0.00122796 0.000132941 0.000486807 -0.000363599 -0.000240141 -0.000378847 -0.000262987 -0.000907645 0.000581073 -0.00366972 0.000487661 -0.000253574 -6.40099e-05 0.00117389 0.00353017 0.000593848 0.00105732 0.00119607 0.00106379
internal_weight=121888 8045.26 6476.94 3663.91 2250.98 2813.03 113843 97834.2 16008.8 6702.53 4839.21 1575.56 72826.1 42522.2 30303.9 29463 28492.1 27931.6 15836 12095.6 1059.2 5326.77 4326.99 2310.76 1803.07 1269.26 41463 23990.2 23249.4 22695.3
internal_count=489513 32435 26111 14776 9087 11335 457078 392822 64256 26904 19431 6318 292400 170758 121642 118267 114369 112119 63537 48582 4259 21360 17350 9322 7280 5114 166499 96360 93381 91154
is_linear=0
shrinkage=0.03


Tree=103
num_leaves=31
num_cat=0
split_feature=36 1 15 6 35 15 41 42 7 29 20 24 30 15 18 9 35 8 12 13 24 11 8 8 24 13 21 6 25 11
split_gain=12.3397 16.4392 12.8859 17.1425 18.5912 16.9007 14.8424 17.7307 16.2217 16.0125 14.7157 13.9343 17.2329 13.4199 13.2649 13.0606 15.1189 12.4258 11.9501 14.9765 11.8961 16.3003 12.3688 11.7697 11.7417 11.488 11.4266 11.1622 17.5233 10.7965
threshold=0.99998164176940929 0.53797897696495067 -7.6563665866851798 0.86457479000091564 0.22307305783033374 -7.6176066398620597 0.6078576147556306 1.0000000180025095e-35 -0.48999506235122675 -0.37671642005443567 1.1557960510253908 1.580445468425751 -0.5506913661956786 -7.707850217819213 1.4023411870002749 -1.0000000180025095e-35 -0.41192069649696345 -0.87049734592437733 -7.9924352169036856 -8.2475991249084455 1.5975217223167422 -0.38886977732181544 -0.74611017107963551 -0.57916811108589161 1.3923686742782595 -8.522613048553465 0.80243638157844555 -0.43000863492488856 0.49420382082462316 -0.19207875430583951
decision_type=2 2 2 2 2 2 2 2 2 2 2 2 2 2 2 2 2 2 2 2 2 2 2 2 2 2 2 2 2 2
left_child=1 2 3 4 6 27 7 9 17 15 -10 26 25 20 23 16 -1 -9 19 -14 21 -8 -22 -11 -3 -13 -6 -4 -29 -25
right_child=-2 24 5 -5 11 -7 13 8 10 14 -12 12 18 -15 -16 -17 -18 -19 -20 -21 22 -23 -24 29 -26 -27 -28 28 -30 -31
leaf_value=-0.00092240830984765989 0.00080867551784299322 -0.0015705917855774042 0.0053784053783008318 0.0014513863924085796 -0.0045597411406340573 0.00034094918586587966 0.0027320484979461595 0.0018467296307228365 0.00080764536232648301 0.0016245855528249063 0.0040909457823912736 -0.0068091653125684874 -0.00072982005202524181 0.0020997789526928938 -0.0058263187840393365 -0.0029084853386312942 0.005664309461189088 -0.0016602202314723192 -0.0018626143338073356 0.0057443965668321963 -0.0068874152870037481 -0.0027276041823454758 -0.0017444679134656657 -0.00017196460449946002 -0.00017860868426873997 -0.0010736734371915167 0.00042988615737905568 -0.0026817707220437937 0.0035144731549954611 -0.0054692294875077607
leaf_weight=557.42874191701412 19370.130882740021 8978.0431686788797 946.8592903316021 4158.3696372956038 2236.469564884901 48566.258430987597 743.33713905513287 1463.213107123971 2754.1930974721909 796.41432803869247 2217.0975287407637 535.99538557231426 601.75073674321175 725.63816255331039 774.07737796008587 505.00946709513664 699.9925674200058 2366.1086029559374 845.96503764390945 675.71913404762745 800.44249218702316 1411.5717042386532 894.71864654123783 664.7695522159338 13877.974553763866 751.46614184975624 504.13652250170708 622.85035210847855 1164.4334684759378 714.28372028470039
leaf_count=2251 77752 36047 3809 16718 8978 195056 2981 5930 11036 3195 8893 2152 2416 2911 3107 2026 2811 9527 3394 2712 3215 5659 3585 2663 55760 3017 2029 2495 4676 2861
internal_value=0.000114436 -1.67556e-05 0.000186662 -0.000325971 -0.000631352 0.000470446 -0.000146465 0.000353778 0.00114852 -0.00112986 0.00227721 -0.0020546 -0.000770879 -0.00162129 -0.00247859 0.00112857 0.00276011 -0.000318868 0.000889759 0.00271274 -0.00232624 -0.000840373 -0.00419908 -0.00126619 -0.00072584 -0.00349555 -0.00364367 0.00276106 0.00135224 -0.00293532
internal_weight=121925 102555 79698.6 28398.2 24239.8 51300.4 18088.3 13512.6 8800.61 4711.98 4971.29 6151.5 3410.9 4575.71 2949.54 1762.43 1257.42 3829.32 2123.43 1277.47 3850.07 2154.91 1695.16 2175.47 22856 1287.46 2740.61 2734.14 1787.28 1379.05
internal_count=489662 411910 320103 114067 97349 206036 72651 54300 35386 18914 19929 24698 13691 18351 11826 7088 5062 15457 8522 5128 15440 8640 6800 8719 91807 5169 11007 10980 7171 5524
is_linear=0
shrinkage=0.03


Tree=104
num_leaves=31
num_cat=0
split_feature=31 2 13 23 26 13 14 37 7 30 13 5 13 11 18 35 21 43 22 22 37 31 8 22 17 5 23 4 17 40
split_gain=15.2676 13.8878 11.4593 12.1727 15.1429 17.7696 14.2044 14.1687 13.8772 23.5116 13.7318 13.5132 13.4526 22.2324 12.3676 12.3662 11.577 18.8902 15.7209 14.1156 11.9491 10.4808 10.3044 21.7856 22.8316 20.0591 15.0989 14.8029 13.269 12.4676
threshold=-0.60767361521720875 0.13579855859279635 -9.3905692100524885 0.91985329985618602 1.2980432510375979 -8.7288603782653791 -6.9495747089385977 0.3566542267799378 0.55166587233543407 -0.20036184787750241 -8.8135027885436994 -0.033400820568203919 -8.7030806541442853 -0.10105501487851141 2.1122316122055058 0.61628732085227977 0.12808237969875338 0.56666669249534618 1.2306588292121889 1.7419015169143679 -0.45910738408565516 0.5009773075580598 0.13282364606857303 1.6933615803718569 0.63805821537971508 -1.1059292554855344 0.64418485760688793 0.28563001751899725 0.46639336645603185 -0.29445663094520563
decision_type=2 2 2 2 2 2 2 2 2 2 2 2 2 2 2 2 2 2 2 2 2 2 2 2 2 2 2 2 2 2
left_child=1 -1 -2 7 5 -5 8 10 9 -7 11 -4 13 -12 15 -9 17 18 -14 -19 -20 -6 25 24 -24 29 27 -25 -27 -18
right_child=2 -3 3 4 21 6 -8 14 -10 -11 12 -13 16 -15 -16 -17 22 19 20 -21 -22 -23 23 26 -26 28 -28 -29 -30 -31
leaf_value=0.0022594827733078849 0.0032521042798769593 -0.00022978066308940853 -0.00048650712269495729 0.0028682293436560649 1.2022381461178481e-05 -0.0020327786830072608 0.0018067434604568358 0.0010245805686487678 -0.0025280838018209863 0.0042440696532119373 0.0077212655147151747 -0.0047757078713699073 -0.0017729606196187524 -0.00028869148910429877 -0.0015475755844400626 0.0046351175093193309 -0.0042149191322916873 0.0010490548097147701 -0.0012165204186351708 0.0041631876038559145 0.0013677900955697852 0.005395331460050899 -0.0013326560608460669 0.0047444523882540996 0.0042551829604554666 0.00054111059920679315 -5.2373362352565733e-05 -0.0012609818629792072 -0.0015210213609986958 -0.00047920864083050439
leaf_weight=5145.8686055392027 936.59528630971909 3310.6597597897053 1699.6965363174677 864.37475869059563 852.76584677398205 1578.1356724351645 1008.4883708059788 10417.254056274891 7749.0333598405123 801.53424246609211 522.25152476131916 1074.5521384328604 3799.4436232596636 751.52551256120205 1526.222884118557 921.48773826658726 1441.9260555952787 6159.7683145850897 2298.9731834679842 1657.9885728657246 5316.5883232057095 516.46023307740688 20927.326186805964 1324.3201396912336 669.9118686914444 27520.284505695105 5501.8522257655859 505.86225527524948 3117.6588311642408 1808.4785305857658
leaf_count=20784 3757 13311 6830 3473 3431 6337 4050 41768 31242 3215 2098 4311 15245 3018 6129 3702 5812 24738 9251 6686 21380 2083 83946 5309 2684 110344 22117 2028 12500 7300
internal_value=5.69805e-05 0.00128584 -3.48684e-05 -6.25609e-05 -0.000911811 -0.00125309 -0.00157524 5.22605e-05 -0.00191342 9.03386e-05 -8.65339e-05 -0.00215903 -1.728e-05 0.00302997 0.000980484 0.00132183 -6.495e-05 0.000578884 -0.000199322 0.00171397 0.00058707 0.00206696 -0.000262132 -0.00067789 -0.00115744 9.2881e-05 0.000734327 0.00308672 0.000330844 -0.00214427
internal_weight=121727 8456.53 113271 112334 13370.8 12001.6 11137.2 98963.4 10128.7 2379.67 86098.4 2774.25 83324.2 1273.78 12865 11338.7 82050.4 19232.8 11415 7817.76 7615.56 1369.23 62817.6 28929.3 21597.2 33888.3 7332.03 1830.18 30637.9 3250.4
internal_count=488879 34095 454784 451027 53831 48317 44844 397196 40794 9552 345597 11141 334456 5116 51599 45470 329340 77300 45876 31424 30631 5514 252040 116084 86630 135956 29454 7337 122844 13112
is_linear=0
shrinkage=0.03


Tree=105
num_leaves=31
num_cat=0
split_feature=23 15 10 31 3 19 15 3 14 16 21 15 14 24 7 34 31 24 9 30 4 25 35 23 5 24 10 3 18 5
split_gain=19.614 15.5055 12.6535 12.2722 12.0302 13.04 22.7354 26.5255 19.726 21.1898 25.0165 20.1652 20.8362 26.2704 19.6601 23.3845 18.8326 21.0978 17.3433 15.5413 14.6365 17.9486 14.6414 13.2932 12.7196 12.503 16.425 13.3653 12.4737 12.381
threshold=0.11609393730759622 -6.5564951896667472 -2.0272965431213374 -0.8491481840610503 -1.6619004011154173 0.97045049071311962 -8.4573092460632306 0.57678520679473888 -7.5689480304718009 0.086285557597875609 0.81807810068130504 -7.2910349369049063 -8.2059221267700178 1.8952174186706545 0.21450627595186236 -0.42400611937046045 -0.29717634618282313 1.8472560048103335 -0.90625622868537892 -0.50211447477340687 2.1494609117507939 0.94297179579734813 -0.66029232740402211 0.69175389409065258 0.42299321293830877 2.0887624025344853 0.53689250349998485 0.17350755631923678 0.86131286621093761 0.57967084646224987
decision_type=2 2 2 2 2 2 2 2 2 2 2 2 2 2 2 2 2 2 2 2 2 2 2 2 2 2 2 2 2 2
left_child=2 3 -1 -2 -5 8 7 -7 9 11 -11 12 13 -6 15 19 -13 28 -16 -14 21 22 -10 25 -8 26 -17 -28 -18 -23
right_child=1 -3 -4 4 5 6 24 -9 20 10 -12 16 14 -15 18 23 17 -19 -20 -21 -22 29 -24 -25 -26 -27 27 -29 -30 -31
leaf_value=0.0053059079092335785 0.0039667180753583386 0.0030689672770292365 0.00079974824879997506 0.0018143037094715468 -0.00058690762167586087 -0.00037924461574843644 0.0010148369146469058 0.0083697221763785606 -0.0021358235517093408 -0.0012531253407927173 -0.004599029522061389 -0.0073220545359741381 -0.00041413773642252964 -0.0048058963955570659 0.005764849768954276 -0.0011472104845113035 -0.0033141073193535086 -0.0069128056083725409 0.00092470107492053505 0.0066791740182214213 0.0046077220162665895 -0.0069351366462501963 0.00028536756779110853 0.0016294660352333575 -0.00056744754740975533 0.0010873735143884463 -0.006290501322272447 -0.00087281149905877936 0.0015793839586371416 -0.0013601907936280071
leaf_weight=572.64524084329605 620.69967414438725 1307.9376766681671 15313.040833428502 2515.9776758402586 5865.6002474576235 579.22921922802925 8311.2882114797831 663.62876142561436 2401.1643258184195 10215.517172828317 2498.5983544290066 630.86253987252712 499.47292527556419 1708.5191338211298 711.5767335742712 5058.2054525017738 718.39696329832077 515.45755524933338 8807.4690397381783 613.79531992971897 614.2599430680275 499.18993183970451 33182.655349075794 1412.9279260188341 10139.772543787956 1381.7688994556665 1207.2858229130507 623.27258175611496 1305.6008816212416 1235.0656497478485
leaf_count=2315 2498 5248 61797 10109 23535 2323 33335 2663 9644 41027 10055 2529 2007 6859 2851 20266 2881 2069 35365 2467 2473 2013 133078 5664 40735 5537 4839 2499 5238 4988
internal_value=-1.71988e-05 -0.000164752 0.000965421 -0.000205501 -0.000230801 -0.000281719 0.000411081 0.00432182 -0.000448735 -0.000882577 -0.00191377 -0.000459992 -0.000201832 -0.00154368 0.000298949 -0.000577134 -0.0027233 -0.00155662 0.00129219 0.00352137 5.2023e-05 -2.41787e-05 0.000121434 -0.00105147 0.000145457 -0.00151089 -0.00203288 -0.00446064 -0.000165264 -0.00299545
internal_weight=121731 105845 15885.7 104537 103917 101401 19693.9 1242.86 81706.7 43774.3 12714.1 31060.2 27889.9 7574.12 20315.8 10796.7 3170.32 2539.46 9519.05 1113.27 37932.3 37318.1 35583.8 9683.46 18451.1 8270.53 6888.76 1830.56 2024 1734.26
internal_count=488907 424795 64112 419547 417049 406940 79056 4986 327884 175688 51082 124606 111889 30394 81495 43279 12717 10188 38216 4474 152196 149723 142722 38805 74070 33141 27604 7338 8119 7001
is_linear=0
shrinkage=0.03


Tree=106
num_leaves=31
num_cat=0
split_feature=36 13 23 14 26 11 14 1 31 25 6 5 10 5 43 40 23 10 40 13 23 39 39 11 6 10 40 7 25 22
split_gain=13.2323 24.2561 14.1652 23.5456 14.1898 21.0537 12.7518 16.4261 19.4739 17.9902 14.7127 12.5937 12.6816 12.1436 21.1345 15.1571 20.6183 12.3315 23.3541 19.0069 13.0222 16.2641 29.5209 18.4697 15.1168 14.4829 13.8074 16.6074 16.2742 19.9425
threshold=0.96750605106353771 -7.9962587356567374 0.95034548640251171 -8.5197057723999006 0.34933398663997656 -0.25319649279117579 -8.2059221267700178 0.026384861208498481 0.59375345706939708 0.084774404764175429 -1.0677403211593626 0.22253301739692691 0.47232902050018316 0.81084683537483226 0.36666667461395269 -0.99518236517906178 0.63575711846351635 1.9810280203819277 0.73283809423446666 -7.7624278068542472 0.28031997382640844 0.89783340692520153 0.832677721977234 0.55047646164894115 -0.79372796416282643 0.24121957272291186 -0.8153785467147826 -0.30152036249637598 0.44249984622001654 2.1963707208633427
decision_type=2 2 2 2 2 2 2 2 2 2 2 2 2 2 2 2 2 2 2 2 2 2 2 2 2 2 2 2 2 2
left_child=2 -2 6 -4 5 -5 7 8 9 10 -1 -9 -13 15 -15 16 -8 20 19 -19 21 22 -17 24 -23 -25 27 -22 -28 -30
right_child=1 -3 3 4 -6 -7 13 11 -10 -11 -12 12 -14 14 -16 17 -18 18 -20 -21 26 23 -24 25 -26 -27 28 -29 29 -31
leaf_value=0.0047133799001000919 0.0019225423569579412 -0.00013542883492757198 0.0039519692398483613 -0.00039686283073926627 0.00015057629693460337 -0.0048076982721746422 0.0045333067884413322 0.0019692471639824369 0.0034212515141233625 -0.002515297365660574 -0.0021689088287093409 -0.0029076860981108125 0.0022376420654535711 -0.00052993535738509758 0.0020836121443381624 0.00042458153152913531 -0.0023090263118226793 0.00034462389222011529 -0.0022332305041106544 0.0069229436687683645 -0.0044873492406965693 0.0021133934382973401 0.0057149132127663855 -0.0081006975318259726 -0.0028903203453705595 -0.001134880955925945 0.00060658186205533144 -0.00093300566363249736 -0.00096509199599354909 0.0032969656418137478
leaf_weight=600.85777643322945 8684.7878010720015 12656.136429443955 639.172990873456 1620.2980433404446 1792.3896854221821 2438.7666316628456 1377.2576265782118 2591.2985773533583 636.75887537002563 7407.0709465891123 507.20693370699883 1302.8620612919331 633.14078666269779 4692.9821437299252 6826.1193566173315 19605.241112843156 547.68670730292797 699.36192086338997 779.42472946643829 902.48749907314777 1541.3213855028152 1268.4796993285418 987.77019265294075 558.46633963286877 935.09921562671661 516.44924388825893 12182.607188001275 5018.9830077439547 20735.555503949523 1027.8274393826723
leaf_count=2448 34866 50803 2569 6514 7224 9837 5532 10408 2558 29742 2044 5226 2548 18850 27414 78971 2196 2803 3129 3619 6174 5112 3975 2244 3748 2071 48836 20109 83154 4125
internal_value=2.43862e-05 0.00070258 -0.000119865 -0.00147417 -0.00207262 -0.00305228 -2.60866e-05 -0.000872342 -0.00160294 -0.00198222 0.00157185 0.000604837 -0.00122213 0.000118339 0.00101929 -3.28881e-05 0.00258465 -0.000108739 0.00200671 0.00407083 -0.000187286 0.000368415 0.00068099 -0.00159104 -1.34212e-05 -0.00479524 -0.000514787 -0.00177365 -0.000271053 -0.000762384
internal_weight=121714 21340.9 100373 6490.63 5851.45 4059.06 93882.3 13679.2 9151.89 8515.14 1108.06 4527.3 1936 80203.1 11519.1 68684 1924.94 66759.1 2381.27 1601.85 64377.8 23871.5 20593 3278.49 2203.58 1074.92 40506.3 6560.3 33946 21763.4
internal_count=488849 85669 403180 26144 23575 16351 377036 54974 36792 34234 4492 18182 7774 322062 46264 275798 7728 268070 9551 6422 258519 96121 82946 13175 8860 4315 162398 26283 136115 87279
is_linear=0
shrinkage=0.03


Tree=107
num_leaves=31
num_cat=0
split_feature=39 12 32 40 35 8 28 35 20 13 31 24 21 28 39 40 14 34 16 41 7 13 40 13 13 33 31 13 35 39
split_gain=12.0942 16.3095 14.6174 16.3985 61.6322 20.3548 23.4812 16.7474 25.2776 23.587 26.8008 24.5057 15.4366 15.1709 14.2416 24.9131 24.4788 18.577 18.2027 16.0509 21.1531 16.1215 14.5279 23.4786 33.3684 18.1346 14.9114 14.4389 18.7684 15.034
threshold=-0.41667649149894709 -6.4887268543243399 0.55734845995903026 0.6962244212627412 -0.52139091491699208 -0.91314834356307972 -1.5921154618263242 0.037009129300713546 0.61545288562774669 -7.2605528831481925 0.14117251336574557 1.0784200429916384 0.83338755369186412 -2.0697369575500484 0.02835773024708033 -0.88396760821342457 -8.0331525802612287 0.9977850914001466 0.072178617119789137 -0.87837970256805409 0.28974221646785742 -7.6961443424224845 0.90722548961639415 -7.6272449493408194 -7.3740811347961417 1.0000000180025095e-35 -0.17309676855802533 -7.9705493450164786 -0.078159879893064485 -0.30694064497947687
decision_type=2 2 2 2 2 2 2 2 2 2 2 2 2 2 2 2 2 2 2 2 2 2 2 2 2 2 2 2 2 2
left_child=2 14 3 7 -5 -6 13 9 -9 11 -11 -1 -10 -7 22 16 18 -17 -16 -18 21 -21 23 -2 26 -26 -25 28 -24 -29
right_child=1 -3 -4 4 5 6 -8 8 12 10 -12 -13 -14 -15 15 17 19 -19 -20 20 -22 -23 27 24 25 -27 -28 29 -30 -31
leaf_value=0.0035348935854661047 -0.00083023987987079393 0.003225061351392665 -0.0015177460352806659 0.01083170974251537 0.0061716417073804548 0.0003662098285701232 -0.00074353836345670155 -0.0054883527014458191 0.0015520112206988629 -0.0010247491367194137 -0.006024992452263611 -0.00025061374352793096 -0.00086398698456948591 0.0074911855014133093 0.000555562347646501 -0.00041499863944149208 0.0058646794835000137 -0.0052628609534173315 -0.0045318897636676611 0.0010288565703640963 -0.00088673968401778978 0.005435690056570075 0.0010532840631689445 -0.0033133963427317303 0.0017365577202547264 -0.0042286973130544339 -0.009532470413272728 0.0030681841530953886 -0.0038608539162762567 -0.00038983603562539512
leaf_weight=1837.1158235222101 5312.9896904230118 1093.5195165127516 3936.4476328343153 602.41940641403198 569.91084252297878 501.62139788269997 4279.3113370835781 536.75845228135586 12136.420484811068 6029.367857247591 1140.0289384573698 9222.598161354661 2953.2623904794455 572.57579508423805 2156.4727754890919 49520.570977255702 981.57989621162415 711.87459872663021 884.88915836811066 1516.3192283660173 1815.3886791318655 1473.9650463610888 1110.3119305670261 561.08727072179317 901.26313431560993 915.31046012043953 968.56444564461708 1539.7940835654736 1864.2135813832283 4185.854322552681
leaf_count=7378 21336 4401 15828 2439 2299 2012 17184 2151 48662 24235 4568 37075 11862 2297 8655 198858 3941 2879 3559 6082 7288 5918 4465 2255 3620 3671 3887 6188 7500 16839
internal_value=-0.000170282 -0.000396273 0.000224989 0.000395207 0.00177098 0.000832788 0.00025399 0.000129576 0.000849961 -0.000488084 -0.00182714 0.000380818 0.00107891 0.00419808 -0.000448507 -0.000226385 0.00124244 -0.000484734 -0.000934641 0.0023862 0.001665 0.00321194 -0.00120366 -0.00207287 -0.0040375 -0.00127583 -0.00728761 -0.000337157 -0.00202915 0.000543855
internal_weight=121832 77514 44317.8 40381.4 6525.84 5923.42 5353.51 33855.6 15626.4 18229.1 7169.4 11059.7 15089.7 1074.2 76420.4 59061.1 8828.61 50232.4 3041.36 5787.25 4805.67 2990.28 17359.4 8659.22 3346.23 1816.57 1529.65 8700.17 2974.53 5725.65
internal_count=489332 311342 177990 162162 26231 23792 21493 135931 62675 73256 28803 44453 60524 4309 306941 237180 35443 201737 12214 23229 19288 12000 69761 34769 13433 7291 6142 34992 11965 23027
is_linear=0
shrinkage=0.03


Tree=108
num_leaves=31
num_cat=0
split_feature=15 40 19 23 14 28 40 12 14 20 34 43 43 9 0 41 10 9 15 35 40 17 14 15 16 7 34 21 28 14
split_gain=16.8572 24.4163 17.5941 19.9748 18.0875 15.8927 12.3695 20.9651 11.5265 11.1022 10.4793 14.2509 15.8321 14.2086 11.1195 10.1915 18.0112 25.555 22.0345 22.2004 36.5489 26.8975 27.3165 21.2896 19.9532 15.8317 26.8597 16.897 15.4194 16.3448
threshold=-6.7395648956298819 0.94190874695777904 0.99698576331138622 0.92333313822746288 -8.9205155372619611 -3.4000666141510005 -0.8959035575389861 -7.9475746154785147 -7.0883233547210684 3.247599840164185 0.15782441943883899 1.0000000180025095e-35 0.83333334326744091 0.33458925783634191 0.7484286129474641 -0.60785761475563038 1.9810280203819277 1.2665444016456606 -6.9715318679809561 -0.27337498962879175 0.48671542108058935 0.15408150106668475 -7.7819063663482657 -7.1416611671447745 -0.16001733392477033 0.14012138545513156 0.095971908420324339 0.083381373435258879 -1.9178527593612669 -8.1161236763000471
decision_type=2 2 2 2 2 2 2 2 2 2 2 2 2 2 2 2 2 2 2 2 2 2 2 2 2 2 2 2 2 2
left_child=2 8 3 5 -4 -1 7 -5 -2 15 13 -12 -13 14 -6 16 17 18 19 20 21 22 24 25 -7 26 -21 -27 -17 -30
right_child=1 -3 4 6 10 9 -8 -9 -10 -11 11 12 -14 -15 -16 28 -18 -19 -20 23 -22 -23 -24 -25 -26 27 -28 -29 29 -31
leaf_value=-0.0047210203135309783 0.0053093565619538223 -0.004373926009071492 0.0050704261089193296 -0.00038276118795127126 0.0019244341316020752 -0.0036495053362351898 -0.0012852816428991568 -0.0088696930276800732 0.0015822725459696256 0.0028321258470948196 -0.0049043323266605267 0.00067464921511932398 -0.0032228001734408186 0.0039253144587340742 -0.00060453038329257621 0.00090256176037400505 0.0052078790881331912 -0.0035696459604070987 -0.0027349787027368634 -0.000385387395050803 0.0060141398496207279 -0.0039939242664283571 0.0056930179666257671 0.0038890639997054307 0.0023611192671964191 0.0046218477628315099 -0.0054164481932730268 0.00028182709659287433 -0.001765202170012853 -0.00033194981583918132
leaf_weight=676.28982551395893 1002.7550447285175 509.89629727602005 821.72460322082043 505.13990989327431 3185.3724446445704 824.76938799023628 6533.0478338450193 536.27298410236835 2902.6396864801645 1108.3970343023539 535.36957643926144 6529.1828137487173 1085.1465631872416 1506.781553670764 3059.0861352086067 7550.1629086583853 654.64374671876431 1506.9726805090904 1795.6476195454597 6901.922986716032 1683.9484530985355 837.76807981729507 1149.9703618139029 1242.6352720707655 1218.7259705066681 932.41793751716614 1098.7901886850595 5644.9674004614353 8351.0509215146303 49954.31574600935
leaf_count=2712 4031 2051 3295 2033 12770 3324 26322 2163 11656 4492 2153 26244 4362 6037 12266 30267 2627 6060 7220 27711 6817 3371 4629 4988 4937 3737 4408 22664 33537 200516
internal_value=-7.50227e-05 0.00174264 -0.000143508 -0.000293157 0.000757352 -0.000172573 -0.00177364 -0.00479588 0.00255036 -0.000138796 0.000531415 -0.000219672 0.000115711 0.00132038 0.000686539 -0.00017515 0.00033406 0.000203561 0.000448696 0.000715294 0.00231611 0.000760284 0.00201607 0.000135909 -7.07704e-05 -0.000186456 -0.00108223 0.000903156 -0.00037229 -0.000537501
internal_weight=121846 4415.29 117431 100708 16722.7 93133.4 7574.46 1041.41 3905.39 92457.1 15900.9 8149.7 7614.33 7751.24 6244.46 91348.7 25493.2 24838.5 23331.6 21535.9 5715.18 4031.23 3193.47 15820.7 2043.5 14578.1 8000.71 6577.39 65855.5 58305.4
internal_count=489400 17738 471662 404535 67127 374017 30518 4196 15687 371305 63832 32759 30606 31073 25036 366813 102493 99866 93806 86586 23078 16261 12890 63508 8261 58520 32119 26401 264320 234053
is_linear=0
shrinkage=0.03


Tree=109
num_leaves=31
num_cat=0
split_feature=15 10 20 14 0 15 27 16 31 8 15 22 17 8 28 28 24 14 28 15 17 10 25 24 15 23 6 14 24 42
split_gain=12.3853 37.7593 16.3289 18.4821 14.3397 13.9209 18.5156 27.369 13.5825 14.306 12.9198 28.1379 14.1104 12.6432 12.5739 12.2718 12.1338 17.0654 16.5684 22.9946 11.5616 13.6054 12.7924 11.2087 10.6201 10.2134 10.0942 10.8857 14.691 10.7086
threshold=-6.7395648956298819 1.4622801542282107 1.2666397690773012 -7.0078914165496817 -1.0000000180025095e-35 -7.8905804157257071 -0.41123618185520167 -0.19943238794803617 0.093535333871841445 0.94588658213615429 -6.9715318679809561 1.5014399886131289 -1.1476462483406065 0.51075339317321788 -0.99010166525840748 -0.69558814167976368 1.609166204929352 -7.643901824951171 -1.1868146657943723 -7.3150980472564688 -0.86311009526252735 -0.2157223969697952 0.38348871469497686 1.445409417152405 -7.5673842430114737 0.36764243245124822 -0.59802639484405506 -7.0494413375854483 2.1000465154647832 0.81174489855766307
decision_type=2 2 2 2 2 2 2 2 2 2 2 2 2 2 2 2 2 2 2 2 2 2 2 2 2 2 2 2 2 2
left_child=4 2 3 -2 5 8 7 -7 14 13 12 -12 24 -10 -1 -4 17 18 19 25 21 -14 -23 -19 -6 -8 27 28 -18 -28
right_child=1 -3 15 -5 10 6 16 -9 9 -11 11 -13 20 -15 -16 -17 26 23 -20 -21 -22 22 -24 -25 -26 -27 29 -29 -30 -31
leaf_value=-0.004389310296563591 0.0048137936846162086 -0.0059468408491282097 0.0015128720798509162 -0.0017546352689277128 0.0064557816733876294 -0.00082831889109860146 0.0046928718023357113 0.0014193756888785975 -0.00031245403234922393 -0.0032482605512797599 0.00071112782249698869 -0.0047741069418989037 0.0012146503283925567 0.0040927415825962469 -0.0014665741362885911 0.0061058248377733881 -0.0029915178033291072 8.77033627096015e-05 -0.0027028789545668159 -0.0050272510808946382 0.00028763311112831068 -0.0072560730005171038 -0.0016231888794065717 0.0028506108111334225 0.00051185305374083323 0.00030361075201403807 -0.0023764359769275259 0.004006490878227114 0.0025083579826540663 0.0019739763535051883
leaf_weight=1938.4670883715153 554.43070158362389 535.23958364129066 900.70274935662746 1206.7078168094158 562.57302811741829 8891.9895990937948 731.64035654067993 10770.986305445433 2033.9142275750637 967.89553935825825 1964.7427292913198 1459.5852417945862 928.99219113588333 813.18678759038448 4194.6155871003866 1269.02406463027 1155.1072729229927 5541.5857533365488 3619.1803778260946 540.41241776943207 56240.726873084903 502.8691086769104 1270.1708502024412 1725.5869548916817 516.38435342907906 1341.9780238121748 7706.8559593707323 502.77842485904694 690.29141855239868 537.85065902769566
leaf_count=7781 2225 2149 3621 4840 2258 35693 2936 43360 8158 3899 7882 5872 3733 3267 16879 5108 4647 22238 14541 2168 225837 2019 5102 6930 2075 5384 30930 2023 2774 2162
internal_value=-9.05799e-05 0.00145819 0.00247901 0.000328701 -0.000149743 -0.000510457 -0.000279988 0.000403019 -0.00152286 -0.000116601 0.000155618 -0.00163399 0.000257973 0.000955676 -0.002396 0.00421487 -0.000837339 -0.000240631 -0.00139117 0.000428286 0.000195423 -0.00171784 -0.00325252 0.00074677 0.00364187 0.00186738 -0.00159688 0.000138066 -0.000931798 -0.00209059
internal_weight=121616 4466.1 3930.87 1761.14 117150 53704.3 43756.2 19663 9948.08 3815 63446 3424.33 60021.7 2847.1 6133.08 2169.73 24093.3 13500.4 6233.21 2614.03 58942.8 2702.03 1773.04 7267.17 1078.96 2073.62 10592.9 2348.18 1845.4 8244.71
internal_count=488491 17943 15794 7065 470548 215770 175786 79053 39984 15324 254778 13754 241024 11425 24660 8729 96733 54197 25029 10488 236691 10854 7121 29168 4333 8320 42536 9444 7421 33092
is_linear=0
shrinkage=0.03


Tree=110
num_leaves=31
num_cat=0
split_feature=36 25 15 15 23 0 35 6 15 7 16 17 15 27 32 6 41 15 1 30 11 7 15 31 30 6 11 16 25 28
split_gain=15.7314 15.846 15.2879 14.3809 18.8379 17.2261 16.0685 18.5002 14.2205 14.1714 15.2671 26.8869 14.0046 21.2096 13.4825 13.9731 13.4067 13.3484 14.3966 12.7246 12.6847 13.5978 12.6115 12.6013 12.5164 20.1157 20.8511 13.7161 14.0534 12.0644
threshold=-0.92103078961372364 0.25381538271903997 -7.6520831584930411 -7.5814585685729972 0.90838095545768749 0.056841850280761726 0.31914383172988897 0.11373327672481538 -7.3110280036926261 -0.30152036249637598 -0.061929274350404732 -0.12398846074938773 -7.2819063663482657 0.16636221855878833 0.46816290915012365 1.5884992480278017 1.0000000180025095e-35 -7.6520831584930411 -1.4421170353889463 -0.31859917938709253 0.13971558213233951 1.1738607287406924 -7.4923622608184806 0.24462937563657763 0.45756414532661444 -0.40925613045692438 -0.31550987064838404 0.56055003404617321 0.047787841409444816 -0.74646809697151173
decision_type=2 2 2 2 2 2 2 2 2 2 2 2 2 2 2 2 2 2 2 2 2 2 2 2 2 2 2 2 2 2
left_child=2 9 -1 5 6 17 -5 12 14 23 11 -11 13 -8 -6 -16 -10 18 -3 -14 21 -7 -9 24 -2 27 -27 28 -26 -13
right_child=1 3 -4 4 8 20 7 22 16 10 -12 29 19 -15 15 -17 -18 -19 -20 -21 -22 -23 -24 -25 25 26 -28 -29 -30 -31
leaf_value=-0.0015591582830046086 0.0012146285214395933 0.0033095385398169046 1.3674151119038146e-05 -0.00045301903053240276 -0.0051080928418165313 0.0024874441854142626 0.0062427750362252085 -0.0033066470059157109 -0.0021471779915553614 0.0035966850636799841 0.005018820922611183 -0.0056391652186231472 -0.0013160525471477202 0.00032011745844617406 0.0003895521634929222 -0.0050324669620739918 0.0013146076328725913 0.0018795260894021323 -0.00086085028864028661 0.0028977796387201502 0.00038026894344343645 -0.0011265565637635457 0.00040118513075695911 -0.0036641811370193185 -0.0042874649015764666 -0.0072466353869124738 0.00070086047346597008 0.0041484476219840749 0.00086749966097187541 0.0002858398845849195
leaf_weight=9538.7328694760799 11929.615576803684 784.43623182177544 13320.941280409694 26037.863176077604 1591.6662699133158 7139.7599061578512 1421.6321251392365 956.68262331187725 2054.3701432347298 1817.0799136012793 1412.2995870113373 501.84073853492737 1298.1894186288118 879.68228720128536 1310.3958062976599 624.18134926259518 1956.131592258811 2289.690143302083 12013.716694802046 1263.4306581616402 8910.7640857994556 1072.4171358197927 5647.4964139312506 604.87859764695168 636.37841875851154 701.90996463596821 507.11101062595844 738.94169242680073 1796.6262409389019 779.2981149405241
leaf_count=38329 48126 3150 53511 104368 6401 28624 5700 3846 8282 7285 5667 2012 5206 3528 5276 2523 7866 9189 48215 5066 35798 4315 22691 2432 2575 2816 2034 2990 7237 3125
internal_value=6.59362e-05 0.000230221 -0.000643022 2.99712e-05 -0.000316143 0.000513906 -4.09521e-05 0.000894289 -0.0016837 0.000951879 0.00244418 0.00125818 0.00229649 0.00399001 -0.00307066 -0.00137672 -0.000459614 -0.000225136 -0.000602851 0.000765461 0.00116486 0.0020147 -0.000140119 0.000552748 0.000711282 -0.000659003 -0.00393474 0.00059802 -0.000492867 -0.00206077
internal_weight=121538 98678.5 22859.7 77252.5 45041.7 32210.8 37505 11467.1 7536.75 21426 4510.52 3098.22 4862.93 2301.31 3526.24 1934.58 4010.5 15087.8 12798.2 2561.62 17122.9 8212.18 6604.18 16915.5 16310.6 4380.97 1209.02 3171.95 2433 1281.14
internal_count=488183 396343 91840 310044 180753 129291 150405 46037 30348 86299 18089 12422 19500 9228 14200 7799 16148 60554 51365 10272 68737 32939 26537 68210 65778 17652 4850 12802 9812 5137
is_linear=0
shrinkage=0.03


Tree=111
num_leaves=31
num_cat=0
split_feature=19 12 2 37 23 33 6 16 12 20 11 28 6 33 10 40 9 10 15 40 40 5 40 10 41 12 17 25 17 34
split_gain=18.0294 20.3507 17.1907 16.0674 20.4391 17.7679 16.1411 12.0048 13.7419 11.0812 12.8743 11.3752 11.3097 14.6398 10.1487 15.8005 13.5814 13.5606 23.7985 20.8983 18.7045 13.6345 12.7248 12.3414 13.5496 11.6324 11.2372 14.4832 13.4155 19.5199
threshold=0.99998518824577343 -9.3749952316284162 0.25844179093837744 -0.55024623870849598 0.056844931095838554 -0.14335725456476209 -0.10516192391514777 -0.012534392997622488 -7.0115747451782218 0.7093493938446046 0.1702942177653313 -3.114203572273254 0.32631529867649084 -0.10315053910017012 0.6874695122241975 0.98203879594802868 1.071586608886719 0.36094406247138983 -7.1199548244476309 0.98592084646224987 0.084981974214315428 -0.47940705716609949 0.27773319184780126 2.2592602968215947 0.6078576147556306 -7.7682240009307852 0.46639336645603185 0.64946299791336071 -0.4177998006343841 0.41791741549968725
decision_type=2 2 2 2 2 2 2 2 2 2 2 2 2 2 2 2 2 2 2 2 2 2 2 2 2 2 2 2 2 2
left_child=2 -2 3 5 -5 6 -1 -4 -9 10 12 -11 13 -6 16 23 17 19 20 -13 -19 -22 -18 26 -25 -21 27 -16 29 -29
right_child=1 -3 7 4 9 -7 -8 8 -10 11 -12 14 -14 -15 15 -17 22 18 -20 25 21 -23 -24 24 -26 -27 -28 28 -30 -31
leaf_value=-0.0014101327322744873 0.0055520986223408586 0.00068420086036692271 -0.00024883388791255068 0.0017550770531371972 -0.0014748648478032235 0.0017193915433693493 -0.0060825999211067605 -0.0020539865942189248 0.00016451342070776073 -0.0033894317963787386 -0.0029115130556515508 0.00021047995248217732 -0.0024707786655842438 0.003678044404169268 0.00057923976043206449 -0.0043486465833309498 -0.0039343674678840035 0.0028577383043839459 0.0066662907298758005 0.0062191660087394423 -0.0044337756170537181 0.0006966670908323926 0.00060822572750711347 0.0054902445248100279 -0.0010073123009771139 0.0010859649097912393 0.0028781887549941213 -0.0020432059044923718 -0.0025603758738165987 0.0044957377368852643
leaf_weight=4189.2165119498968 802.46231135725975 16025.699171975255 19201.477602735162 7240.9060038328171 889.65090300142765 1344.9157126992941 783.69694142043591 9090.9741949141026 3469.3883267045021 774.7518043667078 2317.2758762091398 31058.077895835042 1036.665604352951 1100.1052024960518 4244.0718224048615 873.14078117907047 1167.4704011231661 2624.3806337416172 821.22478917241096 811.04875172674656 668.09991799294949 1485.0722417980433 1045.3815962225199 667.98641994595528 498.58157458901405 779.75462129712105 811.0447610616684 1018.3382814228535 4452.388630926609 674.48101587593555
leaf_count=16884 3218 64333 77077 29252 3567 5393 3141 36555 13944 3107 9296 124670 4154 4407 17015 3518 4688 10524 3295 3258 2682 5963 4204 2680 1999 3136 3253 4084 17891 2720
internal_value=8.08628e-06 0.000919489 -0.000137862 0.000114531 0.000250854 -0.00133056 -0.00215721 -0.000720806 -0.00144156 6.85093e-05 -0.00123388 0.000196469 5.60112e-05 0.00137824 0.000248825 -0.000471883 0.000484723 0.000617071 0.00197986 0.000382839 0.00116205 -0.000908377 -0.0017953 -0.000194879 0.00272828 0.00372556 -0.000501502 -0.000767854 -0.00169763 0.000573249
internal_weight=121968 16828.2 105140 73377.7 67059.9 6317.83 4972.91 31761.8 12560.4 59819 5343.7 54475.3 3026.42 1989.76 53700.5 13240 40460.5 38247.7 5598.78 32648.9 4777.55 2153.17 2212.85 12366.9 1166.57 1590.8 11200.3 10389.3 6145.21 1692.82
internal_count=489908 67551 422357 294781 269363 25418 20025 127576 50499 240111 21424 218687 12128 7974 215580 53160 162420 153528 22464 131064 19169 8645 8892 49642 4679 6394 44963 41710 24695 6804
is_linear=0
shrinkage=0.03


Tree=112
num_leaves=31
num_cat=0
split_feature=21 36 43 43 0 25 12 13 31 6 34 43 0 14 24 13 16 10 15 9 6 16 28 31 3 14 31 31 24 9
split_gain=17.3355 18.5477 15.2914 24.0063 17.2779 14.9687 14.2232 14.0774 13.0029 16.2913 12.5783 12.373 12.0947 12.0237 14.9458 12.1104 12.1067 11.743 12.5476 11.355 11.3323 11.2363 10.9938 14.5612 10.8086 10.2399 9.64551 9.23092 9.13205 9.04572
threshold=0.12501475960016253 0.93759196996688854 0.70000001788139354 0.16666667163372043 -0.12640831619501111 0.94297179579734813 -7.8043916225433341 -8.7829904556274396 -0.60767361521720875 0.55919811129570018 -0.085223775357007966 0.43333333730697637 0.76251870393753063 -8.4438920021057111 1.378314256668091 -8.4176506996154767 -0.097961854189634309 0.22190992534160617 -7.3928141593933097 1.3394648432731631 1.0687292814254763 -0.17191847413778302 1.2829596400260928 0.45434984564781195 0.53190138936042797 -7.7505600452423087 0.081096462905406966 -0.036145582795143121 1.2253375649452212 -0.47324377298355097
decision_type=2 2 2 2 2 2 2 2 2 2 2 2 2 2 2 2 2 2 2 2 2 2 2 2 2 2 2 2 2 2
left_child=2 5 3 4 -1 8 11 -5 9 10 12 -3 -2 -9 -15 -16 -17 -7 -19 26 21 24 -10 28 -8 -18 27 29 -24 -13
right_child=1 6 -4 7 -6 17 20 13 22 -11 -12 19 -14 14 15 16 25 18 -20 -21 -22 -23 23 -25 -26 -27 -28 -29 -30 -31
leaf_value=0.0010033667748950506 0.0019072788976621003 0.0023100069618292888 0.0020502454493008175 -0.0042874806751853614 0.0051437855292821941 -0.0042366311653846758 0.00026783203468692425 0.0040922620824481249 -0.00045264631471383102 -0.0032915182162175489 0.005392786842774399 0.0029721763173149816 -0.0029680226257133438 -0.0017821002126004492 0.0048864451064848336 -0.00073329962529499577 -0.00070780872321962881 0.00042362026663336332 -0.0031993381404374134 -0.0036334948717020032 -0.0026144815316801709 -0.00055933755182946366 0.0023750625065620812 0.0058840097883866372 0.0044055780777747643 0.0037482789211814365 0.0021545743475590035 -0.0033801384292038573 -0.00088573273795042263 -0.00066627053827425953
leaf_weight=3193.6595026701689 2895.6948395818472 5759.9029858410358 6142.612051576376 769.1407585889101 1260.7570481449366 1429.8510965406895 1420.4114512652159 569.13977451622486 63586.437906399369 609.60718700289726 758.73921366035938 898.83218586444855 534.42109695076942 4066.0003997832537 515.83152765035629 4364.5172929614782 734.69623033702374 2150.8436903953552 1421.7250285297632 561.48356121778488 1526.9992199987173 5294.4409030675888 1310.1069913953543 510.30506291985512 938.53123073279858 1237.4352370351553 2631.8047433197498 672.24295268952847 1856.1850907355547 1893.8063067048788
leaf_count=12852 11672 23114 24721 3096 5071 5778 5697 2292 255144 2444 3040 3610 2158 16359 2075 17531 2964 8700 5747 2257 6150 21258 5255 2051 3764 4996 10563 2696 7459 7594
internal_value=2.72578e-05 -0.000145214 0.000771576 0.000300624 0.00218415 -0.000362974 0.000631567 -0.000385118 -0.000252673 0.00125452 0.00192237 0.0012931 0.00114127 -0.000120338 -0.000343469 0.000511513 0.000148236 -0.00194822 -0.00102306 0.000411232 -0.000263699 0.000208128 -0.000360365 0.00123254 0.00192573 0.00209302 0.000789077 -0.000251323 0.000466706 0.000511218
internal_weight=121516 98662.4 22853.8 16711.2 4454.42 77063.9 21598.5 12256.8 72061.5 4798.46 4188.86 12418.1 3430.12 11487.6 10918.5 6852.48 6336.65 5002.42 3572.57 6658.17 9180.38 7653.38 67263 3676.6 2358.94 1972.13 6096.69 3464.88 3166.29 2792.64
internal_count=488108 396151 91957 67236 17923 309448 86703 49313 289223 19314 16870 49834 13830 46217 43925 27566 25491 20225 14447 26720 36869 30719 269909 14765 9461 7960 24463 13900 12714 11204
is_linear=0
shrinkage=0.03


Tree=113
num_leaves=31
num_cat=0
split_feature=28 18 11 15 30 8 16 40 33 13 18 8 17 9 10 10 17 7 9 40 21 7 28 17 16 11 10 9 40 33
split_gain=11.1584 9.68014 24.0466 19.5023 17.3472 30.0684 18.2803 17.8195 23.6304 15.1449 14.8435 18.3445 14.5197 13.4038 20.204 13.816 13.1578 12.6541 13.8884 13.9356 12.1004 16.6997 15.5162 17.3413 13.8986 13.2169 12.6136 12.0838 12.5128 11.7469
threshold=2.0396411418914799 1.22182834148407 0.23923332989215854 -8.3765354156494123 0.20910124480724337 0.89143458008766185 -0.56456410884857167 -0.015271000564098356 0.2432341277599335 -7.8985207080841056 0.61271190643310558 -0.54662400484085072 0.46639336645603185 -0.25966444611549372 -0.075815744698047624 -0.32144117355346674 -0.20784790813922879 -0.45979256927967066 -0.048776835203170769 0.40474165976047521 0.4494090080261231 0.21450627595186236 0.31330309808254247 -0.18162232637405393 -0.16415409743785855 -0.67582049965858448 -0.75681224465370167 -0.32653176784515375 -0.093673683702945695 -0.20359793305397031
decision_type=2 2 2 2 2 2 2 2 2 2 2 2 2 2 2 2 2 2 2 2 2 2 2 2 2 2 2 2 2 2
left_child=1 2 12 -3 5 7 -6 -4 10 -7 -9 -12 17 15 -15 -14 -10 18 -1 -20 21 24 -22 -24 27 -26 -23 -19 -29 -27
right_child=-2 3 4 -5 6 9 -8 8 16 -11 11 -13 13 14 -16 -17 -18 20 19 -21 22 26 23 -25 25 29 -28 28 -30 -31
leaf_value=0.0010686183034114224 -0.0031673054780646621 0.0026160201166830713 0.00064230807189255014 -0.00040532359593741402 0.004650923246474507 -0.0013328689572364774 0.00027872440720585085 -0.0041480507032497184 -1.9557408594269959e-06 -0.0054410899246814933 0.0012199226788155246 -0.0022903995825227898 -0.001209092682715495 0.0058578236015378333 -0.001426032428992817 -0.0067946385578097736 0.0050869683452330417 0.0011705263578547435 0.0018458588076548221 0.0059449744317117076 -0.00029980544378300464 -0.00018317658458555136 0.0072644797214158714 0.00090106681469327883 -0.0010512196143685668 0.007206657483572792 0.0034252525510299072 -0.0055410813668951165 -0.00059230313961796202 0.0010277835530900635
leaf_weight=6802.6691233664751 984.62739534676075 1990.5231846123934 8750.5687366425991 49526.591123342514 988.60966032743454 1561.4212080985308 6241.0140892416239 2018.6636542826891 1398.0541977733374 1681.9834946990013 1946.2876494824886 4253.5695498734713 1767.6276894062757 523.81356850266457 949.53809474408627 507.00877040624619 669.52131190896034 1386.557994812727 1888.862107411027 1239.5638643801212 13928.429627001286 1122.6452902853489 503.5834679454565 1559.230051651597 654.09179571270943 581.70843358337879 3877.6599665731192 735.80844230949879 1206.4482273310423 527.75734007358551
leaf_count=27375 3961 8008 35095 199178 3965 6291 25051 8099 5620 6771 7816 17062 7093 2098 3804 2033 2691 5563 7576 4976 55861 4499 2021 6254 2624 2334 15535 2947 4835 2114
internal_value=-2.76307e-06 2.3293e-05 0.000254879 -0.0002881 -0.000393866 -0.000808143 0.000882196 -0.000352441 -0.00119849 -0.00347351 -0.00191939 -0.00118823 0.000736317 -0.00103873 0.00118559 -0.00247838 0.00166249 0.000921278 0.00183217 0.0034838 0.000573899 0.00138668 6.03754e-05 0.00248208 0.000176476 0.00232236 0.00261636 -0.00096393 -0.00248589 0.00430289
internal_weight=121774 120790 69272.7 51517.1 29509.7 22280.1 7229.62 19036.7 10286.1 3243.4 8218.52 6199.86 39763 3747.99 1473.35 2274.64 2067.58 36015 9931.1 3128.43 26083.9 10092.7 15991.2 2062.81 5092.37 1763.56 5000.31 3328.81 1942.26 1109.47
internal_count=489150 485189 278003 207186 118461 89445 29016 76383 41288 13062 32977 24878 159542 15028 5902 9126 8311 144514 39927 12552 104587 40451 64136 8275 20417 7072 20034 13345 7782 4448
is_linear=0
shrinkage=0.03


Tree=114
num_leaves=31
num_cat=0
split_feature=19 14 23 13 40 10 23 40 40 22 41 40 35 40 14 11 11 24 22 10 37 6 33 41 30 6 15 13 11 30
split_gain=13.8346 21.5089 15.181 20.7677 15.9613 16.104 14.3319 13.9586 14.443 15.0714 26.8298 17.2394 15.4963 17.7078 18.3643 14.9496 19.7064 18.0872 22.5883 14.0587 13.7451 13.6122 14.853 14.6984 21.5182 20.0804 19.7451 18.3945 14.3684 13.1412
threshold=0.99998518824577343 -8.9205155372619611 0.91205090284347545 -8.8135027885436994 -0.99518236517906178 3.0500469207763676 0.59540459513664257 -0.98664098978042591 -0.97581917047500599 1.2896206974983218 0.87837970256805431 0.90164175629615795 0.23742969334125522 0.96868926286697399 -8.1161236763000471 -1.9149732589721677 -0.76121804118156422 1.5643366575241091 1.0483160018920901 1.9810280203819277 -0.16141155362129209 -1.0150670409202573 0.2432341277599335 1.0000000180025095e-35 -0.78605762124061573 0.58024227619171154 -7.5575237274169913 -7.8292062282562247 0.57401302456855785 -1.4268410205841062
decision_type=2 2 2 2 2 2 2 2 2 2 2 2 2 2 2 2 2 2 2 2 2 2 2 2 2 2 2 2 2 2
left_child=2 -2 3 -1 6 7 -5 -6 -9 10 12 29 15 14 -14 -10 17 18 -17 20 -16 -18 23 25 28 -23 27 -26 -25 -12
right_child=1 -3 -4 4 5 -7 -8 8 9 -11 11 -13 13 -15 19 16 21 -19 -20 -21 -22 22 -24 24 26 -27 -28 -29 -30 -31
leaf_value=-0.0023862109808645486 0.0055620899987805297 0.0005067891959744938 -0.0013478733380724527 0.0038351443179997094 -0.0026315545058163579 0.0045525660897059259 -0.00063510320662741411 0.0027491003120826063 0.0035457184521780088 0.00022560447124602177 0.00063211323235930097 0.0014873338729087251 -0.0048615499769553375 -0.0059863869109609011 -0.0030219313057484676 -0.0077579827671134033 0.0038809462555739948 0.00020417286486705332 -0.0013981484542751588 0.0037631030521312818 0.00024404122925629707 0.00095364865362468278 0.0028667762067201875 -0.0022141050879292581 0.0014186858714298114 -0.004981768426006174 0.0024357895406309305 -0.0058508632417108184 -0.0085595218915574152 -0.0042417162757452239
leaf_weight=3351.4313529282808 785.49288964271545 15934.426341533661 9155.1652926951647 1798.5021118074656 1893.960672006011 667.43227905035019 999.79810103774071 1635.4071236848831 1110.9447785615921 52720.215836152434 583.40432623028755 734.0697146654129 921.39071846008301 683.11627046763897 1735.4217009544373 787.96370933949947 980.31917196512222 2014.3168239891529 1373.3945903927088 660.70397742092609 3452.3464314043522 8200.5136382430792 1704.431355074048 853.60425804555416 544.29449836909771 537.2915445715189 1388.06438370049 717.87111558020115 514.94854946434498 3294.3728010803461
leaf_count=13469 3151 63970 36889 7227 7603 2678 4011 6566 4458 211909 2337 2946 3705 2754 6960 3160 3947 8082 5513 2648 13856 32883 6827 3419 2180 2152 5563 2875 2063 13199
internal_value=-5.37732e-05 0.000747467 -0.000181402 -6.98676e-05 1.42989e-05 -5.54129e-05 0.00224141 -9.04601e-05 -3.494e-05 -8.8499e-05 -0.000593391 -0.002712 -0.000245839 -0.00141806 -0.000948937 0.000176126 -1.64095e-05 -0.00184235 -0.0037418 -0.000325283 -0.00085221 0.000478237 0.000245043 -0.000107223 -0.00160652 0.0005834 -2.51535e-05 -0.00272944 -0.00464648 -0.00350872
internal_weight=121735 16719.9 105015 95859.5 92508.1 89709.8 2798.3 89042.4 87148.4 85513 32792.8 4611.85 28180.9 7452.98 6769.86 20728 19617 4175.68 2161.36 5848.47 5187.77 15441.3 14461 12756.6 4018.78 8737.81 2650.23 1262.17 1368.55 3877.78
internal_count=489000 67121 421879 384990 371521 360283 11238 357605 350002 343436 131527 18482 113045 29923 27169 83122 78664 16755 8673 23464 20816 61909 57962 51135 16100 35035 10618 5055 5482 15536
is_linear=0
shrinkage=0.03


Tree=115
num_leaves=31
num_cat=0
split_feature=8 17 33 40 35 15 30 41 24 10 6 24 35 14 3 6 16 12 20 7 24 4 9 25 16 13 15 41 15 30
split_gain=10.7182 15.7135 19.6467 16.9377 18.5135 22.0677 15.8763 25.5255 30.2143 24.6488 25.5878 24.6001 22.209 18.3222 28.6827 25.886 16.9496 16.4006 15.2263 17.1808 33.0259 17.9561 20.9619 15.8624 14.8278 23.3209 19.9502 15.5992 34.6515 15.8893
threshold=1.2849858999252322 0.13539969176054004 -0.025295644067227837 0.95037782192230236 0.083073917776346221 -8.2318830490112287 -0.65562698245048512 0.87837970256805431 1.3923686742782595 -0.37941506505012507 -0.022949026897549626 1.2397470474243166 -0.57161098718643177 -7.8459246158599845 -0.77052146196365345 -0.62083852291107167 -0.21924445778131482 -7.5610854625701895 0.66275060176849376 0.74476346373558056 1.5062564611434939 0.32352273166179663 0.46314190328121191 0.79708814620971691 0.053246274590492255 -7.8686656951904288 -7.004016399383544 0.6078576147556306 -7.7976069450378409 0.0099502862431108969
decision_type=2 2 2 2 2 2 2 2 2 2 2 2 2 2 2 2 2 2 2 2 2 2 2 2 2 2 2 2 2 2
left_child=1 6 3 4 5 -3 -1 8 9 10 16 13 -9 14 -11 -15 -8 -12 -4 -20 21 -21 -23 -22 26 -26 27 -10 -29 -30
right_child=-2 2 18 -5 -6 -7 7 12 24 11 17 -13 -14 15 -16 -17 -18 -19 19 20 23 22 -24 -25 25 -27 -28 28 29 -31
leaf_value=-2.0493240538804585e-05 -0.00081255794513096816 0.0052876870928454537 -0.0046723759735706003 -0.0031595722291186735 0.0028294888335538746 -0.00037574968213117141 -0.0045193080176968931 -0.005765121982722784 0.0022160354796476054 0.0041060378643158375 0.006569176872046425 -0.0027428122319348648 -0.00030421422088630558 -0.0029543036105793446 -0.0022611812439613443 0.0032148542553433359 0.0013649164247987284 0.00015506320297258317 -0.00017042462684327148 0.0021791909153478718 -0.010807995345660466 -0.0068082341514952432 0.00023337291648200463 -0.0033347240983771045 0.00058892694323048496 0.0051657763424901885 -0.0014532877114525329 -0.0045701790109857329 0.0037627447689922299 -0.00068409309190404501
leaf_weight=40736.805257990956 9877.6162727028131 659.33311866223812 1079.509247019887 1098.2407941073179 2830.4980975687504 8259.2214351892471 557.47233980894089 746.64114461839199 13517.972625002265 773.44432243704796 1259.9352068305016 3548.5013398379087 5883.0573092401028 776.97605283558369 3398.5274113118649 2763.9299432784319 1960.2960920333862 500.74305020272732 7853.5874724984169 1046.3118704110384 521.80540437996387 675.47285450994968 853.68703962862492 517.01032541692257 1649.8088151067495 2552.9070869088173 1962.1962932646275 1050.3266783505678 1596.4280087053776 1310.4784100055695
leaf_count=163555 39784 2656 4326 4421 11345 33240 2240 3008 54298 3110 5050 14255 23604 3126 13646 11089 7909 2008 31468 4196 2091 2712 3439 2081 6648 10290 7880 4211 6403 5257
internal_value=0.000134263 0.000217875 -0.000438174 0.000386369 0.00072023 4.83916e-05 0.000410403 0.000793505 0.00108479 5.71325e-05 0.00199287 -0.000679414 -0.000926982 0.000272226 -0.00107376 0.00185666 4.93349e-05 0.00475616 -0.00128206 -0.000959126 -0.00266772 -0.00083675 -0.00290113 -0.00715587 0.00176002 0.00337476 0.00140932 0.0017314 7.44513e-05 0.00176257
internal_weight=121819 111941 25394.7 12847.3 11749.1 8918.55 86546.4 45809.6 39179.9 15539.8 4278.45 11261.4 6629.7 7712.88 4171.97 3540.91 2517.77 1760.68 12547.4 11467.9 3614.29 2575.47 1529.16 1038.82 23640.1 4202.72 19437.4 17475.2 3957.23 2906.91
internal_count=489346 449562 101975 51662 47241 35896 347587 184032 157420 62433 17207 45226 26612 30971 16756 14215 10149 7058 50313 45987 14519 10347 6151 4172 94987 16938 78049 70169 15871 11660
is_linear=0
shrinkage=0.03


Tree=116
num_leaves=31
num_cat=0
split_feature=12 11 11 11 28 30 14 14 9 13 25 25 9 25 22 22 22 17 28 8 8 22 32 32 17 17 15 13 14 31
split_gain=13.8873 27.148 16.0727 20.0607 19.9461 15.9871 17.8675 60.9333 15.4629 24.5938 20.5035 17.7624 15.8506 25.1451 23.9149 16.2509 15.6446 15.3764 15.15 14.8908 14.8722 14.245 19.0391 13.6485 13.3421 12.8952 19.7554 41.1733 25.8129 18.4019
threshold=-9.2983093261718732 0.40507042407989508 -3.2896158695220943 -2.2417006492614742 -0.4379913061857223 -0.61621111631393422 -6.7701559066772452 -6.9621477127075186 -1.7856240868568418 -7.1833953857421866 0.25381538271903997 0.15587799251079562 0.46314190328121191 0.65668740868568432 0.91369259357452404 1.7550816535949709 2.2645943164825444 -0.56438693404197682 -1.4541559815406797 0.058109968900680549 -0.030867191962897774 1.5909669399261477 -0.023222932592034336 0.81634095311164867 -0.25968925654888148 0.57709577679634105 -7.4923622608184806 -7.6557767391204825 -7.6492297649383536 0.2860733717679978
decision_type=2 2 2 2 2 2 2 2 2 2 2 2 2 2 2 2 2 2 2 2 2 2 2 2 2 2 2 2 2 2
left_child=1 21 -2 4 -4 6 7 -5 9 11 16 -7 23 15 -15 -14 -10 -16 -3 -9 -17 22 -1 -12 -8 26 27 -19 -28 -29
right_child=2 18 3 5 -6 8 24 19 10 -11 12 -13 13 14 17 20 -18 25 -20 -21 -22 -23 -24 -25 -26 -27 28 29 -30 -31
leaf_value=0.001860849314359004 -0.0042090712213754544 0.0020870011378744083 0.0041543052541515553 -0.00067709340426475148 -0.0024283008172625146 0.0028926108114042163 -0.0075231324949464563 0.0023461417417890693 0.0014763084908997845 -0.0075432355006354824 -0.00037899716679833974 -0.0041797363293113116 0.0014626767482052267 0.0058013787401411396 0.0034567037591115156 0.0019319311810004696 -0.0016446093012152275 -0.00010718681666829515 -0.0049804992327792562 0.0092807127368454249 0.0087081939327918259 0.00030139682853225794 0.0094057417649498522 -0.0037910092144999969 -0.00083266701178752087 0.0021543933624384309 -0.0050337403795702078 -0.0067037688560849119 0.0010196728890232321 -0.0018878897264374417
leaf_weight=545.39042828977108 836.01491342484951 499.91269095242023 1827.7333337664604 39920.705345198512 527.61556574702263 725.26405897736549 563.70023584365845 499.06222592294216 14480.179098337889 590.40245446562767 30114.026506662369 555.37907980382442 3757.0640345811844 616.93603874742985 994.88734838366508 563.38562212884426 1597.492000117898 5571.6959658116102 580.19842000305653 647.37628644704819 610.61019748449326 557.01859520375729 678.77477033436298 1083.6594636291265 509.09189705550671 1658.8354097902775 686.40625233948231 1568.6692434996367 7070.7137196213007 1323.3792958557606
leaf_count=2188 3361 2006 7343 160312 2126 2924 2263 2005 58334 2374 120737 2227 15063 2477 4004 2268 6481 22428 2329 2598 2450 2237 2722 4354 2043 6655 2764 6301 28418 5332
internal_value=-3.90087e-05 0.00202262 -8.87871e-05 -5.92572e-05 0.00267572 -0.000115156 -0.000581017 -0.000480597 0.000151729 -0.00253331 0.000222142 -0.000183089 -5.06729e-05 0.0005216 3.70182e-05 0.00243311 0.00116538 -0.000154368 -0.00172028 0.00630838 0.00550013 0.00428925 0.00608665 -0.000498691 -0.00438519 -0.000357121 -0.000615131 -0.00161659 0.000478232 -0.00451416
internal_weight=121762 2861.29 118900 118064 2355.35 115709 42139.9 41067.1 73569 1871.05 71697.9 1280.64 55620.3 24422.6 19491.5 4931.06 16077.7 18874.6 1080.11 1146.44 1174 1781.18 1224.17 31197.7 1072.79 17879.7 16220.9 8463.74 7757.12 2892.05
internal_count=489124 11482 477642 474281 9469 464812 169221 164915 295591 7525 288066 5151 223251 98160 78379 19781 64815 75902 4335 4603 4718 7147 4910 125091 4306 71898 65243 34061 31182 11633
is_linear=0
shrinkage=0.03


Tree=117
num_leaves=31
num_cat=0
split_feature=18 6 34 24 15 22 40 15 10 10 15 40 34 39 15 40 37 2 27 5 5 10 20 6 36 16 25 39 35 25
split_gain=14.9069 14.3812 13.9495 13.5202 16.7161 13.5077 12.6795 22.4324 12.2929 11.1799 21.6536 14.9755 10.6887 10.5542 13.3792 15.535 10.2574 18.8929 18.0441 14.3335 12.8527 17.6554 21.3526 21.1116 11.9119 11.134 13.1023 15.0803 11.3851 13.0415
threshold=1.22182834148407 -0.76696437597274769 -0.47773768007755274 1.9371918439865115 -7.2478389739990225 0.82691180706024181 0.974856197834015 -7.0432531833648673 -2.0272965431213374 2.1467480659484868 -7.5779426097869864 0.45204447209835058 -0.19989412277936933 -0.36852931976318354 -7.7554957866668692 0.39273749291896826 0.38462157547473913 -0.44511188566684717 0.7892417609691621 -0.88423785567283619 0.5578635334968568 0.20307932049036029 2.4531831741333012 1.1064377427101137 0.84748619794845592 -0.12147240340709685 0.6023523509502412 -0.3440686017274856 0.060786826536059387 0.79029715061187755
decision_type=2 2 2 2 2 2 2 2 2 2 2 2 2 2 2 2 2 2 2 2 2 2 2 2 2 2 2 2 2 2
left_child=1 3 -3 13 -5 -2 8 -8 12 -4 -11 -12 -7 14 -1 -16 17 18 25 -19 24 23 -23 -22 -21 26 -10 -28 -27 -30
right_child=5 2 9 4 -6 6 7 -9 16 10 11 -13 -14 -15 15 -17 -18 19 -20 20 21 22 -24 -25 -26 28 27 -29 29 -31
leaf_value=0.0063874235091980775 0.0033872909487341037 -0.0022653600427275313 0.00015876190763048753 0.00075496309149412162 -0.0048178771133316521 0.0052244457732854984 -0.0011376466720641795 -0.0077762688760180396 -0.0015411176294918779 -0.0024022154968553621 0.0084651038818077638 0.001417308271812557 -0.00045898715052133948 0.0011683538087718553 1.4253335689666339e-06 0.0058319861083969138 0.00058363957450493532 -0.0030554682385307923 -0.0043006787150904205 -0.0007380496883488347 -0.0018190602609013599 -0.0015977573034490042 0.0038104585426434754 -0.0071556071713816637 0.0017366181649245734 0.00019815849097323923 -0.0013621159925433671 0.0034954391124029597 0.0034959607510729575 -0.00018440802463298071
leaf_weight=918.25702594220638 849.90573631227016 2079.2698800265789 54783.960608094931 2184.7437697350979 611.74909423291683 665.18370762467384 3293.764953404665 523.15042991936207 4524.6518554389477 504.40138922631741 556.61930519342422 529.92149382829666 530.16587626934052 5456.0426049381495 1229.8835302293301 607.90938481688499 8639.5361175686121 3161.3442358076572 779.16473743319511 6917.5936577320099 2126.9127099215984 3209.8835822939873 815.60246577858925 969.17245037853718 2332.6115304529667 6661.0336394309998 1068.2206567525864 1225.8944329470396 2540.3356885164976 1311.0274275094271
leaf_count=3701 3408 8360 219754 8785 2460 2685 13270 2108 18198 2025 2232 2127 2126 21946 4948 2450 34725 12750 3131 27757 8528 12922 3290 3900 9358 26918 4283 4915 10186 5268
internal_value=4.14965e-05 0.000329259 0.000141835 0.00132343 -0.000476951 -0.000341823 -0.000404259 -0.00206549 -0.000270301 0.000231005 0.00270217 0.00507207 0.00272081 0.00193635 0.003447 0.0019512 -0.000348124 -0.000562071 0.000135933 -0.00120897 -0.000850769 -0.00180779 -0.000495273 -0.00350723 -0.000112815 0.000337756 -0.000605834 0.0012375 0.000949801 0.00224591
internal_weight=121608 69462.8 58454.2 11008.6 2796.49 52145.2 51295.3 3816.92 47478.3 56374.9 1590.94 1086.54 1195.35 8212.09 2756.05 1837.79 46283 37643.4 18110.3 19533.1 16371.8 7121.57 4025.49 3096.09 9250.21 17331.2 6818.77 2294.12 10512.4 3851.36
internal_count=488514 278788 234498 44290 11245 209726 206318 15378 190940 226138 6384 4359 4811 33045 11099 7398 186129 151404 72899 78505 65755 28640 16212 12428 37115 69768 27396 9198 42372 15454
is_linear=0
shrinkage=0.03


Tree=118
num_leaves=31
num_cat=0
split_feature=6 9 9 35 18 11 11 10 30 41 15 40 23 30 22 14 40 27 22 14 40 40 10 31 28 30 11 40 11 10
split_gain=11.8497 21.6738 18.9751 19.1625 17.464 16.435 20.1241 22.2822 15.7503 17.7016 16.2446 15.3435 13.7492 15.2344 13.4273 19.1587 15.397 11.8568 11.566 11.3892 16.6372 21.9955 29.1082 25.0631 17.9246 14.072 19.9447 48.7475 29.4952 22.004
threshold=-0.21646536886692044 -0.67309680581092823 -1.7127395272254942 -0.67522901296615589 1.22182834148407 2.3099170923233037 -0.73275709152221669 -0.029104162007570263 -1.4853065013885496 -1.0000000180025095e-35 -6.5914120674133292 0.098016906529665007 0.010326188988983633 -0.75367593765258778 1.1449162364006045 -7.7016701698303214 -0.57536083459854115 -0.37232072651386255 1.0580087304115298 -7.0883233547210684 0.94622433185577404 0.5317668914794923 0.047797378152608878 -0.036145582795143121 1.0131346583366396 -0.56028509140014637 -0.6897451877593993 -0.33174875378608698 -1.3855852484703062 -0.039145549759268754
decision_type=2 2 2 2 2 2 2 2 2 2 2 2 2 2 2 2 2 2 2 2 2 2 2 2 2 2 2 2 2 2
left_child=1 12 11 -4 18 6 7 -6 9 14 19 -2 13 -1 15 -5 -16 -11 -3 25 21 22 23 -21 -24 -10 27 29 -29 -27
right_child=2 4 3 8 5 -7 -8 -9 10 17 -12 -13 -14 -15 16 -17 -18 -19 -20 20 -22 -23 24 -25 -26 26 -28 28 -30 -31
leaf_value=0.0027043531250205066 -0.00035517272132317709 -0.0011185207182661003 -0.0047555543931726754 0.0037747308289793596 -0.00086516234010287863 -0.0057297236431886533 1.5664381270856241e-05 -0.0060390882352116069 -0.00081825783131562156 5.6802349495290167e-05 0.0034705601485133272 -0.006711300447667593 0.0016605651368888853 -0.0032457516868221068 0.0022363480910482392 -0.0022911463324790456 -0.0027723746499742313 0.0040434647215475397 0.00086832462389457941 -0.00084412444841822825 -0.0051704497205665141 0.0017300726776773964 -0.0010563732045084627 -0.0067107838349773881 0.0043933337116719533 0.00066182168307001802 -0.00010492599398702725 -0.00046194631840833743 0.0062635013378985731 -0.0056673420945161273
leaf_weight=581.39313833415508 647.68304295837879 3135.4922481030226 797.12450352311134 1418.9306144118309 2167.215155094862 580.15188758075237 10687.419598981738 1138.2490570247173 18812.624766722322 953.97776307165623 1019.0965875983238 716.56339241564274 13161.457763314247 1115.4605885595083 755.47165960073471 689.22436207532883 1983.9816566109657 2259.1055194437504 16328.846983209252 1168.8408857584 896.94726890325546 2127.166727155447 2626.085664331913 1491.4142423719168 674.16143620014191 1481.6803057789803 28545.597205370665 804.28132651746273 2148.2316190451384 730.59129744768143
leaf_count=2355 2594 12569 3197 5692 8732 2328 42964 4574 75526 3824 4088 2872 53059 4532 3033 2765 7973 9062 65535 4682 3603 8538 10531 5975 2703 5936 114642 3228 8621 2931
internal_value=1.62507e-05 0.000377373 -0.000226484 -0.000159241 -4.00247e-05 -0.000825059 -0.000617762 -0.00265966 -0.00010667 0.0011406 -0.000267619 -0.00371824 0.00133293 -0.00120317 -5.02305e-06 0.00179014 -0.00138799 0.00286366 0.000547856 -0.00033011 -0.00131652 -0.000883247 -0.00181722 -0.00414595 6.67803e-05 -0.000161156 0.000205684 0.0019193 0.00443608 -0.00144445
internal_weight=121644 48895.7 72748.8 71384.5 34037.4 14573 13992.9 3305.46 70587.4 8060.69 62526.7 1364.25 14858.3 1696.85 4847.61 2108.15 2739.45 3213.08 19464.3 61507.6 8984.62 8087.67 5960.5 2660.26 3300.25 52523 33710.4 5164.78 2952.51 2212.27
internal_count=488664 196648 292016 286550 136702 58598 56270 13306 283353 32349 251004 5466 59946 6887 19463 8457 11006 12886 78104 246916 36032 32429 23891 10657 13234 210884 135358 20716 11849 8867
is_linear=0
shrinkage=0.03


Tree=119
num_leaves=31
num_cat=0
split_feature=31 18 39 40 40 11 9 35 9 36 22 15 15 17 9 40 11 11 13 8 17 35 39 40 28 31 11 40 40 13
split_gain=15.428 17.9955 16.0152 17.7809 15.0287 14.0551 15.7646 13.2359 12.8565 12.698 11.1364 13.7992 17.4389 14.8659 14.8611 11.5801 11.3153 10.9057 20.9443 21.7657 12.7749 15.605 11.6763 17.434 11.473 17.1866 11.4129 22.0527 16.5486 23.5079
threshold=-0.34785626828670496 1.1248093843460085 -0.36852931976318354 0.79994463920593273 0.62762191891670238 1.3734912276268008 -0.13984761387109754 0.023487496189773086 1.0374503731727602 0.9615468978881837 1.4136169552803042 -7.3393321037292472 -8.0576434135436994 -0.49874053895473475 0.75554358959198009 0.93279412388801586 0.22927743941545489 1.8801160454750063 -7.9582030773162833 -0.16147483140230176 -0.42727419734001154 0.65216848254203807 -0.0065449222456663838 -0.15858851373195645 1.4029211997985842 0.45434984564781195 0.11999743431806566 0.02835773024708033 0.48671542108058935 -7.8629834651947013
decision_type=2 2 2 2 2 2 2 2 2 2 2 2 2 2 2 2 2 2 2 2 2 2 2 2 2 2 2 2 2 2
left_child=1 2 3 -1 -4 8 -7 -6 -3 17 11 12 -11 -13 15 -14 -16 24 22 -20 -21 -22 -19 -24 26 -26 28 -28 29 -2
right_child=9 5 4 -5 7 6 -8 -9 -10 10 -12 13 14 -15 16 -17 -18 18 19 20 21 -23 23 -25 25 -27 27 -29 -30 -31
leaf_value=0.0022861782865789822 0.00053640614192490901 -8.1768888853475493e-06 0.001631537253405471 0.0082958517901809692 0.00037016997004699987 0.00025652570860130341 -0.0060721314678110223 -0.0041223027150992303 0.0044789728501161948 0.003604480277497905 -0.00026221193277663218 0.0059600981743193468 5.6028338621762933e-05 0.0012622927078670518 -0.0063155014340057804 0.0048056170000166688 -0.0004660480234347589 -0.0053534675902397379 0.0062069646977963577 0.0037666220907980903 -0.00415545794564886 0.0019050497328103107 0.0028265749404221101 -0.0034723978361117765 0.0002344301345684489 0.0056862851053520163 -0.00016522405042212459 -0.0017573679976206377 0.00068764229421655425 -0.0013194141271551845
leaf_weight=3332.2451336681843 9959.543943926692 10687.426788702607 5618.3327711373568 504.33327098190784 1801.6171502918005 700.60144744813442 704.94921450316906 866.78298047184944 597.33029459416866 1352.4986952096224 7874.0802424252033 1010.2486524730921 3777.7846388220787 1511.6287295371294 538.074652120471 516.4125521928072 655.12816281616688 499.0358749628067 964.1869785785675 870.6548715531826 672.48049104213715 860.38687765598297 834.63858640193939 733.62906943261623 2652.0668274015188 637.74679662287235 16268.923205003142 15087.659571632743 13480.199555546045 16002.471303507686
leaf_count=13392 39965 43130 22555 2029 7247 2824 2831 3480 2399 5426 31638 4051 15142 6063 2159 2072 2632 2005 3867 3500 2699 3459 3351 2949 10649 2564 65313 60651 54156 64186
internal_value=2.3464e-06 0.00066955 0.00149562 0.00309569 0.000751992 -0.000120173 -0.00293806 -0.00109907 0.000233094 -0.000168807 0.000569176 0.00126798 0.000566682 0.00316031 -0.00018725 0.000637043 -0.00313442 -0.000328808 0.000967142 0.00242352 0.000886342 -0.000763441 -0.0014056 -0.00012339 -0.000423994 0.00130533 -0.000504524 -0.000931622 -0.00016483 -0.000607552
internal_weight=121573 24813.6 12123.3 3836.58 8286.73 12690.3 1405.55 2668.4 11284.8 96759.5 17235.9 9361.78 6839.9 2521.88 5487.4 4294.2 1193.2 79523.6 5435.01 3367.71 2403.52 1532.87 2067.3 1568.27 74088.6 3289.81 70798.8 31356.6 39442.2 25962
internal_count=488384 99887 48703 15421 33282 51184 5655 10727 45529 388497 69183 37545 27431 10114 22005 17214 4791 319314 21830 13525 9658 6158 8305 6300 297484 13213 284271 125964 158307 104151
is_linear=0
shrinkage=0.03


Tree=120
num_leaves=31
num_cat=0
split_feature=29 39 39 33 14 41 25 35 32 35 20 13 20 13 21 22 13 41 9 39 14 31 35 39 23 29 7 17 29 5
split_gain=19.8816 14.414 19.7206 16.7278 15.8849 17.6031 15.4308 22.3228 20.7077 28.8304 16.8183 18.9539 14.7174 14.5837 40.5636 18.2804 18.0866 16.6107 24.4055 22.8408 19.4789 16.7135 15.6112 20.8069 24.5543 15.5927 14.6039 14.7016 14.1405 13.7754
threshold=0.93330001831054699 -0.41667649149894709 -0.11537030339241026 -0.78997659683227528 -8.5197057723999006 -0.60785761475563038 0.81781265139579784 0.5840248465538026 0.55734845995903026 0.74031218886375438 1.4806252717971804 -7.7351765632629386 1.7940246462821963 -8.8135027885436994 0.99092063307762157 1.4715740680694582 -8.7288603782653791 0.6078576147556306 -0.47324377298355097 0.96648588776588451 -8.1594944000244123 -0.38424424827098841 -0.22903010994195935 0.95943480730056774 0.56285411119461071 0.031013547442853454 0.09399778395891191 -0.17722691595554349 -0.071311119943857179 1.3893377780914309
decision_type=2 2 2 2 2 2 2 2 2 2 2 2 2 2 2 2 2 2 2 2 2 2 2 2 2 2 2 2 2 2
left_child=1 4 -3 12 5 28 8 10 9 -6 -8 -12 -4 14 15 -5 -15 18 19 -18 -19 -21 26 25 -25 -24 -22 -28 -1 -13
right_child=-2 2 3 13 6 -7 7 -9 -10 -11 11 29 -14 16 -16 -17 17 20 -20 21 22 -23 23 24 -26 -27 27 -29 -30 -31
leaf_value=-0.0022695990168119535 -0.0026701795992315576 -0.0012579618324287335 0.0069208050067978318 -0.001498964919824642 0.00075767485601091976 0.0072507627720359213 -0.0035212471268463658 0.0011264432225722909 -0.00238895287463277 0.0075986386770604255 -0.0043604235259784409 0.0052788640183179291 0.0012984130501895593 0.0043206118701053292 0.0047342778960095524 -0.0065930470698312375 0.0021371171079736791 -0.0040523760902766975 -0.00011363962678252172 0.0028571932207453483 -0.00093672421858928025 -0.0035381131997751542 0.00090477948277396965 -0.00094725699311199439 0.0063343107268116856 -0.0015984753624561159 -0.0012876969620014146 -0.0080293291610781525 0.0042082059906863884 -0.0012579816779178118
leaf_weight=574.8684608489275 2347.714668482542 11926.837050557137 505.6547956764698 1514.5795974731445 31679.701741993427 638.70020043849945 2871.2307826578617 3239.0250247120857 1837.0615601837635 554.48985594511032 538.97952945530415 646.25049915909767 2275.950184956193 879.96210797131062 639.22345387935638 1090.4324539005756 9268.7251244336367 1479.4619056880474 28802.589593395591 518.07084101438522 3674.7408914119005 1208.5244273394346 4307.2751584351063 723.84156715869904 965.22807441651821 4644.4448547810316 567.88242009282112 597.30564868450165 621.18573035299778 514.37407764792442
leaf_count=2319 9445 47925 2052 6076 127214 2566 11537 13037 7366 2224 2173 2597 9252 3534 2563 4380 37245 5932 115683 2083 14745 4846 17267 2899 3872 18647 2274 2392 2496 2072
internal_value=5.78795e-05 0.000111782 -0.000138985 7.08096e-05 0.000545324 0.00326998 0.000425208 -0.000776851 0.000700893 0.000877673 -0.00212509 0.000240302 0.00234161 -3.33068e-05 -0.00198722 -0.00364836 7.69976e-05 1.04562e-05 0.000345484 0.00154718 -0.000775443 -0.00161378 -0.000459859 0.000182937 0.00322663 -0.000394325 -0.00187054 -0.00478255 0.00110173 0.00239582
internal_weight=121654 119307 75590.7 63663.9 43715.9 1834.75 41881.1 7809.86 34071.3 32234.2 4570.83 1699.6 2781.6 60882.3 3244.24 2605.01 57638.1 56758.1 39797.9 10995.3 16960.2 1726.6 15480.7 10640.8 1689.07 8951.72 4839.93 1165.19 1196.05 1160.62
internal_count=488713 479268 303667 255742 175601 7381 168220 31416 136804 129438 18379 6842 11304 244438 13019 10456 231419 227885 159857 44174 68028 6929 62096 42685 6771 35914 19411 4666 4815 4669
is_linear=0
shrinkage=0.03


Tree=121
num_leaves=31
num_cat=0
split_feature=4 43 43 3 11 8 43 0 15 1 20 16 11 24 17 13 28 28 24 35 15 13 13 39 35 8 17 15 20 15
split_gain=16.3874 30.3441 18.9127 18.1418 14.8474 16.0504 15.1498 16.48 15.0904 14.7579 13.5577 13.4669 17.874 32.5384 27.9386 19.2404 18.9758 18.302 17.8419 17.2153 19.5999 29.0423 16.4585 15.8837 13.8957 15.0829 21.223 19.889 13.8858 22.1469
threshold=-0.6254110038280486 0.10000000521540643 0.76666668057441723 -0.55077180266380299 1.4860478639602663 1.005284905433655 0.36666667461395269 -0.040688313543796532 -7.4711754322051993 -0.026776812039315697 1.247004568576813 0.15350509434938434 0.13971558213233951 1.7722507715225222 0.44119286537170416 -7.9705493450164786 0.19048872590065005 -0.34570144116878504 1.2253375649452212 0.60527262091636669 -7.5673842430114737 -7.6734454631805411 -7.3369388580322257 0.63101285696029674 0.51268914341926586 0.53103432059288036 -0.54149186611175526 -7.6520831584930411 1.6622911095619204 -8.180999279022215
decision_type=2 2 2 2 2 2 2 2 2 2 2 2 2 2 2 2 2 2 2 2 2 2 2 2 2 2 2 2 2 2
left_child=1 -1 4 -4 5 6 7 -3 -6 -8 -5 12 13 14 16 24 -2 -14 -16 20 21 -17 28 -24 25 27 -27 -15 -13 -30
right_child=11 2 3 10 8 -7 9 -9 -10 -11 -12 22 17 15 18 19 -18 -19 -20 -21 -22 -23 23 -25 -26 26 -28 -29 29 -31
leaf_value=0.0031105282295754329 0.0010952802893239664 -0.00022530254584302262 0.0030547920969042591 0.0030541739565816471 -0.0058697294676736443 0.0033150790525932378 -0.00012770717537200746 0.0028880665405847002 -0.00052088821505029783 -0.0026138313189275658 -0.0018071430246708734 -0.0025730636003592996 -0.00095513851936719879 -0.00027941378812285268 0.00051272683242132428 -0.00059925166387061915 0.0036249976858067951 0.0005141269072841385 -0.0050098364973080707 -0.0064998377519586287 -0.0003959422846984337 -0.0081034403881067082 -0.00033225044433373352 0.0037530485799159405 0.0047869477678225136 -0.0049593106526472138 0.0016350551350637324 0.0048688368204612463 0.0040074752905903217 -0.001305869869758476
leaf_weight=3860.6382308155298 18488.844389796257 3971.3330910205841 3658.440210416913 738.36795338988304 778.31320467591286 1277.306643679738 7055.4824773669243 2477.9546541422606 1198.7616387605667 3080.7879003882408 1655.5892584174871 6132.4337928295135 23744.650135084987 1977.718947738409 1085.0901336073875 1072.6757168024778 3113.1367643624544 11233.383821696043 1009.7037365585566 571.14936310052872 6678.0436703115702 810.55470591783524 6242.2679251283407 982.54977981746197 663.57782338559628 972.01975673437119 787.73897337913513 1014.7961288690567 825.46351324021816 4550.4966118484735
leaf_count=15543 74154 15999 14743 2963 3126 5121 28425 9972 4816 12395 6661 24635 95335 7933 4347 4302 12495 45125 4048 2303 26790 3249 25069 3950 2673 3902 3161 4068 3324 18323
internal_value=2.11285e-05 0.000632992 0.000262524 0.00172902 -0.000185493 8.81105e-05 -0.000162256 0.00097354 -0.0026455 -0.000885164 -0.0003013 -0.000176891 6.77905e-06 0.00045497 0.00114042 -0.000661535 0.00146136 -0.000483264 -0.00216034 -0.00150109 -0.00116041 -0.00385485 -0.000894426 0.000227755 0.000754307 0.000182345 -0.00201485 0.00147682 -0.0015985 -0.000484095
internal_weight=121709 29753 25892.3 6052.4 19839.9 17862.9 16585.6 6449.29 1977.07 10136.3 2393.96 91956.3 73223.1 38245.1 23696.8 14548.3 21602 34978 2094.79 9132.42 8561.27 1883.23 18733.2 7224.82 5415.85 4752.27 1759.76 2992.52 11508.4 5375.96
internal_count=488950 119764 104221 24367 79854 71912 66791 25971 7942 40820 9624 369186 293885 153425 95044 58381 86649 140460 8395 36644 34341 7551 75301 29019 21737 19064 7063 12001 46282 21647
is_linear=0
shrinkage=0.03


Tree=122
num_leaves=31
num_cat=0
split_feature=5 41 10 10 40 7 14 31 14 13 11 11 9 13 23 17 39 31 7 17 9 4 37 14 40 9 10 13 14 30
split_gain=20.083 18.1642 19.303 22.1544 17.3231 17.0319 27.7843 18.7806 18.3759 14.6611 14.166 20.7127 22.1071 22.0655 16.7681 19.9293 32.0719 26.7969 16.5391 19.1737 14.9132 15.3959 14.1081 12.6696 21.3952 22.5447 18.5944 16.1017 15.8774 14.7666
threshold=-0.17900481820106504 0.6078576147556306 1.1234869956970217 2.0604596138000493 -0.23132287710905072 -1.3610583543777464 -7.3778414726257315 0.39749257266521459 -7.314387083053588 -9.3905692100524885 -0.53716298937797535 0.11064835637807847 -1.1572675108909605 -7.2845578193664542 0.56679609417915355 -0.56438693404197682 0.34816221892833715 -0.43671090900897974 -1.4231621623039243 -0.73469752073287953 -0.95411795377731312 -0.84662321209907521 0.026013129390776161 -8.2059221267700178 -0.71477618813514698 0.8992501199245454 -0.36984343826770777 -8.4458608627319318 -8.3667035102844221 -0.96245175600051869
decision_type=2 2 2 2 2 2 2 2 2 2 2 2 2 2 2 2 2 2 2 2 2 2 2 2 2 2 2 2 2 2
left_child=1 2 10 4 -4 6 -3 -7 -9 -2 14 18 -13 -14 15 16 -1 -17 -12 -20 -19 -22 -6 24 25 -11 28 29 -26 -25
right_child=9 5 3 -5 22 7 -8 8 -10 23 11 12 13 -15 -16 17 -18 20 19 -21 21 -23 -24 27 26 -27 -28 -29 -30 -31
leaf_value=0.0063948800465070087 0.004160982117588711 -0.00059772966787164283 0.00071784139278552566 0.003082047990320851 -0.0058937002223413103 -0.0013323602155758416 0.0070386830787196736 -5.4492041219536579e-05 0.006820142494561243 -0.00055367624908655283 -0.0011931805226839149 0.0048245154223179078 -0.00023902947221877028 0.0030852606935989645 0.0028399929542890921 0.0020092730368449566 -0.0008685546381539443 -2.7399037374826741e-05 -0.0025381190567048476 0.0034235608305897176 -0.0012645852150897155 -0.0054179084952093474 -0.00035671786521821418 0.0064411991346727199 0.0027507988038592362 0.0059888182642883168 -0.0032023116486107456 -0.00035718791904411823 -0.0031718146173945168 -0.00032879360876724481
leaf_weight=874.97686095535755 614.36235964298248 1179.7449258714914 973.57272386550903 795.65205423533916 1329.2540124356747 11386.359188348055 662.42159953713417 1103.8939518481493 502.25250922143459 2786.9411563873291 940.56815671920776 1052.518273666501 10662.564205989242 2151.0316114127636 1611.4982113391161 1603.8134491443634 1427.8417876362801 1544.7851686179638 514.40705400705338 7035.5096898376942 1437.1426494568586 1833.6718000471592 601.52283038198948 597.35379409790039 1017.3096494078636 560.86097849905491 5427.9617466032505 58465.990247145295 665.19825161993504 553.10305936634541
leaf_count=3531 2463 4770 3904 3192 5336 45681 2690 4423 2013 11181 3823 4253 42836 8644 6459 6507 5753 6234 2068 28284 5791 7366 2414 2399 4082 2258 21823 234713 2669 2222
internal_value=-8.84032e-05 0.000363874 0.000724509 -0.00132674 -0.00254096 -0.000520679 0.00217141 -0.000903758 0.00212415 -0.000416152 0.000957011 0.00138143 0.000666067 0.000320993 3.83452e-05 -0.00048194 0.00190697 -0.00134054 0.00254756 0.00301455 -0.00245803 -0.00360242 -0.00417941 -0.000456869 -0.00141948 0.000556966 -0.00234953 -0.000287791 0.000404322 0.00321162
internal_weight=121914 51225 36390.3 3700 2904.35 14834.7 1842.17 12992.5 1606.15 70689.1 32690.3 22356.6 13866.1 12813.6 10333.7 8722.23 2302.82 6419.41 8490.48 7549.92 4815.6 3270.81 1930.78 70074.7 10458.3 3347.8 7110.47 59616.4 1682.51 1150.46
internal_count=489782 205972 146395 14846 11654 59577 7460 52117 6436 283810 131549 89908 55733 51480 41641 35182 9284 25898 34175 30352 19391 13157 7750 281347 42013 13439 28574 239334 6751 4621
is_linear=0
shrinkage=0.03


Tree=123
num_leaves=31
num_cat=0
split_feature=11 11 9 13 41 12 42 10 16 16 19 29 14 10 14 41 43 29 5 37 14 27 41 22 43 16 0 35 4 14
split_gain=11.3676 10.9071 11.841 37.9813 21.2922 12.2245 12.7101 14.0717 12.3696 10.9875 13.5317 10.2603 16.7081 24.6334 18.2814 17.772 15.5917 19.0425 17.6798 20.9618 15.5391 14.6981 13.4779 13.4546 12.4016 12.884 11.9025 11.4851 11.5631 11.7038
threshold=-3.2896158695220943 -2.3623064756393428 -1.8802271485328672 -7.1926660537719718 1.0000000180025095e-35 -6.4887268543243399 -0.56174489110708226 0.20307932049036029 0.42839837074279791 -0.94224727153778065 1.0000000180025095e-35 0.10807475820183755 -6.9495747089385977 0.084140565246343627 -6.9974820613861075 -1.0000000180025095e-35 0.36666667461395269 0.37268485128879553 0.10408172011375429 -0.45910738408565516 -6.8673248291015616 0.94755548238754284 -0.60785761475563038 1.7684817314147951 0.16666667163372043 -0.15620952099561689 0.6429634988307954 0.52092018723487865 0.95173993706703197 -7.797273874282836
decision_type=2 2 2 2 2 2 2 2 2 2 2 2 2 2 2 2 2 2 2 2 2 2 2 2 2 2 2 2 2 2
left_child=-1 -2 3 4 -3 9 -7 8 -8 10 -4 12 14 20 -11 -15 18 -18 19 -13 -14 22 23 -20 -23 -26 -21 28 29 -19
right_child=1 2 5 -5 -6 6 7 -9 -10 11 -12 16 13 15 -16 -17 17 27 21 26 -22 24 -24 -25 25 -27 -28 -29 -30 -31
leaf_value=-0.0032924511460332363 0.0021879329907773578 0.0034651616593569024 -0.0025655438212717312 -0.0091041118641130084 -0.0031218915943576025 -0.00090084174182915289 0.0049749699066457369 0.0068962838012082061 -0.0010428516086213122 3.6182443945781558e-05 0.0024622736044579941 -0.0049664408727360127 0.0036140882063514803 0.00052629002702171679 -0.0041932888636438421 0.0060141977679997816 -0.0010741775448641347 -0.00070975591341538842 -0.0028035312436475762 0.00161886396679778 -0.0014931409852052481 -0.0017870555161613986 -0.0015418061601073297 -0.0076054858748495135 0.0055833380765379246 -0.00054482539160165841 -0.0022062563431039851 -0.00097206973218612346 0.0022991513372847879 0.0012799008166043135
leaf_weight=967.40513469278812 1928.850909113884 815.96854270994663 573.41732889413834 538.13587832450867 939.20121137797832 964.80065642297268 513.22768007218838 641.63406608998775 738.65728004276752 56798.877582639456 2788.5806281715631 599.20176427066326 716.90701043605804 830.60195001959801 924.90647584199905 1472.9884221702814 10096.711696013808 4732.8044313192368 2356.8774200081825 4054.4691294133663 2033.4198944717646 1185.8664651364088 7923.6954564899206 675.74740996956825 603.36697736382484 618.50503249466419 883.86787238717079 3592.167123362422 3972.2180311977863 6053.4965217709541
leaf_count=3889 7758 3286 2301 2163 3772 3881 2064 2574 2982 228229 11188 2404 2882 3334 3717 5910 40525 18989 9470 16264 8169 4771 31829 2726 2424 2490 3545 14496 15963 24278
internal_value=-7.0151e-05 -4.40255e-05 -8.0494e-05 -0.00221051 -5.73252e-05 -3.8323e-05 0.00189589 0.00331815 0.00144411 -8.72007e-05 0.00159967 -0.000138839 0.000112642 0.00176491 -3.23008e-05 0.00404626 -0.000472218 -2.83862e-05 -0.00113983 0.0002852 -0.000153608 -0.00173008 -0.00219611 -0.00389501 0.000390915 0.00250205 0.000931166 0.000547289 0.000917503 0.000407032
internal_weight=121537 120569 118640 2293.31 1755.17 116347 2858.32 1893.52 1251.88 113489 3362 110127 62777.7 5053.92 57723.8 2303.59 47349 28447.4 18901.6 5537.54 2750.33 13364.1 10956.3 3032.62 2407.74 1221.87 4938.34 18350.7 14758.5 10786.3
internal_count=488273 484384 476626 9221 7058 467405 11501 7620 5046 455904 13489 442415 252241 20295 231946 9244 190174 114251 75923 22213 11051 53710 44025 12196 9685 4914 19809 73726 59230 43267
is_linear=0
shrinkage=0.03


Tree=124
num_leaves=31
num_cat=0
split_feature=35 22 13 32 23 9 13 10 9 7 37 40 42 31 35 30 10 14 16 20 30 11 40 10 26 40 39 24 14 29
split_gain=10.4965 13.2144 18.772 15.5898 16.7477 13.6081 32.6721 12.8731 12.969 12.5103 13.5615 12.2627 11.6933 11.3211 16.3337 28.5786 19.0201 22.7779 16.3386 13.733 11.6139 11.3709 39.0109 20.69 25.4238 23.9549 37.6297 22.0323 21.1592 18.9522
threshold=0.92307639122009288 2.1406069993972783 -6.9530131816864005 -0.24670952558517453 0.16713982820510867 -1.7856240868568418 -7.1833953857421866 0.40090075135231024 0.3536978960037232 -1.4574404358863828 -0.018189666792750355 -0.18866651505231855 1.0000000180025095e-35 0.4108970314264298 -0.041466960683464997 0.18946122378110888 -0.45060785114765162 -7.797273874282836 -0.39561872184276575 1.396158814430237 1.5707911849021914 -0.10105501487851141 0.99913862347602855 0.94590598344802868 -1.1981324553489683 0.40474165976047521 -0.57536083459854115 1.9124140143394472 -7.0494413375854483 0.60035240650177013
decision_type=2 2 2 2 2 2 2 2 2 2 2 2 2 2 2 2 2 2 2 2 2 2 2 2 2 2 2 2 2 2
left_child=1 5 3 -3 -5 6 -1 8 11 10 -7 -6 -9 20 15 16 18 -18 -15 -20 21 23 29 24 -11 -26 27 -27 -28 -23
right_child=-2 2 -4 4 7 9 -8 12 -10 13 -12 -13 -14 14 -16 -17 17 -19 19 -21 -22 22 -24 -25 25 26 28 -29 -30 -31
leaf_value=-0.00046497460277020733 0.0015486548790022809 0.0014076140747266387 -0.0043409915092708622 -0.0068113495142196759 -0.0037663529060505715 0.00065873450181669672 -0.0086099288223270443 0.0030552154717830926 -0.0058208162740582877 0.0011973774990537635 0.0054530597668954921 0.0014201079137692138 -0.0018904320739964976 0.0047382055040518295 0.00010232197892982958 -0.0036477634132472399 0.0021149338329724179 0.010537233370561236 -0.0032104758252504044 0.0031671734356763914 0.003165885723921083 -0.00023701429474451728 -0.0079549572987394485 -0.002474488514737817 -0.0011545505704290777 0.0060792669119241749 0.0004920822987885201 -0.00091898747019077142 -0.004615691791641458 -0.0020550876931054599
leaf_weight=2063.1011747866869 3269.6461177766323 2221.1838399320841 1508.6792260855436 494.04330851137638 751.25078430771828 1889.804428383708 554.97947570681572 995.30232258141041 707.80527652800083 16287.252618610859 730.3716891258955 881.56637878715992 743.29907485842705 921.00386026501656 11888.235294833779 599.40223149955273 562.7538565993309 597.96229368448257 711.6836728900671 515.0688473880291 895.18066154420376 42870.277803122997 622.49327287077904 2548.0967649668455 13092.378973528743 1601.3347623050213 3996.5850050449371 537.54929023981094 882.63690492510796 5857.1449876874685
leaf_count=8291 13153 9007 6079 1995 3018 7670 2228 4012 2856 65347 2953 3546 3001 3693 47797 2403 2257 2397 2853 2067 3590 172085 2511 10224 52548 6447 16067 2161 3549 23522
internal_value=-0.000125559 -0.000171869 -0.00132526 -0.000650228 -0.00165059 -8.4874e-05 -0.00221773 -0.00101043 -0.0024586 -3.27805e-05 0.0020108 -0.000974557 0.000942098 -8.3969e-05 0.000656037 0.00233595 0.00342775 0.00650677 0.00174131 -0.000528775 -0.000215086 -0.000249719 -0.000552112 0.0001335 0.000316707 -0.000396779 0.00101649 0.00432436 -0.00043945 -0.000455928
internal_weight=121798 118528 8303.13 6794.45 4573.27 110225 2618.08 4079.22 2340.62 107607 2620.18 1632.82 1738.6 104987 15796.1 3907.87 3308.47 1160.72 2147.76 1226.75 89190.9 88295.8 49349.9 38945.8 36397.7 20110.5 7018.11 2138.88 4879.22 48727.4
internal_count=489327 476174 33514 27435 18428 442660 10519 16433 9420 432141 10623 6564 7013 421518 63467 15670 13267 4654 8613 4920 358051 354461 198118 156343 146119 80772 28224 8608 19616 195607
is_linear=0
shrinkage=0.03


Tree=125
num_leaves=31
num_cat=0
split_feature=15 16 15 28 7 14 40 35 35 30 39 35 30 24 13 8 10 35 30 24 39 12 36 17 15 32 15 33 29 33
split_gain=11.8135 26.8463 19.2599 16.5656 18.267 14.762 21.2746 20.9822 20.4242 23.3579 26.2708 22.2168 20.9123 19.1486 18.9426 18.2154 16.4488 20.9419 15.3605 14.3723 13.07 12.9678 10.5704 9.98501 16.4335 9.51089 15.6049 18.8805 9.56873 8.74276
threshold=-8.4939975738525373 -0.55764231085777272 -8.5728883743286115 0.34401841461658483 0.25091774761676794 -8.2059221267700178 -0.79202145338058461 0.46657253801822668 0.21337015926837924 -1.1287319064140318 -0.36852931976318354 -0.14786434173583982 -0.41922071576118464 1.5696678757667544 -8.4318671226501447 -0.23004084825515744 -0.73089277744293202 -0.31576429307460779 -0.40147347748279566 2.1357666254043584 -0.4047416597604751 -8.5788207054138166 -0.48331555724143976 -0.93089890480041493 -6.9595117568969718 0.1009873002767563 -7.8704841136932364 -0.21309172362089154 0.37268485128879553 -0.0086500211618840677
decision_type=2 2 2 2 2 2 2 2 2 2 2 2 2 2 2 2 2 2 2 2 2 2 2 2 2 2 2 2 2 2
left_child=1 -1 3 4 -3 6 7 20 9 13 18 16 22 21 19 -13 -12 -18 -11 -7 -2 -8 -10 24 -16 26 27 -22 -27 -17
right_child=5 2 -4 -5 -6 14 8 -9 12 10 11 15 -14 -15 23 29 17 -19 -20 -21 25 -23 -24 -25 -26 28 -28 -29 -30 -31
leaf_value=-0.0028099672643916449 0.0042826768900577896 -0.0027765311108349125 0.0072509482444474234 0.0055582010167953772 0.0038648378513988953 0.00012171018066067922 0.00095196287724290645 0.0065610650438371471 -0.0088372019562066653 0.004679154206247909 -0.0046837865153278356 -0.010122825605695039 -0.00032495535883740557 -0.0019234408918568429 -0.0047201327744403679 -0.0061848824198651236 0.0055687627633131485 -0.0024448870099701178 -0.0013059086656028341 0.0052080678613185341 -0.0050990581252335371 0.0061126159880336732 -0.0040273119957331075 5.7055669378580114e-05 0.0014226147691303061 -0.0047645776516236464 0.0032673720754796682 0.0025584964380217724 0.00048093486951602063 -0.0010089300824102558
leaf_weight=920.56707352399826 566.44450570642948 914.09177398681641 724.42359502613544 660.01945273578167 614.70907728374004 900.35214181244373 964.51887689530849 498.97087119519711 566.19771291315556 671.34834836423397 700.1372507661581 575.29533477127552 1155.2646835297346 965.11600445210934 985.25151088833809 578.10825039446354 515.05740822851658 656.42808121442795 882.57984979450703 1115.7447177320719 655.97823263704777 799.96272639930248 1586.9358710199594 98360.844267323613 640.450205296278 759.40879166126251 1035.6199237853289 504.68107932806015 524.75269392132759 596.03973433375359
leaf_count=3694 2277 3673 2913 2658 2468 3617 3869 2010 2283 2699 2819 2307 4659 3876 3959 2317 2080 2636 3554 4482 2643 3212 6390 395126 2573 3046 4165 2023 2106 2390
internal_value=-2.03694e-06 0.00163461 0.00304388 0.00162484 -9.8369e-05 -5.54535e-05 -0.000909694 0.000820212 -0.00161112 -0.000780786 -0.00196388 -0.00336133 -0.00358667 0.00146121 7.65982e-05 -0.00578233 -0.00107968 0.00109572 0.00129322 0.0029484 9.79511e-05 0.00331291 -0.00532715 1.8403e-05 -0.00230628 -0.000593435 0.000606169 -0.00177597 -0.00263393 -0.00358809
internal_weight=121595 3833.81 2913.24 2188.82 1528.8 117761 15758.8 4545.86 11213 7904.59 5174.99 3621.07 3308.4 2729.6 102003 1749.44 1871.62 1171.49 1553.93 2016.1 4046.89 1764.48 2153.13 99986.5 1625.7 3480.44 2196.28 1160.66 1284.16 1174.15
internal_count=488524 15406 11712 8799 6141 473118 63361 18270 45091 31759 20802 14549 13332 10957 409757 7014 7535 4716 6253 8099 16260 7081 8673 401658 6532 13983 8831 4666 5152 4707
is_linear=0
shrinkage=0.03


Tree=126
num_leaves=31
num_cat=0
split_feature=40 11 15 30 15 22 31 12 15 6 40 13 24 41 28 15 6 14 37 39 11 22 32 13 16 36 41 14 1 40
split_gain=11.4272 15.7811 11.2319 14.8266 12.466 14.1352 12.5819 12.1813 20.4633 11.336 12.7145 10.3825 10.3036 19.3733 10.2985 25.1418 21.0924 18.5389 14.9023 14.8305 14.4187 17.1533 15.2554 19.9946 15.2522 13.4684 14.3243 12.855 12.7016 12.4806
threshold=0.99771150946617138 -0.39926558732986445 -6.7395648956298819 0.45756414532661444 -6.8577499389648429 1.8044074773788454 -0.8491481840610503 -6.5762078762054434 -6.6921653747558585 0.5911853313446046 0.49810825288295751 -7.0225789546966544 1.2350233793258669 -1.0000000180025095e-35 -0.044135348871350281 -8.4573092460632306 0.51687183976173412 -8.7078289985656721 -0.72118917107582081 0.995182365179062 -2.3623064756393428 1.1407538652420046 -0.42691153287887568 -7.9962587356567374 0.15350509434938434 -0.92582768201827992 0.6078576147556306 -6.7253980636596671 -0.70423439145088185 -0.89001184701919545
decision_type=2 2 2 2 2 2 2 2 2 2 2 2 2 2 2 2 2 2 2 2 2 2 2 2 2 2 2 2 2 2
left_child=2 -2 4 7 6 12 -1 8 -4 10 11 -10 -6 -14 18 16 17 -16 28 -17 21 -20 23 -22 25 26 -24 -27 -8 -26
right_child=1 -3 3 -5 5 -7 14 -9 9 -11 -12 -13 13 -15 15 19 -18 -19 20 -21 22 -23 24 -25 29 27 -28 -29 -30 -31
leaf_value=0.0036995228972683831 0.0015022295518436041 -0.0034330037408549304 0.0059498846199894989 -0.0023641593350149782 -0.0043298145675214113 -0.0059499853038789295 -0.0058513075581485951 0.0064195348283134042 0.0062313091400352421 -0.0031101683755304123 -0.0020326435773708944 0.00053547687985222971 -0.0025399072983216735 0.0038729812250291574 0.0025781701443653902 0.00046455451175386449 -0.00049809206453545597 0.010716041604188186 0.0068271704840177083 -0.0043249877380037794 -0.00052864664833174118 0.00081811306323403973 -0.000418578986097498 0.0024028450774804581 -0.0038246268521393177 0.00020454993519297286 -0.0031083012020513435 -0.0036139754255410874 0.00033534974101759752 -0.00086435292883755741
leaf_weight=889.8769561201334 859.76769523322582 1771.9868584275246 750.48055671155453 684.57567413151264 536.23350459337234 587.56525374948978 722.75213079154491 568.91034673154354 565.26353618502617 634.17778784036636 583.70200935006142 580.95944824814796 912.92474158108234 774.37648649513721 497.15574789047241 34367.636790052056 544.77637900412083 518.70824894309044 564.62012547254562 581.93413697183132 3742.9893358945847 1683.8298476040363 6894.3655690103769 4734.4164334535599 1636.5937800109386 45087.709919795394 2395.0076317042112 797.68199828267097 502.41946509480476 5829.3348125517368
leaf_count=3597 3458 7146 3017 2751 2153 2369 2908 2288 2270 2548 2346 2331 3667 3108 2004 138209 2190 2086 2265 2339 15064 6772 27677 19048 6573 180930 9603 3198 2017 23425
internal_value=0.000130468 -0.00182113 0.000173716 0.00166508 0.000116832 -0.00185277 0.000166432 0.00241828 0.00166921 0.000290975 0.00154852 0.00337399 -0.000748302 0.000408727 0.000137804 0.000550573 0.00426378 0.00679739 -6.42803e-05 0.000383591 -9.26326e-06 0.00235063 -8.41929e-05 0.00110942 -0.00024588 -7.3566e-05 -0.00111465 0.000137395 -0.0033321 -0.00151752
internal_weight=121803 2631.75 119171 4368.07 114803 2811.1 111992 3683.49 3114.58 2364.1 1729.92 1146.22 2223.53 1687.3 111102 36510.2 1560.64 1015.86 74591.7 34949.6 73366.5 2248.45 71118.1 8477.41 62640.7 55174.8 9289.37 45885.4 1225.17 7465.93
internal_count=489357 10604 478753 17551 461202 11297 449905 14800 12512 9495 6947 4601 8928 6775 446308 146828 6280 4090 299480 140548 294555 9037 285518 34112 251406 221408 37280 184128 4925 29998
is_linear=0
shrinkage=0.03


Tree=127
num_leaves=31
num_cat=0
split_feature=36 12 17 7 25 6 34 28 11 17 17 35 34 23 32 12 17 31 35 14 4 21 22 29 12 13 14 31 13 25
split_gain=14.1141 12.318 21.9066 11.921 28.1675 14.7207 10.4813 8.53819 13.6519 17.6483 15.6528 14.9563 20.6624 12.5472 12.3408 12.0675 11.8563 14.7971 12.2983 20.1611 11.6376 10.8044 11.9282 11.3279 10.2859 10.9213 15.7221 22.5764 11.3808 10.7663
threshold=0.99998164176940929 -6.4887268543243399 0.18781438469886783 -0.18815425783395764 0.75587955117225658 -0.95024901628494252 0.87897366285324108 0.31330309808254247 -0.21249800175428388 0.68841958045959484 0.83151176571846019 -0.29406048357486719 0.1622131019830704 0.23309092223644259 0.17460476607084277 -7.1992566585540763 -0.12398846074938773 -0.26683451235294336 0.31367929279804235 -7.7125885486602774 0.051450332626700408 1.0000000180025095e-35 1.0580087304115298 -0.61285454034805287 -7.9794166088104239 -7.3815250396728507 -7.3465287685394278 0.23503965884447101 -7.6847655773162833 0.6812962293624879
decision_type=2 2 2 2 2 2 2 2 2 2 2 2 2 2 2 2 2 2 2 2 2 2 2 2 2 2 2 2 2 2
left_child=1 7 -3 5 -5 -4 -2 -1 9 11 16 13 -13 15 -14 -9 17 -10 -19 -20 -15 -18 -23 -24 -25 28 27 -27 -26 -30
right_child=6 2 3 4 -6 -7 -8 8 10 -11 -12 12 14 20 -16 -17 21 18 19 -21 -22 22 23 24 25 26 -28 -29 29 -31
leaf_value=-0.00036292442788702663 0.00085163678595837544 0.0073933019332074832 -0.00053246616664514581 -0.0068066332087016786 0.0029306032840640309 0.0060107921611680919 -0.003216345842244893 0.0042607420119885296 -0.0010098849883682127 -0.0053997968134810257 0.0053751678584511714 -0.0040833158594678828 0.0035295357799698755 -0.0033029486468438632 -0.0016574281728286356 -9.7494245340049626e-05 -0.004037731001792744 0.0054067142637347822 -0.0027574368844005383 0.0046342377524609176 0.0011887099412451784 0.0044681368054933449 0.0024374576902689484 0.0031157148005855335 0.00024347310611666777 -0.00038029321238606953 -0.0011297219437281989 0.0072888093841738128 -0.00080328763896571364 -0.0060062911844205149
leaf_weight=76839.64686268568 18693.979838207364 505.38026475906372 656.85324829816818 508.19420516490936 543.83166117966175 572.58344314992428 578.2923955321312 1327.8190475255251 977.21998929977417 641.72402146458626 650.92590445280075 1697.2349084317684 724.10879018902779 920.73313990235329 933.97646245360374 997.83340653777122 523.61675979197025 1271.099489942193 601.84687469899654 717.75335855782032 1165.6014431118965 583.29694646596909 1505.8917815834284 667.38669981062412 929.75137025117874 854.34013864398003 2873.0782857835293 568.94438976049423 592.08081789314747 908.7432786822319
leaf_count=308626 75045 2035 2662 2037 2179 2301 2338 5381 3944 2578 2611 6810 2902 3698 3757 4045 2108 5103 2428 2890 4675 2339 6071 2684 3746 3429 11538 2289 2376 3664
internal_value=-1.65305e-05 -0.000156896 0.00180667 0.00054228 -0.00179289 0.00253882 0.000727966 -0.000212083 0.000299917 -0.000657883 0.00086614 -0.000259673 -0.00176646 0.000887639 0.00061537 0.00239841 0.000646134 0.00212834 0.00331141 0.00126764 -0.000799832 0.000116076 0.000349434 7.4793e-05 -0.000409018 -0.000762816 0.000147232 0.00271482 -0.00236546 -0.00397259
internal_weight=121534 102261 2786.84 2281.46 1052.03 1229.44 19272.3 99474.7 22635 8409.03 14226 7767.31 3355.32 4411.99 1658.09 2325.65 13575.1 3567.92 2590.7 1319.6 2086.33 10007.1 9483.51 8900.22 7394.32 6726.94 4296.36 1423.28 2430.58 1500.82
internal_count=488289 410906 11214 9179 4216 4963 77383 399692 91066 33846 57220 31268 13469 17799 6659 9426 54609 14365 10421 5318 8373 40244 38136 35797 29726 27042 17256 5718 9786 6040
is_linear=0
shrinkage=0.03


Tree=128
num_leaves=31
num_cat=0
split_feature=24 15 24 22 6 13 3 42 15 22 15 11 7 24 5 31 4 9 8 11 24 8 17 23 17 31 15 15 30 5
split_gain=14.6454 16.5877 17.8922 18.0691 16.4653 24.0611 17.0381 17.1408 14.6006 13.9531 13.8632 13.2009 22.6609 23.2731 16.8788 13.747 13.5879 15.1825 13.5005 13.1692 31.4995 21.1229 25.6067 16.81 13.342 12.9485 12.7649 28.7967 22.7654 18.1337
threshold=1.3590376973152163 -8.2723293304443342 1.7578046917915346 2.4992002248764043 0.73246085643768322 -8.5381116867065412 0.50993415713310253 0.81174489855766307 -7.6310837268829337 0.84134528040885936 -7.6788432598114005 -0.030942649580538269 0.22352234274148944 1.1520760059356692 -0.22540977597236631 0.13230624049901965 0.8577619493007661 0.56933328509330761 -1.0494164228439329 -1.4912754893302915 2.187059879302979 0.51075339317321788 -0.32021167874336237 0.90073975920677196 -0.87813413143157948 0.081096462905406966 -7.5306961536407462 -7.2819063663482657 0.53388008475303661 -1.1478324532508848
decision_type=2 2 2 2 2 2 2 2 2 2 2 2 2 2 2 2 2 2 2 2 2 2 2 2 2 2 2 2 2 2
left_child=10 4 9 19 5 6 7 -2 -5 -3 11 12 18 -14 15 -13 17 -16 -1 20 25 22 -22 24 -21 -4 28 -28 -26 -29
right_child=1 2 3 8 -6 -7 -8 -9 -10 -11 -12 14 13 -15 16 -17 -18 -19 -20 23 21 -23 -24 -25 26 -27 27 29 -30 -31
leaf_value=0.0031893600146183231 -0.0032915356337618121 -0.0034194156027704727 -0.0038911182759465476 0.0069110151767504723 -0.001091598508978296 0.0064104844721569682 0.005863081800240178 0.0023403221415319881 0.00074232238403162964 0.00076176409263061678 -1.4481700690014102e-05 -0.0014768383917371363 0.0052625671224795657 -0.00095069446981972509 -0.0027766948528148666 0.0025415261809295575 -0.00055537672561120112 -0.0071617181302635544 -0.0017995022120753218 -0.0029702070077012766 0.0095277568144502209 -2.4397753237694798e-06 0.00095741454814283545 -0.0022998561182793007 -0.00040228438816328107 0.001225121113727141 0.0018079486811317426 0.0031681418277630428 -0.0042532262812516042 -0.001299078427413964
leaf_weight=539.43494303524494 836.46527178585529 725.0756368637085 1028.413226082921 525.67481306195259 1205.5736504942179 1201.0714574158192 552.69961263239384 1133.3283137530088 979.72821778059006 31994.581169366837 28581.089752927423 2404.3927228748798 1173.2855533659458 997.18256917595863 3257.0413110405207 1112.4720384925604 1686.8815426677465 910.11120821535587 4420.8419787883759 1627.4716994464397 767.49333618581295 855.52851413190365 530.15322002768517 4552.7321628779173 10378.436827138066 772.71567529439926 6998.5768661648035 910.1873732060194 1584.2882614582777 7367.236312687397
leaf_count=2182 3366 2908 4135 2122 4848 4830 2219 4555 3960 128608 114783 9665 4703 4000 13067 4461 6791 3665 17752 6537 3083 3436 2130 18339 41665 3102 28095 3673 6359 29562
internal_value=1.45816e-05 0.000267258 0.000151238 -0.000283798 0.0019488 0.00293347 0.00125913 -5.57705e-05 0.00292777 0.000668092 -0.000414299 -0.00110636 -0.000133231 0.00241673 -0.00184593 -0.000202127 -0.00283142 -0.00374924 -0.00125163 -0.000413909 0.00122118 0.00366258 0.00606044 -0.000607689 -0.0003401 -0.00170152 -0.000181922 0.000392701 -0.000915412 -0.000804632
internal_weight=121610 76527.4 71598.3 38878.6 4929.14 3723.56 2522.49 1969.79 1505.4 32719.7 45082.7 16501.6 7130.75 2170.47 9370.9 3516.86 5854.03 4167.15 4960.28 37373.2 3954.3 2153.18 1297.65 33418.9 28866.2 1801.13 27238.7 15276 11962.7 8277.42
internal_count=488601 307532 287714 156198 19818 14970 10140 7921 6082 131516 181069 66286 28637 8703 37649 14126 23523 16732 19934 150116 15886 8649 5213 134230 115891 7237 109354 61330 48024 33235
is_linear=0
shrinkage=0.03


Tree=129
num_leaves=31
num_cat=0
split_feature=10 30 9 22 13 9 25 5 18 15 26 17 43 19 13 1 22 40 10 15 10 40 3 20 40 40 34 40 15 42
split_gain=15.8728 19.4514 11.645 22.1195 11.3175 13.3575 10.8507 19.9096 13.3842 14.8314 15.4603 12.9798 12.6713 11.9937 15.1502 16.7945 13.3303 18.7203 17.0007 23.6649 22.086 17.7247 15.0434 15.0088 18.7464 14.5629 29.3508 13.9056 13.3173 13.4463
threshold=-1.8477609157562254 -0.083524558693170534 -1.8802271485328672 1.4884447455406191 -8.0740594863891584 -0.048776835203170769 0.94297179579734813 0.78293815255165111 1.3792917132377627 -8.2318830490112287 -3.6700519323348995 -0.68204182386398304 0.10000000521540643 0.99998518824577343 -8.845787048339842 -0.051866723224520676 1.711100220680237 0.6962244212627412 1.9123829603195193 -7.5926735401153556 0.59210598468780529 0.4636815637350083 0.23621859401464465 0.7093493938446046 0.36852931976318365 -0.18866651505231855 -0.027343758381903168 0.99873894453048717 -7.5197064876556388 0.81174489855766307
decision_type=2 2 2 2 2 2 2 2 2 2 2 2 2 2 2 2 2 2 2 2 2 2 2 2 2 2 2 2 2 2
left_child=1 4 3 -2 -1 -6 8 -8 13 -10 -11 -9 -13 14 15 -4 18 22 20 -20 27 -21 28 24 -22 26 -25 -16 29 -18
right_child=2 -3 6 -5 5 -7 7 11 9 10 -12 12 -14 -15 16 -17 17 -19 19 21 23 -23 -24 25 -26 -27 -28 -29 -30 -31
leaf_value=0.0031994598853075985 0.0008611813676272092 0.0052587440022596396 -0.0049088186616671704 -0.0062215913492558519 0.00089066247251850584 -0.0048741097415745151 -0.0032793897738781766 0.0040193664456475015 0.0019965102581242394 -0.0052963609557603536 -0.00037166782687663179 -0.0047313250252700315 0.00013525838109856132 0.0013863779411733442 0.00030430140214273186 0.00042891552307186911 0.003626692148557209 0.0031516951181617672 -0.002585557573670108 0.0081466896976728747 -0.0077365122457812262 0.0014040192766428051 -0.0013929209680782425 0.0046692640433326753 -0.00017666429453558056 -0.001693817863214893 -0.00096040680413327008 0.0050866878351649237 -2.8924525058988183e-05 -0.00099134510045061487
leaf_weight=960.86456570029259 838.85056358575821 1161.7829980403185 1046.6077884286642 739.52413579821587 1186.0007716268301 509.05780556797981 2347.5080998688936 644.55285121500492 2363.3232617080212 574.10389213263988 32550.054878562689 548.10131956636906 3505.6753832697868 9883.3324114978313 35228.81807756424 1062.5166281610727 2608.420572027564 3309.2068499177694 514.16611963510513 719.81036457419395 643.85151155292988 685.43128728866577 2627.956835642457 1146.2823732346296 539.08475358784199 6102.8631709367037 2977.0904448628426 545.89294236898422 3454.6320710629225 719.72896434366703
leaf_count=3862 3365 4675 4204 2982 4769 2044 9481 2608 9513 2304 130913 2220 14182 39641 141311 4266 10481 13315 2063 2885 2582 2750 10554 4594 2166 24504 11942 2194 13883 2895
internal_value=0.000137455 0.00203872 7.57371e-05 -0.00247562 0.000615746 -0.000859039 0.000110558 -0.00102969 0.000184148 -0.000294578 -0.000458595 9.89424e-05 -0.000532764 0.000414308 0.000263842 -0.00223049 0.000349284 0.0012144 0.000124979 0.00288517 1.21081e-05 0.00489099 0.000530544 -0.00113664 -0.00432172 -0.000764335 0.000612131 0.000378678 0.00127673 0.00262804
internal_weight=121745 3817.71 117927 1578.37 2655.92 1695.06 116349 7045.84 109303 35487.5 33124.2 4698.33 4053.78 73815.7 63932.4 2109.12 61823.2 12719.9 49103.3 1919.41 47183.9 1405.24 9410.74 11409.2 1182.94 10226.2 4123.37 35774.7 6782.78 3328.15
internal_count=489148 15350 473798 6347 10675 6813 467451 28491 438960 142730 133217 19010 16402 296230 256589 8470 248119 51128 196991 7698 189293 5635 37813 45788 4748 41040 16536 143505 27259 13376
is_linear=0
shrinkage=0.03


Tree=130
num_leaves=31
num_cat=0
split_feature=36 12 14 10 23 28 30 10 10 14 24 17 17 29 40 40 24 24 24 41 14 14 17 17 35 40 41 42 34 14
split_gain=13.0528 15.3098 15.0246 31.9984 32.8079 15.2433 14.6258 13.7348 22.5816 13.5644 13.9676 12.6662 17.2187 24.3439 18.6136 17.738 14.9843 13.6531 18.1454 15.5218 13.5982 25.2757 11.5355 11.5295 11.2184 16.9465 16.4608 14.4762 11.1492 31.5975
threshold=0.99998164176940929 -6.4887268543243399 -6.7701559066772452 -0.029104162007570263 0.6036970615386964 -0.70828765630722035 0.038718072697520263 0.41109640896320349 -0.13134162127971646 -7.5689480304718009 3.3067178726196294 0.025295384228229526 -0.22930976748466489 0.75593557953834545 0.95819556713104259 0.99280729889869701 2.6228704452514653 1.609166204929352 1.4702657461166384 -0.60785761475563038 -6.9495747089385977 -7.0494413375854483 -0.026038125157356259 -0.040227757766842835 -0.16174442321062085 0.31523424386978155 -0.60785761475563038 1.0000000180025095e-35 0.27106910943984991 -7.4442400932312003
decision_type=2 2 2 2 2 2 2 2 2 2 2 2 2 2 2 2 2 2 2 2 2 2 2 2 2 2 2 2 2 2
left_child=1 2 9 5 6 -4 -5 8 -3 10 -1 12 13 15 17 28 -13 18 19 -14 21 22 -19 -21 25 27 -26 -2 -11 -30
right_child=24 7 3 4 -6 -7 -8 -9 -10 11 -12 16 14 -15 -16 -17 -18 20 -20 23 -22 -23 -24 -25 26 -27 -28 -29 29 -31
leaf_value=-0.0003960834834079012 -0.001266730304928676 0.0027772083369935478 -0.0069509163633881205 0.0011727365397622717 -0.0029022322556703476 -0.0021716334653406424 0.008364026721543202 0.0055539598529739335 -0.0042340861995199966 0.00060674649672754876 0.0044244835762449674 -2.5989551702463538e-05 -0.0025124435134782869 0.0047220432907028919 0.0058740643382502135 -0.0046730225267887704 -0.0040004109863411271 0.0013790274207135214 0.0062710211446165625 0.0013424016826545661 0.0040602114917605353 -0.0062866985334730984 -0.0028942111197729397 0.0059408523587802537 -0.0012247919771674351 0.0038441927733826853 0.0010270873757427829 0.0026334625135555649 -0.0068497715193455095 0.00033535672890501754
leaf_weight=54607.151436761022 1839.047487527132 1479.2809488326311 978.75962425768375 511.83683450520039 963.89654159545898 1566.7929070293903 503.91872084140778 754.42583191394806 562.57047867774963 8231.770753890276 536.42743135988712 16442.626461982727 661.21389399468899 945.65905170142651 901.10168108344078 755.25570411980152 890.51514680683613 2942.0102899968624 947.37470932304859 1749.6868595480919 728.25078295171261 550.30831229686737 694.42116919159889 676.82725143432617 4266.7450039833784 2358.220043823123 9211.0437121987343 1586.2455808371305 740.91063413023949 2064.2454904317856
leaf_count=219484 7379 5967 3926 2054 3868 6292 2022 3027 2259 33048 2153 66037 2660 3804 3627 3040 3576 11821 3808 7027 2925 2212 2790 2718 17136 9491 36958 6379 2981 8302
internal_value=7.23757e-05 -6.24321e-05 -0.000123997 -0.00181096 0.00104739 -0.00402927 0.00478711 0.00212286 0.000834237 -4.35141e-05 -0.000348396 0.000377594 0.000845531 0.000116829 0.00178669 -0.000256168 -0.00023237 0.00136907 0.00265998 0.00153537 0.000306016 -0.000355116 0.000557301 0.00264417 0.000788634 0.00189269 0.000313817 0.000541849 5.0033e-05 -0.00158
internal_weight=121649 102387 99591 4525.2 1979.65 2545.55 1015.76 2796.28 2041.85 95065.8 55143.6 39922.2 22589 12737.8 9851.19 11792.2 17333.1 8950.09 4035.1 3087.73 4914.99 4186.74 3636.43 2426.51 19261.3 5783.51 13477.8 3425.29 11036.9 2805.16
internal_count=488771 411428 400175 18162 7944 10218 4076 11253 8226 382013 221637 160376 90763 51175 39588 47371 69613 35961 16213 12405 19748 16823 14611 9745 77343 23249 54094 13758 44331 11283
is_linear=0
shrinkage=0.03


Tree=131
num_leaves=31
num_cat=0
split_feature=36 43 2 15 41 13 8 15 24 39 22 40 12 5 27 22 8 4 40 22 4 3 33 20 39 40 33 29 37 4
split_gain=14.0577 18.0977 15.9284 15.3283 12.341 17.789 10.7269 9.97507 19.1488 14.1779 14.0218 13.867 13.2751 13.7192 12.0497 19.2175 21.2872 21.2835 15.731 12.3783 19.171 12.348 12.1646 11.6848 11.0202 19.5445 18.0055 10.9071 13.9697 10.941
threshold=-0.97998598217964161 0.70000001788139354 -0.60638251900672901 -7.6520831584930411 0.6078576147556306 -7.5084819793701163 0.19869877398014071 -8.2525711059570295 1.6031967401504519 0.041439602151513107 1.711100220680237 0.72386917471885692 -8.9337759017944318 0.10408172011375429 0.53442195057868969 1.4056008458137514 0.57249140739440929 0.95173993706703197 0.97768935561180126 1.0943909883499148 0.88896960020065319 0.68187639117240917 -0.68935349583625782 1.3342723250389101 0.01527100056409836 -0.87142586708068837 0.21878708899021151 0.66858807206153881 0.040836865082383163 1.1151150465011599
decision_type=2 2 2 2 2 2 2 2 2 2 2 2 2 2 2 2 2 2 2 2 2 2 2 2 2 2 2 2 2 2
left_child=1 4 3 -3 -1 -6 -4 8 9 10 -2 12 -10 -14 15 16 17 22 24 20 -16 27 -9 -11 -18 -26 -27 29 -29 -17
right_child=7 2 6 -5 5 -7 -8 14 11 23 -12 -13 13 -15 19 21 18 -19 -20 -21 -22 -23 -24 -25 25 26 -28 28 -30 -31
leaf_value=-0.00089039080784764047 0.002639419736256064 -0.0002792556018846985 0.00077491587236658787 0.0047817891840554782 -0.004244345355820636 0.00020385909792965408 -0.0027804752569797167 -0.0038658460880458987 -0.00029080673265311158 -0.00030938159265450431 -0.0030138361599373136 0.0068200794202999473 0.0075240893556977528 0.000787217962212222 -0.00029492942810912962 0.00059225912078526941 -0.0025398795892911802 0.0031056988944375822 -0.0068044585552656843 -0.00087367012133759611 0.0040463598202206789 -0.00084057792470281715 -6.9496854696710149e-05 -0.0052936007659363472 0.0045237683248252293 -0.0028631873149864979 0.0023314317638284971 0.0047258497133671412 -0.00042178643343189552 0.0037174878241137532
leaf_weight=10468.791709035635 1713.003449216485 948.87690988183022 1773.6581779420376 1232.420747205615 2638.0021270364523 1163.9092835485935 1326.9839425832033 775.86684614419937 1235.074018701911 1095.1442115455866 503.21365144848824 637.06506955623627 550.42966602742672 533.77633433043957 3679.1975633949041 26291.761511161923 3622.9559872597456 1888.582607537508 509.34244178235531 23522.331950426102 1208.216122969985 4336.4634603857994 22778.473251745105 681.44091181457043 638.86098527908325 1926.4689312130213 861.71594962477684 1369.2034955471754 720.97158870100975 1038.9164751172066
leaf_count=42086 6883 3816 7120 4957 10586 4673 5335 3134 4958 4394 2030 2565 2215 2146 14755 105808 14538 7571 2053 94525 4849 17439 91360 2741 2563 7726 3468 5499 2898 4177
internal_value=-0.000131869 -0.000868594 0.000630762 0.00258898 -0.0014236 -0.00288562 -0.000750734 9.26253e-06 0.00110568 -0.000250109 0.00134802 0.00293147 0.00183864 0.0042449 -7.09046e-05 0.000149313 -0.000365418 5.00791e-05 -0.0017621 -0.00058826 0.00078435 0.00065249 -0.000196134 -0.0022401 -0.00138868 -0.000167827 -0.00125514 0.000872771 0.0029567 0.000712374
internal_weight=121671 19552.6 5281.94 2181.3 14270.7 3801.91 3100.64 102118 6949.15 3992.8 2216.22 2956.35 2319.28 1084.21 95169.3 66759.6 33002.3 25442.9 7559.34 28409.7 4887.41 33757.3 23554.3 1776.59 7050 3427.05 2788.18 29420.9 2090.18 27330.7
internal_count=488868 78573 21228 8773 57345 15259 12455 410295 27932 16048 8913 11884 9319 4361 382363 268234 132413 102065 30348 114129 19604 135821 94494 7135 28295 13757 11194 118382 8397 109985
is_linear=0
shrinkage=0.03


Tree=132
num_leaves=31
num_cat=0
split_feature=3 13 2 11 26 21 34 12 17 10 13 28 26 6 26 24 11 33 14 24 10 35 28 13 2 16 20 25 24 12
split_gain=13.918 9.3084 15.9792 15.4769 19.2296 28.7585 17.5442 14.4647 19.5403 21.2208 18.2914 18.1284 14.7283 14.1287 13.3635 22.1059 15.8051 13.8956 13.4886 43.2251 12.978 29.6032 24.422 18.333 19.6445 16.998 15.5305 14.6073 12.7401 22.6172
threshold=-1.6619004011154173 -7.3520603179931632 -0.8158426284790038 0.11999743431806566 -1.1981324553489683 0.99092063307762157 -0.32801353931426996 -7.8548338413238517 0.0051424873527139434 -0.78292608261108387 -8.1309757232665998 1.0912424325942995 0.46477420628070837 1.0687292814254763 -0.11259694397449492 0.97209912538528453 0.49271336197853094 -0.58854886889457692 -7.5689480304718009 1.204858720302582 0.42069545388221746 0.23742969334125522 -0.5809979736804961 -7.2362184524536124 0.10282740369439126 -0.41518378257751459 1.2865377068519595 0.66732001304626476 1.1020623445510866 -7.6939334869384757
decision_type=2 2 2 2 2 2 2 2 2 2 2 2 2 2 2 2 2 2 2 2 2 2 2 2 2 2 2 2 2 2
left_child=-1 3 -3 4 6 7 -2 8 9 10 -6 -9 -10 -11 17 -16 -17 -5 28 -20 23 -22 27 25 -25 -4 -27 -23 29 -19
right_child=1 2 20 14 5 -7 -8 11 12 13 -12 -13 -14 -15 15 16 -18 18 19 -21 21 22 -24 24 -26 26 -28 -29 -30 -31
leaf_value=0.0014878425165032604 0.0027660544738167033 -0.0012591979391315881 -0.0017733322418576243 0.0020440167993977369 -0.0058921065698363216 0.0027759643412501168 0.00046157980994363407 -0.0022137641951122259 0.0010392310545545829 -0.00030439706112524758 -0.00054995350695690305 0.0022459818521753218 0.0069551999845543751 0.0040505170464849938 0.0055501973312477321 -0.0019724532733538841 0.00086543974613488756 -0.0039141555927012031 0.0070093280806614137 -0.00063795957343188705 0.005619473885613192 0.0021349284648166556 0.0019055828884901535 0.00096653110060619923 -0.0013127931755661656 0.0054791790049597208 0.0010716949691925107 -0.0037332260281450536 -0.0010389702504516659 0.0016577660075309556
leaf_weight=5768.5869537889957 3511.4009765684605 4310.3835355490446 787.37899468839169 1397.0277129858732 1105.2070114910603 2222.08186891675 19142.936045005918 7625.3125328868628 1367.3743023425341 5144.5485013872385 1199.6388987153769 910.96007795631886 516.29949074983597 760.78370244801044 690.07983228564262 2532.1535847485065 5776.6766851395369 3436.3660547435284 720.96146573126316 7386.0557369589806 1410.8117808699608 525.46559238433838 5378.2560166269541 6275.914607912302 7410.9249344617128 1372.9740288555622 1512.5866298079491 1335.3282877653837 19083.827045217156 803.68886923789978
leaf_count=23311 14159 17335 3158 5641 4448 8926 76751 30658 5488 20660 4820 3667 2075 3064 2772 10192 23248 13796 2893 29648 5662 2106 21605 25201 29744 5508 6082 5369 76656 3227
internal_value=5.09944e-05 -2.07955e-05 0.000430637 -0.000181227 0.000214899 -0.000442395 0.000819834 -0.000827544 -5.85116e-05 -0.000691362 -0.00312598 -0.00173577 0.00268892 0.000262545 -0.000593213 0.000430609 -7.52408e-07 -0.000873912 -0.00100422 4.99154e-05 0.000711056 0.0016597 0.000881293 0.000237694 -0.000267697 0.0021166 0.00318049 -0.00207358 -0.00137048 -0.0028566
internal_weight=121422 115653 30320 85333.4 43506.5 20852.2 22654.3 18630.1 10093.9 8210.18 2304.85 8536.27 1883.67 5905.33 41826.8 8998.91 8308.83 32827.9 31430.9 8107.02 26009.6 8649.86 7239.05 17359.8 13686.8 3672.94 2885.56 1860.79 23323.9 4240.05
internal_count=487870 464559 121770 342789 174716 83806 90910 74880 40555 32992 9268 34325 7563 23724 168073 36212 33440 131861 126220 32541 104435 34742 29080 69693 54945 14748 11590 7475 93679 17023
is_linear=0
shrinkage=0.03


Tree=133
num_leaves=31
num_cat=0
split_feature=29 41 14 16 14 15 11 40 24 13 18 18 11 26 13 40 40 14 12 34 11 14 13 11 15 24 14 28 13 20
split_gain=15.7391 17.6601 17.2736 14.9407 19.4048 23.6826 16.8177 23.6525 15.7734 15.5485 16.484 16.3046 14.1574 24.5067 24.0108 25.0874 22.6875 16.3097 13.2173 12.942 12.4815 21.7146 22.0856 13.4421 12.9201 12.1607 12.0657 12.0104 12.9204 25.3207
threshold=-0.43494224548339838 -0.60785761475563038 -7.1576809883117667 0.067301668226718916 -7.5636136531829825 -7.7448139190673819 0.35242399573326116 0.55375361442565929 1.0538285970687868 -7.707082748413085 1.3944284915924074 1.8041098117828371 0.27975410223007208 -1.0659156441688535 -6.9677705764770499 -0.73283809423446644 0.9844242036342622 -6.6374535560607901 -8.507436275482176 0.1622131019830704 0.26959480345249182 -7.0494413375854483 -6.7158908843994132 -0.57356268167495716 -7.0432531833648673 1.8627173304557803 -7.4847986698150626 -2.4904264211654659 -7.5502655506134024 1.0805494189262392
decision_type=2 2 2 2 2 2 2 2 2 2 2 2 2 2 2 2 2 2 2 2 2 2 2 2 2 2 2 2 2 2
left_child=1 -1 26 12 9 -6 7 -7 -8 11 -11 18 14 16 -2 -16 -14 -15 -5 -9 21 -4 23 -23 -22 -10 27 -3 -29 -30
right_child=3 2 20 4 5 6 8 19 25 10 -12 -13 13 17 15 -17 -18 -19 -20 -21 24 22 -24 -25 -26 -27 -28 28 29 -31
leaf_value=0.001787881976920638 0.00071060307842483908 0.0042161977442962979 0.0054282347520849409 -0.0058606088678697143 0.0061547884300994825 -0.0021638766766804408 -0.0025994630826392754 0.0041315911083015218 0.0035786599105173175 -0.001216420376032003 -0.0046265326292222898 0.001116412115355494 -0.00095050093838045413 0.00031066504122331622 -0.0080052246083631567 -0.00084093517710611006 -0.0058164208451458544 0.0056086231697063662 -0.0011502506858562934 -0.001744088666459065 0.0067085797592435709 -0.00054164047146268782 0.003502879708497139 -0.0070594615190700703 0.00072629735663153126 -0.0011855838736997916 -0.0015289684527675482 -0.00033529652420821553 0.0080764283606017864 0.0002196896162656462
leaf_weight=8647.069955393672 34536.036667019129 644.74721249938011 639.94904284179211 578.13088445365429 565.78591980040073 4483.7958776950836 657.93591110408306 1000.8231368213892 2183.8110056966543 2773.0087998360395 2368.5108906030655 2925.4194834381342 14052.453275665641 12299.338527321815 500.51416319608688 3204.4882097989321 909.47145509719849 536.27862532436848 6198.2222180366516 499.49473302066326 809.47670567035675 641.9381705224514 629.65269446372986 504.4561600536108 542.81527698040009 612.65971493721008 4563.7242954671383 11117.769182831049 497.97906260192394 1353.2250140458345
leaf_count=34883 138588 2585 2578 2322 2271 17998 2639 4032 8779 11139 9531 11780 56406 49417 2006 12851 3665 2152 24913 2009 3254 2586 2541 2032 2185 2465 18359 44687 1997 5453
internal_value=5.19797e-05 0.000640437 0.000187711 -0.000146147 -0.000773056 0.000248039 -0.000112177 -0.00107377 0.0015519 -0.00146097 -0.00279327 -0.000752765 8.98143e-05 -0.000425297 0.000464264 -0.00182771 -0.00124997 0.00053621 -0.00156016 0.00217683 0.00203342 0.000735287 -0.000976611 -0.00344597 0.00433023 0.00253439 -0.000195822 0.000251883 5.17021e-05 0.00236521
internal_weight=121479 30592.8 21945.7 90886.2 24847.6 10004.3 9438.52 5984.11 3454.41 14843.3 5141.52 9701.77 66038.6 27797.5 38241 3705 14961.9 12835.6 6776.35 1500.32 3768.29 2416 1776.05 1146.39 1352.29 2796.47 18177.4 13613.7 12969 1851.2
internal_count=488103 123140 88257 364963 99878 40193 37922 24039 13883 59685 20670 39015 265085 111640 153445 14857 60071 51569 27235 6041 15176 9737 7159 4618 5439 11244 73081 54722 52137 7450
is_linear=0
shrinkage=0.03


Tree=134
num_leaves=31
num_cat=0
split_feature=19 27 14 14 24 18 10 39 7 26 28 22 4 8 8 28 3 0 4 37 18 14 37 20 10 10 10 29 10 10
split_gain=14.5493 17.6057 28.3643 14.8337 15.082 13.464 13.5289 12.5476 12.1756 12.1189 10.9856 12.4413 19.8548 17.446 10.8018 13.2428 14.7135 10.5523 10.3652 10.158 11.4082 10.8955 10.0626 10.0272 9.72435 9.71315 10.1335 10.8218 10.8068 10.6503
threshold=0.99698576331138622 0.51522454619407665 -8.2455620765686017 -7.9459173679351798 1.2691034078598025 1.22182834148407 -1.5642425417900083 0.68039956688880932 0.42649123072624212 -3.1083476543426509 1.5022575855255129 1.3859931826591494 0.57934373617172252 0.90484413504600536 0.61619627475738536 -0.38661944866180414 -0.33898909389972681 0.079917281866073622 -0.8604007065296172 0.099279362708330168 1.604057848453522 -8.2756423950195295 0.39711469411849981 0.74816262722015392 0.44072258472442633 -0.2063212767243385 0.3305784165859223 0.16062514483928683 1.3201277256011965 0.86991533637046825
decision_type=2 2 2 2 2 2 2 2 2 2 2 2 2 2 2 2 2 2 2 2 2 2 2 2 2 2 2 2 2 2
left_child=1 5 7 4 22 6 -1 8 -3 -7 11 12 23 -14 -8 18 -17 -5 -16 20 -11 -22 -2 -4 -18 -6 27 -27 29 -28
right_child=3 2 10 17 25 9 14 -9 -10 19 -12 -13 13 -15 15 16 24 -19 -20 -21 21 -23 -24 -25 -26 26 28 -29 -30 -31
leaf_value=-0.0017910627794615638 -0.0015458152135702987 -0.0039347992733493988 -0.0035604912225887823 -0.0030346625599200123 0.0047832093706534117 -0.0031951625551067064 0.00084687746682896037 -0.006038175751750469 0.00074296616146275036 -0.0012043626858869892 0.0027796700226853108 -0.0012127572416706525 0.0029145961780401818 -0.0022102691903840249 0.0025080426892876151 0.0033319946764149254 -0.0026028801860922255 0.00039573132894304958 -0.0015539285702241654 0.0007968469331982276 0.0024485639493223685 -0.0002231915323363028 0.0023445559396923533 -0.00029277562285202826 0.0010139030752273357 0.0026219166495299656 0.0025362926236019131 -0.00334057720760604 -0.00054200407505012053 0.0079925800366093848
leaf_weight=2284.5032848566771 1495.6724359989166 1233.8727455735207 991.90577013790607 875.79301454126835 1602.7380571067333 1277.5983417183161 32301.447056040168 1089.3107428252697 833.6861702054739 11437.30111028254 920.0864794999361 11792.998044416308 3083.4573371857405 733.20160531997681 619.65803690254688 1560.5174654126167 1027.931322529912 9069.8245708495378 5606.5450401753187 6847.5200535804033 1539.6857230365276 12088.688342750072 983.00617109239101 5416.3895242065191 1872.9684081375599 523.6028960198164 901.84219183027744 553.25738419592381 511.49837705492973 504.2877275198698
leaf_count=9176 6003 4955 3978 3516 6436 5130 129640 4379 3361 45969 3696 47425 12369 2956 2484 6263 4128 36415 22533 27521 6219 48736 3947 21726 7532 2102 3623 2222 2055 2027
internal_value=2.52084e-05 -0.000107228 -0.000782103 0.000838317 0.00188723 0.000117287 0.000453724 -0.00344359 -0.00205412 -0.000341625 -0.000414472 -0.00054915 0.000216661 0.00192688 0.000573404 -0.000253141 0.000993084 9.09123e-05 -0.00114629 -0.000226422 -0.000506169 8.0228e-05 2.68077e-07 -0.000803327 -0.00027224 0.00290241 0.00188318 -0.000443978 0.00318554 0.00453573
internal_weight=121581 104559 26094.9 17021.5 7075.91 78464.4 45273.6 3156.87 2067.56 33190.8 22938 22018 10225 3816.66 42989.1 10687.6 4461.42 9945.62 6226.2 31913.2 25065.7 13628.4 2478.68 6408.3 2900.9 4597.23 2994.49 1076.86 1917.63 1406.13
internal_count=488522 420176 104845 68346 28415 315331 181756 12695 8316 133575 92150 88454 41029 15325 172580 42940 17923 39931 25017 128445 100924 54955 9950 25704 11660 18465 12029 4324 7705 5650
is_linear=0
shrinkage=0.03


Tree=135
num_leaves=31
num_cat=0
split_feature=15 15 40 17 7 11 24 35 30 11 40 24 9 23 11 30 30 10 17 10 24 14 24 35 7 23 15 40 6 40
split_gain=12.9347 27.3272 20.9938 20.8606 27.0749 19.0342 16.7368 15.8939 15.6932 14.7868 22.7996 13.1989 12.3532 11.6518 17.1504 11.5325 18.4716 25.2622 13.6977 23.5847 25.5839 37.5837 28.7065 23.5568 55.034 18.6099 18.7069 22.2994 17.1618 16.8977
threshold=-6.7395648956298819 -6.9715318679809561 0.36852931976318365 0.29306279122829443 -0.61721509695053089 -0.59853780269622792 4.0203938484191903 -0.0094715259037911875 -0.41922071576118464 -1.1392924189567564 0.44032992422580725 1.8318422436714175 0.57988506555557262 0.087061606347560896 -1.454614460468292 -0.60655945539474476 -1.4853065013885496 -2.1342308521270748 0.15408150106668475 -0.2063212767243385 1.378314256668091 -7.585573434829711 1.2397470474243166 0.041696440428495414 0.63930112123489391 0.35140626132488256 -7.9182302951812735 0.45204447209835058 -0.058913547545671456 -0.58601745963096608
decision_type=2 2 2 2 2 2 2 2 2 2 2 2 2 2 2 2 2 2 2 2 2 2 2 2 2 2 2 2 2 2
left_child=1 6 12 4 5 -3 13 -4 9 -6 -11 -10 -2 14 -1 16 -15 -18 19 25 21 -21 28 24 -20 -17 27 -27 -23 -22
right_child=2 3 7 -5 8 -7 -8 -9 11 10 -12 -13 -14 15 -16 18 17 -19 23 20 29 22 -24 -25 -26 26 -28 -29 -30 -31
leaf_value=0.0045396305541341095 0.0017112171584890601 -0.01028243815204357 0.0019936046279247104 0.0024359469050829843 0.004467415417787792 -0.0031713999645974103 0.0042275447661583752 -0.003834580195062269 -0.0015233362030603369 0.0015311777320388567 -0.0048089387634943966 -0.0067901719489914707 0.0059117189418154675 0.00055445920927388369 0.00055037384048323688 -0.00010632221704947952 -0.0070404543971606358 -0.00079056194160537132 -0.00076440984318507695 -0.0023585140190988357 0.0023591781591332946 0.00031667606994136959 -0.002177163606141664 0.00058606990178814561 -0.0084304950435779083 0.002384598677920546 0.0015331522839505361 0.0089666072426657934 0.0072642662681869797 0.00010416433189037746
leaf_weight=1058.7422716468573 1839.6452918946743 583.01252838969231 791.89124958217144 855.698784917593 538.00413094460964 822.14986978471279 847.24661131203175 878.3677192479372 1131.2333005815744 1239.5628379881382 853.85682535171509 687.01759603619576 958.77145725488663 10524.480592772365 10540.735586300492 4616.6295774132013 585.79930122196674 25660.533812761307 10471.916560083628 7145.6154451072216 4019.422297000885 501.75285586714745 867.98320233821869 10525.38524697721 906.87785747647285 1293.3951174020767 7795.566034540534 721.36775755882263 877.9366526901722 11605.441902548075
leaf_count=4290 7392 2355 3189 3437 2160 3315 3401 3530 4540 4974 3430 2758 3849 42237 42574 18590 2351 103027 42038 28702 16143 2013 3486 42265 3633 5185 31262 2896 3524 46643
internal_value=-4.87393e-07 -6.09079e-05 0.0015818 -0.0019183 -0.00255775 -0.00617363 5.19846e-05 -0.00107594 -0.00140461 7.8454e-05 -0.00106538 -0.00353964 0.00316629 1.93589e-05 0.00091809 -8.69693e-05 -0.000507001 -0.000932683 0.000164826 0.000498829 -5.83273e-05 -0.00129485 0.00208212 -0.000436601 -0.00138225 0.00146438 0.00220289 0.00477387 0.00475809 0.000685394
internal_weight=121746 117277 4468.68 6710.54 5854.84 1405.16 110567 1670.26 4449.67 2631.42 2093.42 1818.25 2798.42 109720 11599.5 98120.1 36770.8 26246.3 61349.3 39445.1 25018.2 9393.29 2247.67 21904.2 11378.8 14427 9810.33 2014.76 1379.69 15624.9
internal_count=489189 471229 17960 26969 23532 5670 444260 6719 17862 10564 8404 7298 11241 440859 46864 393995 147615 105378 246380 158444 100511 37725 9023 87936 45671 57933 39343 8081 5537 62786
is_linear=0
shrinkage=0.03


Tree=136
num_leaves=31
num_cat=0
split_feature=23 13 7 41 25 42 15 15 9 22 41 22 22 24 40 40 31 31 7 31 35 30 24 8 9 40 22 40 0 19
split_gain=9.51631 21.4821 14.7795 16.0077 12.9094 19.3715 13.8357 13.5286 15.3081 13.0829 13.4559 12.5054 12.4461 11.4753 11.2602 11.237 9.5996 12.9164 18.8148 16.0087 17.801 27.5225 24.5194 22.2412 17.3157 14.7791 12.5474 10.8913 10.4611 9.90032
threshold=0.91985329985618602 -8.7288603782653791 0.28025141358375555 -1.0000000180025095e-35 0.62782832980155956 1.0000000180025095e-35 -7.6046278476715079 -7.3069248199462882 0.15093707293272021 1.6991366744041445 1.0000000180025095e-35 1.362474322319031 1.438581168651581 1.7722507715225222 -0.33174875378608698 -0.42853991687297815 0.2860733717679978 0.35317708551883703 0.67364427447319042 0.37194491922855383 0.09685953333973886 0.95925211906433117 2.3614085912704472 -0.30642609298229212 -0.15804512053728101 -0.41667649149894709 1.4016461372375491 -0.13268855959177014 -2.6503105163574214 0.019811890088021759
decision_type=2 2 2 2 2 2 2 2 2 2 2 2 2 2 2 2 2 2 2 2 2 2 2 2 2 2 2 2 2 2
left_child=16 -2 3 -3 5 14 -6 8 -8 15 -11 -7 -10 -14 -4 -9 28 18 -18 -19 22 -22 23 25 26 -21 -25 -26 -1 -30
right_child=1 2 4 -5 6 11 7 9 12 10 -12 -13 13 -15 -16 -17 17 19 -20 20 21 -23 -24 24 27 -27 -28 -29 29 -31
leaf_value=0.0028734805284385215 0.0032318370471443145 -0.0019236583066297441 -0.0047717538039016884 0.004873571832863125 0.00064611113101552666 -0.0028758830518855302 -0.0079383764432892773 -0.001912543495867887 -0.0055117454757049305 -0.0059340987663683521 0.00046205208977693622 -0.0091571216198889534 0.0015534669144714637 -0.004007392159162613 0.00059995081852959418 0.0036578067068028324 0.0034871684986138808 -0.0030459953747133334 -0.00044294523155620816 0.0019223224573084925 -0.00067295231823195694 0.0050898337809196443 0.006387073225285928 0.0063688544266985239 -0.0023434881420932572 -0.0040629713972799453 0.0015885484574196152 0.0021980631551851556 -0.00083030315889626172 7.1644520279283002e-05
leaf_weight=1092.9528127014637 1125.55817887187 534.40911291539669 498.69378973543644 724.5778341293335 3396.0294947773218 567.14611172676086 513.50182588398457 499.15681421756744 668.09212212264538 557.63142192363739 615.8387316763401 592.29581201076508 872.58126562833786 527.56450660526752 1128.5147840380669 902.68360397219658 3005.0939940363169 1192.8012877553701 1719.4512594342232 569.1171803176403 9635.2423477321863 798.40649811923504 885.32938031852245 1081.9241887480021 838.20263566076756 1032.7906959354877 918.60879968106747 1070.9111202210188 12937.428855240345 71092.786019310355
leaf_count=4426 4521 2145 2000 2906 13717 2274 2066 2012 2696 2260 2483 2378 3532 2136 4526 3642 12053 4787 6905 2282 38725 3202 3551 4336 3358 4147 3682 4292 52021 285529
internal_value=2.24244e-05 -0.000721335 -0.00107679 0.00199589 -0.00141939 -0.00318932 -0.000839686 -0.00181747 -0.00334771 -0.000276398 -0.00260185 -0.00613549 -0.00217523 -0.000555383 -0.00106542 0.00167486 0.00011711 0.00066442 0.00205893 0.000297932 0.000536588 -0.000227519 0.0017813 0.00103124 0.00224959 -0.00193781 0.00419264 0.000202259 -2.92113e-05 -6.73031e-05
internal_weight=121595 13724.3 12598.7 1258.99 11339.7 2786.65 8553.08 5157.05 2581.74 2575.31 1173.47 1159.44 2068.24 1400.15 1627.21 1401.84 107871 22747.9 4724.55 18023.3 16830.5 10433.6 6396.88 5511.55 3909.65 1601.91 2000.53 1909.11 85123.2 84030.2
internal_count=488590 55294 50773 5051 45722 11178 34544 20827 10430 10397 4743 4652 8364 5668 6526 5654 433296 91320 18958 72362 67575 41927 25648 22097 15668 6429 8018 7650 341976 337550
is_linear=0
shrinkage=0.03


Tree=137
num_leaves=31
num_cat=0
split_feature=24 35 17 40 42 41 15 11 15 15 7 17 24 41 7 15 10 30 40 9 15 39 9 40 40 15 39 42 39 30
split_gain=11.0232 12.3226 24.2067 23.2467 31.5051 39.6185 30.3874 27.3205 22.0648 36.9201 23.785 21.0303 23.0421 21.4756 19.6198 19.739 20.2612 18.4081 17.2005 16.6793 20.969 15.4479 15.1053 15.2308 20.7031 25.724 39.0725 34.3758 26.7845 38.1409
threshold=4.0203938484191903 0.28188194334506994 0.46639336645603185 0.45204447209835058 1.0000000180025095e-35 0.6078576147556306 -8.1957788467407209 0.32160909473896032 -7.8099305629730216 -7.4923622608184806 1.0013222694396975 0.39601634442806249 1.6031967401504519 0.87837970256805431 1.7545746564865115 -7.4301362037658683 0.36094406247138983 -1.2426646947860716 -0.5206359028816222 1.7737464904785158 -7.3150980472564688 -0.037079656496644013 1.0878658294677737 -0.33174875378608698 -0.66750615835189808 -7.7611558437347403 -0.16719855368137357 -0.56174489110708226 -0.11537030339241026 -0.63529816269874562
decision_type=2 2 2 2 2 2 2 2 2 2 2 2 2 2 2 2 2 2 2 2 2 2 2 2 2 2 2 2 2 2
left_child=1 2 11 4 8 6 7 -6 10 18 -3 13 -13 22 15 -11 -17 -18 21 20 -19 -10 23 24 25 26 -1 28 -27 -30
right_child=-2 3 -4 -5 5 -7 -8 -9 9 14 -12 12 -14 -15 -16 16 17 19 -20 -21 -22 -23 -24 -25 -26 27 -28 -29 29 -31
leaf_value=0.0020954755229043048 0.003056392874187823 0.0012199954161220255 -0.0016278172990001013 -0.00167805215324217 0.006270016406002249 0.0011334362727520812 -0.0041390907911125407 -0.0021308096652378934 -0.0030403486959121265 0.0064324760789894837 0.0090242717282320983 0.0051827289125016603 -0.0019679019896267731 -0.0010648441553061906 -0.0035042293351531095 -0.0027410758626347661 -0.0021421192867182638 0.0073765231286286315 -0.0041361659374100843 -0.0014551337274759176 0.0023650395470889429 0.0025185817168952348 -0.0024893674210923638 0.00079089438398934585 -0.0014295736247800621 -0.0034289865454061805 -0.0033886891206183854 0.0023966945096532133 -0.0022459108969000809 0.0045307604339397227
leaf_weight=1829.6398090720177 984.18888020515442 863.62092931568623 6913.5257523953915 11756.382231786847 523.44137024879456 3606.5088595300913 4329.6556242853403 995.15713132917881 803.58494685590267 829.2195258885622 586.99857503175735 1472.3750028312206 552.20188787579536 11318.767375171185 599.41083301603794 855.09848706424236 746.93560360372066 1004.0487764775753 1750.8472175002098 668.96261131763458 2971.8115904182196 996.51965044438839 1636.9214049577713 39305.988342359662 7863.7803368270397 2043.5577361434698 3203.1365468502045 7689.8077965676785 1541.6695378571749 1433.0987864136696
leaf_count=7349 3951 3464 27764 47391 2103 14470 17464 4002 3228 3330 2360 5913 2219 45416 2417 3436 2997 4030 7032 2687 11928 4005 6569 157921 31573 8201 12862 30894 6183 5753
internal_value=-8.96258e-05 -0.000115531 7.38831e-05 -0.000600593 -2.77498e-05 -0.00133762 -0.00286081 0.000786922 0.000949458 0.000497714 0.00441819 0.000221329 0.00323231 0.000142636 0.00166733 0.00210974 0.00152657 0.00220721 -0.00202804 0.00290973 0.00364595 3.39318e-05 0.00034814 0.000420069 -0.000149276 0.00041871 -0.00139475 0.00113742 -0.000793146 0.001023
internal_weight=121677 120693 86804.5 33888.2 22131.8 9454.76 5848.25 1518.6 12677.1 11226.4 1450.62 79890.9 2024.58 77866.4 7675.49 7076.08 6246.86 5391.76 3550.95 4644.82 3975.86 1800.1 66547.6 64910.7 25604.7 17740.9 5032.78 12708.1 5018.33 2974.77
internal_count=488912 484961 348617 136344 88953 38039 23569 6105 50914 45090 5824 320853 8132 312721 30825 28408 25078 21642 14265 18645 15958 7233 267305 260736 102815 71242 20211 51031 20137 11936
is_linear=0
shrinkage=0.03


Tree=138
num_leaves=31
num_cat=0
split_feature=36 16 10 29 4 16 4 29 12 32 41 42 10 23 9 8 21 21 23 17 9 28 14 14 2 6 26 9 3 6
split_gain=11.2739 11.9433 20.805 16.6637 14.1098 13.4541 12.9112 11.7404 17.3918 11.549 13.9692 10.9993 11.5583 10.8949 10.3267 10.1293 11.8436 9.52175 11.6043 9.38692 12.8087 15.1967 9.49939 9.04597 9.02739 13.7272 14.1077 13.66 10.718 10.2527
threshold=-0.73316523432731617 0.13162740319967273 -0.73089277744293202 -0.25094674527645106 -0.16492886841297147 0.34362924098968511 1.0577826499938967 -0.50278180837631214 -7.6563401222228995 0.53539907932281505 -0.60785761475563038 0.81174489855766307 0.093452300876379027 0.75654432177543651 -1.1359391212463377 -0.87049734592437733 0.22480049729347232 0.031104255467653278 0.03111581597477198 0.44119286537170416 -0.16716006398200986 -0.18220253288745877 -6.8673248291015616 -8.4995326995849592 -0.57202735543251026 0.29783929884433752 -0.94904339313507069 -0.7319752275943755 0.42670817673206335 -0.17017640173435208
decision_type=2 2 2 2 2 2 2 2 2 2 2 2 2 2 2 2 2 2 2 2 2 2 2 2 2 2 2 2 2 2
left_child=7 17 3 15 11 -5 -6 8 -1 13 -11 -4 -13 -8 -10 16 -3 23 -19 -20 22 -22 -21 -2 25 26 -9 -28 -26 -30
right_child=1 2 4 5 6 -7 9 24 14 10 -12 12 -14 -15 -16 -17 -18 18 19 20 21 -23 -24 -25 28 -27 27 -29 29 -31
leaf_value=-0.00059804592435037669 -0.0048913208669110085 0.0013589942920907807 -0.00036308788767626333 0.0015739141098654881 -0.0023627528571427041 0.0071354285551113728 -0.00079301609720957948 0.00032264900241712856 -0.0016352200090212897 -0.0050281534634717675 -8.7630361757715187e-05 0.0057898402658127148 -0.00029366120873043774 0.0044183850899132161 0.0030896634571814419 0.002482158808044341 -0.0048309442796388236 0.004078327472437083 0.00045286968379661775 -0.0044886476142912022 -0.003445422816244922 0.0023029492178368426 0.0003355341838244779 -0.00056386162837083348 -0.0019208393838837969 0.0015098042603254765 0.00078703802052031071 -0.003646249098479533 -0.0027722175356555004 0.0007522020995351787
leaf_weight=5052.548763230443 507.57420319318771 491.94260464608669 5664.6612669378519 971.3447622358799 6837.7393279969692 654.53839041292667 686.33629500865936 3756.0900300592184 494.17470480501652 692.98465515673161 1928.2747479975224 578.05950959026814 536.68383571505547 745.71334135532379 2458.6827285140753 696.24511153995991 619.89779470860958 756.54704292118549 61576.732612729073 1177.7569090127945 584.87923572957516 1351.5716337412596 529.94357892870903 2739.4557636231184 9404.7144624590874 3025.6629974991083 863.58627818524837 2229.7841772437096 963.06730119884014 3130.0107225775719
leaf_count=20337 2042 2006 22802 3902 27471 2633 2753 15079 2006 2798 7770 2333 2157 3004 9919 2807 2505 3056 247259 4721 2345 5420 2126 11017 37755 12145 3483 8953 3863 12590
internal_value=-3.03119e-05 0.000139872 -0.000484738 0.00164881 -0.000900058 0.00384277 -0.0015684 -0.000520109 0.000471009 -0.00022586 -0.00140791 0.000174364 0.00288442 0.00193255 0.00229608 -0.000334336 -0.00210446 0.000330339 0.000408453 0.000365265 -0.00111222 0.000557949 -0.00299834 -0.00125327 -0.000859631 -0.000170042 -0.000913212 -0.00241005 -0.00136364 -8.18e-05
internal_weight=121707 90328.9 21104.4 3433.97 17670.5 1625.88 10891 31378.3 8005.41 4053.31 2621.26 6779.4 1114.74 1432.05 2952.86 1808.09 1111.84 69224.5 65977.4 65220.9 3644.15 1936.45 1707.7 3247.03 23372.9 9875.12 6849.46 3093.37 13497.8 4093.08
internal_count=489057 362927 84941 13853 71088 6535 43796 126130 32262 16325 10568 27292 4490 5757 11925 7318 4511 277986 264927 261871 14612 7765 6847 13059 93868 39660 27515 12436 54208 16453
is_linear=0
shrinkage=0.03


Tree=139
num_leaves=31
num_cat=0
split_feature=37 1 10 7 9 39 9 41 26 17 34 0 41 24 42 20 24 9 10 19 14 22 29 7 9 9 16 37 26 14
split_gain=10.4107 10.5499 10.0173 17.1908 13.5997 13.1961 14.2335 10.4355 10.3586 9.85987 7.65769 14.005 11.4432 16.4189 14.7962 14.3921 12.3568 11.1809 9.9184 7.40442 15.0021 14.7146 11.2443 9.52939 15.5475 15.9341 15.1217 13.2211 9.6905 9.40859
threshold=-0.72118917107582081 -0.80190303921699513 -1.8477609157562254 -1.0566720962524412 -1.7856240868568418 -0.12403415143489836 -0.33603172004222864 1.0000000180025095e-35 -0.84471485018730152 -0.17722691595554349 0.73786845803260814 2.2011190652847294 1.0000000180025095e-35 2.0887624025344853 1.0000000180025095e-35 1.7731027603149416 1.7318746447563174 0.92786288261413585 3.0500469207763676 0.96713528037071239 -8.5394997596740705 0.9294651746749879 0.063138984143733992 -0.36935517191886896 -0.15804512053728101 -0.50348514318466175 -0.16001733392477033 -0.068090446293354021 -0.6198589801788329 -9.2067337036132795
decision_type=2 2 2 2 2 2 2 2 2 2 2 2 2 2 2 2 2 2 2 2 2 2 2 2 2 2 2 2 2 2
left_child=1 -1 3 -2 7 6 -5 9 -7 -4 18 12 14 17 15 -12 -16 -14 19 29 22 -22 -21 24 25 26 -23 -25 -26 -6
right_child=2 -3 4 5 10 8 -8 -9 -10 -11 11 -13 13 -15 16 -17 -18 -19 -20 20 21 23 -24 27 28 -27 -28 -29 -30 -31
leaf_value=-0.0040703322801315441 0.0063686601192070617 0.00043221025164687156 0.0027296519021526569 0.0054713703619725992 -0.0039843473884127239 0.00081775571756450064 -0.00094110261018675407 -0.0045741872895473466 -0.0038329434934381312 -0.0031784595852829192 -0.0039897725816112738 0.0034506509618909072 -0.0011999986690656177 -0.003092316161971127 -0.0080773656343606955 0.0017795641137375222 -0.0022104743460732929 0.0038425783833996416 0.0034063323646657821 0.00067963385410075238 0.0035764459776622252 -0.0027256860654142991 0.0052604825187552813 -0.0039613751974926555 0.004862367040477703 -0.0036667099934883495 0.0035376220234948621 -5.6055072003886378e-05 5.2261008866498593e-05 2.379605802138939e-05
leaf_weight=1085.3066350519657 568.98620919883251 815.16561159491539 496.40293508768082 807.09566476941109 520.2329176068306 1160.392634510994 499.32006512582302 994.20699889957905 673.24704128503799 500.57476110756397 683.33822402358055 575.91556952893734 651.60387015342712 954.71571880578995 629.05237093567848 877.86306928098202 674.68121261894703 983.04599092900753 818.86802242696285 897.83928851783276 1179.129580155015 506.32021744549274 1040.4520036131144 837.00814259052277 1253.2109283208847 807.36508926749229 1052.739829942584 9893.1074188947678 537.58087623119354 88761.378162443638
leaf_count=4375 2306 3275 2001 3246 2091 4655 2006 3993 2702 2013 2766 2331 2628 3846 2559 3551 2738 3960 3287 3606 4729 2032 4175 3359 5024 3239 4234 39709 2156 356585
internal_value=5.02256e-05 -0.00214691 8.52462e-05 0.00161787 3.61597e-05 0.000739529 0.00303195 -0.00241555 -0.000901343 -0.000238871 7.91397e-05 -0.000960407 -0.00143163 1.48987e-05 -0.00273453 -0.000754997 -0.00508119 0.00183743 0.00013721 0.000111943 0.000666749 0.000365033 0.00315296 0.000108448 0.00132607 -0.00027133 0.00149914 -0.000364096 0.00342672 -2.50052e-09
internal_weight=121736 1900.47 119836 3709.04 116127 3140.06 1306.42 1991.18 1833.64 996.978 114135 6030.22 5454.3 2589.37 2864.93 1561.2 1303.73 1634.65 108105 107286 18004.8 16066.5 1938.29 14887.3 4157.22 2366.43 1559.06 10730.1 1790.79 89281.6
internal_count=489177 7650 481527 14915 466612 12609 5252 8007 7357 4014 458605 24379 22048 10434 11614 6317 5297 6588 434226 430939 72263 64482 7781 59753 16685 9505 6266 43068 7180 358676
is_linear=0
shrinkage=0.03


Tree=140
num_leaves=31
num_cat=0
split_feature=11 11 20 15 17 6 3 13 15 29 35 11 8 30 24 11 27 34 17 42 17 40 40 24 35 15 0 12 13 24
split_gain=12.3913 11.9105 13.2139 14.6317 10.9383 9.57296 19.2127 11.2764 21.2986 10.162 16.4466 11.0499 21.8401 18.1958 15.6344 14.1624 13.4545 10.8765 11.3236 10.6421 10.5836 10.4965 10.3485 12.3067 14.9001 10.0351 10.1134 12.4987 10.8968 14.5139
threshold=-3.2896158695220943 -2.2417006492614742 1.1654299497604372 -7.4885182380676261 -1.2920115590095518 -0.72839823365211476 1.3767073750495913 -9.0173082351684553 -8.4573092460632306 0.38762196898460394 -0.22903010994195935 0.52738249301910411 0.45987589657306677 0.62240085005760204 1.3493118882179262 -0.2226922661066055 0.61063680052757274 -0.66005682945251454 -0.47003699839115137 1.0000000180025095e-35 0.52557221055030834 -0.058870663866400712 -0.59657368063926686 1.6384708285331728 0.39888736605644232 -6.5914120674133292 -1.0000000180025095e-35 -8.4368367195129377 -7.5619330406188956 3.1352729797363286
decision_type=2 2 2 2 2 2 2 2 2 2 2 2 2 2 2 2 2 2 2 2 2 2 2 2 2 2 2 2 2 2
left_child=-1 2 -2 -4 -3 6 7 -6 -9 11 -11 12 13 -10 15 -15 17 -13 21 -14 -16 -19 -20 -24 -25 26 27 -7 -28 -30
right_child=1 4 3 -5 5 25 -8 8 9 10 -12 16 19 14 20 -17 -18 18 22 -21 -22 -23 23 24 -26 -27 28 -29 29 -31
leaf_value=-0.0034382174423273678 0.0049112392165383562 0.003722705722520034 0.0041755254428455305 -0.0019045143486942386 -0.0035277343004371919 -0.0019599954735233225 -0.0051095783812202863 0.0065007463990527231 0.00097055617261855424 0.0061489410092852494 0.00011072606429937746 0.0025085426786078057 0.0022012799393127539 -0.0071015875737584439 -0.0015279434810052705 -0.00078810988170837217 -0.0048739081346224639 -0.00045685926861458554 -0.0027107996777188613 0.0074710255499662792 0.0037203318230091134 -0.0055189576358171113 0.0034742367765108434 -0.0041959541164412551 0.0027716039881407533 0.0021955407540791838 0.00035226289972613962 -0.00040654495445110626 -0.0004138755185984151 -0.0055287560726223249
leaf_weight=948.52395914494991 905.485840305686 675.31258834898472 554.53654360771179 955.6138281673193 578.78649090230465 5380.8972847759724 537.56104511022568 541.86744117736816 10957.451989755034 724.2031589448452 908.95496807992458 1040.3866768628359 899.01449438929558 678.88421912491322 959.32135213911533 602.01484486460686 618.22155429422855 727.64070370793343 805.83530458807945 562.87871044874191 527.71754635870457 741.37949779629707 1097.9105716794729 591.94588284194469 501.19394859671593 1515.3575357496738 32578.781997814775 34521.008556395769 18408.184144020081 503.33035600185394
leaf_count=3814 3635 2714 2233 3849 2334 21606 2160 2190 44285 2915 3645 4234 3606 2739 3875 2424 2483 2923 3238 2259 2132 2977 4412 2380 2012 6082 130815 138552 73891 2020
internal_value=-4.07154e-05 -1.37114e-05 0.00206724 0.000340895 -5.64159e-05 -7.84487e-05 0.000447618 0.000573822 0.000676355 0.000536034 0.00280942 0.000360585 0.000794249 0.000421498 -0.00174773 -0.00416338 -0.000714338 -0.000239331 -0.000883656 0.00426728 0.000346965 -0.00303162 0.000175819 0.00124497 -0.00100523 -0.000217791 -0.000258042 -0.000616471 1.97844e-05 -0.000552858
internal_weight=121550 120602 2415.64 1510.15 118186 117511 24603.2 24065.6 23486.8 22945 1633.16 21311.8 15187.3 13725.4 2767.94 1280.9 6124.51 5506.29 4465.91 1461.89 1487.04 1469.02 2996.89 2191.05 1093.14 92907.6 91392.2 39901.9 51490.3 18911.5
internal_count=488434 484620 9717 6082 474903 472189 99223 97063 94729 92539 6560 85979 61320 55455 11170 5163 24659 22176 17942 5865 6007 5900 12042 8804 4392 372966 366884 160158 206726 75911
is_linear=0
shrinkage=0.03


Tree=141
num_leaves=31
num_cat=0
split_feature=23 13 3 13 26 22 15 20 10 21 15 16 17 15 13 23 25 24 22 22 15 11 18 14 14 39 39 29 22 30
split_gain=14.1086 14.4597 17.3036 14.1781 14.2888 16.8732 13.6058 18.9324 21.1314 27.3823 19.5554 16.4793 15.6859 15.5449 18.1894 13.3187 13.2556 17.7347 15.7243 20.0418 18.3764 13.5366 25.3381 13.494 16.1561 17.9052 21.0936 22.8614 18.3155 18.4159
threshold=0.93457475304603588 -8.845787048339842 0.14744894951581958 -8.7030806541442853 0.46477420628070837 1.0232800841331484 -8.2318830490112287 0.91176488995552074 -0.40983259677886957 0.37943759560585028 -8.4235901832580549 0.18222268670797351 1.0000000180025095e-35 -7.9094192981719962 -8.7030806541442853 0.55025640130043041 0.63866266608238231 1.2493506073951723 1.7295671105384829 1.4841395616531374 -7.33156394958496 2.4983962774276738 1.0393738746643069 -8.2559313774108869 -7.8340742588043204 -0.11537030339241026 0.40872775018215185 0.37268485128879553 2.2645943164825444 -1.4853065013885496
decision_type=2 2 2 2 2 2 2 2 2 2 2 2 2 2 2 2 2 2 2 2 2 2 2 2 2 2 2 2 2 2
left_child=1 2 -1 -2 5 -5 7 10 12 -10 -3 -11 -9 14 -8 16 21 -18 19 -19 -21 23 -23 -15 -25 28 27 -27 29 -26
right_child=3 6 -4 4 -6 -7 13 8 9 11 -12 -13 -14 15 -16 -17 17 18 -20 20 -22 22 -24 24 25 26 -28 -29 -30 -31
leaf_value=-0.00310887300870709 0.0022490447052902064 -0.0052613773242582802 0.0010513291404420366 0.0021549746564621963 0.00050791782129232038 -0.0024143056674503951 0.0042193553441037699 0.0024285434435251507 0.0047316214282500336 0.001322550474121017 0.0017714505619443048 -0.0047797013258919505 0.0098008287634501028 0.0026111291824808406 -0.001235969289966191 0.00066293398811354193 -0.0045462968240579113 -0.000891047960743975 -0.0045084713298259712 -8.9388421063448508e-06 0.0066510309035766688 0.0021989432106855242 -0.0059447771117637563 -0.0010453566382499211 -0.0049143581960509625 0.0020922235736728573 0.00042888832579546156 0.008346545252745188 -0.0041016790533392744 0.00026638498935995073
leaf_weight=2589.0537267327309 1104.4081551879644 621.22566908597946 1370.0568564087152 801.08262595534325 2875.5709717571735 7211.229209586978 570.30122138559818 500.65079443156719 1234.8087826967239 968.40872034430504 807.40441855788231 662.79085350036621 549.93713384866714 2074.2991369664669 10663.811302155256 37033.211754262447 1143.2597094774246 6950.5117203295231 832.77097016572952 848.39446072280407 655.21386800706387 564.28789313137531 853.80919577181339 8213.6894295960665 634.44838900864124 3851.4606588929892 8947.3561163544655 601.93530839681625 1009.6707033365965 14768.319205671549
leaf_count=10411 4437 2493 5501 3218 11596 29076 2292 2017 4966 3891 3241 2667 2219 8353 42842 148613 4582 27865 3340 3401 2627 2263 3428 33024 2548 15511 35975 2416 4088 59391
internal_value=4.3995e-07 0.000107439 -0.00167021 -0.000976014 -0.00130491 -0.00195535 0.000174261 0.00164756 0.00272404 0.00137977 -0.00130202 -0.00117094 0.00634364 9.55236e-05 -0.000955523 0.000228311 -8.15863e-05 -0.00103716 -0.000600746 -0.000210945 0.00291798 0.000158658 -0.00271153 0.000260807 0.000131949 0.000456544 0.00126975 0.00295438 -0.000207807 4.99373e-05
internal_weight=121513 109521 3959.11 11992.3 10887.9 8012.31 105562 5345.23 3916.6 2866.01 1428.63 1631.2 1050.59 100217 11234.1 88982.6 51949.4 10430.2 9286.89 8454.12 1503.61 41519.3 1418.1 40101.2 38026.9 29813.2 13400.8 4453.4 16412.4 15402.8
internal_count=488292 439965 15912 48327 43890 32294 424053 21494 15760 11524 5734 6558 4236 402559 45134 357425 208812 41815 37233 33893 6028 166997 5691 161306 152953 119929 53902 17927 66027 61939
is_linear=0
shrinkage=0.03


Tree=142
num_leaves=31
num_cat=0
split_feature=15 30 9 40 15 29 15 36 14 9 35 8 9 11 41 30 40 40 30 29 4 40 33 20 14 11 40 29 14 29
split_gain=17.0455 17.0149 13.564 12.4505 12.3011 18.1859 11.9719 11.4833 11.6179 16.5979 11.1976 11.5945 17.435 17.4104 15.6912 16.9087 12.1828 15.0571 10.0941 11.3585 12.0151 9.92416 15.0203 13.8682 12.2754 9.66437 18.6627 10.964 10.0233 11.4055
threshold=-6.7395648956298819 0.50704672932624828 1.8352379798889162 0.9179256558418275 -6.8577499389648429 -0.064887892454862581 -6.8832581043243399 -0.95162948966026295 -6.6996920108795157 0.2179902717471123 -1.0377350449562071 1.8991879224777224 1.3662218451499941 0.59811043739318859 -1.0000000180025095e-35 0.32735058665275579 -0.28192219138145441 0.52063590288162243 -0.829564869403839 0.19367480278015139 0.55721390247344982 -0.28192219138145441 0.20036699622869494 1.5553107261657717 -6.9235994815826407 0.080387316644191756 -0.28192219138145441 -0.74990549683570851 -8.1594944000244123 0.43957124650478369
decision_type=2 2 2 2 2 2 2 2 2 2 2 2 2 2 2 2 2 2 2 2 2 2 2 2 2 2 2 2 2 2
left_child=2 3 4 21 6 -6 7 25 10 -10 -9 12 -12 -13 16 -16 -14 -18 -4 -20 -21 22 24 -23 -2 26 -1 -27 29 -29
right_child=1 -3 18 -5 5 -7 -8 8 9 -11 11 13 14 -15 15 -17 17 -19 19 20 -22 23 -24 -25 -26 27 -28 28 -30 -31
leaf_value=-0.0017657756485941964 0.0068223905586777128 -0.0028071868657912713 0.004492825829174537 -0.0017564339529258803 0.00034761179050475091 -0.0045078297791885354 0.0033372259308006103 0.0039527680181160657 -0.0045683992938051156 0.0018041514235627128 2.1805917130366916e-05 -0.00011968119568047553 -0.00056133104094895558 0.0070644312336968548 -0.0021705836338237381 0.0034287112571880405 -0.0099620383669139605 -0.0026372594992572964 0.0026588984907827641 -0.0042977364239731733 0.00131070237812834 0.0028183016683061475 -0.0025766015535429823 0.0085607520690072509 0.00030008548318638273 0.0011718220159802381 0.00086053702709348314 -0.0050690748668044674 -0.0013196873011261444 5.7127510013200336e-05
leaf_weight=4066.3229896873236 508.13280175626278 628.52925188839436 848.93499395251274 529.51289749145508 1330.2534345686436 1439.0656960904598 863.11422650516033 630.58990752696991 1130.7436807453632 536.31366875767708 82765.905194342136 737.06848813593388 502.87718720734119 505.8574894964695 1587.8030406087637 687.3202259093523 497.1769572198391 522.78681269288063 1403.1011314988136 604.33782754838467 772.83461843430996 1157.6584592461586 541.98493906855583 565.00306361913681 522.61441299319267 1182.537950694561 6038.7099099457264 1497.5547041147947 6407.5542052984238 526.94970601797104
leaf_count=16333 2043 2526 3415 2132 5351 5779 3469 2545 4541 2152 332508 2973 2025 2040 6383 2763 2001 2109 5636 2429 3118 4647 2176 2277 2100 4764 24273 6024 25739 2124
internal_value=-8.42204e-05 0.00173536 -0.000153572 0.00248719 -0.000211382 -0.00218264 -0.000161869 -0.00018967 -4.61254e-05 -0.00251973 7.82102e-07 -2.80462e-05 -6.95101e-05 0.00283722 -0.00205432 -0.000471421 -0.00440066 -0.00626975 0.0016493 0.000768059 -0.00116366 0.00317232 0.0014358 0.00474026 0.00355008 -0.00084521 -0.000197007 -0.00152557 -0.0019048 -0.00374107
internal_weight=121539 4453.44 117086 3824.91 113457 2769.32 110687 109824 90104.4 1667.06 88437.4 87806.8 86563.9 1242.93 3797.96 2275.12 1522.84 1019.96 3629.21 2780.27 1377.17 3295.39 1572.73 1722.66 1030.75 19719.6 10105 9614.6 8432.06 2024.5
internal_count=488395 17901 470494 15375 455896 11130 444766 441297 362040 6693 355347 352802 347789 5013 15281 9146 6135 4110 14598 11183 5547 13243 6319 6924 4143 79257 40606 38651 33887 8148
is_linear=0
shrinkage=0.03


Tree=143
num_leaves=31
num_cat=0
split_feature=23 22 12 32 24 39 23 9 10 41 34 15 23 7 25 24 31 7 41 26 9 42 15 30 14 10 39 37 12 41
split_gain=9.76816 16.4478 28.226 16.4389 13.4171 16.5778 17.0535 14.8786 22.0794 20.5359 18.3088 20.5659 18.2422 26.2227 31.5868 16.1421 12.7464 12.5492 12.5375 12.0702 11.7098 16.0828 16.4118 15.8882 14.9703 25.3276 20.7887 14.1378 13.951 15.2859
threshold=0.93852829933166515 1.5909669399261477 -9.0376434326171857 0.31872878968715673 2.3614085912704472 -0.96185845136642445 0.44539451599121099 0.24655129015445712 -1.4410836696624754 0.6078576147556306 0.45210517942905432 -7.9094192981719962 0.24504472315311435 -0.031104762107133862 0.43435341119766241 2.8933954238891606 0.84263435006141674 0.94147813320159923 0.87837970256805431 -0.49702665209770197 1.071586608886719 1.0000000180025095e-35 -8.1533594131469709 0.54809069633483898 -7.7871527671813956 0.96162545680999767 -0.87777194380760182 -0.58663299679756153 -7.7131123542785636 0.6078576147556306
decision_type=2 2 2 2 2 2 2 2 2 2 2 2 2 2 2 2 2 2 2 2 2 2 2 2 2 2 2 2 2 2
left_child=4 2 -2 -4 16 6 -6 8 15 12 11 -9 -10 -14 -15 -7 20 -12 -13 -3 27 24 -23 -24 25 -22 -26 28 29 -1
right_child=1 19 3 -5 5 7 -8 10 9 -11 17 18 13 14 -16 -17 -18 -19 -20 -21 21 22 23 -25 26 -27 -28 -29 -30 -31
leaf_value=-0.0016542605758313588 0.0068938841081054693 -0.0039287434896963427 -0.0034908134807841496 0.00040540662883445719 -0.0049356425726655197 0.0062309786043679384 0.00099853444482198256 0.0083684496931146317 0.0046316197546674856 -0.004513108532005013 -0.0029561640358628525 0.0017957433226397492 -0.0061994609108150592 0.0061533051997056196 -0.003350941780450447 0.0004273881704795503 0.004186421026892484 0.0025750345084752618 0.0065663651421834822 -0.00091383460086983846 -0.00056827971081632256 0.0013872263193157449 -0.0050759402359969149 0.00019234626209147684 0.0032328323616143727 0.0077569551797970204 -0.0023444909977224414 0.00013829494686476724 0.00061208075830548382 -0.0069264878193576809
leaf_weight=2088.2425504177809 508.72754493355751 1974.3586234748363 1220.3235774934292 4681.4839278757572 787.51229207217693 783.76113061606884 955.05369384586811 654.49421319365501 672.35726103186607 1064.7361006289721 780.9050355553627 2970.6039613038301 600.43278899788857 616.71146915853024 623.01409162580967 948.14039714634418 634.11187213659286 682.46701307594776 588.99579991400242 3025.9151276648045 856.95113953948021 698.62548543512821 2034.2411178648472 687.84474739432335 769.54631070792675 522.46387812495232 2630.2326181530952 84398.19457192719 1591.1280033141375 642.94226294755936
leaf_count=8405 2042 7971 4907 18843 3164 3153 3828 2625 2713 4272 3141 11917 2408 2472 2498 3809 2549 2750 2362 12222 3443 2813 8192 2764 3087 2100 10571 339004 6414 2580
internal_value=1.32505e-05 -0.000821937 0.00018428 -0.000404761 9.97322e-05 0.00101538 -0.00169614 0.0014466 0.00030385 -0.00104235 0.0025128 0.0035147 0.00044052 -0.00110758 0.00138843 0.00307446 -1.9836e-05 -0.000376632 0.00260131 -0.00210974 -4.7785e-05 -0.00113173 -0.00269891 -0.00374886 -6.73002e-06 0.0026181 -0.00107627 5.25142e-05 -0.00161891 -0.00291612
internal_weight=121695 11410.8 6410.54 5901.81 110284 12729.2 1742.57 10986.6 5309.15 3577.25 5677.47 4214.09 2512.52 1840.16 1239.73 1731.9 97554.5 1463.37 3559.6 5000.27 96920.4 8199.91 3420.71 2722.09 4779.19 1379.42 3399.78 88720.5 4322.31 2731.18
internal_count=489019 45985 25792 23750 443034 51112 6992 44120 21325 14363 22795 16904 10091 7378 4970 6962 391922 5891 14279 20193 389373 32970 13769 10956 19201 5543 13658 356403 17399 10985
is_linear=0
shrinkage=0.03


Tree=144
num_leaves=31
num_cat=0
split_feature=36 30 3 24 33 23 15 42 14 14 25 41 11 22 11 16 16 12 24 11 15 30 22 11 30 24 12 15 35 14
split_gain=10.3854 11.7145 14.3175 14.7273 16.2637 15.6062 14.7686 15.9811 18.6072 17.9121 14.6282 14.5582 13.2306 24.8598 12.5318 12.1255 12.0904 15.383 12.4793 12.7167 12.2301 15.7947 15.9565 14.8797 11.9115 17.9973 11.5556 16.0699 22.5027 16.6256
threshold=0.8695686161518098 -0.65562698245048512 -1.2770713567733762 1.7722507715225222 0.42891350388526922 0.71466666460037243 -6.8690667152404776 1.0000000180025095e-35 -8.1594944000244123 -8.3246483802795392 0.67429029941558849 -1.0000000180025095e-35 2.3942627906799321 1.4095872044563296 0.080387316644191756 -0.20764312893152234 -0.61634808778762806 -8.7338519096374494 0.80988237261772167 -2.2417006492614742 -7.5966322422027579 -0.0096693783998489363 1.438581168651581 -0.33625653386116022 -1.5252865552902219 1.2493506073951723 -7.4628732204437247 -7.2868137359619132 0.47351869940757757 -8.2257761955261213
decision_type=2 2 2 2 2 2 2 2 2 2 2 2 2 2 2 2 2 2 2 2 2 2 2 2 2 2 2 2 2 2
left_child=1 2 -1 4 5 6 7 8 9 -4 11 24 16 -14 -12 -6 17 -3 -18 -20 -19 22 -22 -23 25 -9 27 29 -29 -5
right_child=-2 12 3 26 15 -7 -8 10 -10 -11 14 -13 13 -15 -16 -17 18 20 19 -21 21 23 -24 -25 -26 -27 -28 28 -30 -31
leaf_value=0.0011678750543261472 0.0004847796171650142 -0.0013934799435145015 -0.0014806807786516205 -0.0040190934929514102 0.00015244962799475031 0.0017094264833786496 0.0030443120050058095 -0.004040177038852049 -0.0010847759509159379 -0.0093526376017322634 0.00056218657523522176 -0.0009551986297260521 -0.0018931672788484559 0.0068550696393637521 -0.0060682385697229642 -0.0042783983939452879 -0.0024635859115921966 0.0044601695669173958 -0.0045854419308006978 -6.9014896694000998e-06 -0.003384851672590315 -0.00043993596856066897 0.0024737834531630217 0.0058204665581262577 0.0041361699236011117 0.0037894455228553109 0.0007933675235369511 -0.0026288305638198827 -0.0096300752435880214 -0.00061557424628562105
leaf_weight=3531.515676677227 26354.335005074739 1460.4398665428162 523.16128961741924 1665.7290138751268 876.12361612915993 3683.9478937238455 969.28862729668617 497.90290847420692 5566.3440494984388 516.42526006698608 500.65067057311535 1762.617915391922 498.4214498847723 685.2191498875618 512.85536134243011 1507.4695856720209 2001.0063888728619 1399.8927179723978 541.79067000746727 51693.807170197368 965.30256074666977 555.45220693945885 723.40861718356609 872.4029291421175 1636.9028203785419 540.7166710793972 1431.9675152897835 1813.376193434 530.36057023704052 5658.5033662468195
leaf_count=14227 105857 5864 2098 6696 3528 14793 3894 2000 22328 2072 2006 7069 2000 2755 2063 6080 8023 5618 2183 207852 3872 2229 2906 3500 6587 2174 5754 7277 2135 22720
internal_value=-4.2099e-05 -0.000188109 -0.000637213 -0.000848652 -0.000343147 -1.18635e-05 -0.000499576 -0.000786749 -0.00177783 -0.00544301 0.000415228 0.00115859 5.865e-05 0.00318626 -0.00281946 -0.00265594 -3.3495e-06 0.00127605 -0.00014455 -5.5259e-05 0.00214044 0.00108754 -0.000875346 0.00339898 0.00254951 3.32753e-05 -0.00171714 -0.00208942 -0.00424731 -0.00139405
internal_weight=121477 95123 33725.9 30194.3 19094.4 16710.8 13026.9 12057.6 6605.93 1039.59 5451.65 4438.14 61397.1 1183.64 1013.51 2383.59 60213.5 5976.9 54236.6 52235.6 4516.46 3116.57 1688.71 1427.86 2675.52 1038.62 11099.9 9667.97 2343.74 7324.23
internal_count=488160 382303 135501 121274 76692 67084 52291 48397 26498 4170 21899 17830 246802 4755 4069 9608 242047 23989 218058 210035 18125 12507 6778 5729 10761 4174 44582 38828 9412 29416
is_linear=0
shrinkage=0.03


Tree=145
num_leaves=31
num_cat=0
split_feature=11 40 8 40 13 9 35 20 10 22 17 40 28 36 11 11 22 9 9 13 15 34 9 40 26 23 11 28 40 30
split_gain=13.0136 29.8401 29.3908 29.1578 21.9113 21.6708 20.0884 20.7745 19.8491 19.2287 19.169 18.8749 18.3414 18.168 17.4919 17.3449 20.0438 16.9135 15.5041 15.1924 14.2922 19.5183 16.4603 13.9883 13.9844 27.8478 18.8975 14.436 15.3439 14.5415
threshold=-0.071193035691976533 -0.31937207281589503 -1.1815252900123594 0.4636815637350083 -7.2362184524536124 -1.1572675108909605 0.060786826536059387 0.70080691576004039 0.72527655959129345 0.85458829998970043 0.47999191284179693 -0.88396760821342457 -2.0697369575500484 0.33341273665428167 -0.56141301989555348 -1.7421526312828062 1.454959034919739 -1.7127395272254942 0.077072635293006911 -7.2916262149810782 -7.3563151359558097 -0.11633940413594245 -0.048776835203170769 -0.65770241618156422 -1.2118148803710935 0.27661867439746862 -1.5656458735466001 0.16090151667594912 -0.92799669504165638 0.087346374988555922
decision_type=2 2 2 2 2 2 2 2 2 2 2 2 2 2 2 2 2 2 2 2 2 2 2 2 2 2 2 2 2 2
left_child=1 11 19 6 8 -5 9 13 10 -4 -3 24 -10 -8 15 16 -13 -6 -16 -2 -11 22 -22 -23 25 -1 -27 29 -29 -26
right_child=2 4 3 5 17 -7 7 -9 12 20 -12 14 -14 -15 18 -17 -18 -19 -20 -21 21 23 -24 -25 27 26 -28 28 -30 -31
leaf_value=0.006541306455863774 0.0013551669027812164 0.0017896610343278224 0.0046446418408062585 0.0031865787359021437 -0.005454886365113416 -0.0015146076901703341 -0.0048725600011426413 0.00075102040743672902 0.0033343401055605307 -0.001747025570548903 -0.0036649359487907103 0.0040665099825368325 -0.0019681573969370968 0.001529751914473102 -0.0011105970693391532 -0.0028999725485155995 -0.0031695680722494068 -0.00010794389615895448 0.0021888250691468702 0.0061367601818202184 0.0030454423734253165 -0.0048876875925716202 -0.002810415658887247 0.00027210810766600384 -0.00079855822998209283 -0.0037463116144082101 0.0019218447012644756 0.0032422702597416941 -0.0027800796262797342 -0.0063044774583540771
leaf_weight=898.95773224532604 3294.2595651000738 22249.488500922918 541.37350948154926 912.98642562329769 568.8310721218586 20507.820582181215 1127.4736371040344 25289.298357859254 742.76478303968906 9291.4167307317257 586.32127846777439 760.46124897897243 2662.5346787273884 608.36788296699524 3709.8949224054813 5919.3492458611727 613.62141029536724 6647.8195773512125 1945.6541492938995 723.423005849123 2209.5809582620859 846.00677739083767 528.0607808381319 1054.2791426181793 2293.8443054705858 698.45582513511181 2085.4011554867029 1345.0233989804983 520.84555192291737 522.94850251078606
leaf_count=3620 13286 89435 2169 3671 2286 82493 4526 101576 2979 37287 2357 3051 10704 2440 14894 23770 2472 26738 7806 2925 8888 3388 2121 4222 9220 2801 8357 5412 2095 2098
internal_value=2.53389e-05 0.000368234 -0.000255265 -0.000414247 0.000927022 -0.00131284 4.98264e-05 0.000532782 0.00132952 -0.000851874 0.00164807 -0.000508929 -0.000805199 -0.0026328 -0.00122611 -0.00219602 0.000835555 -0.000536366 2.63488e-05 0.00222924 -0.00106868 0.000291127 0.00190979 -0.00203859 0.000601345 0.00198188 0.000491414 -0.000486325 0.00155531 -0.00183944
internal_weight=121707 54772.2 66934.3 62916.7 33457.8 21420.8 41495.9 27025.1 26241.1 14470.7 22835.8 21314.5 3405.3 1735.84 12949 7293.43 1374.08 7216.65 5655.55 4017.68 13929.3 4637.93 2737.64 1900.29 8365.48 3682.81 2783.86 4682.66 1865.87 2816.79
internal_count=489087 220095 268992 252781 134499 86164 166617 108542 105475 58075 91792 85596 13683 6966 51993 29293 5523 29024 22700 16211 55906 18619 11009 7610 33603 14778 11158 18825 7507 11318
is_linear=0
shrinkage=0.03


Tree=146
num_leaves=31
num_cat=0
split_feature=10 18 30 28 15 14 11 7 17 8 11 30 28 11 15 7 14 15 39 39 13 22 14 10 15 0 39 9 15 15
split_gain=10.6181 19.6754 14.1041 15.3818 12.1787 13.3641 16.0853 14.6904 26.2694 15.8154 11.9003 10.9644 12.4684 10.2076 9.78727 24.3543 16.8749 16.1891 18.713 16.312 26.4493 23.7938 25.1371 20.52 17.2724 15.3099 14.6269 17.9293 12.8337 12.0436
threshold=1.2048439979553225 0.76209172606468212 -0.11070773005485533 -1.4695043563842771 -6.7395648956298819 -6.7862882614135733 0.5157420039176942 -0.15982080250978467 0.15408150106668475 -0.23990581184625623 -0.59853780269622792 0.45756414532661444 -0.11334123834967612 -0.29517042636871332 -6.9715318679809561 -0.56303420662879933 -6.9495747089385977 -7.237755060195922 -0.98734235763549794 -0.83025357127189625 -7.1653387546539298 1.0675655007362368 -7.8079423904418936 -0.66999679803848255 -7.1844689846038809 0.26119981706142431 0.1326885595917702 -0.10342260077595709 -7.0845758914947501 -7.5853483676910392
decision_type=2 2 2 2 2 2 2 2 2 2 2 2 2 2 2 2 2 2 2 2 2 2 2 2 2 2 2 2 2 2
left_child=4 2 3 -2 5 14 7 8 -7 -9 -3 12 -6 -11 17 -16 26 29 -19 20 -20 -21 -23 24 -24 -25 -17 -28 -26 -1
right_child=1 10 -4 -5 11 6 -8 9 -10 13 -12 -13 -14 -15 15 16 -18 18 19 21 -22 22 23 25 28 -27 27 -29 -30 -31
leaf_value=0.00028354254553195329 0.0028360143352625295 -0.0046503213235277435 0.0042513711366612555 -0.0026063825519247697 0.0014231061243882126 -0.0058937790811365107 0.0029622358278651255 -0.0087615165448087211 0.0022804731810602027 -3.9996282134141639e-06 -0.0010886911093849164 -0.0019440051192447442 0.005962466968138451 -0.0055043958405534398 -0.0050586973003726261 -0.0041901603105683298 0.0043015939423216264 0.0066952199550144144 0.001971468934954596 -0.0019632127474144743 -0.0058799585750442494 -0.002909046711107941 0.0092837258623562728 0.0026377585528663105 0.0010606951107565955 -0.00043208038067765243 0.0051817532996560551 -0.0018681785462451163 0.0063870611939199108 -0.00044669613518150657
leaf_weight=46971.557787775993 843.1877423375845 910.3491235524416 1001.834883004427 1023.6081249415874 2397.5557179450989 518.73437447845936 553.50426748394966 519.17751598358154 1059.8839270323515 665.89232188463211 10432.596247762442 599.5746296197176 698.68525411188602 548.2140029668808 1148.2585614472628 861.39562518894672 651.51723989844322 507.36237525939941 752.37143541872501 1718.4896733164787 775.22399733960629 887.9954958409071 573.14260651171207 3861.4773991852999 997.43433368206024 2345.398092135787 509.46957679092884 856.62562792003155 683.74402922391891 35818.177590683103
leaf_count=188762 3386 3658 4024 4113 9635 2087 2222 2081 4265 2670 41943 2410 2815 2198 4634 3459 2614 2037 3023 6893 3114 3575 2308 15519 4014 9425 2043 3441 2750 143922
internal_value=-4.6812e-05 -0.000817161 0.00139905 -0.000146167 5.51134e-05 -5.22678e-06 -0.00173373 -0.0025251 -0.00042578 -0.00442368 -0.00137838 0.00174501 0.00246334 -0.00251231 6.18074e-05 -0.00138515 9.24341e-05 0.000122715 0.00110212 0.000871683 -0.0020253 0.001273 0.00186932 0.00237364 0.00481968 0.00147893 -0.00115242 0.000779562 0.00325191 -3.24039e-05
internal_weight=121692 14211.6 2868.63 1866.8 107481 103785 3865.41 3311.9 1578.62 1733.28 11342.9 3695.82 3096.24 1214.11 99919.6 4027.27 2879.01 95892.4 13102.6 12595.3 1527.6 11067.7 9349.19 8461.2 2254.32 6206.88 2227.49 1366.1 1681.18 82789.7
internal_count=489040 57124 11523 7499 431916 417056 15523 13301 6352 6949 45601 14860 12450 4868 401533 16191 11557 385342 52658 50621 6137 44484 37591 34016 9072 24944 8943 5484 6764 332684
is_linear=0
shrinkage=0.03


Tree=147
num_leaves=31
num_cat=0
split_feature=21 43 31 16 21 15 15 10 31 35 35 40 15 41 15 33 31 30 27 7 7 4 28 36 29 35 15 24 40 35
split_gain=11.2848 17.1592 13.0442 12.8444 15.6039 15.9603 25.9178 16.9116 20.2444 15.3278 14.9927 15.6969 18.0847 13.3794 13.273 12.9942 12.6219 12.5359 12.2766 12.2018 11.968 16.7355 14.337 11.8601 12.3692 25.6384 16.9256 12.5526 11.7255 15.6158
threshold=0.12072306126356126 0.70000001788139354 0.30777885019779211 -0.090218707919120775 0.62470194697380077 -7.9367752075195304 -7.8773598670959464 -0.64639723300933827 -0.12541793286800382 -0.67522901296615589 0.39888736605644232 -0.076283793896436677 -7.5129773616790763 1.0000000180025095e-35 -8.2318830490112287 -0.098622832447290407 0.003731974284164608 -0.81865164637565602 0.98108389973640453 0.92701545357704174 0.62847286462783825 -1.5185619592666624 -0.54215219616889943 0.99352744221687328 0.66858807206153881 -0.045887639746069901 -7.5345563888549796 2.0130507946014409 -0.78396254777908314 -0.082696247845888124
decision_type=2 2 2 2 2 2 2 2 2 2 2 2 2 2 2 2 2 2 2 2 2 2 2 2 2 2 2 2 2 2
left_child=1 2 28 9 10 7 -7 -6 -9 13 14 12 -12 -2 16 -8 -5 -4 23 -13 21 -3 -23 24 -11 26 -26 -27 29 -1
right_child=3 20 17 4 5 6 15 8 -10 18 11 19 -14 -15 -16 -17 -18 -19 -20 -21 -22 22 -24 -25 25 27 -28 -29 -30 -31
leaf_value=-0.00046906852863136552 0.0001101207584741213 0.0043945392078107021 -0.0010451421545335652 0.0009031768800215913 0.0022331457432329294 0.0047392712938510162 -0.0043118150523456696 -0.0070908943390790109 -0.0020589455708702122 -0.00030097934687679659 -0.0030034120442737696 -0.0063779671225999562 0.0027863940296559866 -0.004353865278542395 0.000129126153780212 -0.00076759384903927184 0.0069453046859824334 0.0032464023887534099 0.0018595805297087729 -0.0010946681637435613 0.0057266527858119117 0.0019818273379120501 -0.0016411815245305722 0.0010743588276537039 0.0013894444845281725 -0.0014989540145908383 0.0075606826068954115 0.0025120400038566881 -0.0007631516652148552 0.0039909941257177005
leaf_weight=1694.4440759718418 1172.2091584205627 1323.6710881441832 880.25414171814919 806.22771447896957 503.0463955104351 735.41971726715565 980.84889501333237 1039.9092402756214 2330.223251208663 34956.538231089711 914.2764995098114 861.36857759952545 1012.8843518942595 1236.1453740745783 17536.116004481912 15615.56995126605 500.41946226358414 1974.8462652117014 3949.3223624676466 726.25611552596092 663.63519717752934 2424.6297186613083 1639.2870838791132 9510.7136564254761 825.82919023931026 2202.6634191572666 775.92047712206841 1018.7571292966604 10663.424869596958 1199.54399292171
leaf_count=6848 4716 5365 3532 3252 2018 2956 3942 4173 9389 140300 3672 3466 4065 4960 70509 62774 2008 7921 15866 2925 2660 9743 6602 38164 3309 8858 3110 4101 42954 4811
internal_value=-1.82238e-05 0.000588789 8.49753e-05 -0.000155712 -0.000541456 -0.00112426 -0.000734276 -0.00286298 -0.00362802 0.0001463 1.15586e-05 -0.00178432 3.82909e-05 -0.00218966 0.000347317 -0.000979528 0.00325236 0.00192425 0.000252361 -0.00398311 0.00195287 0.00147827 0.000519951 0.000123234 -0.000104378 0.00131819 0.00440728 -0.00022665 -0.000303496 0.00138698
internal_weight=121674 22463.7 16412.5 99210.7 43562.6 21205 17331.8 3873.18 3370.13 55648.1 22357.5 3514.79 1927.16 2408.35 18842.8 16596.4 1306.65 2855.1 53239.7 1587.62 6051.22 5387.59 4063.92 49290.4 39779.7 4823.17 1601.75 3221.42 13557.4 2893.99
internal_count=488969 90436 66066 398533 175149 85252 69672 15580 13562 223384 89897 14128 7737 9676 75769 66716 5260 11453 213708 6391 24370 21710 16345 197842 159678 19378 6419 12959 54613 11659
is_linear=0
shrinkage=0.03


Tree=148
num_leaves=31
num_cat=0
split_feature=4 16 14 28 15 2 34 0 42 30 40 40 12 41 14 16 15 16 24 40 9 37 34 40 10 42 10 35 24 10
split_gain=10.6163 24.7413 19.5915 17.6142 20.2824 17.1777 19.5633 18.3744 18.2029 22.0348 21.6654 16.9154 17.0014 15.5783 15.5361 14.8954 13.6155 22.7395 22.925 15.6759 13.5075 13.2922 16.4282 14.8317 26.5442 26.0051 12.8154 17.4962 19.4903 17.5839
threshold=-0.25559663772583002 0.062297130003571517 -8.9205155372619611 0.31330309808254247 -7.0432531833648673 -0.37512712180614466 0.11317864060401918 0.8236394226551057 1.0000000180025095e-35 -1.2280620336532591 0.56460559368133556 -0.85828685760498036 -8.6403284072875959 1.0000000180025095e-35 -8.216061592102049 -0.97035861015319813 -7.9367752075195304 0.46631102263927465 1.1020623445510866 -0.91265374422073353 -1.1572675108909605 0.079390022903680815 -0.58411476016044606 -0.31937207281589503 0.94590598344802868 1.0000000180025095e-35 0.72527655959129345 0.09685953333973886 1.6325684785842898 0.31989853084087377
decision_type=2 2 2 2 2 2 2 2 2 2 2 2 2 2 2 2 2 2 2 2 2 2 2 2 2 2 2 2 2 2
left_child=11 2 -2 5 14 -4 7 15 -8 10 -10 12 -1 -14 -5 -7 17 18 -3 -18 -16 23 -23 24 25 -13 27 28 29 -25
right_child=1 16 3 4 -6 6 8 -9 9 -11 -12 21 13 -15 20 -17 19 -19 -20 -21 -22 22 -24 26 -26 -27 -28 -29 -30 -31
leaf_value=-0.0022698861643825107 0.0040936587495486662 -0.0082492078093137286 -0.0014012633243453761 -0.0029822838949882646 -0.0028458308746640883 0.0054295781581061766 0.00022457339391314789 -0.0011705260947659042 -0.0009197923506688245 -0.0025138815596982447 0.0057071780953875202 -0.0032673930587886995 0.0033571341491457607 0.00056918649006391247 -0.0018995769897926021 0.0010912026739968708 -0.0027661571452710092 0.0010892524496250485 -0.0023304753348014082 -0.0003136232167994514 0.0028496192190649808 0.0050424639800065729 0.00070904512615258843 0.0016323751070097836 0.0035871762803593053 0.0002745514870976871 -0.0011033178725396461 0.0025007318848814979 -0.00112025568673018 -0.0032151111450231169
leaf_weight=900.3911646604538 1085.3722410947084 830.38657413423061 8454.3355394899845 518.72725494205952 888.58958315849304 744.90757347643375 11727.744986116886 3265.8745129853487 1511.5553473234177 6189.5220176279545 617.40814602375031 4530.5831568539143 3938.055492118001 3330.2055264264345 590.61849291622639 12900.868471905589 2811.006968036294 1040.8826125860214 2012.6851686686277 13937.583869203925 5491.8259199410677 877.93060179054737 7001.1285233050585 6793.9023373126984 907.55663958191872 3164.2414811402559 5031.6476280838251 3516.7340698242188 6155.8138913363218 738.16541793942451
leaf_count=3620 4355 3335 33929 2085 3567 2987 47125 13092 6080 24902 2488 18200 15856 13374 2369 51717 11298 4192 8100 56030 22056 3560 28101 27403 3640 12745 20206 14105 24811 2972
internal_value=6.97328e-06 -0.0002153 0.000122441 4.02068e-05 0.00138713 -0.000182195 9.69773e-05 0.000848186 -0.000536874 -0.00160937 0.00101975 0.000360693 0.00160037 0.00208228 0.00196037 0.00133183 -0.00109867 -0.00269692 -0.00408204 -0.00072665 0.0023861 9.88e-05 0.00119768 -0.000182253 -0.00123926 -0.00181242 0.000227035 0.000616523 0.000130954 0.00115367
internal_weight=121506 74619.9 53987.4 52902 7489.76 45412.2 36957.9 16911.7 20046.2 8318.49 2128.96 46886.4 8168.65 7268.26 6601.17 13645.8 20632.5 3883.95 2843.07 16748.6 6082.44 38717.7 7879.06 30838.6 8602.38 7694.82 22236.3 17204.6 13687.9 7532.07
internal_count=488300 299707 216752 212397 30077 182320 148391 67796 80595 33470 8568 188593 32850 29230 26510 54704 82955 15627 11435 67328 24425 155743 31661 124082 34585 30945 89497 69291 55186 30375
is_linear=0
shrinkage=0.03


Tree=149
num_leaves=31
num_cat=0
split_feature=24 23 15 37 31 31 15 17 40 35 24 11 40 11 7 12 15 22 11 11 11 25 15 15 35 6 11 24 35 40
split_gain=12.3449 10.8237 13.0158 12.3957 10.5192 19.252 21.936 13.8394 26.1118 22.6162 20.6234 19.4624 18.3703 27.9192 23.6756 21.5298 18.6365 18.1069 18.0975 29.7371 18.7498 17.082 19.9216 17.3241 16.8009 26.3321 15.4184 23.2769 23.2223 23.7117
threshold=4.0203938484191903 0.069676611572504057 -6.5914120674133292 -0.58663299679756153 0.30231569707393652 0.1736668795347214 -7.2819063663482657 -0.19920859485864637 0.4166764914989472 -0.06423646584153174 1.0843164324760439 -0.21249800175428388 0.4636815637350083 -0.051442692056298249 -0.28270088136196131 -8.7547054290771467 -8.2144975662231428 1.0178086757659914 0.58633241057395946 1.0290799140930178 2.3942627906799321 0.6023523509502412 -7.4711754322051993 -7.303189516067504 -0.67522901296615589 -0.74079754948616017 -0.70402508974075306 1.8952174186706545 0.42524784803390508 0.61737772822380077
decision_type=2 2 2 2 2 2 2 2 2 2 2 2 2 2 2 2 2 2 2 2 2 2 2 2 2 2 2 2 2 2
left_child=1 3 4 -1 5 7 -7 12 9 17 11 -10 14 -14 16 -15 -3 -9 -18 -20 -21 23 -23 -11 -12 -26 -27 28 29 -28
right_child=-2 2 -4 -5 -6 6 -8 8 10 21 24 -13 13 15 -16 -17 18 -19 19 20 -22 22 -24 -25 25 26 27 -29 -30 -31
leaf_value=-0.0014044792895707306 0.0032984053594602076 -0.0061773779185504982 0.0023990915235133034 0.0013254665366771326 0.00034486997638093236 -0.00069246288076526381 -0.0036546527614299508 -0.0046830244403645539 0.0019731590518851927 0.003361378473631299 -0.0024238640442293177 -0.0032976709158960746 4.9928465536698716e-05 0.0019459417458032645 0.0007572343714592572 -0.0034841187775488682 0.00011701812748065121 -0.00083060319746266901 -0.007379613839841829 0.00097571528231161098 -0.005356052260699606 -0.0016385916415999826 0.0016696926612206544 -0.0013540551429409053 0.0054916583453997843 0.0045052390899224005 0.0052397660489613227 0.0039692506654692384 -0.0048626631276282245 -0.00039853449685218909
leaf_weight=1791.6498976349831 991.7027053385973 628.85309864580631 1785.3995802253485 8876.4286035895348 26349.600705206394 8481.5061064511538 3055.6379590332508 1203.9442966878414 1083.0696312785149 2976.8302084952593 733.62798529863358 1482.163125321269 5409.7573210000992 735.23295915126801 12782.339115172625 5756.545280829072 5730.279130756855 11597.616822987795 874.1169498860836 1493.4585755169392 574.87123507261276 3868.1894651651382 2826.383662328124 910.24792166054249 1829.7401577085257 1272.2981210798025 835.51623396575451 1651.9259321391582 776.96793608367443 3252.0476043969393
leaf_count=7246 3982 2526 7172 35889 105930 34054 12268 4824 4350 11930 2963 5951 21736 2956 51267 23141 23017 46566 3508 5992 2305 15521 11335 3649 7388 5114 3353 6636 3133 13053
internal_value=-1.82478e-05 -4.57862e-05 -0.000134328 0.0008661 -0.00017636 -0.000344233 -0.00147949 -0.000157702 0.00024959 -0.000348449 0.0013316 -0.00107325 -0.000592684 -0.00154225 -8.04754e-05 -0.00286708 -0.00123124 -0.00119628 -0.000865901 -0.002774 -0.000801438 0.000677413 -0.000241459 0.00225651 0.00192798 0.00226208 0.00149731 0.000904029 -0.000142884 0.000763934
internal_weight=121618 120626 109958 10668.1 108173 81823.2 11537.1 70286 36300.6 23383.2 12917.4 2565.23 33985.5 11901.5 22083.9 6491.78 9301.58 12801.6 8672.73 2942.45 2068.33 10581.7 6694.57 3887.08 10352.1 9618.5 7788.76 6516.46 4864.53 4087.56
internal_count=488755 484773 441638 43135 434466 328536 46322 282214 145766 93825 51941 10301 136448 47833 88615 26097 37348 51390 34822 11805 8297 42435 26856 15579 41640 38677 31289 26175 19539 16406
is_linear=0
shrinkage=0.03


Tree=150
num_leaves=31
num_cat=0
split_feature=10 7 25 14 6 14 14 40 5 10 39 30 11 39 24 23 12 24 21 10 13 8 7 13 10 33 19 14 35 17
split_gain=13.0255 8.11148 23.0406 14.3859 14.2624 17.8461 25.0345 23.5378 17.1843 17.1611 16.7654 16.681 14.4256 21.9421 17.5844 14.1466 13.7859 13.7116 16.8942 14.8537 19.5721 15.8293 13.3923 12.9485 18.9409 18.2556 13.0961 12.8222 12.809 12.2033
threshold=3.0500469207763676 -0.28270088136196131 0.13933142274618152 -9.079976558685301 -0.58648589253425587 -7.5797896385192862 -7.4264962673187247 -0.44032992422580713 -0.59980395436286915 -1.8477609157562254 -0.2185685262084007 0.49505135416984564 0.11999743431806566 0.6411133110523225 1.2350233793258669 0.91604387760162365 -8.6747188568115217 2.3082758188247685 0.90006554126739513 -0.23573387414216992 -7.6272449493408194 -0.076815549284219728 -1.0386494994163511 -7.5203344821929923 -0.33076250553131098 -0.10315053910017012 0.92504942417144786 -6.6996920108795157 0.069833934307098403 0.59661397337913524
decision_type=2 2 2 2 2 2 2 2 2 2 2 2 2 2 2 2 2 2 2 2 2 2 2 2 2 2 2 2 2 2
left_child=1 4 -3 -4 9 7 -7 23 10 22 -9 12 13 14 -10 27 -14 18 28 20 -20 -21 -1 24 -6 -26 -27 29 -17 -5
right_child=-2 2 3 15 5 6 -8 8 11 -11 -12 -13 16 -15 -16 17 -18 -19 19 21 -22 -23 -24 -25 25 26 -28 -29 -30 -31
leaf_value=0.0073679149169717647 0.0034269702441172842 0.0042199648645930088 0.0039247667864730313 0.00022243877890410394 -0.0030629022298451847 0.0027896821765469172 -0.00080033031817154795 -0.00997672910684126 -0.001717361236909603 -3.0761845702288573e-05 -0.003316368338868848 -0.0070476325001099238 0.001211094484682303 -0.0029009464647389098 0.0050032150112490383 -0.00534208300880028 -0.0042057547646518253 -0.0031153490077663014 0.0043118183751891812 -0.0043825922034967293 -0.0013473888490606366 4.5373591321313198e-05 0.000522839553745485 0.0043918606742268853 0.003858886502311149 -0.0032730817245851052 0.0026699480337224147 -0.0018870749261426214 -0.0010766918617677007 0.002426457614711421
leaf_weight=502.52134174108505 964.41439187526703 1212.3878630846739 850.09817083179951 54875.817928686738 1684.0456505566835 2264.0017140507698 7550.5855469405651 508.7900899797678 553.20470678806305 22143.568996816874 1038.43868021667 525.67638525366783 527.89049123227596 1233.2880259901285 926.98032380640507 911.08251531422138 2040.0277463942766 2031.7291425913572 1494.7084068804979 826.9732813090086 860.77844366431236 5508.4763877540827 519.76349963247776 515.7420429289341 1130.1533493846655 947.73882175981998 503.13581196963787 2477.1743631064892 2053.1828657835722 2348.3076427727938
leaf_count=2043 3873 4871 3410 220189 6753 9080 30294 2046 2219 89379 4167 2108 2118 4942 3722 3653 8182 8183 6006 3318 3456 22253 2096 2067 4531 3797 2015 9931 8298 9412
internal_value=-2.764e-05 -5.55555e-05 0.000134721 6.74452e-05 -0.000373731 -0.00092153 2.98004e-05 -0.00169033 -0.00275445 0.000145484 -0.00555656 -0.00199959 -0.00148477 4.18495e-05 0.0024968 2.22349e-05 -0.00309183 -0.000847312 -0.000449617 0.000218026 0.00224679 -0.00053861 0.00392643 -5.10768e-05 -0.000597343 0.00101698 -0.00120798 0.000221693 -0.00240124 0.000313293
internal_weight=121531 120566 75450.7 74238.3 45115.6 21949.7 9814.59 12135.1 7354.3 23165.9 1547.23 5807.07 5281.39 2713.47 1480.19 73388.2 2567.92 13686.9 11655.2 8690.94 2355.49 6335.45 1022.28 4780.82 4265.07 2581.03 1450.87 59701.3 2964.27 57224.1
internal_count=488412 484539 302980 298109 181559 88041 39374 48667 29504 93518 6213 23291 21183 10883 5941 294699 10300 55167 46984 35033 9462 25571 4139 19163 17096 10343 5812 239532 11951 229601
is_linear=0
shrinkage=0.03


Tree=151
num_leaves=31
num_cat=0
split_feature=29 28 16 13 28 17 39 17 41 9 14 11 10 7 4 24 14 10 10 15 15 10 35 35 23 14 24 35 15 26
split_gain=12.2231 14.7553 15.1918 14.3944 12.7059 12.3349 22.1402 13.0842 11.4955 31.8954 19.7682 19.4977 17.6456 16.8632 16.8145 16.2033 17.8249 18.9151 15.8511 14.4315 15.6334 13.0811 12.9735 26.7316 12.375 12.2959 11.8474 11.5967 11.077 11.0531
threshold=-0.39805345237255091 1.4486303329467776 -1.045087933540344 -6.6626741886138907 2.0396411418914799 0.46639336645603185 -0.70556074380874623 0.31904700398445135 -0.60785761475563038 -0.62852650880813588 -7.165611505508422 1.3734912276268008 0.35117822885513311 -1.2340627908706663 -1.6449931263923643 1.2735037207603457 -8.2357892990112287 -0.23573387414216992 0.51550567150115978 -7.299325466156005 -7.2113344669342032 0.80012559890747081 0.0464895498007536 -0.10528988391160964 0.42887824773788458 -7.0397052764892569 1.0148356556892397 0.087524536997079863 -7.5544035434722892 -1.1384689807891843
decision_type=2 2 2 2 2 2 2 2 2 2 2 2 2 2 2 2 2 2 2 2 2 2 2 2 2 2 2 2 2 2
left_child=3 2 29 5 -3 7 -7 8 9 13 11 15 19 -1 -14 26 -17 -18 28 22 -21 -19 23 -10 -24 27 -11 -20 -16 -2
right_child=1 4 -4 -5 -6 6 -8 -9 12 10 -12 -13 14 -15 18 16 17 21 25 20 -22 -23 24 -25 -26 -27 -28 -29 -30 -31
leaf_value=-4.8458317421014545e-05 0.0041284980087594233 0.002889125645453195 -0.00031502030765823374 0.0037964442764232892 -0.0016021894872319392 0.0022209506818086241 -0.0045062019044686211 0.0031282317704196729 -0.0009440383969394156 0.0019652998282047654 -0.0054796313651278529 -0.0035135650917252651 -0.0037724751738064757 0.0058876013891219865 0.0082109681244284961 -0.0010963964060006638 0.0088361188850525057 0.00042753257830040501 0.0035243844935112434 0.0041319061380784769 -0.00030422385612298116 0.0062239460960850168 0.0041798611507712835 -0.0055010178555634399 -0.0011634681389152491 0.0054076059095639669 -0.0025253451084484555 -0.00025576179342528009 0.001931734714657571 -0.00078531514273078105
leaf_weight=580.15294861793518 1194.4046157598495 2401.8313231617212 83639.810270726681 1137.1557891219854 733.93342961370945 696.88492116332054 1163.7289941608906 1630.1927597522736 6872.6911117583513 927.07647913694382 497.85730151832104 838.77777154743671 543.0026484131813 1660.2563221901655 504.04716162383556 744.79508550465107 583.93930451571941 985.44599124789238 903.51309430599213 1011.2834909707308 2379.7195092141628 535.1475151181221 704.24803777039051 1385.0741554051638 852.235625654459 502.12675802409649 1204.2683310359716 3638.0935682952404 513.45704098045826 621.92909184098244
leaf_count=2382 4793 9648 335941 4587 2948 2805 4681 6565 27691 3731 2004 3372 2190 6711 2023 3002 2355 3966 3629 4071 9584 2150 2822 5552 3418 2017 4852 14594 2061 2496
internal_value=1.86842e-06 -0.000181702 -0.000255952 0.000494659 0.00183617 0.000375649 -0.00198817 0.000522881 0.000372108 0.00129024 0.00019743 0.000691673 -2.49762e-05 0.00435708 0.00124001 0.00140548 0.00288149 0.00428779 0.00169453 -0.000658084 0.001027 0.00249482 -0.00124076 -0.00171411 0.00126543 0.00100043 -0.000571982 0.000502356 0.00509195 0.00245088
internal_weight=121587 88591.9 85456.1 32995.2 3135.76 31858 1860.61 29997.4 28367.2 8557.72 6317.31 5819.45 19809.5 2240.41 6604.24 4980.67 2849.33 2104.53 6061.24 13205.3 3391 1520.59 9814.25 8257.77 1556.48 5043.73 2131.34 4541.61 1017.5 1816.33
internal_count=488641 355826 343230 132815 12596 128228 7486 120742 114177 34525 25432 23428 79652 9093 26514 20056 11473 8471 24324 53138 13655 6116 39483 33243 6240 20240 8583 18223 4084 7289
is_linear=0
shrinkage=0.03


Tree=152
num_leaves=31
num_cat=0
split_feature=6 30 16 25 10 15 28 2 9 39 10 15 1 22 16 16 15 2 30 29 41 16 30 41 15 28 25 22 33 10
split_gain=8.07091 17.347 13.0946 8.24988 9.00525 8.02896 30.5346 18.3468 16.6961 13.9285 8.58238 7.85906 7.64398 13.1641 14.1524 10.1397 17.9415 14.9922 11.9751 14.8316 11.0485 10.3469 11.1076 16.9803 24.3037 10.0824 9.78039 14.0923 9.53149 8.91804
threshold=1.847533166408539 -0.083524558693170534 0.09600036591291429 0.93031474947929393 0.9305492937564851 -8.4939975738525373 0.29701121151447302 0.6349799931049348 -0.33603172004222864 -0.25671049952507013 3.0500469207763676 -8.4235901832580549 -0.23292919248342511 1.0675655007362368 -0.74345234036445607 -0.54395747184753407 -7.6046278476715079 0.069183845072984709 0.30550177395343786 0.77387583255767833 0.6078576147556306 -0.5122113525867461 -1.4853065013885496 -0.60785761475563038 -7.4387307167053214 -2.8647930622100826 0.74900060892105114 1.253013610839844 -0.12102138251066206 -0.2736650258302688
decision_type=2 2 2 2 2 2 2 2 2 2 2 2 2 2 2 2 2 2 2 2 2 2 2 2 2 2 2 2 2 2
left_child=5 2 -2 -3 -5 6 7 8 -1 -10 11 -7 13 14 -13 16 17 28 19 -18 26 -17 23 -23 -25 -15 27 -19 -14 -26
right_child=1 3 -4 4 -6 10 -8 -9 9 -11 -12 12 15 25 -16 21 18 20 -20 -21 -22 22 -24 24 29 -27 -28 -29 -30 -31
leaf_value=-0.0052377012685433646 -0.0018020277453322561 0.0024817480051726902 -0.0078776911577736509 -0.0041467461170315674 0.0014166019998761738 -0.0028235291137691117 0.0059890686364768436 0.0047335787880476892 0.0038543273450450579 -0.002061266643900913 0.0028368950897772853 -0.0057605954473859888 0.0024600811612063944 -0.0027546309835899028 -0.00055765363524057268 -0.0029112394334539805 -0.001317853835733398 0.008863419787434967 0.0028410744509750618 0.0039110787012785414 0.0002750864499910754 -0.00083761734508211905 -0.00048746882231430943 0.0051318043953234851 0.002726613297076064 0.00056425419972242635 0.0011200903380030683 0.003116503507130703 -0.0018734045256126274 -0.0019027316483673613
leaf_weight=702.55554720759392 871.3841960132122 872.9737614095211 501.59191423654556 530.99135264754295 500.0805184841156 912.46199184656143 947.2249258607626 524.09093622863293 596.16997547447681 865.97226315736771 914.24692264199257 499.04415133595467 746.42671296000481 833.19826193153858 6265.1508634984493 1438.2680908739567 5730.4211631566286 671.94808661937714 882.08869363367558 523.92191299796104 824.95688584446907 2696.0867653042078 49599.81054674089 1505.2477411627769 586.30763541162014 36211.297495022416 618.56053645908833 919.74155341088772 1143.3227031081915 997.04761232435703
leaf_count=2827 3521 3514 2035 2148 2021 3669 3816 2105 2394 3476 3671 2002 2998 3345 25137 5773 22996 2695 3538 2104 3308 10836 199278 6038 2352 145660 2490 3690 4589 4001
internal_value=-3.89827e-05 -0.00150528 -0.00406257 0.000350329 -0.00146078 1.80875e-06 0.00138772 -0.000249455 -0.00147211 0.000360539 -4.23116e-05 -6.57299e-05 -4.31517e-05 0.000266634 -0.00094945 -0.000240178 0.000549528 0.00194042 -0.000411721 -0.000874286 0.00324302 -0.000407871 -0.000342348 0.000900661 0.00241584 0.000488883 0.00434455 0.00558281 -0.000157794 -0.000182157
internal_weight=121433 3277.02 1372.98 1904.05 1031.07 118156 3636.01 2688.79 2164.7 1462.14 114520 113605 112693 43808.7 6764.2 68884.2 12061.4 4924.96 7136.43 6254.34 3035.21 56822.8 55384.5 5784.69 3088.6 37044.5 2210.25 1591.69 1889.75 1583.36
internal_count=488027 13239 5556 7683 4169 474788 14618 10802 8697 5870 460170 456499 452830 176144 27139 276686 48408 19770 28638 25100 12183 228278 222505 23227 12391 149005 8875 6385 7587 6353
is_linear=0
shrinkage=0.03


Tree=153
num_leaves=31
num_cat=0
split_feature=1 24 11 13 39 11 42 31 9 0 24 13 28 32 15 23 15 24 2 15 39 17 11 15 23 31 5 24 11 39
split_gain=11.038 10.0277 18.8818 34.9328 29.6825 18.0758 16.1131 15.9438 14.3124 14.2698 13.2713 16.4157 15.153 14.6278 14.1414 12.7444 13.6904 13.8426 13.2027 12.053 12.7078 11.5524 11.4293 18.0691 16.8153 21.9835 19.1644 16.0548 12.5743 29.1766
threshold=1.5278635621070864 1.3590376973152163 1.2046110630035403 -7.9768826961517325 0.40872775018215185 -2.5169047117233272 1.0000000180025095e-35 -0.60767361521720875 -0.28857333958148951 -2.9408540725708003 1.4858153462409975 -7.1560664176940909 -0.91265079379081715 0.10918799042701723 -6.6184065341949454 0.91985329985618602 -7.6735546588897696 2.1357666254043584 0.73422694206237804 -8.1957788467407209 -0.3440686017274856 -0.78579261898994435 -0.67582049965858448 -7.8773598670959464 0.62775361537933361 -0.44375771284103388 0.13071694225072863 1.2641565203666689 0.48160754144191747 -0.2185685262084007
decision_type=2 2 2 2 2 2 2 2 2 2 2 2 2 2 2 2 2 2 2 2 2 2 2 2 2 2 2 2 2 2
left_child=1 2 5 4 -4 -1 8 -7 -5 -3 11 12 -11 21 15 19 -17 18 -18 20 -15 -12 23 -9 25 -25 -26 -27 -24 -30
right_child=-2 9 3 6 -6 7 -8 22 -10 10 13 -13 -14 14 -16 16 17 -19 -20 -21 -22 -23 28 24 26 27 -28 -29 29 -31
leaf_value=0.0045690854683457091 -0.0010667957437172021 0.0051840415768759198 -0.0062286784229783109 0.0063914602687935324 0.0016798448192003404 0.0016011459942893412 0.006681743903751332 0.0024106596286341707 0.00065955956412840511 0.0020040323732286084 -0.0017923830910340046 0.0037925463099766168 -0.00037627564318090374 0.0075877353564507222 0.0054285579424995858 0.00132128616528942 -0.0023575197024328148 -0.0040831001855517858 0.0021102671439729957 0.00084287114546717794 0.0012185377082760615 -4.7781010585617441e-05 -5.003157965217526e-05 0.0023066986143769033 0.0042854817508788737 -0.0053571402192967143 -0.0019352914520316068 -0.00048932853464383661 0.00045691031189720494 -0.0033519205066118232
leaf_weight=622.95046108961105 7312.4668177366257 535.62011234462261 772.7311669588089 500.63620212674141 932.97921544313431 2866.249115422368 936.72480022907257 807.44586260616779 1700.8558462560177 4527.470048263669 3785.9343410134315 1891.7273408174515 5120.7609268128872 497.57122877240181 557.0972715318203 2190.9977754503489 1269.8990330249071 1344.3196640759706 1103.0164154320955 14210.947872787714 644.68908762931824 34139.523921072483 19738.492354780436 512.2486267387867 604.56008185446262 2802.8631346970797 1612.3784593939781 781.30372333526611 3499.3572218418121 3734.838937625289
leaf_count=2506 29420 2171 3108 2010 3749 11568 3767 3243 6831 18183 15221 7606 20605 2000 2237 8823 5120 5419 4450 57042 2589 137215 79235 2065 2422 11258 6467 3140 14053 15013
internal_value=6.23531e-05 0.000134713 -0.000230934 0.00153001 -0.00191834 -0.000458244 0.00340443 -0.000544192 0.00198604 0.000350717 0.000313677 0.0012446 0.000741612 0.000133686 0.000752397 0.000627377 -0.00055596 -0.00166302 -0.000280591 0.00108281 0.00403475 -0.000222364 -0.000724968 -0.0017932 -0.00233381 -0.00347053 -0.000227258 -0.00430033 -0.000442394 -0.00151141
internal_weight=121559 114246 42426.6 4843.93 1705.71 37582.7 3138.22 36959.7 2201.49 71819.6 71284 11540 9648.23 59744 21818.5 21261.4 5908.23 3717.24 2372.92 15353.2 1142.26 37925.5 34093.5 7120.8 6313.35 4096.42 2216.94 3584.17 26972.7 7234.2
internal_count=488536 459116 170435 19465 6857 150970 12608 148464 8841 288681 286510 46394 38788 240116 87680 85443 23812 14989 9570 61631 4589 152436 136896 28595 25352 16463 8889 14398 108301 29066
is_linear=0
shrinkage=0.03


Tree=154
num_leaves=31
num_cat=0
split_feature=11 19 25 6 11 14 7 39 8 17 7 32 13 11 20 11 24 29 28 17 31 27 24 41 28 32 17 13 25 41
split_gain=14.7841 10.8778 14.4174 12.749 12.6327 12.1026 18.2492 17.0581 25.1679 19.5819 16.7637 16.193 16.3102 15.3814 15.5027 15.2104 15.2028 12.9841 15.7332 16.7943 20.0199 17.9619 16.2073 15.1833 12.9277 12.8911 12.9467 12.5636 13.1412 12.3949
threshold=-3.2896158695220943 0.97045049071311962 0.94297179579734813 0.93779882788658153 -0.6492103338241576 -7.797273874282836 0.15858349204063418 0.041439602151513107 0.14189974963665011 -0.068447507917880998 -1.7952720522880552 -0.04595638066530227 -7.7293407917022696 0.4707606732845307 1.9223823547363283 0.11064835637807847 0.95672306418418895 0.35783892869949346 1.4486303329467776 -0.4461452960968017 -0.15982397645711896 0.85549935698509227 2.5397636890411381 -0.60785761475563038 -0.39981901645660395 0.065929632633924498 -0.29006043076515192 -7.1152272224426261 0.43048489093780523 0.6078576147556306
decision_type=2 2 2 2 2 2 2 2 2 2 2 2 2 2 2 2 2 2 2 2 2 2 2 2 2 2 2 2 2 2
left_child=-1 2 5 4 -3 6 7 8 25 -10 -9 15 -13 14 16 -8 -12 -7 19 21 -21 -19 23 24 -22 -2 -27 -25 -29 -18
right_child=1 3 -4 -5 -6 17 11 10 9 -11 13 12 -14 -15 -16 -17 29 18 -20 20 22 -23 -24 27 -26 26 -28 28 -30 -31
leaf_value=-0.0037289203963724493 0.0016527667049563012 0.0026837958299067597 -0.0018227584526237259 -0.00065058910556286306 0.00061851125236378284 -2.0315143759297856e-05 0.0030833239099460428 0.0034651858526577547 -0.004474972072048629 0.0021025248268518467 -0.0045485363639280836 -9.8488296547003556e-05 -0.0048483236208357212 -0.0033336494671193538 -0.0041938681468597101 0.00013132925246478052 0.00058692846059319674 0.0044329094574883437 0.0055657365155485274 0.0029092241716242142 -0.0054604306618466578 -0.0016079493228449038 -0.0040488429510837478 0.0015866153484971675 -0.00023270456568159353 -0.0047821921870910547 0.00092073101560049978 0.0027529536223750845 -0.0029044206797807018 -0.0025437288212503562
leaf_weight=944.15179014205933 5136.6173150986433 3456.8750919699669 4212.8262302726507 5016.0326544642448 11574.087193191051 46063.292754977942 2932.4598961770535 539.44084817171097 1583.5615141093731 540.50894051790237 774.5181679725647 6710.6430782526731 710.56066653132439 4377.4150081574917 1265.3058861345053 3372.1595214158297 4992.1269961446524 1895.8583781570196 641.27674445509911 2151.0089036822319 705.2809936851263 571.41201916337013 922.06879739463329 4789.8385717719793 1054.0389106869698 620.88166429102421 823.01761993765831 503.07042108476162 1317.9125874638557 1463.487282037735
leaf_count=3797 20719 13875 17059 20202 46448 185091 11754 2193 6357 2169 3106 26983 2860 17580 5110 13539 20052 7610 2572 8629 2832 2295 3700 19229 4234 2490 3301 2017 5285 5866
internal_value=-9.28718e-06 2.01111e-05 -0.000106986 0.000658094 0.00109496 -3.1868e-05 -0.000468794 -0.0010019 3.24124e-05 -0.0027992 -0.00167269 0.000390316 -0.000559185 -0.00189052 -0.00114387 0.0015071 -0.000605054 0.000226529 0.00100738 0.000793396 0.000308285 0.00303302 -0.000296275 0.000121453 -0.00234743 0.000949265 -0.00154757 0.000781042 -0.001335 -0.000125628
internal_weight=121662 120718 100671 20047 15031 96457.8 35842.7 22116.9 8704.59 2124.07 13412.3 13725.8 7421.2 12872.9 8495.44 6304.62 7230.13 60615.1 14551.8 13910.5 11443.2 2467.27 9292.21 8370.14 1759.32 6580.52 1443.9 6610.82 1820.98 6455.61
internal_count=488954 485157 404632 80525 60323 387573 144079 88943 35036 8526 53907 55136 29843 51714 34134 25293 29024 243494 58403 55831 45926 9905 37297 33597 7066 26510 5791 26531 7302 25918
is_linear=0
shrinkage=0.03


Tree=155
num_leaves=31
num_cat=0
split_feature=4 40 15 22 13 13 40 28 28 15 14 8 10 31 23 33 15 10 24 8 31 11 40 8 31 25 24 42 25 12
split_gain=12.8098 13.1197 19.5496 19.8191 15.2382 26.1501 15.0854 17.997 15.2641 16.8865 14.5479 21.025 19.6008 13.815 13.3602 11.7103 11.1359 16.9139 12.9681 12.7279 19.2722 15.2369 16.7874 22.6893 16.0605 20.7111 16.6323 25.1582 22.7744 19.568
threshold=-2.6107374429702754 0.94622433185577404 -7.0432531833648673 1.3702812790870669 -8.3568401336669904 -8.5935621261596662 0.96535655856132518 0.74783912301063549 -1.4398305416107176 -7.3640456199645987 -7.9784703254699698 0.86458116769790661 -0.60001718997955311 0.24004588276147845 0.49125136435031896 -0.085549935698509202 -6.7395648956298819 1.1031783223152163 1.656407415866852 1.0878153443336489 0.84263435006141674 -1.5656458735466001 0.76744312047958385 1.3311852812767031 0.052083963528275497 0.7166557013988496 1.9741809964179995 0.81174489855766307 0.76644605398178112 -7.8104591369628897
decision_type=2 2 2 2 2 2 2 2 2 2 2 2 2 2 2 2 2 2 2 2 2 2 2 2 2 2 2 2 2 2
left_child=-1 16 4 -4 5 -3 13 8 9 14 -10 12 -12 -6 -8 -14 19 18 -18 20 -2 -21 24 -24 25 -23 27 -26 -28 -30
right_child=1 2 3 -5 6 -7 7 -9 10 -11 11 -13 15 -15 -16 -17 17 -19 -20 21 -22 22 23 -25 26 -27 28 -29 29 -31
leaf_value=0.0034579150839383569 4.2242634693501951e-05 0.00046432596262415711 -0.00038954721272586634 -0.007321540080300855 -0.0040756087725902813 -0.0070962394491754476 -0.0021025712320766835 -0.0033363619967037728 0.0057552976295949781 -0.0044446184764526898 0.0063130181181288081 -0.0035249222984212454 -0.0014664946113916704 0.0014665741359628415 0.0039263257010095677 0.0028773663628517778 0.00083349815044002698 -0.0025496404199670795 0.0046733057452070107 0.0031542531602058339 0.0054320256837236741 0.0065430198553989407 0.00031082497222929047 -0.0073877321420820503 0.00052299175819396355 -0.00010288022600273723 -0.0087273285276124862 -0.0052700125424388128 0.0011027248540361725 -0.0044488799370783448
leaf_weight=911.4203045219183 90919.446427077055 838.93333369493484 673.58893962204456 820.12305016815662 1375.6713516265154 796.35699005424976 623.04055200517178 951.85707817971706 776.25486746430397 801.445043861866 800.90366443991661 668.43225839734077 1035.1732844561338 565.76770685613155 684.24569506943226 1191.4367105513811 1824.7238920331001 721.37541732192039 1395.4937125295401 758.44360145926476 591.02558070421219 521.94379238784313 579.40563115477562 837.18448226153851 4170.6071092486382 2040.926351800561 548.31062796711922 794.62486959993839 1032.2655063867569 1260.944405734539
leaf_count=3720 365165 3378 2709 3305 5531 3207 2503 3838 3129 3223 3225 2704 4163 2277 2753 4791 7336 2897 5609 3051 2375 2093 2336 3379 16806 8208 2200 3212 4160 5081
internal_value=-6.58935e-05 -9.28088e-05 -0.00100836 -0.00421894 -0.000573282 -0.00323829 -0.000110362 0.000498005 0.00105682 -0.0010439 0.00204747 0.0012553 0.00231883 -0.00246129 0.00105886 0.000860334 1.41198e-05 0.00157729 0.00250681 -4.52387e-05 7.76426e-05 -0.000940978 -0.00120696 -0.00425881 -0.000786343 0.00127077 -0.00146243 -0.000412837 -0.0032886 -0.00195594
internal_weight=121511 120600 12603.2 1493.71 11109.5 1635.29 9474.23 7532.79 6580.93 2108.73 4472.2 3695.95 3027.51 1941.44 1307.29 2226.61 107997 3941.59 3220.22 104055 91510.5 12544.7 11786.2 1416.59 10369.6 2562.87 7806.75 4965.23 2841.52 2293.21
internal_count=488364 484644 50736 6014 44722 6585 38137 30329 26491 8479 18012 14883 12179 7808 5256 8954 433908 15842 12945 418066 367540 50526 47475 5715 41760 10301 31459 20018 11441 9241
is_linear=0
shrinkage=0.03


Tree=156
num_leaves=31
num_cat=0
split_feature=34 3 22 17 30 22 17 14 30 20 37 11 17 4 20 19 7 33 11 11 26 15 14 10 15 15 13 34 23 17
split_gain=14.9552 11.5074 13.0933 9.8863 14.3313 16.6815 9.32351 27.2634 14.5567 17.3122 14.7937 13.6743 14.5601 13.1375 12.6804 13.9221 12.4387 12.3231 13.1216 22.0089 20.9504 17.4284 16.0423 17.4393 14.7273 13.6863 18.9055 34.2097 13.3528 14.1608
threshold=0.75556853413581859 2.1017352342605595 1.9232442378997805 0.35565648972988134 0.50704672932624828 2.1238613128662114 0.092566013336181655 -8.0258331298828107 0.30550177395343786 2.3279843330383305 0.3237746953964234 1.0104877948760989 0.23875281214714053 -0.56725144386291493 0.76339372992515575 0.46008972823619848 0.56282654404640209 0.10360846295952798 0.67274212837219249 -0.74683213233947743 -0.96331340074539173 -6.9595117568969718 -7.8340742588043204 -0.82438865303993214 -6.8302295207977286 -7.0926907062530509 -7.2989692687988272 -0.027343758381903168 0.13226659595966342 -0.62878835201263417
decision_type=2 2 2 2 2 2 2 2 2 2 2 2 2 2 2 2 2 2 2 2 2 2 2 2 2 2 2 2 2 2
left_child=6 2 -2 4 5 -4 17 13 9 10 14 -10 -13 -8 -9 -16 -17 18 19 20 -1 -22 28 -24 -21 -25 -27 -28 29 -20
right_child=1 -3 3 -5 -6 -7 7 8 11 -11 -12 12 -14 -15 15 16 -18 -19 22 24 21 -23 23 25 -26 26 27 -29 -30 -31
leaf_value=0.00022200751709059756 -0.0043315109480454974 0.0012707679427049561 0.0037017094464782932 0.0020116739951895994 -0.0063345650426256065 -0.0026356933099295887 0.0056057798722417024 0.0006240068466565736 -0.0004696028089179082 0.0035828197261039028 0.00076764087316350265 -0.001317983402492734 0.0051580680734693322 0.0010917391121438962 -0.0018580811132616411 -0.003624547299270189 -0.0085598593151214476 0.00064777334073688384 0.0031676848154013233 0.00061288474854087822 -0.0015902537557394042 -0.0069287939010058705 0.0045397065817509722 0.00033572307242543149 0.0044973168780212741 -0.0052792969464800733 0.0047251726638736676 -0.005581545193302017 -0.0028213220700898218 -0.0020612320143569614
leaf_weight=7775.4146159440279 1634.4363019913435 1062.2012328803539 534.42734932899475 734.23228499293327 512.17386603355408 1183.9259330928326 788.0500658005476 913.92495147883892 16480.898382604122 508.58953349292278 1363.3512151539326 498.56671720743179 811.99919344484806 2151.9468542933464 3245.8825171589851 1949.943264067173 606.74989314377308 33737.795132741332 803.8970402777195 23080.668164029717 4670.4839138835669 615.93624360859394 691.63626724481583 6272.2797530740499 903.59132565557957 1058.7597127109766 657.1730674803257 502.47651322185993 4610.9817859530449 1080.9589288532734
leaf_count=31243 6618 4301 2168 2952 2068 4796 3180 3666 66191 2059 5473 2002 3259 8646 13046 7827 2439 135505 3241 92754 18823 2485 2782 25175 3634 4251 2645 2015 18504 4351
internal_value=-3.0308e-05 -0.00153445 -0.00218368 -0.000989022 -0.00198134 -0.000654676 4.33663e-05 -0.000418844 -0.000724468 -0.001738 -0.00207694 -0.000234505 0.00270312 0.0023166 -0.00265463 -0.00317121 -0.00482457 0.000200136 -8.63726e-05 0.000221527 -0.00076896 -0.00222417 -0.000813588 -6.0783e-06 0.000761042 -0.000381275 -0.00240091 0.00024973 -0.0019533 0.000173865
internal_weight=121443 5661.4 4599.2 2964.76 2230.53 1718.35 115782 29319.9 26379.9 8588.44 8079.85 17791.5 1310.57 2940 6716.5 5802.58 2556.69 86462.1 52724.3 37046.1 13061.8 5286.42 15678.2 9182.33 23984.3 8490.69 2218.41 1159.65 6495.84 1884.86
internal_count=488099 22903 18602 11984 9032 6964 465196 117788 105962 34510 32451 71452 5261 11826 26978 23312 10266 347408 211903 148939 52551 21308 62964 36868 96388 34086 8911 4660 26096 7592
is_linear=0
shrinkage=0.03


Tree=157
num_leaves=31
num_cat=0
split_feature=29 13 31 31 15 17 11 40 39 42 15 31 28 12 24 11 40 39 27 11 12 10 21 8 25 15 9 24 15 10
split_gain=13.1822 14.5681 13.2503 22.0571 30.737 19.7558 19.5519 18.191 22.0582 35.1433 26.7217 24.2904 22.6122 20.5085 24.8383 18.377 19.8964 22.403 16.4929 16.201 16.1976 19.8686 17.8607 17.6206 15.0761 22.8226 17.9436 16.5248 17.6317 28.1854
threshold=0.93330001831054699 -7.9646432399749747 0.2860733717679978 0.1593836843967438 -7.2819063663482657 0.61636611819267284 -1.355300188064575 -0.79202145338058461 -0.010908065363764761 1.0000000180025095e-35 -7.707850217819213 -0.4579432606697082 -1.7905790805816648 -7.6189305782318106 2.760342121124268 0.11999743431806566 0.98868870735168468 1.0000000180025095e-35 -0.24500700831413266 0.50394159555435192 -6.9343512058258048 0.066168598830699935 0.25712245702743536 0.29486323893070226 0.80050858855247509 -7.5129773616790763 1.223290026187897 2.5397636890411381 -7.5197064876556388 -0.73089277744293202
decision_type=2 2 2 2 2 2 2 2 2 2 2 2 2 2 2 2 2 2 2 2 2 2 2 2 2 2 2 2 2 2
left_child=2 -2 3 7 -5 6 -4 8 9 20 -10 -11 19 14 15 16 18 -18 -9 -12 21 22 -1 -23 26 -26 27 28 -15 -30
right_child=1 -3 5 4 -6 -7 -8 13 10 11 12 -13 -14 24 -16 -17 17 -19 -20 -21 -22 23 -24 -25 25 -27 -28 -29 29 -31
leaf_value=-0.00093160632114337423 0.00056560587086477174 -0.0042220327158190765 0.0030064609380922279 -0.00034516808410644102 -0.0037085000508860996 0.0045408146050615631 0.00022599328438137231 -0.0014160865143413334 -0.00046773962165812087 0.0070652315759572462 0.0024196047266298454 0.00089542885595642833 0.0042573678190019571 0.002305340606545189 0.0022880078919205269 -0.00149526229413739 0.0071284623303072654 -0.0009455002606483041 0.00046573306954304739 -0.0044293249841229187 0.0018502057008086415 0.0023097358498754715 -0.0064204185994841565 -0.0039723635162804572 -0.0065681503832574605 -0.00011435006522578745 0.0050386010414555944 -0.0028768460487268647 0.0023141121137310984 -0.00055260089733961786
leaf_weight=851.86107042431831 989.31069025397301 1339.2208048552275 2505.4421436786652 8775.78577876091 3381.507407695055 1120.3170359134674 23948.421571224928 7713.3747091889381 2552.6291315257549 720.59702610969543 782.3965137898922 2702.5791506767273 4358.6859247237444 5269.3483462780714 2516.9302845150232 17134.044978916645 682.98023547232151 554.84555327892303 9158.5784051716328 501.53179377317429 907.79031321406364 1039.4316163510084 1435.4708214849234 641.19211527705193 618.92913576960564 2285.9181365668774 849.37198105454445 1143.4152623265982 4355.3778130412102 10529.371966153383
leaf_count=3433 3984 5391 10065 35239 13577 4495 96280 31028 10255 2910 3139 10857 17519 21197 10107 68838 2746 2231 36763 2012 3648 4168 5753 2573 2492 9188 3410 4595 17558 42329
internal_value=3.638e-05 -0.00219421 8.01938e-05 -9.36077e-05 -0.00128295 0.000656521 0.000490368 8.88504e-05 0.000975182 -0.000115231 0.00207818 0.002211 0.00322871 -0.000144013 -0.000585486 -0.000791287 -0.000124783 0.0035308 -0.00039491 -0.000269299 -0.00174962 -0.00257577 -0.0043892 -9.63325e-05 0.000521392 -0.00150726 0.000788037 0.000616234 0.000815737 0.000287209
internal_weight=121367 2328.53 119038 91463.9 12157.3 27574.2 26453.9 79306.7 16494.2 8298.92 8195.24 3423.18 5642.61 62812.5 37760.8 35243.8 18109.8 1237.83 16872 1283.93 4875.75 3967.96 2287.33 1680.62 25051.7 2904.85 22146.9 21297.5 20154.1 14884.7
internal_count=487780 9375 478405 367565 48816 110840 106345 318749 66267 33342 32925 13767 22670 252482 151713 141606 72768 4977 67791 5151 19575 15927 9186 6741 100769 11680 89089 85679 81084 59887
is_linear=0
shrinkage=0.03


Tree=158
num_leaves=31
num_cat=0
split_feature=30 13 14 39 39 39 24 15 39 39 15 15 34 31 42 40 15 39 42 40 39 40 15 39 22 16 40 39 30 15
split_gain=17.9299 19.3542 34.3529 26.3546 25.8367 19.876 18.4727 26.828 16.1584 15.2352 19.3051 30.3372 29.091 17.371 17.1855 24.3125 16.4043 17.0838 15.995 26.6757 24.2395 19.3012 24.7652 16.9497 15.1701 25.8168 15.1256 14.8403 22.1719 15.9933
threshold=-0.61621111631393422 -8.3035974502563459 -8.2059221267700178 0.24826665222644809 0.92961356043815624 0.95172616839408886 1.7578046917915346 -8.1679029464721662 0.832677721977234 0.44424325227737432 -7.8412737846374503 -7.5448298454284659 -0.33375041186809534 0.60461911559104931 0.81174489855766307 -0.3440686017274856 -7.2530639171600333 0.87355786561965953 -0.56174489110708226 -0.33174875378608698 -0.028357730247080323 0.93743178248405468 -7.2668998241424552 -0.15427892655134198 1.0434743762016299 -0.016554423607885834 -0.0065449222456663838 -0.098016906529664979 -1.615297734737396 -7.3680708408355704
decision_type=2 2 2 2 2 2 2 2 2 2 2 2 2 2 2 2 2 2 2 2 2 2 2 2 2 2 2 2 2 2
left_child=1 2 6 -4 -5 9 -1 -8 -9 13 -11 24 -13 14 18 -16 -14 -18 19 20 -3 27 23 -23 -12 -26 -7 28 -20 -29
right_child=-2 5 3 4 -6 26 7 8 -10 10 11 12 16 -15 15 -17 17 -19 21 -21 -22 22 -24 -25 25 -27 -28 29 -30 -31
leaf_value=0.00050447138818097319 0.00026616905015315194 -0.0085821164379748429 5.3803371294205051e-05 0.0083777364861965502 0.001231866394948451 0.0026642281295434604 0.0011257909609372855 -0.0022190024576609832 -0.0081824305720206592 0.003189572515524449 -0.00075437663578242027 0.0023610848118760372 -0.0038008368393499903 -0.0048442230103437484 0.0009281107913565621 -0.0067665972038684231 -0.0021127238669016095 0.0027091087029374149 0.0051016596826955769 2.5781899793559366e-05 -0.0014342431248628115 -0.0039458815762001874 -0.0051459533726097833 0.0025217122349117291 -0.004283235462152213 -0.012155595955382037 -0.00067137545893353493 0.0059632100108831017 -0.00035580658102991273 0.0009950162818654967
leaf_weight=6004.2217420637608 75487.817204475403 735.01627887785435 1415.7513492703438 1110.3669080138206 773.86864191293716 2324.5912546664476 1128.5055278241634 943.40438549220562 726.43690551817417 595.44547456502914 518.46335826814175 1467.7337525784969 3275.5234756916761 822.54638580977917 643.5436294823885 851.27513854205608 2434.8271921575069 897.04228422045708 779.72590953111649 3649.2996246218681 1011.8913151919842 503.83499029278755 1056.6761520057917 1247.5695187151432 1322.878182053566 525.17351937294006 2564.139347165823 1100.0042198002338 4411.8535638600588 1238.8700515776873
leaf_count=24139 303459 2950 5691 4461 3106 9330 4535 3796 2922 2391 2079 5924 13143 3310 2585 3421 9773 3600 3131 14666 4061 2025 4253 5021 5310 2113 10290 4418 17725 4980
internal_value=-1.84772e-05 -0.000484734 0.000545116 0.00315061 0.00546487 -0.000851607 -0.000434122 -0.00244262 -0.00484656 -0.00114904 -0.00202665 -0.00232688 -0.00144792 -0.000611636 -0.000406878 -0.00346975 -0.00229633 -0.000810315 -0.000113883 -0.00143633 -0.00447346 0.000577092 -0.00154196 0.000649309 -0.00530737 -0.00657376 0.000916905 0.00136828 0.000472085 0.00334706
internal_weight=121568 46080.5 12102.6 3299.99 1884.24 33977.9 8802.57 2798.35 1669.84 29089.2 11037.1 10441.6 8075.13 18052.1 17229.6 1494.82 6607.39 3331.87 15734.7 5396.21 1746.91 10338.5 2808.08 1751.4 2366.52 1848.05 4888.73 7530.45 5191.58 2338.87
internal_count=488608 185149 48650 13258 7567 136499 35392 11253 6718 116879 44333 41942 32440 72546 69236 6006 26516 13373 63230 21677 7011 41553 11299 7046 9502 7423 19620 30254 20856 9398
is_linear=0
shrinkage=0.03


Tree=159
num_leaves=31
num_cat=0
split_feature=21 11 7 22 25 8 22 26 11 29 34 31 26 28 30 11 8 31 30 5 9 15 13 29 23 15 14 5 14 22
split_gain=9.12223 18.2926 20.9605 16.9416 13.7159 13.4282 13.0217 16.8816 12.9282 11.9471 10.5058 17.5029 18.564 10.276 21.9023 20.3272 16.6536 15.9453 15.159 14.9888 17.8276 13.6834 14.4839 12.4591 11.9865 11.2127 12.302 11.5515 13.5171 19.1157
threshold=0.12808237969875338 1.2046110630035403 0.27053415775299078 0.84134528040885936 0.15192640572786334 0.93209418654441845 1.8268666267395022 -2.109879612922668 -0.51216369867324818 -0.78549116849899281 0.065487615764141097 0.056294692680239684 -0.84471485018730152 -0.11334123834967612 -0.29978874325752253 1.9863005280494692 1.2620319128036501 -0.59717488288879383 -1.1426903605461118 0.73152837157249462 -0.80768314003944386 -7.7503356933593741 -7.7514703273773184 -0.27182820439338679 0.89011710882186901 -8.4939975738525373 -8.4438920021057111 -0.40806049108505243 -6.7862882614135733 1.566186845302582
decision_type=2 2 2 2 2 2 2 2 2 2 2 2 2 2 2 2 2 2 2 2 2 2 2 2 2 2 2 2 2 2
left_child=1 2 3 -1 -3 9 7 -4 -9 -5 11 -11 -13 16 19 17 -2 -16 24 20 -15 -22 -23 -24 -18 -19 -27 28 29 -28
right_child=13 4 6 5 -6 -7 -8 8 -10 10 -12 12 -14 14 15 -17 18 25 -20 -21 21 22 23 -25 -26 26 27 -29 -30 -31
leaf_value=-0.0048041023749792067 -0.00010090315782557216 0.0022814211653167638 0.0054259709239367114 0.0021336885814603503 -0.0023522829696932391 0.0049072983350498213 0.0055125172200968919 -0.0030302280786216546 0.0019166076331744468 -0.0004976502597911417 -0.0040839732338779338 0.0040299086060986708 -0.00099432934074890691 0.0054259004225832644 0.0030805764968961425 0.0047685826620670274 0.0037069362949954787 0.0029732195516738056 -0.0028555514547605925 0.0043192935438503442 0.003475496700707396 -0.0047034978775139166 -0.002647618569938873 0.003903594491371995 -0.0024012189376577653 -0.0045821899671551047 -0.0037832392977010382 0.00013407904867373963 0.0027369845833071713 -0.00020897876772151328
leaf_weight=517.51010330021381 59340.596676245332 720.44363561272621 839.47023588418961 3067.3772845119238 2709.8113223314285 633.24288091063499 1184.8040445894003 663.09144088625908 1610.5061736702919 7933.7696329504251 523.51422394812107 1839.3230565041304 1025.5768286585808 621.18054260313511 1390.2379360049963 803.2076857984066 657.19636686146259 955.41445159912109 3716.1405227333307 1912.9032409787178 646.3839349001646 757.9510752260685 496.90204514563084 529.69840623438358 501.23018781840801 585.35921600461006 2482.3320509195328 19599.957114040852 637.78613594174385 2932.3031889349222
leaf_count=2077 238212 2912 3366 12438 10877 2540 4749 2658 6455 32010 2098 7391 4125 2507 5632 3228 2644 3843 14991 7710 2598 3045 2000 2126 2028 2356 9964 78732 2569 11817
internal_value=0.000110656 0.000644797 0.000994609 0.000480978 -0.00137528 0.000666115 0.00284638 0.00181727 0.000466918 0.000476194 2.56633e-05 0.000228491 0.00223413 -1.549e-05 0.000403247 9.15761e-05 -0.000239519 -4.14719e-05 -0.0019233 0.00224405 0.00093354 -0.000231926 -0.00158668 0.000737681 0.00106612 -0.000202159 -0.000318875 -0.000219843 -0.0013643 -0.00185155
internal_weight=121835 23268.4 19838.2 15540.3 3430.25 15022.8 4297.87 3113.07 2273.6 14389.6 11322.2 10798.7 2864.9 98566.8 34351.6 29386.6 64215.2 28583.4 4874.57 4965.02 3052.12 2430.94 1784.55 1026.6 1158.43 27193.2 26237.7 25652.4 6052.42 5414.64
internal_count=489698 93696 79907 62679 13789 60602 17228 12479 9113 58062 45624 43526 11516 396002 138127 118141 257875 114913 19663 19986 12276 9769 7171 4126 4672 109281 105438 103082 24350 21781
is_linear=0
shrinkage=0.03


Tree=160
num_leaves=31
num_cat=0
split_feature=7 28 11 7 15 11 15 15 30 30 25 39 8 41 24 22 24 25 0 9 39 35 39 16 30 17 17 24 24 39
split_gain=11.3114 20.3214 25.8299 14.7915 12.661 19.1715 16.5152 14.5864 19.5363 15.6905 17.4854 14.6204 27.2975 25.8303 22.7711 20.2199 13.2189 13.0487 12.9939 15.1285 18.6621 12.5525 12.3534 11.861 11.8302 15.309 12.5004 22.468 11.9861 9.62675
threshold=-0.55269315838813771 -2.3861069679260249 -0.46595233678817743 -0.79307761788368214 -6.9595117568969718 -1.2658588290214536 -6.76519751548767 -7.4254291057586661 0.69936898350715648 0.82735681533813488 0.32941418886184698 0.51316559314727794 -0.74611017107963551 1.0000000180025095e-35 1.7058545947074892 1.8863705396652224 1.4018715620040896 0.6531381905078889 -1.1644937396049497 0.15093707293272021 -0.61737772822380055 0.0464895498007536 -0.94190874695777882 0.45322242379188543 -1.0374435782432554 -0.25122237205505366 0.1672935485839844 1.311373293399811 1.3350267410278323 0.054514370858669288
decision_type=2 2 2 2 2 2 2 2 2 2 2 2 2 2 2 2 2 2 2 2 2 2 2 2 2 2 2 2 2 2
left_child=1 2 -1 -4 7 -6 16 8 11 -10 23 17 13 14 -13 21 -7 18 -3 22 -21 -14 -20 -11 -24 29 27 -27 -28 -26
right_child=-2 4 3 -5 5 6 -8 -9 9 10 -12 12 15 -15 -16 -17 -18 -19 19 20 -22 -23 24 -25 25 26 28 -29 -30 -31
leaf_value=0.0014339743937244126 0.00019866147600910178 -0.0018150852363615587 -0.0091157700998519015 -0.0022661254120629249 -0.0074794142285607148 -0.0069246665217019502 0.0021264482018021769 0.00086087060526712398 -0.0071085903152941837 -0.0046818405536027613 0.0031916840109902532 0.00033902355116204947 -0.0060585069527105675 -0.0023823114413295257 0.0077064632484197199 0.0016692703612446072 -0.00054830486968251752 -0.0038453601412404008 0.0037509834933745359 6.3853376214665432e-05 0.0064040088680691254 -0.0014709445513753343 0.003628046366483719 0.00044632181433090469 -0.0047375111594043767 -0.0012612787372690785 0.0010748070390904339 0.0052430387332510252 -0.0052293029409785849 0.00020240430369015277
leaf_weight=607.17375111579895 89261.699738666415 1417.4975214898586 655.80745324492455 509.38080997765064 502.94698578119278 502.90514259040356 873.41625232994556 9574.9508092403412 598.80385087430477 1259.3604927361012 508.17456869781017 922.76877699792385 1611.4499127417803 1275.8709832280874 630.1825987547636 582.03458660840988 685.69455735385418 563.04028245806694 937.0261572599411 712.87728914618492 1000.248516485095 814.35906255245209 699.27790266275406 594.3594024926424 979.40109936892986 900.36314134299755 578.46638783812523 1001.2714851498604 496.82069547474384 552.5239896774292
leaf_count=2442 358433 5743 2634 2043 2034 2028 3530 38605 2411 5063 2039 3732 6469 5133 2546 2342 2766 2259 3781 2868 4019 3265 2821 2400 3955 3628 2331 4044 2006 2228
internal_value=2.40901e-05 -0.000454573 -0.00356904 -0.0061661 -0.000274113 -0.00228786 -0.0009916 -9.02767e-05 -0.00057916 -0.00280981 -0.00169458 -0.000156324 -0.00134461 0.000770189 0.00335889 -0.00332949 -0.00328145 0.000549247 0.000819854 0.00129685 0.00378138 -0.0045308 0.000599208 -0.00304402 2.60504e-05 -0.000539376 0.000715145 0.00217296 -0.00185926 -0.00296606
internal_weight=121810 32548.5 1772.36 1165.19 30776.1 2564.96 2062.02 28211.1 18636.2 2960.7 2361.89 15675.5 5836.67 2828.82 1552.95 3007.84 1188.6 9838.81 9275.77 7858.28 1713.13 2425.81 6145.15 1853.72 5208.12 4508.85 2976.92 1901.63 1075.29 1531.93
internal_count=489598 131165 7119 4677 124046 10358 8324 113688 75083 11913 9502 63170 23487 11411 6278 12076 4794 39683 37424 31681 6887 9734 24794 7463 21013 18192 12009 7672 4337 6183
is_linear=0
shrinkage=0.03


Tree=161
num_leaves=31
num_cat=0
split_feature=34 35 11 24 22 34 22 24 23 1 34 28 16 11 5 11 11 39 13 16 25 28 22 16 14 24 24 30 39 16
split_gain=12.2297 11.6978 15.3021 27.3562 13.1548 11.9385 12.9247 10.7565 10.79 13.0278 13.0274 12.2478 13.8351 16.3476 30.4824 21.7632 19.59 15.9946 21.4863 17.956 16.4442 15.9002 14.7403 13.5615 13.1083 13.8701 12.628 19.4833 18.5557 14.4211
threshold=0.73786845803260814 0.74031218886375438 0.93993571400642406 2.0130507946014409 2.3156559467315678 0.87897366285324108 1.834483861923218 4.0203938484191903 0.55025640130043041 -1.0934010148048399 -0.0092661054804921133 -0.81114718317985524 -0.10974664241075514 -0.67582049965858448 0.20289538055658343 -0.010347942821681498 -1.3250972032546995 -0.73283809423446644 -7.4176781177520743 -0.89155402779579151 0.70268085598945629 -1.2268281579017637 1.1961416006088259 -0.32894164323806757 -7.281613588333129 1.059969484806061 1.3493118882179262 1.4982320666313174 -0.9543684422969817 0.39377035200595861
decision_type=2 2 2 2 2 2 2 2 2 2 2 2 2 2 2 2 2 2 2 2 2 2 2 2 2 2 2 2 2 2
left_child=7 5 4 -4 -3 6 -2 8 11 10 -10 12 17 16 15 22 -14 20 19 -19 -1 23 -15 -20 25 -21 27 28 -13 -30
right_child=1 2 3 -5 -6 -7 -8 -9 9 -11 -12 26 13 14 -16 -17 -18 18 21 24 -22 -23 -24 -25 -26 -27 -28 -29 29 -31
leaf_value=-0.0019944116573839057 -0.0038780116234135341 -5.3229120961766246e-05 0.0026568482902417025 -0.0062667841847368587 0.0056435480673715337 -0.0045419233509685153 0.0010949351417921019 0.0033519202463980738 -0.0022611903351666528 0.00027681534689621382 0.0028918311942887727 0.0033837540226477735 0.0010742183761873639 0.0016837551866903792 -0.002624738248437218 0.00083413989150258054 -0.0044136139731438912 0.0025724177895796252 0.0062489016081920716 -0.0043619456836927993 -0.0075092809491839243 -0.0018397385829078319 0.0073942016213783988 0.00034163668926722037 -0.0049652431212469884 -0.00083779970751358696 0.00066264024773192898 0.0048381381732028206 -0.0016528280139451168 0.00062714123220324893
leaf_weight=2903.0570769459009 779.2712245285511 925.13001711666584 550.93116182088852 682.15769138932228 592.13682046532631 1414.1727639436722 1156.2059611678123 903.05461859703064 508.04826565086842 47134.666357517242 3061.7498814612627 909.74211351573467 1097.6256922781467 716.92828291654587 1550.744026362896 3620.7621700912714 1236.7946588248014 1088.5498232096434 860.80483669042587 1098.6902067214251 578.26176083087921 619.90347062051296 953.61658805608749 586.58489979803562 868.04714605212212 10874.806641697884 21087.81642588973 580.21339374780655 9141.9566852152348 3427.35942094028
leaf_count=11656 3159 3742 2227 2754 2389 5732 4675 3626 2036 189231 12288 3662 4419 2878 6220 14546 4974 4369 3455 4407 2318 2489 3839 2356 3485 43646 84920 2331 36746 13813
internal_value=3.93889e-05 -0.00126862 0.000181541 -0.0022905 0.00219242 -0.00245632 -0.000916939 0.000108628 8.27591e-05 0.000409389 0.00215419 -0.000176841 -0.00063707 0.000323097 0.00106263 0.00214621 -0.0018397 -0.00108934 -0.000687345 -0.00111112 -0.00292934 0.0021598 0.00496812 0.00387363 -0.00142512 -0.00116455 0.000198454 -0.000497765 -0.000730868 -0.00103113
internal_weight=121510 6100.01 2750.36 1233.09 1517.27 3349.65 1935.48 115410 114507 50704.5 3569.8 63802.3 28655.2 9176.47 6842.05 5291.31 2334.42 19478.7 15997.4 13930.1 3481.32 2067.29 1670.54 1447.39 12841.5 11973.5 35147.1 14059.3 13479.1 12569.3
internal_count=488388 24678 11112 4981 6131 13566 7834 463710 460084 203555 14324 256529 115057 36876 27483 21263 9393 78181 64207 55907 13974 8300 6717 5811 51538 48053 141472 56552 54221 50559
is_linear=0
shrinkage=0.03


Tree=162
num_leaves=31
num_cat=0
split_feature=15 31 17 17 15 40 12 31 4 39 28 15 12 15 9 12 5 17 7 42 6 5 6 39 6 25 25 7 5 9
split_gain=10.7982 9.53205 14.3281 24.6548 24.4488 16.6342 22.1625 26.6827 17.8134 17.2187 13.4917 14.6876 14.9516 14.4018 18.2275 16.6235 13.7794 13.2925 12.3428 12.2549 12.0091 13.3614 10.2312 24.5208 12.4406 14.0632 12.9494 10.0236 20.7414 18.6077
threshold=-9.1367001533508283 -0.33628119528293604 -0.11051248013973235 0.45331981778144842 -8.1533594131469709 0.49810825288295751 -7.3858349323272696 -0.64155587553977955 -0.26512244343757624 -0.30694064497947687 0.70917105674743663 -7.3352215290069571 -8.170163154602049 -7.9367752075195304 0.39255025982856756 -8.8242092132568342 0.1767377853393555 0.3278512060642243 -0.73212009668350209 0.81174489855766307 0.55919811129570018 0.50525495409965526 -0.2915664911270141 0.84688794612884533 0.77035370469093334 0.63866266608238231 0.23864073306322101 -0.28270088136196131 -0.77052170038223255 -1.0764986276626585
decision_type=2 2 2 2 2 2 2 2 2 2 2 2 2 2 2 2 2 2 2 2 2 2 2 2 2 2 2 2 2 2
left_child=-1 2 10 4 -4 6 7 -6 -9 -7 11 13 -13 14 16 -15 18 -8 -2 22 21 -14 23 -17 25 26 -24 -3 29 -29
right_child=1 27 3 -5 5 9 17 8 -10 -11 -12 12 20 15 -16 19 -18 -19 -20 -21 -22 -23 24 -25 -26 -27 -28 28 -30 -31
leaf_value=-0.004258825615407278 -0.003084373779036437 -0.00055123184286576016 -0.0023758366871605261 -0.0015052122916732206 -0.0015761721448715271 0.0078553136048007191 -0.0014743601273494839 0.0019037198069739108 0.0077446052850875212 0.0027299632542002071 -0.0037355741989439921 -0.0058811616116949744 -0.00070793811944496908 0.006599347662448473 0.003808058086374951 -0.0019612086831421374 -0.0063714280894132105 0.0039853615871436694 0.0028702329027665585 0.0054112059839668157 -0.004764752655221415 0.0043100900559330958 0.0056071968276785447 0.0037867605186309352 -0.0019378123657810757 0.0073603547106944897 6.1726347000869077e-05 0.0064748416383967533 -4.5294042259477822e-05 0.0011550421097883371
leaf_weight=506.51329371333122 801.47974042594433 26066.404516935349 941.49429313838482 2038.6716375201941 656.60055382549763 964.54557508230209 1919.1548959761858 798.59165279567242 1161.4690536409616 1540.3579220622778 808.82170706987381 524.00684460997581 3064.634339466691 535.05552938580513 517.644196793437 2403.1636170148849 565.62579026818275 496.82287319004536 500.7772373855114 546.66417196393013 519.62511165440083 555.37906982004642 536.43824970722198 913.69094650447369 552.07828742265701 516.66880950331688 1237.4052043557167 636.31483064591885 61808.923200428486 7129.1620369702578
leaf_count=2036 3241 104747 3797 8216 2645 3897 7749 3216 4657 6213 3273 2106 12357 2151 2079 9708 2269 2004 2011 2199 2085 2227 2152 3680 2217 2074 4959 2558 248292 28593
internal_value=6.96534e-05 8.80838e-05 0.00060191 0.00145144 0.00216326 0.00273263 0.00173259 0.00364007 0.00538658 0.00472693 9.58039e-06 0.000224017 -0.00115626 0.000893196 -0.00112506 0.00155872 -0.00250517 -0.00033982 -0.000790133 0.00114732 -0.000545433 7.16757e-05 0.000760738 -0.000371198 0.0020782 0.00305039 0.0017608 -4.95903e-05 0.000138404 0.00159872
internal_weight=121764 121258 25616.9 10517.7 8479.04 7537.54 5032.64 2616.66 1960.06 2504.9 15099.2 14290.3 4663.65 9626.69 2385.53 7241.16 1867.88 2415.98 1302.26 6706.11 4139.64 3620.01 6159.45 3316.85 2842.59 2290.51 1773.84 95640.8 69574.4 7765.48
internal_count=489408 487372 103182 42394 34178 30381 20271 10518 7873 10110 60788 57515 18775 38740 9600 29140 7521 9753 5252 26989 16669 14584 24790 13388 11402 9185 7111 384190 279443 31151
is_linear=0
shrinkage=0.03


Tree=163
num_leaves=31
num_cat=0
split_feature=18 15 11 20 11 2 24 24 39 11 13 13 15 39 35 8 7 4 43 11 39 33 39 39 7 7 25 29 23 15
split_gain=14.1002 14.8614 14.3931 12.3267 11.782 11.2521 11.0223 10.9405 10.6571 12.4657 12.5318 25.564 12.0853 11.9446 11.2507 14.0381 12.3694 13.8363 11.2437 10.4162 17.408 14.8298 17.3734 19.9413 21.2571 13.3324 13.2835 17.7283 19.476 16.9704
threshold=1.4023411870002749 -8.4573092460632306 0.11999743431806566 1.396158814430237 -3.2896158695220943 -1.0150812864303587 4.0203938484191903 1.4358466863632204 -0.97185599803924549 0.48160754144191747 -7.9463636875152579 -7.7016875743865958 -7.3798866271972647 0.81789681315422069 -0.24361702799797055 -0.63244810700416554 -0.19719831645488736 -0.30340552330017084 0.36666667461395269 -0.70402508974075306 0.99115538597106945 0.024866447784006599 0.49052239954471594 0.18437977880239489 -1.0915589928627012 0.14012138545513156 0.62782832980155956 0.26829509437084204 0.83816739916801464 -7.2478389739990225
decision_type=2 2 2 2 2 2 2 2 2 2 2 2 2 2 2 2 2 2 2 2 2 2 2 2 2 2 2 2 2 2
left_child=4 2 -2 -3 -1 -6 19 8 -5 13 -11 -12 -13 14 15 -10 -16 -18 -19 20 21 22 23 24 -7 -23 29 -28 -29 -21
right_child=1 3 -4 7 5 6 -8 -9 9 10 11 12 -14 -15 16 -17 17 18 -20 26 -22 25 -24 -25 -26 -27 27 28 -30 -31
leaf_value=-0.0038712017467853591 0.0061780432695666913 -0.0014156371186089052 -0.00040006207753157363 0.0032486015376024528 0.0015717441317137665 0.0049198607610848009 0.0040375204316565709 0.0002604336205192785 -0.0024681311765911507 -0.0025983960472863959 0.006844593161153969 0.0029353806062743654 -0.0023177153587835451 0.0012313511254104733 -0.0058793379557394365 0.0023577995868936325 0.0016692849079503298 -0.0060839965587497664 -0.0015620883022991619 -6.7323109206240926e-05 0.0050177510711828192 0.0032167623357780054 -0.0022933294172211493 0.0048090992390235135 -0.001124901796557909 0.00054945660145536569 2.4085599392176494e-05 -0.0028586137960881731 -0.00020257868126532597 0.0015474201333643086
leaf_weight=634.21216125786304 567.70729115605354 12070.360975667834 618.95741660892963 500.48260760307312 5052.5866472125053 607.4022845774889 628.20000453293324 15279.324674963951 1475.2718657851219 901.05964581668377 595.62617737054825 620.21743577718735 1042.6087122708559 952.87731057405472 1196.694663643837 845.16437287628651 628.51571136713028 825.34226045012474 1238.5326660722494 27928.284406855702 810.37369695305824 2591.2907072454691 2763.0178299248219 855.87269656360149 3436.1723844707012 4811.4360114485025 14807.553689882159 5284.2780109494925 4685.1941625028849 7402.1124301254749
leaf_count=2548 2290 48476 2491 2017 20302 2458 2522 61609 5987 3632 2399 2497 4199 3837 4811 3407 2519 3320 4980 112081 3251 10390 11097 3443 13805 19311 59468 21222 18908 29708
internal_value=-5.3273e-05 -0.000520225 0.00277227 -0.000623279 0.000170081 0.000201937 0.000111403 -0.000256463 -0.000985796 -0.00119406 0.000374901 0.00156739 -0.000352529 -0.00188572 -0.00236526 -0.000707824 -0.00334982 -0.00220792 -0.00339101 7.84164e-05 0.000761628 0.000529509 -0.000395498 0.000677265 -0.000206996 0.00148621 -0.00010213 -0.000634548 -0.00161185 0.000271326
internal_weight=121657 39358.7 1186.66 38172.1 82298 81663.8 76611.2 26101.7 10822.4 10321.9 3159.51 2258.45 1662.83 7162.4 6209.52 2320.44 3889.09 2692.39 2063.87 75983 15875.6 15065.2 7662.47 4899.45 4043.57 7402.73 60107.4 24777 9969.47 35330.4
internal_count=488985 158471 4781 153690 330514 327966 307664 105214 43605 41588 12727 9095 6696 28861 25024 9394 15630 10819 8300 305142 63755 60504 30803 19706 16263 29701 241387 99598 40130 141789
is_linear=0
shrinkage=0.03


Tree=164
num_leaves=31
num_cat=0
split_feature=10 20 26 24 11 11 22 33 22 22 20 32 10 12 7 11 24 12 30 31 30 31 30 10 11 6 20 27 10 22
split_gain=14.5368 10.3317 10.2864 8.25249 12.5193 14.698 24.3879 26.2423 17.1984 26.0262 18.9175 16.9027 23.4512 20.0602 21.25 19.4806 16.18 15.0865 14.7245 14.6821 13.653 13.0649 12.3548 15.7018 15.7666 17.1528 14.003 12.7063 12.2618 13.9276
threshold=3.0500469207763676 0.47833877801895147 -2.1516325473785396 1.3637350201606753 -2.3623064756393428 -0.73275709152221669 1.0483160018920901 -0.16120872646570203 1.132621765136719 1.1767643094062807 0.70080691576004039 0.12507995218038562 0.4618061631917954 -8.5354933738708478 0.19522622227668765 -0.29517042636871332 1.0843164324760439 -8.005177974700926 -0.34548261761665339 0.49322095513343817 0.14798556268215182 -0.26683451235294336 0.75135424733161937 0.12964934855699542 1.1040343046188357 0.1590962037444115 1.2328785657882693 0.2149014696478844 -0.2063212767243385 1.3941106796264651
decision_type=2 2 2 2 2 2 2 2 2 2 2 2 2 2 2 2 2 2 2 2 2 2 2 2 2 2 2 2 2 2
left_child=1 2 -1 4 -3 6 -6 17 10 -10 -7 13 15 14 -11 16 -13 -8 -9 22 -20 -19 23 24 25 27 -27 -12 29 -17
right_child=-2 3 -4 -5 5 8 7 18 9 11 19 12 -14 -15 -16 28 -18 21 20 -21 -22 -23 -24 -25 -26 26 -28 -29 -30 -31
leaf_value=0.005598164886941941 0.0037313072572456992 0.0033916646793850334 0.00046618670941554573 0.00018859594360132282 -0.0056412411382289473 -0.0031455603592846749 0.00076988181515271099 -0.0010931535790260545 -0.0041346692676453049 -0.0058388066658685758 0.0026104030414155323 0.0042934123725192723 0.0007866427112417486 0.00066921703652440812 0.0014384025665146153 0.0019302286508689063 -0.0018723974272513602 -0.0018853884925286372 0.0053421984324970853 -0.0028403687904060997 0.00014416013519301423 -0.0068607482255687545 -0.0026932795375783098 0.0005254541594616872 0.0079368932969109372 -0.0031493883622992725 0.0034229099935386958 0.007575777021320328 -0.0044030935386398691 -0.003254770351539849
leaf_weight=578.41727703809738 950.42611184716225 790.3710118830204 878.08774653077126 74412.560184419155 1133.0850817114115 888.57050813734531 639.22151392698288 1940.1857791244984 1673.0676870793104 904.21785828471184 1526.864455550909 632.54911763966084 3357.0584620386362 14356.606378287077 591.47852024435997 726.17862440645695 939.01574937999249 904.86200544238091 871.05155239999294 653.55894899368286 941.11032550036907 1014.454100549221 501.06223085522652 3047.8482008725405 577.82272401452065 671.58861492574215 500.21002869307995 668.67851535975933 3026.9235960841179 1266.7734293490648
leaf_count=2321 3817 3180 3522 299175 4543 3564 2575 7780 6715 3635 6129 2536 13528 57716 2375 2911 3768 3665 3494 2623 3774 4081 2008 12234 2318 2691 2005 2681 12165 5085
internal_value=5.50819e-05 2.58065e-05 0.00252851 -4.99467e-06 -0.000326917 -0.00039454 -0.00160854 -0.000876706 -0.000146648 -0.000520062 0.000988008 -0.00028416 -0.0012528 0.00032414 -0.00297057 -0.00229112 0.000620774 -0.00321333 0.00072083 0.00144211 0.00265831 -0.00453704 0.00181888 0.00214556 0.00339269 0.00259173 -0.000338623 0.00415016 -0.00320216 -0.00136529
internal_weight=121564 120613 1456.51 119157 44744.4 43954 7443.97 6310.89 36510.1 27473.9 9036.2 25800.8 9948.5 15852.3 1495.7 6591.44 1571.56 2558.54 3752.35 8147.63 1812.16 1919.32 7494.07 6993.01 3945.16 3367.34 1171.8 2195.54 5019.88 1992.95
internal_count=488614 484797 5843 478954 179779 176599 29912 25369 146687 110434 36253 103719 39993 63726 6010 26465 6304 10321 15048 32689 7268 7746 30066 28058 15824 13506 4696 8810 20161 7996
is_linear=0
shrinkage=0.03


Tree=165
num_leaves=31
num_cat=0
split_feature=3 43 43 5 36 1 22 5 43 37 22 43 18 16 3 37 24 16 20 11 0 35 15 29 6 21 3 24 15 20
split_gain=11.3664 15.1018 12.8877 11.0274 10.8027 10.5343 14.9332 14.3277 16.4135 10.2749 11.2229 10.1211 9.74798 9.24615 9.87193 18.6713 14.4923 11.1573 11.9069 9.85378 9.47028 9.83879 13.4132 9.05298 9.02608 8.45488 9.73523 11.2205 13.9904 9.66726
threshold=-1.6619004011154173 0.5000000149011613 0.10000000521540643 -0.68140354752540577 0.8571729063987733 0.3727883398532868 1.1608282923698428 0.91241133213043224 0.36666667461395269 -0.20185669511556623 1.2342978119850161 0.30000001192092901 1.9292598962783816 -0.44526574015617365 0.7195112705230714 0.16935884952545169 1.2201951742172243 -0.10974664241075514 1.5005127191543581 -1.3855852484703062 0.17663368582725528 0.44517733156681066 -7.6477713584899893 -0.038986340165138238 -0.64373856782913197 0.88156089186668407 -0.407081589102745 1.2972127199172976 -7.3842260837554923 0.80932676792144786
decision_type=2 2 2 2 2 2 2 2 2 2 2 2 2 2 2 2 2 2 2 2 2 2 2 2 2 2 2 2 2 2
left_child=1 2 -1 24 5 7 12 -2 9 -9 -11 -6 -7 19 -15 -16 -17 -18 -19 -13 -21 22 -22 -10 -3 26 -8 28 -28 -29
right_child=4 3 -4 -5 11 6 25 8 23 10 -12 13 -14 14 15 16 17 18 -20 20 21 -23 -24 -25 -26 -27 27 29 -30 -31
leaf_value=0.0035992639664359071 -0.00019728916117648347 0.002919942055239837 -0.0011780616353795816 0.0061880319538443213 0.0012924084322211689 0.00017102857768537121 -0.0026413263547273354 0.0033831925236670539 0.0058214292626540005 0.0025785044071415211 -0.0022136088876486769 0.0051190389525341213 0.0043419315622628485 0.00029833862179401297 -0.0058902645573185794 0.002089600994367087 0.00024281710747787793 -0.0064144697252426263 -0.0013069965733453301 -0.0020206411264917061 0.0034085652311671008 0.0048191360829850935 -0.0014578808036090542 0.0018007022419992691 -0.0016818683830074942 -0.0020755525222143833 -0.00014966216237948053 -0.0033082145395042593 -0.0043512760428359252 0.00070809682876664111
leaf_weight=634.68377883732319 58312.137784749269 1547.0236319601536 2391.1363320201635 681.34125789999962 8792.4178413897753 4848.2329843342304 1946.9842976629734 507.71382984519005 569.2734949439764 544.49979977309704 2132.5993186682463 518.3248902708292 552.98432984948158 8381.5350521653891 699.94788257777691 1241.0651235878468 1416.0330830365419 677.19437858462334 1038.1881226599216 850.63304138183594 866.47271372377872 637.72260703146458 1209.0734411329031 4071.2836019843817 501.66578324139118 6319.1008632928133 1752.3223477751017 581.32250547409058 1193.7067559063435 6139.9990220814943
leaf_count=2568 234269 6290 9665 2737 35322 19454 7835 2041 2286 2187 8585 2082 2220 33671 2813 4985 5689 2721 4182 3414 3476 2563 4850 16378 2015 25435 7039 2333 4793 24686
internal_value=-6.95957e-06 0.00129306 -0.000167434 0.0029065 -7.16829e-05 -0.000228866 -0.000776748 -3.54741e-05 0.00116903 -0.000488783 -0.00123296 0.000462355 0.000605286 4.56774e-05 -0.000333909 -0.00137715 -0.000642895 -0.00172906 -0.0033488 0.00129445 0.000725449 0.00159063 0.000580304 0.0023054 0.00179039 -0.0011931 -0.0007116 -0.000320629 -0.00186108 0.00035633
internal_weight=121557 5755.85 3025.82 2730.03 115801 89472.2 23334.7 66137.5 7825.37 3184.81 2677.1 26328.6 5401.22 17536.2 13454 5072.43 4372.48 3131.42 1715.38 4082.23 3563.9 2713.27 2075.55 4640.56 2048.69 17933.4 11614.3 9667.35 2946.03 6721.32
internal_count=488584 23275 12233 11042 465309 359541 93795 265746 31477 12813 10772 105768 21674 70446 54061 20390 17577 12592 6903 16385 14303 10889 8326 18664 8305 72121 46686 38851 11832 27019
is_linear=0
shrinkage=0.03


Tree=166
num_leaves=31
num_cat=0
split_feature=3 41 41 12 33 29 21 18 36 34 12 9 31 31 29 22 17 31 22 14 9 22 2 13 23 35 24 17 17 18
split_gain=9.2893 10.6294 12.9284 11.7319 20.6391 14.8217 8.70564 7.97911 11.5199 10.5364 8.3205 12.5045 11.0317 13.8457 11.8399 12.9539 12.9701 13.7522 11.2962 10.8508 10.2217 13.5285 12.8616 11.1208 10.0206 13.0013 23.6462 17.7231 19.2542 14.1707
threshold=-1.6619004011154173 -0.87837970256805409 -0.60785761475563038 -7.4848797321319571 -0.47714379429817194 -0.17653482407331464 0.021070552058517936 1.4835692048072817 0.19799180328845981 0.72061106562614452 -7.6813757419586173 -1.6537142992019651 -0.3972544521093368 -0.30250932276248926 -0.41934420168399805 1.1807311773300173 -0.21646734327077863 -0.051986079663038247 1.4800730347633364 -7.2953908443450919 0.12345852702856065 1.748362183570862 -0.56131428480148304 -6.9389371871948233 0.51245558261871349 0.15680963546037677 1.4160839319229128 -0.09716035425662993 0.28468056023120886 0.90588003396987926
decision_type=2 2 2 2 2 2 2 2 2 2 2 2 2 2 2 2 2 2 2 2 2 2 2 2 2 2 2 2 2 2
left_child=1 -1 -3 4 6 -5 -4 8 9 10 24 -12 -13 19 -15 -16 -17 18 -18 -14 22 23 -19 -22 25 27 -27 -2 29 -29
right_child=7 2 3 5 -6 -7 -8 -9 -10 -11 11 12 13 14 15 16 17 20 -20 -21 21 -23 -24 -25 -26 26 -28 28 -30 -31
leaf_value=-0.0020436259233522626 0.00016964138114123996 0.0051200624580209717 -0.0039312161517776611 0.0045307012525012836 0.0045229484697374804 -0.0012811676159497037 0.00027571947484736668 -0.00051724175125916652 0.00048580116908415364 -0.0026827281893109498 -0.0036002387968400227 0.0022567268112370889 0.00028119870612570243 0.0022803132118265064 -0.0017346268894958389 0.0028830322300825639 0.0049564927592623308 0.0012666789266831317 0.00011178200237431732 -0.0055602991335433876 -0.002678443786816565 0.0036422349649507888 -0.0040529943392780638 0.0025823273729877819 0.00011847558428286868 -0.0058121825344379565 -0.00097196520074553378 -0.0060071813601746309 0.0020391493095919663 -0.0011893198716776221
leaf_weight=800.98675492405891 9865.2579142302275 804.90204654633999 962.91355469822884 1286.1903858035803 563.91234827041626 562.63104631006718 810.07763910293579 28713.681513652205 34436.690175846219 1508.5583634227514 675.99728697538376 2782.2896692156792 515.69698613882065 2604.6401740759611 2769.9775328934193 1791.7280917316675 761.71062675118446 571.79143762588501 988.40237098932266 630.49462422728539 1199.5122870057821 776.20064947009087 1392.9585140943527 506.79621224105358 15732.691880345345 1242.8171865940094 3324.184347063303 1208.9922613799572 643.22624297440052 1011.3634662777185
leaf_count=3239 39639 3278 3883 5223 2260 2262 3275 115540 138288 6103 2716 11215 2072 10459 11110 7195 3055 2293 3968 2534 4818 3116 5584 2032 63166 4987 13334 4854 2583 4065
internal_value=-2.49843e-05 0.00114643 0.0016615 0.000985806 -0.000427306 0.00276466 -0.00201831 -8.37387e-05 5.94741e-05 -0.000220181 -0.000146823 0.000372583 0.000529882 0.000197432 0.000469593 2.95301e-05 0.000642602 -8.73229e-06 0.00223655 -0.00295238 -0.000895345 0.000384534 -0.00250626 -0.00110998 -0.000429418 -0.000927575 -0.00229895 -0.000434118 -0.00250747 -0.00382784
internal_weight=121447 5791.61 4990.63 4185.72 2336.9 1848.82 1772.99 115656 86942 52505.3 50996.7 17968.2 17292.2 14509.9 13363.7 10759.1 7989.1 6197.37 1750.11 1146.19 4447.26 2482.51 1964.75 1706.31 33028.5 17295.8 4567 12728.8 2863.58 2220.36
internal_count=488146 23420 20181 16903 9418 7485 7158 464726 349186 210898 204795 72167 69451 58236 53630 43171 32061 24866 7023 4606 17843 9966 7877 6850 132628 69462 18321 51141 11502 8919
is_linear=0
shrinkage=0.03


Tree=167
num_leaves=31
num_cat=0
split_feature=23 39 24 11 11 10 5 20 23 5 17 40 22 30 30 13 13 24 32 0 15 39 11 10 30 24 17 22 29 11
split_gain=10.5423 16.1656 16.1747 15.9393 14.6212 14.4436 23.4568 21.1497 13.5593 16.6088 16.8418 15.5363 17.0946 13.8075 24.9613 18.59 24.6041 16.9512 14.7521 13.5784 13.528 12.9787 12.1308 15.2411 13.6258 11.997 11.7307 17.2557 11.8109 19.1953
threshold=0.21823287010192874 0.89783340692520153 2.5397636890411381 0.4707606732845307 -0.91958895325660694 -1.3707552552223203 -0.79769307374954213 1.3232576847076418 0.52049240469932567 -0.56577003002166737 0.88860630989074718 -0.97581917047500599 1.6427325606346133 -0.5315740406513213 -0.44633062183856959 -8.2653293609619123 -8.4176506996154767 1.4605863690376284 -0.44998516142368311 -0.94011318683624256 -8.2144975662231428 0.97287458181381237 0.93993571400642406 -0.35013921558856959 -0.037368817254900925 3.5692353248596196 0.46639336645603185 1.3468204140663149 -0.24427456408739087 1.3734912276268008
decision_type=2 2 2 2 2 2 2 2 2 2 2 2 2 2 2 2 2 2 2 2 2 2 2 2 2 2 2 2 2 2
left_child=1 5 3 4 -3 6 -1 -7 11 22 25 12 -2 18 17 16 -16 -15 -13 -20 -17 -6 23 -10 -25 -11 28 -28 -22 -30
right_child=8 2 -4 -5 21 7 -8 -9 9 10 -12 13 -14 14 15 20 -18 -19 19 -21 26 -23 -24 24 -26 -27 27 -29 29 -31
leaf_value=0.0057384486953075331 0.003155558564457013 -0.0035280441593879201 0.0037887757682078015 -0.0044517382240197838 0.0041287746859440741 0.0016447213709175534 -0.00058358162993479954 -0.00026087273973088667 -0.00018901965097398317 0.00012824300763441651 -0.0046765209085442719 0.0012951788739340559 -0.003035874759754708 0.00016826348996484518 -0.00095860206883348136 0.0041179737040398989 -0.0090679967180163999 0.0076155875968453206 -0.005152827744166923 -0.0015654685167980737 -0.0010877967287814076 -0.0012757036338291582 -0.001196500849998275 0.00638704150598447 0.0016403434571158595 -0.0032655544004310047 -0.0058557203889493927 -0.00058570303370368809 0.00025269112716546938 0.0054301357765112485
leaf_weight=1292.7032257765532 1783.5215816348791 851.69192473590374 515.85223914682865 1334.3017968088388 758.98221008479595 9699.464652761817 885.56063805520535 11387.080304682255 1027.708752438426 54764.592283129692 670.96547240018845 1464.579069763422 508.40843892097473 519.22346404194832 995.41082927584648 609.40322487056255 501.01434910297394 576.07664026319981 1038.5204020887613 10378.076545521617 5416.5413658171892 825.83576701581478 844.70381793379784 1194.4292052835226 1009.6553147733212 943.77064950764179 805.53156320750713 1787.2417673766613 6570.3192625939846 704.71449452638626
leaf_count=5246 7147 3433 2075 5362 3054 39001 3569 46065 4121 220067 2690 5875 2040 2083 3996 2448 2011 2312 4165 41622 21747 3324 3388 4788 4046 3787 3228 7172 26350 2826
internal_value=2.9142e-05 0.000545163 -0.0011459 -0.00182921 -0.00038071 0.000857109 0.00317734 0.000616033 -0.000121962 0.000146725 1.28627e-05 -0.000604464 0.00177492 -0.000778833 -0.000253142 -0.000530704 -0.00371586 0.00411867 -0.00153246 -0.00189602 -0.000228668 0.0013222 0.00199352 0.00282843 0.00422989 7.0172e-05 -0.000404552 -0.00223922 -2.82791e-05 0.000760983
internal_weight=121666 27551.5 4286.66 3770.81 2436.51 23264.8 2178.26 21086.5 94114.4 60455.8 56379.3 33658.6 2291.93 31366.7 18485.5 17390.2 1496.43 1095.3 12881.2 11416.6 15893.8 1584.82 4076.5 3231.79 2204.08 55708.4 15284.3 2592.77 12691.6 7275.03
internal_count=489038 111129 17248 15173 9811 93881 8815 85066 377909 242887 226544 135022 9187 125835 74173 69778 6007 4395 51662 45787 63771 6378 16343 12955 8834 223854 61323 10400 50923 29176
is_linear=0
shrinkage=0.03


Tree=168
num_leaves=31
num_cat=0
split_feature=8 4 40 22 22 29 40 32 43 25 14 9 20 22 10 30 31 30 15 8 40 30 8 24 31 15 25 6 15 35
split_gain=11.1784 18.6949 18.0305 13.5154 14.1349 17.8298 16.7843 13.4852 18.724 12.2285 11.4242 13.8631 10.7305 10.6153 10.4707 22.8563 13.8454 10.1871 18.0469 13.07 17.4731 12.3222 15.0616 18.2417 18.6435 19.3338 18.1883 17.3911 17.521 20.5203
threshold=-0.74611017107963551 -1.197826027870178 0.99970966577529918 0.98913428187370311 1.2782297134399416 -0.14302898198366162 -0.60702770948410023 -0.42691153287887568 0.63333335518836986 0.26149056851863867 -8.0696468353271467 -0.8202051818370818 1.1702756285667422 2.4129165410995488 0.34113888442516332 -0.5315740406513213 -0.30799862742424006 0.43297396600246435 -6.8577499389648429 -0.43456807732582087 0.73283809423446666 0.14798556268215182 1.2002630829811098 4.0203938484191903 0.28089444339275366 -7.9858460426330558 0.80394217371940624 -0.76696437597274769 -7.3110280036926261 0.065329767763614668
decision_type=2 2 2 2 2 2 2 2 2 2 2 2 2 2 2 2 2 2 2 2 2 2 2 2 2 2 2 2 2 2
left_child=1 7 17 9 5 -5 -7 8 10 -3 -1 -12 -8 14 -6 -16 -17 21 19 20 -19 22 23 24 -2 26 -26 -27 -29 -30
right_child=2 3 -4 4 13 6 12 -9 -10 -11 11 -13 -14 -15 15 16 -18 18 -20 -21 -22 -23 -24 -25 25 27 -28 28 29 -31
leaf_value=0.0018133216987587641 -0.00036453712919209556 -0.0033725093712879436 -0.0048054540535155538 0.0045897416593265851 7.128164048073267e-05 0.005041578607666985 0.0013478186330761199 -0.0045336084167590263 0.0024822187692226431 0.0021973726766168649 -0.0052596613511231641 -0.00023809146129049537 -0.0033613727322482573 0.004162503260118462 -0.001198445038953964 0.008322613899281666 0.0018533261830240052 -2.0071578975065842e-06 -0.0038552169050737211 0.0010425262416946419 -0.0062890855900561418 -0.0012978900312084905 -0.0014830565359101422 0.0055052666146210329 0.0049945395958937147 0.0038093300232028226 -0.00057091149103941617 -0.00076772826733191287 0.00424102590647753 5.3127987502836401e-05
leaf_weight=575.64212895929813 45901.036721885204 1123.5364578515291 743.00923533737659 2191.2502413541079 9871.1395870745182 620.57999277114868 1014.4033431410789 851.15441563725471 1336.9028473049402 508.16066443920135 1071.1960362046957 914.11439910531044 748.09301167726517 739.47346247732639 902.33476743102074 592.95118321478367 602.77278859913349 1818.4553748071194 806.15727439522743 14681.42173987627 499.26585565507412 9599.0341838747263 6885.8461045622826 525.8724210858345 1686.9633540660143 1206.5693931728601 764.75748720765114 8273.1778067350388 1623.8985277116299 2962.6061788350344
leaf_count=2347 184266 4511 2999 8808 39750 2488 4070 3442 5444 2037 4361 3709 3002 2990 3624 2388 2420 7298 3235 58943 2006 38568 27775 2111 6770 4846 3082 33228 6509 11913
internal_value=-3.97437e-05 0.000545302 -0.000181085 0.00096778 0.00121432 0.00264265 0.00084059 -0.00113587 -0.000384222 -0.00163506 -0.00188443 -0.00296032 -0.000658689 0.000698536 0.000481231 0.00240051 0.00510382 -0.000145258 0.000503121 0.000711953 -0.00137752 -0.000290647 -0.000152024 -6.20294e-06 -5.35108e-05 0.000810484 0.00326326 0.000380955 5.65752e-05 0.0015419
internal_weight=121642 23663.7 97978.1 18914.7 17283 4574.33 2383.08 4749.01 3897.86 1631.7 2560.95 1985.31 1762.5 12708.7 11969.2 2098.06 1195.72 97235.1 17805.3 16999.1 2317.72 79429.8 69830.7 62944.9 62419 16518 2451.72 14066.3 12859.7 4586.5
internal_count=488940 95391 393549 76088 69540 18368 9560 19303 15861 6548 10417 8070 7072 51172 48182 8432 4808 390550 71482 68247 9304 319068 280500 252725 250614 66348 9852 56496 51650 18422
is_linear=0
shrinkage=0.03


Tree=169
num_leaves=31
num_cat=0
split_feature=1 20 43 30 30 35 41 8 14 20 6 11 10 40 40 8 30 35 14 11 21 35 22 24 8 42 40 40 30 22
split_gain=15.0396 10.7897 11.4921 11.2064 10.6791 21.7303 12.4601 23.4959 16.5949 14.7674 13.6674 11.6628 19.5482 14.901 26.8264 18.7552 18.588 21.7234 18.9135 13.3887 12.816 12.0595 19.0908 12.1625 11.8947 11.4162 19.3766 15.5141 12.2701 11.1051
threshold=0.60507473349571239 2.3279843330383305 0.56666669249534618 0.62240085005760204 0.54809069633483898 0.018668888136744503 0.6078576147556306 -0.74611017107963551 -8.7818403244018537 1.396158814430237 1.0162248611450198 0.49271336197853094 -0.74353769421577443 -0.058870663866400712 -0.31937207281589503 0.87807041406631481 0.18946122378110888 0.065329767763614668 -7.5362842082977286 1.2494351267814638 0.4004789292812348 -0.43275816738605494 1.2458646893501284 1.7122647762298586 0.2661703228950501 1.0000000180025095e-35 -0.6867687702178954 0.61737772822380077 -0.58855125308036793 1.1407538652420046
decision_type=2 2 2 2 2 2 2 2 2 2 2 2 2 2 2 2 2 2 2 2 2 2 2 2 2 2 2 2 2 2
left_child=1 3 -3 4 6 -6 7 8 -1 11 -8 12 21 14 15 19 17 -15 24 20 -13 -9 -23 -24 -19 27 -27 -10 -29 -11
right_child=-2 2 -4 -5 5 -7 10 9 25 29 -12 13 -14 16 -16 -17 -18 18 -20 -21 -22 22 23 -25 -26 26 -28 28 -30 -31
leaf_value=-0.003586443023274254 -0.0006624950537966448 0.000263090610469381 0.0029403690865617118 -0.00083216055359618905 -0.00078992140786269031 0.006081828158879107 -0.00078836015638001397 0.00033634365729041748 0.00020588528211717643 0.0024937113104916723 0.0019177527178044155 0.00083202392104916357 0.00058336120245836725 0.0003162335196983498 0.0047752768393137185 -0.0052647622645147192 0.0027458840944946158 -0.0086581793602861692 -0.0014544242126080331 0.0022491218717545338 -0.0043256768152549951 -0.0062185151792606853 0.0016907000728706748 -0.0039637888354177352 -0.0039459010004024991 0.0073378311963880321 0.0020478513069125091 0.00081793248862378786 0.0060548843863665776 0.00042098479534048228
leaf_weight=498.27787572145462 29466.304770648479 3568.5430034399033 2415.0406591296196 11704.525611609221 848.94404347240925 794.94239197671413 17808.225899085402 1465.8853289633989 4149.2670874893665 2917.8079941570759 1845.0179048925638 870.65279245376587 15374.077149987221 1400.5902913361788 880.63640397787094 738.48315393924713 596.18869124352932 854.64308290183544 1428.9651270508766 1356.9109859913588 848.45065169036388 1013.0327997654676 770.63726413249969 600.40699695050716 1164.8928893357515 829.11413502693176 2474.7730013132095 746.64909157156944 873.15318179130554 11354.724890038371
leaf_count=2011 118450 14438 9776 46989 3412 3192 71460 5893 16700 11714 7415 3491 61694 5616 3534 2973 2397 3435 5742 5443 3405 4063 3092 2409 4700 3355 10003 3008 3529 45677
internal_value=-7.26146e-05 0.000115971 0.00134677 3.0398e-05 0.000165996 0.00254977 0.000111872 0.000350293 0.00169555 5.49075e-05 -0.000533468 -0.000329842 0.000104473 -0.0011525 8.63191e-05 -0.00100586 -0.00221886 -0.00283366 -0.00411019 3.03607e-05 -0.00172382 -0.00180443 -0.00311663 -0.000796282 -0.00597292 0.00198926 0.00339351 0.00118057 0.00366074 0.000846172
internal_weight=121660 92193.5 5983.58 86209.9 74505.4 1643.89 72861.5 53208.2 9571.23 43637 19653.2 29364.5 19224 10140.4 4695.13 3814.5 5445.28 4849.09 3448.5 3076.01 1719.1 3849.96 2384.08 1371.04 2019.54 9072.96 3303.89 5769.07 1619.8 14272.5
internal_count=489016 370566 24214 346352 299363 6604 292759 213884 38606 175278 78875 117887 77151 40736 18846 15312 21890 19493 13877 12339 6896 15457 9564 5501 8135 36595 13358 23237 6537 57391
is_linear=0
shrinkage=0.03


end of trees

feature_importances:
Column_40=344
Column_15=296
Column_11=286
Column_14=242
Column_24=225
Column_10=220
Column_39=218
Column_35=203
Column_13=199
Column_41=193
Column_17=174
Column_9=160
Column_30=150
Column_34=150
Column_31=139
Column_12=136
Column_22=127
Column_23=127
Column_25=123
Column_28=118
Column_16=108
Column_7=106
Column_6=91
Column_8=90
Column_42=83
Column_29=82
Column_33=80
Column_20=64
Column_36=62
Column_21=61
Column_5=58
Column_4=50
Column_26=48
Column_43=39
Column_3=38
Column_37=35
Column_18=30
Column_32=29
Column_19=26
Column_0=25
Column_1=22
Column_27=22
Column_2=21

parameters:
[boosting: gbdt]
[objective: binary]
[metric: binary_logloss]
[tree_learner: serial]
[device_type: cpu]
[data_sample_strategy: bagging]
[data: ]
[valid: ]
[num_iterations: 170]
[learning_rate: 0.03]
[num_leaves: 31]
[num_threads: 2]
[seed: 0]
[deterministic: 0]
[force_col_wise: 0]
[force_row_wise: 0]
[histogram_pool_size: -1]
[max_depth: -1]
[min_data_in_leaf: 2000]
[min_sum_hessian_in_leaf: 0.001]
[bagging_fraction: 0.5]
[pos_bagging_fraction: 1]
[neg_bagging_fraction: 1]
[bagging_freq: 1]
[bagging_seed: 3]
[bagging_by_query: 0]
[feature_fraction: 0.7]
[feature_fraction_bynode: 1]
[feature_fraction_seed: 2]
[extra_trees: 0]
[extra_seed: 6]
[early_stopping_round: 0]
[early_stopping_min_delta: 0]
[first_metric_only: 0]
[max_delta_step: 0]
[lambda_l1: 0]
[lambda_l2: 10]
[linear_lambda: 0]
[min_gain_to_split: 0]
[drop_rate: 0.1]
[max_drop: 50]
[skip_drop: 0.5]
[xgboost_dart_mode: 0]
[uniform_drop: 0]
[drop_seed: 4]
[top_rate: 0.2]
[other_rate: 0.1]
[min_data_per_group: 100]
[max_cat_threshold: 32]
[cat_l2: 10]
[cat_smooth: 10]
[max_cat_to_onehot: 4]
[top_k: 20]
[monotone_constraints: ]
[monotone_constraints_method: basic]
[monotone_penalty: 0]
[feature_contri: ]
[forcedsplits_filename: ]
[refit_decay_rate: 0.9]
[cegb_tradeoff: 1]
[cegb_penalty_split: 0]
[cegb_penalty_feature_lazy: ]
[cegb_penalty_feature_coupled: ]
[path_smooth: 0]
[interaction_constraints: ]
[verbosity: -1]
[saved_feature_importance_type: 0]
[use_quantized_grad: 0]
[num_grad_quant_bins: 4]
[quant_train_renew_leaf: 0]
[stochastic_rounding: 1]
[linear_tree: 0]
[max_bin: 255]
[max_bin_by_feature: ]
[min_data_in_bin: 3]
[bin_construct_sample_cnt: 200000]
[data_random_seed: 1]
[is_enable_sparse: 1]
[enable_bundle: 1]
[use_missing: 1]
[zero_as_missing: 0]
[feature_pre_filter: 1]
[pre_partition: 0]
[two_round: 0]
[header: 0]
[label_column: ]
[weight_column: ]
[group_column: ]
[ignore_column: ]
[categorical_feature: ]
[forcedbins_filename: ]
[precise_float_parser: 0]
[parser_config_file: ]
[objective_seed: 5]
[num_class: 1]
[is_unbalance: 0]
[scale_pos_weight: 1]
[sigmoid: 1]
[boost_from_average: 1]
[reg_sqrt: 0]
[alpha: 0.9]
[fair_c: 1]
[poisson_max_delta_step: 0.7]
[tweedie_variance_power: 1.5]
[lambdarank_truncation_level: 30]
[lambdarank_norm: 1]
[label_gain: ]
[lambdarank_position_bias_regularization: 0]
[eval_at: ]
[multi_error_top_k: 1]
[auc_mu_weights: ]
[num_machines: 1]
[local_listen_port: 12400]
[time_out: 120]
[machine_list_filename: ]
[machines: ]
[gpu_platform_id: -1]
[gpu_device_id: -1]
[gpu_device_id_list: ]
[gpu_use_dp: 0]
[num_gpu: 1]

end of parameters

pandas_categorical:null
