tree
version=v4
num_class=1
num_tree_per_iteration=1
label_index=0
max_feature_idx=43
objective=binary sigmoid:1
feature_names=Column_0 Column_1 Column_2 Column_3 Column_4 Column_5 Column_6 Column_7 Column_8 Column_9 Column_10 Column_11 Column_12 Column_13 Column_14 Column_15 Column_16 Column_17 Column_18 Column_19 Column_20 Column_21 Column_22 Column_23 Column_24 Column_25 Column_26 Column_27 Column_28 Column_29 Column_30 Column_31 Column_32 Column_33 Column_34 Column_35 Column_36 Column_37 Column_38 Column_39 Column_40 Column_41 Column_42 Column_43
feature_infos=[-7.745966911315918:7.745966911315918] [-7.3325371742248535:7.6558547019958496] [-7.0806808471679688:7.1235203742980957] [-6.2386288642883301:7.0172433853149414] [-5.8630175590515137:6.0072507858276367] [-5.397395133972168:5.501072883605957] [-4.5054416656494141:5.1347217559814453] [-4.2048540115356445:4.4712448120117188] [-5.2922816276550293:13.292865753173828] [-8.4257583618164062:20] [-10.651530265808105:20] [-20:20] [-11.512925148010254:-4.4153423309326172] [-11.512925148010254:-5.0820927619934082] [-10.088293075561523:-5.5170011520385742] [-9.642552375793457:-5.8911662101745605] [-3.8768486976623535:1.3786319494247437] [-4.7710442543029785:1.5477962493896484] [7.6757356737289228e-07:20] [0:1] [8.4380565112951444e-07:20] [0:1] [1.2909944416605867e-05:18.596773147583008] [0:1] [0.41813674569129944:20] [0:1] [-13.815510749816895:4.8153924942016602] [-1:1] [-13.815510749816895:3.8621807098388672] [-1:1] [-13.815510749816895:2.7940449714660645] [-1:1] [-3.0570411682128906:3.292111873626709] [-2.7606887817382812:2.7703216075897217] [-2.0226480960845947:2.318981409072876] [-2.5941591262817383:9.5927810668945312] [-1:1] [-1:1] [0:1] [-0.99999046325683594:0.99999046325683594] [-0.99999046325683594:0.99999046325683594] [-0.97492790222167969:0.97492790222167969] [-0.90096884965896606:1] [0:0.93333333730697632]
tree_sizes=3547 3619 3618 3617 3625 3603 3618 3607 3613 3621 3616 3620 3619 3620 3628 3604 3626 3611 3625 3617 3613 3610 3617 3611 3625 3609 3625 3606 3616 3622 3618 3612 3615 3620 3603 3609 3622 3612 3631 3618 3614 3613 3628 3627 3632 3630 3618 3609 3621 3625 3626 3623 3627 3609 3626 3626 3619 3598 3616 3632 3629 3611 3628 3618 3615 3622 3621 3614 3638 3607 3611 3598 3623 3618 3612 3598 3599 3625 3617 3630 3606 3627 3623 3610 3617 3615 3611 3607 3623 3613 3632 3629 3620 3606 3637 3619 3595 3599 3630 3610 3624 3605 3614 3624 3608 3611 3619 3620 3636 3613 3605 3613 3612 3625 3604 3627 3621 3632 3624 3605 3616 3587 3636 3637 3612 3605 3605 3613 3608 3629 3615 3599 3628 3615 3614 3619 3602 3623 3621 3627 3627 3627 3629 3629 3623 3614 3609 3647 3623 3613 3613 3624 3611 3625 3626 3600 3631 3616 3620 3634 3633 3626 3619 3604 3609 3612 3600 3622 3620 3627 3605 3626 3621 3607 3605 3610 3608 3614 3612 3631 3592 3619 3613 3615 3605 3596 3605 3611 3630 3623 3606 3621 3624 3607 3608 3606 3587 3600 3621 3614 3606 3630 3613 3610 3600 3622 3612 3615 3614 3617 3603 3619 3638 3593 3609 3604 3618 3608 3621 3619 3607 3623 3606 3617 3606 3628 3641 3623 3617 3599 3595 3596 3618 3605 3624 3606 3624

Tree=0
num_leaves=31
num_cat=0
split_feature=33 8 33 11 33 11 6 13 14 40 40 39 30 30 26 11 36 30 10 6 33 10 19 18 12 11 24 15 24 16
split_gain=366.529 103.485 52.5725 35.8828 34.0699 30.6829 28.1839 23.8399 23.8353 25.6205 22.3274 30.7277 26.0738 20.8479 19.9459 26.678 19.605 26.0364 18.2937 17.1902 17.0899 17.0389 16.0539 15.8597 15.608 15.4102 15.1083 23.9783 14.1635 16.21
threshold=-0.34266743063926691 0.23405938595533374 -0.7527305781841277 0.087892852723598494 0.44098025560379034 0.73645198345184337 1.02104127407074 -8.2107124328613263 -7.8147184848785392 0.52991423010826122 0.49999524652957922 -0.35836455225944513 0.4846056997776032 0.75557690858840953 -1.1852790713310239 -1.5307970046997068 -0.81794506311416615 0.3148773610591889 1.2897487282752993 0.66481399536132824 0.39877641201019293 0.36393021047115331 0.10001498088240625 1.9058073759078982 -8.4419183731079084 -0.44103789329528803 1.798200845718384 -7.4410533905029288 1.0611388087272646 -0.037773009389638894
decision_type=2 2 2 2 2 2 2 2 2 2 2 2 2 2 2 2 2 2 2 2 2 2 2 2 2 2 2 2 2 2
left_child=2 3 24 10 5 -3 8 -4 28 21 14 -12 -13 19 20 -16 -7 -18 23 -6 22 -10 -2 -9 -1 -24 -17 -28 29 -5
right_child=1 4 7 6 13 16 -8 18 9 -11 11 12 -14 -15 15 26 17 -19 -20 -21 -22 -23 25 -25 -26 -27 27 -29 -30 -31
leaf_value=0.0094550011322430544 0.0064545605321640418 0.0068209347723357542 0.0082191849031291071 -0.00037823184469843243 0.0066633821731352134 0.0014424627725548199 0.0028058141684330021 0.012141625749772197 0.007924784833948437 0.0060618790454709994 0.012967769280977155 0.0097172654108992132 0.0038011288147706407 0.0074456732733510916 0.00096872971525996041 0.0082343370400942452 0.0040692849672663966 0.0088241333484223358 0.0070480527603097231 0.0029041693252456783 0.0043963339521448028 0.011218636315071036 0.011678858552512834 0.0089726979178274165 0.015067184878484656 0.0083107657714817651 0.001365560659453079 0.0092984138797332621 0.0065160253082869133 0.0060340797822503811
leaf_weight=514.24236772954464 1206.2320973724127 16671.502565279603 3001.7054493576288 644.74043090641499 1297.2307467907667 1520.9774259924889 1457.2283721417189 8321.126499697566 3272.9514235854149 3381.949805855751 2200.2173448652029 3679.1953942030668 809.73798204958439 1383.2294704169035 632.74060900509357 4583.9319663047791 3986.9408267140388 1393.9793108701706 860.23723255097866 7236.6425953656435 627.24069063365459 2479.7131966501474 2974.4558537900448 1725.7243871837854 3754.6942736655474 2077.969159245491 809.48798575997353 583.99133253097534 4704.9301704764366 789.23828630149364
leaf_count=2057 4825 66687 12007 2579 5189 6084 5829 33285 13092 13528 8801 14717 3239 5533 2531 18336 15948 5576 3441 28947 2509 9919 11898 6903 15019 8312 3238 2336 18820 3157
internal_value=0.00768967 0.00670905 0.0114863 0.0078046 0.00550178 0.00612355 0.00677756 0.0105888 0.00715946 0.00813105 0.00865592 0.0100718 0.00864377 0.0040269 0.00795294 0.00677653 0.00444275 0.00530086 0.0112399 0.00347371 0.00908195 0.00934824 0.00955607 0.0115991 0.0143968 0.0102976 0.00740154 0.00467778 0.0057154 0.00311497
internal_weight=88584.2 70406.5 18177.7 36916 33490.5 23573.4 16730.8 13908.8 15273.5 9134.61 20185.2 6689.15 4488.93 9917.1 13496 6610.15 6901.9 5380.92 10907.1 8533.87 6885.9 5752.66 6258.66 10046.9 4268.94 5052.43 5977.41 1393.48 6138.91 1433.98
internal_count=354342 281630 72712 147666 133964 94295 66924 55636 61095 36539 80742 26757 17956 39669 53985 26441 27608 21524 43629 34136 27544 23011 25035 40188 17076 20210 23910 5574 24556 5736
is_linear=0
shrinkage=1


Tree=1
num_leaves=31
num_cat=0
split_feature=33 34 11 33 22 43 24 21 41 21 43 12 12 19 14 19 12 35 29 41 23 22 26 20 35 24 5 35 24 34
split_gain=354.729 150.156 64.3665 43.6358 41.6641 31.8158 23.3091 23.1896 21.2505 20.446 46.5179 19.5477 19.3592 18.7748 16.4579 15.6581 15.6327 15.6138 15.4411 15.2935 14.9226 14.6805 14.5582 17.6933 14.557 12.9884 12.9202 12.8533 12.7075 12.3965
threshold=-0.37360036373138422 0.2241298705339432 0.50958159565925609 -0.94060644507408131 1.283751428127289 0.10000000521540643 2.8553419113159184 0.76946985721588146 -0.60785761475563038 0.63816145062446605 0.43333333730697637 -8.3875932693481428 -7.6647512912750235 0.82817569375038158 -7.4445776939392081 0.98438975214958202 -8.9598536491394025 -0.32153107225894922 -0.67654946446418751 1.0000000180025095e-35 0.71921193599700939 1.5952615737915041 -1.3066503405570982 0.93522956967353832 -0.15700121223926541 1.32670533657074 0.13093008100986483 -0.72505891323089589 1.3947892189025881 0.06286493688821794
decision_type=2 2 2 2 2 2 2 2 2 2 2 2 2 2 2 2 2 2 2 2 2 2 2 2 2 2 2 2 2 2
left_child=3 2 9 -1 26 7 11 14 -5 16 15 13 19 -4 -6 21 -2 -17 -14 -10 25 -11 -7 -24 -21 -12 28 -18 -3 -13
right_child=1 4 6 8 5 22 -8 -9 12 10 20 29 18 -15 -16 17 27 -19 -20 24 -22 -23 23 -25 -26 -27 -28 -29 -30 -31
leaf_value=0.0080203406884352766 -0.0035482617539564177 -0.0066019809544086427 -0.0059910687014608239 0.0052739761179771538 -0.0062729166593740414 -0.0040651046983784652 0.0037199244822486567 -0.0091858074199272031 0.0032165569183163537 -9.8124613843538626e-06 0.0026538499552064823 -0.00052359817575788883 0.0064278852924966106 -0.00042115630423968461 0.00033650937739522453 0.0066689976677589049 -0.0030684896735196643 0.00048395838336890454 0.0028473561505271559 0.0019456963690269325 0.0013417391525765226 -0.0040598557694133284 0.00095194796527490945 -0.0026618131623451107 -0.0022146373435979099 0.0057999977608281838 -6.2260082597053265e-05 0.00070038935973359571 -0.0012918471227180389 -0.0027715803090799913
leaf_weight=2115.8874451220036 886.73610374331474 569.49403338134289 1688.9843485206366 3965.3771926164627 830.99187655746937 5876.9465002268553 711.23949244618416 1321.7406437546015 2441.1789700835943 3074.4430759251118 2100.9608660936356 6926.150324895978 1638.4383108317852 803.99285465478897 566.4936970770359 509.2404246032238 846.98341868817806 1261.7278775423765 3267.3863653540611 1632.4456821829081 1953.4659454375505 1081.4801381230354 1383.4843282103539 9995.6690256893635 1393.9594896137714 2775.9492947310209 5962.4423197358847 16452.448889359832 1374.4851094782352 3235.2146195471287
leaf_count=8464 3547 2278 6756 15862 3324 23508 2845 5287 9765 12298 8404 27705 6554 3216 2266 2037 3388 5047 13070 6530 7814 4326 5534 39983 5576 11104 23850 65811 5498 12941
internal_value=2.98041e-05 -0.000876344 0.00020907 0.00400342 -0.00260072 -0.00333006 -0.00153001 -0.00634414 0.00340549 0.000960492 0.00188074 -0.00182778 0.00268685 -0.00420361 -0.00361032 -6.45525e-05 0.000314276 0.00228992 0.00405382 0.00145517 0.00356634 -0.00107096 -0.0028517 -0.002222 2.84677e-05 0.00445285 -0.000756175 0.000514198 -0.00287329 -0.00124134
internal_weight=88645.4 72190.8 44309 16454.7 27881.7 19975.3 13365.6 2719.23 14338.8 30943.4 12757.3 12654.3 10373.4 2492.98 1397.49 5926.89 18186.2 1770.97 4905.82 5467.58 6830.38 4155.92 17256.1 11379.2 3026.41 4876.91 7906.42 17299.4 1943.98 10161.4
internal_count=354588 288767 177239 65821 111528 79902 53463 10877 57357 123776 51030 50618 41495 9972 5590 23708 72746 7084 19624 21871 27322 16624 69025 45517 12106 19508 31626 69199 7776 40646
is_linear=0
shrinkage=0.03


Tree=2
num_leaves=31
num_cat=0
split_feature=33 34 34 35 41 0 12 3 36 14 3 12 18 8 43 41 14 35 35 41 1 34 16 36 0 13 43 29 36 33
split_gain=311.086 130.737 48.9197 39.3544 29.3674 25.5852 24.4434 28.9603 26.3056 24.0544 23.0596 22.8233 19.2374 18.7045 18.079 17.566 15.1343 15.8467 15.805 21.5757 18.0842 14.5531 17.7323 13.4218 13.1787 16.7794 17.2815 13.1626 12.7189 14.2415
threshold=-0.38030339777469629 0.26224473118782049 -0.55875554680824269 0.26049622893333441 -0.60785761475563038 0.025528722442686561 -7.9915709495544425 2.3313912153244023 0.92330315709114086 -8.0994663238525373 -2.4631592035293575 -8.7263293266296369 0.78729027509689342 -0.93150514364242543 0.10000000521540643 1.0000000180025095e-35 -7.5673735141754142 -0.72505891323089589 -0.25275495648384089 -0.60785761475563038 -0.37961761653423304 -0.13172004371881482 0.23524943739175799 -0.14226190745830533 -0.26632745563983912 -7.379793405532836 0.70000001788139354 -0.034632701426744454 -0.26256312429904932 -0.53369933366775502
decision_type=2 2 2 2 2 2 2 2 2 2 2 2 2 2 2 2 2 2 2 2 2 2 2 2 2 2 2 2 2 2
left_child=2 3 10 12 -4 -5 8 15 -3 -6 -1 -10 24 14 -12 -8 18 -18 19 -14 -20 -19 -23 -21 25 26 -2 -25 29 -11
right_child=1 6 4 5 9 -7 7 -9 11 28 13 -13 16 -15 -16 -17 17 21 20 23 -22 22 -24 27 -26 -27 -28 -29 -30 -31
leaf_value=0.011187314504856398 -0.0031693818900240594 -0.0023281569855281171 0.0050158267147160417 -0.003485210640405557 -0.0023001241819815789 -1.895955522410791e-05 -0.0039946148490611275 -0.0086221602198397248 0.0068945664764440782 0.0054826429227498984 0.0090368192631043107 -0.00017514226369431452 0.0041017420251010265 0.0076984511805320149 0.0031801605506169336 -0.0019707758368593172 -0.0030964478103328637 0.002310435512998948 0.00061880016382773271 -0.0031303467718550517 -0.0020982043284500178 0.00071108814156891633 -0.0042766451771388096 -0.0012752368812912081 0.0019968347860977267 0.0031412527477845502 0.0025145651863480961 0.0035189298545950068 0.00055009535272829927 0.0015097222913243251
leaf_weight=638.42031510174274 1688.9729762524366 6309.4699880033731 2778.0689304322004 4120.194797039032 1299.2038068622351 3575.9476969987154 7679.7110678106546 856.49744760990143 513.2475328296423 1567.6572358608246 546.45764289796352 1913.2410430759192 1298.9702725559473 1818.1070431321859 3432.9861535578966 7827.2079928964376 863.98265440762043 4969.1226868480444 3165.4507426917553 1103.9764578938484 7225.8739573955536 5606.3872561901808 714.23661938309669 1100.4718464612961 9433.3136823475361 949.73032660782337 663.23687542974949 953.22666023671627 2395.8790452927351 1695.1696350872517
leaf_count=2554 6756 25238 11113 16481 5197 14304 30719 3426 2053 6271 2186 7653 5196 7273 13733 31309 3456 19877 12662 4416 28904 22426 2857 4402 37734 3799 2653 3813 9584 6781
internal_value=-2.25975e-06 -0.000841254 0.00375889 8.5349e-05 0.00241337 -0.00187676 -0.0025917 -0.00327567 -0.00130826 0.00136859 0.00578742 0.00134239 0.000465742 0.00517455 0.00400503 -0.002975 1.2295e-05 0.000796971 -0.000630102 0.00086314 -0.00127074 0.0010974 0.000141604 -0.000477865 0.00142639 -0.000204424 -0.00156286 0.00095625 0.00221347 0.00342947
internal_weight=88704.4 72532.5 16171.9 47433.1 9735.98 7696.14 25099.4 16363.4 8735.96 6957.91 6435.97 2426.49 39737 5797.55 3979.44 15506.9 27001.7 12153.7 14848 4456.65 10391.3 11289.7 6320.62 3157.67 12735.3 3301.94 2352.21 2053.7 5658.71 3262.83
internal_count=354826 290134 64692 189736 38946 30785 100398 65454 34944 27833 25746 9706 158951 23192 15919 62028 108009 48616 59393 17827 41566 45160 25283 12631 50942 13208 9409 8215 22636 13052
is_linear=0
shrinkage=0.03


Tree=3
num_leaves=31
num_cat=0
split_feature=33 35 33 43 11 34 23 40 14 10 40 39 30 19 20 25 43 18 34 23 2 15 30 22 23 6 14 28 18 10
split_gain=303.515 123.988 52.4153 37.7732 34.526 30.4677 30.1857 27.4574 26.3256 23.1478 22.6664 21.9979 21.9765 23.4168 20.8204 19.7352 19.119 18.8891 25.7246 18.1265 18.0881 16.2088 14.8891 14.6849 18.5474 15.6393 14.833 14.3195 14.2512 14.2184
threshold=-0.41482201218605036 0.20884362608194354 0.65031257271766674 0.10000000521540643 0.34482401609420782 -0.5482579469680785 0.83350279927253734 -0.28401264548301691 -7.8310692310333243 2.1032532453536992 -0.47715422511100763 -0.034899164922535413 1.0963043570518496 0.93552416563034069 1.2024789452552798 0.21387796103954318 0.36666667461395269 1.0605306029319765 -0.10941602289676665 0.92511069774627697 -0.22462177276611325 -7.4950916767120352 -0.59746047854423512 1.2946168184280398 0.4518877267837525 0.068099297583103194 -7.8938486576080313 -2.0168048143386836 0.67277953028678905 0.88140228390693676
decision_type=2 2 2 2 2 2 2 2 2 2 2 2 2 2 2 2 2 2 2 2 2 2 2 2 2 2 2 2 2 2
left_child=5 2 4 6 7 20 -3 10 -6 12 27 17 13 19 -15 22 -7 18 21 29 -1 -9 -10 24 -13 -26 -27 -2 -17 -5
right_child=1 3 -4 9 8 16 -8 11 15 -11 -12 23 -14 14 -16 28 -18 -19 -20 -21 -22 -23 -24 -25 25 26 -28 -29 -30 -31
leaf_value=0.0065254879774397255 0.0032043588640842521 -0.003035652627776921 -0.0048656985263425987 -0.0017971114006431182 -0.00253957880490779 0.0045941952461677109 -0.0085518974967092026 0.0085131358824866461 0.00055331547828364042 0.0011828835032415559 -0.0029516587073784655 -0.0029394361654738249 0.0012891148248989619 0.0014415684497356975 -0.0022830958742526756 0.002733823855321504 0.001582014235295897 0.0011250746645608076 0.0021011798788879415 -0.005872556321156578 0.0029126136475147212 0.0033808600003514644 0.0068409300502464635 0.0017416031707556906 0.0044062434275404187 0.0030576489989510296 -0.0026605101876590806 -1.0825656724821087e-05 -0.0012527903423244675 -0.0037480381009623938
leaf_weight=4665.5310797691345 1433.4625275731087 2472.4778592139482 1744.4879032671452 7970.4467578977346 5252.6958260685205 3124.0064515173435 1404.7326713949442 1252.4539478570223 722.48251780867577 2047.4846617281437 2139.1935074478388 1843.1966850161552 1557.242711186409 2322.2301173210144 3201.4800174981356 977.98250888288021 4847.1283649504185 4281.374961078167 3388.9179242998362 1742.7440366744995 1735.0424622446299 1024.2039033919573 631.73217630386353 4820.1337023824453 813.72902776300907 628.48728916049004 1123.2261818498373 9144.7759385854006 4401.180577352643 5853.9545935988426
leaf_count=18665 5734 9890 6978 31882 21011 12497 5619 5010 2890 8190 8557 7373 6229 9289 12806 3912 19390 17126 13556 6971 6941 4097 2527 19281 3255 2514 4493 36580 17605 23416
internal_value=2.15358e-05 -0.000751517 0.000219054 -0.00230081 0.000422269 0.00401031 -0.00505107 0.000938091 -0.000949895 -0.00186715 -0.000142796 0.00165464 -0.00214329 -0.00239721 -0.00071743 0.000292142 0.00276681 0.00263271 0.00376802 -0.00299241 0.0055522 0.00622915 0.00351509 0.000598747 -0.000651896 0.000996668 -0.000603214 0.000427481 -0.000524258 -0.00262535
internal_weight=88568.2 74196.5 45623.7 28572.8 43879.2 14371.7 3877.21 31893.2 11986.1 24695.6 12717.4 19175.7 22648.1 21090.9 5523.71 6733.38 7971.13 9946.95 5665.58 15567.1 6400.57 2276.66 1354.21 9228.77 4408.64 2565.44 1751.71 10578.2 5379.16 13824.4
internal_count=354284 296791 182499 114292 175521 57493 15509 127576 47945 98783 50871 76705 90593 84364 22095 26934 31887 39789 22663 62269 25606 9107 5417 36916 17635 10262 7007 42314 21517 55298
is_linear=0
shrinkage=0.03


Tree=4
num_leaves=31
num_cat=0
split_feature=33 25 7 33 33 11 41 12 14 0 35 35 11 31 17 12 35 25 30 6 10 23 7 17 11 26 0 4 30 3
split_gain=260.91 138.48 39.1261 38.7181 38.4473 25.6298 26.1845 24.4463 21.1509 21.9499 20.1639 20.3823 19.4709 16.9175 16.6071 16.4448 15.8274 15.8131 15.8078 17.2733 17.213 16.7998 16.3915 17.482 14.5601 15.4325 14.1176 14.101 13.938 13.5581
threshold=-0.48571623861789698 0.60509863495826732 0.54522705078125011 0.39877641201019293 -0.94060644507408131 0.31365311145782476 -0.60785761475563038 -7.5161421298980704 -8.1869931221008283 -0.19452390819787976 0.20884362608194354 0.64036929607391369 1.0399365425109866 0.49377134442329412 -0.76901766657829274 -8.9287848472595197 0.094547569751739516 0.25705818831920629 1.0661182403564455 1.2821540832519533 0.49435785412788397 0.99985289573669445 0.95641493797302257 -0.29650992155075068 1.0580846071243288 -1.0490593314170835 -0.11927280202507971 -0.20520956069231031 -0.28340710699558253 -0.54729104042053212
decision_type=2 2 2 2 2 2 2 2 2 2 2 2 2 2 2 2 2 2 2 2 2 2 2 2 2 2 2 2 2 2
left_child=4 2 5 10 -1 6 -2 14 9 -8 -3 12 28 27 -7 -5 -10 -9 19 21 -21 22 -17 -24 25 -6 -16 -13 -12 -14
right_child=1 3 -4 15 24 7 8 17 16 -11 11 13 29 -15 26 18 -18 -19 -20 20 -22 -23 23 -25 -26 -27 -28 -29 -30 -31
leaf_value=0.0079377035451534302 0.0031857853113883947 -0.00019755813167699084 -0.0017830102471359647 0.0017741008625313135 0.0058019388066168857 -0.0039287092373526235 -0.0063564250780668279 0.0054310002503803754 0.0010344794519445318 0.00013138025146527423 -0.0031580984750341698 -0.001740595712070876 -0.0087217200848215028 -0.0047453330655039304 -0.0019632375301731919 -0.0021420778423549523 0.0046847200435727919 0.00074191576349570188 0.00028616164935100336 -0.0072549466756520447 -0.0036159672063941651 0.0005707725974121022 -0.0023525547496702401 -0.0083260341430741458 0.00067451010261615832 0.0029577242273631124 0.00059983609774477264 0.0023925337261197911 -0.00082327221023781295 -0.0035948294023825981
leaf_weight=2079.6045680344105 6271.9381951540709 9356.3114857375622 5493.8966300785542 526.2430694848299 2633.4154786914587 1377.4755132049322 658.23501364886761 929.69939325749874 13051.172678872943 1575.4515783637762 4455.2121117860079 1183.7383628487587 637.24181178212166 568.49608394503593 3117.4278334528208 2788.4771199375391 1155.9693076610565 2092.7061036229134 858.99340407550335 2163.9660529345274 2623.203922867775 1067.4898038506508 775.4906017780304 1045.488302141428 1469.0688413828611 5048.0060666799545 5060.4071745276451 1959.9858879745007 4767.7138761132956 1756.2357337623835
leaf_count=8321 25089 37426 21976 2105 10535 5510 2633 3719 52207 6302 17821 4735 2549 2274 12470 11154 4624 8371 3436 8656 10493 4270 3102 4182 5877 20195 20242 7840 19071 7025
internal_value=-1.09431e-05 -0.000631726 0.000569881 -0.00197291 0.00425988 0.000936572 0.00153799 -0.000149822 0.000907825 -0.00180029 -0.00129538 -0.00196491 -0.00258286 -2.94756e-05 -0.000893798 -0.00338206 0.00133457 0.00219744 -0.00362305 -0.00394392 -0.00527261 -0.00281619 -0.0036001 -0.00580888 0.00341628 0.00393908 -0.000378424 0.00083566 -0.00195333 -0.00499043
internal_weight=88548.8 77318.7 40784.4 36534.3 11230.1 35290.5 22712.8 12577.7 16440.8 2233.69 24684.9 15328.6 11616.4 3712.22 9555.31 11849.4 14207.1 3022.41 11323.1 10464.1 4787.17 5676.95 4609.46 1820.98 9150.49 7681.42 8177.84 3143.72 9222.93 2393.48
internal_count=354210 309282 163143 146139 44928 141167 90855 50312 65766 8935 98741 61315 46466 14849 38222 47398 56831 12090 45293 41857 19149 22708 18438 7284 36607 30730 32712 12575 36892 9574
is_linear=0
shrinkage=0.03


Tree=5
num_leaves=31
num_cat=0
split_feature=33 25 32 11 43 33 9 17 21 11 43 12 11 23 43 33 11 9 40 11 9 39 43 19 32 21 25 10 35 33
split_gain=265.878 96.1276 54.9767 46.715 27.8502 25.5734 26.6749 24.5082 23.5714 22.0298 21.731 19.4487 19.4314 19.2481 18.2072 16.8491 16.7996 16.5931 15.5209 16.7029 16.0998 15.2819 15.2685 15.0519 17.0804 15.6523 22.9118 16.5222 14.7921 14.418
threshold=-0.40065188705921168 0.64495018124580394 -1.1165507435798643 0.31365311145782476 0.2333333417773247 0.73644778132438671 0.9087810516357423 0.16037373244762423 0.99981877207756054 -0.55585691332817067 0.30000001192092901 -7.6459455490112296 0.409251019358635 0.86317342519760143 0.10000000521540643 -0.61662667989730824 0.48634542524814611 -1.9451146721839903 0.77713856101036083 0.049324471503496177 0.70616474747657787 -0.86601716279983509 0.76666668057441723 0.018525700084865097 0.54986804723739635 0.64266312122344982 0.22579039633274081 -1.1201596260070799 -0.19029776006937024 0.43338258564472204
decision_type=2 2 2 2 2 2 2 2 2 2 2 2 2 2 2 2 2 2 2 2 2 2 2 2 2 2 2 2 2 2
left_child=2 3 -1 10 -4 8 -7 21 13 -6 29 12 -11 18 -15 -13 -8 -12 -3 20 -20 -5 -16 -19 25 -25 -27 -28 -23 -2
right_child=1 5 4 7 9 6 16 -9 -10 11 17 15 -14 14 22 -17 -18 23 19 -21 -22 28 -24 24 -26 26 27 -29 -30 -31
leaf_value=0.01023146056921641 0.00013871201834333129 -0.0010621284930683896 0.0053505039212555063 0.0011872832146831685 0.00027696534544994789 -0.006613125460420876 -0.004759316150983745 0.0022600674322416163 0.0010018497845646135 0.0040031834266544553 -0.0037372179274688458 0.0075424041012015081 -0.00013336973000533918 -0.0077549021598823974 -0.0018458542225523642 0.0030149574533075429 0.00069132144572969182 -0.00078268275108552357 0.0013377907782791086 -0.0047461283078295046 -0.0039498280581432245 0.00013242267680141977 -0.0058470860478854305 0.0014495713880412033 -0.0014117785548855549 0.0074699147697200475 0.0071303669486310964 0.0019909077765681879 -0.0024887163674428441 -0.0041420750953373997
leaf_weight=1041.7718024253845 7956.1874493658543 15793.069484308362 3685.0134399235249 1594.7186436653137 3278.8620213866234 2039.6684079915285 913.21614482998848 1695.7037079036236 2712.2144503295422 1992.4437212198973 500.7345810085535 1360.3919810652733 2086.2357120811939 772.21173100173473 3638.4464985430241 1658.0208878219128 1129.2126472145319 1861.9317292571068 1129.4791232347488 2423.2248814553022 941.9877202808857 2452.19855722785 1120.7323761880398 7535.68348698318 1159.4612250775099 1068.1720065772533 637.21704857051373 4475.031709164381 9208.6284421980381 767.23346914350986
leaf_count=4169 31826 63173 14743 6379 13118 8159 3653 6783 10849 7971 2003 5443 8346 3089 14554 6633 4517 7448 4518 9693 3768 9809 4483 30144 4638 4273 2549 17901 36835 3069
internal_value=-1.5009e-05 -0.000759818 0.00360913 0.000208699 0.00311156 -0.00197449 -0.0041937 -0.00112666 -0.00165563 0.00231202 0.000977867 0.0032505 0.00189219 -0.00193506 -0.00350309 0.00507364 -0.0017571 0.00159501 -0.00150603 -0.00305997 -0.00107415 -0.00156128 -0.00279838 0.00175667 0.00207483 0.00237038 0.00348894 0.00264419 -0.00193787 -0.000242099
internal_weight=88629.1 73526.4 15102.7 40912.9 14061 32613.5 4082.1 14951.2 28531.4 10376 25961.7 7097.09 4078.68 25819.2 5531.39 3018.41 2042.43 17238.2 20287.8 4494.69 2071.47 13255.5 4759.18 16737.5 14875.6 13716.1 6180.42 5112.25 11660.8 8723.42
internal_count=354536 294113 60423 163657 56254 130456 16329 59806 114127 41511 103851 28393 16317 103278 22126 12076 8170 68956 81152 17979 8286 53023 19037 66953 59505 54867 24723 20450 46644 34895
is_linear=0
shrinkage=0.03


Tree=6
num_leaves=31
num_cat=0
split_feature=33 34 33 8 13 43 16 39 10 30 13 13 18 18 34 35 33 14 23 19 18 25 3 40 4 43 24 35 35 16
split_gain=227.659 101.579 37.8289 28.8788 26.5559 22.6836 25.4969 20.5069 19.9143 18.8689 17.6068 17.4796 15.5139 15.2575 14.9143 17.6571 15.4076 14.587 14.1879 13.8063 15.4585 13.5889 13.5351 15.7183 21.253 19.9219 16.5302 22.9921 15.9073 13.4482
threshold=-0.37360036373138422 0.25750030577182775 -1.1225199699401853 0.21514146775007251 -8.7781553268432599 0.10000000521540643 -0.521051526069641 0.30901405215263372 0.68385457992553722 0.96358409523963939 -7.3651955127716056 -8.648432254791258 1.0554034113883974 1.1855379939079287 0.56143492460250866 0.66598549485206615 0.93149563670158397 -7.2988593578338614 0.83350279927253734 0.085351340472698226 0.78729027509689342 0.85122352838516246 1.3493551015853884 -0.27563473582267756 -0.38707906007766718 0.30000001192092901 1.5307255387306216 -0.2045091316103935 -0.022280921228229996 -0.14017040282487866
decision_type=2 2 2 2 2 2 2 2 2 2 2 2 2 2 2 2 2 2 2 2 2 2 2 2 2 2 2 2 2 2
left_child=2 3 -1 7 21 18 -7 22 19 12 -9 -4 -8 29 -14 16 -16 -10 -6 -5 -21 -3 23 26 -25 -26 27 -2 -27 -12
right_child=1 4 11 8 5 6 9 10 17 -11 13 -13 14 -15 15 -17 -18 -19 -20 20 -22 -23 -24 24 25 28 -28 -29 -30 -31
leaf_value=0.0086343555778638937 0.0037498309335108632 0.0054885043349994214 -0.00078272042152255274 -0.0027827197331930769 -0.0025811693347133338 0.00024979838760240842 -0.0041782061548566425 -0.00085789217594392617 -0.0045244712248205862 0.00024035988237477854 0.0010032257973702416 0.0030677331117109964 -0.0012177527724439548 -0.0016356971572284932 -0.0035753001844611482 -0.0011370061600364911 -0.0086725110055554302 5.9105507199961397e-05 -0.0066031730942123926 0.0020752152912932548 -0.00084972795560217854 -0.00097660144480871667 -0.0018259446292301518 -0.00026921933333516645 0.00074089026010436189 0.0049977998205806224 -0.00167708253257391 -0.00019097668468063118 0.0016232547906469487 0.0064797615929611321
leaf_weight=1055.7654448449612 2066.4015416353941 555.9903963804245 1142.5672554373741 1835.9692508727312 1440.224251434207 3406.6994900852442 5685.6599465161562 11408.40429367125 2228.7190828323364 1897.2372494935989 855.96611684560776 14236.666275188327 5785.1601325720549 714.96949414908886 1823.4283645153046 1660.6946721076965 762.93464475870132 866.49003934860229 1792.8212262690067 2423.1891411393881 4893.4104518443346 600.48754677176476 1304.4547762572765 2672.3814430236816 2819.3816509395838 3657.7050557881594 2541.1671348959208 3716.3980354219675 1932.942019239068 760.96204707026482
leaf_count=4226 8266 2224 4571 7344 5761 13627 22743 45635 8915 7589 3424 56959 23141 2860 7294 6643 3052 3466 7172 9693 19574 2402 5218 10690 11278 14632 10165 14866 7732 3044
internal_value=-2.28913e-05 -0.000749196 0.00316236 8.1482e-05 -0.00227518 -0.00248707 -0.00212539 0.000526307 -0.00116915 -0.00258462 -0.00037215 0.00278135 -0.00292555 0.00199777 -0.00221216 -0.00356066 -0.00510651 -0.00324526 -0.00482498 -0.000464279 0.000120496 0.00215198 0.00112227 0.00132128 0.00206073 0.00280054 0.000335492 0.00122126 0.00383605 0.00360459
internal_weight=88545.2 72110.2 16435 46698.9 25411.3 24254.9 21021.8 34451.1 12247.8 17615.1 13740.3 15379.2 15717.9 2331.9 10032.2 4247.06 2586.36 3095.21 3233.05 9152.57 7316.6 1156.48 20710.8 19406.4 11082.4 8410.03 8323.97 5782.8 5590.65 1616.93
internal_count=354206 288450 65756 186802 101648 97022 84089 137810 48992 70462 54963 61530 62873 9328 40130 16989 10346 12381 12933 36611 29267 4626 82847 77629 44332 33642 33297 23132 22364 6468
is_linear=0
shrinkage=0.03


Tree=7
num_leaves=31
num_cat=0
split_feature=34 34 32 43 43 19 12 40 4 36 23 12 19 5 40 9 14 8 19 14 36 14 24 5 26 29 7 6 24 43
split_gain=227.676 96.3183 31.8634 29.4642 24.9515 30.2908 23.143 24.298 22.4584 22.2915 21.8086 19.2416 18.6803 18.0798 17.2535 16.9719 18.2665 16.4645 16.427 16.0847 15.5589 19.6334 15.403 15.0361 16.6016 15.0093 14.9787 14.7413 14.0687 14.2794
threshold=0.075826484709978118 -0.47457690536975855 -0.42583167552947992 0.90000000596046459 0.10000000521540643 0.99945682287216198 -8.5703277587890607 -0.99618521332740773 -0.35671584308147425 -0.60622179508209217 0.11114546284079553 -7.3066020011901847 0.47823207080364233 -0.77451610565185536 -0.34201689064502711 -0.36213916540145868 -6.8473126888275138 0.16766685247421267 0.34493300318717962 -7.6897306442260733 0.072821967303752913 -8.3516936302185041 2.1657569408416752 1.3910898566246035 -0.10444122552871703 -0.46132965385913843 0.5036011040210725 0.88202574849128734 2.568209290504456 0.5000000149011613
decision_type=2 2 2 2 2 2 2 2 2 2 2 2 2 2 2 2 2 2 2 2 2 2 2 2 2 2 2 2 2 2
left_child=1 2 25 4 8 13 9 -8 -2 -3 -9 20 -5 -6 26 28 18 -15 -17 -10 -7 -22 -11 24 -23 -1 -12 -14 29 -16
right_child=3 6 -4 12 5 11 7 10 19 22 14 -13 27 17 15 16 -18 -19 -20 -21 21 23 -24 -25 -26 -27 -28 -29 -30 -31
leaf_value=0.0066769256756569776 0.00090462102071444837 -0.0046650436697136385 0.0023378635641673026 -0.001356061821658753 0.0015471236194222154 -0.0013894695911335678 0.005885942040206732 0.0028844800020252242 -0.0061932471508422378 -0.00092194956164994056 -0.0001350260780363084 -0.0036460550825508416 -0.0041972048263323042 -0.00023467972197876324 0.0013106795343794525 0.001518116112229797 0.0049300244486698312 -0.0021812374692061292 -0.0011424517290529034 -0.0025396767707242204 0.0075432545165992513 0.0014003955767982377 0.0042981464138526874 -0.0021698035768874177 0.007357770110047037 0.0031783675645492729 -0.0048839305121754096 -0.0099676365512934902 -0.0013102285318216049 0.0039778479775112686
leaf_weight=3555.8241911679506 926.4696591347456 1257.92440533638 5783.7472390830517 961.2252102047205 1559.1895715296268 1369.2218837291002 871.43744841217995 4078.7755654901266 2017.5790790617466 2999.6030863374472 9899.4363361150026 774.97140035033226 989.47934301197529 4930.1309665292501 3890.7414848208427 3377.2642743587494 684.6997854411602 18951.710806638002 5437.700877264142 2384.0626582801342 545.48526141047478 2294.4579846858978 602.22213691473007 786.95595395565033 507.73853932321072 1642.1144141107798 626.22757245600224 689.46315747499466 952.44731359183788 3386.9476548284292
leaf_count=14231 3706 5032 23139 3845 6237 5477 3486 16318 8071 11999 39600 3100 3958 19721 15564 13510 2739 75809 21752 9537 2182 9178 2409 3148 2031 6571 2505 2758 3810 13549
internal_value=3.54267e-05 0.00140226 0.00387609 -0.00165365 -0.00143459 -0.0011148 0.000687743 0.000970756 -0.00333269 -0.00124405 0.000836508 0.000750385 -0.00471067 -0.00157525 0.00053996 0.00111092 0.000246424 -0.00177966 -0.000122547 -0.0042246 0.00137492 0.00229151 -3.96702e-05 0.0014746 0.00250216 0.0055799 -0.000421931 -0.00661184 0.00210726 0.0025557
internal_weight=88735.3 49047.1 10981.7 39688.1 37048 31719.9 38065.4 33205.7 5328.11 4859.75 32334.2 6278.83 2640.17 25441 28255.5 17729.8 9499.66 23881.8 8814.97 4401.64 5503.86 4134.64 3601.83 3589.15 2802.2 5197.94 10525.7 1678.94 8230.14 7277.69
internal_count=354972 196214 43941 158758 148197 126883 152273 132833 21314 19440 129347 25116 10561 101767 113029 70924 38001 95530 35262 17608 22016 16539 14408 14357 11209 20802 42105 6716 32923 29113
is_linear=0
shrinkage=0.03


Tree=8
num_leaves=31
num_cat=0
split_feature=34 34 34 11 14 26 19 11 17 5 21 6 40 6 28 27 11 2 9 10 29 11 29 5 43 43 11 28 11 35
split_gain=226.496 99.0853 38.7601 38.8605 34.9542 24.8523 24.4144 23.895 23.4118 22.6736 22.0488 20.4024 18.9732 18.9035 17.8841 17.1372 16.7017 16.439 15.6411 15.5907 18.8922 14.2145 14.1113 13.55 12.8337 12.7505 18.7533 12.4536 12.9871 12.2837
threshold=0.080092065036296858 -0.55875554680824269 0.49874667823314672 -0.26222442090511316 -7.610743284225463 -0.52266153693199147 0.99945682287216198 0.62005579471588146 0.53125199675560009 -1.698768615722656 0.10148422047495843 -0.033911243081092828 0.65605276823043834 0.49232210218906408 0.8036462962627412 -0.50458285212516774 0.98652610182762157 -0.39373604953289026 0.80375096201896679 0.31457152962684637 0.0069987056776881227 -0.71226772665977467 0.68277257680892955 -1.3513861298561094 0.10000000521540643 0.76666668057441723 0.96889576315879833 -0.87833258509635914 -0.76952940225601185 0.66598549485206615
decision_type=2 2 2 2 2 2 2 2 2 2 2 2 2 2 2 2 2 2 2 2 2 2 2 2 2 2 2 2 2 2
left_child=1 9 3 6 7 29 10 11 13 -1 -2 19 -8 -4 -11 23 -9 21 -12 27 -21 -17 -13 -6 -15 -26 -27 -3 -29 -5
right_child=2 4 8 5 15 -7 12 16 -10 14 18 22 -14 24 -16 17 -18 -19 -20 20 -22 -23 -24 -25 25 26 -28 28 -30 -31
leaf_value=0.0071578702692077865 0.0047746869504805183 0.0031954697309308417 -0.00036631970455906407 -0.0028452142086470671 0.006799393794754487 -0.0001479247209468676 0.0017198607602625568 -0.0037186280857511083 0.0012481752083591036 0.0044788299127285595 5.629711993017009e-05 -0.001570596595303395 0.0085465206935606119 -0.0068516933092484435 0.00044790563818114445 -0.0039153103182091708 -0.00041349011520158577 0.0017978759531705486 -0.0035419941442740772 0.0010998493754897599 -0.0041133844429938893 0.00053287782333603939 0.0027883157522563401 0.002549182748937129 -0.0028621504379199719 -0.0038100730681688969 -0.010617455274116524 -0.0022103617435377879 0.0018027547583560994 0.00022587189293474979
leaf_weight=2187.6684008687735 729.97942990064621 4221.3160704225302 1513.4479385316372 11292.182150498033 758.98177573084831 5758.5827882438898 1206.4640543460846 2054.6306712329388 1032.71222448349 4242.572066962719 5281.116184040904 4315.0118477195501 520.73209412395954 1222.4599671214819 1294.5405317693949 877.14625479280949 4134.5468896478415 9389.2544421106577 1358.9712960720062 2052.5227407217026 888.18711148202419 2377.243401825428 781.20950700342655 5882.5980599820614 6028.6015200018883 1328.8720016777515 503.70919039845467 939.88265269994736 3074.130834788084 1306.2186154276133
leaf_count=8758 2920 16887 6054 45170 3037 23035 4826 8219 4131 16976 21125 17261 2083 4891 5180 3509 16539 37560 5436 8211 3553 9510 3125 23533 24116 5316 2015 3760 12298 5225
internal_value=0.000104365 0.00145279 -0.00160236 -0.000986844 0.000874699 -0.00178108 0.000616016 7.01884e-05 -0.00305331 0.00457175 -0.000137918 0.000673651 0.00381538 -0.00347328 0.00353893 0.00181119 -0.00151493 0.00116151 -0.000684354 0.0013906 -0.000483316 -0.000674351 -0.000898259 0.00304438 -0.00398996 -0.00353681 -0.00572864 0.00205952 0.000859924 -0.00252687
internal_weight=88555.5 49471.4 39084 27454.2 41746.7 18357 9097.26 22461.4 11629.8 7724.78 7370.07 16272.3 1727.2 10597.1 5537.11 19285.2 6189.18 12643.6 6640.09 11176 2940.71 3254.39 5096.22 6641.58 9083.64 7861.18 1832.58 8235.33 4014.01 12598.4
internal_count=354259 197916 156343 109820 167002 73430 36390 89853 46523 30914 29481 65095 6909 42392 22156 77149 24758 50579 26561 44709 11764 13019 20386 26570 36338 31447 7331 32945 16058 50395
is_linear=0
shrinkage=0.03


Tree=9
num_leaves=31
num_cat=0
split_feature=33 33 25 32 39 41 24 40 42 12 36 22 18 12 24 24 40 40 28 4 36 15 12 20 12 17 10 7 28 32
split_gain=246.732 87.7129 47.9727 26.9978 26.0295 28.3224 26.7206 22.7656 20.853 20.7596 27.9407 24.8838 18.7756 18.7438 18.3403 17.4445 15.9091 15.8109 15.0485 14.9586 16.6504 17.5543 14.8193 14.6895 14.6729 13.8836 13.6996 16.3613 13.4293 13.1726
threshold=-0.50423282384872425 0.44098025560379034 0.59412807226181041 -1.1165507435798643 -0.30070292949676508 1.0000000180025095e-35 2.1016162633895878 -0.24191959202289579 1.0000000180025095e-35 -8.5559048652648908 0.95249378681182872 1.0478186607360842 1.081352233886719 -7.4874756336212149 0.90625649690628063 2.568209290504456 0.89492586255073558 0.84338340163230907 1.5636547803878786 -1.1882219910621641 0.76695829629898082 -7.8419291973114005 -8.4089016914367658 1.615929186344147 -7.690171241760253 -0.61749744415283192 0.29517345130443579 -0.98607119917869557 -1.5221934914588926 1.1261962652206423
decision_type=2 2 2 2 2 2 2 2 2 2 2 2 2 2 2 2 2 2 2 2 2 2 2 2 2 2 2 2 2 2
left_child=3 2 4 -1 7 13 14 8 26 10 -3 -11 -13 15 -7 23 17 19 29 -4 -21 -22 -5 -6 28 -23 27 -2 -16 -14
right_child=1 9 16 22 5 6 -8 -9 -10 11 -12 12 18 -15 24 -17 -18 -19 -20 20 21 25 -24 -25 -26 -27 -28 -29 -30 -31
leaf_value=0.008829578238583673 0.0026310331836204353 -0.002421353823090314 0.0026075947067202053 0.00095439817577036947 0.00034132351847748424 -0.0059331819007692327 -0.0047867479830616989 0.002450996786798605 0.0021335290366797789 0.0020454778412420569 0.006019689709551689 -0.0056672371895444915 -0.0028187735667343436 0.0033137390372951271 0.00068773533862337942 0.0047979371125045052 -0.0028330597476206635 0.0030581006473851136 0.001381937052578256 -0.0016342917596130417 0.0037731316705836362 0.0029604458979564821 0.0042310088375758495 -0.0033336531717323937 0.0014240336776278767 -0.0014575772376132846 0.0028244674998755678 -0.0031747131015288088 -0.0027222039955470704 -0.0068732151774927404
leaf_weight=1032.1881657838821 519.42148241400719 1031.1769284754992 983.94253607094288 1476.0409700572491 8823.1827383637428 536.46698901057243 1694.9022030383348 8868.2487087696791 2596.3244148343801 747.97663627564907 523.97269344329834 2899.6949058175087 7093.7596236467361 2170.2572821080685 1742.9155554622412 701.2138554751873 4225.8174696415663 894.46382230520248 684.44878035783768 15943.214873641729 1051.7175619453192 791.72540612518787 8070.2954147011042 1090.916226580739 2876.4831637889147 3170.6587038189173 576.96480350196362 2535.5678788423538 2553.1177123785019 800.58226478099823
leaf_count=4134 2078 4125 3936 5906 35295 2146 6780 35477 10386 2992 2096 11600 28378 8682 6972 2805 16904 3578 2738 63775 4207 3167 32297 4364 11507 12683 2308 10143 10213 3203
internal_value=-6.57917e-05 -0.000648139 -0.000182781 0.00423177 0.000515017 -0.000138855 -0.0013878 0.00147556 8.49609e-05 -0.00281923 0.000442956 -0.00323419 -0.00357971 0.000780119 -0.000635268 0.000259499 -0.00114406 -0.000830399 -0.00286833 -0.000990239 -0.00116032 0.000347009 0.00372591 -6.6011e-05 -0.000231303 -0.00056958 -0.00138131 -0.00218223 -0.0013404 -0.00323812
internal_weight=88707.7 78129.1 64347.5 10578.5 37286 22189.5 9403.89 15096.5 6228.28 13781.6 1555.15 12226.5 11478.5 12785.6 7708.98 10615.3 27061.5 22835.7 8578.79 21941.3 20957.3 5014.1 9546.34 9914.1 7172.52 3962.38 3631.95 3054.99 4296.03 7894.34
internal_count=354875 312538 257406 42337 149156 88764 37618 60392 24915 55132 6221 48911 45919 51146 30838 42464 108250 91346 34319 87768 83832 20057 38203 39659 28692 15850 14529 12221 17185 31581
is_linear=0
shrinkage=0.03


Tree=10
num_leaves=31
num_cat=0
split_feature=33 34 33 43 43 21 7 43 19 33 35 31 16 40 13 29 39 40 4 20 43 13 21 26 39 10 8 19 3 5
split_gain=207.904 99.4791 31.9333 25.8211 24.1809 31.012 24.5939 21.8726 22.7782 21.59 21.3244 19.7487 24.429 19.1762 20.1269 17.4315 16.6971 16.3964 16.0205 15.7399 14.9344 14.8801 18.6679 18.1198 14.7515 15.1298 14.3744 14.7248 14.3068 14.2195
threshold=-0.40782716870307917 0.25750030577182775 -0.94060644507408131 0.10000000521540643 0.36666667461395269 0.59406262636184703 0.59803709387779247 0.83333334326744091 0.43551760911941534 0.4258034229278565 -0.23301487416028974 0.381881594657898 0.11677818000316621 -0.99451243877410878 -7.8472416400909415 -0.50714039802551258 1.0000000180025095e-35 0.52991423010826122 0.46512328088283544 1.7381827235221865 0.30000001192092901 -8.5870060920715314 0.91843315958976757 -2.4762839078903194 0.77713856101036083 -0.73944368958473194 0.21514146775007251 0.42698398232460028 -0.14427527785301206 0.55490058660507213
decision_type=2 2 2 2 2 2 2 2 2 2 2 2 2 2 2 2 2 2 2 2 2 2 2 2 2 2 2 2 2 2
left_child=2 4 -1 28 9 15 10 21 -9 13 17 12 20 -2 16 -6 -15 -7 26 -16 -4 22 -5 -23 -18 -26 -17 -28 -3 -25
right_child=1 3 11 7 5 6 -8 8 -10 -11 -12 -13 -14 14 19 18 24 -19 -20 -21 -22 23 -24 29 25 -27 27 -29 -30 -31
leaf_value=0.0066900777350419743 0.0049066645527205991 -0.001263681088659759 0.0032706281792035815 -0.001659028284395383 0.0015192816178525431 0.0027194703775242539 -0.0023077107813194312 -0.00022852060611452366 -0.0055661452315773421 -0.004885392839346807 0.0013112785203403317 0.0067340719147569415 0.004326007935249742 9.3681615818420929e-05 0.0006411426910591559 -0.00025989859114581345 -0.0045264401529363759 0.006924090151638692 0.0044490330376294922 -0.0030787089339913234 0.00047890342548267403 -0.0040996077665431847 0.0052399035299802842 -0.00015443731008139196 0.0033490577876461184 -0.0024545229155288578 -0.0010993231283313639 -0.0051291170266179187 -0.0057201022636939481 -0.0020256763827183298
leaf_weight=2095.6511579602957 578.9683141708374 878.8936583250761 2546.1683840602636 741.96882432699203 4149.2378889620304 2707.4192696660757 1171.2034147232771 1025.9404362738132 2406.4588409513235 1018.974175915122 7605.3665127009153 994.4589586108923 3762.7468011826277 2672.3707954287529 9490.9575163424015 8093.7163642048836 2383.6777829378843 1214.0235852450132 504.97396123409271 1137.4337471574545 5314.4543816447258 2279.1333440095186 657.21335518360138 6353.0217956006527 511.7339441627264 1793.6972990185022 2282.6751697659492 1266.7126177400351 2536.3732414543629 8601.1950551271439
leaf_count=8394 2316 3516 10189 2968 16598 10831 4685 4104 9627 4076 30423 3979 15058 10690 37966 32377 9535 4857 2020 4550 21265 9117 2629 25413 2047 7175 9131 5067 10148 34408
internal_value=9.71894e-06 -0.000637466 0.00326568 -0.00215526 0.000158845 0.00070885 0.00181973 -0.001778 -0.00397603 -0.00065526 0.00224075 0.00269209 0.00234078 -0.000420625 -0.000594704 -0.000157276 -0.00179929 0.00403546 -0.000730692 0.00024053 0.00138619 -0.00137117 0.00159567 -0.00161284 -0.00287602 -0.00115741 -0.000958967 -0.00254785 -0.00458031 -0.00123135
internal_weight=88776.8 74063.3 14713.5 25480.2 48583.1 28995.3 12698 22064.9 3432.4 19587.8 11526.8 12617.8 11623.4 18568.8 17989.9 16297.3 7361.48 3921.44 12148.1 10628.4 7860.62 18632.5 1399.18 17233.4 4689.11 2305.43 11643.1 3549.39 3415.27 14954.2
internal_count=355159 296274 58885 101930 194344 115989 50796 88266 13731 78355 46111 50491 46512 74279 71963 65193 29447 15688 48595 42516 31454 74535 5597 68938 18757 9222 46575 14198 13664 59821
is_linear=0
shrinkage=0.03


Tree=11
num_leaves=31
num_cat=0
split_feature=33 33 11 36 12 3 25 23 39 3 28 22 41 10 23 28 12 24 17 23 10 17 30 12 40 39 20 36 11 30
split_gain=171.589 85.7151 44.6938 30.264 29.2214 28.5953 25.6439 23.4013 23.5178 22.391 20.7041 20.6047 19.2017 19.0352 17.0294 19.1023 16.7726 15.8104 15.5773 15.1741 14.8453 17.7078 14.7297 15.1094 14.0422 13.5678 13.5172 12.7662 16.8054 12.7468
threshold=-0.48571623861789698 0.45621991157531744 0.52115353941917431 -0.7775750160217284 -8.9937210083007795 -2.4631592035293575 0.75847283005714428 0.11506162956357004 -0.40673276782035822 0.1186746619641781 1.6876443624496462 1.2133706808090212 0.6078576147556306 1.4223389625549319 0.93227016925811779 0.081380669027566924 -8.2657589912414533 2.8106492757797246 -0.27870485186576838 0.99985289573669445 -0.75274071097373951 -0.79005956649780262 0.59326696395874035 -7.3978233337402335 -0.47715422511100763 0.87461137771606456 0.87976908683776867 0.2859730869531632 -0.54371455311775196 -0.44596274197101587
decision_type=2 2 2 2 2 2 2 2 2 2 2 2 2 2 2 2 2 2 2 2 2 2 2 2 2 2 2 2 2 2
left_child=5 2 6 16 -3 -1 12 -5 -9 20 11 -6 -2 22 15 -13 -4 -14 26 -16 -10 -22 23 25 -21 -7 -8 28 -25 -28
right_child=1 4 3 7 10 13 18 8 9 -11 -12 14 17 -15 19 -17 -18 -19 -20 24 21 -23 -24 27 -26 -27 29 -29 -30 -31
leaf_value=0.0083063238322521136 0.0012160175454787065 0.004095862689481037 -0.0064955152026113204 0.0039985608317176504 -0.00062522066730176713 0.003732954024315564 -0.0027750932502117465 0.00071225608350190426 0.001630601243311572 -0.00030698784350315366 0.002293825604320566 -0.0045760072968252319 -6.7991146799825815e-05 -0.0025443923164860478 -0.0063757916113977055 -0.00068437245548026878 -0.0023663562809604593 -0.0054445075554823037 -0.0022519491719907832 -0.0064502643871555861 -0.0088168690545386147 -0.0030329437452576045 0.00066537931907712444 0.0033897708473234296 -0.0012129150784057853 0.000343973994881393 0.00014283587888187465 0.0018024681294474504 0.0099231452939903368 0.0044900629407288685
leaf_weight=952.19575560092926 24628.60792542994 518.95744706690311 1146.6773916184902 909.40919351577759 2019.1141479611397 4735.3167421668768 1016.9557434022427 5108.5103836208582 510.72590203583241 4680.5461870282888 599.70163348317146 2225.4164082556963 9316.9225796759129 542.76654830574989 3272.9674800485373 2314.8291740119457 3884.4888048768044 509.72259502112865 4583.5398903340101 701.36802101135254 536.47444722056389 3974.0363813638687 1721.4538462311029 602.02241787314415 1325.2641219943762 1372.9785662591457 2619.1245837211609 504.40720660984516 906.24153637886047 780.46314449608326
leaf_count=3815 98524 2076 4587 3638 8077 18952 4068 20435 2043 18723 2399 8903 37271 2172 13095 9261 15539 2039 18335 2806 2146 15897 6891 2410 5302 5495 10477 2019 3628 3122
internal_value=-9.39069e-05 -0.000600245 -0.000150612 -0.00129568 -0.00282296 0.00335068 0.000396354 -0.000646572 -0.000934307 -0.00180115 -0.00311421 -0.00338939 0.000768809 0.00288876 -0.00395538 -0.00259773 -0.00331847 -0.00035213 -0.0010288 -0.00511142 -0.00319056 -0.00373886 0.00319065 0.00372447 -0.00304821 0.00297301 0.000242823 0.00597913 0.00735486 0.0011511
internal_weight=88521.2 77183.8 64206.2 20750.9 12977.6 11337.4 43455.3 15719.7 14810.3 9701.78 12458.7 11859 34455.3 10385.2 9839.85 4540.25 5031.17 9826.65 9000.08 5299.6 5021.24 4510.51 9842.42 8120.97 2026.63 6108.3 4416.54 2012.67 1508.26 3399.59
internal_count=354145 308763 256844 83008 51919 45382 173836 62882 59244 38809 49843 47444 137834 41567 39367 18164 20126 39310 36002 21203 20086 18043 39395 32504 8108 24447 17667 8057 6038 13599
is_linear=0
shrinkage=0.03


Tree=12
num_leaves=31
num_cat=0
split_feature=33 35 33 33 21 43 19 11 43 10 32 4 36 15 11 43 11 43 43 35 4 24 14 11 40 10 33 40 24 11
split_gain=163.727 79.575 36.8414 32.5692 23.7639 29.7545 24.5547 22.4341 20.1774 21.7157 18.0902 19.9511 20.842 18.834 16.7468 16.7352 16.7311 15.8352 15.7463 15.2453 14.5566 13.8726 13.7576 13.4683 13.3478 13.9867 18.7221 15.7186 15.542 17.3638
threshold=-0.33634178340435023 0.17685702443122867 -0.73083952069282521 0.4258034229278565 0.64668464660644542 0.43333333730697637 0.96056994795799266 0.34482401609420782 0.10000000521540643 2.4403946399688725 0.87966185808181774 -0.017085893079638478 0.11180555447936059 -7.8797233104705802 1.8713297843933108 0.43333333730697637 0.87047019600868236 0.30000001192092901 0.83333334326744091 -0.048814419656991952 -0.1337531507015228 1.3128882646560671 -7.8310692310333243 1.0580846071243288 0.98900645971298229 -0.864844650030136 -0.02118175849318504 0.52991423010826122 1.1922298073768618 -0.37636367976665491
decision_type=2 2 2 2 2 2 2 2 2 2 2 2 2 2 2 2 2 2 2 2 2 2 2 2 2 2 2 2 2 2
left_child=2 3 21 4 7 6 -6 24 14 10 11 16 -13 -14 -3 -4 -10 -5 -15 -7 23 -1 -9 -17 25 27 -27 -2 -28 -30
right_child=1 8 15 17 5 19 -8 22 9 -11 -12 12 13 18 -16 20 -18 -19 -20 -21 -22 -23 -24 -25 -26 26 28 -29 29 -31
leaf_value=0.007254458253463816 -0.0027322396382536696 -0.003159740974891427 0.0027448468954278812 -0.0045335378785767771 -0.0013615059196063423 0.0035493266574822971 0.0025457058464770023 -0.0034665135832085804 -0.0018224581003587605 0.002220269004309642 -0.0049835778763582762 -0.0020396304403838524 0.0035483718966115812 0.00016710950220157354 -0.0089734788155431434 0.00087795389331810894 -0.0046904859303215545 -0.00095727022971214088 -0.0040559268282613229 0.00068588414330199049 0.0051246214035260045 0.0036369806429712623 -0.00051405120050916761 -0.0026101536969545098 0.0043083997768763507 0.001623182190214663 0.0017178962791978703 0.0013389253178775983 -0.00016548883435112122 -0.0054310364852194898
leaf_weight=1368.7474151104689 2534.593630194664 3506.3896617740393 6468.2814238518476 1667.2384681403637 4494.4962692707777 5241.1531252115965 2123.0946968793869 2517.6662903279066 5373.7745758593082 1247.686413243413 1521.8390255868435 7752.7605548799038 1240.6481631100178 5022.3360118716955 506.62976597249508 5637.634064540267 2785.8039802908897 3342.4102333933115 933.85174603760242 2464.3682567775249 593.32816085219383 3273.9515435099602 3252.0951665192842 1199.7387444972992 734.2001988440752 7153.7407922297716 1181.6944212019444 1276.8890310078859 1266.6833785027266 1006.4472539424896
leaf_count=5482 10139 14029 25883 6670 17979 20968 8493 10071 21496 4991 6089 31014 4963 20091 2027 22558 11144 13371 3736 9858 2374 13112 13009 4800 2937 28617 4727 5108 5067 4026
internal_value=-0.000101187 -0.00076392 0.00240518 0.000106813 0.000428679 0.00136973 -0.000106021 -0.000215846 -0.00193623 -0.00162811 -0.00182387 -0.00161373 -0.000961432 0.00020127 -0.00391419 0.0016302 -0.00280619 -0.00215413 -0.000500695 0.00263562 0.000657544 0.00471677 -0.00180614 0.000262985 0.000390428 0.000188096 0.000748088 -0.00136842 -0.00106338 -0.00251043
internal_weight=88690.2 70148.5 18541.7 40256.8 35247.1 14323.1 6617.59 20924 29891.7 25878.7 24631 23109.2 14949.6 7196.84 4013.02 13899 8159.58 5009.65 5956.19 7705.52 7430.7 4642.7 5769.76 6837.37 15154.2 14420 10608.6 3811.48 3454.83 2273.13
internal_count=354829 280620 74209 161040 140999 57298 26472 83701 119580 103524 98533 92444 59804 28790 16056 55615 32640 20041 23827 30826 29732 18594 23080 27358 60621 57684 42437 15247 13820 9093
is_linear=0
shrinkage=0.03


Tree=13
num_leaves=31
num_cat=0
split_feature=34 34 32 11 30 4 25 7 5 43 12 14 28 32 11 22 21 5 21 11 43 9 16 6 28 12 25 43 10 8
split_gain=169.585 85.7256 27.4832 25.2348 26.3959 24.0958 20.9327 18.0053 19.6778 17.7542 17.3449 24.6854 15.625 17.726 15.4526 14.6276 23.1136 13.9812 25.0544 26.8474 20.6067 16.7677 13.828 13.6971 13.3175 13.2681 12.9225 13.8854 12.9107 13.3249
threshold=-0.47457690536975855 0.35593432188034063 -1.1165507435798643 0.52115353941917431 0.21751966327428821 -0.36628578603267664 0.72402307391166698 0.45505531132221227 -0.7613106071949004 0.90000000596046459 -8.1085000038146955 -6.9695966243743888 1.5636547803878786 1.1261962652206423 -0.97133922576904286 1.2542287111282351 0.82462975382804882 1.0156435966491701 0.6341332495212556 -0.5814203917980193 0.70000001788139354 -0.88073202967643727 -0.46323139965534205 0.34289163351058966 -1.9420230984687803 -8.5559048652648908 0.99994561076164257 0.10000000521540643 -0.49609194695949549 -0.7588515281677245
decision_type=2 2 2 2 2 2 2 2 2 2 2 2 2 2 2 2 2 2 2 2 2 2 2 2 2 2 2 2 2 2
left_child=2 3 -1 7 6 -3 15 17 -9 28 26 12 13 24 -10 16 -5 18 -2 -20 -19 -21 -6 -8 -12 -16 27 -7 -4 -30
right_child=1 5 9 4 22 10 23 8 14 -11 11 -13 -14 -15 25 -17 -18 20 19 21 -22 -23 -24 -25 -26 -27 -28 -29 29 -31
leaf_value=0.0088230151615310316 0.00052040390583005258 0.00096168893865449412 0.0018298441628835128 -0.00061071785683505548 0.0060172903041123531 -0.0058406779198364716 -0.0051483662079999867 0.0033915799260925868 0.0014047784176066242 0.0078556740375163199 -0.0074955547013331085 5.2193894726244076e-06 0.00079975568588978201 -0.0090219930268574493 0.0017882927468069237 -0.0016812367665067073 0.0039176203657295613 -0.0028259275255159777 0.0044803025020827532 0.005199819085441904 0.0033783457678236693 0.00060433003087719439 0.00085566612100973711 -0.00036130585063808061 -0.0032801061936766364 -0.0025177787739502091 0.0033864602452802631 -0.00080507046888134289 0.0029930912395059192 0.006715970371124238
leaf_weight=840.05765815079212 19712.556323558092 2054.0770157426596 5145.1865605413914 4799.8366239219904 557.20902428030968 561.48897080123425 1768.8319337069988 953.63698415458202 1604.6677426993847 678.07827216386795 732.63192866742611 1973.6707663238049 659.43021413683891 579.91008125245571 737.71598133444786 6773.8054764568806 1275.6944219172001 1831.8516585528851 3498.0095835626125 812.09556646645069 643.17423893511295 5494.44675321877 2674.9353122711182 773.42212924361229 8327.4811376929283 4740.0078284442425 543.16767519712448 3617.5536111593246 3063.056097060442 1217.5444677621126
leaf_count=3369 78863 8217 20594 19201 2229 2247 7076 3815 6419 2714 2931 7896 2638 2321 2951 27098 5103 7328 13994 3249 2573 21980 10701 3094 33317 18961 2173 14472 12260 4874
internal_value=0.000137062 -0.000355539 0.00363164 0.000212426 -0.000699615 -0.00210346 -0.00121721 0.000636837 -0.000632092 0.00319172 -0.00247427 -0.00306849 -0.00365694 -0.00396231 -0.00117789 -0.000723659 0.000344984 0.000955674 0.00113732 0.00237588 -0.00120654 0.00120339 0.00176132 -0.00369914 -0.00362887 -0.00193565 -0.000926637 -0.00149397 0.00284823 0.00406519
internal_weight=88645.2 77701.3 10943.9 58651.9 18623.7 19049.4 15391.6 40028.2 8036.03 10103.9 16995.3 12273.1 10299.5 9640.02 7082.39 12849.3 6075.53 31992.1 29517.1 9804.55 2475.03 6306.54 3232.14 2542.25 9060.11 5477.72 4722.21 4179.04 9425.79 4280.6
internal_count=354658 310847 43811 234635 74502 76212 61572 160133 32146 40442 67995 49103 41207 38569 28331 51402 24304 127987 118086 39223 9901 25229 12930 10170 36248 21912 18892 16719 37728 17134
is_linear=0
shrinkage=0.03


Tree=14
num_leaves=31
num_cat=0
split_feature=34 34 24 14 30 34 32 36 23 43 10 26 10 37 16 28 19 23 15 33 14 32 2 13 43 12 5 7 34 31
split_gain=156.817 64.1861 27.5769 26.8415 24.8785 30.6884 21.1207 20.1338 24.3659 17.5285 16.2647 16.8507 16.201 16.1244 15.8827 17.2595 15.7451 15.219 17.2779 13.952 18.7648 17.7883 17.037 15.6302 14.87 14.0198 13.8156 13.3711 12.0331 11.4451
threshold=0.075826484709978118 -0.55875554680824269 1.1347009539604189 -7.820270061492919 0.96358409523963939 0.56143492460250866 -1.1165507435798643 -0.18729838728904721 0.27291065454483038 0.83333334326744091 -1.1908178329467771 -0.083814483135938631 -0.36446425318717951 -0.21485464274883267 -0.11658694595098494 -0.3414835780858993 0.50536513328552257 0.081478279083967223 -7.3868916034698477 0.48089721798896795 -8.1685299873352033 0.16005336493253711 -0.34600956737995142 -8.4247136116027814 0.2333333417773247 -8.7072329521179181 -0.81671652197837818 -1.500316262245178 0.29665537178516393 -0.41669070720672602
decision_type=2 2 2 2 2 2 2 2 2 2 2 2 2 2 2 2 2 2 2 2 2 2 2 2 2 2 2 2 2 2
left_child=1 2 -1 7 5 10 -4 8 -3 27 16 19 -9 -10 -7 -16 -2 18 -5 21 -21 22 23 -12 -22 -23 -25 -8 -28 -29
right_child=4 3 6 17 -6 14 9 12 13 -11 11 -13 -14 -15 15 -17 -18 -19 -20 20 24 25 -24 26 -26 -27 28 29 -30 -31
leaf_value=0.008835065333888302 -0.0019428562698669879 0.00023744329851912868 0.0080623392026211663 0.00077290313827402463 0.0011848471567789131 -0.0018139268212903062 -8.2401839447583059e-05 0.0020944890479104687 -0.0064521709357694941 0.0064612083608135314 -0.0052211351523991072 0.00020357980553331465 -0.00042098811590407064 -0.0018638396297338937 -0.0075947078630064814 -0.0033394332732691835 0.0039254305437004446 0.00098809018901916757 0.0056400622851796806 0.00095432290691925428 -0.0086824553261400216 0.0038299504249068961 -0.0031079037485423275 0.0043757302989146738 -0.0033540721479658636 -0.00064641258227328305 0.00043649971514677955 0.0049310214550480971 -0.0028845086902724131 0.0014029244669269499
leaf_weight=807.30285300314426 666.46328784525394 2791.9339273124933 660.43154609203339 1225.1312824636698 3015.7959483712912 3650.2314049601555 2067.7279598861933 3556.5024910271168 1139.3742898702621 838.51573660969734 633.19532464444637 5004.7424920797348 6503.9931862652302 1752.8563113063574 1180.5806101709604 3207.4587145149708 1045.6499867290258 22910.59091001749 1413.2115249782801 639.40304985642433 646.29789228737354 693.44971780478954 6734.7413052618504 510.6934440433979 1769.7434822022915 5997.5497774034739 2620.3368111103773 1493.8687770813704 1558.3398321419954 1865.6193109452724
leaf_count=3234 2666 11171 2650 4903 12064 14605 8279 14228 4558 3357 2533 20021 26019 7012 4724 12835 4183 91657 5656 2558 2586 2774 26941 2043 7080 23992 10482 5980 6234 7468
internal_value=-2.64082e-05 0.00110743 0.00361393 0.000637247 -0.00143098 -0.00164703 0.0029935 -0.000336958 -0.00176257 0.00244723 -0.00118484 -0.00136599 0.000469459 -0.00368738 -0.00328344 -0.00449896 0.0016431 0.0012375 0.00339142 -0.00172619 -0.00360402 -0.0014184 -0.00210632 -0.000835535 -0.00480934 -0.000177463 -0.000233507 0.00181633 -0.000805922 0.00298175
internal_weight=88601.7 49027.1 7733.47 41293.6 39574.7 36558.9 6926.16 15744.7 5684.16 6265.73 28520.6 26808.5 10060.5 2892.23 8038.27 4388.04 1712.11 25548.9 2638.34 21803.8 3055.44 18748.3 12057.3 5322.57 2416.04 6691 4689.37 5427.22 4178.68 3359.49
internal_count=354493 196172 30968 165204 158321 146257 27734 62988 22741 25084 114093 107244 40247 11570 32164 17559 6849 102216 10559 87223 12224 74999 48233 21292 9666 26766 18759 21727 16716 13448
is_linear=0
shrinkage=0.03


Tree=15
num_leaves=31
num_cat=0
split_feature=33 7 35 33 14 13 1 43 6 13 41 3 14 11 14 36 43 33 28 32 25 15 17 21 19 6 35 43 26 25
split_gain=144.117 59.139 26.077 24.3183 20.2951 16.764 24.8298 16.5268 18.1327 15.4799 15.232 18.2209 15.2209 15.0986 29.2038 21.8696 15.3473 15.2103 14.7468 14.567 14.4277 13.9042 13.6688 13.543 13.2885 13.2477 12.6245 12.4715 11.5582 11.4046
threshold=-0.34266743063926691 0.54522705078125011 0.25547339022159582 -0.57725611329078663 -7.1456818580627433 -7.6562800407409659 -0.42929416894912714 0.10000000521540643 0.35230176150798803 -6.9631116390228263 -0.60785761475563038 -2.0640416145324703 -7.4505047798156729 0.068507503718137755 -7.5730402469635001 0.957820624113083 0.2333333417773247 0.062987212091684355 -0.31129427254199976 -0.03146726265549659 0.66639068722724926 -6.9210274219512931 0.31055094301700598 0.99981877207756054 0.99945682287216198 0.5869535803794862 0.61621078848838817 0.30000001192092901 0.13561765849590304 0.80332002043724071
decision_type=2 2 2 2 2 2 2 2 2 2 2 2 2 2 2 2 2 2 2 2 2 2 2 2 2 2 2 2 2 2
left_child=3 2 13 10 20 7 9 8 -3 -7 -1 -12 22 15 16 -2 -15 -16 -10 -6 -4 -21 29 -9 26 -25 -22 -5 -18 -8
right_child=1 5 4 27 19 6 12 23 18 -11 11 -13 -14 14 17 -17 28 -19 -20 21 24 -23 -24 25 -26 -27 -28 -29 -30 -31
leaf_value=0.0057759262376183163 0.00047108009771973814 0.0010535403163498831 -0.00025294508852036673 0.00291000276948129 -0.0018552885486531826 -0.001382666266053788 -0.0036990397485565482 -0.0011118971432476556 -0.0082556363319007432 0.0038403618598692782 0.0061079332669737854 0.001980057585301931 -0.0025780073265886409 -0.0033836024950494176 0.0028013215709988895 0.0029091718613576266 -0.0010138123568507677 -0.00051065173900961228 -0.0016024627606377542 0.0053198264822185105 -0.004518172629008119 -0.00087066164885366145 -0.0018049365047260442 0.0056326764472681336 0.000221744561745036 0.00016793446053208695 -0.00082348433390526713 0.00067434132455588983 0.0031047627444903757 -0.0085900271847396629
leaf_weight=2166.9175162017345 16642.642373993993 505.91212759912014 2967.0790362209082 3354.5610541701317 834.70737382769585 2146.455339089036 731.14870271086693 9232.9805798381567 759.08781073987484 659.19335934519768 1205.4705140739679 4722.5979545712471 6236.0404530018568 2411.0961595326662 3119.955854922533 4125.3854547291994 5979.6479645967484 2071.0671623647213 500.89483278989792 907.93912866711617 3256.0997816324234 502.95733469724655 726.13649927079678 524.46637052297592 1022.1489213705063 1580.672543540597 1123.8779770731926 6779.3093160688877 673.45775187015533 1120.5826574116945
leaf_count=8679 66579 2024 11869 13424 3339 8587 2925 36938 3038 2637 4833 18910 24949 9645 12481 16504 23920 8285 2005 3632 13026 2012 2905 2098 4089 6324 4496 27126 2694 4484
internal_value=2.15639e-05 -0.000594375 4.58496e-05 0.00239805 -0.00125604 -0.00177573 -0.00260509 -0.0010389 -0.00373021 -0.000146223 0.00362352 0.00282833 -0.00338674 0.000440671 -0.000311044 0.000956553 -0.00133813 0.0014815 -0.00564417 0.00127216 -0.00193511 0.00312244 -0.0053256 -0.00061681 -0.00285685 0.00154959 -0.00357417 0.00141654 -0.000592877 -0.00668908
internal_weight=88590.5 70361.6 45638.1 18228.9 10614.8 24723.6 11619.6 13104 1765.89 2805.65 8094.99 5928.07 8813.91 35023.3 14255.2 20768 9064.2 5191.02 1259.98 2245.6 8369.21 1410.9 2577.87 11338.1 5402.13 2105.14 4379.98 10133.9 6653.11 1851.73
internal_count=354457 281485 182571 72972 42463 98914 46487 52427 7067 11224 32422 23743 35263 140108 57025 83083 36259 20766 5043 8983 33480 5644 10314 45360 21611 8422 17522 40550 26614 7409
is_linear=0
shrinkage=0.03


Tree=16
num_leaves=31
num_cat=0
split_feature=33 34 43 11 33 14 13 28 40 15 34 15 16 30 28 40 19 23 21 43 9 33 8 34 15 0 24 20 6 7
split_gain=151.167 76.6977 32.2476 32.0233 29.5228 30.6024 26.4894 25.9641 22.7479 21.668 19.9677 22.7262 18.7796 18.7575 18.7327 17.0067 16.3934 16.0043 20.3313 16.919 17.1759 17.708 15.0712 14.898 14.8768 14.2046 13.5561 13.3473 14.2 13.3221
threshold=-0.50423282384872425 0.24794806540012362 0.10000000521540643 0.087892852723598494 -0.2903814017772674 -7.6157619953155509 -8.5670328140258771 -1.6426061391830442 0.52991423010826122 -7.4046480655670157 -0.55875554680824269 -8.0607647895812971 -0.51480072736740101 1.0661182403564455 -0.25134250521659846 0.93968367576599132 0.065888155251741423 0.86317342519760143 0.50036892294883739 0.83333334326744091 1.1719193458557131 1.0300276279449465 0.51350715756416332 0.075826484709978118 -8.1257820129394513 0.24267762154340747 1.6565055847167971 0.81746941804885875 -0.60665628314018238 1.259952247142792
decision_type=2 2 2 2 2 2 2 2 2 2 2 2 2 2 2 2 2 2 2 2 2 2 2 2 2 2 2 2 2 2
left_child=10 3 -3 7 26 14 25 16 -9 23 -1 -12 -8 17 27 -10 -2 18 -14 20 21 -19 -18 -7 -16 -4 -5 -6 -29 -15
right_child=1 2 6 4 5 9 12 8 15 -11 11 -13 13 29 24 -17 22 19 -20 -21 -22 -23 -24 -25 -26 -27 -28 28 -30 -31
leaf_value=0.0045516675761524128 -0.00038436385077586033 -0.0045316163750744086 4.8814957513607053e-07 0.0026615456545292138 -0.0050352850450508099 0.0040091195355130074 0.00028934229163347621 -0.00040945270105796448 0.0028757673540614529 -0.00091721294476732875 -0.0032285729216966902 0.0027112312180704434 -0.0032455341669891538 -0.0017930439649298136 0.0046707662069984651 -0.00043645172751882283 0.0036668059871640679 -0.0030750241771741451 -0.00030381366714192271 -0.0068286552282402525 -5.8567367745858102e-05 -0.0089124421535659252 -0.00048660857294466754 -0.00046349519239616754 -0.0011717861745403817 0.0055007590390103991 -0.00054502009803213364 -0.0057825371524720393 -0.0016687101429157546 0.0036800608578353377
leaf_weight=5477.3418323546648 1595.5475502312183 3495.3472843617201 1135.8735830634832 3003.6231347173452 2023.8612253516912 1727.3439693897963 3432.8810639381409 13906.403518259525 4158.8494117856026 5807.8054684996605 659.15984074771404 4387.5876690596342 3698.5346334278584 784.22308070957661 506.72065052390099 2093.3653455078602 5123.2428195774555 4138.219867169857 4924.7203017324209 1139.9337636083364 1502.0161689966917 522.36518856883049 925.93022985756397 1088.190313026309 1618.4031716883183 662.92118163406849 1952.3932562321424 868.44263438880444 5524.1271309554577 798.21735079586506
leaf_count=21947 6383 13989 4544 12017 8096 6910 13733 55634 16639 23233 2638 17564 14796 3137 2027 8375 20496 16557 19702 4562 6010 2091 3704 4353 6474 2652 7811 3474 22098 3193
internal_value=-7.58862e-05 -0.000530509 -0.00185227 0.000137554 -0.000662172 -0.00119584 -0.00143862 0.000831348 0.00026638 0.000129735 0.00329777 0.00193058 -0.00173884 -0.00213645 -0.0022793 0.00176784 0.00231884 -0.00244588 -0.00156782 -0.00347918 -0.00284955 -0.00374697 0.0030313 0.00228495 0.00023668 0.00204674 0.00139978 -0.00291411 -0.00223574 0.000973482
internal_weight=88683.6 78159.5 26235.3 51924.2 24120.9 19164.9 22739.9 27803.3 20158.6 8623.34 10524.1 5046.75 20941.1 17508.2 10541.6 6252.21 7644.72 15925.8 8623.25 7302.53 6162.6 4660.59 6049.17 2815.53 2125.12 1798.79 4956.02 8416.43 6392.57 1582.44
internal_count=354839 312690 104966 207724 96493 76665 90977 111231 80648 34496 42149 20202 83781 70048 42169 25014 30583 63718 34498 29220 24658 18648 24200 11263 8501 7196 19828 33668 25572 6330
is_linear=0
shrinkage=0.03


Tree=17
num_leaves=31
num_cat=0
split_feature=34 33 13 33 2 11 11 30 6 35 16 15 43 41 22 15 11 31 30 10 1 41 17 27 2 13 21 16 43 23
split_gain=166.228 71.3141 25.078 21.5279 21.1953 21.1522 20.8206 30.501 19.4949 19.2501 14.6058 17.0066 15.1175 14.1307 17.5894 16.3416 14.985 14.1129 18.4016 14.0574 13.1472 12.7009 12.6901 12.5987 12.5775 11.7774 11.7191 18.6718 14.4913 17.2261
threshold=0.17750366032123568 -0.50423282384872425 -8.5486888885498029 0.4258034229278565 0.020584627985954288 -0.76952940225601185 0.38734911382198339 0.23746427893638614 -0.96539697051048268 -0.63755038380622853 0.23524943739175799 -7.4695599079132071 0.16666667163372043 1.0000000180025095e-35 1.3244802951812746 -7.0883164405822745 0.68344703316688549 0.37545888125896459 -0.28340710699558253 2.1032532453536992 -0.26358360052108759 -1.0000000180025095e-35 -0.76901766657829274 -0.037203107029199593 0.090881060808897032 -7.4613652229309073 0.7250611186027528 -0.76744094491004933 0.43333333730697637 0.54668134450912487
decision_type=2 2 2 2 2 2 2 2 2 2 2 2 2 2 2 2 2 2 2 2 2 2 2 2 2 2 2 2 2 2
left_child=1 8 4 5 23 -4 9 22 10 -3 11 12 -1 14 16 -16 -5 19 -19 -7 -10 -6 24 -2 -8 -12 -11 -28 -29 -30
right_child=2 6 3 13 21 17 7 -9 20 26 25 -13 -14 -15 15 -17 -18 18 -20 -21 -22 -23 -24 -25 -26 -27 27 28 29 -31
leaf_value=0.0058207680612948629 -0.0054531372289342529 -0.0016040990009196054 0.0010200572411506114 -0.0033078597106791017 0.00040894873264395588 -0.0014814737487965305 -0.0055497481313313661 0.0025797887742082183 0.0021401089082921073 0.00068118260890450907 0.0081296060955766414 0.0050336876571562272 0.00042510188381618684 -0.0019400935689242419 -0.0042008138016251294 -0.0091715738479476432 0.0028306926092066197 -0.0051246587743563029 -0.0014862200727132568 0.0030812790582548074 -0.002603620632554037 0.0058015998037494109 -0.00068928038564643797 0.0010095366091028362 -0.00052622226695622678 0.0038791024526828258 0.007506428711534059 0.00022679168937293496 0.0047495427192391802 0.00088577491258665997
leaf_weight=575.44900767505169 538.66783799231052 2635.8917140215635 2732.0039573907852 1097.2508986592293 763.62046471238136 8852.3865319788456 1028.8721459656954 2445.7152909487486 2349.3060525506735 20002.291249111295 1115.5017514079809 2153.5755168646574 2325.8609305173159 5431.271428912878 3958.484097212553 704.12168557941914 519.86416935920715 2280.3289592862129 2783.0965060293674 643.19941057264805 667.48264414072037 803.6102834045887 11582.138271793723 532.16218854486942 793.43842069804668 1301.3156222701073 515.1544254720211 3495.6285276114941 2102.38528200984 2053.8567952811718
leaf_count=2305 2155 10546 10929 4390 3055 35414 4116 9784 9406 80022 4471 8627 9315 21734 15842 2818 2080 9123 11134 2573 2672 3215 46333 2129 3174 5216 2061 13984 8412 8217
internal_value=-7.43284e-05 0.000891557 -0.00181851 -0.0020732 0.000978823 -0.00139922 0.000388779 -0.000494527 0.00312553 0.000843279 0.00394671 0.00301912 0.0015116 -0.00306628 -0.00403567 -0.00496949 -0.00132919 -0.00185359 -0.00313167 -0.00116949 0.0010854 0.00319333 -0.00105696 -0.00226181 -0.0033773 0.00586637 0.00107278 0.00202984 0.00165182 0.00284692
internal_weight=88783.9 57143.9 31640.1 29002 2638.06 17291 46655.4 15850.2 10488.5 30805.2 7471.7 5054.89 2901.31 11711 6279.72 4662.61 1617.12 14559 5063.43 9495.59 3016.79 1567.23 13404.4 1070.83 1822.31 2416.82 28169.3 8167.03 7651.87 4156.24
internal_count=355252 228661 126591 116037 10554 69173 186649 63407 42012 123242 29934 20247 11620 46864 25130 18660 6470 58244 20257 37987 12078 6270 53623 4284 7290 9687 112696 32674 30613 16629
is_linear=0
shrinkage=0.03


Tree=18
num_leaves=31
num_cat=0
split_feature=33 11 33 39 33 4 36 26 10 5 11 28 23 4 10 13 11 6 7 23 13 28 2 28 39 15 35 31 11 29
split_gain=131.422 50.4638 51.0778 33.2894 24.7425 21.456 21.4481 17.2823 18.5428 16.9769 15.3528 16.4018 16.5897 16.2099 15.3206 15.866 15.5456 15.0799 14.5709 13.8003 13.761 13.571 13.5336 13.214 12.7232 15.0605 13.5445 12.2875 12.9025 12.1175
threshold=-0.33634178340435023 0.22451653331518176 0.54422584176063549 -0.75470238924026478 -0.56590440869331349 0.14123987406492236 -0.4163870215415954 -1.0789703726768491 -0.91157388687133778 0.80558511614799511 1.9680168628692629 -1.4195514917373655 0.92511069774627697 -0.080288138240575777 0.59126952290534984 -7.9060592651367179 1.0000000180025095e-35 1.0556021332740786 0.2411138862371445 0.71539247035980236 -8.0796880722045881 -1.5812269449234007 -0.44513548910617823 -2.1572540998458858 -0.5948171317577361 -7.9039723873138419 0.25547339022159582 -0.4944413006305694 -0.38733747601509089 0.28518770635128027
decision_type=2 2 2 2 2 2 2 2 2 2 2 2 2 2 2 2 2 2 2 2 2 2 2 2 2 2 2 2 2 2
left_child=4 2 5 10 22 9 17 8 -8 27 11 -3 13 -13 16 -16 -6 -5 -9 21 29 -7 -1 -22 26 -26 -4 28 -2 -21
right_child=1 3 24 6 14 19 7 18 -10 -11 -12 12 -14 -15 15 -17 -18 -19 -20 20 23 -23 -24 -25 25 -27 -28 -29 -30 -31
leaf_value=0.0041915485532239864 -0.00011348986806673588 -0.0032923708890502034 -0.0029469155947977744 -0.003946890572761032 0.00075117882748670635 0.0038698041902598254 0.0022080732071178802 0.0014535943867914241 -0.002597273453077384 -0.0047028816593486416 0.0051955803269114675 -0.00087585214243306782 -0.0030519832740355194 0.0027525771398712309 -0.0039981465300188822 0.0011202911785631331 0.0034441895228882941 -0.00018896475056588461 -0.0013310252206402327 -2.1969316875813626e-05 -0.0046209412582740939 0.0013640531114078377 0.0014422124814380279 7.6022726613314179e-05 0.00024399411899398492 -0.0048718345976943222 0.0032546382729590206 -0.00027230589611383123 0.0047671358093349615 0.0048969053059838962
leaf_weight=6212.7772355377674 1001.0869046598673 1158.8598915487528 731.98190116882324 6090.0627502053976 4538.3594396710396 2709.4919659048319 777.42412206530571 2700.2630481421947 9110.3122212588787 703.12791933119297 530.14522990584373 1805.5728280246258 916.35918912291527 2842.8364369720221 888.80323767662048 1376.8026772886515 3355.156931579113 1142.0023698061705 4488.6657848656178 859.87719786167145 603.64625370502472 6907.8949090987444 2193.6585333496332 4432.9576536417007 647.27102607488632 2562.8442234545946 543.40163221955299 14726.094776421785 939.36319564282894 937.10282020270824
leaf_count=24896 4005 4636 2929 24364 18162 10840 3110 10802 36447 2813 2121 7223 3667 11373 3556 5509 13426 4570 17961 3440 2415 27637 8786 17735 2590 10257 2175 58911 3758 3749
internal_value=3.04845e-05 -0.000565723 0.000166148 -0.00145374 0.00227332 0.000565336 -0.00198577 -0.00140446 -0.0022176 -0.000170054 0.000329484 -6.13449e-05 0.000616213 0.00134434 0.00127513 -0.000896431 0.00189876 -0.00335456 -0.000284517 0.00134143 0.000309911 0.00207328 0.00347668 -0.000494958 -0.00283829 -0.00384275 -0.000299861 2.3882e-05 0.00226153 0.00255607
internal_weight=88434.2 69868.6 38306.1 31562.5 18565.6 33820.6 24308.7 17076.7 9887.74 17369.7 7253.77 6723.63 5564.77 4648.41 10159.1 2265.61 7893.52 7232.07 7188.93 16451 6833.58 9617.39 8406.44 5036.6 4485.5 3210.12 1275.38 16666.5 1940.45 1796.98
internal_count=353863 279528 153254 126274 74335 135303 97254 68320 39557 69487 29020 26899 22263 18596 40653 9065 31588 28934 28763 65816 27339 38477 33682 20150 17951 12847 5104 66674 7763 7189
is_linear=0
shrinkage=0.03


Tree=19
num_leaves=31
num_cat=0
split_feature=33 34 33 11 30 43 43 43 0 18 11 17 23 41 43 9 40 21 29 8 14 8 28 19 30 28 21 17 28 23
split_gain=136.405 56.8959 35.3056 31.2665 26.5858 23.6909 21.8162 22.3667 20.4237 19.7234 16.0845 15.5461 15.1768 13.9575 13.7588 22.7089 13.9525 13.648 13.3923 13.4287 13.2047 17.2228 16.5053 14.3875 13.0442 12.8936 12.7752 15.9865 12.6373 21.8353
threshold=-0.34266743063926691 0.40528763830661779 -0.98729878664016713 0.097916934639215483 0.20754436403512957 0.30000001192092901 0.10000000521540643 0.83333334326744091 0.64397588372230541 0.44931453466415411 -0.54371455311775196 -0.29650992155075068 0.2223426625132561 1.0000000180025095e-35 0.43333333730697637 1.1146883964538576 -0.40673276782035822 0.38824740052223211 0.40654894709587103 0.69682043790817272 -7.6629192829132071 0.44431975483894354 -0.047472219914197915 0.94830039143562328 0.40898263454437261 -0.79640915989875782 0.99981877207756054 0.11014682054519655 -2.0926920175552364 0.7463495433330537
decision_type=2 2 2 2 2 2 2 2 2 2 2 2 2 2 2 2 2 2 2 2 2 2 2 2 2 2 2 2 2 2
left_child=2 3 -1 9 20 10 -3 11 12 -2 -4 14 -6 -13 15 16 -8 -7 19 -14 22 25 23 -5 -15 -22 28 -28 29 -11
right_child=1 6 5 4 8 17 7 -9 -10 26 -12 13 18 24 -16 -17 -18 -19 -20 -21 21 -23 -24 -25 -26 -27 27 -29 -30 -31
leaf_value=0.0062650816809411009 0.0033338550976174833 -0.0050236503485576456 0.00095461568940965525 -0.003244661038316019 0.0047552922453514565 0.00067848124954199372 -0.0076984108599847069 -0.0045919070593513555 0.0043405468471025832 0.0027519200681803782 0.0044735837945171514 -0.0035211838897737874 0.0015354411151503209 -0.0025513164993686468 0.0014725985102791339 0.0025303970820872174 -0.001596464436014562 0.0046326015038843918 -0.0035810228780563157 -0.0031630365702633389 0.001055963395281752 -0.0028715056933418469 0.0010674016763333643 -0.00057677991236233697 0.0010886679130447756 -0.0017420626727108696 0.0038057883228355197 -0.0020275330653691235 -0.00025727890331961914 -0.0029143727230893234
leaf_weight=1740.2518968582153 1985.6717578023672 2198.6798616051674 1696.0784773677588 7466.9026286154985 503.94348393380642 10251.731776803732 540.04408967494965 2190.3719816505909 1173.8729832321405 3053.782332777977 3798.7702140361071 3533.2714753895998 2145.7794728577137 1889.8193680197001 2639.1302220523357 730.79742622375488 889.95992039144039 841.47143046557903 1065.3784521967173 723.92622597515583 4483.847400188446 2299.6266739815474 1241.8556675165892 2410.7850290387869 1652.431967690587 2201.76351813972 1721.406078800559 552.37116834521294 20420.02136258781 756.15547816455364
leaf_count=6986 7944 8803 6791 29872 2016 41038 2161 8766 4696 12217 15209 14138 8584 7562 10560 2924 3561 3368 4262 2896 17937 9200 4968 9644 6611 8808 6887 2210 81692 3025
internal_value=-9.41774e-05 -0.000693852 0.00221067 -0.000226772 -0.000984914 0.0017818 -0.00224946 -0.00181256 0.000839476 0.000457716 0.0033911 -0.00129649 -9.40355e-05 -0.00218949 2.17046e-05 -0.00174899 -0.00393834 0.000982322 -0.00072554 0.000343312 -0.00149442 -0.000638093 -0.00218518 -0.00259477 -0.000855008 0.000133268 0.000241058 0.00238602 3.887e-05 0.00162265
internal_weight=88799.9 70471.6 18328.3 54207.1 25717.7 16588.1 16264.5 14065.8 5612.9 28489.4 5494.85 11875.5 4439.03 7075.52 4799.93 2160.8 1430 11093.2 3935.08 2869.71 20104.8 8985.24 11119.5 9877.69 3542.25 6685.61 26503.7 2273.78 24230 3809.94
internal_count=355336 281944 73392 216858 102883 66406 65086 56283 22454 113975 22000 47517 17758 28311 19206 8646 5722 44406 15742 11480 80429 35945 44484 39516 14173 26745 106031 9097 96934 15242
is_linear=0
shrinkage=0.03


Tree=20
num_leaves=31
num_cat=0
split_feature=34 23 35 21 32 30 40 25 12 41 43 10 43 12 12 41 35 40 40 21 8 37 28 40 18 29 25 35 8 40
split_gain=109.838 67.4526 42.4907 38.7432 30.9083 29.5202 26.0334 25.8888 21.3548 21.3398 20.0475 19.2655 19.1246 18.4856 17.3486 17.3245 15.948 14.8619 40.3352 14.6851 14.162 13.1635 12.5714 12.3076 12.294 12.9425 13.3675 12.9084 12.6833 12.1754
threshold=-0.55875554680824269 0.92511069774627697 0.19964057207107547 0.99981877207756054 -1.1165507435798643 0.77363169193267833 0.54463386535644542 0.6226327419281007 -7.6391224861145011 1.0000000180025095e-35 0.2333333417773247 -0.46482343971729273 0.10000000521540643 -7.696110486984252 -8.6501617431640607 0.6078576147556306 0.67941436171531688 -0.31730164587497706 -0.58069744706153859 0.50741815567016613 0.75538623332977306 0.50305360555648815 -1.046353757381439 0.60180929303169262 1.5745846033096316 0.62388795614242565 0.35133127868175512 -0.08905471488833426 0.7425118386745454 0.97628670930862438
decision_type=2 2 2 2 2 2 2 2 2 2 2 2 2 2 2 2 2 2 2 2 2 2 2 2 2 2 2 2 2 2
left_child=4 2 15 12 -1 6 7 8 19 16 -5 22 -3 23 -8 17 -9 18 21 -4 -7 -2 -6 -12 25 28 -27 -28 -19 -17
right_child=1 3 5 10 11 20 14 9 -10 -11 13 -13 -14 -15 -16 29 -18 24 -20 -21 -22 -23 -24 -25 -26 26 27 -29 -30 -31
leaf_value=0.0091353013762111648 0.0013312407668480391 -0.008372144568284362 -0.001973973795331358 -0.0038958290617997719 0.0054743709070070555 0.0045780294079061454 0.0024083292551357514 -0.0031592679697289429 0.0053672887261948287 0.00016524871346286558 0.0010497354421926404 0.0047274129579391476 -0.0034311236703898646 -0.0027844721432399456 -0.0032618246523514016 -0.00011868995649548116 0.00079342514027696718 0.0023907957611047524 -0.0028573430516689933 0.0027122794780829076 0.00031496146111470571 -0.0031911736335328085 0.00082591565378845099 0.0061828205981879188 -0.00016206126156348012 -0.0037216609555597501 0.0046268041840702842 -0.0011259355766932717 -0.00080469320941671659 -0.0038313184772483925
leaf_weight=765.70641306042671 9632.3105697631836 814.24139495193958 1327.2114232331514 1003.3720931559801 604.82566250860691 1049.3144083619118 517.14983855187893 5253.2484137415886 981.00343745946884 4882.5301573723555 1473.3773414194584 2808.5111682415009 5214.8652972131968 817.07842224836349 6590.1755583137274 11934.798354625702 1108.6663617938757 13103.498586297035 3064.7960941046476 1084.3686023503542 2080.1744337230921 606.90448665618896 3567.8188277631998 581.3608822375536 3504.9807338118553 708.83139155805111 594.63288049399853 829.86452969908714 1217.3203620016575 841.78568078577518
leaf_count=3079 38539 3261 5310 4016 2422 4198 2069 21019 3925 19535 5895 11252 20869 3270 26368 47750 4436 52427 12262 4338 8322 2428 14291 2326 14026 2836 2379 3320 4870 3368
internal_value=3.61533e-05 -0.000291101 3.294e-05 -0.00260889 0.00344615 -0.000965908 -0.00135805 -0.000633872 0.0016598 -0.00132676 -0.000267032 0.00280998 -0.00411118 0.00100994 -0.00284644 0.000572679 -0.00247028 0.000933273 0.000156365 0.000135702 0.00175439 0.00106033 0.00151119 0.00252498 0.00145079 0.00179425 -0.000384151 0.00129096 0.0021188 -0.000366102
internal_weight=88564.7 80817.9 70913.6 9904.3 7746.86 24873.8 21744.4 14637 3392.58 11244.4 3875.19 6981.16 6029.11 2871.82 7107.33 46039.7 6361.91 33263.1 13304 2411.58 3129.49 10239.2 4172.64 2054.74 19959.1 16454.1 2133.33 1424.5 14320.8 12776.6
internal_count=354406 323362 283725 39637 31044 99520 87000 58563 13573 44990 15507 27965 24130 11491 28437 184205 25455 133087 53229 9648 12520 40967 16713 8221 79858 65832 8535 5699 57297 51118
is_linear=0
shrinkage=0.03


Tree=21
num_leaves=31
num_cat=0
split_feature=34 34 12 21 11 28 15 8 27 16 17 40 7 14 40 10 17 6 0 16 28 4 5 31 5 36 11 21 14 11
split_gain=101.51 61.6784 26.9931 26.5369 24.4483 26.2018 24.2502 19.2553 19.2224 17.994 20.7534 16.6091 18.534 16.5522 17.2488 16.0326 14.4018 14.1292 14.6508 12.9232 14.4925 12.7762 12.9614 12.4157 12.219 12.1385 11.9685 14.2443 18.9216 14.1982
threshold=-0.55875554680824269 0.17750366032123568 -7.5562050342559806 0.15001462399959567 0.32400043308734899 -1.6734479665756223 -8.369997024536131 -0.97638261318206776 -0.53447496891021717 -0.47972716391086573 0.48407356441020971 0.77161723375320446 0.26036570966243749 -8.5597543716430646 0.24191959202289584 -0.21337110549211499 -0.8008117377758025 -0.90179845690727223 0.025528722442686561 -0.17028842866420743 0.78183847665786754 0.19528796523809436 0.88884323835372936 -0.57506105303764332 -1.3513861298561094 0.072821967303752913 -1.45453804731369 0.20008138567209247 -8.2568278312683088 -1.9673301577568052
decision_type=2 2 2 2 2 2 2 2 2 2 2 2 2 2 2 2 2 2 2 2 2 2 2 2 2 2 2 2 2 2
left_child=7 2 4 24 5 17 25 19 -9 -8 11 -11 -13 -6 16 -16 -15 -2 -19 -1 -21 26 -23 -17 -4 -3 29 28 -28 -7
right_child=1 6 3 -5 13 21 9 8 -10 10 -12 12 -14 14 15 23 -18 18 -20 20 -22 22 -24 -25 -26 -27 27 -29 -30 -31
leaf_value=-5.8307429625739013e-05 0.0058468991780184837 0.00049117107518679883 0.0075474963426639518 0.0008539296722957833 -0.0048891118184654732 -0.00023225630576257725 1.1855363668687103e-05 0.0077592624527067265 0.0022646171673843521 -0.0016598461796431055 0.0011018182753688246 0.00063944861298278317 -0.0045875023941644305 -0.00318190882183295 0.00074308987916515859 0.0012045464651002453 0.00083439290438423383 0.00040408122063712102 0.0034364762813652943 0.0047051438837145687 0.00092590411516088372 0.0020552611030573084 -0.0019454406780914251 -0.0035541519441038612 0.0029462313317658016 0.0062704562133057678 -0.0028860945852905717 -0.001538564748032217 0.0021675391664633843 -0.006856336031888826
leaf_weight=1445.3640055954456 806.79537042975426 911.29993546009064 658.28244078159332 12694.497359439731 923.32756002247334 571.07175447046757 6144.0599712878466 1457.3904725909233 958.3022867590189 17448.117662742734 2012.8920406848192 729.07734888792038 3674.7042569667101 922.27436994016171 1453.4826448112726 566.14285998046398 5811.4576572775841 3546.7437335401773 2400.693658515811 2390.6708970218897 1483.3826956748962 3393.588875323534 918.86924783885479 3617.1150644421577 2476.2719418257475 501.87565156817436 859.4601576924324 4297.5535455942154 2857.7647546827793 585.82477068901062
leaf_count=5789 3229 3646 2637 50790 3694 2285 24582 5846 3840 69821 8053 2917 14706 3690 5815 2265 23250 14190 9605 9580 5947 13577 3676 14471 9910 2008 3439 17193 11436 2344
internal_value=9.8359e-05 -0.000216163 0.000445203 0.00146585 -3.6894e-05 0.000619531 -0.00125492 0.00337917 0.00559787 -0.001436 -0.0018086 -0.00207707 -0.00372266 -0.00103594 -0.000744629 -0.00196748 0.000280404 0.00214322 0.00163183 0.00236299 0.00326418 -0.00014471 0.00120029 -0.00290879 0.00393346 0.00257327 -0.000777738 -0.000363973 0.000994479 -0.00361654
internal_weight=88518.4 80783.2 49361.2 15829.1 33532.2 20238.4 31422 7735.11 2415.69 30008.9 23864.8 21851.9 4403.78 13293.8 12370.5 5636.74 6733.73 6754.23 5947.44 5319.42 3874.05 13484.1 4312.46 4183.26 3134.55 1413.18 9171.67 8014.78 3717.22 1156.9
internal_count=354231 323229 197496 63337 134159 80974 125733 31002 9686 120079 95497 87444 17623 53185 49491 22551 26940 27024 23795 21316 15527 53950 17253 16736 12547 5654 36697 32068 14875 4629
is_linear=0
shrinkage=0.03


Tree=22
num_leaves=31
num_cat=0
split_feature=33 11 33 33 43 40 13 11 10 31 43 17 28 24 40 7 17 12 40 43 4 17 43 39 41 41 6 37 13 4
split_gain=89.8235 44.4585 33.1959 32.2212 31.557 29.5189 22.7071 20.6709 19.7786 19.1818 18.0919 17.4113 17.2413 18.2747 16.9988 18.4044 16.7121 16.2321 14.9137 13.077 13.2146 13.4911 12.7973 12.7791 12.7016 12.6416 12.4137 12.3733 12.031 12.9118
threshold=-0.71145358681678761 0.10718674957752229 0.48089721798896795 -0.2903814017772674 0.10000000521540643 0.54463386535644542 -7.9490439891815177 1.0580846071243288 -0.10205358639359473 -0.501867115497589 0.36666667461395269 0.31055094301700598 0.88984128832817089 2.4656481742858891 0.48480500280857092 -0.38513761758804316 -0.11342964321374892 -8.4197521209716779 0.91353675723075878 0.70000001788139354 -0.72905424237251271 -0.11342964321374892 0.16666667163372043 0.99143540859222423 -0.60785761475563038 0.6078576147556306 -0.64058566093444813 0.14598417282104495 -7.8940455913543692 0.12360390648245813
decision_type=2 2 2 2 2 2 2 2 2 2 2 2 2 2 2 2 2 2 2 2 2 2 2 2 2 2 2 2 2 2
left_child=17 2 5 7 16 23 10 9 11 -3 -4 18 13 14 -6 27 -5 -1 -7 20 -11 -22 -9 -2 -19 -8 -10 -16 29 -17
right_child=1 3 6 4 12 8 25 22 26 19 -12 -13 -14 -15 15 28 -18 24 -20 -21 21 -23 -24 -25 -26 -27 -28 -29 -30 -31
leaf_value=-0.00050716337788632871 5.1348114930632845e-05 0.0061099833935060362 -0.0026981831379302048 -0.0051346856815411256 -0.00088305792437788839 0.0050312361470179496 -0.0046198855582211566 0.0028876908029973969 0.0035104567714206525 0.0040064282403017683 0.0031509305197296067 0.00011057858426242257 0.0011605158836178388 0.00109732739730517 -0.0021068731683717709 -0.0044014293151994951 -0.0014288506963542457 0.0075187748445037453 0.0019364138367807412 -0.0017436707220359032 0.0027881706815276954 -0.0037731080454150297 -0.0021028113876702613 0.0029093912231312872 0.0036896160229171128 -0.00070057087608710648 -0.00025174896124336278 0.0029941348406630165 -0.0044182347098154382 0.00028687052387535851
leaf_weight=633.54186990857124 23790.573483735323 875.52929919958115 785.44597311317921 2663.5300584584475 15505.445566862822 3385.0393963605165 2141.9585698395967 569.38270048797131 984.73164513707161 1597.9892953336239 1176.0478056520224 1489.2815307527781 3175.6548011898994 2823.7659009546041 968.13397245109081 878.05774860084057 1872.5664227753878 1037.9715278148651 2419.180892676115 992.76597605645657 601.25235718488693 513.71753218770027 2293.5827216356993 1486.6028919517994 3269.9392975270748 1135.5874833613634 3817.1170746535063 750.91300855576992 3782.9059893041849 1303.6658943295479
leaf_count=2539 95190 3505 3144 10660 62036 13545 8574 2279 3941 6396 4706 5960 12706 11297 3873 3513 7494 4165 9680 3973 2406 2056 9178 5948 13119 4545 15272 3004 15136 5216
internal_value=4.32121e-05 -0.00018881 0.000490415 -0.000891787 -0.00128605 0.000804005 -0.00174384 0.000893679 0.0020222 0.00214159 0.000806949 0.00300554 -0.000923567 -0.00117834 -0.0014558 -0.00260894 -0.00361137 0.0039695 0.00374687 0.00119009 0.00226611 -0.000241577 -0.00110371 0.00022052 0.00462751 -0.0032682 0.000525472 0.000125776 -0.003396 -0.00161146
internal_weight=88721.9 83780.4 42611.6 41168.9 33724.6 37372.5 5239.04 7444.22 12095.4 4581.25 1961.49 7293.5 29188.5 26012.9 23189.1 7683.68 4536.1 4941.45 5804.22 3705.73 2712.96 1114.97 2862.97 25277.2 4307.91 3277.55 4801.85 1719.05 5964.63 2181.72
internal_count=355056 335233 170505 164728 134935 149536 20969 29793 48398 18336 7850 29185 116781 104075 92778 30742 18154 19823 23225 14831 10858 4462 11457 101138 17284 13119 19213 6877 23865 8729
is_linear=0
shrinkage=0.03


Tree=23
num_leaves=31
num_cat=0
split_feature=33 25 13 39 6 36 12 10 41 41 27 31 9 10 40 13 14 28 2 5 36 13 19 28 14 30 14 2 8 36
split_gain=109.881 35.993 34.5004 28.5533 25.0035 23.9089 23.8762 23.1356 22.0373 21.8889 18.171 16.9655 20.1699 16.1321 15.9098 14.8173 18.5164 16.6609 14.6948 13.8775 13.3461 13.0361 15.8739 15.0135 15.7854 16.5054 14.1196 12.0535 12.0164 11.9979
threshold=-0.2903814017772674 0.66296705603599559 -8.9725232124328596 -0.39874526858329767 0.77502149343490612 0.30017066001892095 -7.6580357551574698 0.52699878811836254 -1.0000000180025095e-35 -0.87837970256805409 -0.92936399579048146 0.68848541378974926 0.35003717243671423 -0.065351270139217363 -0.99755457043647755 -8.4996280670165998 -7.2024457454681388 1.299854636192322 0.099642910063266768 1.1688381433486941 -0.97611919045448292 -7.4227304458618155 0.93552416563034069 -1.6426061391830442 -7.09224510192871 -0.27422818541526789 -7.4505047798156729 0.7973039746284486 -1.0948917269706724 0.7729182541370393
decision_type=2 2 2 2 2 2 2 2 2 2 2 2 2 2 2 2 2 2 2 2 2 2 2 2 2 2 2 2 2 2
left_child=2 3 -1 4 -2 6 7 13 9 -3 -8 12 27 -4 -5 18 17 -17 -10 -6 -9 22 28 -23 25 -25 -27 -11 -16 -7
right_child=1 8 5 14 19 29 10 20 15 11 -12 -13 -14 -15 21 16 -18 -19 -20 -21 -22 23 -24 24 -26 26 -28 -29 -30 -31
leaf_value=-0.0050665558521121486 0.0016458459531400581 -0.00061877494282629631 0.0015083856238986087 0.0034741961342538747 -0.00049683477860042971 -0.0014787601830539337 0.0064957811108156379 -0.0041849389512175804 -0.0011914088940536431 0.0010464440200110725 0.0030307890662811198 -0.0072579494450006983 -0.0037416850670194562 0.0047152981450883525 -0.0046792401928756021 -0.0018380086401947157 0.00083358384901798855 0.0023372219685287416 0.0050100143265875948 -0.006129737476984933 0.00071395380253839818 0.0036736411394502318 0.00030371589265082216 -0.0029197727610264551 -0.0026564773376630615 -0.00059031548417389727 0.0050872236884785347 -0.0042384470540058564 -0.0014115828680336306 0.0015041725256845378
leaf_weight=615.70116451382637 11796.448267638683 4461.8069180250168 4638.9216582030058 818.83946287631989 1580.9525565057993 2051.6050029993057 1877.6440258473158 782.69909346103668 605.84822387993336 1570.5183741599321 5056.7582917362452 838.21094962954521 5310.7843622267246 2029.8753719329834 1103.0688964575529 11094.21652212739 4025.8572329729795 923.93634688854218 775.80523969233036 515.04947033524513 1351.4185690879822 1105.0101793408394 4945.9988491237164 600.13625952601433 1506.1840345263481 646.37189896404743 993.03277269005775 504.99297440052032 11581.101000860333 2940.6671494841576
leaf_count=2465 47195 17855 18577 3276 6325 8215 7529 3133 2424 6284 20256 3355 21252 8127 4413 44395 16108 3697 3104 2061 5409 4421 19788 2401 6026 2586 3973 2021 46332 11773
internal_value=3.86174e-06 -0.000590971 0.00187884 3.33194e-05 0.00110935 0.00208747 0.002661 0.00162098 -0.00136181 -0.00231255 0.00397702 -0.00322956 -0.00276321 0.00249012 -0.000608466 -0.000668712 -0.000925788 -0.00151535 0.0023017 -0.00190354 -0.00109388 -0.000758651 -0.00113746 0.000617636 -0.000291284 0.00130414 0.00285872 -0.000253581 -0.00169921 0.000277812
internal_weight=88649.5 67304.2 21345.3 37192.2 13892.5 20729.6 15737.3 8802.91 30112 12686.3 6934.4 8224.51 7386.3 6668.8 23299.7 17425.7 16044 12018.2 1381.65 2096 2134.12 22480.9 17630.2 4850.74 3745.72 2239.54 1639.4 2075.51 12684.2 4992.27
internal_count=354776 269292 85484 148797 55581 83019 63031 35246 120495 50767 27785 32912 29557 26704 93216 69728 64200 48092 5528 8386 8542 89940 70533 19407 14986 8960 6559 8305 50745 19988
is_linear=0
shrinkage=0.03


Tree=24
num_leaves=31
num_cat=0
split_feature=33 35 14 36 30 34 8 5 25 15 11 40 35 40 28 16 31 21 40 8 5 22 23 43 30 43 41 22 14 11
split_gain=135.795 40.6016 22.5591 21.1203 20.8439 19.8727 20.4345 18.7241 17.8297 17.7931 16.3648 20.9986 16.3969 23.8864 16.3701 15.6572 15.1706 14.7775 14.071 13.271 15.1572 14.0094 12.8817 12.7814 14.3348 13.8206 12.5778 12.9367 12.3987 12.0004
threshold=-0.38709805905818934 0.19964057207107547 -7.0352981090545645 1.0000000180025095e-35 0.21751966327428821 -0.47457690536975855 -0.97638261318206776 1.3910898566246035 0.39104352891445165 -7.8081157207489005 0.087892852723598494 0.52991423010826122 -0.24249291419982907 0.95104745030403148 -2.0926920175552364 -0.65478435158729542 0.28148311376571661 0.75008639693260204 0.98767894506454479 0.6403186321258546 -0.50369822978973378 0.97370734810829174 0.19891647994518283 0.76666668057441723 -1.0251622200012205 0.10000000521540643 -1.0000000180025095e-35 2.0891863107681279 -7.9174568653106681 -0.5814203917980193
decision_type=2 2 2 2 2 2 2 2 2 2 2 2 2 2 2 2 2 2 2 2 2 2 2 2 2 2 2 2 2 2
left_child=5 7 3 19 -4 6 -1 10 9 -7 11 14 13 17 -2 -5 -10 -13 -15 20 -3 -22 -12 25 -25 -24 -21 28 -28 -8
right_child=1 2 4 15 -6 8 29 -9 16 -11 22 12 -14 18 -16 -17 -18 -19 -20 26 21 -23 23 24 -26 -27 27 -29 -30 -31
leaf_value=0.0021476299467909979 0.0021925732550244765 -0.0049836675246602577 -0.001485683874943409 0.0027029396229656939 0.0028114206661877823 -0.0042391984898654776 0.002672699669496272 -0.0027059638866316236 0.0016152789797011413 0.00094223582261932317 0.0015674272587956155 0.0031848043690189442 0.00062074496170947194 -0.0040201156581618934 -0.00042197312168467137 -0.0012271709478298822 0.005815992965717779 0.0079280412651081753 0.0027082127355616851 -0.0050346060231021995 0.0031990562761701927 -0.0015384778678875324 -0.0029206692634491504 -0.0059775390388146308 -0.0013129635579127636 -5.0239284116246031e-05 -0.00071220501728538681 0.0012316211303857914 -0.0045014560155961711 0.0063830733259629619
leaf_weight=4625.5672591626644 2512.6643250435591 990.58003412187099 2091.1012161672115 987.03406496345997 1957.8002201169729 802.00698244571686 1192.9409430921078 2230.6571462154388 3589.4042471349239 2238.232307896018 2015.1364590525627 1865.0967004597187 5000.8778468966484 524.34657208621502 14788.782968133688 10799.681752339005 981.49058583378792 874.54028740525246 577.33226445317268 2925.3114121556282 633.87560850381851 4419.5678059309721 1806.3465991169214 874.63209193944931 1822.6996575146914 8942.5178923606873 1183.7567186802626 705.13334833085537 2276.8024097084999 2413.0124793499708
leaf_count=18547 10053 3963 8367 3949 7833 3210 4783 8927 14369 8961 8062 7463 20008 2098 59166 43219 3929 3500 2310 11708 2536 17684 7227 3499 7292 35775 4737 2822 9111 9677
internal_value=-6.27475e-05 -0.000610531 -0.00148177 -0.00181911 0.00059394 0.00245344 0.0034747 -3.4528e-05 0.00134582 -0.000434029 0.000109317 0.0005668 0.00175521 0.00322668 -4.12191e-05 -0.000896046 0.00252801 0.00472226 -0.000501507 -0.0026461 -0.0016091 -0.000939084 -0.000664109 -0.000999458 -0.00284198 -0.000534881 -0.00352647 -0.00245788 -0.00321105 0.00516637
internal_weight=88648.9 72806.3 28970.6 24921.7 4048.9 15842.7 8231.52 43835.6 7611.13 3040.24 41605 26143.6 8842.19 3841.32 17301.4 11786.7 4570.89 2739.64 1101.68 13135 6044.02 5053.44 15461.3 13446.2 2697.33 10748.9 7091 4165.69 3460.56 3605.95
internal_count=354785 291309 115929 99729 16200 63476 33007 175380 30469 12171 166453 104598 35379 15371 69219 47168 18298 10963 4408 52561 24183 20220 61855 53793 10791 43002 28378 16670 13848 14460
is_linear=0
shrinkage=0.03


Tree=25
num_leaves=31
num_cat=0
split_feature=33 11 6 40 14 19 11 7 33 40 33 35 11 2 39 35 30 28 8 15 8 28 40 35 24 30 17 30 19 40
split_gain=80.737 49.2398 52.1258 23.2728 21.061 20.7129 19.4422 18.6595 17.9141 16.5771 16.5112 15.506 17.7811 15.4526 15.3919 15.3714 15.1075 14.62 20.3417 18.8302 14.488 14.1071 13.9866 13.6621 14.0893 13.4701 13.428 12.5415 12.3202 11.9107
threshold=-0.35454152524471277 0.10718674957752229 1.2821540832519533 0.48480500280857092 -7.4787793159484854 0.99945682287216198 -0.60650831460952748 -0.61442953348159779 -1.0451692342758176 -0.30901405215263361 0.4258034229278565 0.81101357936859142 1.6251496672630312 -0.36451500654220576 -0.82902967929840077 -0.022280921228229996 -1.4787536859512327 -1.1282151341438291 0.23405938595533374 -7.3754253387451163 -0.10335952416062354 -0.75549089908599842 -0.16504603624343869 0.41060559451580053 1.798200845718384 -1.3079692125320432 0.057920826599001891 -1.0789709091186521 0.88577941060066234 0.93666326999664318
decision_type=2 2 2 2 2 2 2 2 2 2 2 2 2 2 2 2 2 2 2 2 2 2 2 2 2 2 2 2 2 2
left_child=8 2 5 4 -3 9 -7 15 -1 14 20 12 16 -4 -2 -5 -9 18 19 -11 22 -22 -6 -12 -25 -21 -23 -14 29 -10
right_child=1 3 13 7 10 6 -8 11 28 17 23 -13 27 -15 -16 -17 -18 -19 -20 25 21 26 -24 24 -26 -27 -28 -29 -30 -31
leaf_value=0.0050464041480207701 -0.0037386221110104353 -0.0013718896571416046 0.0012603414945758576 0.00359027516151692 0.0012698908678681915 0.0041875734553608688 0.00069481012581922323 0.00064858591180876654 0.0019850111484256317 0.0048416357965270105 -0.0054318193722165641 0.00039000441492807974 -0.0031340791021428295 -0.0043189073755792772 -0.00018588588853213632 -0.0021375124054810023 -0.0031947965070237669 7.6237806699120991e-05 0.00010129219374769987 -0.0024391343957469364 -0.0020952335652497972 0.0042199564548863729 0.0062065404079931609 0.0031877866938792338 -0.0031016099082842403 0.0029551478871438718 -0.00012581493461392764 -0.0089220489078207302 -0.0026989436301072122 -0.00058660830292683983
leaf_weight=1400.8831701725721 1236.824156075716 15355.90876352787 534.22316673398018 797.60928758978844 1315.3091983348131 2651.6548462659121 3121.0861332118511 1064.1816546320915 13648.781497776508 2594.8313984721899 650.64476257562637 1200.7243203818798 626.28516900539398 2602.9719035476446 9175.5350365787745 872.89542305469513 6664.604984626174 8614.5662223547697 3282.799298197031 688.06293727457523 1519.9592573046684 1013.55844399333 847.85765233635902 601.84103573858738 663.36828480660915 1024.6715949624777 1705.7681037634611 762.4439397752285 591.94123369455338 1834.6949898600578
leaf_count=5635 4948 61444 2138 3191 5262 10610 12488 4258 54665 10382 2604 4805 2506 10421 36709 3492 26668 34468 13134 2753 6081 4055 3392 2409 2655 4100 6824 3051 2370 7348
internal_value=-2.36092e-05 -0.000472184 0.000318283 -0.00125951 -0.000713629 0.000676239 0.00230365 -0.00233597 0.0018029 0.000322555 0.000501734 -0.00281181 -0.00323344 -0.00336785 -0.000611077 0.000602402 -0.00266544 0.000922461 0.0018815 0.00323483 0.00123279 0.000211302 0.00322448 -0.00193504 -0.000108301 0.000786504 0.00150349 -0.00635287 0.00151728 0.00168011
internal_weight=88666.5 71190.2 35527.2 35663 23674.2 32390 5772.74 11988.7 17476.3 26617.3 8318.31 10318.2 9117.52 3137.2 10412.4 1670.5 7728.79 16204.9 7590.37 4307.57 6402.45 4239.29 2163.17 1915.85 1265.21 1712.73 2719.33 1388.73 16075.4 15483.5
internal_count=354866 284848 142151 142697 94726 129592 23098 47971 70018 106494 33282 41288 36483 12559 41657 6683 30926 64837 30369 17235 25614 16960 8654 7668 5064 6853 10879 5557 64383 62013
is_linear=0
shrinkage=0.03


Tree=26
num_leaves=31
num_cat=0
split_feature=25 33 11 43 2 41 14 33 43 21 14 16 39 1 9 39 9 11 26 36 16 39 37 5 11 41 39 18 33 0
split_gain=87.6777 48.0115 28.0246 26.7296 24.0129 20.4029 25.3893 21.2608 19.8454 19.3803 17.9418 16.5725 15.7479 19.9836 14.6499 14.4653 17.808 13.9521 18.0887 13.9237 13.8578 13.5763 15.7085 15.6666 12.8247 13.9445 12.4652 12.4149 15.1998 13.9316
threshold=0.64495018124580394 -0.56590440869331349 0.59455886483192455 0.10000000521540643 -1.847084581851959 0.6078576147556306 -8.2163915634155256 0.33861719071865087 0.30000001192092901 0.64668464660644542 -6.9695966243743888 -0.085195053368806825 -0.46946710348129267 -1.2958647012710569 0.39794300496578222 0.87461137771606456 -0.49151076376438135 0.20517642796039584 -0.5399414300918578 -0.529222011566162 0.044434938579797752 -0.55193173885345448 0.10000607743859292 -0.35350601375102991 -0.21310325711965558 1.0000000180025095e-35 0.42261424660682684 1.3162194490432741 -0.25418409705162043 -0.37979544699192042
decision_type=2 2 2 2 2 2 2 2 2 2 2 2 2 2 2 2 2 2 2 2 2 2 2 2 2 2 2 2 2 2
left_child=1 3 5 -1 -2 7 -7 9 -9 14 21 17 20 -14 27 16 24 -6 -19 -20 -13 -4 -23 -24 -5 -26 -21 28 -3 -30
right_child=4 2 10 15 11 6 -8 8 -10 -11 -12 12 13 -15 -16 -17 -18 18 19 26 -22 22 23 -25 25 -27 -28 -29 29 -31
leaf_value=0.0073391328380562433 0.0044550568222259572 0.0027164521071340966 0.00070650228287663652 0.0025836200466856471 -5.7426821714615576e-05 -0.0056624019915966417 1.5715856622163534e-05 -0.0045529411162970046 0.00058377690924939782 0.0028908861236569012 0.0030927248302705062 -0.0033398993775242401 0.0022904921629463416 -0.0033243798239779173 0.0035039854250473392 -0.0009375715592411149 0.00093115035078062151 -0.0026154022023981874 -0.0031719324499972688 0.0024820753995168261 0.00019022654453280499 -0.0027523563310574567 -0.0037394441268510967 0.00084761789958304624 0.009173592703054274 0.0029390805509916197 -0.0025474393659146262 -0.00091396287764204198 -0.0020080004492719398 0.0011720413001707363
leaf_weight=1009.3445399403572 631.10573148727417 3496.1038950383663 2551.1576159000397 1776.7458770126104 9945.4112435877323 759.61186204850674 8959.4957265257835 1017.3729271143675 1978.7836616784334 6496.2617985606194 921.76916706562042 1394.6421443223953 605.2099916189909 8389.0925616919994 1736.9961954504251 1150.2895890623331 2659.3089138269424 6208.0878518819809 837.64982677996159 1857.5045819878578 3477.843329012394 5655.8470418155193 867.51494193077087 2825.6814121603966 752.08857415616512 583.4592307060957 572.7483683526516 3618.3920485675335 1758.7295164465904 4137.2026011794806
leaf_count=4050 2526 13993 10207 7129 39795 3039 35849 4071 7917 25994 3688 5581 2422 33578 6950 4613 10663 24843 3352 7433 13918 22630 3471 11305 3018 2341 2292 14480 7036 16552
internal_value=-0.000100333 0.000642576 0.000276395 0.00279936 -0.00129849 0.000727544 -0.00043343 0.00119303 -0.00116979 0.00152667 -0.000918106 -0.00140887 -0.00220084 -0.00294444 0.000924178 0.00212774 0.00273923 -0.000842576 -0.00166569 0.000140969 -0.000824966 -0.00123111 -0.00176004 -0.00023705 0.00427621 0.00649201 0.00129117 0.000577326 0.00115222 0.000221656
internal_weight=88631.5 54712.2 46780.9 7931.24 33919.3 33959 9719.11 24239.8 2996.16 21243.7 12822 33288.2 13866.8 8994.3 14747.4 6921.89 5771.6 19421.4 9475.99 3267.9 4872.49 11900.2 9349.04 3693.2 3112.29 1335.55 2430.25 13010.4 9392.04 5895.93
internal_count=354736 218996 187182 31814 135740 135881 38888 96993 11988 85005 51301 133214 55499 36000 59011 27764 23151 77715 37920 13077 19499 47613 37406 14776 12488 5359 9725 52061 37581 23588
is_linear=0
shrinkage=0.03


Tree=27
num_leaves=31
num_cat=0
split_feature=33 35 35 39 6 27 13 34 33 13 27 10 35 25 21 11 4 41 39 32 32 39 10 23 25 9 18 29 20 39
split_gain=92.5846 34.2974 27.4244 20.4004 17.7255 30.6054 20.9119 17.4806 17.2702 15.2602 18.3368 15.5438 15.2215 15.145 14.9615 14.0115 13.9338 13.4392 12.5541 11.2098 13.0935 15.2184 14.6645 13.4837 13.1777 15.5912 10.5389 10.1367 10.0678 10.9034
threshold=-0.37360036373138422 0.19964057207107547 0.81101357936859142 -0.99618521332740773 1.3885959982872011 0.4055756032466889 -7.3354365825653067 0.56143492460250866 -0.94060644507408131 -7.6800644397735587 -0.92936399579048146 0.40373380482196813 -0.51199108362197865 0.90188565850257885 0.91139626502990734 0.27348020672798162 -0.14225764572620389 -0.60785761475563038 0.24191959202289584 -0.41788130998611445 -0.039589574560523026 -0.43836697936058039 0.82570657134056102 0.80061066150665294 0.79337337613105785 0.47765840590000158 0.99853757023811351 -0.49970006942749018 1.7678256630897524 0.8829391896724702
decision_type=2 2 2 2 2 2 2 2 2 2 2 2 2 2 2 2 2 2 2 2 2 2 2 2 2 2 2 2 2 2
left_child=8 3 4 -2 14 15 -7 -5 -1 11 -11 28 27 16 19 -6 -4 -16 -14 -3 22 23 24 -22 25 -21 -15 -12 29 -10
right_child=1 2 13 7 5 6 -8 -9 9 10 12 -13 18 26 17 -17 -18 -19 -20 20 21 -23 -24 -25 -26 -27 -28 -29 -30 -31
leaf_value=0.0047119602790106786 0.004033446971719686 0.0013712294449011162 -0.00052377753015866719 0.00019157712607919622 -0.003532872644980198 -0.00744750860657709 -0.00045208849468791575 -0.0041197195026441927 0.0034072103722852984 0.0056739894354945744 0.0022311033257365583 -0.0012425535596952096 0.0019147065293183729 -0.0043425447600568745 -0.0020996851275961272 0.0025830463122801777 0.0048808677890409356 0.0014690052392553167 0.0060088634167377161 -0.0032646377703649592 0.0019255984776385578 -0.0019754278569795139 -0.004415394740458242 -0.0019791348672303318 -0.0037516521024521772 0.0020467100386006303 0.00064790729808819603 -0.0028447855594674401 -0.00010603981326179756 -0.00037518885568566966
leaf_weight=2097.2260204553604 1213.156325340271 1080.9659541994333 638.60061526298523 41272.391184106469 570.9405624717474 1581.3026349246502 508.95424149930477 854.13735693693161 3106.5009754598141 1591.4118718355894 616.58490483462811 2165.5291253477335 2460.2418854236603 501.71192172169685 1358.0683496594429 793.32935410737991 1288.8540476411581 3097.0430342704058 927.51571895182133 798.51868782937527 2205.5370491147041 6023.7688396275043 2868.6444704085588 1232.6005119979382 1402.125202909112 1282.6691629588604 1481.7043677419424 805.04908312857151 1839.7707456350327 877.10318292677402
leaf_count=8435 4854 4325 2555 165128 2286 6333 2038 3420 12440 6377 2471 8669 9855 2008 5435 3176 5157 12394 3715 3195 8824 24106 11478 4933 5611 5132 5931 3225 7371 3512
internal_value=0.000145465 -0.000318647 -0.00112255 0.000214126 -0.00149065 -0.00348192 -0.00575446 0.000103206 0.0021728 0.00179971 0.00289027 0.000923424 0.00195928 0.00120998 -0.00116698 1.648e-05 0.00309675 0.000378882 0.00305001 -0.0015746 -0.0017767 -0.00106761 -0.00282963 0.00052404 -0.00151478 2.96401e-06 -0.000629896 -0.000643086 0.00172963 0.00257555
internal_weight=88542 72055 28715.3 43339.7 24804.5 3454.53 2090.26 42126.5 16486.9 14389.7 6400.8 7988.9 4809.39 3910.87 21349.9 1364.27 1927.45 4455.11 3387.76 16894.8 15813.9 9461.91 6351.96 3438.14 3483.31 2081.19 1983.42 1421.63 5823.37 3983.6
internal_count=354389 288319 114917 173402 99266 13833 8371 168548 66070 57635 25643 31992 19266 15651 85433 5462 7712 17829 13570 67604 63279 37863 25416 13757 13938 8327 7939 5696 23323 15952
is_linear=0
shrinkage=0.03


Tree=28
num_leaves=31
num_cat=0
split_feature=34 34 32 17 12 43 43 23 21 15 35 34 13 15 21 22 2 13 14 11 37 10 23 13 0 1 21 34 7 0
split_gain=110.478 33.0421 24.2805 22.5759 19.0227 18.7398 18.4395 27.6477 18.5073 16.8472 16.419 15.9291 14.7528 14.1619 14.0934 13.0295 12.959 12.8721 14.001 12.8579 12.6442 13.0737 12.5027 12.491 23.6577 19.3566 18.7412 18.4905 12.3783 12.1624
threshold=-0.16396936029195783 0.17750366032123568 -1.1165507435798643 -0.8118394911289214 -8.7263293266296369 0.83333334326744091 0.2333333417773247 0.86317342519760143 0.99981877207756054 -6.7646625041961661 0.75473755598068248 0.60364723205566417 -8.8113484382629377 -8.2869963645935041 0.92862072587013256 1.2505354881286623 -1.0000000180025095e-35 -7.7305018901824942 -7.7721641063690177 1.0399365425109866 0.29447977244853979 0.57050308585166942 0.92511069774627697 -7.7082912921905509 -0.032764369621872895 -0.59020361304283131 0.047661012038588531 0.15050054341554644 0.84608039259910595 0.92960229516029369
decision_type=2 2 2 2 2 2 2 2 2 2 2 2 2 2 2 2 2 2 2 2 2 2 2 2 2 2 2 2 2 2
left_child=2 23 -1 -4 14 6 7 16 10 12 17 -7 -5 -14 -3 -15 -6 19 -19 -8 22 -22 -9 24 25 -2 -25 -28 -16 -17
right_child=1 4 3 9 5 11 8 20 -10 -11 -12 -13 13 15 28 29 -18 18 -20 -21 21 -23 -24 26 -26 -27 27 -29 -30 -31
leaf_value=0.006176088530877831 -3.779909812518284e-05 -0.0008238509012048693 -0.001597664669789046 -0.0027000380213893492 0.00059224574944943928 -0.0024014366988804776 0.00019955748920808469 -0.0034562645618336678 0.0016824776267578452 0.0053422144578280668 0.0012416648851863038 -0.006853232197227669 0.0050253219544889966 0.00034688296278682088 0.0068130201628061526 0.0022092683378427754 -0.0026246491649916889 -0.0067928445854449062 -0.0019941115377959261 -0.0034964629194606726 -0.0050080067615191314 0.00084184751466956072 -0.008505806778231581 0.004348075274454688 0.0004889602861443248 -0.0034292756782618441 2.6326058615182388e-05 0.0045032106957326222 0.00038712876577410508 -0.00011137835675293826
leaf_weight=971.68297472596169 2676.9852969199419 1415.5639784187078 2120.9859158992767 736.50808037817478 2290.646688491106 2869.726589217782 4599.8954516202211 819.69106689095497 2421.2210674583912 1038.6293797045946 2211.9250109940767 967.31525702774525 1022.9811155796051 7017.8035106956959 550.87559042870998 14538.872104495764 2202.9671183377504 590.16989099979401 6526.9697741568089 1028.0855028629303 772.44408562779427 608.90179666876793 1005.5964439213276 1166.3628574460745 8412.7746521681547 3478.7405931502581 10705.943282261491 890.12748202681541 522.32259249687195 2361.548531472683
leaf_count=3915 10711 5664 8491 2948 9167 11484 18407 3282 9689 4159 8851 3874 4095 28087 2204 58225 8816 2362 26119 4115 3094 2439 4028 4668 33658 13918 42833 3561 2090 9455
internal_value=4.71244e-05 -0.000707782 0.00153432 0.00137583 -0.00137142 -0.00158805 -0.00128832 -0.00250955 -0.000746057 0.0016124 -0.00114005 -0.00353863 0.00145951 0.00158337 0.00114172 0.00143412 -0.000987144 -0.00155404 -0.00240101 -0.000480613 -0.00463328 -0.00244185 -0.00626937 5.49897e-05 -0.000545119 -0.00195685 0.000739913 0.000373561 0.003718 0.00188512
internal_weight=88544.3 58735.3 29809 28837.3 31404.3 28915.6 25078.5 7700.25 17378.3 26716.3 14957 3837.04 25677.7 24941.2 2488.76 23918.2 4493.61 12745.1 7117.14 5627.98 3206.63 1381.35 1825.29 27330.9 14568.5 6155.73 12762.4 11596.1 1073.2 16900.4
internal_count=354409 235034 119375 115460 125685 115727 100369 30826 69543 106969 59854 15358 102810 99862 9958 95767 17983 51003 28481 22522 12843 5533 7310 109349 58287 24629 51062 46394 4294 67680
is_linear=0
shrinkage=0.03


Tree=29
num_leaves=31
num_cat=0
split_feature=23 23 12 27 12 32 32 21 21 21 34 3 21 1 35 40 3 15 12 35 16 22 40 36 17 28 22 22 17 19
split_gain=62.861 38.5571 28.6518 22.8492 23.7713 23.4411 18.5567 18.4725 18.0391 17.6774 16.6579 19.0107 17.4068 16.6333 18.2192 18.6243 15.7782 15.7331 15.5788 16.8399 17.7933 15.5337 15.4992 14.6995 14.4184 14.171 13.5963 13.4192 13.123 12.9208
threshold=0.10696030780673028 0.92143085598945629 -8.1085000038146955 0.76892101764678966 -8.4645581245422346 -0.012076595332473515 -1.1165507435798643 0.094239983707666411 0.59944280982017528 0.99497935175895702 -0.64647909998893727 0.04738882742822171 0.52623310685157787 -0.59020361304283131 -0.23301487416028974 0.4383669793605805 -0.88191133737564076 -7.4766271114349356 -8.844535827636717 -0.28906400501728052 0.11677818000316621 1.0833132863044741 -0.034899164922535413 -0.50810906291007985 0.12216604128479959 -1.7209084033966062 1.8857034444808962 1.2946168184280398 -0.64485913515090931 0.2531587034463883
decision_type=2 2 2 2 2 2 2 2 2 2 2 2 2 2 2 2 2 2 2 2 2 2 2 2 2 2 2 2 2 2
left_child=6 3 9 4 5 16 -1 26 -5 -3 11 -9 -12 -14 15 -15 -2 22 -10 20 -20 -4 -8 -7 -17 -24 28 -16 -6 -29
right_child=1 2 21 8 7 23 17 10 18 -11 12 -13 13 14 27 24 -18 -19 19 -21 -22 -23 25 -25 -26 -27 -28 29 -30 -31
leaf_value=0.0064549596906905912 0.00028148233887457185 -0.0019508626692253685 0.00094552689703946476 -0.0028884145221323714 -0.002814246104300529 -0.003858697169402024 0.0023631672454404113 0.0057131360709445226 0.0046495372494130124 0.0021339320226853348 -0.00049836420626879973 -0.0013764617544562443 0.0028190314928634493 0.00062105468783776744 0.00090958382502059518 0.0070482454011059356 -0.0039810664480092479 0.0031939762466227377 -0.00023709112995204458 -0.0014195202504737564 0.0065642283931736144 -0.0037426915214170443 0.0034176778948483599 0.0014346660373985292 0.0010644435129891622 -0.0017434131276509949 0.0061277857955097451 0.0026679044171176816 0.0020711851687137592 -0.0014424853271451557
leaf_weight=820.52968257665634 1051.8411347717047 1930.1285585612059 710.98869633674622 3898.6291202604771 546.99177508056164 560.81802724301815 2833.1598587036133 1001.747738301754 501.86447291076183 1864.9962852448225 19847.699529752135 508.0158299356699 2972.3668166100979 2790.1336852014065 5869.5792808681726 931.52229060232639 3017.4028207808733 4139.1912702322006 1020.0728589445353 6466.0242760181427 513.51876321434975 5750.8668995201588 586.96145501732826 2724.8029793798923 595.84579525887966 2414.1494424790144 648.67596517503262 759.40891525149345 4505.846059024334 6572.8579567074776
leaf_count=3308 4209 7726 2845 15600 2189 2244 11351 4019 2008 7463 79421 2035 11894 11164 23484 3728 12073 16590 4082 25874 2055 23029 2350 10902 2385 9672 2596 3039 18033 26302
internal_value=-1.52488e-06 -0.000300119 -0.00201259 -3.88877e-05 0.000223846 -0.00136221 0.00214238 0.000469403 -0.00120147 5.68155e-05 0.000250919 0.00333422 0.000134724 0.000747859 0.000395052 0.00208434 -0.00288127 0.00178147 -0.000425383 -0.000749171 0.00206808 -0.00322619 0.000775596 0.000522182 0.004736 -0.000726002 0.00206983 -0.00015857 0.0015378 -0.00101372
internal_weight=88356.6 77562.6 10257 67305.7 54905.6 7354.86 10794 47550.7 12400.1 3795.12 41849.2 1509.76 40339.4 20491.7 17519.3 4317.5 4069.24 9973.46 8501.48 7999.62 1533.59 6461.86 5834.27 3285.62 1527.37 3001.11 5701.51 13201.8 5052.84 7332.27
internal_count=353670 310399 41063 269336 219717 29428 43271 190289 49619 15189 167471 6054 161417 81996 70102 17277 16282 39963 34019 32011 6137 25874 23373 13146 6113 12022 22818 52825 20222 29341
is_linear=0
shrinkage=0.03


Tree=30
num_leaves=31
num_cat=0
split_feature=33 7 39 11 39 39 27 18 34 21 41 41 11 10 18 12 11 40 33 40 11 12 10 15 5 4 36 9 0 39
split_gain=75.1604 34.8575 20.2303 21.3461 20.5137 20.0797 17.8247 15.2208 14.4592 19.9308 14.2323 31.6528 18.7833 17.8248 13.6704 14.3572 13.0697 15.093 12.9305 13.6524 18.8393 12.2518 14.6697 12.2043 15.0475 12.4231 17.4795 12.039 15.6268 11.9888
threshold=-0.47687573730945582 0.53460875153541576 -0.45398618280887598 0.26407057046890264 -0.55918759107589711 0.99356240034103405 0.65855026245117199 1.7176985740661623 0.36780221760272985 0.74623417854309093 -0.60785761475563038 -0.87837970256805409 1.826401472091675 -0.40431725978851313 1.232526481151581 -8.9598536491394025 -0.50777447223663319 0.58777967095375072 -1.0451692342758176 -0.043618973344564431 -0.86255612969398487 -7.7456338405609122 0.30457061529159551 -8.5395193099975568 -0.81671652197837818 2.1565597057342534 0.54295176267623912 -0.78379297256469715 -0.28475056588649744 -0.21643755584955213
decision_type=2 2 2 2 2 2 2 2 2 2 2 2 2 2 2 2 2 2 2 2 2 2 2 2 2 2 2 2 2 2
left_child=10 2 4 8 6 23 7 -2 9 14 11 13 18 -1 15 -4 17 -11 -12 20 -20 22 -21 -3 -25 29 -27 28 -5 -26
right_child=1 5 3 27 -6 -7 -8 -9 -10 16 12 -13 -14 -15 -16 -17 -18 -19 19 21 -22 -23 -24 24 25 26 -28 -29 -30 -31
leaf_value=0.0045672111251129389 0.0014685418494871081 0.0027754242774238828 -0.0037609171412539802 -0.0029878690606337066 0.0037989492993594828 0.0030691136682214869 -0.0012647808077104303 -0.0019998520407185213 -0.0033538729838358612 0.001877090345928452 0.0051998088929327835 0.0071259157846104305 -0.0038465531325199581 -0.0016383175624851379 -0.0015924560186695656 0.00085878372397990533 0.00056639770902930104 0.0065582955405072123 -0.0014029943853828568 0.00022908129262013343 0.0039938251745335338 0.0018751543254507822 -0.0058829958145563748 0.0019048311948361204 -0.00072570759648250263 -0.00066813044297746359 -0.0077486658987991454 -0.0015641937545769009 0.002583378746399332 -0.0021511221173333506
leaf_weight=740.0371977686882 11175.344023525715 605.04907664656639 643.63973625004292 642.80752241611481 1987.3402999490499 929.90459805727005 3654.3656278550625 1259.0902040749788 902.24293588101864 1853.8963157683611 977.07358555495739 1501.3284542411566 521.39069882035255 928.70622834563255 3989.9003237634897 8227.228858679533 2834.4021427482367 931.01752497255802 734.02517515420914 1111.6177185922861 2725.2947499006987 1798.856763869524 507.67116560041904 1100.4385983198881 9757.3779731690884 573.91543817520142 687.81978721916676 12055.441279873252 1473.9414034634829 11681.702768459916
leaf_count=2970 44716 2421 2575 2572 7952 3722 14622 5038 3611 7418 3937 6021 2090 3725 15964 32918 11341 3726 2942 4454 10925 7213 2033 4403 39050 2299 2756 48236 5897 46758
internal_value=1.37835e-05 -0.000324896 0.000122374 -0.000313482 0.000931173 -0.00123604 0.000574797 0.00111601 0.00033352 0.000515264 0.00226979 0.00398019 0.00161847 0.00112446 -0.000136274 0.000519737 0.00200402 0.00345992 0.00198567 0.00152216 0.00284794 0.000176005 -0.00171149 -0.00140126 -0.00150856 -0.00167479 -0.00455858 -0.00119795 0.000885426 -0.00150303
internal_weight=88512.9 76966.9 51630.7 33554.5 18076.1 25336.2 16088.8 12434.4 19382.3 18480.1 11546 3170.07 8375.93 1668.74 12860.8 8870.87 5619.32 2784.91 7854.54 6877.47 3459.32 3418.15 1619.29 24406.3 23801.3 22700.8 1261.74 14172.2 2116.75 21439.1
internal_count=354305 307995 206586 134258 72328 101409 64376 49754 77553 73942 46310 12716 33594 6695 51457 35493 22485 11144 31504 27567 13867 13700 6487 97687 95266 90863 5055 56705 8469 85808
is_linear=0
shrinkage=0.03


Tree=31
num_leaves=31
num_cat=0
split_feature=5 34 43 16 12 32 23 12 43 1 12 1 32 35 35 31 39 7 9 20 28 11 35 3 39 20 43 17 11 3
split_gain=70.9278 34.7821 27.0042 23.4275 20.5936 18.9907 22.4148 24.8258 20.0102 17.6118 18.615 15.5961 14.5877 13.8748 15.7097 13.418 14.9343 13.1848 13.4746 12.8242 13.9963 13.9115 12.7926 12.5033 12.4702 12.4405 11.2456 21.6783 15.2372 13.7231
threshold=-0.85876676440238942 0.16396436840295794 0.10000000521540643 0.27798940241336828 -8.8173451423645002 0.039660561829805381 0.11506162956357004 -8.4774336814880353 0.43333333730697637 0.16558509320020678 -8.8988709449768049 0.59063252806663524 0.18542816489934924 -0.72505891323089589 0.2652179896831513 -0.3057615458965301 -0.35836455225944513 0.3861499577760697 -0.56381365656852711 1.3936465382575991 -1.4195514917373655 -1.19758003950119 0.11265660822391511 -0.41147519648075098 0.69465175271034252 0.90056046843528759 0.90000000596046459 0.097837358713150038 2.4231888055801396 0.43961308896541601
decision_type=2 2 2 2 2 2 2 2 2 2 2 2 2 2 2 2 2 2 2 2 2 2 2 2 2 2 2 2 2 2
left_child=3 5 23 9 12 6 22 24 19 10 -1 -5 -4 -9 15 16 -15 -17 -19 21 -21 -7 -2 -3 -8 -23 28 29 -6 -28
right_child=1 2 4 11 26 8 7 13 -10 -11 -12 -13 -14 14 -16 17 -18 18 -20 20 -22 25 -24 -25 -26 -27 27 -29 -30 -31
leaf_value=-0.0030983343578412366 0.0023831413610905269 0.00023629829238649909 -0.00064694627377981221 0.0050883217168473651 -0.0010076520799551698 0.004804069476771906 -0.0019111583116554537 -0.0045470700524746525 0.0017929153607090422 -0.0010130657096757212 0.0021624423520470362 6.6850254458688331e-05 0.0048210225758356859 0.0038989225498754572 -0.0025860906110884846 -0.0010220050111527813 0.00015055167042108913 -0.0015214740501900007 0.0037370594365077237 0.0023249808201147352 -0.0029964445042151709 -0.0018514479741448655 -0.0014742515723329089 -0.0041424898830701613 -0.0060211810523748176 0.0011645402607505671 -0.0023386919044121658 0.0020825728749232142 0.0029511498213179899 -0.008241815604195471
leaf_weight=641.29457522928715 3411.3399680554867 704.27750560641289 807.53022956848145 2658.9943919926882 22627.735983505845 621.55024503171444 1829.0486613959074 685.47439940273762 9883.7920957654715 2527.5147061944008 8813.0836189091206 703.70993795990944 947.02498733997345 1563.4549145102501 2153.2229339033365 7423.4550586640835 2442.3768885433674 689.39571671187878 1174.3139536380768 553.13190440833569 2136.5863261520863 1896.0606813281775 992.47502045333385 3480.1079799830914 1047.2294116765261 3465.0232920348644 773.97753757238388 506.1632144600153 900.71199050545692 661.99170391261578
leaf_count=2568 13661 2819 3231 10675 90558 2487 7318 2743 39549 10119 35322 2820 3789 6257 8615 29702 9773 2758 4698 2213 8548 7586 3972 13940 4190 13863 3098 2026 3605 2651
internal_value=-2.28796e-05 -0.000410825 -0.00116565 0.00183132 -0.000820093 0.000154246 -0.000413837 -0.000860683 0.000870817 0.00120838 0.0018027 0.0040408 0.002315 -0.000401938 -0.000215162 0.00017054 0.00161959 -0.000455546 0.00179416 -0.000180943 -0.00189755 0.000592702 0.00151244 -0.00340669 -0.00342326 9.64111e-05 -0.00103688 -0.00322569 -0.000854913 -0.00509825
internal_weight=88722 73377.5 31409.5 15344.6 27225.1 41967.9 23411.8 19008 18556.1 11981.9 9454.38 3362.7 1754.56 16131.7 15446.2 13293 4005.83 9287.16 1863.71 8672.35 2689.72 5982.63 4403.81 4184.39 2876.28 5361.08 25470.6 1942.13 23528.4 1435.97
internal_count=355154 293650 125717 61504 108958 167933 93687 76054 74246 48009 37890 13495 7020 64546 61803 53188 16030 37158 7456 34697 10761 23936 17633 16759 11508 21449 101938 7775 94163 5749
is_linear=0
shrinkage=0.03


Tree=32
num_leaves=31
num_cat=0
split_feature=33 33 13 41 17 21 9 39 0 6 7 39 39 26 8 41 39 28 41 8 39 39 3 0 33 20 9 7 29 29
split_gain=67.2461 23.952 24.0211 19.8901 19.6743 18.423 18.7419 17.3155 16.9371 15.7482 15.626 14.3191 14.2566 17.5233 16.5141 13.9367 18.7729 13.1904 13.0078 12.9605 14.9456 12.6003 11.5264 11.1589 13.0222 16.2894 14.519 10.4678 10.3382 11.4275
threshold=-0.2903814017772674 0.43338258564472204 -8.7203583717346174 -0.60785761475563038 -0.52725231647491444 0.99497935175895702 -0.78379297256469715 -0.43836697936058039 0.63243326544761669 -1.164909243583679 -0.21516818553209302 0.95104745030403148 0.29236891865730291 -1.3968187570571897 -0.6658821403980254 0.6078576147556306 -0.93357151746749867 1.2641712427139284 -0.87837970256805409 0.30999201536178594 -0.73134672641754139 -0.75470238924026478 -2.1742227077484126 -0.74584656953811634 0.89083990454673778 1.640080511569977 0.9087810516357423 -0.59149369597434986 -0.23407063633203504 0.59082660079002391
decision_type=2 2 2 2 2 2 2 2 2 2 2 2 2 2 2 2 2 2 2 2 2 2 2 2 2 2 2 2 2 2
left_child=3 5 -3 8 27 7 -7 10 12 22 -2 -11 13 -1 -14 23 -17 19 -15 20 -12 -8 -6 -4 25 -25 -26 -5 -21 -30
right_child=1 2 15 4 9 6 21 -9 -10 11 17 -13 14 18 -16 16 -18 -19 -20 28 -22 -23 -24 24 26 -27 -28 -29 29 -31
leaf_value=0.0078410930190258507 0.0014764590453097421 0.0031450397546995954 0.00053860105580702544 4.5090898552851168e-05 0.0065674383174793901 0.0068941896142532197 -0.0032950379073491722 -0.00091625847710015179 -0.0015694544679241917 4.9381208330783492e-05 -0.00065129883298973537 0.0049923327624039199 0.0045726257943334405 0.00083261699484192206 -0.00069801093794790705 0.0047246440195542029 -0.0013648389094337735 0.0035706315472126072 0.0057762480487258197 -0.0036390936123315231 0.0026657737708264966 0.0017949752582518991 0.0020404738224573367 -0.0036850589399328479 -0.0082098696346691782 -0.00068169814669791142 -0.0024371958544385651 -0.0036132523488112906 1.6989531616804658e-05 -0.0038494551905750084
leaf_weight=1044.2056401669979 6141.9919174313545 843.42953097820282 865.06420493125916 1657.6539072394371 568.77994678914547 536.47021088004112 532.84706544876099 31468.344510227442 703.31595923006535 7270.2622574865818 3906.4348030239344 558.73151668906212 913.04695746302605 1094.9743385016918 1267.424039170146 512.86843003332615 3538.7558168917894 705.39501829445362 847.14271661639214 1643.8451164662838 1767.5280868709087 2256.7929437309504 4243.9226780831814 3952.6121992319822 826.76585723459721 2764.6594316065311 760.27557745575905 1213.1805505305529 3175.5876508802176 868.2073946595192
leaf_count=4182 24576 3375 3464 6643 2295 2147 2132 125913 2818 29112 15629 2237 3662 4391 5076 2053 14168 2822 3397 6577 7072 9030 17019 15824 3314 11069 3046 4856 12706 3474
internal_value=-0.000170594 -0.000637664 -0.00173781 0.00129401 0.000730259 -0.000345467 0.00181277 -0.000490306 0.00278001 0.00123935 0.000245914 0.000408063 0.00337396 0.00471819 0.00151981 -0.00205145 -0.000584277 -0.000381127 0.00300755 -0.000629399 0.000384893 0.000814439 0.00258799 -0.00269841 -0.00303585 -0.0024518 -0.00547703 -0.00150806 -0.00164015 -0.000820589
internal_weight=88450.5 67067.9 14064.4 21382.6 15512.5 53003.4 3326.11 49677.3 5870.11 12641.7 18209 7828.99 5166.79 2986.32 2180.47 13221 4051.62 12067 1942.12 11361.6 5673.96 2789.64 4812.7 9169.38 8304.31 6717.27 1587.04 2870.83 5687.64 4043.8
internal_count=354079 268391 56313 85688 62162 212078 13309 198769 23526 50663 72856 31349 20708 11970 8738 52938 16221 48280 7788 45458 22701 11162 19314 36717 33253 26893 6360 11499 22757 16180
is_linear=0
shrinkage=0.03


Tree=33
num_leaves=31
num_cat=0
split_feature=34 34 13 41 35 33 26 9 12 15 8 36 24 21 31 22 17 12 26 7 10 11 2 24 22 34 3 26 15 23
split_gain=55.3749 30.9505 23.4117 24.7099 19.061 16.4073 20.2704 19.4227 16.1852 21.5368 16.4022 15.9999 15.5613 12.871 15.156 14.2834 13.9798 18.5273 15.7143 12.4511 12.4721 12.2379 12.2379 12.1758 11.8929 11.7744 11.8187 11.6077 19.1092 15.7565
threshold=0.18657868355512622 -0.55875554680824269 -7.8029482364654532 0.6078576147556306 -0.72505891323089589 0.80157166719436657 0.16043289750814441 1.0131736397743227 -8.4089016914367658 -8.2869963645935041 -0.1976085156202316 -0.6314757466316222 0.90625649690628063 0.13099163025617602 -0.3898544162511825 1.2614454627037051 -0.081020452082157121 -7.8956549167633048 -1.4425961375236509 -0.16891358047723767 -0.2514216005802154 0.68344703316688549 -0.7502509057521819 0.96321284770965587 1.8265148401260378 0.11975435540080072 -0.35411952435970301 -0.60750246047973622 -7.9578604698181143 0.45593295991420751
decision_type=2 2 2 2 2 2 2 2 2 2 2 2 2 2 2 2 2 2 2 2 2 2 2 2 2 2 2 2 2 2
left_child=1 -1 3 8 -4 6 -2 24 11 -10 -11 -3 19 15 21 -14 17 -16 -18 20 -6 -15 -20 -8 -7 26 -13 29 -29 -5
right_child=5 2 4 27 12 7 23 -9 9 10 -12 25 13 14 16 -17 18 -19 22 -21 -22 -23 -24 -25 -26 -27 -28 28 -30 -31
leaf_value=0.0023220237865725466 -0.0011806014070867572 -0.0033160863158102401 -0.0034772254258139978 -0.0048184015577648655 0.00029035147177025117 -0.0025284397116574569 0.0050569675716573646 -0.00031825246965916891 0.0066448302974945767 0.0017148591127793399 -0.00071944942479849308 -0.0018024418402302423 0.00076438450498314125 0.0032439365568811178 0.0050316671888796793 0.0040578959122002231 -0.002430720597587031 0.00072581853577269914 -0.0033476267058302651 0.001158207851536134 -0.0052500089398606307 -0.00029072679366687874 0.00096439065938857952 0.00038130186332964168 -0.0069909240543368093 -0.0040691611930198978 0.001374620166765849 -0.0044182754509478062 0.0029985510434365559 -0.00070455131093312905
leaf_weight=7741.477407798171 21373.88846744597 1946.6386441141367 866.63811282813549 2151.7222955673933 622.7852399200201 1126.7221916764975 546.76683188974857 1558.4326555728912 536.00935441255569 5082.799909517169 4868.1087014377117 1546.6147428900003 2084.0980279743671 3577.6862264573574 1088.9842364490032 2754.5477512925863 2396.4809378683567 4978.7143456339836 661.1881795078516 1174.6589230298996 872.38251566886902 1166.6895689368248 5042.0306947380304 5049.8604737967253 1050.1645222604275 601.83967630565166 3253.5352131426334 503.33616232872009 789.69901460409164 1374.6888839304447
leaf_count=31075 85546 7790 3468 8610 2493 4515 2188 6242 2145 20341 19481 6189 8344 14318 4357 11032 9589 19921 2646 4700 3492 4668 20175 20210 4209 2408 13018 2014 3160 5500
internal_value=1.0435e-05 0.000558266 0.000284456 -0.000428298 0.000876162 -0.00101856 -0.000759843 -0.00287955 8.71017e-05 0.000843297 0.000524438 -0.000991712 0.00102022 0.00126435 0.000910196 0.00264382 0.000418016 0.00150561 -0.000397578 -0.0011481 -0.00295567 0.00237594 0.000459503 0.0008463 -0.00470334 -0.000149531 0.000349347 -0.00233189 9.96732e-05 -0.00322124
internal_weight=88389.2 57683.4 49941.9 22655 27286.9 30705.8 26970.5 3735.32 17835.5 10486.9 9950.91 7348.63 26420.2 23750.4 18911.8 4838.65 14167.4 6067.7 8099.7 2669.83 1495.17 4744.38 5703.22 5596.63 2176.89 5401.99 4800.15 4819.45 1293.04 3526.41
internal_count=353844 230934 199859 90656 109203 122910 107944 14966 71372 41967 39822 29405 105735 95050 75674 19376 56688 24278 32410 10685 5985 18986 22821 22398 8724 21615 19207 19284 5174 14110
is_linear=0
shrinkage=0.03


Tree=34
num_leaves=31
num_cat=0
split_feature=33 8 32 43 6 43 23 30 15 36 24 23 24 9 9 15 10 6 23 21 10 40 7 24 20 33 32 15 40 24
split_gain=53.0869 27.9828 19.0293 18.3834 18.2785 15.2191 18.233 15.0671 15.6135 16.2635 17.6327 14.9751 13.2208 15.6642 13.1901 23.4881 15.1175 12.456 11.9422 15.5499 11.6774 10.9268 10.878 10.8154 15.08 14.1806 13.9034 11.478 10.7062 11.7398
threshold=-0.34266743063926691 0.20538230985403064 -1.1165507435798643 0.36666667461395269 1.257804334163666 0.36666667461395269 0.36570574343204504 0.96358409523963939 -6.8237962722778311 0.85739088058471691 1.4143292903900149 0.38614322245121008 1.7621546983718874 -0.89590013027191151 0.50947585701942455 -6.9934442043304434 1.6322258710861208 0.14880324155092242 0.91046336293220531 0.72102203965187084 -0.48553170263767237 0.37460301816463476 0.68959987163543712 2.3029344081878667 1.2167726159095766 -0.57725611329078663 -0.29307189583778376 -7.8154175281524649 0.70710003376007091 1.644186854362488
decision_type=2 2 2 2 2 2 2 2 2 2 2 2 2 2 2 2 2 2 2 2 2 2 2 2 2 2 2 2 2 2
left_child=2 4 -1 -4 5 20 -7 8 9 14 17 23 13 -8 -3 16 28 -11 19 -14 -2 -6 -18 24 26 -26 -5 -27 29 -16
right_child=1 7 3 11 21 6 12 -9 -10 10 -12 -13 18 -15 15 -17 22 -19 -20 -21 -22 -23 -24 -25 25 27 -28 -29 -30 -31
leaf_value=0.0054416457190508451 0.00085030783410648594 -0.00095115675016241351 0.0024610685559887809 0.0010478119997855073 -0.0048629471189947622 -0.00038440662505241348 0.0062448867855453508 0.0012200120670864179 0.0013691017509709533 -0.0049120273427175317 0.001010082362431392 0.0047571779618047752 -0.00092168980824447488 0.0017797967844954852 -0.0031319414669335258 -0.0078630651499591638 0.0032655265790095377 -0.00065055486412170422 -0.0041813624394005933 0.0030619298166257932 -0.00098677003770379005 0.00036241364614049063 -0.0019233111666718896 -0.0024461504920086363 0.0011524691490275426 -0.004980228969609396 0.0063711568347368094 -0.00063332443213316605 -0.0042755247247941528 -0.00066174822359733366
leaf_weight=1023.7276013046503 4693.481125459075 10564.739867314696 6797.4586199522018 1337.7534975111485 965.78892260789871 6562.7259668260813 759.66216145455837 2671.524710804224 2105.1311127990484 878.25143483281136 4772.1347039192915 671.08299189805984 2144.0361103564501 9049.3277701586485 3542.2379727214575 663.75815184414387 747.21538154780865 2036.2775059640408 502.08829069137573 1484.1533461362123 9209.1477513313293 568.80166888237 690.38657136261463 1243.498585164547 3465.0493960231543 703.47550782561302 652.91166934370995 2355.2071840316057 2343.1769745796919 3391.6158762425184
leaf_count=4133 18779 42281 27245 5357 3866 26260 3040 10689 8426 3514 19101 2686 8578 36208 14181 2657 2990 8153 2009 5939 36846 2277 2764 4981 13903 2816 2614 9430 9381 13576
internal_value=4.51014e-05 -0.000328982 0.0014864 0.00124833 0.00025644 0.000399663 0.000919073 -0.00094038 -0.00112257 -0.0013 -0.000112254 0.000456287 0.0015326 0.00213161 -0.00171583 -0.00242437 -0.00208043 -0.00194709 0.000108305 0.000711793 -0.000366413 -0.00293634 0.000777593 0.000155933 0.000538382 -0.000160142 0.00281692 -0.00164605 -0.00252368 -0.00192637
internal_weight=88595.8 70345.7 18250.2 17226.4 35939.2 34404.6 20502 34406.5 31734.9 29629.8 7686.66 10429 13939.3 9808.99 21943.1 11378.4 10714.6 2914.53 4130.28 3628.19 13902.6 1534.59 1437.6 9757.9 8514.4 6523.73 1990.67 3058.68 9277.03 6933.85
internal_count=354680 281515 73165 69032 143802 137659 82034 137713 127024 118598 30768 41787 55774 39248 87830 45549 42892 11667 16526 14517 55625 6143 5754 39101 34120 26149 7971 12246 37138 27757
is_linear=0
shrinkage=0.03


Tree=35
num_leaves=31
num_cat=0
split_feature=34 6 39 15 21 40 42 40 17 42 4 16 11 3 15 4 9 0 18 39 26 39 14 10 28 16 33 24 1 35
split_gain=63.1482 36.5035 18.3066 24.473 36.3105 23.6039 18.8936 22.6689 14.9918 14.6666 15.7771 14.5225 16.877 14.4765 14.3512 14.127 23.4049 15.8773 15.6 14.6977 13.4865 17.5166 13.0651 12.8346 12.7872 15.2418 12.7148 12.6101 14.41 13.0856
threshold=0.17750366032123568 -1.1448857784271238 0.069755807518959059 -7.6634504795074454 0.99981877207756054 -0.99253669381141651 -0.56174489110708226 -0.89878550171852101 -0.48421126604080195 0.81174489855766307 0.035827988758683212 0.26303729414939886 2.4231888055801396 1.0893111228942873 -8.4627151489257795 1.8866388201713564 1.2561455368995669 1.7432629466056826 2.0619878768920903 0.98479837179183971 -1.1396002173423765 0.80384919047355663 -7.3418228626251212 0.52699878811836254 0.8245162069797517 -0.53381547331809986 -0.18640311062335965 1.6821047663688662 0.91324400901794445 -0.075602609664201723
decision_type=2 2 2 2 2 2 2 2 2 2 2 2 2 2 2 2 2 2 2 2 2 2 2 2 2 2 2 2 2 2
left_child=1 27 5 4 9 26 7 -7 -9 10 -4 12 20 -8 -2 17 18 19 -17 24 -5 -22 -10 -24 25 -16 -3 28 29 -1
right_child=14 2 3 11 -6 6 13 8 22 -11 -12 -13 -14 -15 15 16 -18 -19 -20 -21 21 -23 23 -25 -26 -27 -28 -29 -30 -31
leaf_value=0.0045144530993360158 0.0023227711366234074 0.0078548471101262205 -0.0044692737407152558 0.0015736068597977486 0.0050733772738744349 -0.0056255069154655694 0.0013574768865967294 -0.005034127454396224 0.002067929499007404 -0.0003547829634617475 -0.00096828932597922798 -0.0025734462233810451 -0.0030944919470193011 -0.0019466724496552395 -7.180078947675003e-05 -0.0020366386289916685 0.0015298867908063009 0.0020286578891064943 -0.0078282859270871405 0.0016887361032866459 0.0010452652047205919 -0.0032078706677873049 -0.0017507396427116537 0.0032281031446679542 0.00034835324613751654 -0.0020441624667690977 0.0021404992998585231 0.00090307332596664864 -0.001485770505458136 0.0007942665558148738
leaf_weight=3898.6266411989927 1049.5920993834734 588.95834103226662 3233.7774502933025 8870.8371355235577 644.02506312727928 758.1148519217968 15509.472670763731 507.52200844883919 2236.7566185593605 2370.7948322594166 1812.5399889349937 1384.4213508367538 997.60860422253609 1284.1251781135798 4422.8796502649784 760.81977225840092 613.87110498547554 1427.6913276612759 946.35313414037228 1479.2704831212759 2262.5569538623095 1404.1399609297514 2716.5246850550175 552.51154586672783 3337.3850969225168 17397.029907733202 871.04190737009048 3514.1329588741064 527.80552442371845 1093.9868845045567
leaf_count=15657 4200 2358 12942 35498 2577 3034 62072 2031 8952 9487 7252 5542 3992 5138 17699 3048 2459 5716 3794 5921 9056 5620 10873 2211 13357 69640 3485 14098 2115 4384
internal_value=-3.18566e-05 0.000563108 0.000233669 -0.000377593 -0.00170839 0.000794923 0.000564594 -0.000772368 -0.000152196 -0.00230328 -0.00321619 0.000342106 0.000641998 0.00110382 -0.00111129 -0.00123063 -0.00347571 -0.00104378 -0.00527407 -0.00120916 0.000941539 -0.000587743 0.000306129 -0.000901969 -0.00138016 -0.00164458 0.0044834 0.00231141 0.00320466 0.0037025
internal_weight=88475.2 57040.3 48005.7 22980.7 8061.14 25025 23565 6771.43 6013.31 7417.11 5046.32 14919.6 13535.1 16793.6 31434.9 30385.3 2321.04 28064.3 1707.17 26636.6 12537.5 3666.7 5505.79 3269.04 25157.3 21819.9 1460 9034.55 5520.42 4992.61
internal_count=354208 228374 192120 91966 32258 100154 94311 27101 24067 29681 20194 59708 54166 67210 125834 121634 9301 112333 6842 106617 50174 14676 22036 13084 100696 87339 5843 36254 22156 20041
is_linear=0
shrinkage=0.03


Tree=36
num_leaves=31
num_cat=0
split_feature=33 7 21 39 39 21 14 28 6 35 12 31 14 19 18 15 21 9 14 36 21 16 30 35 39 28 34 28 18 16
split_gain=57.3143 40.0681 26.2333 18.6581 15.8192 15.5036 20.6659 16.7136 19.0586 18.5999 15.9484 14.7747 13.1122 29.6311 19.8612 17.3618 16.4768 13.909 13.0104 12.5415 13.5176 12.257 12.079 11.7597 17.0915 18.537 15.9449 17.259 13.8466 13.7883
threshold=-0.56590440869331349 0.65444913506507885 0.13856265693902972 -0.20790971815586087 0.994512438774109 0.99981877207756054 -7.6157619953155509 -0.23574472218751905 1.0556021332740786 0.48874546587467199 -8.8173451423645002 0.69977957010269176 -7.9757864475250235 0.6470952332019807 0.75069555640220653 -7.5244576930999747 0.50010228157043468 1.1719193458557131 -6.8311986923217765 0.42894540727138525 0.26414835453033453 -0.10448207706212996 -1.9048586487770078 0.19512530416250232 -0.35836455225944513 -1.5221934914588926 -0.1541742533445358 -0.82377308607101429 0.60358354449272167 -0.32096810638904566
decision_type=2 2 2 2 2 2 2 2 2 2 2 2 2 2 2 2 2 2 2 2 2 2 2 2 2 2 2 2 2 2
left_child=19 5 -3 11 12 6 23 9 18 22 -7 -4 16 14 -14 -16 -5 -15 -9 20 -1 -17 -8 24 26 -26 -2 -28 29 -27
right_child=1 2 3 4 -6 10 7 8 -10 -11 -12 -13 13 17 15 21 -18 -19 -20 -21 -22 -23 -24 -25 25 28 27 -29 -30 -31
leaf_value=0.0024856928574532675 0.0028478016214928082 0.0020958110258591034 -0.00023200503910318171 -0.0054893478543850873 0.0019125533147041152 0.0062637514831853265 -0.0014068352916247896 -0.0005516528450043791 -0.0054532706188453921 -0.0014615368921112135 0.0011194338783853844 -0.0042859966620882395 -0.0057857166891961964 -0.0062652335535980956 0.0037913308778722188 0.0010382976530227334 -0.00015494301460971087 -0.0020958590680707394 0.0023341970822424508 -0.00018733745939596239 0.0075746191507443045 -0.0041421100892853743 0.0018393721981396294 -0.0016302244793888058 0.00051563759886582487 -0.0021783912875273283 -0.0023792983666610715 0.002147236036615647 -0.0021273082110908506 0.0037871311790723069
leaf_weight=6553.5988809019327 2725.4136810600758 1800.5432813465595 7886.4433120042086 641.37772320210934 676.97567716240883 624.23228861391544 1111.7605345249176 7585.5939940959215 609.15695874392986 2052.9309196919203 3798.067277982831 891.76944713294506 680.25679336488247 2970.0984350889921 736.40461857616901 765.54091422259808 2609.2626115828753 967.23557749390602 1715.3746570795774 1470.9071962237358 499.64322197437286 869.62875734269619 13208.558509141207 6904.0502393394709 6267.9704620987177 621.80540129542351 1647.2930899113417 1387.4065891355276 7462.3347042053938 769.96927519142628
leaf_count=26327 10909 7205 31570 2567 2710 2498 4449 30358 2438 8215 15199 3571 2723 11896 2948 3064 10448 3874 6865 5902 2006 3482 52858 27630 25081 2488 6591 5551 29861 3081
internal_value=-5.441e-06 -0.000254754 -0.00136203 -0.00167906 -0.00250658 0.00015233 1.25005e-05 0.00061542 -0.000356769 0.00120371 0.00185808 -0.000648254 -0.00280031 -0.00353202 -0.00130707 -3.53126e-06 -0.00122107 -0.0052489 -1.74812e-05 0.00233158 0.0028564 -0.00172522 0.00158655 -0.000557825 -0.000202659 -0.000732303 0.00118668 -0.000309598 -0.00161533 0.00112538
internal_weight=88511.6 79987.5 21495.5 19695 10916.8 58491.9 54069.6 26283.4 9910.13 16373.2 4422.3 8778.21 10239.8 6989.17 3051.83 2371.57 3250.64 3937.33 9300.97 8524.15 7053.24 1635.17 14320.3 27786.2 20882.2 15122.1 5760.11 3034.7 8854.11 1391.77
internal_count=354365 320130 86058 78853 43712 234072 216375 105183 39661 65522 17697 35141 41002 27987 12217 9494 13015 15770 37223 34235 28333 6546 57307 111192 83562 60511 23051 12142 35430 5569
is_linear=0
shrinkage=0.03


Tree=37
num_leaves=31
num_cat=0
split_feature=6 25 36 32 15 41 23 34 26 41 11 34 31 6 28 11 6 13 14 13 30 19 13 30 11 3 31 24 13 15
split_gain=58.4492 26.6063 19.7412 16.6209 15.2433 17.0761 13.4631 13.3942 16.1735 16.8099 16.1761 16.0174 15.3256 13.8044 19.4112 17.4472 13.3592 13.1144 12.7031 15.8726 13.7556 12.9606 12.4713 12.1621 15.4102 12.0983 12.4604 13.4581 11.4584 10.9493
threshold=-0.94952329993247975 0.6594967544078828 0.94454056024551403 -0.59333172440528859 -8.421536445617674 1.0000000180025095e-35 0.94767108559608471 0.89090803265571605 -1.5515150427818296 -0.87837970256805409 1.0760737657546999 0.49066424369812017 0.54775553941726696 -0.014451767783612011 0.16167773306369784 -0.20301754027605054 0.82787975668907177 -7.8525424003601065 -7.9174568653106681 -8.1359105110168439 -0.25542996823787684 0.8123355805873872 -8.8477740287780744 0.29202330112457281 0.27348020672798162 -0.99880683422088612 -0.56638899445533741 1.7766087651252749 -7.6915290355682364 -7.6035325527191153
decision_type=2 2 2 2 2 2 2 2 2 2 2 2 2 2 2 2 2 2 2 2 2 2 2 2 2 2 2 2 2 2
left_child=22 2 3 -2 -3 7 -5 8 -6 10 -10 13 -9 28 15 -15 -8 -13 19 21 -21 -7 -1 -20 -25 -24 27 -27 -11 -26
right_child=1 4 -4 6 5 18 16 12 9 11 -12 17 -14 14 -16 -17 -18 -19 23 20 -22 -23 25 24 29 26 -28 -29 -30 -31
leaf_value=-0.0023878308119923627 0.0023891540896750735 0.0024948177702994343 0.0015887885297073702 -8.1781216799343433e-05 -0.0025489126972134935 -0.0030168932131849108 0.0005630864327723727 -0.001315667342771565 0.00017593024573194123 -0.00020854550281113957 0.0058376399417165254 -0.00082943954166250354 -0.0084890359366971372 0.0033862979103289636 0.0047900919179911239 -0.0027822252905397894 -0.0054061991539417452 -0.0053149189862419857 -0.0013293102902476256 0.007602145574706288 0.00080574350169987884 0.0029830391918890765 0.0034910138485817867 -0.001834342564911927 0.0052394343864293246 0.0053621346235828479 0.00087586444963381604 -0.00039419362992027847 -0.0059788380899610839 0.00086075096696959334
leaf_weight=554.52769939601421 2364.536589756608 1157.2973249703646 8281.2998761385679 31970.596143439412 6588.4511794298887 748.04801391065121 551.5323687940836 545.83230243623257 2112.8069028407335 676.73194073140621 568.767454251647 1042.00302323699 525.08945307135582 607.49090035259724 815.82195973396301 1235.4496717005968 852.1944590061903 1345.2195057421923 7604.3786581605673 570.4663260281086 502.81802920997143 556.0962425917387 4178.2288641929626 1349.3638595789671 716.0907104164362 1266.0019081234932 6333.869125276804 510.47176644206047 562.26652583479881 1777.4196853041649
leaf_count=2222 9476 4631 33139 127933 26372 2994 2207 2187 8458 2708 2277 4174 2105 2431 3265 4945 3412 5389 30441 2284 2013 2226 16799 5401 2866 5076 25373 2046 2250 7113
internal_value=0.000110992 -0.000206851 0.000269948 -3.6009e-05 -0.000870761 -0.000999449 -0.000208494 -0.00164698 -0.00142148 -0.000591141 0.00139402 -0.001439 -0.00487888 -0.000251565 0.000967358 -0.000741585 -0.00307344 -0.00336867 -0.000220089 0.00177083 0.00445496 -0.000455249 0.00198135 -0.000634758 0.000739523 0.00218029 0.00150157 0.0037151 -0.00285405 0.00213413
internal_weight=88471.2 75628.1 44020.2 35738.9 31607.9 30450.6 33374.3 16625.9 15555 8966.56 2681.57 6284.98 1070.92 3897.76 2658.76 1842.94 1403.73 2387.22 13824.7 2377.43 1073.28 1304.14 12843.1 11447.3 3842.87 12288.6 8110.34 1776.47 1239 2493.51
internal_count=354213 302697 176167 143028 126530 121899 133552 66561 62269 35897 10735 25162 4292 15599 10641 7376 5619 9563 55338 9517 4297 5220 51516 45821 15380 49294 32495 7122 4958 9979
is_linear=0
shrinkage=0.03


Tree=38
num_leaves=31
num_cat=0
split_feature=32 7 27 6 0 41 12 12 1 33 18 43 37 8 35 40 43 32 31 43 5 42 12 39 1 35 35 19 6 40
split_gain=55.9885 29.5823 17.3236 14.7877 15.0996 23.4121 16.3643 16.1622 15.5047 16.2354 15.1866 14.7766 14.1239 14.0278 13.9456 19.3826 13.5816 12.8452 12.3742 12.1552 12.0471 11.3457 18.0903 18.6096 15.9653 14.3517 15.0849 14.0582 13.1035 12.4759
threshold=-0.59333172440528859 0.85909509658813488 0.99779149889945995 -0.99765741825103749 -0.078922264277935014 0.6078576147556306 -8.1520838737487775 -8.4197521209716779 -0.4196812212467193 0.092523109167814269 1.2386643886566164 0.2333333417773247 0.34546849131584173 0.7425118386745454 -0.29433548450469965 0.52991423010826122 0.10000000521540643 -0.12922770529985425 0.381881594657898 0.43333333730697637 0.13984575867652896 1.0000000180025095e-35 -8.2914018630981428 0.69465175271034252 -0.68917915225028981 0.45184288918972021 0.16287087649106982 0.93552416563034069 0.51321867108345043 0.77161723375320446
decision_type=2 2 2 2 2 2 2 2 2 2 2 2 2 2 2 2 2 2 2 2 2 2 2 2 2 2 2 2 2 2
left_child=11 3 21 18 5 7 -7 19 9 10 -9 -1 -8 -10 15 -6 17 -16 -2 -5 -19 22 -3 25 -23 26 -24 -26 -25 -27
right_child=1 2 -4 4 14 6 12 8 13 -11 -12 -13 -14 -15 16 -17 -18 20 -20 -21 -22 24 23 28 27 29 -28 -29 -30 -31
leaf_value=0.0050216870594227648 0.00098257772475581926 0.0032283951900659155 -0.0050870660385827467 -0.0041954527218993811 0.00046422298758921465 -0.0052798584340328567 -0.0019510229070792233 0.0018252489989628829 -3.5781855432399478e-05 0.0041369971095510166 -0.0015657015820812147 0.0018202684715806986 0.0032363528774429374 -0.0037487415481397743 0.0022430159989369368 0.0038357210169738796 0.00027570672815697907 -0.0048126634399286534 0.0057477042493135127 -0.00023106973370458299 -0.00098124780561340713 0.0016063066913031649 0.000660823922482753 0.00032431540637320591 -0.0037955292054895834 0.0027069982691097123 -0.0034997442007372107 -0.00048074875783344121 -0.0054554641036053658 -0.0020706098193301555
leaf_weight=1727.5135301053524 7685.8360332995653 1082.941934093833 1034.6942941397429 1328.6208856403828 5049.6103016287088 1230.3117688447237 4908.6981020867825 3275.351177752018 5697.0962753295898 1503.3159979730844 1853.3270255625248 5220.7854321449995 513.54037915170193 1081.2279338538647 623.91275419294834 2196.7996496707201 24027.884544879198 1187.3126766085625 514.68639214336872 1452.6962596476078 1945.6970465928316 899.88728493452072 1527.1967650055885 505.92822393774986 3497.0649698972702 1985.278901219368 1596.480730548501 1719.1813808381557 1149.9356273263693 644.68463705480099
leaf_count=6941 30796 4335 4146 5317 20208 4923 19643 13108 22799 6016 7417 20965 2055 4328 2497 8794 96147 4751 2061 5813 7789 3602 6113 2025 14002 7950 6394 6884 4607 2583
internal_value=3.89856e-05 -0.000180958 -0.00135361 9.68263e-05 -7.21882e-05 -0.000672091 -0.00216896 -5.61236e-05 0.000375909 0.00140617 0.000599214 0.00262229 -0.00145467 -0.000632695 0.000319094 0.00149019 1.32398e-05 -0.00166168 0.00128829 -0.00213308 -0.00244393 -0.00108588 -0.000375545 -0.000905923 -0.00206997 -9.73057e-05 -0.00146998 -0.00270605 -0.00369818 0.00153245
internal_weight=88667.5 81719.2 15643.3 66075.9 57875.4 22844.2 6652.55 16191.6 13410.3 6631.99 5128.68 6948.3 5422.24 6778.32 35031.2 7246.41 27784.8 3756.92 8200.52 2781.32 3133.01 14608.6 8492.45 7409.5 6116.13 5753.64 3123.68 5216.25 1655.86 2629.96
internal_count=355009 327103 62641 264462 231605 91419 26621 64798 53668 26541 20525 27906 21698 27127 140186 29002 111184 15037 32857 11130 12540 58495 34007 29672 24488 23040 12507 20886 6632 10533
is_linear=0
shrinkage=0.03


Tree=39
num_leaves=31
num_cat=0
split_feature=34 34 43 39 11 15 1 13 41 33 28 11 13 22 33 11 11 41 23 13 25 22 34 12 9 39 25 20 21 41
split_gain=47.3959 24.6388 21.1142 19.0468 30.5131 18.6604 14.7187 14.6221 15.4642 17.9468 17.2382 23.8866 18.9128 14.7805 13.9531 14.1825 12.6262 17.7385 14.3925 12.7418 11.966 11.9029 11.7337 23.0404 11.8328 13.9855 13.3954 11.68 11.678 11.502
threshold=0.21017483621835711 -0.41487999260425562 0.10000000521540643 -0.39874526858329767 0.409251019358635 -7.552079200744628 0.52524715662002575 -8.9725232124328596 1.0000000180025095e-35 0.73644778132438671 0.19518186897039416 -0.65905842185020436 -7.8940455913543692 2.3925205469131474 0.12747264653444293 1.826401472091675 -1.3803508281707761 -1.0000000180025095e-35 0.80816128849983226 -7.6164357662200919 0.97641754150390636 2.3925205469131474 -0.1541742533445358 -7.8262634277343741 0.24277456104755404 -0.66912424564361561 0.51948624849319469 1.09487521648407 0.92535653710365307 -0.87837970256805409
decision_type=2 2 2 2 2 2 2 2 2 2 2 2 2 2 2 2 2 2 2 2 2 2 2 2 2 2 2 2 2 2
left_child=1 21 6 22 5 -5 -2 -4 9 10 11 -9 -12 -10 -6 -16 17 27 19 -18 28 -1 23 -3 25 -24 -26 -7 -11 -14
right_child=2 3 7 4 14 16 -8 8 13 20 12 -13 29 -15 15 -17 18 -19 -20 -21 -22 -23 24 -25 26 -27 -28 -29 -30 -31
leaf_value=0.0017958008940628092 -0.00178114286136638 0.0045151944940588816 0.0036896990085720674 -0.0006309572115279807 -0.0022606141486119242 0.004816928184335636 -0.0056819147783929427 0.0010717404870200647 -0.00031080353475668242 -0.0029565197436070829 0.0052818330900518753 -0.0026239388082403034 0.0026824059286580802 0.0042209806952878621 -0.0010594125207083946 0.0039558605948986419 0.00091727248177564207 -0.0038709969749523834 -0.0021819124977238585 0.0035872772063838244 -0.00070130837109282226 -0.0014359987427426636 -0.0013305275567890729 0.00061838219025825479 0.0053246809947124106 0.0016911841180784512 0.00077793715512448913 -0.00075162025351638555 -0.0083656652302515188 -0.0020208124281894091
leaf_weight=12575.38904838264 2562.7850243151188 2051.2960408180952 642.55941952764988 8816.9182026535273 8151.022880345583 555.52279241383076 1320.4576174765825 2070.209517672658 10300.667793989182 765.22078330814838 683.63818028569221 6495.5766524076462 695.86712792515755 681.14623403549194 1913.8523130714893 679.32861077785492 3017.701554402709 912.86668534576893 692.09215469658375 3457.319819226861 660.08609837293625 1109.334231197834 4875.5802755355835 4057.5006879717112 695.51190201938152 1910.8617954999208 3392.5814361423254 840.73627859354019 696.97473481297493 1379.3583010584116
leaf_count=50441 10267 8211 2571 35280 32619 2223 5294 8285 41231 3067 2736 26002 2785 2727 7657 2718 12076 3653 2769 13837 2646 4459 19508 16244 2783 7646 13575 3365 2793 5521
internal_value=-6.71618e-05 0.00041587 -0.00106299 8.34308e-05 -0.000383298 0.000362035 -0.00311875 -0.000743464 -0.000861534 -0.00154326 -0.00106676 -0.00173055 0.000992996 -2.61355e-05 -0.00165146 0.000264574 0.00128563 -0.000641519 0.00190655 0.00234625 -0.00406898 0.00153296 0.000881179 0.00193215 0.000289562 -0.000478466 0.00156259 0.00148241 -0.00557417 -0.000438423
internal_weight=88660 59705.4 28954.5 46020.7 29037.4 18293.2 3883.24 25071.3 24428.7 13446.9 11324.6 8565.79 2758.86 10981.8 10744.2 2593.18 9476.24 2309.13 7167.11 6475.02 2122.28 13684.7 16983.3 6108.8 10874.5 6786.44 4088.09 1396.26 1462.2 2075.23
internal_count=354989 239064 115925 184164 116197 73203 15561 100364 97793 53835 45329 34287 11042 43958 42994 10375 37923 9241 28682 25913 8506 54900 67967 24455 43512 27154 16358 5588 5860 8306
is_linear=0
shrinkage=0.03


Tree=40
num_leaves=31
num_cat=0
split_feature=33 8 43 6 13 33 4 39 43 15 4 15 39 19 43 4 15 13 27 6 41 29 24 36 28 14 18 13 8 34
split_gain=48.0953 24.2384 19.9538 19.8277 17.7015 16.85 16.1402 26.1561 21.6761 19.1578 15.9202 17.9853 15.9093 13.9367 18.2049 13.8022 13.4627 16.0089 17.0634 12.8245 17.8524 14.1424 12.6261 12.1467 13.3715 11.697 11.6958 11.6796 11.3753 11.2072
threshold=-0.27996750175952906 0.23405938595533374 0.90000000596046459 1.02104127407074 -8.9725232124328596 0.489229366183281 0.17717512696981433 -0.35020405054092402 0.30000001192092901 -7.5091693401336661 -0.47787557542324061 -7.7538278102874747 -0.96125254034996022 0.99000996351242077 0.10000000521540643 1.3108869791030886 -8.205924987792967 -7.6915290355682364 -0.92936399579048146 -0.44967795908451075 -0.60785761475563038 -0.43766643106937403 1.6323866248130801 -0.16604010015726087 -1.4490739107131956 -7.0449481010437003 1.232526481151581 -6.8589766025543204 -0.6223301589488982 0.22859695553779605
decision_type=2 2 2 2 2 2 2 2 2 2 2 2 2 2 2 2 2 2 2 2 2 2 2 2 2 2 2 2 2 2
left_child=4 3 12 6 -1 -5 7 10 -8 23 -2 -12 22 -14 -15 -16 -6 19 -19 20 21 28 -3 24 -9 -11 27 -10 -18 -28
right_child=1 2 -4 5 16 -7 8 9 26 25 11 -13 13 14 15 -17 17 18 -20 -21 -22 -23 -24 -25 -26 -27 29 -29 -30 -31
leaf_value=-0.0036110626435666092 -0.0010995018716078765 -0.00091322786117513854 -0.0036305493468949284 0.00018369228505931586 0.0043908575986163993 -0.0042028020307257703 -0.00039675243932272392 -0.0080565729441186857 0.0031626345646761575 0.00089872611895303934 0.0054154399129840297 0.0011124391471180389 -0.0012137046575642586 -0.0038111525800428618 0.0021048104049589079 -0.0016024227479210669 0.0075301282578816298 0.0042770076208387183 0.0014244476569946556 -0.0016675682501686771 -2.6656771594400186e-05 0.00039375806298813366 0.0032074812404261394 -0.0014349176649727964 -0.0023681160565931802 -0.0031520658119521343 6.4841678276516561e-05 -0.0012146184773722723 0.0023548632690461369 0.0048034294981454543
leaf_weight=622.13956907391548 1686.554480522871 1131.0130264014006 2171.438271895051 1596.6440455913544 1337.1480296552181 1544.9053388386965 5147.5081595927477 621.03874728083611 5921.0445227921009 3787.0032833069563 1212.0837783962488 3097.6434215009212 22038.726116389036 759.06109428405762 3545.5564025640488 1203.6825264841318 729.98990221321583 2497.6326084434986 7710.5982969403267 2059.1792361140251 5281.0771393477917 1111.1844440251589 1616.3656793981791 3156.4801339805126 936.49627932906151 762.04085740447044 3426.9906892627478 599.35148119926453 818.5592488348484 507.01438526809216
leaf_count=2492 6748 4527 8695 6389 5359 6187 20597 2485 23695 15152 4850 12395 88227 3042 14189 4821 2932 10031 30912 8242 21169 4453 6469 12629 3747 3049 13713 2399 3281 2029
internal_value=0.000130722 -0.000272877 -0.000859038 0.000286878 0.00134048 -0.00197992 0.000518196 -0.000175535 0.00119637 -0.00117438 0.00136687 0.00233237 -0.00065925 -0.000876463 0.000472597 0.00116383 0.00148507 0.00129072 0.00212588 0.000436893 0.000984025 0.00298338 0.00151395 -0.00251249 -0.00467321 0.000214725 0.00198042 0.00275904 0.00482716 0.000686181
internal_weight=88636.2 66468.6 32465.8 34002.8 22167.5 3141.55 30861.3 15259.3 15601.9 9263.06 5996.28 4309.73 30294.4 27547 5508.3 4749.24 21545.4 20208.2 10208.2 9999.99 7940.81 2659.73 2747.38 4714.02 1557.54 4549.04 10454.4 6520.4 1548.55 3934.01
internal_count=354905 266034 129970 136064 88871 12576 123488 61055 62433 37062 23993 17245 121275 110279 22052 19010 86379 81020 40943 40077 31835 10666 10996 18861 6232 18201 41836 26094 6213 15742
is_linear=0
shrinkage=0.03


Tree=41
num_leaves=31
num_cat=0
split_feature=32 7 6 4 43 10 35 3 30 7 17 5 3 10 26 20 42 41 14 5 9 7 43 30 24 18 14 20 2 10
split_gain=53.869 25.9626 17.4274 14.6385 21.3787 24.0003 19.7324 19.2358 17.8224 16.4438 14.3542 18.6107 15.7995 17.5306 14.1162 13.095 11.9591 17.9256 15.5972 15.0958 12.9639 12.8242 11.951 11.7783 10.9462 11.7634 10.9288 15.0155 10.9226 12.772
threshold=-0.59333172440528859 1.0335263013839724 -0.98204818367958058 -0.14225764572620389 0.2333333417773247 2.0222104787826543 -0.2237010523676872 -0.29630942642688746 0.40898263454437261 0.56617513298988353 -0.8008117377758025 0.14920987933874133 1.4426264166831972 -0.010665680747479199 -0.16418272256851194 0.96939194202423107 1.0000000180025095e-35 -1.0000000180025095e-35 -8.0453705787658674 0.3132570236921311 0.69455558061599743 -1.2552415132522581 0.10000000521540643 0.52499157190322887 1.0487526655197146 0.51082542538642894 -7.5240724086761466 1.640080511569977 -0.45566889643669123 0.31457152962684637
decision_type=2 2 2 2 2 2 2 2 2 2 2 2 2 2 2 2 2 2 2 2 2 2 2 2 2 2 2 2 2 2
left_child=22 2 -2 16 7 6 8 -5 9 -6 11 -8 -12 -14 -15 -10 18 20 -4 23 -18 -20 -1 -19 -3 -26 -24 -28 -27 -30
right_child=1 24 3 4 5 -7 10 -9 15 -11 12 -13 13 14 -16 -17 17 19 21 -21 -22 -23 26 -25 25 28 27 -29 29 -31
leaf_value=0.0060154149291181819 0.001370866342689534 -0.0049686471648899833 -0.0039508449229405385 0.0020519280686333587 0.0034727464095436725 0.0052284982475112899 -0.0020719338993766636 -0.0014598943317077344 -0.0042727766837660627 -0.0019784801781920114 0.00013310548331304118 0.0047566289985332064 0.0011202558832513552 -0.0074156077577384816 -0.00096322566988667289 0.0011927033878239063 0.0026956423672599462 -0.0010223812223398002 0.0035005438605257059 -0.0053384847113842988 -0.0022322384424784099 -0.0010919616028819651 0.001164752536063142 0.0022623874151971274 0.0027080909006309416 0.00057237649510002942 0.00041514824094759792 0.0054780815970279012 -0.0033892858991720551 -0.00096434157276306708
leaf_weight=819.87241216003895 8493.8819447904825 731.11885049939156 1680.9826904386282 1668.4615900665522 4421.1310211867094 1010.9463296085596 506.81209734082222 8590.3747094273567 586.05752195417881 554.58773492276669 16584.685904696584 1184.9194947779179 690.98056986927986 745.80912153422832 517.4278057962656 1158.2408637404442 2853.8741776198149 4761.3199747949839 566.00491690635681 590.01587463915348 569.39368651807308 11089.509150207043 3785.55682079494 1227.3918854594231 643.92173552513123 1944.7504167407751 797.78146517276764 1554.505153760314 3234.8075212091208 4946.8717402666807
leaf_count=3297 34036 2929 6727 6677 17695 4045 2028 34384 2346 2219 66367 4742 2766 2985 2072 4636 11422 19054 2267 2361 2279 44379 15201 4912 2578 7785 3199 6256 12958 19817
internal_value=9.72038e-05 -0.000119097 9.78586e-05 -7.79848e-05 0.000283504 0.000713224 0.000541975 -0.000887302 0.00194914 0.00286241 7.38264e-05 0.00271076 -0.000168134 -0.0027123 -0.004801 -0.000657503 -0.000669846 0.000114344 -0.00125761 -0.000801645 0.00187187 -0.000866135 0.00262909 -0.000346516 -0.00143946 -0.00119551 0.00216771 0.00377001 -0.00144615 -0.00192606
internal_weight=88512 81554.3 70052.8 61558.9 38220.4 27961.6 26950.7 10258.8 6720.02 4975.72 20230.6 1691.73 18538.9 1954.22 1263.24 1744.3 23338.5 10002 13336.5 6578.73 3423.27 11655.5 6957.72 5988.71 11501.5 10770.4 6137.84 2352.29 10126.4 8181.68
internal_count=354419 326466 280399 246363 152962 111901 107856 41061 26896 19914 80960 6770 74190 7823 5057 6982 93401 40028 53373 26327 13701 46646 27953 23966 46067 43138 24656 9455 40560 32775
is_linear=0
shrinkage=0.03


Tree=42
num_leaves=31
num_cat=0
split_feature=33 11 40 39 40 35 22 35 4 15 0 22 27 11 20 15 35 43 4 35 30 17 28 42 29 29 21 15 8 11
split_gain=35.9162 25.8789 29.3512 25.5966 18.3335 22.0575 15.6549 14.394 15.1352 13.6812 13.3521 15.7385 18.4727 15.4056 14.1704 15.9215 13.7028 13.2402 14.8843 12.6438 12.6025 19.1545 15.6815 12.5022 12.3714 12.2941 12.1617 12.0595 14.4765 12.0497
threshold=-0.48571623861789698 0.10718674957752229 0.51503318548202526 -0.034899164922535413 0.46946710348129278 0.85590395331382763 1.0188518762588503 -0.017673141323029991 -0.22336109727621076 -7.418177366256713 0.36100959777832037 1.0793102979660036 -0.12909028679132459 0.039615619927644737 1.7678256630897524 -7.587582826614379 -0.66847530007362355 0.10000000521540643 -0.25179716944694513 0.23671822249889377 -0.32123208045959467 -0.10451212152838706 1.4658853411674502 1.0000000180025095e-35 -0.33015297353267664 -0.58735713362693776 0.85482469201087963 -6.7873599529266349 0.13134483247995379 -0.17383291572332379
decision_type=2 2 2 2 2 2 2 2 2 2 2 2 2 2 2 2 2 2 2 2 2 2 2 2 2 2 2 2 2 2
left_child=9 2 10 24 6 7 26 8 -6 -1 13 12 -12 14 15 -2 -17 18 -8 -5 -19 -22 -23 -11 -4 -25 -3 28 29 -18
right_child=1 4 3 19 5 -7 17 -9 -10 23 11 -13 -14 -15 -16 16 27 20 -20 -21 21 22 -24 25 -26 -27 -28 -29 -30 -31
leaf_value=0.00077289764743562945 -0.0008419980980649528 0.00061789287094496815 0.00063587596351720986 0.00083652747383162194 -0.0030164996689715303 0.0023219969092485204 0.00089010744160131672 -0.002646943727575261 0.0013667155290674853 0.0019589506152133097 -0.0029555362167875705 -0.0017963667988659606 0.003887098263917815 0.0038130189809047494 -0.0022415121309296137 -0.0032275981314756953 0.0031138356898272393 -0.0011047542680138478 -0.0037957665268210498 -0.0024665158507920257 0.0023339366711262722 -0.00096020422483056355 0.0036070477658995148 0.0085737893270938868 0.0036338842599162014 0.0023076907182710193 0.0048706552918885825 0.0052761964245054797 -0.00036006567337491661 -0.0014442942282605052
leaf_weight=6874.5886508077383 5773.0610441416502 2546.0244491100311 1682.2042851448059 5385.6367887109518 1113.9834267348051 1133.1850377172232 854.65582127869129 8944.0762670785189 1910.5406445711851 3261.9212499707937 533.57349561154842 7124.9240955263376 1018.1131025403738 1012.9440201371908 2156.2145355790854 572.99107433855534 3253.9446758776903 8892.3288681954145 2093.6546924412251 1283.0170154124498 3255.6692418009043 6117.0130023807287 750.69608986377716 592.40076294541359 4741.5754572600126 548.25059162080288 785.46517044305801 698.89897954463959 3106.1455221921206 615.21094252169132
leaf_count=27602 23102 10188 6734 21555 4458 4536 3421 35805 7645 13106 2135 28521 4074 4054 8632 2293 13022 35591 8387 5138 13031 24482 3004 2383 18981 2201 3143 2797 12431 2462
internal_value=3.01237e-05 -0.000200521 0.00034419 0.00150102 -0.000753139 -0.00166355 -0.00028112 -0.00204253 -0.000252317 0.00161101 -0.000241711 -0.00120037 0.00153028 0.000242601 1.68096e-05 0.000365473 0.0012107 -0.000571934 -0.00243901 0.000198296 -0.000281321 0.000442355 -0.000456448 0.002915 0.002851 0.00560824 0.00163214 0.00154586 0.00116507 0.00238722
internal_weight=88632.9 77355.7 38958.5 13092.4 38397.3 13101.8 25295.5 11968.6 3024.52 11277.2 25866 8676.61 1551.69 17189.4 16176.5 14020.3 8247.19 21964 2948.31 6668.65 19015.7 10123.4 6867.71 4402.57 6423.78 1140.65 3331.49 7674.2 6975.3 3869.16
internal_count=354914 309622 155931 52408 153691 52444 101247 47908 12103 45292 103523 34730 6209 68793 64739 56107 33005 87916 11808 26693 76108 40517 27486 17690 25715 4584 13331 30712 27915 15484
is_linear=0
shrinkage=0.03


Tree=43
num_leaves=31
num_cat=0
split_feature=5 8 43 12 17 11 6 32 43 6 43 4 20 40 7 40 11 11 37 8 42 12 23 6 34 14 30 27 26 35
split_gain=26.8881 20.1863 22.6985 17.0844 17.7696 19.1462 17.336 16.568 17.2306 17.0348 16.1615 15.343 15.0788 22.5021 20.8158 15.9965 21.3714 13.7644 13.5505 14.116 14.3338 13.1706 13.4218 15.9054 12.9623 12.8786 12.9423 12.828 12.0959 11.7964
threshold=-0.81671652197837818 0.21514146775007251 0.5000000149011613 -8.7470645904540998 0.35754562914371496 -0.11730062216520308 1.3885959982872011 -0.1949936971068382 0.76666668057441723 0.61970493197441112 0.63333335518836986 -0.49903944134712214 1.4116680622100832 -0.97436079382896412 -0.21516818553209302 0.74894860386848461 0.068507503718137755 -0.15428546071052548 0.26026530563831335 0.96395897865295421 1.0000000180025095e-35 -8.9937210083007795 0.45593295991420751 -0.17950662970542905 -0.044017419219017022 -6.9196147918701163 0.56603002548217785 0.78478735685348522 1.161793112754822 0.19083013385534289
decision_type=2 2 2 2 2 2 2 2 2 2 2 2 2 2 2 2 2 2 2 2 2 2 2 2 2 2 2 2 2 2
left_child=21 2 12 29 5 6 -5 10 11 -10 -4 -9 13 -2 -14 -15 -17 -11 27 20 -20 -1 23 25 -12 26 -23 28 -7 -3
right_child=1 3 7 4 -6 18 -8 8 9 17 24 -13 14 15 -16 16 -18 -19 19 -21 -22 22 -24 -25 -26 -27 -28 -29 -30 -31
leaf_value=-0.0031436642629601237 0.0043464241292038618 0.0039474151034101599 -0.0035660136829379404 0.00022619174532029842 0.00098246069617052996 -0.0022639590978879784 -0.0034987245319574329 -0.0018959183130756109 0.0011322521526455828 0.00076342392170899499 0.0015588918894965411 0.0027927545754861177 -0.0036822329907298247 -0.00086955775392227397 -1.6572882236220148e-05 0.0036547446703126246 -0.0010076422364646502 -0.0052861374027887553 0.0025187585603023682 -0.002450656509149191 -0.0017091839555377099 0.0014053553380204617 0.0036227368587105351 -0.0021856851357674647 -0.0035528337760901167 0.0043440058471638293 -0.0013913483834436034 -0.0047993210438455327 0.0023399422007628844 -0.00015686964996013293
leaf_weight=622.48094893991947 1006.0045310556889 1070.833277747035 1220.2470205128193 9101.1945100128651 3643.8991259783506 9404.9213098883629 1272.8734890371561 679.96992683410645 4679.0329737514257 593.89290218055248 2261.7918898463249 7336.9926245957613 2692.5731295645237 10416.112150743604 2880.1234888881445 1871.0210002064705 1664.2452164292336 770.27209664881229 1725.7654996961355 2095.5676956325769 1226.225654989481 9601.6389863044024 1913.0416430681944 1311.5570038557053 545.85485365986824 1111.9375277161598 1753.9650753885508 1750.2741339206696 535.37962810695171 1510.1073103100061
leaf_count=2493 4026 4285 4885 36426 14584 37653 5104 2721 18726 2377 9056 29363 10778 41685 11528 7489 6660 3083 6911 8396 4910 38531 7656 5250 2184 4465 7046 7010 2143 6044
internal_value=4.44971e-06 -0.000244899 0.000221948 -0.000785606 -0.000982434 -0.00124678 -0.000233776 0.000996534 0.00148227 0.000271851 -0.000698498 0.00239321 -0.000460656 3.59108e-05 -0.00179114 -0.000277802 0.00146325 -0.00266605 -0.00187412 -0.000573594 0.000762675 0.00110367 0.00127405 0.000945578 0.000556002 0.00127647 0.000972538 -0.00243466 -0.00201389 0.00155466
internal_weight=88269.8 71955.2 38618.1 33337 30756.1 27112.2 10374.1 18088.1 14060.2 6043.2 4027.89 8016.96 20530.1 14957.4 5572.7 13951.4 3535.27 1364.16 16738.1 5047.56 2951.99 16314.6 15692.1 13779.1 2807.65 12467.5 11355.6 11690.6 9940.3 2580.94
internal_count=353468 288027 154561 133466 123137 108553 41530 72395 56270 24186 16125 32084 82166 59860 22306 55834 14149 5460 67023 20217 11821 65441 62948 55292 11240 50042 45577 46806 39796 10329
is_linear=0
shrinkage=0.03


Tree=44
num_leaves=31
num_cat=0
split_feature=34 33 11 40 43 40 10 41 41 15 0 33 35 43 19 23 21 24 26 23 34 15 17 20 43 15 43 28 30 17
split_gain=41.2683 23.3978 24.1307 24.4586 21.3142 21.1973 36.1062 20.6155 23.6447 17.9163 16.1169 15.084 14.6728 13.4733 17.4151 13.9407 13.9736 13.4604 12.9928 14.5067 17.2919 12.6162 13.5593 12.3687 12.1632 11.6906 11.6801 11.7147 11.1103 11.3918
threshold=-0.28631898760795588 0.54422584176063549 -0.15428546071052548 0.97436079382896434 0.2333333417773247 0.54463386535644542 0.24725064635276797 -0.60785761475563038 -0.87837970256805409 -6.7873599529266349 -0.73171272873878468 0.17145550251007083 -0.013162589166313408 0.70000001788139354 0.99945682287216198 0.22616767883300784 0.71710759401321422 3.2361288070678715 -0.92270079255104054 0.45593295991420751 -0.13172004371881482 -7.3997633457183829 0.21451745182275775 2.9984784126281743 0.90000000596046459 -7.0140309333801261 0.10000000521540643 -0.3414835780858993 0.35048000514507299 -0.56709393858909596
decision_type=2 2 2 2 2 2 2 2 2 2 2 2 2 2 2 2 2 2 2 2 2 2 2 2 2 2 2 2 2 2
left_child=7 2 5 13 -3 9 25 8 28 21 -10 -8 -5 14 17 -15 -17 18 -4 20 -20 -2 -23 -9 -6 -7 -16 -28 29 -1
right_child=1 4 3 12 24 6 11 23 10 -11 -12 -13 -14 15 26 16 -18 -19 19 -21 -22 22 -24 -25 -26 -27 27 -29 -30 -31
leaf_value=-0.0019969780389092282 0.00038523280092533105 -0.0041511989181876032 -0.001190230437457593 0.00097910384680988984 -0.00055035389852778013 0.0036660750683301922 -0.0036086895063719292 0.00036296925549792689 0.0085120875729385558 0.0039386246963580805 0.0032481045143867007 0.001837900521797357 -0.0047045627599269016 0.0018074017550437299 -0.0018313557057209448 -0.0028763357670505436 -0.00026353058723882256 0.0040342424712098693 -0.00097329546251887118 -0.00053178304135977138 0.0038887226508862493 -0.00091277318968969936 -0.0054692198530780891 0.0048521035231352443 -0.0049277248556745075 -0.00025102119638722108 0.0014806354621827238 0.0057919325880308034 -0.0021478574628165737 0.003144709694826124
leaf_weight=500.52762384712696 8242.90412068367 2535.7709255963564 11930.682622507215 510.57472284138203 6379.5408511608839 4767.5447635352612 1244.1558364480734 14961.7850279212 715.64029535651207 923.05587357282639 1974.2262506037951 712.74226255714893 1980.4700558036566 1028.3517600744963 618.01668034493923 4893.7296411395073 2954.1818976700306 582.49636636674404 1036.5068798214197 5638.5927623510361 1778.5115097463131 4838.9297662675381 660.22414484620094 563.69264662265778 617.95303325355053 799.20154228806496 2024.6528055667877 784.02541542053223 826.12390993535519 1628.0468547791243
leaf_count=2007 32985 10169 47752 2043 25553 19082 4979 59974 2875 3694 7913 2853 7928 4116 2474 19585 11823 2331 4150 22566 7118 19365 2642 2275 2478 3199 8101 3137 3314 6530
internal_value=-6.11112e-05 -0.000423655 -0.000196944 -0.000679092 -0.00180011 0.000580071 0.00187349 0.00109421 0.0026452 -8.43148e-05 0.00467493 -0.00162567 -0.00354036 -0.000463857 -9.94879e-05 -0.00146397 -0.00189439 -0.000423766 -0.000553073 0.0003465 0.00210139 -0.000357204 -0.00146875 0.000528977 -0.000943403 0.00310427 0.00188012 0.00270039 0.000787869 0.00193197
internal_weight=88652.9 67482.8 57949.6 35760.8 9533.26 22188.8 7523.64 21170 5644.56 14665.1 2689.87 1956.9 2491.04 33269.7 24393.5 8876.26 7847.91 20966.8 20384.3 8453.61 2815.02 13742.1 5499.15 15525.5 6997.49 5566.75 3426.69 2808.68 2954.7 2128.57
internal_count=355011 270123 231923 143124 38200 88799 30113 84888 22639 58686 10788 7832 9971 133153 97629 35524 31408 83917 81586 33834 11268 54992 22007 62249 28031 22281 13712 11238 11851 8537
is_linear=0
shrinkage=0.03


Tree=45
num_leaves=31
num_cat=0
split_feature=34 12 41 32 28 10 40 40 41 15 26 10 39 33 37 24 25 40 35 43 25 14 39 21 35 15 35 27 34 16
split_gain=43.3181 22.3994 22.0888 17.1352 15.9949 14.1468 19.8503 25.5142 17.4615 19.4328 18.2816 21.9523 21.4333 18.001 15.7572 15.0137 13.6595 14.2482 14.2459 13.5373 17.0009 15.3702 13.0761 12.962 12.3295 15.8279 14.0759 12.1514 11.9318 16.1138
threshold=0.26687294244766241 -8.0942492485046369 1.0000000180025095e-35 -1.1165507435798643 1.2641712427139284 0.88140228390693676 -0.32556505501270289 -0.48480500280857081 -1.0000000180025095e-35 -7.3186888694763175 -1.1396002173423765 -0.45424348115921015 -0.84804001450538624 -0.39416529238224024 -0.33996455371379847 1.0546934604644778 0.66639068722724926 0.24191959202289584 0.60454174876213085 0.36666667461395269 0.83384650945663463 -7.9689862728118888 -0.0087264522444456798 0.16852416098117831 -0.40209046006202692 -7.5131084918975821 -0.48530936241149897 -0.86699870228767384 0.012497063726186754 0.31801749765872961
decision_type=2 2 2 2 2 2 2 2 2 2 2 2 2 2 2 2 2 2 2 2 2 2 2 2 2 2 2 2 2 2
left_child=3 19 -3 -1 23 6 7 14 10 24 13 12 -12 -8 -5 -11 17 27 -18 -2 21 -21 -20 -4 25 26 -10 -7 29 -26
right_child=1 2 4 5 -6 16 8 -9 9 15 11 -13 -14 -15 -16 -17 18 -19 22 20 -22 -23 -24 -25 28 -27 -28 -29 -30 -31
leaf_value=0.0042049644475358697 -0.0012510552154383037 -0.0027072092128697981 0.0034687615284591049 0.0020117210077949645 0.0029690685684185258 -0.0025984884616059257 0.0059006238967393891 -0.0026746669885382092 0.0010570409168728539 -0.0028799135270912209 -0.0054556669050334367 0.0021926434030288653 0.000389876495953003 0.0020774186147924241 -0.00017704428657455104 0.0025158877566728993 -0.0043556126894548526 -0.0013606818614925948 0.0035351170353415595 0.0056269297795418626 -0.00026236131463754103 6.6539834445125825e-05 -0.0031631920416150218 -0.0013714657039426898 -0.0020186632820445934 -0.0023056208960554494 0.0060158747487100376 0.0025227934583687789 0.00065094121320263885 0.0029750358623543346
leaf_weight=1040.6736391186714 2889.5398057848215 8824.1090407520533 524.9852197766304 3655.4028209596872 1000.7875963002443 502.60559429228306 1312.1484751105309 3129.806479498744 1663.9071369022131 508.48911909759045 850.97865574061871 2959.202206119895 1636.0121849030256 7037.68708576262 15379.688024505973 4538.4438624680042 1595.0898199826479 3175.4795725792646 511.00884248316288 1172.0236398875713 2434.6085665225983 720.30681346356869 518.24200263619423 7279.805745780468 5748.0219547748566 774.80804102122784 739.96762134134769 2252.7093307375908 3553.262811139226 638.03806272149086
leaf_count=4213 11573 35351 2101 14648 4006 2013 5262 12531 6667 2036 3409 11852 6556 28165 61568 18173 6384 12711 2045 4691 9746 2883 2074 29155 23011 3105 2964 9016 14218 2556
internal_value=-8.93836e-06 -0.00107119 -0.00164723 0.000405356 -0.000583159 0.000341612 0.000520806 -0.000169057 0.000999129 0.00038766 0.00180337 0.000449935 -0.00162414 0.00268456 0.000244111 0.00196763 -0.000791386 7.05702e-06 -0.00258898 0.000336388 0.00139693 0.00352187 0.000164442 -0.00104187 -0.000221242 0.00140234 0.00260208 0.00158259 -0.000741367 -0.00151587
internal_weight=88567.8 24846.2 17629.7 63721.7 8805.58 62681 54125.9 22164.9 31961 18164.9 13796 5446.19 2486.99 8349.84 19035.1 5046.93 8555.14 5930.79 2624.34 7216.48 4326.94 1892.33 1029.25 7804.79 13118 3178.68 2403.87 2755.31 9939.32 6386.06
internal_count=354683 99506 70613 255177 35262 250964 216721 88747 127974 72730 55244 21817 9965 33427 76216 20209 34243 23740 10503 28893 17320 7574 4119 31256 52521 12736 9631 11029 39785 25567
is_linear=0
shrinkage=0.03


Tree=46
num_leaves=31
num_cat=0
split_feature=6 23 13 30 13 25 40 41 6 11 35 21 13 31 41 40 24 29 22 11 29 13 3 15 11 40 23 9 30 9
split_gain=41.9023 20.6811 44.2608 18.2468 16.9269 19.1201 15.4899 16.5402 16.6197 16.1596 15.3423 17.5514 15.4937 14.6076 13.9693 13.9324 13.4128 13.3129 13.1104 13.0737 14.8069 12.6054 12.3558 11.994 11.8709 13.0677 12.2217 14.8993 11.8618 11.6029
threshold=-0.9334331452846526 0.8956790864467622 -8.62701368331909 -0.63747543096542347 -7.9301548004150382 0.88688045740127575 -0.95104745030403126 -1.0000000180025095e-35 1.2821540832519533 0.49813738465309149 0.25062412023544317 0.18769444525241855 -6.5756282806396475 0.15140347182750705 0.6078576147556306 0.70710003376007091 2.3562967777252202 0.84095531702041637 1.5039286613464358 0.049324471503496177 0.020842513069510463 -6.8221676349639884 0.9798477590084077 -7.9578604698181143 -0.880253106355667 0.4383669793605805 0.34551809728145605 -0.35251307487487787 -2.1385927200317378 -0.38160003721714014
decision_type=2 2 2 2 2 2 2 2 2 2 2 2 2 2 2 2 2 2 2 2 2 2 2 2 2 2 2 2 2 2
left_child=22 3 -3 4 19 28 -4 8 -8 -10 11 13 14 23 24 17 -17 21 -15 20 -2 -12 29 -5 25 -13 -26 -28 -6 -1
right_child=1 2 6 10 5 -7 7 -9 9 -11 15 12 -14 18 -16 16 -18 -19 -20 -21 -22 -23 -24 -25 26 -27 27 -29 -30 -31
leaf_value=0.0026450672094585096 -0.0018298062482422545 0.0043512208917251974 -0.0052481250109870344 -0.002006343806811914 -0.0029471971054500774 -0.004446245639035693 -0.0015710172359366503 -0.00053824094919004281 -0.0080706084820944927 -0.001855035754518259 -9.2824334879287177e-06 0.0014725196902657031 -0.0029595983158012258 0.0022027468654056918 -0.00063338482897196634 -0.0031715071782703066 0.0021589316820222939 -0.0041242713556739266 0.007176614328712725 -0.002365852747628237 0.0011260338595552855 0.0036660837371318756 -0.0024534460391422001 0.0020371549037645795 0.0024124385929293205 0.0064236405427577853 0.0016251894680012658 -0.0010875827735063418 0.00070693071867451989 0.00082100765186349006
leaf_weight=6571.8159150034189 3227.0325325876474 1099.0602942705154 1129.9260918200016 831.68136535584927 854.73181727528572 761.6220173984766 2773.1613052040339 6006.248653024435 889.33273273706436 660.42190623283386 8146.7098531872034 1399.3896379768848 1173.844597607851 1126.3612895458937 5778.0230346024036 2478.4569706320763 504.93546780943871 624.76380316913128 834.73434951901436 6575.3308982700109 2875.1212146580219 926.36290501058102 646.0534687936306 3070.5645243823528 2796.1177265793085 726.90065829455853 3203.8566980808973 4197.8928000032902 10615.657253667712 6024.0543355494738
leaf_count=26404 12915 4399 4528 3330 3421 3050 11106 24060 3568 2649 32609 5600 4698 4509 23121 9924 2021 2502 3341 26318 11506 3707 2587 12299 11191 2910 12822 16798 42490 24158
internal_value=1.04931e-05 -0.000263282 -0.00137404 -4.07329e-05 -0.000671044 0.000125163 -0.00192647 -0.00155839 -0.00297126 -0.00545074 0.000374472 0.000803511 0.000365833 0.00223933 0.000582987 -0.000476023 -0.00226514 7.61377e-05 0.00434553 -0.00143877 -0.000437554 0.000369596 0.00156609 0.00117244 0.00115332 0.00318727 0.000726526 8.72526e-05 0.000432308 0.00177404
internal_weight=88530.2 75288.2 12558.2 62730.1 24909.5 12232 11459.1 10329.2 4322.92 1549.75 37820.6 25139.4 19276 5863.34 18102.2 12681.2 2983.39 9697.84 1961.1 12677.5 6102.15 9073.07 13241.9 3902.25 12324.2 2126.29 10197.9 7401.75 11470.4 12595.9
internal_count=354541 301392 50310 251082 99700 48961 45911 41383 17323 6217 151382 100619 77140 23479 72442 50763 11945 38818 7850 50739 24421 36316 53149 15629 49321 8510 40811 29620 45911 50562
is_linear=0
shrinkage=0.03


Tree=47
num_leaves=31
num_cat=0
split_feature=33 22 11 39 28 13 32 25 23 24 40 40 22 28 9 13 40 39 11 6 25 28 39 11 29 6 5 22 11 10
split_gain=27.3425 23.7256 17.8523 25.7461 18.3124 16.4005 15.4259 14.9319 14.8722 21.2707 15.9565 14.3075 14.2373 15.7434 14.2643 14.188 13.521 18.7109 19.5939 17.6006 16.4893 12.9809 19.6854 12.9443 14.1154 12.8852 12.7004 12.4667 12.4122 12.1918
threshold=0.44098025560379034 1.0524333119392397 0.50958159565925609 -0.44619357585906977 -2.5201389789581294 -8.3226714134216291 -1.1165507435798643 0.3022895902395249 0.1310423165559769 2.7682316303253178 0.97236067056655895 -0.99938130378723133 1.3711767792701723 0.17868544906377795 -0.82375866174697865 -7.5938351154327384 -0.26723583042621607 -0.86601716279983509 -0.60650831460952748 -0.47013136744499201 0.66639068722724926 0.95774847269058239 -0.93357151746749867 1.2553514838218691 0.14878483116626742 0.84211787581443798 2.1156537532806401 1.3094679117202761 0.581707924604416 0.37373498082160955
decision_type=2 2 2 2 2 2 2 2 2 2 2 2 2 2 2 2 2 2 2 2 2 2 2 2 2 2 2 2 2 2
left_child=2 -2 6 7 -5 -3 -1 -4 15 10 12 -8 13 23 -14 -6 17 20 19 -19 27 22 -7 -10 -25 -16 -24 -13 -23 -20
right_child=1 5 3 4 8 21 11 -9 9 -11 -12 16 14 -15 25 -17 -18 18 29 -21 -22 28 26 24 -26 -27 -28 -29 -30 -31
leaf_value=0.0045162124148175695 0.003289305718353893 0.00074203133497729643 0.0036956677413602069 -0.0041411267938135559 -0.00023357287429799948 0.0010848225831554274 0.0051476981150836744 0.0002002060229292829 -0.0023897964674073 0.0030296915897382406 -0.0049873646895467073 -0.0043573866029662772 0.0019764317588237502 0.0045297489982535286 -0.0039082556875401206 0.0046946918213683917 0.00066133048365334937 -0.0032408758248995656 0.00011473272227837079 -5.8962376402143628e-05 -0.0076187338269205042 -0.002060321750371112 -0.002890904709813848 -0.0011085951815141767 0.0038267378241873683 0.0005357382715701493 -0.007213948808929462 0.00068180207891497884 0.0024390992922224768 0.002283439253588238
leaf_weight=782.95762561261654 893.00575828552246 2005.811320617795 1327.9269932955503 1804.6894337385893 1996.2176707535982 1052.7165057808161 531.76020242273808 6189.4863287061453 2315.847216963768 891.88460893929005 1219.9467039853334 773.32749380171299 547.24203027784824 543.00300197303295 3422.8109032809734 703.29733355343342 29087.577095031738 2613.4822851717472 8490.3918869942427 3877.186228916049 506.4957799166441 1311.3754224181175 6767.5987160205841 1321.9600533694029 847.97921411693096 705.67252181470394 669.2792920768261 1008.3244128376245 937.48162660002708 3207.5081179141998
leaf_count=3173 3574 8032 5322 7224 8004 4217 2129 24773 9269 3569 4884 3095 2191 2173 13702 2823 116472 10475 33998 15515 2027 5254 27121 5291 3394 2826 2687 4039 3755 12839
internal_value=-0.000178415 -0.00141319 4.71149e-05 -0.000630201 -0.00129908 -0.00174502 0.000364514 0.000821757 -0.000943136 -0.00140195 -0.0017662 0.000298738 -0.00135655 -0.000247416 -0.00254636 0.00106296 0.000245688 -0.000344776 -2.24919e-05 -0.00134318 -0.00289538 -0.00220983 -0.00274611 -0.00083448 0.000828765 -0.00314919 -0.00328912 -0.00151757 -0.000182153 0.000710824
internal_weight=88354.2 13637.3 74717 23838 16320.6 12744.3 50879 7517.41 14515.9 11816.3 10924.5 50096.1 9704.51 5028.79 4675.73 2699.52 49564.3 20476.7 18188.6 6490.67 2288.15 10738.5 8489.59 4485.79 2169.94 4128.48 7436.88 1781.65 2248.86 11697.9
internal_count=353847 54640 299207 95445 65350 51066 203762 30095 58126 47299 43730 200589 38846 20127 18719 10827 198460 81988 72827 25990 9161 43034 34025 17954 8685 16528 29808 7134 9009 46837
is_linear=0
shrinkage=0.03


Tree=48
num_leaves=31
num_cat=0
split_feature=23 23 22 14 10 9 37 15 16 39 11 5 16 24 5 20 17 15 30 40 39 31 24 7 35 40 7 19 37 26
split_gain=32.6166 22.5079 18.6793 25.4253 17.4788 16.3528 15.656 15.5163 15.6752 14.0551 17.3739 21.6419 14.5339 14.1785 13.5965 13.0556 12.6807 12.6344 12.1151 11.8927 12.1318 16.5497 13.0448 11.7928 12.2288 18.5413 11.9706 11.7694 11.6686 11.4522
threshold=0.86317342519760143 0.11506162956357004 1.6005099415779116 -8.5846366882324201 -0.26010072231292719 -0.30477544665336603 -0.12499011680483817 -7.4766271114349356 0.11677818000316621 -0.45398618280887598 0.48634542524814611 1.1090426445007326 -0.2472133785486221 2.3562967777252202 0.17623534798622134 1.6563972234725954 0.3385062068700791 -7.0140309333801261 1.0132864713668825 -0.99253669381141651 0.92717501521110546 -0.21559339761734006 2.3769207000732426 -0.64816293120384205 0.050016677007079131 -0.46946710348129267 0.3861499577760697 0.99306178092956554 -0.36888729035854334 -0.5399414300918578
decision_type=2 2 2 2 2 2 2 2 2 2 2 2 2 2 2 2 2 2 2 2 2 2 2 2 2 2 2 2 2 2
left_child=1 7 3 -2 -5 27 -4 8 -1 12 13 19 16 -11 -15 23 -7 18 -8 -12 22 -22 -21 -14 -25 -26 -27 28 -3 -6
right_child=2 5 6 4 29 9 17 -9 -10 10 11 -13 15 14 -16 -17 -18 -19 -20 20 21 -23 -24 24 25 26 -28 -29 -30 -31
leaf_value=-0.00029175388395028868 0.0057852971936199647 0.0021742972644670502 -0.0064448352505540223 0.0012047800741545006 -0.0027890164135243095 0.0011688969383001559 -0.0019277196471844194 0.0027863426846898871 0.0030699002273965616 -0.00038889707028635944 0.0020878405396077011 0.0030147073897057873 0.0023403636485356434 0.0053237000058565867 -0.00095136085519076418 0.00143970845065078 0.0061203129852546879 -0.0056298130597793924 0.0026054427472145271 -0.0034670614178509565 -0.0046245008553608084 0.0017975535124247497 0.00038697070413631988 -0.0038627547978868503 0.0020087038526450315 -2.894732110839559e-05 -0.0043056964111616624 0.0024526168469691631 0.0001112324072339114 -2.2099329910433454e-05
leaf_weight=4984.4802095293999 557.65711575746536 2898.2753477096558 778.17268596589565 2707.60442905128 3478.3156401962042 5066.9709083288908 4363.3856654912233 4813.1822708398104 1654.8877991437912 14100.198848515749 557.40939934551716 791.09592573344707 774.95637787878513 787.14490875601768 504.97691279649734 2601.9425574243069 503.8030614554882 713.45165331661701 595.05988262593746 6015.8337793797255 506.2114417552948 1192.3254520148039 907.55801509320736 1522.1370919793844 1425.6424231082201 1103.0793758034706 1254.2792199999094 2963.923092097044 16283.462924748659 2192.7149956822395
leaf_count=19985 2232 11608 3118 10840 13930 20277 17494 19335 6658 56433 2231 3168 3102 3150 2021 10418 2016 2861 2382 24084 2026 4773 3632 6091 5705 4414 5020 11864 65188 8784
internal_value=6.38764e-06 0.000270298 -0.00124875 -0.000359866 -0.000775279 4.36985e-05 -0.0024778 0.0014912 0.000549508 -0.000321267 -0.000744763 -0.00171968 0.000432334 -0.000112553 0.00288286 -0.000335111 0.00162685 -0.00192314 -0.00137955 -0.00213053 -0.00240535 -0.000132263 -0.00296202 -0.00109575 -0.00160115 -0.000683375 -0.00231305 0.000696423 0.000423923 -0.0017211
internal_weight=88600.1 73213.8 15386.4 8936.29 8378.64 61761.2 6450.07 11452.6 6639.37 39615.6 25362.8 9970.43 14252.8 15392.3 1292.12 8682.04 5570.77 5671.9 4958.45 9179.34 8621.93 1698.54 6923.39 6080.09 5305.14 3783 2357.36 22145.7 19181.7 5671.03
internal_count=354840 293199 61641 35786 33554 247221 25855 45978 26643 158561 101518 39914 57043 61604 5171 34750 22293 22737 19876 36746 34515 6799 27716 24332 21230 15139 9434 88660 76796 22714
is_linear=0
shrinkage=0.03


Tree=49
num_leaves=31
num_cat=0
split_feature=33 11 11 16 26 11 16 35 22 13 26 10 14 26 5 24 13 26 4 7 11 14 36 27 13 31 22 19 22 25
split_gain=32.5756 21.7115 20.0119 19.2547 18.7377 17.5452 16.4953 15.4769 15.0192 12.7587 12.6591 12.4379 12.2228 15.2152 11.9425 13.3207 11.3054 11.2823 11.2771 14.2786 15.0971 16.9419 15.4804 14.6649 14.0938 13.9466 13.3249 11.4654 10.9438 10.8182
threshold=-0.27996750175952906 0.12658026814460757 -0.5313405692577361 0.067782454192638411 -0.954188972711563 0.47489976882934576 -0.66448733210563649 -0.63755038380622853 1.2170866727828982 -8.185050964355467 -0.45178894698619837 0.32419101893901831 -7.3297460079193106 -0.48723912239074701 -0.55757722258567799 2.1522040367126469 -7.3199551105499259 0.45852127671241766 -0.14225764572620389 0.85909509658813488 -0.64643412828445423 -7.4327964782714835 0.2401923015713692 0.2794261127710343 -8.3993005752563459 -0.086568679660558687 1.2207277417182925 0.78952479362487804 1.4230839610099795 0.15278067439794543
decision_type=2 2 2 2 2 2 2 2 2 2 2 2 2 2 2 2 2 2 2 2 2 2 2 2 2 2 2 2 2 2
left_child=2 3 11 7 6 12 -3 -2 10 -7 -6 14 13 -4 15 -1 -14 -5 24 20 22 -22 28 -24 -9 -23 -26 -28 -20 -8
right_child=1 4 5 17 8 9 29 18 -10 -11 -12 -13 16 -15 -16 -17 -18 -19 19 -21 21 25 23 -25 26 -27 27 -29 -30 -31
leaf_value=0.00013552936464022902 -0.0022480869571131819 0.00085302424466385143 0.0045864814291035772 -0.0016122301985879587 -0.00075897413365334191 -0.0017873122343005715 0.0017608003442750443 -0.0037295943019810653 -0.00057907680036650905 0.0012429165705010632 0.0030017227453587587 -0.0034198205558131603 -0.0031867605429133222 0.0016252606977650674 -0.0024627342889733061 0.0042420104245312626 0.0018377450047716332 0.00091171106951659815 0.00027467309324750565 -0.00030455569986115007 0.0018935218471790025 -0.0035274490388357439 0.0074572402157216076 0.0027242624892502868 -0.0015022050994085131 0.00091284977125102591 0.0022602555913368619 -0.0022430751508130385 0.0041578330880334803 -0.0019973602736153059
leaf_weight=3841.2715925723314 1531.0108472406864 2369.6750242263079 3388.8523698151112 6401.2937438338995 1241.8161527216434 1642.2092210948467 714.76416669785976 871.52805060148239 11038.935025125742 5138.7513371109962 2265.47616314888 977.94746318459511 525.92715167999268 2919.6990063786507 1184.2074286490679 862.60054011642933 1617.6220577210188 2114.1059703677893 2072.4308025091887 3988.7630154192448 4950.9763234257698 1159.4951822459698 1017.3261587917805 1427.1164504289627 2165.3435459583998 1390.2471219599247 2922.4277206659317 607.22298304736614 944.8803842663765 15163.573777019978
leaf_count=15423 6127 9484 13580 25626 4970 6580 2860 3487 44204 20603 9066 3919 2110 11725 4743 3461 6495 8466 8294 15978 19815 4641 4072 5713 8664 5564 11694 2430 3782 60704
internal_value=4.22286e-05 -0.000290019 0.00103957 0.000246345 -0.000838884 0.00164534 -0.00147886 0.000665266 -3.55813e-05 0.000507506 0.00167181 -0.000304838 0.00255653 0.00322072 0.000217448 0.000895981 0.000595892 -0.000985281 0.000855801 0.00126448 0.00174715 0.000871634 0.00294573 0.00471639 -0.000199497 -0.00111227 0.000346319 0.00148138 0.00150041 -0.00182718
internal_weight=88457.5 66358.4 22099.1 33564.2 32794.2 15233.1 18248 25048.8 14546.2 6780.96 3507.29 6866.03 8452.1 6308.55 5888.08 4703.87 2143.55 8515.4 23517.8 16951.2 12962.5 7500.72 5461.75 2444.44 6566.52 2549.74 5694.99 3529.65 3017.31 15878.3
internal_count=354280 265641 88639 134353 131288 61093 73048 100261 58240 27183 14036 27546 33910 25305 23627 18884 8605 34092 94134 67859 51881 30020 21861 9785 26275 10205 22788 14124 12076 63564
is_linear=0
shrinkage=0.03


Tree=50
num_leaves=31
num_cat=0
split_feature=34 39 41 3 25 36 25 5 4 43 26 13 10 43 43 0 35 39 11 18 10 16 5 43 35 17 18 33 18 22
split_gain=31.8804 18.6568 17.3412 17.224 16.7489 15.7335 15.0828 12.9304 12.7414 18.5505 13.0352 12.9241 12.8317 12.6041 13.6879 12.0248 12.2986 11.9206 14.6056 11.8084 11.7997 11.6413 14.3722 20.5951 11.9018 12.7179 11.6771 12.7796 11.5441 11.5068
threshold=-0.24015416949987409 -0.43836697936058039 -0.60785761475563038 1.3493551015853884 0.92485430836677562 0.9656645953655244 0.90934666991233837 0.633569896221161 -0.16933829337358472 0.10000000521540643 -0.90649932622909535 -8.1007337570190412 -1.3358550071716306 0.90000000596046459 0.10000000521540643 0.89772149920463573 0.22245934605598452 0.87461137771606456 -0.12650435417890546 0.99333056807518016 0.30457061529159551 -0.79646304249763478 -0.034451944753527634 0.63333335518836986 0.15381448715925219 -0.34523317217826838 1.6252104640007021 0.24413702636957171 0.99853757023811351 1.1984654068946841
decision_type=2 2 2 2 2 2 2 2 2 2 2 2 2 2 2 2 2 2 2 2 2 2 2 2 2 2 2 2 2 2
left_child=2 3 17 4 8 15 7 -5 11 10 -10 -2 -11 14 -7 16 -3 18 -1 -16 -20 -14 23 -23 25 -24 27 -26 -18 -13
right_child=1 5 -4 6 -6 13 -8 -9 9 12 -12 29 21 -15 19 -17 28 -19 20 -21 -22 22 24 -25 26 -27 -28 -29 -30 -31
leaf_value=0.0011636752475702936 0.0026726264706054617 -0.00041027766663600168 0.00032625989301527216 -0.00011529527176354339 -0.0023216431903838046 -0.0024222699284837629 0.0011646759589529062 -0.0060282176871586952 -0.0040958056461183083 0.0064166967864711759 0.0011788246625342978 -0.0027793301670610529 0.0054497668120964049 -0.0039923602248658364 0.0025667127251943378 -0.002855554895340064 -0.0026457508947072056 -0.00063489555224621589 0.0056231074943094662 4.9771757384365187e-05 0.0012852211919645888 0.0058590375621721379 -0.004718117418894041 -0.00029880066396143943 0.0034446414512111809 0.00021928207942412988 0.0059732257493162084 -0.00065239409956692484 -0.00083257809512056349 5.924017919412429e-05
leaf_weight=2692.1652844101191 1128.4349113702774 16458.528486981988 17715.815913274884 503.01532471179962 1743.3684722930193 1143.9049407243729 753.23417955636978 976.21507754921913 874.31752176582813 508.61902004480362 799.29428568482399 1844.5134371072054 640.45930798351765 565.81581476330757 2886.5683975815773 3324.2167062759399 5756.6542601138353 1147.0094487667084 1847.7969317138195 3987.3064940869808 820.94674250483513 1263.2864855974913 537.25564813613892 791.90407608449459 1224.8119979053736 3300.5830191671848 538.37973828613758 1533.5991501808167 7022.7925620228052 4185.9803657531738
leaf_count=10802 4516 65871 71034 2013 6983 4583 3020 3910 3500 2036 3200 7382 2563 2266 11553 13314 23052 4599 7412 15963 3291 5055 2150 3169 4901 13209 2155 6139 28130 16755
internal_value=-0.000114098 -0.000463561 0.000813231 0.000217734 0.000485428 -0.000846795 -0.00228113 -0.00403179 0.000741768 0.00133843 -0.00158467 -0.000259889 0.00181268 0.000295532 0.000602725 -0.00114792 -0.000952857 0.00213633 0.00272933 0.00110891 0.00429849 0.00156819 0.00129205 0.00349635 0.000653075 -0.000482366 0.00197232 0.00117268 -0.00165077 -0.000812141
internal_weight=88516.8 64293.1 24223.7 23147.3 20914.8 41145.8 2232.46 1479.23 19171.4 12012.5 1673.61 7158.93 10338.9 8583.6 8017.78 32562.2 29238 6507.92 5360.91 6873.87 2668.74 9830.28 9189.82 2055.19 7134.63 3837.84 3296.79 2758.41 12779.4 6030.49
internal_count=354526 257388 97138 92656 83713 164732 8943 5923 76730 48077 6700 28653 41377 34365 32099 130367 117053 26104 21505 27516 10703 39341 36778 8224 28554 15359 13195 11040 51182 24137
is_linear=0
shrinkage=0.03


Tree=51
num_leaves=31
num_cat=0
split_feature=5 31 20 17 27 15 22 9 12 1 28 36 39 32 30 16 1 5 16 18 28 8 40 25 26 7 14 22 5 26
split_gain=39.7424 17.6911 16.1961 13.2971 13.2779 23.2647 16.8706 19.4938 15.2597 17.5942 14.2626 13.4202 13.1907 13.1592 12.3948 15.8664 12.8098 12.0831 11.6602 13.5841 11.5667 11.0594 10.807 14.0572 10.7992 10.793 15.4742 10.8728 13.8864 14.8412
threshold=-0.81671652197837818 -0.42308160662651056 1.3436970710754397 0.54865121841430675 0.56451180577278148 -7.9199085235595694 1.2357598543167116 1.1719193458557131 -8.0048937797546369 0.031333433464169509 0.8245162069797517 -0.97611919045448292 0.087154909968376174 0.71369668841362011 0.72123411297798168 0.32647521793842321 -0.3498168140649795 -1.8120409250259397 0.0087208594195544737 0.48159998655319219 -1.1973262429237364 0.021042777225375179 -0.26723583042621607 0.83036655187606823 0.66048654913902294 0.63184410333633434 -8.6135625839233381 1.4952418804168703 0.034856414422392852 0.18498744070529941
decision_type=2 2 2 2 2 2 2 2 2 2 2 2 2 2 2 2 2 2 2 2 2 2 2 2 2 2 2 2 2 2
left_child=3 2 18 14 10 8 -7 13 9 -6 11 12 20 22 15 17 -17 -1 19 -2 21 -3 -8 24 -24 26 -13 28 29 -28
right_child=1 4 -4 -5 5 6 7 -9 -10 -11 -12 25 -14 -15 -16 16 -18 -19 -20 -21 -22 -23 23 -25 -26 -27 27 -29 -30 -31
leaf_value=0.0032935977245613598 0.004491930633637382 0.0050951335617848981 -0.00094829984171503361 0.0047519523642533187 -0.0013767881595024563 -0.00029331359951315159 -0.0036668096634321079 0.00040117239714112526 -0.0024519766509319388 0.0036807559196925885 0.0013628900017752983 -0.003484205460287063 -0.0030756670125621443 -0.0054100360153168242 -0.0017155871949637305 0.0061849389971406817 0.0013354098225463356 0.00053624320906909509 0.0035261154604350827 0.00026521014003914927 -0.0017998397037838516 -0.00072392179828012905 -0.0029676961078650014 0.0017921456562392825 0.0016554473561172141 -0.0010693637588941858 -0.000427576382219637 0.0017025951097737087 0.00093694062741101391 -0.0046815276292423895
leaf_weight=1645.7691208422184 778.48348145186901 546.87276616692543 3617.8423972129822 919.98477645218372 909.666170373559 5472.4422731548548 3376.3857639729977 1961.1387927979231 886.07944455742836 1899.2623310387135 4358.8925689160824 977.02494117617607 3159.8264586478472 1547.1526194363832 1319.5153829008341 995.46402910351753 970.28359441459179 10554.430572643876 1884.979483038187 5192.5276504606009 1787.5989001095295 618.0024179816246 3054.4578629881144 958.05903239548206 527.33096495270729 8803.6665347963572 7398.9826832711697 4276.4462690502405 7420.0273085832596 810.28849214315414
leaf_count=6629 3116 2189 14485 3696 3641 21903 13519 7858 3549 7603 17449 3910 12650 6209 5298 4012 3894 42303 7548 20785 7156 2474 12228 3840 2111 35256 29612 17119 29696 3243
internal_value=-6.63015e-05 -0.000369103 0.000710844 0.00126617 -0.000573157 -0.00119234 -0.00166374 -0.00231935 0.000961989 0.00204381 -0.000255435 -0.00045281 -0.0017317 -0.00288296 0.00105615 0.00131535 0.00381011 0.000910595 0.00147515 0.000822867 -0.000287825 0.00202806 -0.00238287 -0.00142202 -0.00228434 -0.000188997 0.000182478 0.000364107 -2.98062e-06 -0.000852644
internal_weight=88628.9 72223.4 11473.8 16405.4 60749.6 20592 16897 11424.5 3695.01 2808.93 40157.6 35798.7 6112.3 9463.39 15485.5 14165.9 1965.75 12200.2 7855.99 5971.01 2952.47 1164.88 7916.23 4539.85 3581.79 29686.4 20882.8 19905.7 15629.3 8209.27
internal_count=354981 289149 45934 65832 243215 82461 67668 45765 14793 11244 160754 143305 24469 37907 62136 56838 7906 48932 31449 23901 11819 4663 31698 18179 14339 118836 83580 79670 62551 32855
is_linear=0
shrinkage=0.03


Tree=52
num_leaves=31
num_cat=0
split_feature=23 13 9 41 27 0 13 43 43 13 15 13 42 3 13 40 35 40 40 40 35 34 35 39 34 39 32 26 29 2
split_gain=29.7292 34.678 25.5889 19.1518 20.1369 18.3968 15.5036 14.1095 16.281 17.0554 22.3483 13.4421 14.1281 14.9378 13.1732 12.4183 12.5199 11.8311 11.4337 12.18 27.7072 18.4512 15.402 18.9658 15.1664 21.0304 16.3675 14.0988 13.9851 11.8567
threshold=0.9142419993877412 -8.5870060920715314 -0.35251307487487787 0.6078576147556306 -0.98341387510299672 1.1871607303619387 -6.8221676349639884 0.76666668057441723 0.10000000521540643 -7.5826790332794181 -7.2383205890655509 -8.8477740287780744 1.0000000180025095e-35 0.85446199774742138 -7.2577133178710929 -0.80900928378105152 0.42404276132583624 0.74313774704933178 -0.99618521332740773 -0.095844838768243776 0.059330977499485023 -0.52808737754821766 0.24610111117362979 -0.22494891285896298 -0.018030910752713677 -0.46946710348129267 0.17663791030645373 -2.5686097145080562 0.78236109018325817 -0.60031908750534047
decision_type=2 2 2 2 2 2 2 2 2 2 2 2 2 2 2 2 2 2 2 2 2 2 2 2 2 2 2 2 2 2
left_child=2 -2 3 5 -5 11 18 8 -3 -10 14 -1 13 17 -11 -8 -17 -13 -4 20 21 -20 29 -24 25 -22 -26 -23 -28 -21
right_child=1 7 6 4 -6 -7 15 -9 9 10 -12 12 -14 -15 -16 16 -18 -19 19 22 24 27 23 -25 26 -27 28 -29 -30 -31
leaf_value=-0.0019198243603656771 0.003698672865269057 -0.0043092155792211467 0.0025464001057558506 0.0048598602571036705 -0.00050804480324443096 -0.0014332502057087765 -0.0019291743777524184 -0.0041046186985809908 0.00059040557099822625 -0.0074391763090602848 0.00045803382824493541 0.0012783807330150627 0.0032532427961365681 -0.0018579409455102046 -0.0013852901708754377 0.0013717423130304423 0.0057762937288112605 0.0038473682754335162 0.0027896025662988164 0.002249775534530245 0.0063800275955906201 5.6763296025697396e-05 0.00081255194533134186 -0.0017678067080597593 -0.0012770985621338761 0.00040321061738140363 0.0019882957776274908 -0.0033268750235486188 -0.0031896064394248305 0.00033012051899883348
leaf_weight=772.41887822747231 1123.6801243424416 1308.3450843989849 1375.3652636706829 675.18711563944817 7655.4310913980007 1587.1512469649315 570.49771489202976 1975.4318707585335 3933.0092761069536 846.90062141418457 1193.0687851160765 7602.204428255558 6162.3992906808853 1095.4452125132084 528.40486131608486 1644.1644144207239 895.70627573132515 2045.4768756479025 602.73285819590092 3978.3119762390852 736.33007107675076 1385.1864855289459 4503.864978313446 5926.9587853550911 6995.2925322055817 1831.8516772687435 3080.358634069562 5527.8896920382977 544.30178193747997 10587.192784041166
leaf_count=3094 4498 5255 5507 2713 30665 6357 2284 7919 15756 3393 4781 30469 24699 4385 2116 6583 3585 8199 2425 15942 2949 5544 18030 23735 28002 7334 12332 22127 2181 42378
internal_value=0.00019484 -0.00127109 0.000400573 0.00113419 -6.76771e-05 0.00165367 -2.96834e-06 -0.00184499 -0.00126891 -0.000651392 -0.0025479 0.00193148 0.00210847 0.0014494 -0.00514001 0.0020449 0.00294161 0.00182647 -0.00013868 -0.000220028 -0.000757994 -0.00221045 0.000225683 -0.000653937 7.07944e-05 0.00213494 -0.000429908 -0.00264979 0.00120411 0.000855624
internal_weight=88690.6 10908.8 77781.7 27595.7 8330.62 19265.1 50186 9785.16 7809.73 6501.38 2568.37 17677.9 16905.5 10743.1 1375.31 3110.37 2539.87 9647.68 47075.6 45700.3 20703.9 7515.81 24996.3 10430.8 13188.1 2568.18 10620 6913.08 3624.66 14565.5
internal_count=355237 43718 311519 110581 33378 77203 200938 39220 31301 26046 10290 70846 67752 43053 5509 12452 10168 38668 188486 182979 82894 30096 100085 41765 52798 10283 42515 27671 14513 58320
is_linear=0
shrinkage=0.03


Tree=53
num_leaves=31
num_cat=0
split_feature=33 14 33 0 15 41 15 20 10 16 4 37 36 23 34 4 15 4 4 33 30 3 32 4 2 16 22 5 20 16
split_gain=28.8914 20.2986 18.0423 17.4379 21.5109 16.3647 19.3055 13.6596 13.2261 12.4474 11.6629 11.5461 12.6379 11.5722 11.4261 13.0479 11.0722 12.1178 10.6909 13.2411 10.1257 10.1048 9.84069 9.66607 9.76642 9.09816 9.03647 8.95784 8.73023 8.75672
threshold=-0.47687573730945582 -6.9820022583007804 0.75713190436363231 -0.07118539139628409 -7.69053030014038 0.6078576147556306 -7.7825510501861563 0.68016424775123607 1.4223389625549319 0.27047356963157659 1.1898617744445803 0.70005038380622875 0.94754043221473705 0.1310423165559769 0.29153962433338171 0.14123987406492236 -8.369997024536131 -0.71644550561904896 -0.089614085853099809 -0.02118175849318504 1.2728854417800906 0.21687150001525882 -0.59333172440528859 0.79095077514648449 0.50214388966560375 -0.30817554891109461 1.5651370882987978 -1.379447281360626 2.4012185335159306 -0.54040643572807301
decision_type=2 2 2 2 2 2 2 2 2 2 2 2 2 2 2 2 2 2 2 2 2 2 2 2 2 2 2 2 2 2
left_child=1 8 3 4 5 6 18 -6 21 -4 20 12 13 25 15 -7 -14 -18 -2 -20 22 -1 -9 -19 -25 -5 -26 -3 29 -15
right_child=2 27 9 11 7 14 -8 10 -10 -11 -12 -13 16 28 -16 -17 17 23 19 -21 -22 -23 -24 24 26 -27 -28 -29 -30 -31
leaf_value=0.001568637340361506 -0.0015177057719594788 0.0078889873250419032 -0.0030513382446718446 0.00034708938423588228 -0.0029778131584047361 -0.0069544389823493705 -0.004008515807291761 0.0033413210643135302 -0.0035254671271131182 0.00032950406453666989 0.0031922521931955481 -0.0026037242467525619 0.0053467637512833212 0.0010342087766854412 -0.00023639666756976072 -0.0014398054485364098 -0.0018968217223886881 0.0019526279327077964 0.0047417584076798885 -7.8476446828591731e-05 0.0041096455111441551 -0.0027204483956876015 -0.00025028206853497088 0.0025168714370329436 -5.2972574525182806e-05 0.0047903604456214343 -0.004717421686780186 0.0026841860154337761 0.0037824535219884328 -0.00031579748164813748
leaf_weight=9281.3205635100603 2471.1467904448509 572.0233061760664 2968.9144929796457 822.44678649306297 1288.0250022560358 1162.7021404355764 1470.6786953210831 705.73887158930302 520.26747643947601 1457.9892861694098 1096.2883105576038 1101.6424457281828 572.61980982124805 5350.4947976022959 570.43420779705048 585.03307656943798 1087.8898907452822 7800.3481043577194 696.06443263590336 1873.5791689753532 518.71198213100433 513.22589737176895 16848.001559302211 850.68291136622429 1348.7629044055939 830.16152492165565 507.23948343098164 641.64225636422634 534.07239310443401 22360.160904765129
leaf_count=37309 9891 2306 11911 3292 5155 4653 5887 2825 2086 5850 4390 4410 2292 21414 2284 2341 4354 31222 2786 7500 2076 2060 67441 3406 5399 3324 2031 2577 2138 89507
internal_value=0.000127483 0.00152729 -8.25954e-05 3.11224e-05 -0.000533816 -0.00177046 -0.000996831 5.54657e-07 0.00109269 -0.00193963 0.000202132 0.000414441 0.000494084 0.0001622 -0.00392988 -0.00512718 0.00130877 0.00110491 -0.000111959 0.00124055 1.90835e-05 0.00134135 -0.000104063 0.00141722 -0.000127282 0.00259448 -0.0013462 0.00518173 1.90184e-05 -5.48533e-05
internal_weight=88408.3 11528.5 76879.8 72452.9 29286.4 8829.64 6511.47 20456.8 10314.8 4426.9 19168.7 43166.5 42064.9 29897.3 2318.17 1747.74 12167.5 11594.9 5040.79 2569.64 18072.5 9794.55 17553.7 10507 2706.69 1652.61 1856 1213.67 28244.7 27710.7
internal_count=354117 46338 307779 290018 117229 35342 26064 81887 41455 17761 76732 172789 168379 119675 9278 6994 48704 46412 20177 10286 72342 39369 70266 42058 10836 6616 7430 4883 113059 110921
is_linear=0
shrinkage=0.03


Tree=54
num_leaves=31
num_cat=0
split_feature=33 36 13 23 36 21 41 39 13 13 17 36 41 10 8 33 11 32 33 31 11 41 6 22 37 29 31 40 8 36
split_gain=25.7993 17.9234 24.3552 19.2109 16.1195 14.0552 13.4138 13.1014 16.5901 13.0284 12.7801 12.1389 11.5831 11.5586 11.038 10.9109 10.78 17.7771 12.6673 15.5093 12.466 16.0324 12.267 13.1066 11.0778 10.3782 11.3696 10.1156 10.1477 9.9727
threshold=-0.57725611329078663 0.7414761781692506 -8.6706089973449689 0.92511069774627697 0.32582521438598638 0.24906804412603381 -0.60785761475563038 -0.44619357585906977 -8.8113484382629377 -7.9490439891815177 -0.06275980174541472 -0.59955948591232289 -0.87837970256805409 1.4223389625549319 0.41535039246082311 -0.18640311062335965 -0.93334466218948353 -0.21359819918870923 -0.29591290652751917 -0.56638899445533741 -1.3803508281707761 -0.60785761475563038 0.73700872063636791 0.8458993434906007 0.47865942120552069 0.77408194541931163 0.58157348632812511 -0.99618521332740773 -0.48872560262680048 -0.72699040174484242
decision_type=2 2 2 2 2 2 2 2 2 2 2 2 2 2 2 2 2 2 2 2 2 2 2 2 2 2 2 2 2 2
left_child=4 3 -3 7 5 6 12 10 15 11 14 -8 -1 -5 -2 -9 17 -10 19 -18 21 -19 23 -20 27 26 -12 -25 -29 -16
right_child=1 2 -4 13 -6 -7 9 8 16 -11 25 -13 -14 -15 29 -17 18 20 22 -21 -22 -23 -24 24 -26 -27 -28 28 -30 -31
leaf_value=0.0018014808050027028 0.0021507053705469526 0.0048528077839997573 0.00035248028712826703 -0.0016181115240569951 -0.001131061638797168 0.0070861862368356591 -0.0033284272815751479 -0.0068786468911497412 -0.0016574817133767255 0.0021935895724021133 0.00021755400587046531 0.0021729246634077503 0.0069224733186842771 -0.0058971274944590773 -0.0027831935111588589 -0.0016729776927022805 0.0042885748870792493 0.0034037603550523881 0.0021940887824117824 -0.00010956320676666857 0.0038567416015543809 -0.001834853089130991 0.00034390074425982105 0.0019361445897246136 0.0017963192010059051 -0.0035077901497181717 -0.0043530684617212132 -0.0006277543544351865 -0.0024299982987986755 0.0010922981978454197
leaf_weight=854.04791653156281 5031.3545883893967 1130.5357800275087 21248.780536919832 4532.8664459139109 1524.4918836057186 498.29952420294285 934.70137932896614 571.70979228615761 1865.7662257999182 2915.9988834857941 10158.072376698256 575.52093203365803 749.76614540815353 642.6807529181242 903.30745840072632 985.48907926678658 851.26784908771515 903.90353913605213 852.80349218845367 4447.0474060028791 1656.4288189411163 1228.3756065219641 4560.4331361949444 620.92410090565681 809.52684886753559 808.60055758059025 504.61059492826462 3838.3453070372343 10592.536786153913 1719.0321313887835
leaf_count=3440 20140 4525 85078 18169 6126 2005 3757 2288 7469 11748 40662 2311 3021 2576 3616 3944 3411 3618 3413 17807 6630 4916 18267 2485 3240 3237 2020 15360 42400 6881
internal_value=2.28191e-05 -0.000139281 0.000581889 -0.00041719 0.0016407 0.0022887 0.00188118 -0.000246353 -0.000601474 0.00102483 0.00038096 -0.00123145 0.00422355 -0.00215981 0.00132954 -0.00361588 -0.000454744 0.000733768 -0.000707829 0.000603823 0.00191261 0.000391392 -0.00103462 -0.00141073 -0.00160581 -0.000252542 -2.62636e-06 -0.00178985 -0.0019514 -0.000248179
internal_weight=88517.2 80464.4 22379.3 58085.1 8052.83 6528.33 6030.04 52909.5 33784.6 4426.22 19125 1510.22 1603.81 5175.55 7653.69 1557.2 32227.4 5654.47 26572.9 5298.32 3788.71 2132.28 21274.6 16714.1 15861.3 11471.3 10662.7 15051.8 14430.9 2622.34
internal_count=354560 322152 89603 232549 32408 26282 24277 211804 135248 17816 76556 6068 6461 20745 30637 6232 129016 22633 106383 21218 15164 8534 85165 66898 63485 45919 42682 60245 57760 10497
is_linear=0
shrinkage=0.03


Tree=55
num_leaves=31
num_cat=0
split_feature=34 38 10 12 40 10 15 22 21 31 13 23 40 40 41 42 10 15 33 40 8 8 11 16 7 13 43 11 0 11
split_gain=26.0438 17.6644 17.0304 16.6249 15.5416 17.6959 17.966 14.4865 18.625 23.6379 17.3744 14.4251 19.3133 16.1629 14.0953 16.6563 15.3948 14.5957 15.7043 13.2764 12.3035 16.5198 13.469 12.3532 12.6537 12.2554 12.0907 13.6259 12.6485 12.3652
threshold=-0.27085752785205836 1.0000000180025095e-35 -0.2514216005802154 -8.7263293266296369 0.91705134510993969 2.0222104787826543 -7.575894594192504 1.3868974447250368 0.56278565526008617 0.090359393507242217 -8.5486888885498029 0.78601443767547619 -0.99025863409042347 -0.99451243877410878 1.0000000180025095e-35 1.0000000180025095e-35 0.60273277759552013 -7.5621590614318839 0.52438971400260936 0.51503318548202526 0.35656949877738958 -0.047993183135986321 -0.16395670175552365 -0.11658694595098494 0.72442370653152477 -8.236653804779051 0.10000000521540643 2.2662849426269536 0.11196958646178247 -0.5313405692577361
decision_type=2 2 2 2 2 2 2 2 2 2 2 2 2 2 2 2 2 2 2 2 2 2 2 2 2 2 2 2 2 2
left_child=1 3 7 -1 5 11 -7 8 9 -2 -10 13 -13 -4 15 16 -14 -18 -19 -12 21 23 -23 24 -9 -17 28 29 -5 -28
right_child=2 -3 4 26 -6 6 -8 20 10 -11 19 12 14 -15 -16 25 17 18 -20 -21 -22 22 -24 -25 -26 -27 27 -29 -30 -31
leaf_value=-0.002145151088957473 -0.0019940018098789061 0.0060595179902229726 0.0036720739031078993 0.0044993806268450376 -0.001970569669684466 -0.001841005129273345 0.0038996984065718878 0.002298554130235564 0.0075052122197412181 0.0020720660566613553 0.00072627480465690638 -0.0061002344663713473 -0.0023669664149744869 -0.00023684588482201835 0.00015273786879451505 -0.0013835713104479745 0.0054704459278320586 0.00312107252501028 -0.0039274477739653967 0.0037047902814360272 -0.0018876267246416601 0.0048492074717379537 -0.00043049289859078792 -0.0029914070096668192 -0.0030787309690008314 -0.0048974186396147576 -0.0001962888996292471 -0.0037062146593263776 0.00017028363192924214 0.0015130221444044304
leaf_weight=1585.3221764117479 2846.7893369495869 581.40961389243603 981.11923761665821 1669.3330534249544 6103.0702166259289 692.73276586830616 1631.6663994342089 1353.8659830987453 512.42234210669994 2331.464874535799 3791.7600264549255 707.34408505260944 1762.4169110655785 24128.968279287219 5198.1472932398319 1633.4651922732592 574.32458853721619 563.82538275420666 554.31917102634907 2084.4298695325851 3295.9902733713388 1087.1402337253094 717.89885555207729 1353.4154726117849 544.15047058463097 1990.3944345116615 5892.6927038431168 586.88652691245079 952.89325472712517 10750.443993151188
leaf_count=6351 11393 2330 3927 6705 24441 2773 6532 5419 2051 9331 15175 2835 7063 96576 20822 6541 2302 2258 2224 8345 13202 4352 2874 5417 2178 7977 23642 2353 3820 43131
internal_value=4.98904e-05 0.000943818 -0.00024646 0.000802314 -0.000560712 -0.000347394 0.00218826 0.000487392 0.00117447 -0.000162824 0.00225696 -0.000502646 -0.00131406 -8.27128e-05 -0.00103356 -0.00190369 -0.000411015 0.00162771 -0.000377065 0.00178733 -0.000464368 0.000465258 0.00275857 -0.000812432 0.000748861 -0.00332171 0.00103865 0.000748837 0.00293285 0.000908067
internal_weight=88460.1 22019 66441.1 21437.6 46521.8 40418.7 2324.4 19919.3 11566.9 5178.25 6388.61 38094.3 12984.2 25110.1 12276.9 7078.75 3454.89 1692.47 1118.14 5876.19 8352.46 5056.47 1805.04 3251.43 1898.02 3623.86 19852.2 17230 2622.23 16643.1
internal_count=354340 88332 266008 86002 186271 161830 9305 79737 46295 20724 25571 152525 52022 100503 49187 28365 13847 6784 4482 23520 33442 20240 7226 13014 7597 14518 79651 69126 10525 66773
is_linear=0
shrinkage=0.03


Tree=56
num_leaves=31
num_cat=0
split_feature=33 19 24 33 43 17 43 26 27 43 5 25 27 15 2 2 15 39 16 2 40 39 32 18 33 6 30 29 43 39
split_gain=20.2961 19.2918 17.8659 17.8441 30.5463 21.7804 24.0477 17.0002 16.6315 13.0101 23.7613 21.6735 13.3137 13.2249 14.497 12.2721 11.655 11.286 11.968 10.7794 10.7585 10.6744 10.3803 11.655 14.0397 9.83468 10.0413 9.48577 10.5973 10.8794
threshold=-0.50423282384872425 0.027040190994739536 1.602554500102997 0.4258034229278565 0.2333333417773247 -0.28327383100986475 0.76666668057441723 -1.2768773436546323 0.63119143247604381 0.83333334326744091 -0.30559821426868433 0.45774924755096441 -0.47556664049625391 -8.1132068634033185 0.082281567156314864 0.056054254993796356 -8.2221574783325178 0.87034741044044506 -0.3379970639944076 0.7973039746284486 -0.087154909968376146 0.48480500280857092 -0.55546092987060536 1.4572029709815981 0.32144758105278021 0.16669096797704699 -0.41791039705276484 0.26339747011661535 0.70000001788139354 -0.034899164922535413
decision_type=2 2 2 2 2 2 2 2 2 2 2 2 2 2 2 2 2 2 2 2 2 2 2 2 2 2 2 2 2 2
left_child=17 2 27 9 21 6 8 -7 -6 13 12 15 -11 14 16 -12 -3 -1 -19 -9 -20 -5 -15 -24 -25 -13 -27 28 29 -2
right_child=1 3 -4 4 5 7 -8 19 -10 10 11 25 -14 22 -16 -17 -18 18 20 -21 -22 -23 23 24 -26 26 -28 -29 -30 -31
leaf_value=0.0016805283845299521 -5.9542696129483796e-05 -0.0013135271527633032 -0.0028929549632182683 -0.002075477323661284 0.00025482745700956507 -0.0047675049398182194 -0.0020357458803422421 0.00087846014650520431 0.0045298960499836815 -0.00045662518616374913 0.0053854010165614568 0.00055488498642805898 -0.00509810185101658 0.0043769102190002133 0.003544328280247382 0.00063703624908909441 0.0033964562425759185 -0.0045887052798151903 -0.0021319341299884148 -0.0019719780249467136 0.0033592145958171444 -0.005437882108865439 0.00046158515640235307 -0.0013090734810360482 0.0023984538871056433 -0.0054966347045172104 -0.00068162766487134057 0.0014509975533418742 0.0015496635677113718 -0.0038521328503408917
leaf_weight=8719.0810288339853 1252.2320753782988 1486.3667479157448 4194.1504707932472 2487.2057938873768 1399.5270391106606 1046.6490702778101 1296.3623330742121 2359.9468014091253 1968.7413078397512 886.83046922087669 846.6597069054842 1265.7477983236313 1491.4743551909924 537.54580833017826 2440.987585067749 1151.3279382884502 681.31256021559238 545.65605515241623 616.69871698319912 2398.0088527649641 649.22540850937366 1299.4361451864243 33871.283681854606 6881.0728619545698 1051.3852562010288 742.35473839938641 815.62704049050808 1848.4224840402603 945.03621019423008 1482.4026489555836
leaf_count=35073 5013 5949 16788 9977 5605 4193 5197 9453 7887 3550 3389 5066 5970 2152 9770 4609 2727 2189 2480 9611 2610 5214 135573 27540 4208 2972 3265 7399 3783 5934
internal_value=-2.56507e-06 -0.000169259 -0.00141899 8.54172e-06 -0.000935408 -9.93354e-05 0.00142541 -0.00132498 0.0027596 0.000257179 -0.000929431 0.000282088 -0.00337653 0.000439311 0.00196368 0.00266598 0.000175643 0.00123314 -0.000917524 -0.000559283 0.000688442 -0.00324061 0.000272965 0.000219159 -0.000815269 -0.00140814 -0.00299633 -0.000297492 -0.00117737 -0.00212199
internal_weight=88658.8 78128.1 9722.24 68405.9 14255.9 10469.2 4664.63 5804.6 3368.27 54150 7200.02 4821.72 2378.3 46950 4608.67 1997.99 2167.68 10530.7 1811.58 4757.96 1265.92 3786.64 42341.3 41803.7 7932.46 2823.73 1557.98 5528.09 3679.67 2734.63
internal_count=355146 312794 38917 273877 57137 41946 18689 23257 13492 216740 28821 19301 9520 187919 18446 7998 8676 42352 7279 19064 5090 15191 169473 167321 31748 11303 6237 22129 14730 10947
is_linear=0
shrinkage=0.03


Tree=57
num_leaves=31
num_cat=0
split_feature=34 36 8 20 34 13 26 43 41 39 4 43 39 39 35 8 2 22 8 17 36 4 26 24 14 32 29 20 32 40
split_gain=33.693 17.6645 20.1128 14.1417 13.7547 18.133 14.1479 15.3176 15.0086 14.6422 13.7818 25.8681 14.5677 12.9389 12.6037 12.3697 12.2775 11.9146 13.1438 14.2378 11.3178 13.0028 11.3026 10.3759 20.0631 13.2482 11.9761 11.088 12.4112 10.118
threshold=-0.50911557674407948 -0.98067587614059437 1.2179638147354128 0.9596097767353059 0.25750030577182775 -7.9490439891815177 -0.16418272256851194 0.83333334326744091 0.6078576147556306 -0.88293918967246998 -0.11627248674631117 0.2333333417773247 0.99143540859222423 -0.70710003376007069 0.19964057207107547 0.55510109663009655 0.34497275948524481 1.6216671466827395 -0.047993183135986321 0.031195437535643581 0.11180555447936059 1.2598770260810854 -1.937362492084503 1.197435259819031 -7.6737072467803946 0.043456673622131355 0.13388187438249591 1.2120587825775149 -0.44059608876705164 -0.91353675723075856
decision_type=2 2 2 2 2 2 2 2 2 2 2 2 2 2 2 2 2 2 2 2 2 2 2 2 2 2 2 2 2 2
left_child=3 2 -2 -1 10 13 7 29 -8 -10 17 15 -13 -6 -15 16 -12 -3 19 -19 -16 -22 -18 24 -5 26 27 -25 -29 -7
right_child=1 4 -4 23 5 6 8 -9 9 -11 11 12 -14 14 20 -17 22 18 -20 -21 21 -23 -24 25 -26 -27 -28 28 -30 -31
leaf_value=-0.0019636438211930634 -0.00095303181740617152 -0.0006685156716961199 -0.0053353228055372662 0.0075800563744291456 -0.0024959700435285464 -0.0045226611822642487 -0.001292041338185293 -0.0052474173692149736 0.0059992811130514913 0.00038575922820030599 0.00083772519673167695 0.0015041508920046426 -0.0028982478073581743 0.0031835822136678468 -0.0013865145990822228 -0.0048952345374086298 0.00079073360163674201 -0.0024574158590218156 0.0031525081161484759 0.0028678289856174212 0.003257393494070897 -0.001554083625808683 -0.0033169161772456709 0.0049862183873810688 0.00042505480544727177 0.004991867059287879 -0.0030504892938437249 0.0020940299010304871 -0.0009920280147462403 -0.0011588718710539442
leaf_weight=891.77993929386139 11377.616091370583 17217.50140799582 1018.7007522433996 767.29556557536125 1063.0758313685656 907.4966617077589 4063.2594670802355 1168.6095619946718 542.49471913278103 1726.8469034731388 3015.4319686293602 16466.566175311804 696.42360961437225 1793.0848816037178 2092.4270835965872 623.69400608539581 901.06630310416222 1202.0264181345701 1683.8581023961306 710.66169545054436 1515.8789604455233 748.60566134750843 1791.9592510014772 693.17954234778881 648.01368288695812 860.54051944613457 575.52841776609421 3180.2557892948389 1847.1607403159142 6687.2626559585333
leaf_count=3573 45558 68929 4081 3091 4257 3636 16286 4684 2172 6918 12067 65903 2787 7180 8383 2496 3606 4813 6743 2846 6071 3002 7171 2780 2611 3446 2309 12829 7412 26789
internal_value=-7.51385e-05 -0.000277807 -0.00131717 0.00161548 -8.42337e-05 -0.000691579 -0.00128252 -0.00206254 -0.000201533 0.00174813 0.000221643 0.00071949 0.00132393 0.00054524 0.00107414 -0.000918322 -0.000476012 -0.000340408 0.00122782 -0.000474189 0.000200692 0.00166695 -0.00194469 0.00198969 0.00433003 0.00152146 0.00103997 0.0014561 0.00096044 -0.00156623
internal_weight=88478.3 79014.5 12396.3 9463.75 66618.2 22309 15096 8763.37 6332.6 2269.34 44309.2 23495.1 17163 7213.07 6150 6332.15 5708.46 20814 3596.55 1912.69 4356.91 2264.48 2693.03 8571.97 1415.31 7156.67 6296.12 5720.6 5027.42 7594.76
internal_count=354429 316378 49639 38051 266739 89378 60485 35109 25376 9090 177361 94030 68690 28893 24636 25340 22844 83331 14402 7659 17456 9073 10777 34478 5702 28776 25330 23021 20241 30425
is_linear=0
shrinkage=0.03


Tree=58
num_leaves=31
num_cat=0
split_feature=27 36 11 6 11 27 15 17 34 12 8 12 9 17 12 12 1 39 1 27 2 11 25 2 15 16 39 16 12 23
split_gain=25.0508 15.6535 14.7391 14.8043 21.6112 13.2954 16.0534 13.0756 12.7467 12.595 22.1136 17.1597 12.0457 12.0416 12.9056 10.7446 10.7299 10.5511 11.7187 10.3464 21.9911 10.1709 10.0896 10.0625 9.89562 9.77113 11.5743 10.4992 9.05127 10.8972
threshold=0.76892101764678966 0.89498746395111095 1.4046126604080202 -0.98204818367958058 -0.17383291572332379 0.86547681689262401 -7.7491836547851554 0.42105191946029669 0.50698044896125805 -8.0387344360351545 0.81737858057022106 -7.9332852363586417 -0.70850491523742665 -0.048471046611666672 -8.8711409568786603 -7.690171241760253 0.96216931939125072 0.94550955295562755 -0.039907326921820634 -0.50458285212516774 -0.47728152573108668 0.087892852723598494 0.2177037447690964 0.68103906512260448 -6.6461515426635733 0.20928988605737689 -0.84804001450538624 -0.085195053368806825 -8.2572126388549787 0.089841496199369444
decision_type=2 2 2 2 2 2 2 2 2 2 2 2 2 2 2 2 2 2 2 2 2 2 2 2 2 2 2 2 2 2
left_child=2 8 3 4 19 -3 21 -6 13 12 11 -11 -4 14 -2 -16 23 18 -14 28 -21 -7 -22 -10 -5 26 -13 -28 -1 -30
right_child=1 5 9 24 7 6 -8 -9 16 10 -12 25 17 -15 15 -17 -18 -19 -20 20 22 -23 -24 -25 -26 -27 27 -29 29 -31
leaf_value=-0.0018880521233826273 0.0025974395490223714 -0.0024800814418483529 -0.006117770781190985 0.000238379866113275 0.0024902110118371588 0.0065037829232153632 -8.2005753108097177e-05 0.0076041543054754853 -0.0029288267079589907 0.0062443076092994539 -0.0034444051609603603 0.0038211889326815076 -0.0045945981906489854 0.0004455533182697799 -0.0030180670842696643 -0.00013685156972245932 -0.00074894634818172391 0.0023679212196092724 -0.00011361458485545348 -0.005090143913414385 -0.0014403947673947083 0.0013636656389889516 0.003673147825315008 -0.0076225980027102881 0.0028060499260630736 0.0040639826542573018 0.00038080548024235506 -0.003557531038304649 0.0038894770912983978 -0.00011308995278426389
leaf_weight=607.18217960000038 548.6815632879734 1097.0255262553692 594.92175233364105 50762.674898177385 4187.8580086380243 662.45601244270802 2846.7615130543709 498.46015608310699 1161.0450379252434 504.98395060002804 1231.0653057545424 511.97729744017124 1044.590739890933 3454.1118182986975 4032.2703875005245 1637.8531469702721 988.79822054505348 523.18261133134365 1047.5139729529619 843.08718821406364 709.60643000900745 728.67270162701607 662.71201275289059 646.77672626078129 1377.9234106838703 544.3425251096487 1647.9957003593445 954.94554816186428 1417.6932846456766 1070.7609382718801
leaf_count=2438 2196 4393 2383 203241 16826 2653 11404 2004 4655 2022 4932 2050 4184 13828 16142 6558 3970 2095 4194 3388 2847 2918 2655 2595 5517 2183 6600 3826 5720 4303
internal_value=9.53562e-05 -0.000910155 0.000348512 0.000509676 0.0015666 0.000449217 0.00121155 0.00304919 -0.00149164 -0.000814444 7.15868e-05 0.00111677 -0.00229917 -0.000973959 -0.00176185 -0.00218751 -0.00327233 -0.00141053 -0.00236219 0.000255138 -0.00130668 0.00384034 0.00103772 -0.00464079 0.000306761 0.000394075 -0.000258207 -0.00107214 0.00137347 0.00217365
internal_weight=88547.9 17804.5 70743.5 62138 9997.36 5334.92 4237.89 4686.32 12469.5 8605.52 5395.31 4164.25 3210.21 9672.92 6218.81 5670.12 2796.62 2615.29 2092.1 5311.04 2215.41 1391.13 1372.32 1807.82 52140.6 3659.26 3114.92 2602.94 3095.64 2488.45
internal_count=354720 71312 283408 248939 40181 21368 16975 18830 49944 34469 21613 16681 12856 38724 24896 22700 11220 10473 8378 21351 8890 5571 5502 7250 208758 14659 12476 10426 12461 10023
is_linear=0
shrinkage=0.03


Tree=59
num_leaves=31
num_cat=0
split_feature=34 36 33 35 8 12 5 37 40 14 39 35 40 15 35 11 14 17 39 39 21 17 1 15 37 37 18 35 31 22
split_gain=28.5895 14.7158 14.7865 14.6543 13.7345 13.4966 15.9694 15.7174 13.3626 17.0807 13.7504 13.4323 20.1989 15.9018 13.9382 11.2019 10.4299 11.461 10.2647 15.8389 12.7689 13.9365 13.7907 13.6917 12.7352 11.4734 13.2911 12.7913 10.5874 10.5325
threshold=-0.47457690536975855 0.957820624113083 0.43338258564472204 0.85590395331382763 -1.0068511962890623 -8.2657589912414533 1.7477762699127199 0.19259731471538546 0.93666326999664318 -8.0453705787658674 -0.0087264522444456798 0.25547339022159582 0.97028648853302013 -7.3591363430023184 -0.075602609664201723 -0.23292952775955197 -7.6263515949249259 -0.87816762924194325 0.45398618280887609 0.52991423010826122 0.87981799244880687 -0.41756749153137201 0.91324400901794445 -7.3149209022521964 -0.35714119672775263 0.062403876334428794 1.5084983110427859 0.33892776072025305 0.67761865258216869 1.6324127316474917
decision_type=2 2 2 2 2 2 2 2 2 2 2 2 2 2 2 2 2 2 2 2 2 2 2 2 2 2 2 2 2 2
left_child=4 2 8 5 -1 7 -7 15 18 10 -10 12 14 -14 -11 -3 17 -4 24 -20 22 -22 23 28 29 27 -27 -26 -21 -2
right_child=1 3 16 -5 -6 6 -8 -9 9 11 -12 -13 13 -15 -16 -17 -18 -19 19 20 21 -23 -24 -25 25 26 -28 -29 -30 -31
leaf_value=0.0005373338255907728 0.00094243886690569456 0.0029729284295904653 0.0018017383486130163 0.0052636469815322056 0.0026922275015742562 0.00017698921350650282 -0.0049407733336294954 0.0034739490080641267 -0.0013167084164786022 -0.0059505594229513938 -0.0081550819936904769 -0.0030205492624854275 0.0042836928612185951 -0.00074400498617041772 0.00072501412926497433 -0.0024334395510816802 -0.00050783198519773203 -0.0029174299797047804 -0.0035699424243139811 -0.0013309709895053558 0.004635930173922111 -0.00050679487582753113 -0.0041626402991643838 0.0009697383171692319 -5.0841766109145886e-05 0.0013156466228455466 -0.0015123298401394465 -0.002269875310711403 0.0027712358647477382 0.0041988021989869985
leaf_weight=6418.7128288894892 4020.6817717552185 532.65038524568081 509.91925378143787 584.28360176086426 4546.1040387898684 9769.5917814821005 571.37337963283062 2374.2380399107933 502.82474341988564 620.66623701155186 559.56066340208054 1623.8179572671652 1195.8236454725266 1062.5203776806593 504.89509625732899 937.19442398846149 5181.1728987842798 4465.9462970346212 1466.7698921114206 8441.8497362732887 911.20122791826725 973.82624436914921 919.98534685373306 4478.3685853481293 10563.458702340722 8151.6806128919125 1822.5306716859341 2992.589393928647 597.65588656067848 1143.0390894711018
leaf_count=25793 16103 2132 2043 2340 18285 39113 2294 9504 2013 2485 2240 6504 4787 4254 2021 3751 20770 17906 5872 33792 3647 3898 3682 17929 42285 32627 7294 11980 2393 4578
internal_value=-6.47124e-07 -0.000203609 -0.000404256 0.000648039 0.00143241 0.000454348 -0.000110285 0.00196961 -0.000201613 -0.00152418 -0.00496095 -0.000786636 0.000291083 0.00192538 -0.00297607 -0.0004674 -0.00145153 -0.00243117 -2.86135e-05 -0.000594608 -0.000325223 0.00199049 -0.000628734 -0.000385328 0.000322376 2.60583e-05 0.000797909 -0.000542021 -0.00105699 0.00166999
internal_weight=88444.9 77480.1 62710.8 14769.3 10964.8 14185 10341 3844.08 52553.7 6070.11 1062.39 5007.72 3383.91 2258.34 1125.56 1469.84 10157 4975.87 46483.6 17789.7 16322.9 1885.03 14437.9 13517.9 28694 23530.3 9974.21 13556 9039.51 5163.72
internal_count=354315 310237 251103 59134 44078 56794 41407 15387 210384 24304 4253 20051 13547 9041 4506 5883 40719 19949 186080 71213 65341 7545 57796 54114 114867 94186 39921 54265 36185 20681
is_linear=0
shrinkage=0.03


Tree=60
num_leaves=31
num_cat=0
split_feature=23 43 39 36 12 41 43 1 0 43 1 4 17 35 43 34 4 43 17 5 10 11 20 11 14 11 26 39 11 23
split_gain=25.2001 28.2497 15.985 15.3607 12.8376 13.0993 11.6394 29.0117 20.3555 21.0653 14.0052 11.9022 11.4146 10.9414 10.6425 11.2733 10.505 19.9541 17.7019 13.0528 17.1195 11.4379 10.9596 18.345 13.355 12.2757 10.2232 10.0758 10.8366 11.574
threshold=0.085532877594232573 0.10000000521540643 -0.45398618280887598 -0.95827114582061756 -7.6580357551574698 1.0000000180025095e-35 0.76666668057441723 0.82074162364006054 1.0000000180025095e-35 0.10000000521540643 -1.1243858933448789 -0.1337531507015228 -0.69732540845870961 0.88028597831726085 0.76666668057441723 -0.78094491362571705 0.65103560686111461 0.36666667461395269 -0.27448767423629755 -0.83068683743476857 -0.80703216791152943 0.020099566318094734 1.1411429643630984 0.27348020672798162 -7.5622103214263907 -0.49653841555118555 -1.0948124527931211 -0.68199187517166127 -1.0306724309921262 0.61996716260910045
decision_type=2 2 2 2 2 2 2 2 2 2 2 2 2 2 2 2 2 2 2 2 2 2 2 2 2 2 2 2 2 2
left_child=1 -1 12 4 5 26 8 10 16 11 -8 -10 -2 -11 15 -5 19 -18 21 20 -4 -19 23 24 -21 -24 -3 28 29 -14
right_child=2 3 6 14 -6 -7 7 -9 9 13 -12 -13 27 -15 -16 -17 17 18 -20 22 -22 -23 25 -25 -26 -27 -28 -29 -30 -31
leaf_value=0.0057748330595914785 0.0038279359392564541 0.0025377669439136199 -0.0038227300305175948 -0.0020321852166896412 0.0019851576259141642 -0.005930561845874976 0.0030987162392590952 -0.0046375103596514415 0.00088533924303446936 0.00070690021539129041 -0.0010189000842484946 -0.0029406312979033712 -0.0044572324246316365 0.0044880043523252222 0.0041522547785699778 0.001801614442025191 -0.0016626332912455346 0.0015719744215513004 -0.00085600668022876272 -0.00087435228941844419 0.0017471791687548855 0.0072039624828312381 -0.0048115726651482369 -0.0026239822579858041 0.0024678580948000206 -0.001740637428329468 -0.0031623664848052582 0.0012843582294900313 0.00016116755528442568 0.00071226478780392571
leaf_weight=1190.9777173101902 837.51182912290096 513.52369053661823 621.47653576731682 860.94474124908447 835.23443482816219 632.22954452037811 816.58170019090176 1988.7081807553768 1065.8321129530668 15648.023792147636 7401.9016452729702 2298.4012954086065 965.33083009719849 711.0497103780508 1258.1172111928463 3334.2547613382339 2129.327148810029 611.65183752775192 891.54723367094994 3156.3690029829741 2317.9844811558723 698.76616342365742 1666.9121971726418 3376.6342483311892 1620.0337300896645 3960.5522634536028 607.2622594088316 6895.9831382334232 18971.284465357661 645.20421376824379
leaf_count=4792 3353 2060 2493 3476 3366 2537 3271 7968 4269 62657 29641 9214 3866 2847 5055 13384 8532 2449 3571 12632 9290 2798 6672 13520 6484 15858 2442 27618 75964 2583
internal_value=-5.27621e-09 0.00148248 -0.000172775 0.000840382 -0.00106005 -0.00251399 -0.000490174 -0.00139566 -0.000263217 0.000429176 -0.000606508 -0.00172948 0.000398673 0.000873888 0.00174266 0.00101188 -0.000911828 0.000404142 0.00240122 -0.00125277 0.000560591 0.00460698 -0.00163969 -0.000934983 0.000262028 -0.0026572 -0.000551323 0.000292796 -3.98911e-05 -0.00239464
internal_weight=88529.6 9232.54 79297.1 8041.57 2588.25 1753.02 50981.8 10207.2 40774.6 19723.3 8218.48 3364.23 28315.3 16359.1 5453.32 4195.2 21051.3 4331.29 2201.97 16720 2939.46 1310.42 13780.5 8153.04 4776.4 5627.46 1120.79 27477.8 20581.8 1610.54
internal_count=354662 37112 317550 32320 10405 7039 204166 40880 163286 78987 32912 13483 113384 65504 21915 16860 84299 17350 8818 66949 11783 5247 55166 32636 19116 22530 4502 110031 82413 6449
is_linear=0
shrinkage=0.03


Tree=61
num_leaves=31
num_cat=0
split_feature=23 13 32 19 22 11 30 39 26 43 40 39 10 41 30 11 30 1 23 34 10 36 26 25 9 39 12 11 19 8
split_gain=27.2262 26.1533 24.0429 16.1779 14.3791 13.4545 30.7905 20.5005 16.2628 15.8076 14.8971 20.5087 18.3997 21.125 18.1064 17.4102 16.3474 13.9796 18.2842 13.8021 14.8854 15.2071 13.6267 17.876 13.5716 13.5358 17.177 12.7827 12.5655 12.3269
threshold=0.92511069774627697 -8.5486888885498029 -1.1165507435798643 0.8750378191471101 1.5746566057205202 0.33476638793945318 0.22726283967494967 0.99253669381141674 -1.5821890234947202 0.76666668057441723 0.52991423010826122 -0.35836455225944513 -0.49609194695949549 -0.60785761475563038 0.87131881713867199 -0.84655165672302235 0.2480244189500809 0.35181060433387762 0.62855404615402233 -0.49220840632915491 0.45453320443630224 0.82466742396354686 0.69051951169967662 0.56804195046424877 -0.97394904494285572 0.46946710348129278 -7.7270655632019034 -0.54371455311775196 0.10259901359677316 -0.2160837575793266
decision_type=2 2 2 2 2 2 2 2 2 2 2 2 2 2 2 2 2 2 2 2 2 2 2 2 2 2 2 2 2 2
left_child=2 4 -1 -3 -2 7 9 10 -9 24 12 15 13 16 19 -12 29 -11 -19 27 -21 -22 23 -17 28 26 -14 -13 -7 -4
right_child=1 3 5 -5 -6 6 -8 8 -10 17 11 14 25 -15 -16 22 -18 18 -20 20 21 -23 -24 -25 -26 -27 -28 -29 -30 -31
leaf_value=0.0047420496838891423 0.0057045413015113563 -0.0039819032044865555 0.0048192536915731467 -0.001167103555179965 -0.001022675053232433 -0.0018265169584942352 0.0013486737951193155 0.0063858991990834177 0.00045865940164479158 -0.0013733867823465585 0.0058645495019505681 0.00073823510852675752 0.0023007118815658108 -0.001754699274292114 -0.0040683096825334429 0.0043652509654030164 -0.0028477023303657288 -0.0077841321045486103 -0.00065480013190330293 0.0010370322253338024 -0.0032670335771981763 0.0026283687374780286 -0.0027244635685920579 -0.00024567546241827543 -0.00075651428670473354 -0.0006082629924493351 9.9699278413279609e-05 0.0071860726094230172 0.0036230157553723556 6.6716529152312099e-05
leaf_weight=1030.9980195760727 646.96724167466164 2624.7315390259027 1079.4852733314037 6120.8962236642838 501.70640769600868 537.84930939972401 7346.1813331991434 916.55378688871861 759.98872376978397 3213.4562741369009 1190.6423578411341 575.97305311262608 5744.0857951194048 8332.0720335096121 759.12203019857407 1809.0340782850981 627.92683298885822 821.92777447402477 533.26388889551163 6286.6319664120674 1628.2776896506548 510.10226751863956 529.0573915541172 1294.0205046981573 16598.971728980541 6379.2492687255144 7166.5286905765533 527.20073583722115 1253.226460441947 894.94823057949543
leaf_count=4189 2590 10526 4328 24543 2009 2157 29416 3669 3044 12871 4770 2314 22997 33376 3042 7250 2517 3290 2136 25170 6520 2042 2122 5180 66474 25543 28705 2119 5019 3583
internal_value=2.58707e-05 -0.00145616 0.000213196 -0.00201546 0.00278283 0.000152199 -0.000340639 0.000469904 0.00371769 -0.000881526 0.000349002 0.0011178 -3.55863e-05 -0.0010182 0.000360137 0.00272986 0.00133759 -0.00245894 -0.00500411 0.000716852 0.000301662 -0.00185502 0.001689 0.00244781 -0.000488525 0.000521643 0.00107998 0.0038565 0.0019855 0.00267627
internal_weight=88241.1 9894.3 78346.8 8745.63 1148.67 77315.8 30304.9 47010.9 1676.54 22958.7 45334.4 15110.1 30224.3 10934.4 10287.3 4822.75 2602.36 4568.65 1355.19 9528.19 8425.01 2138.38 3632.11 3103.05 18390 19289.9 12910.6 1103.17 1791.08 1974.43
internal_count=353511 39668 313843 35069 4599 309654 121363 188291 6713 91947 181578 60529 121049 43804 41207 19322 10428 18297 5426 38165 33732 8562 14552 12430 73650 77245 51702 4433 7176 7911
is_linear=0
shrinkage=0.03


Tree=62
num_leaves=31
num_cat=0
split_feature=8 12 24 40 26 15 36 11 18 13 37 18 37 11 26 26 25 25 28 11 40 8 15 39 23 8 41 22 34 6
split_gain=18.0367 17.7402 13.8394 13.2558 13.0682 12.1694 10.9523 12.0867 12.0662 9.3741 24.8954 11.6029 10.2952 12.3393 20.2301 19.2123 17.2367 13.917 12.3126 14.451 13.3629 13.3503 10.9192 11.8183 10.8651 18.7732 12.3648 12.3716 12.4828 10.5964
threshold=-0.56990158557891835 -8.5020256042480451 0.89711326360702526 0.99964779615402233 -3.1925405263900752 -8.2221574783325178 -0.99936062097549427 0.49813738465309149 1.0395308136940005 -8.5870060920715314 0.19259731471538546 1.232526481151581 -0.38039365410804743 -0.10733626037836073 0.69051951169967662 -0.24282221496105191 0.26451253890991216 0.4145712554454804 -1.6426061391830442 -1.4165061712265012 0.66912424564361583 0.49438044428825384 -7.0140309333801261 0.12186817824840547 0.2223426625132561 -0.093699797987937913 -0.60785761475563038 1.0188518762588503 -0.0135927302762866 0.43179325759410864
decision_type=2 2 2 2 2 2 2 2 2 2 2 2 2 2 2 2 2 2 2 2 2 2 2 2 2 2 2 2 2 2
left_child=1 -1 -3 6 -4 -6 7 -2 -9 10 11 -8 -11 14 18 16 -15 -17 21 -20 22 -14 23 -21 25 -18 -26 -28 -29 -30
right_child=3 2 4 -5 5 -7 9 8 -10 12 -12 -13 13 15 -16 17 24 -19 19 20 -22 -23 -24 -25 26 -27 27 28 29 -31
leaf_value=-0.001402812715303948 -0.0002996527627477311 -0.0036937054296156272 0.0041862642836074564 -0.0047298466809285438 0.005318787043514921 0.00090016278616267742 0.00079742037498039793 -0.0043498489104708679 -0.00079452441189969568 0.0012221570390810734 0.0040915941169804336 -0.003736042228960095 0.0031474463436165293 0.0018635802799379349 -0.0024694166747836182 -0.0025449753631261595 -0.0039199095942975253 0.00094155856102462823 -0.0021036549759137547 -0.0016402448327227125 0.0025192652518954179 -5.5933910348909707e-05 0.0028985115955487547 0.001171243594932264 -0.0030493977548150249 0.0026716772658458817 0.0012706066857928631 -0.0040425991452086559 4.5729172089314372e-05 -0.0021173379467168247
leaf_weight=2855.6713511049747 6551.2346145361662 512.6131799519062 1269.9138858020306 562.18372751772404 570.52019029855728 17154.532882839441 1614.6137935966253 1638.2245290577412 1805.9941729456186 4867.3650262057781 1754.6885783523321 729.72655871510506 3165.2033223807812 1546.918986544013 1983.2217221558094 1170.1923535317183 541.08862669765949 8120.5548789799213 2031.7265169918537 3416.1387215256691 2566.2261962741613 1854.3534670770168 967.25684040784836 2206.9291700571775 4338.2072905600071 1312.4633851051331 1603.2031075805426 1534.6320884078741 3851.3291074037552 4318.7471880614758
leaf_count=11439 26238 2057 5086 2252 2290 68806 6463 6562 7237 19505 7024 2922 12672 6194 7948 4689 2167 32531 8136 13678 10278 7424 3874 8837 17374 5255 6417 6141 15418 17305
internal_value=6.59302e-05 0.000802128 0.00112546 -0.000183407 0.00125739 0.0010453 -0.000143663 -0.00105727 -0.00249329 2.10527e-05 0.0013999 -0.000623593 -8.91674e-05 -0.000226579 0.000383053 -0.000617927 -0.00116329 0.000500157 0.000733394 0.000179006 0.000687243 0.00196628 -2.88701e-05 -0.000536678 -0.00143177 0.000736753 -0.00168898 -0.00116483 -0.00156805 -0.00109887
internal_weight=88415.7 22363.3 19507.6 66052.4 18995 17725.1 65490.2 9995.45 3444.22 55494.8 4099.03 2344.34 51395.8 46528.4 18191.1 28337.3 19046.6 9290.75 16207.8 11188.3 9156.55 5019.56 6590.32 5623.07 17499.7 1853.55 15646.1 11307.9 9704.71 8170.08
internal_count=354219 89678 78239 264541 76182 71096 262289 40037 13799 222252 16409 9385 205843 186338 72847 113491 76271 37220 64899 44803 36667 20096 26389 22515 70077 7422 62655 45281 38864 32723
is_linear=0
shrinkage=0.03


Tree=63
num_leaves=31
num_cat=0
split_feature=33 13 18 22 40 36 29 41 9 1 35 3 40 28 41 33 9 15 13 41 42 39 40 3 39 13 8 13 16 3
split_gain=16.7486 24.9421 17.796 15.3467 15.4675 16.1678 15.2484 14.408 12.5575 12.3027 12.2016 13.9375 11.8891 11.8219 13.4744 12.9211 13.5753 11.7296 11.1489 11.0792 20.0833 18.1787 16.0925 14.5183 12.2648 19.1826 10.8925 10.2107 10.1236 10.8411
threshold=-0.27996750175952906 -8.9725232124328596 0.88403403759002697 1.2542287111282351 0.90995261073112499 -0.37455035746097559 -0.055906642228364938 0.6078576147556306 -0.42087034881114954 0.75052547454833995 0.27533946931362158 0.62144321203231823 0.13917177915573123 1.6217519640922549 0.6078576147556306 1.0962552428245547 0.99754557013511669 -7.4539618492126456 -7.5537664890289298 1.0000000180025095e-35 1.0000000180025095e-35 1.0000000180025095e-35 0.86162096261978161 -1.7134990096092222 -0.63607215881347645 -7.5882511138916007 -0.43870171904563898 -8.0935235023498517 -0.83018162846565235 -0.33441597223281855
decision_type=2 2 2 2 2 2 2 2 2 2 2 2 2 2 2 2 2 2 2 2 2 2 2 2 2 2 2 2 2 2
left_child=1 -1 17 4 5 7 -7 12 -9 19 11 18 -2 15 -15 -5 -17 -3 27 20 24 23 -23 -21 -4 -26 -19 -6 -8 -30
right_child=3 2 9 13 10 6 28 8 -10 -11 -12 -13 -14 14 -16 16 -18 26 -20 21 -22 22 -24 -25 25 -27 -28 -29 29 -31
leaf_value=-0.005149559428932856 -0.00099809577755739765 0.0014043307764505476 -0.002277409010530836 -0.00062014778953864349 -6.9292469865539231e-05 6.5004577535511468e-06 0.005654526421512698 -0.0068630793942545719 -0.0012685077189979015 -0.0021855050076284807 -0.0043535816701969245 0.0031691367892769415 0.0021643375972340015 -0.00022351421215562284 0.005974061168553077 -0.0072347716884518937 -0.00055560189780470251 0.0017104384241522087 0.0015624389291493421 0.0051174212524150694 0.0029895549069538126 -0.00074796264108127717 -0.005910947175887726 0.00034134623848185429 -0.00074263135670282017 0.0038954116569338091 0.0068300550772017864 -0.0054956096033312325 0.0040670391830271808 0.0011814775994768284
leaf_weight=629.916962698102 2757.8019078522921 2754.3305683284998 1388.6255525052547 39073.677545025945 520.21183532476425 6145.8951668590307 608.60320866107941 518.05110834538937 1161.5770292580128 1470.9759635776281 969.94629564881325 699.46445746719837 1734.2370224893093 818.72356979548931 503.19883686304092 542.65732696652412 546.49077267944813 657.31925818324089 612.37154583632946 705.64005918800831 3892.1465042829514 2824.6729726791382 663.91183124482632 2878.6382169127464 2054.6819658428431 1304.3163725882769 885.07499994337559 771.08992247283459 1403.1055996119976 6968.6511320918798
leaf_count=2524 11038 11035 5579 156470 2082 24597 2436 2073 4649 5898 3885 2800 6942 3278 2014 2184 2194 2636 2451 2847 15636 11337 2666 11548 8246 5243 3545 3086 5615 27894
internal_value=-2.70168e-05 0.000687894 0.000861396 -0.000265299 0.000323854 0.000630403 0.00115816 -0.000662867 -0.00302446 0.000428929 -0.00150004 -0.000424202 0.000224917 -0.000618501 0.00216278 -0.00071056 -0.00391898 0.00258592 -0.00175416 0.00067492 0.00139506 -0.000205486 -0.00174462 0.00129324 8.43411e-05 0.00106456 0.00467331 -0.0033269 0.00194544 0.00166937
internal_weight=88466 22110.3 21480.3 66355.8 24871 21297.9 15126.3 6171.67 1679.63 17183.6 3573.08 2603.14 4492.04 41484.7 1321.92 40162.8 1089.15 4296.72 1903.67 15712.6 8639.77 7072.86 3488.58 3584.28 4747.62 3359 1542.39 1291.3 8980.36 8371.76
internal_count=354428 88740 86216 265688 99548 85244 60542 24702 6722 69000 14304 10419 17980 166140 5292 160848 4378 17216 7619 63102 34704 28398 14003 14395 19068 13489 6181 5168 35945 33509
is_linear=0
shrinkage=0.03


Tree=64
num_leaves=31
num_cat=0
split_feature=35 40 40 30 40 5 40 41 42 1 6 23 17 24 17 41 11 25 27 27 19 4 5 5 15 23 10 13 17 17
split_gain=19.3972 34.1048 33.1509 19.5252 19.0504 17.2114 17.1321 18.4119 17.0821 17.0519 15.2576 14.8645 13.6628 12.8819 12.5547 15.2716 14.3037 11.6079 11.5796 11.8436 11.489 13.8689 13.9635 13.669 10.72 10.3954 9.99819 9.97004 9.88302 9.71658
threshold=0.25062412023544317 -0.32556505501270289 -0.93357151746749867 0.96358409523963939 0.98627620935440075 -1.2725095152854917 -0.48480500280857081 -0.60785761475563038 -0.56174489110708226 1.7032693028450014 0.22976209223270419 0.094059299677610411 1.0000000180025095e-35 2.568209290504456 0.26107129454612737 -0.60785761475563038 0.087892852723598494 0.86870998144149791 -0.088386133313179002 0.79969826340675365 0.86054843664169323 1.7622985243797304 -0.33465769886970514 -1.0008686780929563 -7.743771791458129 0.97060540318489086 -0.88028767704963673 -7.5770878791809073 -0.38996501266956324 -0.86370980739593495
decision_type=2 2 2 2 2 2 2 2 2 2 2 2 2 2 2 2 2 2 2 2 2 2 2 2 2 2 2 2 2 2
left_child=1 2 8 4 13 14 11 -8 10 29 -1 28 24 20 15 -3 -17 -5 -15 -20 23 22 -22 -2 -10 -13 -9 -6 -4 -7
right_child=3 5 6 17 27 9 7 26 12 -11 -12 25 -14 18 -16 16 -18 -19 19 -21 21 -23 -24 -25 -26 -27 -28 -29 -30 -31
leaf_value=-0.0028863680187680377 0.0018166121733910979 0.0053014436511236622 0.0045208601925247694 0.0038072618075266282 -0.0022746045883437669 -0.0013745936258464234 -0.0065064483860228471 -0.0052825292071587565 -0.00094503487488930367 -0.0027267960863310843 0.0027851010702063146 -0.0009423615874567644 0.005090262296567746 -0.0009415238474238146 0.0067475558027131309 0.0027097312278748027 -0.0021172288517019733 -0.00034135030407771199 0.0047237077230404484 -0.00053897605841124463 -0.0036842419695986878 -0.0030705874477839441 0.0012143938775013724 -0.001667233985369699 0.0023539450791849759 -0.0052202023111555286 -0.00060632583831019514 -0.0074840510958923507 0.00011862006627450335 0.00099319484055488023
leaf_weight=1374.0409705191851 1093.7571736425161 933.96544599533081 692.19693648815155 1359.6812922656536 935.1196476817131 1636.4890066981316 1001.0126920491457 521.35812871158123 1281.4565019011497 1222.2147502452135 608.1712599247694 11421.31715285778 1094.7383936941624 1253.6595634073019 617.85697209835052 1354.6728547811508 919.08711016178131 1087.3673608750105 1076.8094155788422 592.97207263112068 574.0639832764864 1021.8429133445024 5077.4660855084658 12638.831871166825 2833.6361284554005 525.9601221382618 1839.242426276207 513.69401101768017 1326.6672168821096 30112.162587612867
leaf_count=5507 4382 3762 2782 5442 3748 6552 4011 2089 5133 4895 2435 45728 4386 5020 2493 5451 3697 4353 4311 2375 2298 4105 20343 50632 11353 2108 7367 2059 5342 120579
internal_value=8.48124e-05 0.00038068 -0.000485936 -0.000581431 -0.000834089 0.000958137 -0.00119643 -0.00311609 0.00122514 0.000736607 -0.00114103 -0.000732474 0.00212587 -0.000625828 0.0028605 0.00209315 0.000757876 0.0019699 0.00123371 0.00286274 -0.000892707 0.000128377 0.000711178 -0.00138864 0.00132683 -0.0011349 -0.00165703 -0.00416032 0.00164284 0.000870752
internal_weight=88541.5 61316.2 24519.8 27225.3 24778.2 36796.4 17327.8 3361.61 7192.04 32970.9 1982.21 13966.1 5209.83 23329.4 3825.58 3207.73 2273.76 2447.05 2923.44 1669.78 20406 6673.37 5651.53 13732.6 4115.09 11947.3 2360.6 1448.81 2018.86 31748.7
internal_count=354738 245670 98241 109068 99273 147429 69427 13467 28814 132026 7942 55960 20872 93466 15403 12910 9148 9795 11706 6686 81760 26746 22641 55014 16486 47836 9456 5807 8124 127131
is_linear=0
shrinkage=0.03


Tree=65
num_leaves=31
num_cat=0
split_feature=4 43 11 11 30 11 16 15 31 24 26 12 39 39 39 39 41 10 9 24 17 41 37 17 7 6 9 24 27 25
split_gain=19.7049 22.2603 13.0164 11.7788 23.6014 19.8781 11.8976 17.1806 15.2219 14.439 12.152 11.7112 11.4099 11.1069 11.5039 14.7346 19.1802 14.8103 11.3823 18.811 16.3256 16.775 12.091 11.9776 16.9246 13.1705 10.9236 20.7489 10.9038 10.8878
threshold=-1.1438012719154356 0.2333333417773247 1.5268847346305849 0.22451653331518176 0.29202330112457281 0.42006494104862219 0.21572293341159823 -7.6464524269103995 -0.56638899445533741 1.004474997520447 -0.22291588783264157 -6.9512073993682852 -0.66912424564361561 0.99903869628906261 0.83387786149978649 0.89492586255073558 -0.87837970256805409 -0.2420975863933563 -0.075175907462835298 1.9002776741981509 0.21451745182275775 -0.60785761475563038 0.31725847721099859 0.37770226597785955 -0.22460217773914334 0.47166848182678228 -0.67370188236236561 1.5966538786888125 -0.51465770602226246 0.23765116184949878
decision_type=2 2 2 2 2 2 2 2 2 2 2 2 2 2 2 2 2 2 2 2 2 2 2 2 2 2 2 2 2 2
left_child=1 -1 -3 6 29 -6 13 9 -9 -8 28 -12 -13 14 18 17 -17 -16 19 23 21 -21 -23 25 -25 26 27 -2 -10 -5
right_child=3 2 -4 4 5 -7 7 8 10 -11 11 12 -14 -15 15 16 -18 -19 -20 20 -22 22 -24 24 -26 -27 -28 -29 -30 -31
leaf_value=0.0036608634832861493 0.0053744055093825583 0.00079773826117893686 -0.0035204785397008427 0.00036490704095411053 -0.0019025613931417356 0.0015863438437164483 0.0040001951155880762 0.0022623305483881521 -0.00071862459506278232 -0.00055824000388586168 -0.0040586645534422929 -0.0027015049742117533 0.003153806777662397 0.0046524889705398852 -0.0067355071313883897 -0.0043796485909401882 0.00075062969667123117 -0.00072153483649202877 -7.1184823732152138e-05 0.0035668331162687461 -0.004558007642629691 -0.001876362209386322 0.0030900115200772254 0.0018384051340103497 -0.0040375857774435225 0.0043194430603016908 0.00066582160467735358 -0.00031631576801257043 -0.0058796453784218904 -0.0013104277614600286
leaf_weight=2505.6034502536058 1495.9837066531181 6441.5526575893164 686.10633380711079 4130.1916984170675 1899.8747613877058 6377.0046789944172 880.45096556842327 604.14614546298981 502.40434944629669 2094.3845168948174 759.03121198713779 510.64175753295422 695.96381513774395 522.04358138144016 672.87808048725128 771.12877216935158 4079.8717734217644 806.51817391812801 14318.394078105688 1018.726895570755 737.24638350307941 2256.2438848316669 538.36243198812008 1158.047545671463 699.02443438768387 2123.1609544456005 4161.1797920614481 932.70661859214306 1403.7248908281326 22423.486952871084
leaf_count=10080 5993 25896 2754 16542 7608 25535 3526 2423 2013 8393 3043 2046 2789 2090 2694 3088 16334 3229 57335 4080 2952 9034 2156 4638 2798 8500 16662 3736 5623 89809
internal_value=-4.52926e-05 0.00123457 0.000377718 -0.000202345 -0.000613892 0.000784171 0.000125422 -0.000965732 -0.00213832 0.000799785 -0.00282905 -0.00116483 0.000673971 0.000349644 0.000285562 -0.000873726 -7.22259e-05 -0.00348374 0.00053506 0.00110881 -0.000503117 0.000290702 -0.000912017 0.00180258 -0.000383168 0.00226835 0.00160198 0.00319662 -0.00453019 -0.0010498
internal_weight=88206.1 9633.26 7127.66 78572.8 34830.6 8276.88 43742.3 7450.75 4475.91 2974.84 3871.77 1965.64 1206.61 36291.5 35769.5 6330.4 4851 1479.4 29439.1 15120.7 4550.58 3813.33 2794.61 10570.1 1857.07 8713.03 6589.87 2428.69 1906.13 26553.7
internal_count=353399 38730 28650 314669 139494 33143 175175 29856 17937 11919 15514 7878 4835 145319 143229 25345 19422 5923 117884 60549 18222 15270 11190 42327 7436 34891 26391 9729 7636 106351
is_linear=0
shrinkage=0.03


Tree=66
num_leaves=31
num_cat=0
split_feature=35 14 0 43 43 16 5 43 31 18 12 12 12 21 11 37 11 1 9 43 22 30 13 12 21 23 31 32 35 42
split_gain=12.6958 20.0572 15.6802 12.4135 13.0254 12.8075 11.4355 11.114 10.6695 10.4502 13.3629 18.0896 9.81311 26.4292 16.9858 13.6265 11.5352 11.4126 14.2239 13.4089 11.8954 15.812 11.0018 11.3715 10.3488 15.3409 13.3565 18.4262 17.3583 16.6189
threshold=0.18609042465686801 -7.0449481010437003 0.5602150857448579 0.83333334326744091 0.10000000521540643 -0.58895656466484059 0.98186230659484874 0.43333333730697637 0.28686721622943884 1.7569557428359988 -7.4131340980529776 -7.2534379959106436 -8.6683444976806623 0.32761424779891973 -0.63250041007995594 0.199998214840889 -0.29287961125373835 0.30570740997791296 -1.301191449165344 0.16666667163372043 1.8857034444808962 0.019221936352550987 -8.387323856353758 -7.0864202976226798 0.52623310685157787 0.92511069774627697 0.099201742559671416 -0.25174631178379053 0.099191553890705123 1.0000000180025095e-35
decision_type=2 2 2 2 2 2 2 2 2 2 2 2 2 2 2 2 2 2 2 2 2 2 2 2 2 2 2 2 2 2
left_child=6 2 -2 4 -4 -6 12 -8 -9 10 -3 -12 13 16 -15 -16 -1 18 19 -14 24 -22 -19 -24 26 -26 28 -28 -20 -29
right_child=1 9 3 -5 5 -7 7 8 -10 -11 11 -13 17 14 15 -17 -18 22 20 -21 21 -23 23 -25 25 -27 27 29 -30 -31
leaf_value=-0.0054081500210442354 -0.0011082991186123525 -0.0010667768072964154 -0.0020646055077031514 -0.0027316301576211957 0.0060044211093028647 0.0010721727576456716 -0.0023315183417800217 -0.00071432346793583483 0.0034595783774720953 -0.0015826929972076063 0.0081083096471522616 0.0019903925282151939 0.0028503965013127832 0.0055151060474732481 -0.0021711996364395521 0.0028983910003311988 -0.0012677931104931102 0.0032266192358827218 -0.00032977607329861435 -0.0018103847986792911 0.0053497891375419984 0.0011491702823547905 -0.00064234926630761871 0.0016085002923749317 0.0023546058362425549 -0.0029236141141639393 0.0032909244450557537 -0.0023143422173974187 0.0034888847254766092 0.0027588346749353849
leaf_weight=981.74240580201149 19842.80250659585 882.04996950924397 1068.543647646904 928.73409540951252 514.16637785732746 5031.0275313854218 2599.8177373558283 2091.744425997138 737.27970640361309 814.50571225583553 528.27314507961273 2330.0285031497478 690.33605773746967 664.68021032214165 1111.3401648104191 820.6653239428997 1577.4312261641026 867.9404339492321 11050.001498937607 2684.8818042725325 1370.2865699529648 1957.5990439802408 11223.13064853847 2453.1535757780075 6503.2442767769098 528.00266827642918 3203.8613534867764 1380.8716685324907 1176.2517505735159 988.28352804481983
leaf_count=3932 79489 3531 4289 3724 2058 20155 10414 8375 2954 3265 2115 9329 2772 2661 4448 3285 6318 3475 44320 10776 5508 7870 44934 9828 26029 2114 12839 5526 4711 3955
internal_value=0.000119046 -0.000359191 -0.000665871 0.000497999 0.000954959 0.00153949 0.00038864 -0.000919477 0.000381803 0.00148208 0.00215192 0.00314544 0.000527404 -0.000712786 0.00141708 -1.39343e-05 -0.00287097 0.000666299 0.000986859 -0.000851507 0.00120744 0.00288966 -2.89147e-05 -0.000237728 0.00098091 0.00195466 0.000595369 0.00181116 4.0157e-05 -0.000195386
internal_weight=88602.7 31940.1 27385.3 7542.47 6613.74 5545.19 56662.5 5428.84 2829.02 4554.86 3740.35 2858.3 51233.7 5155.86 2596.69 1932.01 2559.17 46077.8 31533.6 3375.22 28158.4 3327.89 14544.2 13676.3 24830.5 7031.25 17799.3 5573.02 12226.3 2369.16
internal_count=354999 127955 109715 30226 26502 22213 227044 21743 11329 18240 14975 11444 205301 20644 10394 7733 10250 184657 126420 13548 112872 13378 58237 54762 99494 28143 71351 22320 49031 9481
is_linear=0
shrinkage=0.03


Tree=67
num_leaves=31
num_cat=0
split_feature=5 14 39 33 9 20 21 33 43 43 14 27 12 1 20 1 28 32 9 1 6 25 43 1 39 31 11 20 23 29
split_gain=21.9583 17.8571 12.8385 10.6734 19.3766 16.4447 13.6159 24.4598 22.2781 20.1022 18.6185 14.6324 15.2464 14.5775 15.5843 11.6098 11.3831 11.7999 11.3305 11.0811 10.5063 10.3801 10.9086 11.402 12.9589 18.2944 10.3625 10.136 13.2611 9.95667
threshold=-0.7613106071949004 -8.1159181594848615 -0.22494891285896298 1.0962552428245547 0.99754557013511669 2.8249592781066899 0.70922642946243297 0.43338258564472204 0.5000000149011613 0.90000000596046459 -8.5846366882324201 0.7608604133129121 -8.4310469627380353 1.0930725932121279 1.4861860871315005 0.75052547454833995 -1.7053220272064207 0.69454953074455272 -1.6285720467567442 0.58001014590263378 -0.30268758535385126 0.31727351248264318 0.70000001788139354 0.79192090034484874 0.61565563082695018 0.058297047391533859 -0.35566452145576471 0.94032692909240734 0.59569105505943309 0.46830768883228308
decision_type=2 2 2 2 2 2 2 2 2 2 2 2 2 2 2 2 2 2 2 2 2 2 2 2 2 2 2 2 2 2
left_child=1 2 -1 5 -5 6 11 8 19 15 -9 12 -2 14 -12 -10 -15 -18 -14 -8 -21 -20 -23 24 25 -24 -17 -27 -29 -3
right_child=3 29 -4 4 -6 -7 7 10 9 -11 13 -13 18 16 -16 26 17 -19 21 20 -22 22 23 -25 -26 27 -28 28 -30 -31
leaf_value=0.0019584098875396021 -0.0018687067370357509 0.0015661023622733211 -0.0020061756475412904 -0.0066354618730377684 0.00050005341106398469 0.0047802297842927085 -0.0008775749866044778 0.0040806096738513703 0.003358482972403922 -0.0015032077388028166 -0.0036526781740273033 -0.0021719870209449825 -0.0034069883695751952 -0.0031496613112050641 -0.00078380445125793448 0.0036658156803208949 0.0036496277870901395 -0.0003354288089349213 0.0009244962951539394 -0.0014345951142830343 0.0021819874035425429 3.869468875023029e-05 0.00038790934329791947 -0.0057548630224520132 0.0015559513838686353 -0.0071559312247258897 -0.0007635023717952749 -0.0060760765175915466 -0.00017314137930373941 -0.0024598169354093633
leaf_weight=998.86684235930443 5373.0494635105133 13554.872767463326 2706.8702508211136 640.70586733520031 720.40362755954266 579.38145832717419 5977.3557568639517 633.41395555436611 5285.2029347717762 1244.4887604415417 2873.4528372734785 4778.3802405744791 910.00254736840725 637.94228348135948 4184.5221929103136 705.49003429710865 1107.7646005898714 1660.919287353754 7583.1289510726929 979.65285104513168 2687.9365575909615 15212.636201635003 1628.8419669419527 510.08167585730553 1245.1300974041224 591.53481021523476 1408.8461981415749 552.619788184762 877.1085457354784 567.68412853777409
leaf_count=4011 21509 54440 10860 2579 2891 2322 23927 2536 21159 4983 11517 19129 3643 2556 16778 2825 4440 6660 30370 3921 10759 60898 6520 2042 4985 2368 5639 2212 3512 2275
internal_value=-2.39634e-05 0.000916469 -0.000935143 -0.000261576 -0.0028827 -0.000209633 -0.000252436 0.000235877 0.00090991 0.00201498 -0.000874714 -0.000617894 -0.00040198 -0.00117827 -0.0019553 0.00260791 0.000432635 0.00126641 -0.000130716 -8.15376e-05 0.00121468 -2.3826e-05 -0.000372891 -0.00152918 -0.00107803 -0.00197834 0.000724726 -0.00387771 -0.0024811 0.00140265
internal_weight=88418.3 17828.3 3705.74 70590 1361.11 69228.9 68649.5 29387 18289 8644.03 11098 39262.5 34484.1 10464.6 7057.98 7399.54 3406.63 2768.68 29111.1 9644.95 3667.59 28201.1 20618 5405.32 4895.24 3650.11 2114.34 2021.26 1429.73 14122.6
internal_count=354266 71586 14871 282680 5470 277210 274888 117700 73213 34606 44487 157188 138059 41951 28295 29623 13656 11100 116550 38607 14680 112907 82537 21639 19597 14612 8464 8092 5724 56715
is_linear=0
shrinkage=0.03


Tree=68
num_leaves=31
num_cat=0
split_feature=6 39 35 28 39 40 23 43 25 43 15 15 20 0 16 14 12 25 43 15 23 31 16 11 16 34 10 25 41 20
split_gain=27.0556 16.5635 14.5453 16.8571 12.0266 12.8462 11.6032 11.3721 13.4398 13.1595 11.3624 10.7335 18.2687 21.1609 13.8606 13.5719 14.5976 27.7356 13.1231 13.5155 11.7716 11.3748 11.4977 10.5607 14.2365 11.8668 12.5447 12.7182 12.3232 19.0047
threshold=-1.1448857784271238 -0.97028648853301991 0.14936967939138415 -0.20476991683244702 -0.43050700426101679 0.20790971815586093 0.094059299677610411 0.83333334326744091 0.35543033480644232 0.2333333417773247 -7.7282886505126944 -8.369997024536131 0.89045941829681408 0.10425176844000818 -0.55396407842636097 -7.5673735141754142 -7.2534379959106436 0.71289342641830455 0.76666668057441723 -7.4766271114349356 0.75696083903312694 0.65604761242866527 -0.35949701070785517 0.049324471503496177 0.19669635593891147 0.033213719725608833 -0.3259568959474563 0.58295661211013805 -1.0000000180025095e-35 1.9274116158485415
decision_type=2 2 2 2 2 2 2 2 2 2 2 2 2 2 2 2 2 2 2 2 2 2 2 2 2 2 2 2 2 2
left_child=2 -2 4 -4 5 -1 7 8 9 -3 -6 12 -8 -14 -13 23 17 -17 19 20 -19 22 -18 25 -25 26 -16 -28 -27 -30
right_child=1 6 3 -5 10 -7 11 -9 -10 -11 -12 14 13 -15 15 16 21 18 -20 -21 -22 -23 -24 24 -26 28 27 -29 29 -31
leaf_value=-0.001061652488209893 0.0013551326170978179 0.0025157334866804707 -0.0049081078101082011 0.0024355025842087135 0.00089658860355859517 0.0030467354373459234 -0.0024300910912752409 0.0048030521998946299 0.0026088568649995929 -0.0022830683243273519 0.0039305236618973434 0.0005788772468352559 0.00044838154307151536 0.0065898399955698558 -2.5302250443838077e-06 0.0016483958361143763 -0.004531924343743117 -0.0064324955717612051 -0.0044414105090900659 0.00072750768755223722 -5.9195999419221113e-05 -0.00477743806480984 -0.00038449302317105364 -0.0020234520135313148 6.249459189090955e-05 -0.00085558783108344695 -0.0017789725299839129 -0.006645823011684697 0.0024707032881923587 -0.0030632660572444464
leaf_weight=1787.4224727004766 6236.1128658503294 724.44595956802368 611.34591154754162 505.64085544645786 1661.7519404143095 1097.1356021761894 792.40227085351944 657.75498287379742 1715.1034806966782 1709.2716065049171 3386.3246255815029 10254.034665152431 1272.2667768448591 828.9432235211134 3330.2857185900211 8217.1258103400469 631.22006437182426 524.85085295140743 925.87091627717018 2543.6125813126564 509.4518109858036 624.90441529452801 9785.1069702208042 12881.577274635434 3815.6891930699348 3794.3288042098284 3121.5538232028484 565.23557367920876 3285.7565175294876 663.58001732826233
leaf_count=7198 24971 2910 2450 2029 6680 4420 3172 2638 6874 6859 13631 41050 5093 3319 13334 32896 2527 2101 3711 10191 2042 2506 39186 51590 15291 15197 12496 2262 13155 2661
internal_value=4.9408e-05 -0.000127778 0.00160264 -0.00159167 0.00205387 0.000506091 -0.000254324 0.00116894 0.000582618 -0.000850157 0.00293554 -0.000354542 0.00143047 0.00289097 -0.000433636 -0.000621724 -8.05042e-05 0.00061202 -0.0012783 -0.000449677 -0.00332392 -0.000878212 -0.000639929 -0.00103039 -0.00154702 -0.000445324 -0.00133801 -0.00254109 0.000364285 0.00153548
internal_weight=88460.1 79410.5 9049.62 1116.99 7932.63 2884.56 73174.4 4806.58 4148.82 2433.72 5048.08 68367.8 2893.61 2101.21 65474.2 55220.2 23762.1 12720.9 4503.79 3577.92 1034.3 11041.2 10416.3 31458 16697.3 14760.7 7017.08 3686.79 7743.67 3949.34
internal_count=354440 318032 36408 4479 31929 11618 293061 19281 16643 9769 20311 273780 11584 8412 262196 221146 95160 50941 18045 14334 4143 44219 41713 125986 66881 59105 28092 14758 31013 15816
is_linear=0
shrinkage=0.03


Tree=69
num_leaves=31
num_cat=0
split_feature=36 20 7 41 40 21 17 42 15 27 24 17 10 18 1 11 21 37 29 4 6 43 16 41 10 6 7 29 7 15
split_gain=18.2998 13.7539 13.4534 13.5904 12.9809 13.7377 13.0058 12.8198 18.5818 12.0244 13.5131 11.5168 10.0886 9.89568 12.1257 17.7776 18.4924 18.2561 12.5861 10.7007 10.1417 9.8288 12.261 9.65725 9.63656 9.44065 10.0962 9.42687 10.3457 9.34221
threshold=-0.99936062097549427 1.0126546025276186 0.97069957852363598 -1.0000000180025095e-35 0.99938130378723156 0.99981877207756054 -0.70575538277626026 1.0000000180025095e-35 -7.555612087249755 -0.11954679712653159 1.8364423513412478 0.14104745537042621 0.61373430490493786 0.86930590867996227 -0.40960663557052607 -1.5307970046997068 0.56278565526008617 0.050011944025754936 0.083556238561868681 -1.0628190040588377 -1.0136673450469968 0.83333334326744091 -0.56075677275657643 0.6078576147556306 0.31457152962684637 0.84211787581443798 0.11388870328664781 0.56660977005958568 0.18697661906480792 -7.4457027912139884
decision_type=2 2 2 2 2 2 2 2 2 2 2 2 2 2 2 2 2 2 2 2 2 2 2 2 2 2 2 2 2 2
left_child=1 -1 4 7 5 13 -7 8 -4 -3 11 23 25 20 15 -15 17 19 -19 -17 29 22 -5 -11 -24 26 -8 28 -18 -2
right_child=2 9 3 21 -6 6 12 -9 -10 10 -12 -13 -14 14 -16 16 27 18 -20 -21 -22 -23 24 -25 -26 -27 -28 -29 -30 -31
leaf_value=-0.0023340244456938539 0.001540113433902457 0.00061830073697860793 0.0023593526817639642 0.004000444703734729 -0.0035568851853739858 0.0053223027070098041 -0.00018091139432414115 -0.004415127755830456 -0.0024435273551040482 -0.00020817142505546763 -0.0041041631698988451 0.0034368464572594334 0.0037255553354154469 -0.0029710256743332975 -0.0003267682290707621 0.0024626873947136726 0.0070696774945237292 -0.00028159511484144006 -0.0054120246420095901 0.0003254230550210522 0.00068835114268696893 -0.0027030497339917692 -0.0015882805929939975 -0.004697796849700139 0.001073897961511347 -0.0020697201270785124 0.003711734194302531 0.00045509080174222866 0.0018641931650319984 0.0062130849057166196
leaf_weight=4277.8346531391144 1182.1068021804094 5554.1827487051487 1050.0546390861273 818.35459198057652 714.17403174936771 847.13050974905491 1433.8850796818733 1322.063284933567 2287.3132697045803 1747.668761909008 1252.8794926404953 561.604621052742 1132.6535936295986 1038.9134768247604 24633.66867081821 3468.8949083685875 864.1117040514946 1230.1136704981327 652.9106207638979 5360.7776371538639 16647.450903043151 919.8673664778471 1954.8562943339348 562.87289741635323 3234.4583420008421 944.31829652190208 1019.6425815075636 574.16467620432377 581.54779978096485 568.23589643836021
leaf_count=17128 4739 22285 4211 3277 2861 3392 5741 5302 9175 7003 5019 2250 4535 4168 98662 13978 3459 4931 2614 21478 66642 3689 7836 2255 12963 3783 4082 2299 2328 2279
internal_value=7.69662e-05 -0.00091954 0.000263799 -0.000675172 0.000436863 0.000483298 0.00193115 -0.00192609 -0.000929837 -0.000292629 -0.00151769 -0.000379099 0.00128673 0.000345912 7.17813e-05 0.000784407 0.00109292 0.000594842 -0.00207969 0.00116692 0.000917806 0.000167752 0.000611077 -0.00131742 6.99081e-05 0.000465212 0.0014453 0.00371869 0.00500285 0.00308384
internal_weight=88438.7 13957 74481.7 11587 62894.7 62180.5 5377.63 4659.43 3337.37 9679.21 4125.03 2872.15 4530.5 56802.9 38405.1 13771.4 12732.5 10712.7 1883.02 8829.67 18397.8 6927.54 6007.67 2310.54 5189.31 3397.85 2453.53 2019.82 1445.66 1750.34
internal_count=354364 55940 298424 46453 251971 249110 21533 18688 13386 38812 16527 11508 18141 227577 153917 55255 51087 43001 7545 35456 73660 27765 24076 9258 20799 13606 9823 8086 5787 7018
is_linear=0
shrinkage=0.03


Tree=70
num_leaves=31
num_cat=0
split_feature=10 33 28 1 24 24 1 12 15 10 43 4 43 43 31 14 27 24 9 4 1 27 10 18 15 7 29 14 12 40
split_gain=10.3398 11.7291 15.0837 10.322 19.1266 18.6737 13.7591 17.826 17.5142 13.6952 13.2841 15.8196 17.5875 12.6197 13.3456 12.6113 12.5283 12.1161 12.0997 14.246 12.0145 11.8757 11.5641 18.282 13.3607 10.9696 10.9078 12.1735 11.8836 10.7038
threshold=-1.8362529277801511 1.0000000180025095e-35 -0.91991829872131337 -0.39903400838375086 1.2553086876869204 1.2553086876869204 -0.0313013307750225 -8.9287848472595197 -8.2557396888732892 -1.5358601808547971 0.90000000596046459 0.59335821866989147 0.56666669249534618 0.2333333417773247 0.41458210349082952 -7.1191844940185538 0.43595530092716223 1.7412533164024355 -0.39184977114200586 0.053495954722166068 -0.87220111489295948 0.13778753578662875 -0.35488124191761011 0.93804323673248302 -7.8797233104705802 0.76008781790733349 -0.3454690128564834 -8.6783423423767072 -7.6520721912384024 -0.11320213600993155
decision_type=2 2 2 2 2 2 2 2 2 2 2 2 2 2 2 2 2 2 2 2 2 2 2 2 2 2 2 2 2 2
left_child=1 2 -1 5 22 18 7 -6 21 -10 11 13 -13 -7 -15 -11 -17 -16 20 -20 -2 -8 23 24 -5 -18 28 -28 29 -24
right_child=3 -3 -4 4 6 10 8 -9 9 15 -12 12 -14 14 17 16 25 -19 19 -21 -22 -23 26 -25 -26 -27 27 -29 -30 -31
leaf_value=-0.0029300281617800103 0.0016251621342827218 0.0043712781691318285 0.0030943937597531935 0.0063771957986593353 -0.0062136889680120709 0.00075392656508369786 0.00052554381850051591 -0.0005751580881452309 -0.0038477246996219041 3.4992814561884705e-06 0.0030317113068740872 5.8012466888827526e-05 0.0056074523729788359 -0.0015936390215719322 0.003659124653588708 0.0027723213696216214 0.0013992802983209499 -0.0012881719444224511 -7.8458465944054756e-05 0.0031086114332169248 0.0060572686566368709 0.0048811487312619539 -0.0023852337642310626 -0.0014557436547195349 0.00089296880229939473 -0.0028000271062621012 0.0034021699047014691 -0.0012371654155583635 -0.00093366959757939171 -0.0066890046826305971
leaf_weight=707.55172538757324 1291.3785450160503 1029.9764146953821 771.37752079963684 525.95209030807018 525.79347148537636 4448.5069401115179 1019.3813366293907 8739.6100372225046 718.14802820980549 22987.48988711834 1170.4464263468981 1379.8292427957058 809.29478432238102 9253.0075167715549 902.49464294314384 3312.2697342932224 1608.1969119012356 862.99428768455982 3922.6346842497587 1850.8545095920563 963.18443618714809 1256.8879260122776 1157.546830534935 2638.2562548816204 1590.7496804893017 846.03039403259754 530.33007499575615 8911.5900299698114 1603.4512504786253 961.6412862688303
leaf_count=2835 5196 4124 3095 2106 2105 17847 4082 35009 2876 92085 4694 5527 3241 37112 3615 13265 6438 3456 15725 7411 3863 5033 4635 10570 6370 3392 2123 35695 6424 3851
internal_value=3.55223e-05 0.00192999 0.000211859 -2.01008e-05 -0.000242232 0.000467281 0.000115049 -0.000901488 0.000411904 0.000215607 -4.95091e-05 -0.000255367 0.00212575 -0.000593535 -0.00113774 0.000318394 0.00157151 0.00124719 0.00167776 0.000946855 0.00353701 0.00294141 -0.00105958 0.000208209 0.00227925 -5.38089e-05 -0.0015173 -0.000973261 -0.00289088 -0.00436043
internal_weight=88296.9 2508.91 1478.93 85788 58933.3 26854.6 41013.8 9265.4 31748.4 29472.1 18826.6 17656.1 2189.12 15467 11018.5 28754 5766.5 1765.49 8028.05 5773.49 2254.56 2276.27 17919.5 4754.96 2116.7 2454.23 13164.6 9441.92 3722.64 2119.19
internal_count=353800 10054 5930 343746 236059 107687 164285 37114 127171 118056 75492 70798 8768 62030 44183 115180 23095 7071 32195 23136 9059 9115 71774 19046 8476 9830 52728 37818 14910 8486
is_linear=0
shrinkage=0.03


Tree=71
num_leaves=31
num_cat=0
split_feature=40 2 6 24 22 10 20 13 17 8 40 35 33 19 14 24 2 9 1 14 26 20 18 1 8 15 29 31 13 24
split_gain=14.9425 15.8545 14.6529 13.1283 12.6208 15.7567 10.9985 10.7693 14.1053 10.621 18.2839 24.2163 24.7647 16.0722 14.461 17.2944 13.108 12.1391 11.9654 20.4413 15.4152 13.6394 11.7047 11.6197 10.3443 10.2039 10.1079 11.3361 9.47415 9.45593
threshold=0.93968367576599132 2.2297947406768803 1.0914427638053896 2.8553419113159184 1.0660995841026308 -0.29714842140674586 2.9031156301498418 -7.1770565509796134 -0.61076709628105152 1.142447888851166 0.71933293342590343 -0.098293852061033235 0.25876136124134069 0.98718598484992992 -6.9695966243743888 1.3033695220947268 0.62203070521354686 0.75389453768730175 0.12259654700756074 -7.9485929012298575 -0.4691821932792663 1.1736643314361574 0.86427289247512828 0.58001014590263378 -0.18786326795816419 -8.1362528800964338 -0.19859609752893445 0.094658389687538161 -6.6396238803863517 1.4433203339576723
decision_type=2 2 2 2 2 2 2 2 2 2 2 2 2 2 2 2 2 2 2 2 2 2 2 2 2 2 2 2 2 2
left_child=1 6 -3 4 5 -2 9 8 -6 10 28 13 16 23 15 -11 17 26 -17 -20 21 -21 -14 24 -12 -10 -13 -28 -1 -7
right_child=3 2 -4 -5 7 29 -8 -9 25 14 11 12 22 -15 -16 18 -18 -19 19 20 -22 -23 -24 -25 -26 -27 27 -29 -30 -31
leaf_value=3.7822742117502363e-05 0.0004650944553316277 -5.0662408818968808e-05 -0.0059934390462953926 0.0027970979538408844 -0.0038609598178479419 -0.003008983209014398 0.0025885394193665766 -0.003442565429988153 -0.0030926475046671002 -0.0067901705069387825 0.0019012612355758093 -0.0014212185723025254 0.0069012374232050606 0.0077006205876259193 0.0020306147925328319 -0.0024033446869797062 -0.0052797753812709024 -0.0033860681708286801 0.0042460799415186372 -0.0002108924698646848 0.0015360666656313992 -0.0064735422176671149 0.0015138486754162697 -0.0017709169393502434 0.0056943675590068049 0.00068902895623750785 0.0049646976165444211 -0.00027983831030006865 -0.0019702479370866852 -0.0084940061517533617
leaf_weight=55314.523711010814 525.46514046192169 747.44778288900852 736.5413563400507 679.5390690267086 915.06576950848103 581.43370501697063 1555.5405594408512 1296.4763242602348 737.82384110987186 510.93521542847157 2238.0519651323557 1254.6867696493864 505.2314541041851 573.29993008077145 1196.4902878552675 3101.5834670215845 580.6018049120903 938.66894069314003 824.55167008936405 603.90604059398174 988.15061877667904 641.2546406686306 1256.2422699332237 527.39518059790134 911.05600675940514 4535.4719793945551 700.72683900594711 773.74089008569717 2188.6207087785006 574.1971892118454
leaf_count=221591 2104 2994 2961 2722 3667 2328 6271 5197 2958 2049 8981 5026 2024 2297 4791 12425 2324 3759 3304 2419 3961 2571 5034 2113 3650 18183 2805 3098 8769 2299
internal_value=-9.75409e-05 4.04087e-05 -0.00302059 -0.00119874 -0.0014977 -0.00383937 9.96441e-05 -0.000967341 -0.000444059 4.81174e-05 0.000169297 0.00133529 0.000108633 0.00306565 -0.000994573 -0.00153944 -0.00113156 -0.000462347 -0.00109358 0.000238409 -0.00125358 -0.00346202 0.00308931 0.00232396 0.00301318 0.000155056 0.000551932 0.00222923 -3.89355e-05 -0.00578381
internal_weight=88514.7 78669.2 1483.99 9845.47 9165.93 1681.1 77185.3 7484.84 6188.36 75629.7 67762.8 10259.7 6009.9 4249.8 7866.87 6670.38 4248.43 3667.82 6159.45 3057.86 2233.31 1245.16 1761.47 3676.5 3149.11 5273.3 2729.15 1474.47 57503.1 1155.63
internal_count=354675 315217 5955 39458 36736 6731 309262 30005 24808 302991 271471 41111 24070 17041 31520 26729 17012 14688 24680 12255 8951 4990 7058 14744 12631 21141 10929 5903 230360 4627
is_linear=0
shrinkage=0.03


Tree=72
num_leaves=31
num_cat=0
split_feature=7 1 0 21 19 25 22 6 11 43 21 43 32 11 0 17 11 11 19 34 36 8 17 36 1 40 40 16 40 23
split_gain=14.1183 17.181 18.4756 15.1439 14.1417 12.4143 12.892 12.1878 14.0634 11.7658 10.6689 21.8075 17.8296 14.0531 12.9792 12.9391 16.0933 15.0737 20.1269 18.0308 14.265 15.0469 12.5926 11.9198 11.6521 11.3261 12.8333 11.1931 10.7231 15.9229
threshold=0.51424214243888866 -0.4899477213621139 -0.078922264277935014 0.55432614684104931 0.31586556136608129 0.82024264335632335 1.6379191279411318 0.46141240000724798 -0.59426391124725331 0.43333333730697637 0.72932562232017528 0.43333333730697637 0.24411427229642871 -0.7406751513481139 -0.38979430496692652 -0.8118394911289214 0.47489976882934576 -0.5313405692577361 0.018525700084865097 -0.49220840632915491 0.40075758099555975 0.99329355359077465 -0.28327383100986475 -0.37455035746097559 0.081501137465238585 -0.34201689064502711 -0.92717501521110524 -0.74154508113861073 0.8829391896724702 0.61996716260910045
decision_type=2 2 2 2 2 2 2 2 2 2 2 2 2 2 2 2 2 2 2 2 2 2 2 2 2 2 2 2 2 2
left_child=10 3 -3 -2 -4 6 7 -6 -9 -5 12 22 15 24 -15 16 -1 18 19 -17 21 -19 23 -12 -13 26 -20 -16 29 -27
right_child=1 2 4 9 5 -7 -8 8 -10 -11 11 13 -14 14 27 17 -18 20 25 -21 -22 -23 -24 -25 -26 28 -28 -29 -30 -31
leaf_value=0.00016003296368903816 -0.00027106090360570951 -0.002470877258470729 0.0024494850948779449 0.00055881199785630018 0.0010959208371867089 0.00014789141455424449 -0.0035145596144132043 0.0018098065863714704 -0.003454869205312394 0.0050424643880307768 -0.0026066372048060274 0.00049600328698691846 -0.0030259964005444067 0.0048125748025813053 0.0050028507451479126 0.00066473837157435072 -0.0040407343768024354 0.0012620247900527251 0.0014665821104737256 -0.0048055637734895785 -0.00043459744447801304 -0.00207145693710967 -0.0012632698639570426 0.0020519187223837277 0.0058672123582767894 0.00092228805206473398 -0.0025774936032726967 0.00048858864857002232 -0.0013400791712150652 0.0064068390895919156
leaf_weight=1923.9250453412533 3654.4439651072025 5337.0728469341993 1394.3537572920322 1005.6834461987019 1895.7127924412489 7182.8504241555929 2213.7844972908497 605.54388032853603 1783.5683350116014 1102.5531326830387 598.40181604027748 512.11686092615128 1630.0459007024765 846.28231251239777 530.77021504938602 801.64890159666538 1420.551220536232 20290.248368129134 1011.0767783522606 1652.0285264253616 7794.4818221181631 1287.6768255233765 4487.7636994421482 2644.8034355640411 1259.3828668147326 3492.8638665676117 2291.8355485498905 5798.0600436031818 1432.4305179715157 542.65204660594463
leaf_count=7709 14632 21388 5583 4030 7588 28807 8871 2425 7146 4416 2396 2051 6524 3388 2125 3231 5693 81354 4052 6617 31220 5157 17964 10588 5044 14005 9186 23212 5743 2172
internal_value=3.70683e-05 -0.000547385 -0.000955688 0.000898075 -0.000418004 -0.000711822 -0.00166082 -0.000697122 -0.0021185 0.00291638 0.000282878 0.000931857 4.52218e-05 0.00193944 0.00134501 0.000159814 -0.00163095 0.000307707 -0.000627039 -0.0030229 0.000665008 0.00106223 -0.000235155 0.001187 0.00432597 4.58905e-05 -0.00133884 0.000874474 0.000883256 0.0016738
internal_weight=88424.6 26175.6 20412.9 5762.68 15075.8 13681.5 6498.61 4284.83 2389.11 2108.24 62249 16677.6 45571.5 8946.61 7175.11 43941.4 3344.48 40596.9 11224.5 2453.68 29372.4 21577.9 7730.97 3243.21 1771.5 8770.86 3302.91 6328.83 5467.95 4035.52
internal_count=354317 104886 81808 23078 60420 54837 26030 17159 9571 8446 249431 66768 182663 35820 28725 176139 13402 162737 45006 9848 117731 86511 30948 12984 7095 35158 13238 25337 21920 16177
is_linear=0
shrinkage=0.03


Tree=73
num_leaves=31
num_cat=0
split_feature=3 30 3 21 4 12 39 9 14 39 4 11 39 12 34 21 39 10 14 5 9 30 40 40 42 26 26 29 7 19
split_gain=22.4407 13.7099 12.9348 13.5183 15.5863 16.9476 12.8321 12.7834 11.954 10.7555 13.3698 13.1167 11.9008 11.2296 22.1363 12.1467 10.7844 18.5963 13.2818 11.1001 10.7762 19.8113 14.5477 20.3377 20.808 16.2536 13.7153 13.435 12.4078 12.2376
threshold=-2.1742227077484126 -0.677751064300537 1.7341817617416384 0.99981877207756054 0.48599021136760717 -8.8711409568786603 0.8829391896724702 0.89582160115242015 -8.0761427879333478 0.087154909968376174 -2.101605892181396 -0.45184333622455591 0.994512438774109 -7.6776888370513907 -0.5482579469680785 0.20008138567209247 -0.13052494823932645 0.69609609246253978 -8.1966981887817365 1.7477762699127199 0.80375096201896679 0.29202330112457281 -0.26723583042621607 -0.58069744706153859 1.0000000180025095e-35 -0.062704976648092256 0.48726271092891699 0.39103792607784277 -0.89748653769493092 0.63719585537910473
decision_type=2 2 2 2 2 2 2 2 2 2 2 2 2 2 2 2 2 2 2 2 2 2 2 2 2 2 2 2 2 2
left_child=1 -1 3 9 -5 -6 8 -7 -4 10 -2 12 -11 -13 -15 -16 19 18 -18 20 22 -22 23 24 25 -12 -24 -23 -26 -27
right_child=2 -3 6 4 5 7 -8 -9 -10 11 16 13 -14 14 15 -17 17 -19 -20 -21 21 27 26 -25 28 29 -28 -29 -30 -31
leaf_value=-0.00074924222958687784 0.00497977095222171 0.0051163158848864278 0.00080997282384460598 0.0043451053435093565 0.0053007455789821824 -0.00093868310913566226 0.0021050990974597053 0.0030109833039263681 -0.0035963229084841363 6.8745770920506882e-05 -0.0026759303578322248 -0.0013223908435172915 0.0038122527023682789 0.0050067464207975065 0.0019965186864298753 -0.0011117379838752907 -0.0011881911021868392 -0.0015809699313450133 0.0032966353059176849 0.0035936372285390169 -0.0026148991844725075 0.0020068642037206199 0.0010862292465978738 -0.0025776099749376773 -0.0021893106003267509 -0.0008797104404262531 -0.0013512291516813244 -0.0028101463946988022 0.0026463435380821698 0.0038149696793031785
leaf_weight=507.28460016846657 511.58028881251812 1195.1295462548733 713.64927779138088 1229.179775133729 590.21506543457508 3379.7675522565842 619.74914567172527 932.59692321717739 2419.6671587228775 10475.670927405357 2712.6290557682514 16945.481148526073 814.4790743291378 727.23159506917 1419.8872884809971 5418.1584858447313 724.82574558258057 1377.0391616225243 3181.9228689670563 729.42953357100487 3796.0404186844826 1983.8148559033871 13753.434324324131 3507.080267906189 559.95071567595005 1382.908963739872 2438.2450502514839 695.93520364165306 2994.3930175155401 770.02213986217976
leaf_count=2047 2065 4842 2861 4922 2364 13537 2486 3736 9709 41964 10862 67874 3262 2929 5690 21703 2903 5517 12748 2925 15203 7942 55091 14045 2248 5545 9776 2787 11990 3083
internal_value=-2.65677e-05 0.00337433 -9.36469e-05 -1.5698e-05 0.00133873 0.000577663 -0.00181396 -7.95338e-05 -0.00259335 -0.000123828 0.000207163 -0.00050394 0.00034194 -0.00089355 6.74877e-05 -0.00046435 0.000145826 0.00140856 0.00246365 -4.34002e-05 -0.000121104 -0.00122342 0.000133108 -0.000661638 0.000138518 -0.00113529 0.000718574 0.000750082 0.00188053 0.000809274
internal_weight=88507.4 1702.41 86805 83051.9 6131.76 4902.58 3753.07 4312.36 3133.32 76920.2 41119.3 35800.9 11290.2 24510.8 7565.28 6838.05 40607.7 5283.79 3906.75 35323.9 34594.5 6475.79 28118.7 11927 8419.9 4865.56 16191.7 2679.75 3554.34 2152.93
internal_count=354656 6889 347767 332711 24559 19637 15056 17273 12570 308152 164730 143422 45226 98196 30322 27393 162665 21168 15651 141497 138572 25932 112640 47773 33728 19490 64867 10729 14238 8628
is_linear=0
shrinkage=0.03


Tree=74
num_leaves=31
num_cat=0
split_feature=5 11 14 40 16 39 7 6 35 39 22 22 39 9 27 40 9 20 21 40 7 0 35 18 39 25 35 40 14 14
split_gain=15.2326 16.2497 18.9364 15.6805 15.9537 15.1758 18.5478 16.1666 14.1922 15.0373 14.0969 14.0565 18.7125 17.329 14.0096 13.8919 13.8199 15.9222 13.7319 13.4384 12.9105 13.1148 12.3852 13.8481 12.1194 11.635 15.6308 11.5527 11.4606 11.992
threshold=0.96571302413940441 0.73645198345184337 -8.5846366882324201 -0.31730164587497706 0.56296467781066906 -0.034899164922535413 -1.6350505352020261 -1.164909243583679 0.26049622893333441 -0.86601716279983509 1.1605572104454043 1.3170322179794314 -0.2923689186573028 0.57423886656761181 -0.98341387510299672 0.017452239990234378 0.99754557013511669 1.8532408475875857 0.66369089484214794 0.087154909968376174 1.0495902299880984 -0.49013049900531763 -0.017673141323029991 0.44931453466415411 -0.35836455225944513 0.53477063775062572 0.12592227011919024 -0.087154909968376146 -8.0681834220886213 -7.6311202049255362
decision_type=2 2 2 2 2 2 2 2 2 2 2 2 2 2 2 2 2 2 2 2 2 2 2 2 2 2 2 2 2 2
left_child=1 3 -3 4 14 6 -5 28 9 19 15 13 -13 -11 -1 -2 18 -18 -12 -8 21 -10 23 -16 -4 26 -24 -26 -7 -30
right_child=10 2 24 5 -6 7 8 -9 20 11 16 12 -14 -15 22 -17 17 -19 -20 -21 -22 -23 25 -25 27 -27 -28 -29 29 -31
leaf_value=0.0024288043561519384 0.0037830640151392523 -0.005148421482768277 0.00076479508515690288 -0.0036670485888694558 0.0028184033869634818 -0.00088736388956129773 0.0024627305707812766 -0.00010759607266305999 0.0026136821562323552 0.0025802661550737909 0.0020815123932627381 0.0055478519039845065 0.00059123622687841371 -0.0032432698300774118 0.003202587525899088 -0.0011082861583980653 -0.0023181234775158368 0.0021077642438197017 -0.0023117685793192146 -0.0003330587769384861 0.0032965375274726224 -0.002503224058049142 0.00020244873329778511 -0.0014993464946184785 9.6463856371001376e-05 -0.0002704683161958011 0.0060676774979450607 -0.0017365240451543624 0.0073492055476990902 0.0017682037398531194
leaf_weight=1501.7626649290323 1056.5259554684162 758.17898391187191 6006.0501153022051 590.97635105252266 1522.2659789770842 547.75609663128853 3022.3369364440441 14519.762997552752 594.8149496614933 2968.330792888999 692.20727528631687 2805.3491286188364 909.52663841843605 535.01818066835403 587.27125298976898 1017.6954324990511 1174.6619842797518 1903.2373385727406 7513.6135952621698 3155.3046394437551 743.82039730250835 1768.9846145957708 1049.7455753087997 10258.24439689517 5833.0467010140419 6820.634998857975 660.64808627963066 6579.356604129076 609.04896977543831 806.71652615070343
leaf_count=6032 4230 3037 24055 2385 6113 2201 12109 58144 2382 11891 2772 11250 3646 2142 2351 4075 4709 7634 30130 12642 2980 7082 4203 41100 23372 27310 2645 26361 2451 3250
internal_value=5.42213e-05 0.000220167 -0.000533329 0.000478343 -0.000136372 0.000888353 0.00151437 0.000238604 0.00170202 0.00212546 -0.000878893 0.0030547 0.00433915 0.00168422 -0.000353055 0.00138937 -0.00129672 0.000416613 -0.00193909 0.00103652 -0.000124263 -0.00121004 -0.000569802 -0.00124203 -0.000340663 0.000285253 0.00249002 -0.000875751 0.00278624 0.0042038
internal_weight=88512.9 75155 19176.6 55978.3 22400.6 33577.7 17094.5 16483.3 16503.5 13395.9 13357.9 7218.22 3714.88 3503.35 20878.3 2074.22 11283.7 3077.9 8205.82 6177.64 3107.62 2363.8 19376.5 10845.5 18418.5 8531.03 1710.39 12412.4 1963.52 1415.77
internal_count=354684 301134 76825 224309 89754 134555 68509 66046 66124 53680 53550 28929 14896 14033 83641 8305 45245 12343 32902 24751 12444 9464 77609 43451 73788 34158 6848 49733 7902 5701
is_linear=0
shrinkage=0.03


Tree=75
num_leaves=31
num_cat=0
split_feature=23 13 41 20 39 15 3 25 18 40 40 39 39 15 35 29 36 35 25 18 29 15 7 37 29 14 13 24 32 24
split_gain=26.7808 14.4179 16.2561 11.4307 11.1099 19.6898 17.4543 16.3251 18.612 13.666 17.5484 13.0099 14.7957 15.0594 15.6138 13.7391 13.384 13.1953 12.9674 12.9252 15.8868 12.1279 13.8749 15.0837 11.7465 11.4478 15.5338 12.9701 11.3995 13.8266
threshold=0.86317342519760143 -8.9725232124328596 -0.60785761475563038 3.2530734539031987 0.087154909968376174 -7.69053030014038 1.3493551015853884 0.67369088530540477 1.0554034113883974 -0.48480500280857081 -0.31730164587497706 -0.13052494823932645 -0.30901405215263361 -7.7538278102874747 -0.2093291953206062 -0.62771439552307118 -0.62463873624801625 0.41060559451580053 0.4145712554454804 0.80276551842689525 0.3005101084709168 -7.69053030014038 -1.6901400089263914 -0.34551841020584101 -0.27040016651153559 -8.1506123542785627 -8.0123515129089338 2.0338095426559453 0.26369476318359381 1.3033695220947268
decision_type=2 2 2 2 2 2 2 2 2 2 2 2 2 2 2 2 2 2 2 2 2 2 2 2 2 2 2 2 2 2
left_child=3 -2 -3 4 6 28 11 8 -7 18 -11 12 13 14 16 -13 -1 -14 -10 20 -16 -15 -23 -24 -12 -17 -27 -28 -6 -30
right_child=1 2 -4 -5 5 7 -8 -9 9 10 24 15 17 21 19 25 -18 -19 -20 -21 -22 22 23 -25 -26 26 27 -29 29 -31
leaf_value=0.00066078904318338195 0.0036826664872703502 -0.0030140253618759364 -0.0008009328398312271 0.0039056479301417904 -0.0017667152195649008 0.0017743603558797534 -0.002551992416625353 -0.001045800479781842 -7.925719138746938e-05 -0.0060594631382798209 0.00088644497700276679 0.0051891894038309447 -0.0020096622077968211 -0.0025070755918035928 0.0010884864107109759 -0.0020325715875487431 0.0054216478382192118 0.0029175806773262154 0.0041180233402229845 -0.0002210430308870625 0.0073061033567865634 -0.0043317699669456304 0.00235943851463147 0.00011335170573545309 -0.0019745298716433409 0.0061070193527797481 0.0021241961050063999 -0.003004023951826799 -0.0029800521920360186 0.0027132841080049
leaf_weight=817.24313469231129 506.72063970565796 4134.9921404421329 10736.70762771368 704.35070955753326 9240.254672139883 7736.0132318437099 1667.0404112786055 6739.2866194248199 1835.271395817399 567.63797016441822 2576.9617216736078 975.06180725991726 3517.200037509203 1401.8398055285215 1276.297653734684 772.78429129719734 1526.1789221465588 558.90470732748508 1026.3218041807413 3527.1276618689299 513.39744564890862 537.1618120521307 3270.1939412206411 14984.789161995053 2570.8252087682486 652.21187756955624 1881.1719224750996 570.54512901604176 557.55787494778633 1178.6910576224327
leaf_count=3283 2029 16584 43045 2847 37017 30976 6674 26990 7363 2276 10346 3912 14093 5617 5109 3095 6121 2239 4110 14124 2055 2165 13120 60012 10296 2612 7536 2285 2232 4719
internal_value=-0.000109919 -0.00124753 -0.00141788 0.000129276 9.20428e-05 -0.000302725 0.000441414 0.000195308 0.000708365 -0.000254052 -0.00110086 0.000577738 0.000357485 0.000604605 0.00173626 0.00202354 0.00377121 -0.00132856 0.00143521 0.000833941 0.00290278 0.000174685 0.000375964 0.000516787 -0.000543395 0.00121602 0.00202875 0.00092344 -0.0013479 0.0008784
internal_weight=88560.7 15378.4 14871.7 73182.3 72478 34028.8 38449.1 23052.3 16313 8577.02 5715.42 36782.1 31930.3 27854.2 7660.24 4851.78 2343.42 4076.1 2861.59 5316.82 1789.7 20194 18792.1 18255 5147.79 3876.71 3103.93 2451.72 10976.5 1736.25
internal_count=354882 61658 59629 293224 290377 136325 154052 92357 65367 34391 22918 147378 127938 111606 30692 19440 9404 16332 11473 21288 7164 80914 75297 73132 20642 15528 12433 9821 43968 6951
is_linear=0
shrinkage=0.03


Tree=76
num_leaves=31
num_cat=0
split_feature=31 30 9 39 32 13 34 14 21 39 7 31 23 36 18 22 5 30 22 5 18 4 18 14 11 43 39 32 20 37
split_gain=14.1711 13.8555 15.1627 12.1595 13.8636 11.7744 13.4718 11.4093 10.7464 18.5258 16.2586 11.1471 13.9197 15.7161 14.2882 10.704 22.6494 14.7399 11.993 11.5953 16.1873 13.2798 12.0156 10.3501 9.81516 15.8203 11.7247 14.7784 11.6855 9.78043
threshold=-0.75278776884078968 -0.64768788218498219 -0.8521890640258788 -0.46946710348129267 0.81269896030426036 -7.517239809036254 -0.53788882493972767 -7.760972023010253 0.34010447561740881 -0.58069744706153859 -0.69341033697128285 -0.25696584582328791 0.78601443767547619 0.083722744137048735 0.85918369889259349 1.1091392040252688 -0.25754916667938227 1.2311633825302126 1.0081021189689638 0.21193154156208041 0.64892318844795238 0.18611117452383044 1.1683798432350161 -7.8818533420562735 0.15672539919614795 0.90000000596046459 -0.39874526858329767 -0.03146726265549659 1.4294085502624514 0.0048419595696032056
decision_type=2 2 2 2 2 2 2 2 2 2 2 2 2 2 2 2 2 2 2 2 2 2 2 2 2 2 2 2 2 2
left_child=1 -1 -3 4 5 6 -2 -4 9 -8 -10 -12 14 -14 -13 16 -7 19 -18 20 -17 -22 -21 -16 26 -26 27 -5 29 -27
right_child=3 2 7 24 -6 15 8 -9 10 -11 11 12 13 -15 23 17 18 -19 -20 22 21 -23 -24 -25 25 28 -28 -29 -30 -31
leaf_value=-0.0011162723363380466 0.0048096361797153164 -0.00098112578949557418 0.0021931764750904351 -0.006254807098317881 -0.0029353205697594128 -0.0020721088749777088 -0.00098305998998772103 0.0071470754985156768 0.0057320236877663059 0.0048729586625262476 -0.0011855854173018882 0.0059275467564273432 -0.0019773471395091217 0.0024497795308114929 0.0043151613568037303 0.004794583496046406 0.0015895325596774852 0.0022967341205639338 0.0069960700615098589 -0.0033237284374163425 -0.00097538315035244601 0.0026972447878437643 -0.000236521722649724 2.8879444724968781e-05 -0.00047713326139520618 0.0012680876472431521 0.0002476815734663357 0.00050195018444377528 -0.0066757063456188261 -0.0043928546447796965
leaf_weight=879.82357856631279 894.25361858308315 554.10599114000797 838.00032937526703 563.521704018116 1011.0081416964531 813.22787684202194 3685.7752111405134 851.83459265530109 782.66328355669975 549.86887787282467 1411.2509000897408 1075.3961784988642 1426.9928801804781 1439.9077288359404 816.44354972243309 595.67888215184212 797.50475580990314 1726.3840257823467 690.31279519200325 2357.4085305929184 5136.6924166828394 1060.5095316022635 2182.118503600359 1312.1590579897165 24497.827370449901 548.41216331720352 28197.418194711208 589.32570548355579 628.51892803609371 533.42601242661476
leaf_count=3529 3604 2231 3362 2261 4058 3257 14763 3419 3134 2203 5650 4305 5717 5768 3268 2385 3192 6918 2763 9440 20607 4246 8739 5252 98166 2197 112984 2361 2522 2137
internal_value=8.41244e-05 0.00206546 0.0033124 1.13529e-05 0.000500542 0.000622325 0.00127205 0.00471776 0.00101533 -0.000213148 0.00164442 0.00120975 0.00176761 0.000246974 0.00312326 5.52698e-05 0.00193729 -0.000277584 0.004128 -0.000671436 0.000113394 -0.000343564 -0.00184351 0.00168541 -0.000250774 -0.00067263 0.000126021 -0.0028262 -0.00345373 -0.00153784
internal_weight=88447.8 3123.76 2243.94 85324 29765.6 28754.5 13394.7 1689.83 12500.5 4235.64 8264.81 7482.15 6070.9 2866.9 3204 15359.8 2301.05 13058.8 1487.82 11332.4 6792.88 6197.2 4539.53 2128.6 55558.5 26208.2 29350.3 1152.85 1710.36 1081.84
internal_count=354438 12541 9012 341897 119269 115211 53664 6781 50060 16966 33094 29960 24310 11485 12825 61547 9212 52335 5955 45417 27238 24853 18179 8520 222628 105022 117606 4622 6856 4334
is_linear=0
shrinkage=0.03


Tree=77
num_leaves=31
num_cat=0
split_feature=1 36 19 43 33 43 35 32 23 43 43 24 32 5 34 26 16 18 3 5 3 20 37 43 17 19 28 33 16 11
split_gain=16.378 21.4783 18.2321 27.4994 14.4224 14.9002 13.1132 13.101 12.6018 14.7866 18.1912 21.7037 20.8672 17.0074 20.1617 16.4519 15.0624 14.7105 14.3821 16.7068 12.5384 13.7949 13.6944 12.624 11.4865 11.2839 11.8707 10.6843 10.5812 10.5098
threshold=-0.39903400838375086 -1.0000000180025095e-35 0.018525700084865097 0.76666668057441723 -0.27467967569828028 0.36666667461395269 -0.4765071421861648 0.027640147134661678 0.10696030780673028 0.76666668057441723 0.2333333417773247 2.597794890403748 -0.27189765870571131 -0.59059736132621754 0.57196146249771129 0.065352573990821852 0.58371514081954967 1.7431327700614931 -0.48328892886638636 1.6937664151191714 -1.2243157625198362 1.3766516447067263 0.31203500926494604 0.63333335518836986 0.32879586517810827 0.53236800432205211 -0.096007756888866411 0.071283541619777693 -0.21244215220212934 0.029817842878401283
decision_type=2 2 2 2 2 2 2 2 2 2 2 2 2 2 2 2 2 2 2 2 2 2 2 2 2 2 2 2 2 2
left_child=2 4 3 6 -2 -6 -1 24 -3 10 12 15 -10 -11 25 17 18 -12 -17 -20 21 -4 -22 -24 -7 27 -27 -15 -5 -9
right_child=1 8 20 28 5 7 -8 29 9 13 11 -13 -14 14 -16 16 -18 -19 19 -21 22 -23 23 -25 -26 26 -28 -29 -30 -31
leaf_value=-0.0038707832206338021 0.00051899891412094073 0.0022126655326047159 0.0066700274316298077 0.00029876394174929569 -0.0028331146097945337 -0.0031926098538522219 -0.00063453734539261665 0.0015160134542395371 0.0051234266449475575 -0.004404873800311614 0.00032130097042724247 0.0039209712464156983 -0.0010552345597455335 0.00034221497235382422 -0.0043419953277214355 -0.0018594070499294206 -0.0024823182745926063 -0.0025700340429553512 0.0043385121386469213 -0.0011871432538239014 0.00048763865718163966 0.0018352916473534117 0.0015183790640510442 0.0072220099170591905 0.0017119743531556655 -0.0015095490826803691 0.0019010191151988796 0.0058876318632548252 0.0046895270612673711 -0.0011637818647187229
leaf_weight=1330.5551813989878 3575.8288116455078 2327.415281817317 679.31130920350552 884.13773222267628 5468.1324952542782 2554.4392115175724 7108.8374013006687 2465.3022619783878 506.49926455318928 1240.7631466835737 13712.887460246682 1759.2346936315298 10407.127373680472 792.36012350022793 1090.8261760026217 535.5451133698225 572.79478578269482 1780.3173405230045 2867.4665238708258 589.62795020639896 12768.720257177949 2375.9433726966381 1040.894421800971 521.31825199723244 509.65183699131012 3468.6048599928617 1238.5713170617819 507.97496432065964 1113.501249819994 2805.1311296820641
leaf_count=5356 14345 9336 2722 3543 21904 10227 28502 9874 2031 4970 54904 7043 41695 3172 4381 2146 2297 7131 11482 2367 51155 9578 4169 2088 2040 13890 4960 2034 4470 11238
internal_value=-1.09541e-05 -0.000286925 0.000591758 -0.000399189 -0.00117781 -0.00161746 -0.00114874 -0.00081745 7.00147e-05 -5.19155e-05 0.000235477 0.000735579 -0.000764056 -0.00117888 -0.000609583 0.000454391 0.002035 -1.23845e-05 0.00268765 0.00339537 0.00118652 0.00292851 0.000813353 0.00345554 -0.00237391 7.42265e-05 -0.000610019 0.00253693 0.00275738 9.02185e-05
internal_weight=88599.7 60776.5 27823.2 10437 17378.5 13802.7 8439.39 8334.52 43398 41070.6 32731.5 21817.9 10913.6 8339.1 7098.34 20058.6 4565.43 15493.2 3992.64 3457.09 17386.2 3055.25 14330.9 1562.21 3064.09 6007.51 4707.18 1300.34 1997.64 5270.43
internal_count=355050 243467 111583 41871 69628 55283 33858 33379 173839 164503 131096 87370 43726 33407 28437 80327 18292 62035 15995 13849 69712 12300 57412 6257 12267 24056 18850 5206 8013 21112
is_linear=0
shrinkage=0.03


Tree=78
num_leaves=31
num_cat=0
split_feature=10 19 21 43 21 4 12 24 26 33 21 29 11 11 41 22 18 24 23 26 11 18 10 26 14 3 0 7 6 41
split_gain=13.0932 14.5505 17.18 15.3814 15.8316 18.4337 16.3353 16.1944 14.955 14.3126 17.1044 12.2569 12.9602 12.6965 12.0583 11.4074 10.6223 11.6779 10.404 10.3965 14.057 12.1608 10.2437 15.404 10.9441 9.87707 9.82612 9.78288 9.24162 12.2762
threshold=-1.8362529277801511 1.0000000180025095e-35 0.10148422047495843 0.90000000596046459 0.61680877208709728 -0.45748817920684809 -7.62654685974121 1.734877407550812 -1.1698626875877378 -0.49435906112194056 0.49572075903415685 0.76611733436584484 -0.077520988881587968 1.826401472091675 0.6078576147556306 1.5463002324104311 0.66690641641616832 2.6938493251800542 0.28921540081501013 0.51581060886383068 0.5334019958972932 1.5946095585823061 -0.2514216005802154 -0.573808193206787 -7.9056384563446036 0.018587629310786728 1.143165171146393 -0.25232206284999842 1.2821540832519533 -1.0000000180025095e-35
decision_type=2 2 2 2 2 2 2 2 2 2 2 2 2 2 2 2 2 2 2 2 2 2 2 2 2 2 2 2 2 2
left_child=9 3 14 4 5 6 8 -7 15 -1 -11 16 -13 26 -3 18 17 22 -2 21 -21 28 23 24 -4 -26 27 -14 -18 -30
right_child=1 2 11 -5 -6 7 -8 -9 -10 10 -12 12 13 -15 -16 -17 19 -19 -20 20 -22 -23 -24 -25 25 -27 -28 -29 29 -31
leaf_value=0.0066215389243254163 0.00070252426628913348 0.0022357332118356503 0.0055991189131889187 0.0031271708994559627 0.0024754242064512822 -0.0019229728166900875 0.0017271396166541669 -0.0061242685302306142 -0.0036128943875386728 -0.0019500276792931734 0.0035784468057491613 0.00029240774081619973 0.00037336331833508213 0.0020620189373376438 -0.00040435062190417853 0.003482223484138311 0.00011261870995613805 0.0053666606153755974 -0.0039641811914142931 6.3794306634717759e-05 0.0027093346830651174 -0.0013009417642257004 3.9931320519514766e-05 -0.0022852503008021726 0.0043889361152354674 -0.00046155529514422091 0.00033473491073346509 -0.0041555602979221539 -0.0047065243160875079 0.00010866471140697257
leaf_weight=503.12164832651615 1005.7083547860384 5325.0733346939087 993.17351323366165 735.14750050008297 891.54970361292362 2461.0731840878725 1801.4085237532854 1244.4663728922606 1938.2375846654177 936.32940512895584 1068.2116373628378 3247.0874242931604 504.90755668282509 551.27026635408401 2194.8321041166782 598.99117760360241 30843.383826807141 514.55359461903572 737.80890667438507 5845.1644254922867 2607.2279415875673 8257.6119638234377 6027.4248634129763 565.8658417314291 636.84503887593746 904.45219013094902 749.97236444056034 2796.8414621502161 846.27957028150558 1073.4524838328362
leaf_count=2025 4032 21383 3977 2948 3570 9856 7246 4983 7784 3748 4278 13015 2021 2211 8812 2402 123507 2060 2954 23443 10448 33089 24135 2266 2550 3622 3011 11214 3396 4304
internal_value=1.66402e-05 -4.58542e-05 0.000107036 -0.00104277 -0.00133248 -0.00168151 -0.000663225 -0.00334662 -0.00167081 0.00214906 0.000999212 -4.57265e-05 -0.00115872 -0.0021808 0.00146566 -5.53651e-05 0.000102241 0.0010126 -0.00128364 -7.53572e-05 0.000882076 -0.000272805 0.00076155 0.00215982 0.00315735 0.00155798 -0.00276173 -0.00346396 -1.33554e-05 -0.00202741
internal_weight=88407.5 85899.8 74485.4 11414.4 10679.2 9787.69 6082.15 3705.54 4280.75 2507.66 2004.54 66965.5 7850.08 4602.99 7519.91 2342.51 59115.4 9642.32 1743.52 49473.1 8452.39 41020.7 9127.76 3100.34 2534.47 1541.3 4051.72 3301.75 32763.1 1919.73
internal_count=354290 344239 298464 45775 42827 39257 24418 14839 17172 10051 8026 268269 31472 18457 30195 9388 236797 38610 6986 198187 33891 164296 36550 12415 10149 6172 16246 13235 131207 7700
is_linear=0
shrinkage=0.03


Tree=79
num_leaves=31
num_cat=0
split_feature=34 30 19 19 38 39 15 25 15 15 31 22 13 29 10 10 20 39 43 43 19 43 4 11 29 21 40 29 34 5
split_gain=8.94892 16.6305 12.4374 17.3976 13.2695 12.8311 17.2699 11.9687 13.1835 13.416 11.9762 11.8092 11.5063 11.2172 10.5274 11.2447 15.6397 10.2745 9.95345 9.79663 22.1911 14.192 28.0291 18.1592 18.048 17.5762 14.4061 14.1611 13.5915 13.3985
threshold=-0.55875554680824269 0.57910713553428661 0.0070381811819970616 0.15004363656044009 1.0000000180025095e-35 0.20790971815586093 -7.7282886505126944 0.13514501601457599 -7.2433135509490958 -7.3912627696990958 -0.29457615315914149 1.2022126913070681 -7.3424241542816153 -0.22656847536563871 0.67116749286651622 -0.40431725978851313 1.1411429643630984 -0.85715913772582997 0.76666668057441723 0.90000000596046459 0.8462129831314088 0.36666667461395269 0.026995460502803329 1.7846934795379641 0.79901084303855907 0.37910413742065435 0.93968367576599132 -0.77607199549674977 -0.16396936029195783 0.74165838956832897
decision_type=2 2 2 2 2 2 2 2 2 2 2 2 2 2 2 2 2 2 2 2 2 2 2 2 2 2 2 2 2 2
left_child=1 7 4 11 5 13 -7 8 9 10 -1 12 -4 -2 15 -15 -17 -3 -13 21 28 25 24 29 26 -5 -23 -27 -21 -24
right_child=2 17 3 19 -6 6 -8 -9 -10 -11 -12 18 -14 14 -16 16 -18 -19 -20 20 -22 22 23 -25 -26 27 -28 -29 -30 -31
leaf_value=-0.00041701134098232219 -0.0019530193391545545 0.0021782072151138622 0.00063646949633971159 0.00081759398305651947 0.0034708982626934139 -0.0050762526803169233 -0.0011952894443036273 0.0038674142942227768 -0.00237096747226431 0.0060962204165168881 0.0040212741958679729 0.0013705279243436835 -0.0038994184517058736 -0.00086340896945934101 -0.0023615309622509115 0.00014883416761154414 0.006588004227549937 -0.0026981012915762628 0.0043793200760131124 0.0036860141903783472 -0.0043487008143597416 -0.00017306697130361321 0.0014354835764265835 0.0039877180267632803 -0.0061881775077869041 -0.0046625772077277501 -0.0034936280631253478 -0.00087483630089674029 -0.0011954633990040641 -0.00019331568104321201
leaf_weight=1863.438583523035 2115.5491600036621 519.20892065763474 2416.7996218800545 5855.4242248237133 528.43535868823528 1551.1894373297691 3070.4830958992243 1694.551612585783 876.51841688156128 526.0862895399332 763.72032196819782 4954.5724464803934 625.11391289532185 803.2917328029871 659.66115349531174 633.98017120361328 721.96762137115002 1468.6796221137047 1232.5945113152266 701.05729147791862 1589.7222860753536 10648.34681302309 10834.205551981926 1695.6211086511612 521.97719249129295 925.96775713562965 1312.0360688567162 17757.244766190648 1836.2976793497801 7821.5864627361298
leaf_count=7507 8481 2089 9679 23451 2116 6212 12300 6826 3538 2123 3074 19851 2504 3217 2642 2538 2892 5914 4938 2808 6372 42633 43380 6791 2090 3707 5254 71140 7357 31342
internal_value=-3.66576e-05 0.000939058 -0.000129877 1.07146e-05 -0.00111496 -0.00137191 -0.00250602 0.00175932 0.000865469 0.00176976 0.000883563 0.00122456 -0.000305379 -0.000306771 0.000931253 0.00194347 0.00360047 -0.00141995 0.00197603 -0.000171614 -0.00158153 -6.99335e-05 0.000337932 0.0010242 -0.0007809 -0.000615591 -0.000539942 -0.00106496 0.000162437 0.000752859
internal_weight=88525.3 7712.2 80813.1 70728.6 10084.6 9556.12 4621.67 5724.32 4029.76 3153.25 2627.16 9229.08 3041.91 4934.45 2818.9 2159.24 1355.95 1987.89 6187.17 61499.5 4127.08 57372.4 32833.8 20351.4 12482.4 24538.6 11960.4 18683.2 2537.35 18655.8
internal_count=354766 31071 323695 283297 40398 38282 18512 23068 16242 12704 10581 36972 12183 19770 11289 8647 5430 8003 24789 246325 16537 229788 131490 81513 49977 98298 47887 74847 10165 74722
is_linear=0
shrinkage=0.03


Tree=80
num_leaves=31
num_cat=0
split_feature=11 4 33 0 28 6 21 3 13 24 20 23 10 9 30 13 13 0 4 31 20 26 22 31 29 13 17 0 32 37
split_gain=13.2503 16.4763 16.3368 14.288 13.8909 17.733 14.475 21.7488 18.7725 17.0966 13.7137 17.7267 13.7608 13.45 12.5107 15.1833 12.3386 11.9566 11.1587 11.683 11.1259 10.91 12.8449 10.6335 10.4771 10.998 9.98954 9.96074 12.5467 13.2544
threshold=1.1309275031089785 0.2222145348787308 0.75713190436363231 -0.7045738399028777 -1.6426061391830442 -0.88651317358016957 0.99981877207756054 0.94725859165191661 -8.62701368331909 1.0307174921035769 1.0262697339057925 0.96300384402275097 0.70877879858016979 1.3526554703712466 -0.53819739818572987 -7.5597310066223136 -6.5756282806396475 -0.7901480197906493 0.55992206931114208 0.30375814437866216 1.9866173267364504 -0.33939477801322931 1.37519246339798 -0.01805213280022144 0.50932174921035778 -7.9429004192352286 1.0000000180025095e-35 -0.26632745563983912 0.59922119975090038 0.53333449363708507
decision_type=2 2 2 2 2 2 2 2 2 2 2 2 2 2 2 2 2 2 2 2 2 2 2 2 2 2 2 2 2 2
left_child=4 3 20 23 5 -1 7 10 -8 -9 12 14 16 -14 15 -12 -6 -11 -10 -20 21 -3 -23 -2 -16 -26 -17 -7 29 -29
right_child=1 2 -4 -5 6 27 8 9 18 17 11 -13 13 -15 24 26 -18 -19 19 -21 -22 22 -24 -25 25 -27 -28 28 -30 -31
leaf_value=0.0038044541027905682 -0.0017523672630277681 -0.00022945244732945801 -0.0032689561105390787 -0.00096240651512467573 -5.4941256656486009e-05 -0.00054521694510098104 0.0066784723514817807 0.0020569145915636743 0.0040758461576577915 0.0018945008576651721 -0.0011215693676034054 -0.00443426978805086 -0.0040852640309114539 0.0013909669350150456 0.0011783270042763116 0.002929860602649366 -0.0041464230657847533 -0.0028761103294272154 -0.0012255337995305845 0.0024926551930380611 0.0051517751928182361 0.0065462542804367845 0.00019280717282042241 -0.0060701049654816094 0.0023227002911272061 -0.0012767147461995663 -0.0017296839983468055 0.0017041245466247914 -0.002466560525847717 -0.002718860080470847
leaf_weight=1730.8398111313581 1082.8553702235222 3865.7904048860073 951.21049012243748 6358.1554011851549 10172.551580443978 4673.1785469949245 556.96526820957661 877.55097389221191 770.55927436053753 514.8290548324585 7075.4920474588871 664.79399245977402 1797.6291753798723 514.22689473628998 18137.691156536341 1613.8214604556561 699.65467217564583 5039.9578954726458 2143.3990793526173 1165.8796825259924 508.69336572289467 517.0581476688385 628.54861311614513 986.29910743236542 978.19166447222233 3360.739516839385 548.36366526782513 9171.831508949399 803.99776068329811 644.32137063145638
leaf_count=6945 4347 15483 3821 25471 40727 18713 2231 3516 3086 2064 28364 2668 7198 2059 72773 6472 2801 20203 8586 4678 2038 2070 2518 3953 3918 13462 2199 36723 3222 2580
internal_value=1.89574e-05 -0.000796679 0.000341614 -0.00167014 0.000184023 0.000935167 -4.19026e-05 -0.000185237 0.00156234 -0.00181678 4.54428e-05 0.000377547 -0.000769849 -0.00286644 0.000479778 -0.000449312 -0.000321807 -0.00243135 0.000849285 8.79707e-05 0.000968566 0.000534525 0.00309221 -0.00382979 0.000861655 -0.000461769 0.00174561 0.000608159 0.00111571 0.00141133
internal_weight=88555.1 14898.6 6471.3 8427.31 73656.5 17024.2 56632.3 51995.5 4636.8 6432.34 45563.2 32379.1 13184.1 2311.86 31714.3 9237.68 10872.2 5554.79 4079.84 3309.28 5520.09 5011.4 1145.61 2069.15 22476.6 4338.93 2162.19 15293.3 10620.2 9816.15
internal_count=354889 59701 25930 33771 295188 68183 227005 208424 18581 25783 182641 129856 52785 9257 127188 37035 43528 22267 16350 13264 22109 20071 4588 8300 90153 17380 8671 61238 42525 39303
is_linear=0
shrinkage=0.03


Tree=81
num_leaves=31
num_cat=0
split_feature=6 39 21 4 15 27 24 27 12 11 27 13 7 11 18 28 18 4 34 15 40 12 4 13 29 24 11 40 13 34
split_gain=14.1133 15.2194 13.2798 20.4471 13.4804 12.3566 10.6886 10.5838 14.0284 16.6125 15.5612 14.6199 13.4752 13.4015 12.9089 17.7374 11.25 17.6616 15.9478 10.823 14.0865 12.081 11.5792 10.8154 10.455 10.1881 10.1343 9.81189 10.7424 10.3894
threshold=-1.1448857784271238 -0.97028648853301991 0.99981877207756054 1.0154938697814944 -7.6159796714782706 -0.92936399579048146 2.0022366046905522 0.80733379721641552 -8.5155076980590803 1.2130681872367861 0.036461560055613525 -8.1441593170165998 0.47478832304477697 -0.61925536394119252 0.63618385791778576 -1.5812269449234007 0.50160470604896557 -0.32759138941764826 0.26224473118782049 -6.8237962722778311 -0.99451243877410878 -6.8291471004486075 -0.18779369443655011 -8.3993005752563459 0.013904189690947534 1.1017646193504336 0.010706816334277393 0.52991423010826122 -7.7463607788085929 -0.5482579469680785
decision_type=2 2 2 2 2 2 2 2 2 2 2 2 2 2 2 2 2 2 2 2 2 2 2 2 2 2 2 2 2 2
left_child=5 -2 7 25 -5 6 -1 8 9 10 11 12 14 -12 -3 -16 17 -10 24 20 22 23 -18 -22 -19 -4 -17 29 -29 -7
right_child=1 2 3 4 -6 27 -8 -9 16 -11 13 -13 -14 -15 15 26 19 18 -20 -21 21 -23 -24 -25 -26 -27 -28 28 -30 -31
leaf_value=0.0040539835107239698 0.0012328175000327912 -0.0067917831996727332 -0.00071425091582794694 0.0012141921495102367 -0.0025617846377521672 0.00098183366471027065 -0.00078038892898220455 -0.0012945188422489094 0.0054110022699945205 -0.0048248575158982695 0.0052828381897053172 0.0028033413013319464 0.00055586234970493196 -0.00022644985927333295 0.0012788277495056014 -0.0074018669977644275 0.0053847070233890302 -0.0005974800363259615 -0.0042091417794377283 0.0014241088664734597 0.0019422537063433643 0.0016507697067035143 4.8124303678692255e-05 -0.00067146136693714586 0.0042384180752126658 0.0032926215488072392 -0.001607072100549962 -0.00030120775086104858 0.0040447256763052166 -0.0018408901574193466
leaf_weight=1786.1332684904337 6261.4712666273117 820.6023707985878 706.95655085146427 1639.7696092575788 1748.9121775329113 2486.2413586378098 530.22522819042206 10857.304602220654 822.44380627572536 1132.8515953272581 541.30775286257267 505.07186704874039 901.64578577876091 1420.5333206504583 750.28319729864597 573.95972090959549 678.83607029914856 824.52461966872215 529.49110667407513 3392.3092194348574 1473.2418539077044 2331.9979536533356 780.99056394398212 36488.262422442436 771.84931240975857 2894.5324379056692 520.94486510753632 912.80175538361073 1151.7278085649014 2205.2448697686195
leaf_count=7219 25077 3285 2831 6571 7014 10019 2138 43505 3293 4538 2167 2022 3610 5687 3004 2298 2720 3301 2122 13588 5901 9342 3128 146151 3090 11593 2086 3668 4635 8842
internal_value=-5.7348e-05 -0.000185516 -0.000307143 0.000935495 -0.000736408 0.0010629 0.00294878 -0.000438638 -0.000270277 -0.00150749 -0.000877756 -0.00193361 -0.00261022 0.00131275 -0.00367916 -0.00226575 -8.56267e-05 0.00170663 0.000254884 -0.000203025 -0.000335533 -0.000440662 0.00254945 -0.000569541 0.00175251 0.00250629 -0.00468426 0.000412915 0.00213104 -0.000346088
internal_weight=88442.5 79370.1 73108.6 6990.17 3388.68 9072.37 2316.36 66118.5 55261.1 7167.2 6034.35 4072.51 3567.44 1961.84 2665.79 1845.19 48093.9 2948.31 2125.87 45145.6 41753.3 40293.5 1459.83 37961.5 1596.37 3601.49 1094.9 6756.02 2064.53 4691.49
internal_count=354445 317924 292847 28009 13585 36521 9357 264838 221333 28697 24159 16305 14283 7854 10673 7388 192636 11806 8513 180830 167242 161394 5848 152052 6391 14424 4384 27164 8303 18861
is_linear=0
shrinkage=0.03


Tree=82
num_leaves=31
num_cat=0
split_feature=27 43 17 7 43 19 4 26 19 1 12 19 1 7 18 26 11 22 36 23 28 39 7 8 24 41 33 19 19 42
split_gain=14.2219 12.091 15.8698 14.8831 12.9612 11.5256 11.517 11.2091 13.0125 11.4058 11.0964 18.295 15.1853 13.2652 16.8955 14.428 17.4695 12.9656 14.0357 11.5746 17.2146 14.8941 14.5897 10.9043 10.4472 10.4449 10.2841 9.77168 9.686 9.6717
threshold=0.78478735685348522 0.36666667461395269 -0.63750183582305897 -0.86872979998588551 0.76666668057441723 0.98438975214958202 -0.40646645426750178 -2.3909702301025386 0.8750378191471101 1.7032693028450014 -8.4089016914367658 0.61448532342910778 -0.39903400838375086 0.47478832304477697 1.4490256905555727 0.98407775163650524 -0.83049294352531422 1.2357598543167116 0.26685607433319097 0.12711260467767718 -1.4490739107131956 1.0000000180025095e-35 1.0000000180025095e-35 -0.36999095976352686 1.2648571729660036 -0.60785761475563038 0.1536722928285599 0.80777272582054149 0.024394487030804161 -0.56174489110708226
decision_type=2 2 2 2 2 2 2 2 2 2 2 2 2 2 2 2 2 2 2 2 2 2 2 2 2 2 2 2 2 2
left_child=10 3 4 -2 -3 26 -4 -8 27 24 11 19 17 14 -14 16 -15 -12 28 20 -1 -22 -21 -13 -10 -7 -5 -9 -19 -28
right_child=1 2 6 5 -6 25 7 8 9 -11 12 23 13 15 -16 -17 -18 18 -20 22 21 -23 -24 -25 -26 -27 29 -29 -30 -31
leaf_value=0.0038906292816133659 0.0027963911350972681 0.0044961867215467287 -0.003960578047717764 -0.0010845368299592746 -0.0010947617279801812 -0.0035175490863660033 -0.0030663794339635215 -0.00040705921578009874 -0.00031364366073026283 -0.0020366516850636855 -4.6576175482121316e-05 -0.0015016439994256663 0.00084943919199987261 0.0015917695785005535 -0.00094486381165384851 0.0022924406042070761 -0.0016940477732633303 0.00095140569598954367 -0.00074735715072713469 -0.0040818203218910042 0.0024903798016699032 -0.0038980788747193019 -0.00091081752749483369 0.0018585790364133194 0.0034393811684261034 0.00092380890481231516 -0.001293673891533637 -0.0047416148844029171 0.0026252309640633692 -0.005407472632996917
leaf_weight=781.10408173501492 595.87781286239624 1093.1258554756641 816.11287628114223 1468.5333621799946 558.92231993377209 670.99335490167141 1073.2329809069633 2429.1392677128315 991.93317873775959 694.11474724113941 6805.2857205420732 1185.57889328897 19688.620791524649 1736.0589651614428 6203.5537880808115 1211.7215017676353 8808.4012812376022 5465.0678885430098 2078.9888820946217 2241.436617448926 501.7534347474575 911.99973826110363 3127.6225493550301 3184.1843719631433 2021.4568493515253 1578.4218834191561 726.07718579471111 570.50040031969547 7267.5421126633883 1820.2256651371717
leaf_count=3130 2387 4378 3269 5879 2240 2690 4298 9731 3974 2786 27262 4747 78847 6954 24868 4855 35303 21951 8338 8974 2014 3657 12524 12750 8099 6326 2913 2287 29177 7301
internal_value=4.91514e-05 -0.000727253 -7.43944e-05 -0.00170105 0.00260945 -0.00213264 -0.0005926 -0.000234689 0.000222309 0.00140919 0.000235793 -0.000598486 0.000403856 3.99134e-05 0.00041934 -0.000795394 -0.00115207 0.00103739 0.00153513 -0.00149057 0.000343934 -0.00162919 -0.00223975 0.000945556 0.00220703 -0.000410739 -0.00309396 -0.00124446 0.00190811 -0.00424407
internal_weight=88307.6 17108.7 10248.5 6860.13 1652.05 6264.25 8596.49 7780.38 6707.14 3707.5 71198.9 11933.7 59265.2 37648.4 25892.2 11756.2 10544.5 21616.9 14811.6 7563.92 2194.86 1413.75 5369.06 4369.76 3013.39 2249.42 4014.84 2999.64 12732.6 2546.3
internal_count=353909 68558 41062 27496 6618 25109 34444 31175 26877 14859 285351 47796 237555 150827 103715 47112 42257 86728 59466 30299 8801 5671 21498 17497 12073 9016 16093 12018 51128 10214
is_linear=0
shrinkage=0.03


Tree=83
num_leaves=31
num_cat=0
split_feature=33 31 43 19 17 43 21 21 5 0 25 26 40 22 4 14 21 43 19 1 11 25 22 14 3 40 25 43 40 3
split_gain=15.0016 15.173 13.3641 34.3369 20.0185 18.0917 43.4369 22.5476 18.3174 15.6066 14.8992 13.4801 17.2637 18.2371 18.4381 13.306 14.0142 13.1676 19.4797 15.573 13.0944 12.4735 20.6475 13.4839 11.9024 11.6682 11.6079 11.2156 13.9396 11.1184
threshold=-0.47687573730945582 0.41458210349082952 0.90000000596046459 0.65121570229530346 0.11014682054519655 0.36666667461395269 0.57158392667770397 0.56721815466880809 2.2379794120788579 -0.15963822603225705 0.1699609383940697 0.13561765849590304 -0.87461137771606434 1.2393710017204287 0.84539601206779491 -6.9695966243743888 0.70922642946243297 0.70000001788139354 0.1212907023727894 0.8662734627723695 0.54502055048942577 0.82024264335632335 1.6273013949394228 -6.9695966243743888 0.3619497418403626 0.79862791299819957 0.57546699047088634 0.43333333730697637 -0.529914230108261 -0.43156656622886652
decision_type=2 2 2 2 2 2 2 2 2 2 2 2 2 2 2 2 2 2 2 2 2 2 2 2 2 2 2 2 2 2
left_child=1 -1 5 20 24 7 17 9 11 -2 -9 12 13 -8 26 16 -13 18 25 -19 29 22 -12 -23 -5 -7 -15 -14 -29 -4
right_child=2 -3 3 4 -6 6 8 10 -10 -11 21 15 27 14 -16 -17 -18 19 -20 -21 -22 23 -24 -25 -26 -27 -28 28 -30 -31
leaf_value=0.00074391607898775716 -0.00078372117386331949 0.0055997158899614343 0.0047876412611276712 -0.0020348528135789076 0.00067508963925283255 -0.0025562985913199364 0.0018792622951919866 0.0031049360786261381 -0.0034218412885572819 0.0011753309806081611 -0.0013667138860741076 4.0052605241054678e-05 -0.00080257340875890737 -0.0040018259559668921 -0.0076081560568523167 -0.00072936099126114594 0.0045927571047203177 -0.0012697489071946822 0.00079978655615591616 -0.006413406442906059 -0.0023427385408924259 -0.00084247326722179162 -0.0044189605296435178 0.0042112754356268284 -0.0073468331249311155 0.0013535614043515948 0.0023185445743820554 0.004061862841946662 0.0013380640956880054 0.00011464919637633119
leaf_weight=10964.188782215118 6895.4611303508282 601.89195667207241 777.521878272295 551.86022587120533 565.74044780433178 3259.3731391578913 1048.9503330290318 635.26456885039806 708.5189216285944 7777.3594841212034 8081.0401989966631 767.35783560574055 1694.1986729949713 508.11963425576687 546.33688154816628 746.6115531027317 2933.0151741057634 6648.1844298988581 7993.1404110491276 566.80244544148445 883.23392128944397 4392.4503553658724 2645.8219535052776 522.6816191971302 1279.5854788869619 862.84330789744854 518.74324540793896 2030.5706030875444 10011.498110175133 1097.1561869233847
leaf_count=44149 27610 2418 3113 2211 2267 13048 4199 2543 2846 31137 32356 3072 6784 2034 2189 2990 11752 26616 31998 2269 3538 17628 10600 2095 5132 3455 2078 8131 40098 4394
internal_value=-5.65991e-06 0.00100123 -0.000157113 -0.00163101 -0.00424936 -5.10699e-05 0.00036345 -0.000598045 0.00129053 0.000254772 -0.00136648 0.00145257 0.00105325 -0.00117401 -0.00320882 0.00291584 0.0036513 -0.000668485 -6.39357e-05 -0.00168215 0.000652005 -0.00154995 -0.00212298 -0.000297592 -0.00576594 -0.00173661 -0.000817379 0.00147896 0.00180035 0.00206789
internal_weight=88515.5 11566.1 76949.4 5155.1 2397.19 71794.3 40844.3 30950.1 21513.9 14672.8 16277.3 20805.4 16358.4 2622.15 1573.2 4446.98 3700.37 19330.3 12115.4 7214.99 2757.91 15642 10726.9 4915.13 1831.45 4122.22 1026.86 13736.3 12042.1 1874.68
internal_count=354750 46567 308183 20655 9610 287528 163559 123969 86173 58747 65222 83327 65513 10500 6301 17814 14824 77386 48501 28885 11045 62679 42956 19723 7343 16503 4112 55013 48229 7507
is_linear=0
shrinkage=0.03


Tree=84
num_leaves=31
num_cat=0
split_feature=34 8 43 16 43 19 5 14 14 15 3 8 43 19 21 12 31 15 40 5 20 43 4 37 21 40 17 30 22 37
split_gain=9.64049 16.6513 24.5008 13.7811 12.7349 22.4428 17.2654 12.5677 11.8689 13.7411 15.8301 14.4637 11.1866 18.7358 12.8829 12.8216 13.8483 12.0071 17.1762 10.8625 11.4366 10.657 10.5362 20.0123 10.4061 9.81471 9.35915 16.1398 14.0275 10.5626
threshold=-0.46650595963001246 -0.9167237877845763 0.10000000521540643 0.27798940241336828 0.76666668057441723 0.4545977264642716 0.025968400761485103 -7.3977851867675772 -7.8092365264892569 -8.3966774940490705 0.018587629310786728 0.39536221325397497 0.10000000521540643 0.66109192371368419 0.19621393829584124 -9.0741438865661603 -0.36514140665531153 -8.0080900192260724 -0.45398618280887598 -0.44129733741283411 1.3656886816024782 0.83333334326744091 0.87351599335670482 0.050011944025754936 0.99497935175895702 0.90629914402961742 -0.65212833881378163 -1.9376600384712217 1.5799562931060793 -0.029114156030118462
decision_type=2 2 2 2 2 2 2 2 2 2 2 2 2 2 2 2 2 2 2 2 2 2 2 2 2 2 2 2 2 2
left_child=1 2 -1 -3 8 6 -6 -8 9 10 -2 -12 14 17 -11 -15 -17 18 -14 20 -7 25 23 -21 -25 -4 28 -28 29 -10
right_child=4 3 21 -5 5 19 7 -9 26 12 11 -13 13 15 -16 16 -18 -19 -20 22 -22 -23 -24 24 -26 -27 27 -29 -30 -31
leaf_value=0.0042707181389860715 -0.00095596695752294661 0.001207644133466401 -0.0018775529713014811 0.0052169550719559773 -0.00088608061501046131 -0.0010060551673237521 0.0037664170126935678 -0.0007613831919958923 0.00072188268345063189 0.0011230877977132694 0.0066969445329115689 0.00024741295731425475 -0.006639727193518621 0.0051099487526599218 -0.003299358414930004 -0.0023669932114487968 0.00089569669679629934 -0.00077171289934379597 -0.0013853058619975351 -0.0032743793948624617 -0.0068187307665736061 0.0020003052538725571 -0.0030738884392184315 -5.7460765545795493e-05 0.0045874625545891433 0.0020677443249130655 -0.0034866422620975211 0.00025686234799836223 -0.0016312693807426825 0.0048910127733202084
leaf_weight=959.46028162539005 1171.9389085620642 3024.5484571903944 4600.8405799716711 1030.2680700719357 4052.3283671736717 505.29688489437103 1671.7901995480061 816.7194794267416 969.8233584612608 747.22457821667194 704.42561666667461 558.28763984143734 845.44793727993965 513.40150444209576 2782.0772942006588 1450.0785347372293 5901.2232266366482 7128.0471037775278 1641.8518548607826 1763.7573301196098 772.58598698675632 980.58919431269169 2663.3927335441113 2612.5669657289982 510.51905891299248 638.76168328523636 1058.901532754302 34234.316268667579 753.12611389160156 1256.1778026521206
leaf_count=3864 4692 12173 18501 4158 16231 2023 6695 3270 3884 2994 2821 2236 3385 2056 11155 5805 23636 28545 6575 7064 3093 3945 10684 10464 2045 2570 4241 137121 3019 5030
internal_value=-0.000118255 0.000702375 -0.000166051 0.00223668 -0.00023793 -0.00101033 0.000321382 0.00228331 -4.54502e-05 -0.000576875 0.00155244 0.00386974 -0.00082425 -0.000512495 -0.00236251 0.000573129 0.000249775 -0.00140013 -0.00319075 -0.00199626 -0.00454596 -0.000856176 -0.00155928 -0.000729202 0.000714046 -0.00139356 0.000280143 0.00014359 0.00189197 0.00308596
internal_weight=88319.8 11234.5 7179.65 4054.82 77085.3 15369 6540.84 2488.51 61716.3 23444 2434.65 1262.71 21009.4 17480.1 3529.3 7864.7 7351.3 9615.35 2487.3 8828.12 1277.88 6220.19 7550.24 4886.84 3123.09 5239.6 38272.3 35293.2 2979.13 2226
internal_count=353975 45211 28880 16331 308764 61569 26196 9965 247195 93900 9749 5057 84151 70002 14149 31497 29441 38505 9960 35373 5116 25016 30257 19573 12509 21071 153295 141362 11933 8914
is_linear=0
shrinkage=0.03


Tree=85
num_leaves=31
num_cat=0
split_feature=23 43 15 16 15 9 10 43 19 22 7 15 11 2 4 14 7 10 16 29 39 11 4 17 0 16 29 29 1 31
split_gain=15.4525 16.6202 11.2505 11.0618 10.7709 14.3705 9.4231 12.991 18.4115 21.2923 15.3438 14.7789 16.8802 13.2044 12.9682 12.8748 12.6167 12.5112 11.8389 14.2445 11.0305 10.8514 12.0228 10.7185 13.1981 10.4931 10.3829 10.2955 12.4204 10.2738
threshold=0.10696030780673028 0.10000000521540643 -7.4728562831878653 0.93633273243904125 -7.0235638618469229 0.24277456104755404 -0.2514216005802154 0.76666668057441723 0.68054500222206127 1.0616379380226137 0.28965076804161077 -8.1757812499999982 -0.880253106355667 0.45216694474220281 -0.69294798374176014 -7.5730402469635001 -0.28885978460311884 -0.43378029763698572 -0.45228639245033259 0.3005101084709168 -0.15643297880887982 0.65702641010284435 1.1459797620773318 0.36759799718856817 0.080948360264301314 -0.23162788152694699 -0.0071228926535695783 0.25612591207027441 -0.31998883187770838 -0.41669070720672602
decision_type=2 2 2 2 2 2 2 2 2 2 2 2 2 2 2 2 2 2 2 2 2 2 2 2 2 2 2 2 2 2
left_child=1 -1 -3 6 5 -4 7 8 10 -10 23 -11 -13 -14 -12 -8 -17 -16 19 20 -18 22 -15 24 25 -2 -25 28 -9 -26
right_child=3 2 4 -5 -6 -7 15 27 9 11 14 12 13 21 17 16 18 -19 -20 -21 -22 -23 -24 26 29 -27 -28 -29 -30 -31
leaf_value=0.0040661406646477771 -0.00067031414141685943 -0.00029491408845912578 0.0015279113142831315 0.0038671303910036295 -0.00087816011501728021 0.0064364950563306515 -0.00087102757929254635 0.00066671432406042118 0.0047567341954453382 0.0052784195138882951 0.0047246833822546658 0.0028847211883977599 0.001801573435648634 -0.0012181854869281637 -0.00050884104076042488 0.0013945133779358877 0.0042690737141708951 0.0039691641412303823 -0.0007677705129075968 -0.0011732590625770025 0.00025349643942278633 0.0018192019554171086 -0.0060271007225989864 0.0040517296888404513 0.0041785144558398506 -0.0033827800725463927 -0.0013086757633510885 0.00067757450735816938 -0.0031983676593941115 -0.0005956656565668624
leaf_weight=1413.6630269289017 2349.0509441792965 5452.8934752941132 2216.0358916968107 597.27761217951775 994.7358490973711 702.71151420474052 27879.968875482678 1070.094768807292 1562.5954028517008 637.499053388834 803.8769666403532 2006.1704948991537 1733.4683140963316 2237.3153830319643 2521.8434584885836 5180.0758242309093 1389.426352456212 711.75727914273739 12242.962014332414 1522.7665429264307 1101.650043964386 745.30034093558788 584.36558222770691 700.66639392077923 543.1087476760149 2835.9989345818758 592.62665739655495 1969.0983248949051 2454.9350932836533 1514.6981926262379
leaf_count=5695 9406 21915 8927 2398 4008 2821 111691 4288 6256 2554 3219 8036 6943 8960 10096 20746 5562 2850 49050 6099 4411 2986 2343 2810 2178 11364 2373 7888 9833 6067
internal_value=-1.78881e-05 0.00104578 0.000586063 -0.000165978 0.0018112 0.00272763 -0.000197806 0.000246281 0.000571118 0.00156665 -0.000182234 0.000933974 0.000548227 -0.00033988 0.00133954 -0.000446107 0.000106677 0.000486024 -0.000304285 0.00110783 0.00250134 -0.0013827 -0.00223187 -0.000902739 -0.00135198 -0.00215757 0.00160423 -0.00105787 -0.00202648 0.000678478
internal_weight=88268.6 10780 9366.38 77488.6 3913.48 2918.75 76891.3 27574.5 22080.3 9506.71 12573.6 7944.12 7306.62 5300.45 4037.48 49316.8 21436.9 3233.6 16256.8 4013.84 2491.08 3566.98 2821.68 8536.15 7242.86 5185.05 1293.29 5494.13 3525.03 2057.81
internal_count=353773 43366 37671 310407 15756 11748 308009 110450 88441 38078 50363 31822 29268 21232 16165 197559 85868 12946 65122 16072 9973 14289 11303 34198 29015 20770 5183 22009 14121 8245
is_linear=0
shrinkage=0.03


Tree=86
num_leaves=31
num_cat=0
split_feature=23 43 21 40 40 21 12 43 12 43 1 1 2 36 43 11 23 40 43 28 26 22 17 12 42 16 6 0 21 2
split_gain=23.9481 13.9639 13.6435 15.3533 11.9787 13.9136 25.8055 25.7864 20.076 20.3084 19.6752 18.3941 17.1468 15.759 15.4035 16.3405 16.2608 16.241 16.4311 22.5724 16.399 25.77 17.0606 14.5206 13.9205 13.7824 13.6 13.2893 13.8312 14.8712
threshold=0.11506162956357004 0.83333334326744091 0.010801459662616255 -0.49999524652957911 0.99964779615402233 0.60307756066322338 -9.0741438865661603 0.2333333417773247 -8.5155076980590803 0.56666669249534618 0.67372202873229992 -0.4899477213621139 0.52328047156333934 0.88914489746093761 0.90000000596046459 2.0704380273818974 0.93227016925811779 0.57357099652290355 0.70000001788139354 0.86758512258529674 -0.954188972711563 1.551244378089905 0.51362016797065746 -7.8457489013671866 1.0000000180025095e-35 -0.502985119819641 0.50335299968719494 -0.25656749308109278 0.10917945951223375 -0.64715754985809315
decision_type=2 2 2 2 2 2 2 2 2 2 2 2 2 2 2 2 2 2 2 2 2 2 2 2 2 2 2 2 2 2
left_child=1 2 -1 -4 5 8 12 11 13 27 23 -8 -7 -2 15 17 -16 18 20 26 21 -9 -22 -11 -13 -19 -20 -10 29 -29
right_child=4 -3 3 -5 -6 6 7 14 9 10 -12 24 -14 -15 16 -17 -18 25 19 -21 22 -23 -24 -25 -26 -27 -28 28 -30 -31
leaf_value=-0.00080197101514347627 -0.0032642492844664399 0.003874553232605011 0.00362750723637901 0.00056711609139459317 -0.0042887668698073245 0.0016269357305546469 0.0024077270950604987 -0.00053697639322799334 -0.00065875260625073231 0.00054564434332729376 -0.0041389334720389184 -0.00074567840103431117 0.008445504759384069 0.001446429283711979 -0.00038622740075857075 0.0038680493747192748 -0.0061273923716771341 0.0041542623956695333 0.0021952441181401637 0.0064903515427196809 0.0011267024511981891 -0.0051474746554756009 -0.003982533822206669 -0.0016507255217459134 -0.0031916091198801594 0.0010128969576276461 -0.0012088986705927813 0.0002877135914315817 0.00053888201520304116 0.0070223844040237507
leaf_weight=3215.8449268639088 3831.2381826788187 1529.8455536365509 2189.8239493966103 4494.0873657315969 646.84396106004715 918.41873739659786 1067.0325713008642 4033.5474124103785 8742.8119619041681 4367.6793828457594 1854.5818333923817 5105.6640349179506 515.4624025374651 760.71955733001232 1845.0084533542395 1400.9530862867832 575.35140362381935 1620.9814009666443 2289.9426374286413 678.92746125161648 4923.0727172344923 1487.1166070401669 657.96284909546375 7106.6522602587938 3550.2641310244799 5529.6924691796303 1944.4737868010998 543.74478928744793 10480.35939848423 637.60367073118687
leaf_count=12947 15341 6154 8807 18066 2592 3678 4275 16148 35022 17488 7428 20469 2065 3045 7392 5611 2314 6492 9168 2720 19721 5957 2634 28467 14232 22159 7794 2178 41973 2553
internal_value=-6.46708e-05 0.00121625 0.000801956 0.0015737 -0.000254653 -0.000219972 0.000185639 3.08979e-05 -0.000623606 -0.000369915 -0.00128019 -0.00129297 0.00411964 -0.00248241 0.000508166 0.000733302 -0.00177057 0.00054214 1.10962e-05 0.0014538 -0.000628143 -0.00178598 0.000518316 -0.000814935 -0.00175141 0.00172982 0.000632873 0.000225044 0.000887626 0.00395102
internal_weight=88545.7 11429.6 9899.76 6683.91 77116.1 76469.3 38143.9 36710 38325.4 33733.4 13328.9 9722.96 1433.88 4591.96 26987 24566.7 2420.36 23165.7 16015 4913.34 11101.7 5520.66 5581.04 11474.3 8655.93 7150.67 4234.42 20404.5 11661.7 1181.35
internal_count=354890 45974 39820 26873 308916 306324 152829 147086 153495 135109 53383 38976 5743 18386 108110 98404 9706 92793 64142 19682 44460 22105 22355 45955 34701 28651 16962 81726 46704 4731
is_linear=0
shrinkage=0.03


Tree=87
num_leaves=31
num_cat=0
split_feature=34 26 24 13 43 40 27 5 3 22 23 23 8 12 21 21 22 17 0 21 43 3 43 8 0 22 22 17 26 12
split_gain=14.0234 10.3674 15.9271 16.8836 10.0646 9.7427 8.61483 10.3742 10.9349 7.98289 7.4251 20.142 15.3855 12.683 27.8495 14.9821 19.3803 14.6027 13.9315 12.7489 13.1908 14.5258 12.8125 18.3326 18.5315 12.9529 12.624 12.6057 11.9802 11.7295
threshold=-0.55875554680824269 -0.5399414300918578 1.6381964683532717 -7.768279790878295 0.10000000521540643 -0.529914230108261 -0.98056429624557484 -1.0548077821731565 -0.48328892886638636 1.7086839079856875 0.99985289573669445 0.94767108559608471 0.095202751457691207 -8.6501617431640607 0.70922642946243297 0.14594259858131411 1.0616379380226137 0.31971403956413275 -0.11123110353946684 0.54550683498382579 0.36666667461395269 0.42985855042934423 0.56666669249534618 0.26227454841136938 0.74822214245796215 0.92067435383796703 1.2133706808090212 -0.39477740228176111 -0.41415153443813318 -7.9784562587738028
decision_type=2 2 2 2 2 2 2 2 2 2 2 2 2 2 2 2 2 2 2 2 2 2 2 2 2 2 2 2 2 2
left_child=1 2 5 -4 -3 -1 -6 8 -8 -9 11 13 -13 14 -2 16 18 -18 -15 22 21 -21 25 29 -25 -17 -23 -16 -22 -24
right_child=10 4 3 -5 6 -7 7 9 -10 -11 -12 12 -14 15 27 19 17 -19 -20 20 28 26 23 24 -26 -27 -28 -29 -30 -31
leaf_value=0.0017177592690487183 -0.0025013239160897836 0.0039115639881779421 -0.0020263692107018423 0.0043189865625587387 0.0024783759767097119 0.0070503137438732381 -0.00087601485052439185 -0.0016772117568888472 -0.005972626621138225 0.0031147482171201995 0.0013027807142032923 -0.0052023940997242765 -0.0010840540708414673 -0.0028010978782148075 0.0031968365591608528 -0.0034134826393872808 0.0011985879438003097 0.0046189507750633227 0.0022766099344872026 0.00062742901867712017 0.00029803692461443488 0.00051365073647804678 0.0016656425625316692 -0.0021998017517187098 -0.0080098102007491474 0.00019396410682578932 -0.002335637820385021 -0.0016048114522616891 0.0019485992369574388 -0.0013490668371223045
leaf_weight=497.9350920021534 4774.1836139410734 636.51846595108509 899.802036896348 635.17861434817314 898.57401630282402 836.06344564259052 1499.124189004302 503.07678477466106 499.10206396877766 796.38909094035625 3426.8330666422844 1064.7866144329309 3430.1177226752043 1709.6914592683315 1449.600706756115 952.60788670182228 8808.291472107172 1280.4073544442654 669.44399705529213 5873.1949770152569 12596.292079955339 2044.1675224006176 1693.2425058782101 3045.1357183158398 583.58694376051426 12897.789289593697 4406.0694079697132 734.79415063560009 5764.0036409944296 3643.7043191194534
leaf_count=2004 19116 2574 3614 2553 3643 3367 6064 2019 2008 3196 13744 4268 13775 6850 5805 3813 35312 5133 2681 23521 50443 8184 6778 12195 2337 51644 17654 2943 23086 14588
internal_value=5.48886e-05 0.00127722 0.0027025 0.000610314 0.000427266 0.00508745 -0.0001093 -0.000819765 -0.00217241 0.00126094 -6.16969e-05 -0.000122252 -0.00206902 -1.99333e-06 -0.00121918 0.000126566 0.00106265 0.00163683 -0.00136878 -9.17416e-05 0.000307569 -0.00045145 -0.000628646 -0.00151157 -0.00315364 -5.6434e-05 -0.00143326 0.00158169 0.000816991 -0.00039127
internal_weight=88549.7 7701.76 2868.98 1534.98 4832.78 1334 4196.27 3297.69 1998.23 1299.47 80847.9 77421.1 4494.9 72926.2 6958.58 65967.6 12467.8 10088.7 2379.14 53499.8 30683.7 12323.4 22816.1 8965.67 3628.72 13850.4 6450.24 2184.39 18360.3 5336.95
internal_count=354912 31042 11538 6167 19504 5371 16930 13287 8072 5215 323870 310126 18043 292083 27864 264219 49976 40445 9531 214243 122888 49359 91355 35898 14532 55457 25838 8748 73529 21366
is_linear=0
shrinkage=0.03


Tree=88
num_leaves=31
num_cat=0
split_feature=23 6 14 40 39 24 11 15 7 28 17 17 9 17 40 11 40 17 43 40 24 11 28 23 1 20 19 28 37 27
split_gain=28.0394 16.6913 16.326 14.7629 10.5704 21.704 11.688 10.2047 12.7447 15.1855 10.8198 9.96114 10.6496 9.61609 15.5708 11.9399 17.1714 18.9468 14.6204 15.0694 21.7415 13.839 19.2652 19.4887 16.6835 13.633 13.3945 13.1997 11.8505 11.0599
threshold=0.92511069774627697 -1.1448857784271238 -8.4586215019226056 0.99938130378723156 -0.97028648853301991 1.150324881076813 0.46273395419120794 -8.1132068634033185 0.37638735771179205 -1.2113303542137144 -0.18043473362922666 0.057920826599001891 -0.17556274682283399 0.3385062068700791 -0.31730164587497706 0.10718674957752229 -0.30070292949676508 0.22978324443101886 0.76666668057441723 -0.96591663360595692 1.7906917929649355 -0.79961854219436634 -0.96268314123153675 0.3697469979524613 0.098064195364713683 0.79940351843833934 0.83347994089126598 0.2799587100744248 0.1171451471745968 0.79242032766342174
decision_type=2 2 2 2 2 2 2 2 2 2 2 2 2 2 2 2 2 2 2 2 2 2 2 2 2 2 2 2 2 2
left_child=1 -1 -2 4 5 -3 11 -4 10 -10 -9 12 -7 15 -15 16 17 21 25 -20 26 22 24 -24 -6 -17 -21 28 -23 -27
right_child=2 3 7 -5 13 6 -8 8 9 -11 -12 -13 -14 14 -16 18 -18 -19 19 20 -22 27 23 -25 -26 29 -28 -29 -30 -31
leaf_value=0.0014864055618873905 0.0022907723450518291 0.0062066226363458182 -0.0055723081766325859 -0.0039104740701414549 -0.0016750442655347521 0.0033903374682790611 0.0027518404070908599 0.0040859669091576007 -0.0042690619672676533 -0.0011676456507528541 -0.0017846598841401171 -0.0023691529022666765 -0.0012098164184738125 0.0023500586419598572 -0.00034303061839251447 -0.0020741864259516437 0.0009977755363243621 -0.0047553977334950431 0.0028575125248823429 -0.002712005766888423 0.00040549240420444972 0.0010687745671824965 -0.0070482697146231465 -0.0011974251975306674 0.0033889549811680006 0.0004343827327048693 -0.0071420198394008911 0.0034536855249106503 -0.0019355801998779325 -0.0014757943950128537
leaf_weight=9002.3527345657349 953.84653994441032 729.86040386557579 599.88419151306152 800.73692420125008 1413.8250489681959 881.50250715017319 1600.723000228405 610.68735331296921 1941.9293334037066 5269.3357216864824 510.60221269726753 1315.5249909162521 912.85879623889923 3971.9108807444572 3749.2704772502184 2965.1518508791924 15909.661745294929 865.62828998267651 529.23923008143902 2494.0076573342085 1629.1427201330662 3475.2366848289967 835.86826887726784 1312.6940916031599 984.67447508871555 15951.981536000967 817.02895620465279 1264.5282446891069 1777.7188551872969 3280.3971644937992
leaf_count=36256 3822 2923 2405 3208 5661 3531 6409 2447 7790 21161 2045 5269 3655 15903 15018 11873 63722 3466 2120 9992 6525 13916 3349 5255 3942 63895 3272 5065 7117 13140
internal_value=8.19841e-05 0.000271727 -0.00142284 0.000114128 0.000161621 0.00142926 0.000677473 -0.00182151 -0.00154513 -0.00200758 0.00142051 -0.000395645 0.00105633 5.23387e-05 0.00104359 -8.57108e-05 0.000352856 -0.000507302 -0.000526986 -0.0019148 -0.0024308 -0.000170961 -0.00143948 -0.00349572 0.000409357 -0.000184323 -0.00382337 0.000714897 5.02872e-05 0.000107973
internal_weight=88357.8 78471.5 9886.29 69469.2 68668.4 5440.47 4710.61 8932.44 8332.55 7211.27 1121.29 3109.89 1794.36 63228 7721.18 55506.8 27839.8 11930.2 27666.9 5469.42 4940.18 11064.5 4547.06 2148.56 2398.5 22197.5 3311.04 6517.48 5252.96 19232.4
internal_count=354152 314482 39670 278226 275018 21787 18864 35848 33443 28951 4492 12455 7186 253231 30921 222310 111493 47771 110817 21909 19789 44305 18207 8604 9603 88908 13264 26098 21033 77035
is_linear=0
shrinkage=0.03


Tree=89
num_leaves=31
num_cat=0
split_feature=11 7 17 21 39 40 11 25 41 37 43 21 2 39 34 17 15 15 12 26 43 26 26 31 32 7 37 14 32 25
split_gain=15.389 14.6443 12.9536 16.135 12.3895 11.4294 13.3231 13.5836 12.5329 18.5856 11.9794 14.8465 18.314 12.0292 11.9811 11.8264 11.7321 12.078 11.2198 10.2471 10.2408 12.7405 13.5321 16.9605 12.3359 11.7901 13.3753 11.6066 12.7346 10.0514
threshold=0.22451653331518176 1.8243985176086428 0.35754562914371496 0.66682973504066478 0.99356240034103405 0.54463386535644542 0.059125002473592765 0.7344043254852296 -1.0000000180025095e-35 0.27393911778926855 0.70000001788139354 0.62128499150276195 -1.4316271543502805 -0.43836697936058039 0.30166512727737432 -0.1089310087263584 -7.9492292404174796 -7.6077852249145499 -7.8017389774322501 -1.9717265367507932 0.83333334326744091 -3.9033885002136226 -1.9545397758483884 -0.64145490527153004 -0.02741929609328508 -0.31708951294422144 0.19259731471538546 -7.3858020305633536 -0.074992086738347993 0.54952993988990795
decision_type=2 2 2 2 2 2 2 2 2 2 2 2 2 2 2 2 2 2 2 2 2 2 2 2 2 2 2 2 2 2
left_child=1 4 20 -4 5 10 8 15 -7 16 -1 12 -12 -13 -15 -8 -10 -18 19 -6 21 24 23 -23 -2 27 -27 28 -25 -28
right_child=2 -3 3 -5 18 6 7 -9 9 -11 11 13 -14 14 -16 -17 17 -19 -20 -21 -22 22 -24 25 -26 26 29 -29 -30 -31
leaf_value=-0.00042041108376644103 0.0058665378909502387 -0.003665731891006259 0.0028171597762847189 -0.0011335259031913754 0.0041318730818045782 0.0022692957952917809 -0.0027400195299088111 -0.0056483258635951824 -0.0028302239315796882 0.0031985438318225907 0.0047251501153850375 0.0045153260696955194 -0.00078975069702415582 0.0026469554509170878 -0.0022172220451550104 0.0029852507668004726 0.0026368092122550689 -0.00063288427213419268 0.0064005148828115135 -0.0014522680707797254 -0.0020105696999177854 0.002600328657656087 -0.00020868232233363371 -0.0026556515813976811 -0.00025227539600980562 -0.0023385851283814364 0.003626833526719555 0.00010408678575010198 -0.0078329650325530149 -0.0010277325470600372
leaf_weight=23176.880073592067 535.89500252902508 820.72300285100937 2190.796423509717 1604.3054661154747 549.09557062387466 6001.813821837306 636.17610131204128 500.74019557237625 1313.2230610251427 1712.6699945479631 606.03792233765125 1429.5531075298786 4495.9232201725245 1254.3510655611753 703.43535901606083 642.74460907280445 1450.1745517551899 3339.6890599578619 537.70164516568184 619.92615020275116 4611.5819238722324 761.20895418524742 20728.136749386787 947.5772930085659 647.45664058625698 3565.8677890002728 697.97685439884663 507.26321057975292 793.95079876482487 1010.0230505615473
leaf_count=92892 2147 3296 8778 6426 2199 24068 2550 2008 5266 6863 2441 5727 18014 5022 2822 2577 5814 13391 2156 2484 18491 3049 83091 3798 2593 14286 2794 2032 3178 4048
internal_value=-6.4264e-05 0.000284251 -0.000513753 0.00114849 0.000351186 0.000260194 0.000924641 -0.00151244 0.0012394 0.000446635 -6.72688e-05 0.000896215 -0.0001267 0.00243275 0.000896864 0.000138155 -0.000329585 0.000360476 0.00285478 0.00118343 -0.00069527 -0.000493792 -0.000618559 -0.00164268 0.00254464 -0.0020749 -0.00129509 -0.0038899 -0.0050472 0.000884402
internal_weight=88392.9 49790.9 38602 3795.1 48970.1 47263.4 15597.2 1779.66 13817.6 7815.76 31666.2 8489.3 5101.96 3387.34 1957.79 1278.92 6103.09 4789.86 1706.72 1169.02 34806.9 30195.4 29012 8283.87 1183.35 7522.66 5273.87 2248.79 1741.53 1708
internal_count=354301 199590 154711 15204 196294 189455 62537 7135 55402 31334 126918 34026 20455 13571 7844 5127 24471 19205 6839 4683 139507 121016 116276 33185 4740 30136 21128 9008 6976 6842
is_linear=0
shrinkage=0.03


Tree=90
num_leaves=31
num_cat=0
split_feature=6 41 15 2 39 17 31 33 13 19 26 10 14 41 27 17 34 35 39 25 26 18 34 20 17 26 11 32 41 17
split_gain=25.7264 13.0445 11.5271 11.3217 10.2553 11.9462 10.7495 9.88032 10.6907 9.38206 19.724 18.5007 11.5224 14.719 13.2426 13.6399 12.8265 15.7694 14.3806 12.9282 11.0299 10.7144 10.5704 17.4853 11.5894 10.8979 10.5629 10.4891 10.3712 25.4695
threshold=1.2821540832519533 0.6078576147556306 -7.7142713069915763 1.6076048612594607 -0.20790971815586087 0.063406508415937438 0.39415781199932104 -0.89869660139083851 -7.4744496345520011 0.99945682287216198 0.22920116782188418 -1.1908178329467771 -7.6897306442260733 1.0000000180025095e-35 0.675897777080536 -0.49492320418357844 0.029199538752436641 -0.57228392362594593 0.25881658494472509 0.77909603714942943 -0.64221772551536549 0.76630493998527538 -0.20120460540056226 1.8200487494468691 -0.8118394911289214 -0.52266153693199147 -0.45184333622455591 -0.30415381491184229 -1.0000000180025095e-35 -0.44499956071376795
decision_type=2 2 2 2 2 2 2 2 2 2 2 2 2 2 2 2 2 2 2 2 2 2 2 2 2 2 2 2 2 2
left_child=7 2 -2 -4 5 -3 -6 8 -1 12 11 -11 13 22 -14 -16 17 -15 19 -18 21 -19 23 24 -9 27 -13 -26 -24 -30
right_child=1 4 3 -5 6 -7 -8 9 -10 10 -12 26 14 16 15 -17 18 20 -20 -21 -22 -23 28 -25 25 -27 -28 -29 29 -31
leaf_value=0.0036625257965274341 -0.00049869051268027864 0.0056532224223982529 -0.0026550901301230904 -0.0071628822280322673 -0.0042863081900637858 -0.00079969878561357013 0.0012344817069388143 -0.0014383840184392439 -0.00042450047896479753 0.0048488627874836545 0.0039993378468744642 0.0017460914158261105 0.00062348314765294888 0.0024776505824405238 0.0024490224193993181 -0.0013684552281750509 0.00011150988060323254 -0.0012089562464978186 0.0014831187914189753 -0.0050124286691362388 -0.00082488711431160191 -0.0048388695322876029 -0.0010156241746937086 -0.0023121740418092502 0.0054590188149264566 3.7565062676281651e-06 -0.00059149538145714358 0.0019454631111387643 0.0054625933350737196 -0.00040053521141388026
leaf_weight=1475.7424263209105 1801.6346354037523 515.29646302759647 2882.7628663778305 605.19523714482784 628.62995819747448 503.52865599095821 624.16301208734512 889.38269217312336 937.63085897266865 770.61862361431122 1609.5674405843019 2362.0452229380608 30296.439609587193 556.21860787272453 971.6128676533699 5951.7098286300898 1027.5549095869064 1050.19947463274 2280.4057653397322 768.6942870169878 1717.7948057055473 2468.3882760107517 9282.9313940256834 1181.4200881868601 1183.3494563549757 1350.0072956979275 6516.8342699706554 2183.8953430950642 827.59581433236599 3264.7884591966867
leaf_count=5985 7228 2067 11574 2438 2522 2018 2506 3564 3813 3087 6447 9461 121386 2230 3892 23839 4114 4205 9135 3080 6883 9885 37179 4746 4748 5415 26096 8747 3314 13074
internal_value=3.63376e-05 -0.00163595 -0.00245124 -0.00345548 0.00026492 0.00248725 -0.00154776 0.00019277 0.00207946 0.000134518 0.000935617 0.000420967 2.82784e-07 -0.000436786 0.000352976 -0.000829954 -0.00138545 -0.0022915 -9.55569e-05 -0.00209686 -0.00280185 -0.00376194 2.80068e-05 0.000991363 0.00169036 0.00228204 3.16368e-05 0.00319274 -0.000461278 0.000795581
internal_weight=88486 7561.21 5289.59 3487.96 2271.62 1018.83 1252.79 80924.8 2413.37 78511.5 11259.1 9649.5 67252.4 30032.6 37219.8 6923.32 9869.26 5792.6 4076.65 1796.25 5236.38 3518.59 20163.4 6788.05 5606.63 4717.25 8878.88 3367.24 13375.3 4092.38
internal_count=354678 30353 21240 14012 9113 4085 5028 324325 9798 314527 45091 38644 269436 120319 149117 27731 39532 23203 16329 7194 20973 14090 80787 27220 22474 18910 35557 13495 53567 16388
is_linear=0
shrinkage=0.03


Tree=91
num_leaves=31
num_cat=0
split_feature=23 36 14 10 30 29 33 26 39 18 11 14 2 14 32 14 7 17 23 11 31 31 31 14 32 11 23 40 32 19
split_gain=11.7223 14.2213 13.149 12.267 14.2643 14.056 12.3568 11.8946 10.6926 10.6327 17.0255 15.8516 13.9432 13.0682 13.1402 12.6576 11.651 12.4673 11.4624 11.2279 11.1007 12.8298 11.6178 14.6305 11.6158 10.9691 10.8928 11.5719 10.7559 20.0152
threshold=0.085532877594232573 0.9656645953655244 -8.4981336593627912 -0.67563045024871815 0.57910713553428661 -0.61956077814102162 0.33861719071865087 -2.3696215152740474 0.15643297880887988 1.4490256905555727 0.10718674957752229 -6.6368751525878897 -1.918374180793762 -8.2568278312683088 -0.38191673159599299 -7.0829217433929434 -0.26157662272453303 -0.57915773987770069 0.15130232274532321 0.63228058815002453 -0.33424952626228327 -0.6832992136478423 -0.14282928407192227 -7.1775476932525626 -0.2371532395482063 0.039615619927644737 0.96300384402275097 -0.99451243877410878 -0.63585424423217762 1.0000000180025095e-35
decision_type=2 2 2 2 2 2 2 2 2 2 2 2 2 2 2 2 2 2 2 2 2 2 2 2 2 2 2 2 2 2
left_child=-1 9 -3 7 5 -5 -7 -4 -9 10 15 13 -11 16 19 20 -12 -18 25 -15 21 -2 -22 -24 -23 -14 27 -16 -20 -30
right_child=1 2 3 4 -6 6 -8 8 -10 12 11 -13 18 14 26 -17 17 -19 28 -21 22 24 23 -25 -26 -27 -28 -29 29 -31
leaf_value=0.0011037690028539299 -0.00063600378799402073 0.003883717897023672 0.0058534673995435374 -0.0030995127861542784 0.0028424224829467011 0.0010834743235895014 -0.0012733524070335826 0.0032807092212135324 -0.0010364234766784062 0.0020683507310837366 -0.0054598246622012655 0.0037400110675358789 -0.0062879648301843059 0.0059157860100501093 0.0038874114709295327 -0.00091257304124183467 0.0014353224296961044 -0.0032606251998006709 0.0024167829591585379 0.00025214942022084425 -0.0012077182108790347 -0.00074394401408119277 0.00064518463833273436 0.0050218221857989383 0.0039138972299372615 -0.00052368945354438416 -0.0038010684479740679 -0.00061659159368898349 -0.0059296983139062219 -0.00080193231120460993
leaf_weight=9126.2020975798368 1079.4141435772181 1138.5751229375601 651.66006192564964 1385.0908707231283 1477.0166182070971 5061.3866685181856 3298.2895777672529 1069.6515375226736 982.5394934117794 1349.8536116480827 875.45779849588871 730.07789847254753 704.11212150752544 503.88542415201664 520.40019236505032 4256.0377064794302 853.37565515935421 1233.8836764097214 838.23447194695473 816.54138177633286 2882.7179497629404 578.36471520364285 11633.672876521945 721.02917498350143 2794.0260082483292 512.17020863294601 925.49037811160088 16107.618341490626 711.9737279266119 13565.31262165308
leaf_count=36740 4325 4561 2610 5548 5916 20264 13227 4286 3936 5424 3506 2923 2831 2019 2084 17044 3420 4943 3365 3271 11543 2318 46588 2887 11190 2058 3715 64513 2851 54372
internal_value=8.62224e-05 -3.10682e-05 0.000798172 0.000543288 0.00010548 -0.000311848 0.000153184 0.00235324 0.00121877 -0.000225758 1.23418e-05 -0.000578768 -0.000851739 -0.000724806 -0.000433359 0.00056943 -0.00257376 -0.001343 -0.00109421 0.00244166 0.000890082 0.0022063 0.000504336 0.000904463 0.00311524 -0.00388472 -0.000650893 -0.00047338 -0.000867247 -0.00106161
internal_weight=88384.1 79257.9 15064.2 13925.6 11221.8 9744.77 8359.68 2703.85 2052.19 64193.7 46512 22566.7 17681.7 21836.7 18873.9 23945.3 2962.72 2087.26 16331.8 1320.43 19689.2 4451.8 15237.4 12354.7 3372.39 1216.28 17553.5 16628 15115.5 14277.3
internal_count=354278 317538 60348 55787 44955 39039 33491 10832 8222 257190 186289 90394 70901 87471 75602 95895 11869 8363 65477 5290 78851 17833 61018 49475 13508 4889 70312 66597 60588 57223
is_linear=0
shrinkage=0.03


Tree=92
num_leaves=31
num_cat=0
split_feature=23 14 26 12 28 11 14 39 39 24 29 41 14 11 19 12 1 9 7 14 21 21 7 11 5 28 25 1 1 20
split_gain=20.5027 16.2721 15.4705 16.6379 12.9766 29.9792 14.1591 12.2806 15.9709 15.4875 15.1821 12.7738 12.1599 12.0822 11.6782 10.8516 24.8166 15.961 14.1719 10.5598 10.732 10.4889 10.3945 9.21536 9.69256 9.0251 8.90495 8.8013 15.1823 12.4593
threshold=0.92511069774627697 -8.4586215019226056 -1.1396002173423765 -8.0870995521545392 -1.6426061391830442 0.52115353941917431 -8.1685299873352033 0.99253669381141674 0.58777967095375072 1.1181856989860537 -0.28532193601131434 1.0000000180025095e-35 -7.4088466167449942 1.0224260091781618 0.97565537691116344 -8.4089016914367658 -0.048165259882807725 0.61712941527366649 0.11388870328664781 -8.4240097999572736 0.42863437533378607 0.076227642595767989 -0.92583289742469776 -0.49653841555118555 -0.1443914249539375 -0.53087985515594471 0.84053617715835582 -0.38920684158802027 -0.70199620723724354 1.241105377674103
decision_type=2 2 2 2 2 2 2 2 2 2 2 2 2 2 2 2 2 2 2 2 2 2 2 2 2 2 2 2 2 2
left_child=4 -2 -3 25 5 7 13 8 11 -10 -11 26 -5 -7 -14 16 22 18 -18 20 -17 -8 -6 -13 -25 -4 -1 28 -21 -29
right_child=1 2 3 12 15 6 21 -9 9 10 -12 23 14 -15 -16 19 17 -19 -20 27 -22 -23 -24 24 -26 -27 -28 29 -30 -31
leaf_value=0.0037429361582134576 0.0024638863945464161 -0.003276713579765415 0.0047282202578020566 -0.0031714235396515466 0.00032929021362169004 -0.0069595335636301022 0.0029961478426731854 0.0054485186473675106 -0.0039578638269312846 0.0034236049357738896 -0.00053000133439827664 -0.0013497687201473054 -0.0017470717217354342 -0.0011473908409958065 0.0028867081694540003 0.0062664354423173536 -0.0018432390760720601 0.0040448785267151984 0.0025174267733347878 3.2228169403451509e-05 9.7406095965477395e-05 -0.0005929502183551396 -0.0035312282181895775 -0.00049056031520717408 0.0043615038056955451 -1.1573693530385142e-05 -0.00031404477291197035 0.00045502877657087413 0.0018754191757647523 -0.00073757062717314003
leaf_weight=4281.8700380772352 962.73992727696896 3238.1379578858614 635.99539372324944 2202.3475888222456 785.93080726265907 525.44110968708992 859.07837501168251 752.75790056586266 700.91634881496429 1339.8608512580395 2474.3218098580837 1134.4320109933615 1261.9145685583353 819.51431047916412 785.73477630317211 498.82694455981255 2054.5968805402517 929.72559942305088 983.75780196487904 12641.50983093679 507.01317231357098 4664.3109719157219 3076.3739273399115 659.26458279788494 830.69482707977295 821.02623896300793 547.57643941044807 14272.731570959091 5888.9456998705864 17589.484246864915
leaf_count=17154 3858 12991 2550 8853 3156 2105 3444 3015 2807 5368 9908 4544 5066 3284 3153 2004 8229 3723 3939 50771 2031 18680 12322 2641 3326 3293 2193 57151 23604 70496
internal_value=6.11818e-05 -0.00122436 -0.00162362 -0.000681574 0.000222915 0.000892023 -0.000704522 0.00175386 0.00151714 0.000108503 0.000864158 0.00236912 -0.00162943 -0.00345266 3.64144e-05 1.49324e-06 -0.00103813 0.000627751 -0.000427717 0.000160048 0.00318839 -3.03153e-05 -0.00274684 0.000680863 0.00222565 0.00207549 0.00328325 9.89813e-05 0.000618687 -0.000203369
internal_weight=88726.8 9907.9 8945.16 5707.02 78818.9 19590 6868.34 12721.7 11968.9 4515.1 3814.18 7453.84 4250 1344.96 2047.65 59228.9 7830.39 3968.08 3038.35 51398.5 1005.84 5523.39 3862.3 2624.39 1489.96 1457.02 4829.45 50392.7 18530.5 31862.2
internal_count=355659 39764 35906 22915 315895 78469 27513 50956 47941 18083 15276 29858 17072 5389 8219 237426 31369 15891 12168 206057 4035 22124 15478 10511 5967 5843 19347 202022 74375 127647
is_linear=0
shrinkage=0.03


Tree=93
num_leaves=31
num_cat=0
split_feature=10 18 11 40 34 13 41 37 22 22 6 15 2 11 30 12 32 10 5 18 11 20 9 15 15 30 31 6 0 16
split_gain=10.9236 10.1453 9.44995 15.9776 13.029 16.1383 14.7659 13.0276 15.7637 11.6054 11.5876 11.6925 12.3446 10.6701 10.4165 10.323 9.64927 9.58214 16.5583 13.6725 11.2407 12.1807 10.4585 10.8388 14.0269 11.4056 11.7978 11.714 12.6308 10.3299
threshold=2.5989992618560795 1.3162194490432741 0.087892852723598494 0.48480500280857092 -0.23499409109354016 -7.4155075550079337 -0.60785761475563038 0.21889499574899676 1.7086839079856875 1.4190377593040469 1.257804334163666 -6.9362483024597159 0.93024984002113353 -0.144728347659111 -1.3079692125320432 -8.0252513885498029 0.37193424999713903 0.21030756831169131 -0.19099824875593183 0.99853757023811351 1.3496866226196291 1.2120587825775149 2.1121040582656865 -7.1492655277252188 -7.27486228942871 0.96358409523963939 0.29814809560775762 -1.1448857784271238 0.11196958646178247 -0.17391178011894223
decision_type=2 2 2 2 2 2 2 2 2 2 2 2 2 2 2 2 2 2 2 2 2 2 2 2 2 2 2 2 2 2
left_child=2 -2 7 17 5 6 -5 -1 -9 -8 11 12 14 16 15 -6 -10 18 19 -4 -20 -22 23 24 25 27 -27 -19 -29 -30
right_child=1 -3 3 4 10 -7 9 8 13 -11 -12 -13 -14 -15 -16 -17 -18 22 20 -21 21 -23 -24 -25 -26 26 -28 28 29 -31
leaf_value=-4.7298083199827704e-05 0.0047371401307870816 -0.00053026819651779268 0.0025606640056325225 0.0026689032787251773 -0.0013870463750877107 0.0044537427070388035 -0.0050401029413246123 0.0017681737957396498 0.00018230491041870494 -9.9128619113172909e-05 0.00085072669798507664 -0.0056800262700414782 -0.0044706971705964103 0.0028759319202902893 -0.0018268165665420904 0.0038284464102438694 -0.0037076515757750732 0.004125255038951248 -0.0022558297126521886 -0.0005379471073587741 -0.0019895645927150902 0.0031632104124793277 -0.0030450429561116473 0.0024084942404106985 -0.0025536015463049938 0.00093557759374980111 0.0067780155480905322 -0.00092120782761732315 0.0029627301850274771 -6.8748497212404197e-05
leaf_weight=33349.64602664113 818.08384595811367 543.06510804593563 2060.5861116796732 811.55252046883106 714.65310153365135 702.21370477974415 736.41357158124447 8570.9553017169237 1174.7953751981258 1003.3673833310604 1385.0796934813261 740.78422944247723 1285.1858210116625 558.70907488465309 5979.4953293204308 637.59607420861721 1110.4105224013329 668.42024226486683 5204.5969688147306 3356.4184726029634 814.93354238569736 817.14755639433861 699.06080305576324 2688.87542578578 1359.5953673869371 772.33533561229706 515.21555398404598 5304.3487389832735 1831.1897860616446 2244.3973178863525
leaf_count=133714 3276 2176 8255 3258 2863 2821 2951 34333 4709 4028 5563 2967 5150 2242 23953 2554 4459 2686 20847 13481 3264 3275 2800 10777 5449 3093 2063 21254 7334 8998
internal_value=-9.83429e-06 0.00264703 -5.16544e-05 -0.000372944 -0.00120184 0.000460298 -0.00065193 0.000252202 0.0011265 -0.00220739 -0.00170519 -0.00208401 -0.00176864 -0.000806797 -0.00128955 0.00108215 -0.00171579 3.67451e-05 -0.000595004 0.000643287 -0.00157566 0.00059387 0.000518134 0.000681916 0.000314624 0.000660578 0.00330766 0.000318442 4.30613e-05 0.00129723
internal_weight=88459.1 1361.15 87098 42333.5 13996.3 3253.55 2551.33 44764.5 11414.9 1739.78 10742.8 9357.71 8616.93 2843.91 7331.74 1352.25 2285.21 28337.1 12253.7 5417 6836.68 1632.08 16083.4 15384.4 12695.5 11335.9 1287.55 10048.4 9379.94 4075.59
internal_count=354593 5452 349141 169684 56108 13058 10237 179457 45743 6979 43050 37487 34520 11410 29370 5417 9168 113576 49122 21736 27386 6539 64454 61654 50877 45428 5156 40272 37586 16332
is_linear=0
shrinkage=0.03


Tree=94
num_leaves=31
num_cat=0
split_feature=32 19 2 34 4 21 12 28 31 1 31 33 31 27 35 15 35 31 37 31 17 17 4 3 13 39 35 23 16 2
split_gain=13.8426 19.9967 12.1857 10.1447 9.40055 11.1037 11.619 15.5438 13.7542 11.1496 15.8623 10.8327 10.8931 10.4367 9.97266 9.79459 9.65142 10.4331 21.3599 9.39491 9.29677 12.5812 18.8705 11.5198 10.9116 10.2381 9.92995 14.7085 17.8127 11.2524
threshold=-0.59333172440528859 0.0070381811819970616 -1.5424901247024534 -0.842382252216339 1.8866388201713564 0.99497935175895702 -8.7694826126098615 -1.4490739107131956 0.12745535373687747 0.83553650975227367 -0.20499651879072187 0.025278915651142601 0.099201742559671416 0.78478735685348522 0.77275913953781139 -7.5359966754913321 -0.72505891323089589 -0.75278776884078968 -0.0044365080539137116 0.81517341732978832 -0.51623171567916859 -0.27870485186576838 0.13223440200090411 -0.16216159611940381 -7.9060592651367179 -0.74313774704933155 0.66598549485206615 0.80816128849983226 -0.21624371409416196 -0.33705335855484003
decision_type=2 2 2 2 2 2 2 2 2 2 2 2 2 2 2 2 2 2 2 2 2 2 2 2 2 2 2 2 2 2
left_child=1 2 -1 -2 5 6 7 8 -5 15 -11 -9 -13 16 -6 -7 -8 18 -18 20 25 22 23 -22 -25 -19 27 -23 -29 -28
right_child=3 -3 -4 4 14 9 13 11 -10 10 -12 12 -14 -15 -16 -17 17 19 -20 -21 21 26 -24 24 -26 -27 29 28 -30 -31
leaf_value=-0.0019672923113867144 -0.0032184788324541459 0.0028828944380632927 0.0017133602767028103 -0.0014471169072571447 -0.0026478740068680302 0.0012753363745571533 -0.0020378357115468041 -0.0046560191887381561 0.003297633577141136 -0.00084664306984092179 0.0036440514267875829 0.0024133259574774901 -0.0034955427489913845 -0.00077756040649242767 0.0018220249479054054 -0.0020455375769261384 0.0057122958324560668 0.0031433078718594641 -0.00088182889942752364 0.003860917267453703 0.0012843745119801981 0.00020648339320901044 0.0029136015814250553 -0.0036906381519120849 0.00037779013608783043 -0.00087203270562151935 -0.0010084237088227815 0.00047671224300462148 -0.0033347533833518392 0.0030627275430487899
leaf_weight=1821.6160181462765 876.752530798316 3673.5077234953642 1441.0499611794949 1445.8014898747206 2155.9680797755718 2037.213102042675 1626.8030071556568 1519.3406610488892 873.73551434278488 975.76895670592785 2537.6960330307484 515.24306580424309 594.08030107617378 11075.289282649755 559.12719477713108 1301.3315192312002 915.89651767909527 598.03972615301609 841.65996992588043 621.21560579538345 3847.6888284087181 23357.515092909336 3947.1591420024633 1022.992912530899 1390.0160403251648 9570.2866249084473 888.80415500700474 1956.2938236892223 2515.022761926055 1916.8617407232523
leaf_count=7344 3526 14829 5796 5790 8667 8162 6518 6084 3499 3908 10171 2063 2379 44376 2245 5214 3673 2395 3373 2490 15414 93557 15812 4097 5567 38336 3559 7836 10081 7679
internal_value=8.2386e-05 0.00136795 -0.000341359 -2.72001e-05 7.90605e-06 6.84915e-05 -4.28185e-05 -0.00144349 0.000346644 0.0012209 0.00239802 -0.00301844 -0.000754032 6.22509e-05 -0.00172407 -2.13503e-05 0.000231423 0.000300938 0.00256737 0.000223306 0.000178258 0.000380343 0.00129194 0.000266514 -0.00135513 -0.000633018 7.62652e-05 -9.5477e-05 -0.00166982 0.00177403
internal_weight=88419.8 6936.17 3262.67 81483.6 80606.9 77891.8 71039.7 4948.2 2319.54 6852.01 3513.46 2628.66 1109.32 66091.5 2715.1 3338.54 55016.3 53389.5 1757.56 51631.9 51010.7 40842.4 10207.9 6260.7 2413.01 10168.3 30634.5 27828.8 4471.32 2805.67
internal_count=354440 27969 13140 326471 322945 312033 284578 19815 9289 27455 14079 10526 4442 264763 10912 13376 220387 213869 7046 206823 204333 163602 40890 25078 9664 40731 122712 111474 17917 11238
is_linear=0
shrinkage=0.03


Tree=95
num_leaves=31
num_cat=0
split_feature=23 21 9 17 21 14 7 11 0 34 29 36 26 17 33 13 37 33 32 33 24 0 30 9 5 13 7 24 32 14
split_gain=12.8507 10.4098 22.9261 16.0566 14.6799 25.434 14.1267 13.8377 16.8857 12.8981 16.2501 13.6065 12.7899 13.2104 13.9953 13.0395 12.5743 12.4664 11.4896 14.3094 10.8323 12.0941 10.8113 10.2588 9.27016 10.091 9.37718 9.10734 9.07137 8.978
threshold=0.11506162956357004 0.61241438984870922 -0.78379297256469715 0.22978324443101886 0.072530064731836333 -8.1771316528320295 0.60930898785591137 -0.23292952775955197 -0.6914045214653014 0.49874667823314672 0.86599397659301769 0.47734603285789495 -0.41415153443813318 -0.65212833881378163 0.48089721798896795 -7.5714006423950186 0.13816489279270175 0.58637729287147533 0.094583373516798033 0.092523109167814269 1.32670533657074 0.49368412792682653 -1.5995473861694334 0.69455558061599743 0.90327912569046032 -7.9241697788238517 0.34637406468391424 2.7303919792175297 -0.15076781064271924 -6.9695966243743888
decision_type=2 2 2 2 2 2 2 2 2 2 2 2 2 2 2 2 2 2 2 2 2 2 2 2 2 2 2 2 2 2
left_child=28 4 3 6 5 -2 16 9 -9 10 11 18 13 -10 -15 -14 -3 -16 -4 -20 21 -17 -7 -19 25 -13 -27 -6 -1 -29
right_child=1 2 7 -5 27 22 -8 8 12 -11 -12 24 15 14 17 20 -18 23 19 -21 -22 -23 -24 -25 -26 26 -28 29 -30 -31
leaf_value=0.00063164530382966717 -0.0030773799679405774 0.0017197344539302722 0.0024987570938250388 -0.0010627910793461345 -0.00089951949732649064 -0.0023076826873333484 -0.00044561106180250907 0.0020270831269317263 0.00075457516031477226 -0.0011685645818283311 0.0057925293176964892 0.0058490724297968946 0.0015618006304637046 -0.0012601288037738885 -0.0066065698100847923 -0.005277410951218235 0.0056733348506627116 0.00047208207637614778 -0.0052107409064084233 -0.00013051586538898066 0.00038572961618449012 -3.7440898480825378e-05 0.0022351874208823268 -0.0048822891236085875 -0.00027403358477647737 0.0033835021086626241 -0.0013239760242885468 0.0026058260877608787 0.0035738700066877708 -0.0015764468540813603
leaf_weight=10379.099857062101 1205.7222806513309 1283.4414166212082 1067.4480203539133 1121.3306446969509 31015.864376425743 518.63310508430004 828.92667351663113 2065.0932738780975 2144.8392670750618 2428.5879274904728 659.82366614043713 867.08544266223907 3343.2737571597099 8315.2175790965557 916.34484797716141 857.83698423206806 1687.5066697448492 690.8586310595274 601.75204455852509 2710.2698721140623 2120.5423794537783 730.04829169809818 4482.150405228138 590.67130528390408 922.47182945907116 1180.2073749899864 553.47454738616943 1333.3650785833597 1028.4069076031446 695.87737080454826
leaf_count=41784 4829 5140 4274 4492 124232 2077 3321 8276 8595 9753 2643 3473 13409 33298 3676 3437 6759 2776 2410 10853 8500 2928 17956 2373 3695 4727 2216 5338 4120 2786
internal_value=-3.94114e-05 -0.000178763 0.000177344 0.00208442 -0.000520634 0.000817122 0.0030135 -0.000109635 -0.000547581 0.000757699 0.00130477 0.000923225 -0.000818235 -0.00138828 -0.00182576 0.00020552 0.00397689 -0.00395029 -0.000193745 -0.00106643 -0.00101813 -0.00288359 0.00176038 -0.0020145 0.00230826 0.00322173 0.00188167 -0.000772061 0.00089979 0.00117092
internal_weight=88346.2 76938.7 37687.1 4921.21 39251.6 6206.51 3799.87 32765.8 21774.7 10991.1 8562.53 7902.71 19709.6 12657.9 10513.1 7051.7 2970.95 2197.87 4379.47 3312.02 3708.43 1587.89 5000.78 1281.53 3523.24 2600.77 1733.68 33045.1 11407.5 2029.24
internal_count=354146 308242 151024 19712 157218 24862 15220 131312 87268 44044 34291 31648 78992 50718 42123 28274 11899 8825 17537 13263 14865 6365 20033 5149 14111 10416 6943 132356 45904 8124
is_linear=0
shrinkage=0.03


Tree=96
num_leaves=31
num_cat=0
split_feature=33 14 40 10 10 30 11 14 18 37 11 15 27 5 14 4 12 8 10 13 12 4 35 27 16 0 7 13 4 4
split_gain=10.5938 8.93527 9.02193 24.7297 30.764 14.4141 9.95866 14.5947 11.7876 9.88518 14.7256 10.3233 9.30054 8.374 8.07831 10.0733 7.96758 7.57712 14.0919 10.6813 11.3144 10.5328 8.5097 10.215 13.5861 11.6933 9.7125 8.86549 8.39971 7.94719
threshold=1.0962552428245547 -9.0271534919738752 0.97436079382896434 -0.28766213357448572 -1.0552718639373777 -0.010009209625422953 1.1499673128128054 -8.0840396881103498 1.4412636756896975 -0.6422179341316222 0.39836551249027258 -6.7406828403472892 -0.17976315319538114 -0.8881067931652068 -7.1614344120025626 -0.27049657702445978 -7.8389799594879142 1.2382079958915713 -0.71306616067886341 -6.991140365600585 -8.0387344360351545 -0.4156296700239181 -0.50261849164962757 -0.29368183016777033 -0.085195053368806825 -0.74584656953811634 -1.0717024207115171 -7.2734785079956046 -0.39693115651607508 0.035827988758683212
decision_type=2 2 2 2 2 2 2 2 2 2 2 2 2 2 2 2 2 2 2 2 2 2 2 2 2 2 2 2 2 2
left_child=1 -1 9 4 -4 -6 7 -5 12 10 16 17 -9 -13 -15 -16 -3 22 -19 20 -20 -22 23 24 26 -25 -11 -26 -27 -23
right_child=-2 2 3 6 5 -7 -8 8 -10 11 -12 13 -14 14 15 -17 -18 18 19 -21 21 29 -24 25 27 28 -28 -29 -30 -31
leaf_value=0.0028067658174223257 -0.0026304862739159511 0.0015023749043642383 -0.0034229593746330695 -0.0059079516372701167 0.0061215935329477604 -6.4433590354152849e-05 -0.0051609169614532466 0.0031607782561732922 -0.0038297009686883055 -0.0050797851850280552 -0.0012684667272355062 0.0052228811486120788 -0.0012074794928589542 0.0040844950986265831 -0.0030389119784318369 0.0014188613318873362 0.0060324539377996558 -0.0057640607605619924 0.00084381252096956837 0.0026459921943318408 0.0016003737218816102 -0.0063529753382946738 0.0001853964245285576 -0.0053716109499370437 0.0036199049900141008 -0.0034301553240249348 -0.00025773838677042746 -0.0004736095075815045 -8.1674345208530982e-05 -0.0021532363033116672
leaf_weight=1038.0434487313032 1334.008849427104 671.47507286071777 762.46745643019676 575.31407031416893 958.72740061581135 521.18792439997196 945.8188723474741 762.7665066421032 726.86608497798443 514.23217149078846 755.69134236872196 497.1682248711586 1005.9288557469845 607.6672437787056 614.48344622552395 1683.5701575428247 738.87242358922958 509.41468812525272 1694.8658267706633 776.90094000101089 537.03190356492996 501.59170396625996 60588.440150260925 726.82505276799202 1160.3777156919241 983.87601406872272 1333.049712061882 799.23441450297832 2098.0041374266148 2069.5070647448301
leaf_count=4159 5371 2697 3058 2306 3844 2091 3793 3057 2917 2069 3037 2000 4031 2435 2461 6743 2978 2041 6793 3111 2151 2010 242780 2917 4678 3947 5344 3221 8404 8302
internal_value=1.26795e-05 5.34313e-05 1.99226e-05 -0.00107596 0.00144372 0.00395722 -0.0024827 -0.00164374 -0.000641033 0.000105934 0.0021002 5.00745e-05 0.000683552 0.00166338 0.00103853 0.000218882 0.00390142 -2.40343e-05 -0.00103709 -0.000596008 -0.00112482 -0.00219758 6.65513e-05 -0.000877964 0.000221188 -0.0019743 -0.00162019 0.00195642 -0.0011583 -0.002994
internal_weight=88493.4 87159.4 86121.4 6259.08 2242.38 1479.92 4016.69 3070.88 2495.56 79862.3 2166.04 77696.2 1768.7 3402.89 2905.72 2298.05 1410.35 74293.4 6089.31 5579.9 4803 3108.13 68204 7615.6 3806.89 3808.71 1847.28 1959.61 3081.88 2571.1
internal_count=354746 349375 345216 25097 8993 5935 16104 12311 10005 320119 8712 311407 7088 13639 11639 9204 5675 297768 24408 22367 19256 12463 273360 30580 15312 15268 7413 7899 12351 10312
is_linear=0
shrinkage=0.03


Tree=97
num_leaves=31
num_cat=0
split_feature=39 11 40 14 32 32 28 17 24 8 30 35 26 6 10 5 13 8 10 6 30 14 13 6 24 32 3 26 17 11
split_gain=13.2398 11.9051 15.4567 14.793 13.3407 12.942 12.659 11.3734 17.075 17.1499 13.1875 9.90284 18.459 11.9422 9.89915 11.6048 10.4725 10.4952 11.4026 9.62617 20.9764 10.9913 12.4131 14.1142 11.3055 10.7996 11.6484 12.4086 10.5916 10.6386
threshold=-0.46946710348129267 1.4046126604080202 0.49999524652957922 -7.1775476932525626 -1.1165507435798643 -0.043347148224711411 -3.5098391771316524 -0.019473575055599209 2.4894167184829716 1.4777653217315676 0.35048000514507299 -0.048814419656991952 -2.7434545755386348 -0.84432804584503163 1.0398989915847781 0.7797696888446809 -7.7082912921905509 0.94940820336341869 0.60273277759552013 0.97068026661872875 0.57910713553428661 -7.3672382831573477 -7.0296368598937979 -0.033911243081092828 1.6204181313514712 0.39097976684570318 -0.52544587850570668 0.78181776404380809 0.3385062068700791 0.10718674957752229
decision_type=2 2 2 2 2 2 2 2 2 2 2 2 2 2 2 2 2 2 2 2 2 2 2 2 2 2 2 2 2 2
left_child=7 4 5 -4 -2 -3 -6 11 9 19 -10 12 -1 -14 16 -16 -13 18 -18 21 -21 25 23 24 -23 26 27 -9 29 -28
right_child=1 2 3 -5 6 -7 -8 8 10 -11 -12 14 13 -15 15 -17 17 -19 -20 20 -22 22 -24 -25 -26 -27 28 -29 -30 -31
leaf_value=0.0070389125098848145 0.004459715136123114 -0.0019909152282409307 -0.0043681858447826528 0.00078141409441056674 -0.0048120083442020215 0.00091691865796220953 -5.5448047538487749e-05 0.0015682948097099653 -0.0069157042516742534 0.0042739141481742205 -0.00026747185191278031 -0.001036229362843048 -0.00094095619654279545 0.0024481355658565697 0.00092090235183218949 0.0059762599352172763 0.0038792410968582743 -0.0022821416412781405 -0.0011702988302768101 -0.0051061029743488659 0.0011737392837291359 -0.0061008462008563932 0.00056640529862327755 0.00041304908753889765 -0.0011498218652846079 -0.0023608889746660855 0.00351328377392152 -0.0036966519936546438 0.0050336507500735959 -0.00064333543392116872
leaf_weight=614.77522732317448 573.12884137034416 2461.1662961095572 2066.6239177137613 658.53546525537968 498.85129097104073 3103.5317790359259 48526.342096045613 1173.3328072875738 534.36314615607262 898.46814645826817 531.59782148897648 3814.4590930640697 1268.4926559627056 3509.732787951827 1436.1104040294886 563.91322007775307 1417.6210389733315 524.55442434549332 555.08497492969036 944.81731882691383 953.9599993377924 874.342144921422 4310.4062894582748 1279.9393460303545 792.96824468672276 639.97792322933674 1147.8146449178457 600.89538305997849 1195.89874792099 1057.8857542276382
leaf_count=2464 2339 9868 8287 2639 1998 12438 194496 4706 2141 3600 2130 15280 5109 14060 5752 2261 5679 2103 2224 3790 3823 3507 17283 5124 3181 2563 4598 2423 4791 4236
internal_value=3.97384e-05 -0.000227174 -0.00127878 -0.00312548 -5.1186e-05 -0.000370429 -0.000104819 0.000543903 2.38667e-05 0.000271649 -0.00363351 0.00118609 0.0021861 0.00154834 0.000535393 0.00236892 -4.84327e-05 0.0014585 0.00245965 2.87849e-05 -0.00196144 0.000319122 -0.000459377 -0.00195645 -0.00376705 0.00128975 0.00174482 -0.000225561 0.0027702 0.0015258
internal_weight=88529.6 57888.2 8289.86 2725.16 49598.3 5564.7 49025.2 30641.4 16936.7 15870.7 1065.96 13704.7 5393 4778.23 8311.74 2000.02 6311.72 2497.26 1972.71 14972.2 1898.78 13073.5 7257.66 2947.25 1667.31 5815.81 5175.83 1774.23 3401.6 2205.7
internal_count=354893 232065 33232 10926 198833 22306 196494 122828 67896 63625 4271 54932 21633 19169 33299 8013 25286 10006 7903 60025 7613 52412 29095 11812 6688 23317 20754 7129 13625 8834
is_linear=0
shrinkage=0.03


Tree=98
num_leaves=31
num_cat=0
split_feature=36 29 13 30 37 13 35 13 29 22 35 10 9 6 9 16 3 23 40 40 4 29 33 35 34 20 23 6 26 3
split_gain=12.4891 13.2048 15.2114 12.3343 16.1786 12.1426 11.2265 17.6998 12.628 11.1906 10.2673 8.9126 10.9548 9.38364 11.0491 10.7393 9.10084 8.88838 11.6519 9.37161 10.0035 11.5006 10.8239 9.83523 12.2271 18.1242 9.71553 9.45673 9.30093 10.9449
threshold=0.89498746395111095 -0.85096710920333851 -8.62701368331909 -0.53819739818572987 -0.35714119672775263 -7.9490439891815177 -0.66847530007362355 -7.6859037876129142 -0.44552896916866297 1.5799562931060793 -0.72505891323089589 -0.71306616067886341 0.20416722446680072 0.22056626528501513 -0.58439865708351124 -0.012170387431979178 -0.23371575772762296 0.8956790864467622 0.99538671970367443 0.97236067056655895 0.21336846798658374 0.46070709824562078 -0.012691121082752941 0.059330977499485023 0.35593432188034063 1.8897328376770022 0.82291927933692943 -0.81615516543388356 0.065352573990821852 1.8487819433212282
decision_type=2 2 2 2 2 2 2 2 2 2 2 2 2 2 2 2 2 2 2 2 2 2 2 2 2 2 2 2 2 2
left_child=3 -2 -3 10 5 9 7 -6 -9 -5 -1 -4 13 14 -13 -15 -16 18 19 20 21 26 27 -24 -25 -26 -8 -22 -19 -30
right_child=1 2 11 4 6 -7 17 8 -10 -11 -12 12 -14 15 16 -17 -18 28 -20 -21 22 -23 23 24 25 -27 -28 -29 29 -31
leaf_value=-0.00431786935886892 -0.0027721402713193634 0.0040028359458352857 0.0019817444010079947 -0.0028942314914114143 0.0023320424234271071 0.0019349378510567481 -0.00022020151470066455 -0.00069160602811968615 -0.0064535853274319552 0.0018752459586668651 -0.00071984026167729314 0.0025652325158430547 0.00099666680063465319 -0.00075681132542864185 -0.0038020941345469641 -0.0047725105050100726 0.00025469216082099909 -0.0026942809897433544 0.0039490537869192781 -0.0028850461502941396 0.00034441143789664405 -0.0022824429739477705 -0.00081730681824542688 0.0029971152512730382 -0.0022020440575442066 0.0030819351992323928 0.0036755348061249197 0.0050263597000006401 0.0011031315547777724 -0.0036602487490639108
leaf_weight=722.67001815140247 1013.2223224639893 1184.2227995991707 2946.9677123129368 1041.5047190785408 498.73660300672054 5687.4050335139036 12671.410766631365 567.26299571990967 863.52011713385582 755.7879241257906 28475.184858635068 1231.5587109327316 6795.45789475739 1860.9055284559727 689.27935130894184 877.56412328779697 1722.5330953150988 2327.9661421626806 666.36579269170761 991.52401001751423 664.73188953101635 2434.8702814877033 3455.0444422513247 2069.5537125021219 1483.2195573598146 949.72784629464149 593.56471085548401 928.86098033189774 1816.8000781089067 559.46941320598125
leaf_count=2903 4063 4745 11808 4176 2002 22856 50795 2283 3461 3040 114130 4935 27232 7455 2762 3517 6897 9341 2671 3975 2664 9751 13833 8284 5942 3808 2377 3719 7289 2252
internal_value=-0.000157175 0.000540161 0.000735549 -0.00033916 -3.71923e-06 0.00125647 -0.000285208 -0.00250071 -0.00418979 -0.000889318 -0.000810342 0.000493256 0.00015912 -0.000732873 0.000264803 -0.00205636 -0.000915621 -0.000149236 6.1259e-05 -3.8929e-05 7.39267e-05 -0.000391749 0.000838998 0.000385356 0.001308 -0.000135212 -4.32425e-05 0.00308772 -0.00135087 -2.89988e-05
internal_weight=88546.9 18321.7 17308.5 70225.2 41027.3 7484.7 33542.6 1929.52 1430.78 1797.29 29197.9 16124.3 13177.3 6381.84 3643.37 2738.47 2411.81 31613.1 26908.9 26242.5 25251 15699.8 9551.14 7957.55 4502.5 2432.95 13265 1593.59 4704.24 2376.27
internal_count=354966 73414 69351 281552 164519 30072 134447 7746 5744 7216 117033 64606 52798 25566 14594 10972 9659 126701 107819 105148 101173 62923 38250 31867 18034 9750 53172 6383 18882 9541
is_linear=0
shrinkage=0.03


Tree=99
num_leaves=31
num_cat=0
split_feature=23 43 43 40 21 43 1 20 33 12 19 22 28 22 12 1 15 9 40 33 31 15 8 29 40 21 10 21 15 23
split_gain=12.3294 16.8943 16.9071 14.961 14.1022 26.5323 26.2594 16.228 16.114 15.3505 14.4389 14.0858 15.3857 13.1733 17.1513 16.5685 12.5531 12.4679 12.3993 12.0708 14.8679 11.9369 11.9289 12.2274 14.1766 11.558 11.2607 11.2191 11.1796 12.1627
threshold=0.86317342519760143 0.2333333417773247 0.70000001788139354 -0.99451243877410878 0.6341332495212556 0.5000000149011613 -0.59020361304283131 1.7476711869239809 -0.012691121082752941 -8.9937210083007795 0.75629860162734996 1.8339983820915224 -0.93497800827026356 1.7608603835105898 -7.9915709495544425 0.63727203011512767 -7.5427582263946524 0.9379032850265504 0.17364652454853061 0.39877641201019293 -0.16653037816286084 -6.8718161582946768 -0.94660198688507069 -0.49970006942749018 -0.48480500280857081 0.99981877207756054 1.1135295629501345 0.14594259858131411 -7.2582325935363761 0.95537742972373974
decision_type=2 2 2 2 2 2 2 2 2 2 2 2 2 2 2 2 2 2 2 2 2 2 2 2 2 2 2 2 2 2
left_child=3 25 13 -1 9 19 -7 8 18 -5 -9 12 21 14 15 -3 -4 -15 -8 -6 -21 27 -13 24 -24 -2 -25 -11 29 -16
right_child=1 2 16 4 5 6 7 10 -10 11 -12 22 -14 17 28 -17 -18 -19 -20 20 -22 -23 23 26 -26 -27 -28 -29 -30 -31
leaf_value=0.0025181690697790048 -0.0033379082497069336 0.0014142541271338971 6.036859287365596e-05 -0.0027460563433526815 0.00022959413310211224 0.0068032888586533622 0.0071979138236056058 0.0013019555444529233 0.00033980322665462097 0.0011341698285430265 0.0077318785197444092 -0.00056382664400863485 -0.00083937843091967928 -0.0031289721164464443 0.0007868905510634253 0.0066624344104617471 -0.0032410344748959783 0.0014855005089098739 0.0007974292683443333 -0.0064422701337605529 -0.00068928268902859031 0.0028201196349428607 0.0079125603297305423 0.0017034509282894152 0.0020990936647000435 0.0002437829794952163 -0.002649512023470938 -0.00045488649891973977 0.0024306240800828476 -0.0042845008550443523
leaf_weight=2420.9789135307074 3001.6350756585598 1354.5547983795404 1996.7891593575478 1961.1478862911463 9208.8050000667572 887.45230537652969 584.77072638273239 626.29831480979919 6624.1254926174879 6219.4418198913336 630.98066647350788 2571.5139943510294 20726.990605711937 1253.578222244978 942.84661185741425 899.89561419188976 2144.7350889146328 895.99769093096256 507.72583876550198 560.09595240652561 1400.1730041205883 1592.6593748182058 551.84580913186073 2939.2038465738297 1185.2080475240946 1107.8524708449841 644.00334398448467 11157.268320918083 1047.2591317743063 762.01787935197353
leaf_count=9703 12060 5425 8009 7856 36868 3554 2342 2509 26529 24938 2527 10373 83101 5032 3778 3605 8610 3593 2035 2243 5611 6382 2221 11782 4768 4448 2580 44676 4197 3056
internal_value=4.14093e-05 -0.000729479 -0.000129686 0.000204187 0.000124468 0.000775182 0.00190838 0.00141728 0.000899262 -0.000151818 0.00456444 -4.43523e-05 -0.000274543 0.000752982 0.00159548 0.00352931 -0.00165299 -0.00120757 0.00425757 -0.000226149 -0.0023574 0.000342746 0.00111241 0.00192214 0.0039807 -0.00237409 0.000915904 0.000114191 4.29895e-06 -0.00149162
internal_weight=88407.9 15407.2 11297.7 73000.7 70579.7 21030.4 9861.35 8973.9 7716.62 49549.3 1257.28 47588.1 39696.4 7156.15 5006.57 2254.45 4141.52 2149.58 1092.5 11169.1 1960.27 18969.4 7891.78 5320.26 1737.05 4109.49 3583.21 17376.7 2752.12 1704.86
internal_count=354411 61813 45305 292598 282895 84218 39496 35942 30906 198677 5036 190821 159097 28686 20061 9030 16619 8625 4377 44722 7854 75996 31724 21351 6989 16508 14362 69614 11031 6834
is_linear=0
shrinkage=0.03


Tree=100
num_leaves=31
num_cat=0
split_feature=36 41 27 34 37 37 1 21 15 35 18 30 1 23 23 1 41 37 15 27 4 11 11 19 27 8 20 30 14 15
split_gain=12.1587 14.4514 14.0046 12.2635 16.0433 11.7382 16.5481 10.6763 10.0374 11.3316 9.86364 11.2227 9.00873 8.9602 17.9336 13.6989 10.6972 9.89764 8.9746 8.84484 8.54435 7.73638 7.29798 16.4991 15.561 14.9314 10.5833 11.1059 18.5035 12.0232
threshold=-0.97611919045448292 0.6078576147556306 -0.9999999701976775 -0.24015416949987409 -0.32102568447589869 -0.071990601718425737 -1.1927073597908018 0.094239983707666411 -7.6634504795074454 -0.23301487416028974 0.62342318892478954 -0.70852786302566517 -1.5238395333290098 0.99985289573669445 0.92143085598945629 1.034498989582062 -0.60785761475563038 0.50305360555648815 -7.575894594192504 -0.34630693495273585 -0.68069276213645924 0.35610894858837133 -0.38733747601509089 0.99945682287216198 0.81520152091979992 -1.0068511962890623 0.98834586143493663 -0.25542996823787684 -7.4263918399810782 -7.6425647735595694
decision_type=2 2 2 2 2 2 2 2 2 2 2 2 2 2 2 2 2 2 2 2 2 2 2 2 2 2 2 2 2 2
left_child=1 2 -1 5 -5 6 -4 8 -2 -10 -6 -12 -11 14 22 -16 -15 -17 -18 -8 -14 -13 23 26 -24 -26 27 29 -29 -9
right_child=7 -3 3 4 10 -7 19 13 9 12 11 21 20 16 15 17 18 -19 -20 -21 -22 -23 24 -25 25 -27 -28 28 -30 -31
leaf_value=-0.005002279595647665 -0.00027473002495318226 -0.0024366626303577951 -0.00085449869884554564 -0.0029911686242128231 -0.0027463904741955153 -0.0015828622845130943 0.006216579971761272 -0.00088915711780662688 0.00012193606569025855 -0.0006037625126608621 -0.00094362093936791228 0.0037633813328920157 0.0046361587208145058 -0.0010647006429921038 -0.0026128916300284951 0.0018970832770428324 0.0041513453749047816 -0.0028856816078406278 0.00042163575135893932 0.0014331928875217297 0.0011989698193243502 0.00011674071944869358 5.6102834758757085e-05 0.0026592719701357724 0.0032311531063385587 -0.0019558109822376333 -0.00035473760935873897 0.0033004240104814275 -0.0031564462951906799 0.0041922999358218575
leaf_weight=533.02707301080227 3441.4840449541807 3960.5868348777294 812.80347587168217 2036.0342239439487 841.22520719468594 815.42436221241951 937.43633376061916 561.24386565387249 2285.8500096648932 572.01041527092457 1783.3069610148668 1265.9540941119194 1968.2494208812714 1075.0978813171387 4339.4395244568586 1295.329159155488 1332.0212468802929 545.18401657044888 1027.8322681933641 561.53820331394672 983.20865671336651 889.09621730446815 31168.231490343809 2716.6108549833298 534.53089375793934 6157.5122334361076 10936.557499215007 687.29483792185783 925.32249346375465 1609.1891015321016
leaf_count=2144 13816 15880 3276 8156 3370 3271 3765 2247 9215 2301 7145 5071 7897 4314 17417 5204 5341 2193 4125 2252 3938 3564 124863 10884 2141 24665 43826 2752 3705 6443
internal_value=-9.91596e-05 -0.000895391 -0.000310916 -5.46427e-05 -0.000768161 0.00149793 0.00258675 5.59348e-05 0.00100884 0.0017684 0.000183077 0.000814177 0.00283317 -8.00017e-05 -0.000163407 -0.00169474 0.00140887 0.000472428 0.00253551 0.00444602 0.00349906 0.0022664 8.01136e-06 0.000515694 -0.000225872 -0.0015373 0.000118545 0.0014841 -0.000401158 0.00288025
internal_weight=88598.6 14436.4 10475.8 9942.82 6815.62 3127.2 2311.78 74162.2 9250.8 5809.32 4779.58 3938.36 3523.47 64911.4 61476.4 6179.95 3434.95 1840.51 2359.85 1498.97 2951.46 2155.05 55296.5 17436.2 37860.3 6692.04 14719.6 3783.05 1612.62 2170.43
internal_count=355181 57894 42014 39870 27306 12564 9293 297287 37167 23351 19150 15780 14136 260120 246340 24814 13780 7397 9466 6017 11835 8635 221526 69857 151669 26806 58973 15147 6457 8690
is_linear=0
shrinkage=0.03


Tree=101
num_leaves=31
num_cat=0
split_feature=9 23 24 17 40 27 20 9 18 28 21 26 39 0 30 37 20 5 27 39 0 11 28 12 4 4 28 40 39 37
split_gain=14.5079 11.2355 10.1389 10.5042 11.6038 9.63488 9.33458 9.89162 10.9006 11.9656 12.2525 9.93932 9.26281 9.7217 9.17391 10.5933 11.4084 9.16369 11.617 11.0607 8.14044 12.2619 24.0309 12.9497 12.2006 12.1349 14.2458 10.8699 11.3134 10.6332
threshold=-0.53274494409561146 0.92511069774627697 1.9088029861450198 -0.70575538277626026 -0.49999524652957911 0.64045473933219921 2.3406183719635014 -0.92625656723976124 1.4016079902648928 0.36243243515491491 0.77782443165779125 -1.3214251995086668 0.45398618280887609 -0.063160028308629976 0.59326696395874035 0.36096569895744329 1.3599539399147036 0.48146083950996404 0.2379431948065758 -0.27563473582267756 -0.91669535636901844 -0.35566452145576471 -1.5221934914588926 -8.6683444976806623 1.7082808613777163 0.28803296387195593 0.48034739494323736 -0.30901405215263361 -0.2923689186573028 9.4796393635245362e-14
decision_type=2 2 2 2 2 2 2 2 2 2 2 2 2 2 2 2 2 2 2 2 2 2 2 2 2 2 2 2 2 2
left_child=1 2 3 4 -1 -3 7 8 9 10 12 -9 -4 -14 15 -5 -17 18 19 -16 25 22 -22 -24 -25 27 29 28 -2 -27
right_child=20 5 6 14 -6 -7 -8 11 -10 -11 -12 -13 13 -15 17 16 -18 -19 -20 -21 21 -23 23 24 -26 26 -28 -29 -30 -31
leaf_value=0.0020097767223099493 -0.0036904645907405364 0.00065248912302152018 0.0023548787279424987 0.0015642707250962818 -0.0037581405364743533 -0.0045099197806117456 0.0036998532433310393 -0.000364869929458565 -0.0018825319165091505 -0.003084690040266836 0.0055884379639776095 -0.0052149162300158996 -0.0040985078076380488 0.001522733748770172 0.0023246666191931676 0.0070336257749758612 0.001090021372376264 0.0036617586161917363 -0.0040273225715129384 -0.00265031031680589 0.0019034457868543253 -0.00065925364525319489 -0.0040203545361067738 6.251537175675283e-05 -0.0044817542117071632 -0.0021873005123085694 0.0060549120232879393 0.00098537150301700963 0.0001176867675840508 0.0028536916211976309
leaf_weight=531.4335225969553 1175.469135671854 610.86021926999092 1545.8346392959356 9165.4495177268982 740.08684048056602 680.83032321929932 525.17653788626194 854.39159210026264 1585.1879204809666 525.38763727247715 600.76227408647537 677.67743034660816 534.01820614933968 555.94778551161289 1119.2176042050123 692.16301076114178 503.18141375482082 501.32233947515488 687.26063078641891 615.00494587421417 5603.4612922668457 40239.293487533927 869.04229512810707 8807.6887699663639 555.88178583979607 607.65321572124958 688.32482223212719 3913.0480324029922 1720.524560213089 956.99564734101295
leaf_count=2132 4719 2448 6192 36790 2968 2730 2120 3422 6358 2105 2407 2715 2139 2226 4500 2773 2016 2008 2755 2473 22445 161262 3481 35293 2236 2434 2758 15702 6903 3835
internal_value=-1.65342e-05 0.000626612 0.000786828 0.00124634 -0.00135056 -0.00208228 -0.000116916 -0.000413245 0.000196866 0.00107574 0.00175852 -0.00253009 0.000867763 -0.00124356 0.00149575 0.00191413 0.00456146 1.11985e-05 -0.000756533 0.000555318 -0.00024617 -0.000381 0.000326009 -0.000538824 -0.000211755 0.000587653 0.00249089 -4.48175e-05 -0.0014354 0.000894494
internal_weight=88388.6 23251.2 21959.5 14555.1 1271.52 1291.69 7404.38 6879.21 5347.14 3761.95 3236.56 1532.07 2635.8 1089.97 13283.6 10360.8 1195.34 2922.81 2421.48 1734.22 65137.4 56075.4 15836.1 10232.6 9363.57 9062.02 2252.97 6809.04 2895.99 1564.65
internal_count=354345 93277 88099 58415 5100 5178 29684 27564 21427 15069 12964 6137 10557 4365 53315 41579 4789 11736 9728 6973 261068 224717 63455 41010 37529 36351 9027 27324 11622 6269
is_linear=0
shrinkage=0.03


Tree=102
num_leaves=31
num_cat=0
split_feature=0 24 20 12 43 43 29 27 5 27 14 10 14 2 10 29 33 12 28 9 10 40 9 0 19 39 5 25 31 21
split_gain=12.8654 17.7705 14.7237 12.3528 12.075 11.8361 10.328 10.15 9.74304 9.50386 12.8251 12.7438 13.2161 11.7543 11.3168 13.3268 17.3176 9.45558 12.3495 11.921 15.5467 19.1033 9.33737 9.29411 15.1064 9.11924 9.46025 12.1236 9.05129 11.9762
threshold=-1.0000000180025095e-35 1.9088029861450198 1.3490458130836489 -8.3780064582824689 0.76666668057441723 0.16666667163372043 0.59930142760276806 0.97209137678146373 -0.85876676440238942 -0.80539238452911366 -7.733468532562255 -0.44423446059226984 -6.7638397216796866 -0.48776674270629877 -0.10205358639359473 0.26339747011661535 0.17990226298570636 -8.0048937797546369 0.16167773306369784 0.69455558061599743 -0.54972115159034718 -0.46174421906471247 -0.37228241562843317 0.30483448505401617 0.99945682287216198 0.77713856101036083 0.59982129931449901 0.3247963041067124 -0.4032482504844665 0.62128499150276195
decision_type=2 2 2 2 2 2 2 2 2 2 2 2 2 2 2 2 2 2 2 2 2 2 2 2 2 2 2 2 2 2
left_child=1 3 5 6 7 23 -1 -4 -7 10 -3 -11 14 -12 -13 16 -16 18 19 20 21 -10 -23 -2 -25 26 27 -6 29 -5
right_child=2 9 4 28 25 8 -8 -9 17 11 13 12 -14 -15 15 -17 -18 -19 -20 -21 -22 22 -24 24 -26 -27 -28 -29 -30 -31
leaf_value=-0.0021488573904991314 0.00086196970613513688 -0.0059677476223506084 0.00030880612175201522 0.00045073386202996047 0.00032740296187493758 0.0042537306492822606 0.0020434179526837857 -0.0017686753512212773 -0.0012611588005431861 -0.0026863710193757353 -5.3974989968829388e-05 0.0031197323828897998 0.0044029748151942364 -0.0051519654500825551 -0.0012271009199916298 -0.0034943794054074174 0.0049248828928237769 0.00028052758880263103 0.00496709081944417 0.0031945993642627777 -0.00020003835621506156 0.0074717016438555347 0.002095956998278086 -0.0032310670072786076 0.0011503839386026585 -0.0043892542774037055 0.00072989081959698909 -0.0045993535279556502 -0.00015460957894202222 0.0038346823903329815
leaf_weight=3849.1526569128036 2287.9316209554672 907.33965672552586 14021.712154880166 4023.9440846145153 784.39499242603779 783.43773308396339 604.76902271807194 2482.5693532377481 619.60771624743938 2637.4882623106241 1314.9139677286148 610.89461405575275 513.3229203671217 579.68406119942665 1829.5874310135841 1454.8593088537455 520.60041342675686 11540.8262924999 855.5193350315094 2101.4816968739033 5280.8715139627457 685.80628070235252 517.5780473202467 1963.6853887885809 1098.0588113665581 939.93028295040131 1481.4149776101112 1039.0252645015717 20097.968598410487 1220.0473553836346
leaf_count=15426 9166 3642 56226 16196 3149 3139 2423 9963 2481 10570 5285 2448 2056 2323 7331 5831 2086 46222 3426 8416 21147 2748 2073 7867 4399 3771 5947 4163 80583 4887
internal_value=-9.6539e-05 -0.000493553 0.000232386 -0.000121129 -0.000371941 0.000684467 -0.00157631 -4.56982e-06 0.000987361 -0.00156262 -0.0030527 -0.00100755 -0.00010564 -0.00163265 -0.0006385 -0.00124847 0.000150745 0.000866985 0.00153876 0.0012151 0.000625852 0.00300634 0.00519591 -0.000582436 -0.00166108 -0.00179697 -0.00104867 -0.00248975 0.000135145 0.00124383
internal_weight=88648.4 40164.6 48483.9 29795.9 20749 27734.8 4453.92 16504.3 22385.1 10368.7 2801.94 7566.75 4929.26 1894.6 4415.94 3805.05 2350.19 21601.7 10060.9 9205.35 7103.86 1822.99 1203.38 5349.68 3061.74 4244.77 3304.84 1823.42 25342 5243.99
internal_count=355390 161087 194303 119515 83219 111084 17849 66189 89652 41572 11250 30322 19752 7608 17696 15248 9417 86513 40291 36865 28449 7302 4821 21432 12266 17030 13259 7312 101666 21083
is_linear=0
shrinkage=0.03


Tree=103
num_leaves=31
num_cat=0
split_feature=20 1 36 7 23 13 35 35 25 15 30 16 25 18 35 1 35 29 23 11 15 15 43 15 25 11 30 35 20 34
split_gain=12.218 13.5065 14.2066 14.7905 13.9524 13.3156 12.235 13.4557 16.41 16.9317 14.5335 10.6546 12.1097 10.4227 10.9189 13.4501 9.97735 9.66046 10.7798 13.545 9.34961 10.1418 21.5087 14.1052 10.0502 9.98008 9.91459 9.24883 9.22051 11.0467
threshold=0.81746941804885875 -0.50073906779289235 -0.6314757466316222 -0.89748653769493092 0.71187198162078869 -7.8029482364654532 -0.11633552238345145 0.65321272611618053 0.85826170444488536 -7.69053030014038 -0.019848208874464032 -0.21624371409416196 0.087639492005109801 0.97311276197433483 -0.33270719647407526 0.022082647308707241 0.36665788292884832 -0.62771439552307118 0.37405797839164739 -0.49653841555118555 -6.808440923690795 -7.2871365547180167 0.76666668057441723 -7.3508718013763419 0.68445134162902843 -1.3463751673698423 -0.76113131642341603 0.26049622893333441 1.1550636887550356 -0.27596870064735407
decision_type=2 2 2 2 2 2 2 2 2 2 2 2 2 2 2 2 2 2 2 2 2 2 2 2 2 2 2 2 2 2
left_child=6 17 3 5 16 -3 13 8 9 -8 -11 12 -4 14 15 -1 -5 -2 19 -19 21 23 25 -14 -22 -23 -25 -21 29 -13
right_child=1 2 11 4 -6 -7 7 -9 -10 10 -12 28 20 -15 -16 -17 -18 18 -20 27 24 22 -24 26 -26 -27 -28 -29 -30 -31
leaf_value=-0.0032070064064786872 0.0019221543664943272 -0.0017544910612042719 -0.0035308350506839327 -0.0019284069748109367 -2.4473052700185047e-05 0.0041489874540613699 -0.0032797541281234049 0.0024157103052131995 -0.0053683665746992858 -0.0012852431857962273 0.0028001035662623651 0.0032267335729968074 0.00077698675254140454 -0.0024009750826590724 0.0026456093841856097 0.0025657378883130887 -0.0053681149413255993 -0.0022790081938406995 0.0011082433949799885 0.0011056985198693351 0.0059624988350828623 -0.0032520341569267329 -0.0047852313786736654 0.001143783449216012 0.00033332901810492136 0.0012006927992140462 0.0067685246365426993 -0.0022070630692304295 -0.00055564103015954582 0.00012837699562920916
leaf_weight=847.65863642096519 5242.2964906543493 576.27853651344776 576.23097218573093 4299.3186737298965 3184.6571302115917 826.63571682572365 2424.5085309892893 693.53456419706345 1058.5729227811098 2603.492500513792 1109.3778145760298 1283.8914568275213 10841.395749762654 913.36569605767727 1965.2060219496489 620.65391166508198 919.24328403174877 2370.4588698595762 9600.95349162817 3985.4649497121572 632.53500740230083 528.90298153460026 864.80339179933071 513.9434305280447 515.87897729873657 2837.7513100802898 628.32716265320778 926.5333621352911 19920.157129853964 5193.4768630415201
leaf_count=3395 21120 2313 2311 17219 12772 3321 9709 2778 4242 10425 4441 5145 43429 3658 7870 2487 3683 9519 38450 16008 2534 2119 3466 2059 2067 11368 2517 3713 79881 20801
internal_value=3.28319e-05 0.000174046 -8.11888e-05 -0.00111388 -0.00158995 0.00172875 -0.000846775 -0.00155025 -0.0019353 -0.0013354 -6.03297e-05 0.000147413 0.000711337 0.000430634 0.00118867 -0.000766025 -0.00254342 0.00079838 0.000448517 -0.000421572 0.00085407 0.000667595 -0.000593992 0.00111319 0.00345853 0.000493608 0.00426967 0.000477609 -0.000235954 0.000746535
internal_weight=88505.5 76269.1 54143.4 9806.13 8403.22 1402.91 12236.4 7889.49 7195.95 6137.38 3712.87 44337.3 17939.8 4346.88 3433.52 1468.31 5218.56 22125.7 16883.4 7282.46 17363.5 16215.1 4231.46 11983.7 1148.41 3366.65 1142.27 4912 26397.5 6477.37
internal_count=354820 305815 217005 39308 33674 5634 49005 31595 28817 24575 14866 177697 71870 17410 13752 5882 20902 88810 67690 29240 69559 64958 16953 48005 4601 13487 4576 19721 105827 25946
is_linear=0
shrinkage=0.03


Tree=104
num_leaves=31
num_cat=0
split_feature=6 23 21 3 30 35 31 12 37 30 21 30 4 25 12 40 43 23 17 5 40 3 40 34 43 30 23 2 21 43
split_gain=14.4748 14.6606 13.2211 14.4144 13.5104 11.9346 11.6821 12.4977 13.249 12.9499 11.6596 11.2208 10.4387 9.29266 9.28561 8.92065 8.58858 8.53343 11.7436 9.90813 8.35786 8.2946 8.26598 19.9335 8.16408 8.13632 7.80955 12.9473 8.69677 13.8479
threshold=1.4808651208877566 0.93227016925811779 0.98937055468559276 1.1095106005668642 -1.6915982961654661 0.41060559451580053 0.76574489474296581 -8.9287848472595197 -0.12065083906054495 -0.59746047854423512 0.92862072587013256 0.73813828825950634 0.81748175621032726 0.42608331143856054 -8.0455756187438947 0.087154909968376174 0.70000001788139354 0.46023194491863256 0.11014682054519655 0.75435763597488414 -0.65605276823043812 1.551845967769623 -0.99618521332740773 0.11975435540080072 0.43333333730697637 -0.39837163686752314 0.94767108559608471 0.42315968871116644 0.89720308780670177 0.36666667461395269
decision_type=2 2 2 2 2 2 2 2 2 2 2 2 2 2 2 2 2 2 2 2 2 2 2 2 2 2 2 2 2 2
left_child=2 11 3 6 -5 12 7 8 9 -1 -3 20 -6 -10 -8 -7 -12 -4 19 -19 -2 -14 23 -9 -21 -26 28 -28 -24 -30
right_child=1 10 17 4 5 15 14 22 13 -11 16 -13 21 -15 -16 -17 -18 18 -20 24 -22 -23 26 -25 25 -27 27 -29 29 -31
leaf_value=-0.0063494619831666842 -0.0042785750595470467 -0.0065348142301026304 -0.001379377123880788 0.0030841673931531173 -0.0013519228584568171 0.0028838634366974763 0.0053558885812945763 0.0043267900228909067 -0.0026218562872401228 -0.00039089144520956776 -0.00080326708355627104 0.0037691245247667851 -0.0064770878284753719 0.0015063748147710367 0.00061101118794169764 -0.0022738399384329717 -0.0051356574712669622 0.003960589673972505 -0.0010145401388437071 -0.00045072841944234925 0.00026962322278440906 -0.0024076639750584246 -2.8131419395572194e-05 -0.0024171801797816563 0.0010578963365494851 0.0055226567729828964 -0.0048958297838142921 0.00054389062083125684 -0.00081967252259927789 0.0032062068695732156
leaf_weight=845.55788521468639 503.55036200582981 666.38631890714169 946.50126406550407 504.33732353150845 2058.0740865170956 666.56897695362568 634.73341332376003 1171.6815155446529 840.9731017947197 534.86913241446018 1522.9111943542957 565.05985589325428 917.52603287994862 1149.4776637256145 881.91722595691681 535.27276420593262 557.00321361422539 1963.6429340392351 1178.9553778618574 1403.6261875033379 1241.9544209241867 913.65142807364464 59340.392018094659 584.23692859709263 1020.7729206979275 569.44509561359882 751.6793300807476 811.60396526753902 1285.056613266468 1892.2312860637903
leaf_count=3388 2022 2681 3792 2021 8242 2674 2543 4700 3368 2143 6125 2263 3676 4603 3535 2148 2242 7867 4723 5627 4985 3664 237897 2340 4091 2282 3016 3257 5146 7579
internal_value=-7.24594e-05 -0.00162932 2.21202e-05 -9.30098e-05 -0.00155739 -0.00202233 2.30494e-05 -3.42066e-05 -0.00181309 -0.00406013 -0.00310682 0.000132625 -0.00282808 -0.000242206 0.00261886 0.000586933 -0.00198251 0.00126105 0.00166989 0.00230905 -0.00105936 -0.00447079 5.71346e-05 0.00208193 0.00121623 0.00268121 1.33598e-06 -0.0020862 5.38612e-05 0.00158047
internal_weight=88459.6 5056.87 83402.8 76319.8 5595.43 5091.09 70724.4 69207.8 3370.88 1380.43 2746.3 2310.56 3889.25 1990.45 1516.65 1201.84 2079.91 7082.94 6136.44 4957.49 1745.5 1831.18 65836.9 1755.92 2993.84 1590.22 64081 1563.28 62517.7 3177.29
internal_count=354640 20318 334322 305940 22425 20404 283515 277437 13502 5531 11048 9270 15582 7971 6078 4822 8367 28382 24590 19867 7007 7340 263935 7040 12000 6373 256895 6273 250622 12725
is_linear=0
shrinkage=0.03


Tree=105
num_leaves=31
num_cat=0
split_feature=3 21 31 0 0 14 4 25 10 35 41 35 19 14 37 17 0 12 4 9 2 24 23 15 25 35 17 10 23 18
split_gain=12.4563 11.0854 12.1396 12.5695 11.5125 10.9466 9.98789 9.82872 13.4128 13.1551 10.7225 19.6179 19.5634 14.6893 14.2639 13.7891 12.4298 12.2735 11.9941 11.6671 11.0326 9.51944 11.393 10.0559 9.63419 9.42298 9.26506 9.22849 9.17575 9.73509
threshold=1.6349532604217532 0.99981877207756054 0.22255779057741168 1.143165171146393 -2.6699142456054683 -8.1420459747314435 0.5486145317554475 0.88309961557388317 0.43394351005554205 1.0145400762557986 -0.60785761475563038 0.31131403148174291 0.76927500963211071 -7.8092365264892569 -0.59997373819351185 0.14104745537042621 -0.024730631150305268 -8.8988709449768049 0.85957959294319164 -1.9451146721839903 0.55541115999221813 1.1131594777107241 0.77512905001640331 -7.8662400245666495 0.39467535912990576 -0.65252104401588429 -0.54425495862960804 -0.68772053718566883 0.085532877594232573 1.4175102114677431
decision_type=2 2 2 2 2 2 2 2 2 2 2 2 2 2 2 2 2 2 2 2 2 2 2 2 2 2 2 2 2 2
left_child=1 4 6 -4 -1 -2 -3 9 -9 10 11 12 14 16 -6 17 18 -16 -12 -15 21 23 24 -18 -23 28 -13 -17 -21 -30
right_child=5 2 3 -5 7 -7 -8 8 -10 -11 13 26 -14 19 15 27 20 -19 -20 25 -22 22 -24 -25 -26 -27 -28 -29 29 -31
leaf_value=0.0033484085480151543 0.0013593764250019443 0.0029712998498017057 0.0017132547270978585 0.0068033325615567122 -0.0021631996968135532 -0.0022807188270879582 -0.0005631788593505663 -0.0025628041932091307 9.9134933714378743e-06 0.0044300448543223674 -0.002136424782128788 0.0011441030817015624 -0.0007452028858567941 -0.0033099998497480129 -0.00087811820445439438 -0.0039756433608314681 0.00068905250558564703 0.0026878268210489605 0.0021467751163973775 0.0013149896246691518 -0.0019419732436281711 0.00023827579742281667 -0.0024818701771711247 -0.0043351173349971701 0.0031679501922952866 0.00040788529345004159 -0.0024552205966081046 0.00088570533074227176 -0.001094082528826221 -0.006346009915569056
leaf_weight=922.27609603106976 938.21988381445408 960.13485680520535 1533.3939114958048 606.46447260677814 810.95244036614895 3471.2499407231808 2777.3111197650433 3055.5890094935894 4502.2163104563951 617.55001996457577 7078.7770937681198 878.02166512608528 4001.4560108035803 826.17764410376549 955.90839762985706 500.75475093722343 785.83677604794502 9067.1452913731337 633.71731469035149 604.49122220277786 2171.0758896321058 1914.9668506979942 644.7469769269228 645.8118906468153 2132.3914665728807 30602.949193701148 2351.2360630780458 1118.5023502707481 834.57235246896744 508.15945655107498
leaf_count=3728 3763 3847 6146 2432 3261 13942 11127 12258 18059 2473 28379 3519 16028 3313 3829 2010 3148 36359 2539 2440 8695 7677 2583 2587 8539 122642 9422 4486 3343 2041
internal_value=4.75286e-05 0.000129148 0.00138451 0.00318079 3.45915e-05 -0.00150488 0.00035032 -5.40358e-06 -0.00103224 0.000106095 6.67981e-05 0.000658676 0.00107826 -0.000169206 0.0016643 0.00193254 -0.000916027 0.0023472 -0.00178216 0.000189137 -0.000109523 0.000542248 0.00119535 -0.00159168 0.00178581 0.00027894 -0.00147607 -0.000632839 -0.00173931 -0.0031139
internal_weight=88452.1 84042.6 5877.3 2139.86 78165.3 4409.47 3737.45 77243 7557.81 69685.2 69067.7 19684 16454.7 49383.7 12453.3 11642.3 16007.3 10023.1 7712.49 33376.3 8294.83 6123.75 4692.11 1431.65 4047.36 32550.2 3229.26 1619.26 1947.22 1342.73
internal_count=354615 336910 23552 8578 313358 17705 14974 309630 30317 279313 276840 78914 65973 197926 49945 46684 64147 40188 30918 133779 33229 24534 18799 5735 16216 130466 12941 6496 7824 5384
is_linear=0
shrinkage=0.03


Tree=106
num_leaves=31
num_cat=0
split_feature=35 30 40 38 1 30 31 31 11 7 5 22 5 18 10 11 7 30 40 30 37 6 30 40 3 21 19 3 39 28
split_gain=10.2424 15.0732 14.1065 12.2099 12.7376 12.3014 11.3993 12.2512 12.7284 11.0591 11.5662 10.6791 15.9404 14.6094 17.463 14.1003 15.0625 12.464 9.99008 13.8888 13.5394 12.8428 11.9268 12.2782 11.0652 10.1878 10.5338 12.12 11.4207 9.94705
threshold=0.19964057207107547 0.75557690858840953 0.98479837179183971 1.0000000180025095e-35 0.64955163002014171 1.0963043570518496 0.16150667518377307 0.76574489474296581 2.0195922851562504 -0.25232206284999842 1.3352761268615725 1.8771243691444399 0.99886509776115429 2.5380554199218754 0.082497607916593566 0.11718164011836053 -0.92583289742469776 -0.11512732133269309 0.325565055012703 0.57910713553428661 -0.2105096951127052 -0.94952329993247975 0.65556600689888012 -0.97436079382896412 1.0000000180025095e-35 0.017246446572244171 0.57846391201019298 -0.26967132091522211 0.034899164922535426 0.21160568296909335
decision_type=2 2 2 2 2 2 2 2 2 2 2 2 2 2 2 2 2 2 2 2 2 2 2 2 2 2 2 2 2 2
left_child=1 11 3 4 5 6 29 8 -8 -6 -11 18 13 14 15 16 -13 -16 22 20 25 24 23 -1 -22 -20 27 28 -27 -2
right_child=2 -3 -4 -5 9 -7 7 -9 -10 10 -12 12 -14 -15 17 -17 -18 -19 19 -21 21 -23 -24 -25 -26 26 -28 -29 -30 -31
leaf_value=0.001407417490144473 -0.00058732013478297017 -0.001232449539087902 -0.0030844103298903222 -0.0040998739953263703 -0.0023036131895413192 0.0020835276801951935 -0.0022298336304767017 0.0020352757352244582 0.0016780667439472037 0.002004286048707264 -0.00064506083139101282 -0.00022960612089841618 -0.0029467886779992766 0.0065015074480075609 0.0074151211006869373 -0.0023548072708865068 0.0046997250534484532 0.001166156198236339 -0.0028582912132683546 -0.0035907968004003491 0.0060709400801887709 0.0010661132456219161 0.0038624894748279376 -0.00050636435887917261 0.00059916305145571523 0.0021964763678685439 -0.0033026462924196256 0.0050143626999526805 -0.0019350963587200501 0.0017972199637534363
leaf_weight=3453.5083393752575 7453.7379855662584 6029.259239256382 1769.7509288191795 744.39986829459667 909.74296869337559 1394.4718157351017 8054.6484631150961 780.04151414334774 819.81458978354931 4852.4470425695181 2128.094148978591 1376.1850774735212 619.76449553668499 593.96739435195923 649.39690078794956 1093.7600544542074 927.29756419360638 516.74406488239765 1192.8746644258499 632.81291911005974 903.61869099736214 11464.487797170877 636.85615935921669 23410.387307718396 526.78357163071632 1195.9140611737967 585.75419211387634 556.77876152098179 1192.7234550565481 1985.3780632615089
leaf_count=13842 29861 24185 7100 2983 3642 5583 32290 3130 3287 19450 8558 5537 2488 2413 2607 4393 3715 2075 4795 2537 3633 45920 2552 93810 2112 4798 2346 2230 4784 7955
internal_value=-5.092e-05 0.000185582 -0.000491488 -0.000332915 -0.000232694 -0.000627063 -0.000826014 -0.00155025 -0.00186734 0.000790833 0.00119684 0.000351707 0.00156595 0.0021129 0.00152871 0.000436606 0.0017665 0.00467952 0.000198078 0.000742027 0.000899596 0.00140267 -0.00016307 -0.000259905 0.00407396 -0.000473659 0.000337698 0.00107038 0.000133983 -8.43963e-05
internal_weight=88451.4 57558.9 30892.5 29122.8 28378.4 20488.1 19093.6 9654.5 8874.46 7890.28 6980.54 51529.6 5777.12 5157.35 4563.38 3397.24 2303.48 1166.14 45752.5 18251.7 17618.9 12894.9 27500.8 26863.9 1430.4 4724.05 3531.17 2945.42 2388.64 9439.12
internal_count=354611 230772 123839 116739 113756 82106 76523 38707 35577 31650 28008 206587 23228 20740 18327 13645 9252 4682 183359 73155 70618 51665 110204 107652 5745 18953 14158 11812 9582 37816
is_linear=0
shrinkage=0.03


Tree=107
num_leaves=31
num_cat=0
split_feature=40 21 41 21 35 32 8 31 14 31 34 41 41 14 14 43 43 33 14 35 40 24 35 26 28 31 0 33 31 13
split_gain=13.1058 11.0507 16.0327 13.1451 17.2434 14.1222 13.1163 12.8934 12.4335 10.3588 10.8023 10.3308 10.2874 12.2255 10.5789 10.0339 12.5645 11.7316 11.7798 9.93408 12.9819 10.9443 9.06488 9.17605 8.9015 8.7678 9.87491 8.75376 13.8762 8.72963
threshold=0.99964779615402233 0.99981877207756054 -0.60785761475563038 0.094239983707666411 0.72270554304122936 -0.012076595332473515 1.1243858337402346 0.83565258979797374 -7.6843802928924552 -0.12389767169952391 0.63887840509414684 -0.87837970256805409 1.0000000180025095e-35 -7.8993382453918448 -7.292294740676879 0.90000000596046459 0.30000001192092901 -0.64385774731636036 -8.1966981887817365 0.48083421587944036 0.46946710348129278 1.8207962512969973 0.9385211467742921 -0.28104464709758753 -0.57405418157577504 -0.21559339761734006 -0.35044269263744349 0.49760301411151892 0.29252648353576666 -7.6859037876129142
decision_type=2 2 2 2 2 2 2 2 2 2 2 2 2 2 2 2 2 2 2 2 2 2 2 2 2 2 2 2 2 2
left_child=1 3 24 15 6 -6 7 19 9 -4 -11 -7 13 -8 -14 16 17 -1 -19 -5 -21 -22 23 -13 -3 -20 -27 -10 -29 -18
right_child=-2 2 8 4 5 11 12 -9 27 10 -12 22 14 -15 -16 -17 29 18 25 20 21 -23 -24 -25 -26 26 -28 28 -30 -31
leaf_value=0.0041639504537019116 -0.0039999497303685209 -0.0022964974494065343 0.00072878588562397956 -0.00017396988329252991 -0.0012029620506667621 0.0063665875830204686 -0.000395858703815974 0.0044803106257370554 0.0021871149650256609 0.006017929771380129 0.0010594994090822772 0.00093754615152302301 -0.0018447822509274456 -0.0044679137699271919 0.0022734419738092422 0.0037883425654854216 -0.00094394993260361979 -0.0027525662133729306 -0.00090656837178811371 -0.00048757621681248749 -0.0063981184280537777 -0.00089057753560729174 -0.00017006401899500443 0.0054542817153032689 0.001606355478260458 0.0012192816474422608 0.0057508871937637556 -0.0044807794641652243 0.0021952164108115478 0.0010001445897857425
leaf_weight=1337.852010756731 719.61742256581783 1502.8713799118996 909.01910199224949 51987.240870922804 1235.2419202923775 525.84175871312618 1036.9576742649078 506.01762580871582 1211.1862281262875 1392.2095497995615 557.59184782207012 792.76640273630619 1537.3092108219862 1843.1664777994156 871.22542330622673 913.88540762662888 4969.1643538624048 649.82172848284245 799.90190809965134 2567.8418404459953 779.98381313681602 557.61806660890579 1199.5439001619816 827.98601408302784 797.59440286457539 1232.6011141687632 663.2290713340044 612.28831093013287 501.35721331834793 3558.7641392201185
leaf_count=5416 2886 6024 3642 208304 4947 2109 4160 2029 4851 5579 2238 3179 6166 7395 3491 3672 19943 2604 3210 10293 3130 2235 4808 3321 3200 4941 2658 2455 2013 14309
internal_value=4.19802e-06 3.74386e-05 0.00113924 -6.52602e-05 -0.000242386 0.00153136 -0.000374345 -0.000240226 0.00206302 0.0033845 0.00461259 0.00254132 -0.00180145 -0.00300826 -0.00035188 0.000765315 0.000553492 0.00180012 0.000845259 -0.000283757 -0.00174101 -0.00412579 0.00180813 0.00326429 -0.000942244 0.0017195 0.00282646 0.000430471 -0.00148249 -0.000132445
internal_weight=88597.7 87878.1 7484.12 80394 66268.7 4581.38 61687.4 56398.7 5183.65 2858.82 1949.8 3346.14 5288.66 2880.12 2408.53 14125.2 13211.3 4683.41 3345.55 55892.7 3905.44 1337.6 2820.3 1620.75 2300.47 2695.73 1895.83 2324.83 1113.65 8527.93
internal_count=355208 352322 30002 322320 265567 18364 247203 225991 20778 11459 7817 13417 21212 11555 9657 56753 53081 18829 13413 223962 15658 5365 11308 6500 9224 10809 7599 9319 4468 34252
is_linear=0
shrinkage=0.03


Tree=108
num_leaves=31
num_cat=0
split_feature=21 23 33 18 14 40 7 17 10 33 18 10 20 8 33 43 23 15 20 37 37 42 20 14 40 8 3 37 43 21
split_gain=10.8723 18.9525 15.153 15.0161 12.9271 12.3097 12.5247 10.2411 9.28802 8.97233 18.3828 14.8145 14.5062 14.893 13.8873 13.2116 9.28574 11.7067 9.1959 12.6033 12.9009 13.3529 10.3241 13.3315 14.676 12.7845 13.3957 12.7986 11.066 14.8855
threshold=0.98937055468559276 0.97060540318489086 0.50684815645217907 1.3509758114814761 -8.1966981887817365 0.79862791299819957 0.337215006351471 -0.28763870894908899 -0.75274071097373951 -0.33634178340435023 0.88403403759002697 3.1036552190780644 1.3383879661560061 -0.71099323034286488 -0.32456862926483149 0.2333333417773247 0.39426264166831976 -8.0420947074890119 0.71451875567436229 -0.32702228426933283 0.050011944025754936 1.0000000180025095e-35 1.1044514775276186 -8.2998919486999494 -0.45398618280887598 1.1243858337402346 0.37138786911964422 -0.39998881518840784 0.16666667163372043 0.47205387055873876
decision_type=2 2 2 2 2 2 2 2 2 2 2 2 2 2 2 2 2 2 2 2 2 2 2 2 2 2 2 2 2 2
left_child=1 9 8 7 -4 6 -6 -3 -2 10 12 14 13 -1 -11 -12 17 -17 19 -16 -21 -22 23 24 -20 27 -27 -24 -29 -30
right_child=2 3 4 -5 5 -7 -8 -9 -10 11 15 -13 -14 -15 18 16 -18 -19 22 20 21 -23 25 -25 -26 26 -28 28 29 -31
leaf_value=0.00087672931781566498 0.0053086854898398766 -0.0019751724093172527 0.0028619353896375314 0.00015746905180083766 -0.0063453842763869376 0.0024391061670599183 -0.0010576320509143049 -0.0076386824310988553 0.0016587288040162374 -0.0043843710104076207 0.0016739233852462044 0.0049314356703443665 0.00050180252900382781 0.0066157243236660088 0.0021956784678246752 -0.0032621717115770307 0.0029565184271427105 -0.00020470857815619391 -0.0045751714985104832 -0.0032620675507669364 0.0020209117324067553 -0.0024879920113395171 0.0019496275106155501 0.00078669342480704239 0.00049102567075961091 -0.0031595468674956769 2.2398689193628956e-05 -0.0015166558634643291 -0.0012110462549020074 0.00056076928694955691
leaf_weight=648.72124564647675 749.62989182770252 533.60676132142544 908.94228371977806 836.12125706672668 502.50986289978027 652.40168789029121 1917.0478426814079 636.87796059250832 3728.9869747310877 693.38627801835537 3885.8619998544455 501.9128505885601 1530.1892717778683 1097.7193595767021 802.2381292283535 1271.5292529761791 706.12144455313683 9365.9479296952486 912.37775081396103 2658.6595160365105 1184.6434034407139 1160.1751096844673 2489.3707847893238 17782.510866463184 1160.1928472816944 2714.9801136553288 2114.6844513714314 5312.2451750189066 6124.7196838855743 14010.437779009342
leaf_count=2603 3005 2143 3644 3364 2013 2619 7699 2557 14936 2776 15651 2010 6142 4400 3213 5110 2830 37675 3654 10647 4744 4646 9968 71210 4647 10881 8489 21285 24520 56122
internal_value=6.28697e-05 -4.51616e-05 0.00108507 -0.00291667 -0.000261735 -0.00119226 -0.00217742 -0.00509538 0.00228012 2.89522e-05 0.000605822 -0.000150172 0.00264062 0.00450108 -0.00019414 0.000166587 -0.000350786 -0.000572897 -0.000143671 -0.00127569 -0.00183555 -0.000211106 -1.85568e-05 0.000521106 -0.00175045 -0.000345629 -0.00176915 -9.89871e-05 -0.000300078 2.14842e-05
internal_weight=88594.7 80135.2 8459.52 2006.61 3980.9 3071.96 2419.56 1170.48 4478.62 78128.6 18506.1 59622.5 3276.63 1746.44 59120.6 15229.5 11343.6 10637.5 58427.2 5805.72 5003.48 2344.82 52621.5 19855.1 2072.57 32766.4 4829.66 27936.8 25447.4 20135.2
internal_count=355203 321287 33916 8064 15975 12331 9712 4700 17941 313223 74411 238812 13145 7003 236802 61266 45615 42785 234026 23250 20037 9390 210776 79511 8301 131265 19370 111895 101927 80642
is_linear=0
shrinkage=0.03


Tree=109
num_leaves=31
num_cat=0
split_feature=32 31 23 10 39 34 14 1 24 41 30 10 29 39 22 39 12 28 25 3 6 24 1 27 19 16 8 32 22 28
split_gain=16.309 9.8084 9.1234 15.0943 11.4459 10.8479 13.1242 12.2986 16.2531 12.4209 17.9794 17.524 13.7511 16.7575 13.5368 15.6653 13.5122 12.6944 11.9076 10.9866 10.6089 9.2521 9.24029 9.00255 9.3654 8.73808 11.7441 8.62373 9.33461 13.7115
threshold=-1.1165507435798643 -0.75278776884078968 0.40268468856811529 -1.30252468585968 -0.98767894506454457 0.15474761277437213 -7.5840513706207267 1.034498989582062 1.3221739530563357 -0.60785761475563038 0.28147520124912268 0.51586437225341808 -0.69300729036331166 0.68199187517166149 1.8422131538391116 0.22494891285896304 -6.9512073993682852 -0.67252039909362782 0.19416999816894534 -0.11814812943339346 -0.34147742390632624 1.2123339176177981 -0.65150761604309071 -0.64609637856483448 0.5268990993499757 0.30131377279758459 -0.6658821403980254 -0.63585424423217762 1.7897322773933413 -0.15881210565567014
decision_type=2 2 2 2 2 2 2 2 2 2 2 2 2 2 2 2 2 2 2 2 2 2 2 2 2 2 2 2 2 2
left_child=-1 -2 4 23 -3 7 -7 9 -9 12 14 16 13 -6 -11 -16 18 20 21 -20 22 -12 -14 -4 -25 26 -19 -5 -29 -30
right_child=1 2 3 27 5 6 -8 8 -10 10 11 -13 17 -15 15 -17 -18 25 19 -21 -22 -23 -24 24 -26 -27 -28 28 29 -31
leaf_value=0.0037103130511397485 0.0016161740768695636 0.0020259231692492182 0.0054582104532401744 0.0034973087385383899 0.0048629905806980072 -0.0071070135702006165 -0.00080670160698477261 -0.0059590631628849934 -0.00072313622339530983 -0.0016569282165276092 0.0060249026271438581 0.004726931770939977 -0.00042763801253973503 -0.001445775698749786 -0.0020295054038765429 0.0040372459083555003 -0.0026948846654925407 3.2512572848544773e-05 -0.0030359829039458093 0.0020512334508071498 -0.0011604598099712051 0.001163576853014192 0.0034281138479352468 -0.0011072525763381965 0.0026825970955217239 0.0014568129943434089 -0.0052513758010966083 0.00013809468212802356 -0.00222771436013856 7.1829912882363553e-05
leaf_weight=1025.7842130511999 2966.5857679098845 1485.1186088621616 582.3813463896513 608.97071750462055 1240.7877247333527 499.86161199212074 721.7895855307579 835.80511647462845 1454.2714610546827 12478.340881079435 537.00741091370583 823.42899940907955 840.58461575210094 538.13816159963608 685.26610895991325 845.41695123910904 1213.605666667223 647.29908034205437 872.79800792038441 664.44524858891964 1353.8697534799576 1008.191478908062 1650.1528705954552 901.68483933806419 1646.9237267673016 506.27201928198338 901.51449742913246 39326.873801335692 4055.6484414637089 5476.8033428043127
leaf_count=4193 11907 5958 2332 2440 4987 2002 2890 3348 5826 50014 2157 3301 3375 2161 2755 3396 4875 2598 3500 2661 5422 4048 6614 3610 6600 2035 3614 157551 16267 21973
internal_value=-3.20113e-05 -7.63684e-05 -0.000136042 0.000106496 -0.000537073 -0.000663244 -0.00342137 -0.000546308 -0.00265168 -0.000365529 -0.000774565 0.000745842 0.000653121 0.00295713 -0.00133032 0.0013257 -2.64235e-05 -4.54318e-05 0.00102951 -0.000838081 0.000971496 0.00288092 0.00213035 0.00212313 0.00134268 -0.00194337 -0.00305703 -2.15456e-05 -6.61105e-05 -0.000907837
internal_weight=88395.6 87369.8 84403.3 52599.3 31804 30318.8 1221.65 29097.2 2290.08 26807.1 19128.5 5119.48 7678.62 1778.93 14009 1530.68 4296.05 5899.69 3082.44 1537.24 3844.61 1545.2 2490.74 3130.99 2548.61 2055.09 1548.81 49468.3 48859.3 9532.45
internal_count=354410 350217 338310 210773 127537 121579 4892 116687 9174 107513 76707 20542 30806 7148 56165 6151 17241 23658 12366 6161 15411 6205 9989 12542 10210 8247 6212 198231 195791 38240
is_linear=0
shrinkage=0.03


Tree=110
num_leaves=31
num_cat=0
split_feature=21 22 34 41 9 22 13 35 1 32 25 1 17 1 32 41 33 17 22 28 18 19 26 16 32 15 6 25 6 9
split_gain=8.21529 18.5801 13.8302 11.5473 24.432 16.7967 12.5388 13.9349 11.4168 11.3348 13.1739 12.6616 10.3098 13.1392 10.176 9.41191 18.6549 14.5662 13.3526 9.46316 10.6776 9.13816 8.98851 11.4856 10.7198 9.9723 8.61841 8.54375 9.85481 14.4045
threshold=0.61241438984870922 1.7823539376258852 -0.36727477610111231 -0.60785761475563038 0.99754557013511669 2.017042994499207 -6.8589766025543204 -0.2787500917911529 -0.59020361304283131 -0.067308317869901643 0.1168782338500023 -0.29186026751995081 -0.48421126604080195 -0.72876787185668934 -0.10863574221730231 -0.87837970256805409 -0.43716955184936518 -0.72295281291007985 1.1794112324714663 -1.1427733302116392 0.94301992654800426 0.28921145200729376 0.48726271092891699 -0.29139989614486689 0.87966185808181774 -7.5244576930999747 0.19325561076402667 0.99068138003349315 0.49232210218906408 -0.88073202967643727
decision_type=2 2 2 2 2 2 2 2 2 2 2 2 2 2 2 2 2 2 2 2 2 2 2 2 2 2 2 2 2 2
left_child=3 8 -3 4 15 6 -5 -8 12 10 -7 -12 -2 -14 -6 19 -17 18 -18 20 -1 26 23 25 -24 -4 -19 28 29 -10
right_child=1 2 22 5 14 9 7 -9 27 -11 11 -13 13 -15 -16 16 17 21 -20 -21 -22 -23 24 -25 -26 -27 -28 -29 -30 -31
leaf_value=0.0038574671586937876 -0.0005647051083249434 0.0022699031781155 0.0020428764216143883 -0.0008739448424694735 -0.0048932041396844454 -0.00038804382575358251 -0.0014388140237857642 0.0031015533206039093 0.0033829927058262525 -0.0014466006538045584 0.0019164691847698024 0.0071089243419333176 0.0021635144867716413 0.0079843348055046743 8.1718844686215361e-05 0.0044853923652303828 0.0015493389207047411 0.0050306811229817753 -0.0040743210124297644 -0.00078021462148199292 -0.00017327119762291065 0.00033266566259293603 0.001601471062378339 -0.003389972779744556 -0.0027861642155520548 -0.0025486669384303679 0.00049985665803653078 0.0031143646817892029 -0.00020203639154830385 0.00060196664439450065
leaf_weight=1051.5666435360909 597.53498993813992 1045.0102381557226 844.03018547594547 29984.982591554523 967.04415871202946 1003.3162440061569 994.27418115735054 1538.6432459056377 1915.7114686369896 926.49681289494038 1127.7271810919046 676.72960349917412 1104.5075889527798 508.33308482170105 595.09425231814384 1661.9372703433037 669.73682875931263 1094.1825875490904 855.90557868778706 3917.7600966244936 1333.912206158042 1650.6517036855221 1482.4386142045259 2766.4522763043642 744.52704691886902 838.96593855321407 578.04323469102383 1119.9656764119864 11682.70311203599 12999.33118738234
leaf_count=4213 2393 4188 3384 120190 3876 4060 3991 6165 7675 3713 4530 2717 4423 2036 2384 6701 2682 4383 3428 15726 5349 6611 5945 11108 2999 3366 2315 4496 46840 52057
internal_value=5.10976e-05 0.000386644 -0.000924606 -0.000198459 0.000520776 -0.000483737 -0.00070265 0.00132062 0.000725141 0.00141934 0.0023668 0.00389225 0.00279535 0.00403601 -0.00300955 0.000953175 0.00175227 0.000808134 -0.0016116 0.000126338 0.00161224 0.00192061 -0.00142727 -0.00220457 0.000128684 -0.000247522 0.00347678 0.000559102 0.000450376 0.000961193
internal_weight=88277.5 37649.5 7721.42 50628 14375.8 36252.2 32517.9 2532.92 29928.1 3734.27 2807.77 1804.46 2210.38 1612.84 1562.14 12813.7 6510.46 4848.52 1525.64 6303.24 2385.48 3322.88 6676.41 4449.45 2226.97 1683 1672.23 27717.7 26597.7 14915
internal_count=353944 150910 30990 203034 57668 145366 130346 10156 119920 15020 11307 7247 8852 6459 6260 51408 26120 19419 6110 25288 9562 13309 26802 17858 8944 6750 6698 111068 106572 59732
is_linear=0
shrinkage=0.03


Tree=111
num_leaves=31
num_cat=0
split_feature=27 12 4 37 20 33 23 9 4 37 37 16 1 37 3 26 9 9 15 26 15 30 11 9 40 30 27 32 37 5
split_gain=10.4249 17.9319 9.85371 11.2805 11.0852 11.7656 15.7129 14.2369 11.6447 14.1555 13.4124 9.80394 9.88021 8.64763 8.47473 8.38784 14.5232 11.7257 9.50366 14.3667 10.6343 10.5915 10.1673 13.8198 11.5262 9.86306 10.6923 10.7833 9.7666 13.0345
threshold=0.7608604133129121 -9.118555545806883 -0.65701767802238453 0.050011944025754936 1.7185510993003847 0.80157166719436657 0.89209499955177318 1.045172452926636 0.31644992530345922 0.35001341998577123 0.4874927699565888 0.51158261299133312 -0.33026291429996485 -0.22834953665733335 1.8487819433212282 -2.916656374931335 0.1579873934388161 -0.49151076376438135 -6.7646625041961661 -1.937362492084503 -6.9934442043304434 -0.36009183526039118 -0.67224273085594166 -0.056190609931945794 -0.30901405215263361 -0.41791039705276484 -0.8735746145248412 -0.15076781064271924 -0.33996455371379847 -1.1784068942070005
decision_type=2 2 2 2 2 2 2 2 2 2 2 2 2 2 2 2 2 2 2 2 2 2 2 2 2 2 2 2 2 2
left_child=11 -2 3 -3 8 6 -6 14 9 -4 -11 15 13 -13 -7 16 17 -1 20 -20 25 -21 23 -22 -24 26 27 -17 -27 -30
right_child=1 2 4 -5 5 7 -8 -9 -10 10 -12 12 -14 -15 -16 18 -18 -19 19 21 22 -23 24 -25 -26 28 -28 -29 29 -31
leaf_value=0.00051746319348024801 0.0046980236285013863 -0.00054893009731988608 -0.00086736661406337876 -0.006643935602832887 0.00074084011935821937 1.8041742097616361e-05 0.0063413634131512676 0.0022482187753750048 -0.0017750860003002843 0.0059751074453233922 -0.00031915568567348181 0.0010544310205401113 0.00036518369420272638 0.0053078214999469258 -0.0049504200444016539 -0.00081944026625048536 -0.00040796371102540875 0.0034526853856595941 -0.0021147171438618564 0.0051275777818201654 -0.00094771834227813006 0.00095979835615629834 -0.0029990510010711019 -0.0074584465474387424 0.0010558508335396198 0.0014964576995117546 -9.7684666123836844e-05 -0.0039908851820055873 -0.0022566216984825421 0.00033728611493758664
leaf_weight=2318.0028533488512 549.91134779155254 565.75339205563068 3265.6900688111782 522.24652504920959 1901.8837966322899 520.57663504779339 582.33018262684345 753.16670858860016 7465.3406407982111 617.41427044570446 590.47855323553085 803.55076532065868 2320.3504081517458 931.28755722939968 749.87663161754608 3580.6920627653599 3731.6883199363947 2597.3022519648075 681.4761526286602 992.99887642264366 648.38389372825623 1224.5421353727579 1041.7944055348635 531.10691700875759 1567.8729261159897 5812.2192636728287 18018.927491426468 1314.6907288432121 1894.8407411426306 20580.459032163024
leaf_count=9289 2204 2268 13080 2093 7619 2096 2337 3028 29918 2473 2365 3246 9312 3744 3026 14382 14952 10405 2731 3983 2602 4910 4177 2129 6287 23345 72210 5266 7623 82449
internal_value=5.44924e-05 -0.00058796 -0.000756318 -0.00350843 -0.000572237 0.000694185 0.00207383 -0.00100135 -0.00105059 0.000159693 0.0029208 0.000219139 0.00164938 0.00335505 -0.00293032 0.000131737 0.0010027 0.00207233 1.49056e-06 0.00167259 -8.68946e-05 0.00284074 -0.0016183 -0.00391746 -0.000568159 2.67298e-05 -0.00043579 -0.00167755 0.000401416 0.000117693
internal_weight=88676.9 18084.7 17534.8 1088 16446.8 4507.83 2484.21 2023.62 11938.9 4473.58 1207.89 70592.2 4055.19 1734.84 1270.45 66537 8646.99 4915.31 57890 2899.02 54991 2217.54 3789.16 1179.49 2609.67 51201.8 22914.3 4895.38 28287.5 22475.3
internal_count=355549 72507 70303 4361 65942 18106 9956 8150 47836 17918 4838 283042 16302 6990 5122 266740 34646 19694 232094 11624 220470 8893 15195 4731 10464 205275 91858 19648 113417 90072
is_linear=0
shrinkage=0.03


Tree=112
num_leaves=31
num_cat=0
split_feature=31 34 18 11 25 14 12 25 32 34 15 29 16 28 10 28 34 36 14 24 43 17 32 13 9 11 28 15 11 3
split_gain=11.7516 12.1496 12.9246 11.1458 12.6931 12.0871 10.5767 14.2344 11.0144 12.3675 10.4708 14.5043 11.4895 10.0848 9.96261 8.91683 9.39841 8.8486 8.48988 8.44176 16.8058 10.9515 11.2318 9.76812 11.4537 10.0186 10.0597 16.3706 12.0104 16.371
threshold=0.79828259348869335 0.31730009615421301 1.0605306029319765 0.60719439387321483 0.93258804082870495 -7.1285533905029288 -8.031679153442381 0.96227583289146434 0.26851406693458563 0.57196146249771129 -7.9289419651031485 0.58302870392799389 -0.38757458329200739 0.21160568296909335 0.31457152962684637 -0.23574472218751905 0.49066424369812017 0.26685607433319097 -7.3795378208160392 2.4186091423034672 0.70000001788139354 -0.45449031889438624 -0.023445259779691693 -8.185050964355467 0.92321470379829418 2.0195922851562504 -1.7209084033966062 -7.587582826614379 -0.35566452145576471 -0.64001354575157154
decision_type=2 2 2 2 2 2 2 2 2 2 2 2 2 2 2 2 2 2 2 2 2 2 2 2 2 2 2 2 2 2
left_child=1 19 6 10 5 15 -3 8 9 -8 14 12 -12 18 -4 16 -5 -6 -14 23 21 22 -21 25 -25 26 28 -28 -1 -30
right_child=-2 2 3 4 17 -7 7 -9 -10 -11 11 -13 13 -15 -16 -17 -18 -19 -20 20 -22 -23 -24 24 -26 -27 27 -29 29 -31
leaf_value=0.0030429170901088076 0.0024891503337785351 -0.00028291413498432184 -0.001035186279660131 -0.00062619598231016308 0.00024894685241284701 0.0032584740807649129 -0.0021140697050446204 -0.0069488583305475681 -0.0046489953691564003 0.002106468663694276 0.0031816378873141282 -0.0030915923617237957 -0.00095220393560097787 -0.0032809342215809217 0.004298125208316148 0.00076886076400088362 -0.0058504500709948212 0.0049922915737326589 0.0034743327898604571 0.0019309170100711398 -0.0013237574591140021 0.0010380315316141676 0.0068725952803322388 0.00038339748737273787 -0.001498068671723915 -0.0039453284382253567 -0.00061052834294814194 -0.0051173943782655594 0.0038481630987432527 -0.0018570023911921351
leaf_weight=1365.9095360338688 1699.4487361013889 3309.6550291925669 608.29185375571251 774.18810337781906 550.61186105012894 788.20895321667194 2441.2631629854441 558.92124219238758 985.7756682485342 829.74760884046555 749.59051786363125 2433.5925929248333 1282.2695924788713 1057.5986784547567 637.33963423967361 1321.8323399424553 509.89098359644413 986.56056988239288 548.64019751548767 982.59722942113876 1722.7176390886307 3008.036044895649 719.92686423659325 44234.54993674159 3107.4141663461924 784.61978866159916 7016.4279459416866 799.57744033634663 589.35075207054615 1840.7476563453674
leaf_count=5472 6819 13268 2439 3106 2211 3158 9783 2246 3956 3327 3004 9780 5144 4240 2555 5301 2049 3962 2200 3939 6903 12055 2883 177363 12446 3145 28124 3206 2363 7373
internal_value=2.5981e-05 -2.26687e-05 -0.000663071 -4.73875e-05 0.00105377 2.71098e-05 -0.00158999 -0.00248584 -0.00188493 -0.0010403 -0.000789903 -0.00130394 -0.000102953 -0.000963366 0.00170615 -0.000959 -0.00272986 0.00330583 0.000385895 0.000174578 0.00120625 0.00213236 0.00404848 6.32933e-05 0.000259612 -0.000686041 -0.000462607 -0.00107753 0.000803029 -0.000463278
internal_weight=88245.3 86545.9 20374 12248.6 4931.29 3394.12 8125.36 4815.71 4256.79 3271.01 7317.32 6071.69 3638.1 2888.51 1245.63 2605.91 1284.08 1537.17 1830.91 66171.9 6433.28 4710.56 1702.52 59738.6 47342 12396.6 11612 7816.01 3796.01 2430.1
internal_count=353820 347001 81729 49149 19787 13614 32580 19312 17066 13110 29362 24368 14588 11584 4994 10456 5155 6173 7344 265272 25780 18877 6822 239492 189809 49683 46538 31330 15208 9736
is_linear=0
shrinkage=0.03


Tree=113
num_leaves=31
num_cat=0
split_feature=36 0 13 18 18 31 31 11 17 13 18 30 30 30 30 40 30 23 28 0 11 15 10 11 30 11 17 8 40 18
split_gain=12.9537 12.8304 14.3813 11.5729 12.7233 15.2592 14.7641 13.6005 17.0989 12.419 11.9531 11.9252 16.9088 17.6072 21.2328 11.2384 20.5659 16.2698 14.9401 13.5892 12.8489 17.1847 16.4957 12.8061 17.0266 16.6453 14.3229 15.1922 12.282 11.8686
threshold=0.99860724806785595 0.11979166045784952 -7.8582308292388907 3.7935838699340825 1.4490256905555727 0.072028536349535002 -0.0044294090475887051 0.48634542524814611 0.56755620241165172 -8.6706089973449689 1.2386643886566164 -1.5776887536048887 -0.54831430315971363 0.029135303571820263 0.40898263454437261 -0.27563473582267756 0.019221936352550987 0.64518991112709057 -1.8885418176650999 -0.8199799358844756 -0.31393130123615259 -7.5322144031524649 0.16435437649488452 -0.16395670175552365 -1.247322618961334 -1.8295302391052244 0.14716936647892001 1.1800383329391482 -0.5877796709537505 1.0658310055732729
decision_type=2 2 2 2 2 2 2 2 2 2 2 2 2 2 2 2 2 2 2 2 2 2 2 2 2 2 2 2 2 2
left_child=3 -2 -3 4 7 6 -6 15 9 -9 -11 -7 -13 -14 -15 17 23 20 -19 -18 21 -1 -23 24 25 -17 27 -26 -20 -27
right_child=1 2 -4 -5 5 11 -8 8 -10 10 -12 12 13 14 -16 16 19 18 28 -21 -22 22 -24 -25 26 29 -28 -29 -30 -31
leaf_value=-0.0026822956930266911 -0.00093100555104787687 0.0024063175766388485 0.00032756599320096422 0.003883487544243165 -0.001057386253050615 0.0037461603784321893 -0.0043868882085873022 -0.0039349987731148225 0.0043682182247320898 -0.00090181606663575426 0.0012643082404447282 -0.0021204734099930446 0.0029242736452279642 -0.0035347181500538635 0.0013605382963359223 0.0049981460296180304 0.0028577122384658227 -0.0053828951125196763 0.00015154874742532448 -0.00096515943437379924 0.0017043442862994796 0.0024681382916411261 -0.0031224938274398923 0.00033896013284780683 0.0041442036990921444 -0.0022574389795557456 -0.0014203510708430595 -0.0010944892964813988 -0.0034269289325156841 0.0023087428214457347
leaf_weight=1928.0818433761597 2811.1791626363993 5712.585245013237 6292.4768619835377 646.78598569333553 10859.501530185342 772.33021749556065 1339.5259681791067 1011.0926973968744 604.26608829200268 13001.657466500998 2774.0234452486038 2600.004216209054 2147.3757854551077 1298.8445424437523 2031.7451296299696 549.41114649176598 966.55943176150322 760.26320363581181 3106.6586792916059 5846.2042938321829 4574.676229506731 1890.4769082516432 623.93022784590721 4760.8578227758408 4977.2149194777012 1557.403454169631 552.77436831593513 549.40624678134918 1184.9231324791908 751.69224746525288
leaf_count=7724 11264 22892 25219 2623 43646 3098 5373 4052 2420 52104 11120 10432 8618 5213 8147 2201 3876 3045 12447 23430 18327 7574 2499 19078 19945 6239 2215 2202 4747 3012
internal_value=8.18027e-05 0.000890873 0.00131792 -8.10185e-05 -0.000116661 -0.000738721 -0.00142628 0.000135376 -0.000548761 -0.00072825 -0.000520361 0.000209533 -0.000132816 0.00081273 -0.000553353 0.000479498 0.00092724 -0.00017347 -0.00153478 -0.000419397 0.000590058 -0.000558634 0.00107399 0.00159678 0.00226564 0.000354279 0.00316229 0.00362238 -0.000842153 -0.00076744
internal_weight=88483.9 14816.2 12005.1 73667.7 73020.9 21049.3 12199 51971.6 17391 16786.8 15775.7 8850.3 8077.97 5477.97 3330.59 34580.5 20511.5 14069 5051.85 6812.76 9017.17 4442.49 2514.41 13698.8 8937.9 2858.51 6079.4 5526.62 4291.58 2309.1
internal_count=354782 59375 48111 295407 292784 84527 49019 208257 69696 67276 63224 35508 32410 21978 13360 138561 82198 56363 20239 27306 36124 17797 10073 54892 35814 11452 24362 22147 17194 9251
is_linear=0
shrinkage=0.03


Tree=114
num_leaves=31
num_cat=0
split_feature=39 11 24 35 30 12 40 40 33 28 13 30 28 43 8 43 18 6 23 18 28 40 11 24 39 20 22 20 6 29
split_gain=11.8218 16.2939 16.2309 16.0429 20.4056 15.0606 14.8279 15.6757 17.7166 14.7991 14.7413 14.1951 15.1681 12.2491 12.7913 11.644 11.5923 11.3157 12.1971 14.1127 13.0791 10.4141 17.3729 14.096 12.5957 11.5499 10.398 11.5347 11.4806 14.2372
threshold=-0.46174421906471247 1.4938737750053408 0.83155772089958202 0.2706171721220017 0.96358409523963939 -7.6459455490112296 -0.84804001450538624 -0.9062991440296172 -0.034005727618932717 -2.6212874650955196 -7.8364424705505362 0.4846056997776032 0.78183847665786754 0.63333335518836986 0.10453487932682039 0.10000000521540643 0.62993770837783825 -0.17950662970542905 0.79348880052566539 0.85438090562820446 -0.71429982781410206 0.69465175271034252 0.068507503718137755 1.231780529022217 -0.62931439280509938 2.4348326921463017 1.1172519326210024 0.78675770759582531 -0.47013136744499201 0.33017444610595709
decision_type=2 2 2 2 2 2 2 2 2 2 2 2 2 2 2 2 2 2 2 2 2 2 2 2 2 2 2 2 2 2
left_child=1 9 -2 5 10 -4 7 8 -7 -1 15 12 16 -12 -15 -5 -8 -17 19 -19 -21 25 23 -23 -25 26 27 -11 29 -28
right_child=2 -3 3 4 -6 6 11 -9 -10 21 13 -13 -14 14 -16 17 -18 18 -20 20 -22 22 -24 24 -26 -27 28 -29 -30 -31
leaf_value=0.004576596385272436 -0.0031368703015639482 0.0028556470043993405 -0.00036295572855705305 -0.0033546058414916148 0.0033381396770773108 0.0022345640528210922 0.0058756091578671087 -0.0053490642091372125 -0.0027018517837237186 -0.0026484135359406743 -0.001373979197417422 -0.00094659868090026618 0.0070379368258405434 0.00048377951139205299 -0.0047653850977154959 -0.002248375596607048 0.001356367731021046 -0.0012156206227843475 -0.00049991150742679494 0.0062558903069176042 0.00053796992896767016 -0.001061227004992397 -0.00072318919728169679 0.007892084111586475 0.0024903913852529365 0.0022988810259158775 -9.2258091771259832e-05 0.0015554277882236631 -0.0011975409450008909 0.0047525149985020495
leaf_weight=651.60694402456284 1873.3703499734402 2129.3739880621433 27084.102365061641 1010.3344807177782 880.87098354101181 1533.5468351989985 550.0609614700079 557.56891115009785 1125.857960909605 683.83005900681019 5469.6207536458969 1646.0983657091856 518.11646111309528 508.24106159806252 2293.8080334216356 1442.2763324677944 6000.7169643193483 652.9568870216608 2963.0543884038925 921.3488846719265 590.22925029695034 512.34999920427799 1786.111518189311 636.77597154676914 1009.765207439661 1551.4791932404041 4987.6308266073465 3840.862688228488 12465.272363930941 602.95495454967022
leaf_count=2611 7506 8532 108544 4061 3528 6163 2204 2238 4510 2738 21940 6608 2087 2036 9207 5778 24078 2617 11889 3692 2365 2057 7161 2555 4052 6257 20027 15381 49933 2416
internal_value=-0.000143932 0.000329862 -0.000397672 -0.000305079 -0.00108189 2.82617e-05 0.000915838 -0.000822978 0.000142442 0.000141721 -0.00132945 0.0015579 0.00214162 -0.00220447 -0.00381495 -0.000372972 0.00174422 8.99549e-05 0.000750771 0.00245727 0.00404141 3.72046e-05 0.00146416 0.00326881 0.00461445 -0.000196578 -0.00036898 0.00091565 -0.000691229 0.000437812
internal_weight=88480.2 30858 57622.2 55748.8 16732.7 39016.1 11932 3216.97 2659.4 28728.6 15851.9 8714.99 7068.89 8271.67 2802.05 7580.2 6550.78 6569.87 5127.59 2164.54 1511.58 28077 3945 2158.89 1646.54 24132 22580.6 4524.69 18055.9 5590.59
internal_count=354771 123720 231051 223545 67113 156432 47888 12911 10673 115188 63585 34977 28369 33183 11243 30402 26282 26341 20563 8674 6057 112577 15825 8664 6607 96752 90495 18119 72376 22443
is_linear=0
shrinkage=0.03


Tree=115
num_leaves=31
num_cat=0
split_feature=10 13 30 16 14 14 10 10 4 35 27 10 40 18 17 11 24 24 33 41 10 14 7 17 13 17 35 13 14 1
split_gain=10.1183 10.3752 18.5283 10.1156 13.5766 11.8326 8.1673 7.51296 7.22889 6.70764 15.0557 7.22071 20.0486 16.2508 14.4255 23.0107 14.9512 14.4004 15.892 14.1893 13.4596 12.3331 16.6981 18.0181 13.0037 13.9263 11.6845 11.5975 16.175 13.5764
threshold=-1.8362529277801511 -8.0796880722045881 -0.71945789456367482 0.58371514081954967 -7.3051924705505362 -7.0352981090545645 -1.0000000180025095e-35 -0.5705265700817107 0.28803296387195593 -0.65252104401588429 -0.50458285212516774 -0.10205358639359473 -0.36649774014949793 1.5847582817077639 0.21451745182275775 0.087892852723598494 2.1016162633895878 1.798200845718384 -0.7527305781841277 -0.60785761475563038 -0.010665680747479199 -8.0453705787658674 0.83348438143730175 -0.085746176540851579 -8.5870060920715314 -0.34523317217826838 -0.19502229243516919 -8.6706089973449689 -8.939722537994383 0.54649934172630321
decision_type=2 2 2 2 2 2 2 2 2 2 2 2 2 2 2 2 2 2 2 2 2 2 2 2 2 2 2 2 2 2
left_child=1 -1 -3 9 6 -6 7 -5 -8 10 -2 12 17 14 15 -14 -17 18 -11 -19 26 24 23 -23 -20 -26 -13 28 -22 -30
right_child=3 2 -4 4 5 -7 8 -9 -10 11 -12 20 13 -15 -16 16 -18 19 21 -21 27 22 -24 -25 25 -27 -28 -29 29 -31
leaf_value=0.0050418777243878676 0.00075340747417101375 -0.0032247745156129145 0.0030285095875490667 0.001431349468326903 -0.0046442420927351241 0.0017553073292370393 -0.0012851161423830988 0.0061428702443940752 0.0029388460828137998 -0.0051263657276978975 -0.0035724786013737013 0.0012837163479577712 0.0027364616211944899 -0.0008771737574133435 -0.00063591294567575329 0.00091937067377896435 -0.0033174938168512389 0.0011320265559296872 0.0021351281767823613 -0.0044626411769879085 0.0018456842231252017 0.0031844750599739264 -0.0036420519533573361 -0.00014319072382964606 -0.0047530084439789747 -3.5480757129045215e-05 -0.0030365743608492344 -1.4373020312506025e-05 -0.004827663577505358 0.00075038654478075807
leaf_weight=679.69153229892254 1376.9148642122746 668.26052413880825 1139.5432063937187 506.7859473824501 509.64167773723602 512.51755264401436 656.83147080242634 783.31624722480774 797.58643178641796 543.31188544631004 1510.4590631425381 710.85302457213402 8018.5347284376621 3724.1461931467056 2777.0059068202972 4041.9499712884426 909.76304721832275 556.15470463037491 669.98550201952457 1486.3474345952272 712.56978213787079 2619.7053922116756 667.17623476684093 3303.0415462702513 1223.4193272143602 1036.6932013332844 2620.4204570651054 41631.251285076141 1504.6327106356621 526.85569666326046
leaf_count=2725 5550 2680 4571 2044 2050 2060 2636 3150 3202 2202 6057 2854 32136 14957 11129 16197 3645 2229 2684 5956 2855 10495 2678 13231 4902 4153 10501 166889 6029 2111
internal_value=2.81564e-05 0.00191052 0.000711939 -2.6545e-05 0.00149157 -0.00144955 0.00258824 0.00431731 0.00103551 -9.63077e-05 -0.00151409 -4.449e-05 0.000307354 0.000903217 0.00132456 0.00174447 0.000135827 -0.000651003 -0.000183722 -0.00294117 -0.000277393 0.00010344 0.000823271 0.00133156 -0.00151278 -0.00259881 -0.00211359 -0.000139104 -0.00202452 -0.00338444
internal_weight=88425.4 2487.5 1807.8 85937.9 3766.68 1022.16 2744.52 1290.1 1454.42 82171.2 2887.37 79283.8 31577.2 19471.4 15747.3 12970.2 4951.71 12105.8 10063.3 2042.5 47706.6 9520.02 6589.92 5922.75 2930.1 2260.11 3331.27 44375.3 2744.06 2031.49
internal_count=354558 9976 7251 344582 15142 4110 11032 5194 5838 329440 11607 317833 126594 78064 63107 51978 19842 48530 40345 8185 191239 38143 26404 23726 11739 9055 13355 177884 10995 8140
is_linear=0
shrinkage=0.03


Tree=116
num_leaves=31
num_cat=0
split_feature=25 9 30 30 28 22 15 34 15 26 26 13 3 3 2 40 40 5 2 15 40 8 34 22 23 22 16 28 23 12
split_gain=11.0503 12.9379 15.2548 14.4641 12.1255 10.4275 14.8267 18.1241 15.0157 13.7987 12.8637 12.508 11.795 11.4068 10.285 9.91492 10.8351 11.168 9.84949 11.1289 10.3315 9.78234 9.55733 14.2456 16.2149 10.6209 10.2466 12.6643 14.6262 9.48308
threshold=0.66296705603599559 0.44659681618213659 0.73813828825950634 0.79187750816345226 -3.1322116851806636 1.4270992875099184 -7.1733894348144522 0.28669585287570959 -7.2111675739288321 -1.1549182534217832 -2.8280899524688716 -8.9725232124328596 0.25198686122894293 0.47067542374134069 -1.5834565758705137 0.64278149604797374 0.93666326999664318 -0.18160346895456311 0.048028035089373596 -7.5131084918975821 0.20790971815586093 -0.64391618967056263 -0.45882669091224665 1.2393710017204287 0.45593295991420751 1.1794112324714663 -0.49101252853870386 -0.35531863570213312 0.71921193599700939 -8.3479485511779767
decision_type=2 2 2 2 2 2 2 2 2 2 2 2 2 2 2 2 2 2 2 2 2 2 2 2 2 2 2 2 2 2
left_child=1 2 5 15 -2 6 7 8 10 -8 -1 -7 -11 -13 -6 -3 17 -17 -15 20 -20 -21 -12 24 -24 26 -26 28 -28 -25
right_child=4 3 -4 -5 14 11 9 -9 -10 12 22 13 -14 18 -16 16 -18 -19 19 21 -22 -23 23 29 25 -27 27 -29 -30 -31
leaf_value=0.0012187819322089894 -0.0046813545662418281 0.0018744924746325669 -0.0013653483537485326 0.0063421987353374483 0.0026070168525035558 -0.0036001657920218893 0.0028050775112843417 0.0044626535937337918 -0.0050930099568610165 -0.0025879201059644656 0.0011906134787946889 0.0014110633547092309 0.0027525877154182111 0.0029686451024594747 -0.00045064537249809547 0.00030499945292694055 0.0019800991641572107 -0.0054452140839216191 -0.0011574221385104568 0.00031250237387298214 0.0032966913892731142 -0.0039617103996533246 -0.0016412295189511498 -0.0048125383904873099 0.0029733123299799952 0.0038506995669170831 0.00016761868871041736 0.0025502386672533561 -0.0047851133003308814 -0.0016591121015074417
leaf_weight=3400.7547686249018 583.27512359619141 4476.3600048869848 5701.3606479614973 498.92062002420425 1013.178753182292 547.94411785900593 2678.7979284077883 645.89040617644787 639.43734918534756 1042.9718775600195 1889.887597411871 13243.011570498347 566.10746178030968 689.32827296853065 30716.38996899128 631.91322281956673 828.12424401938915 573.98145721852779 1076.6658734232187 755.44374364614487 815.07136499881744 1314.3249448537827 4775.2107665091753 1129.2600960433483 891.43112656474113 849.38082185387611 1325.1657140552998 797.52811697125435 891.11579692363739 3569.0392389148474
leaf_count=13622 2337 17937 22875 2000 4060 2197 10732 2589 2562 4183 7595 53209 2267 2763 123150 2534 3319 2299 4313 3027 3267 5268 19126 4523 3571 3401 5306 3193 3568 14295
internal_value=1.02642e-05 0.000264258 9.24536e-05 0.0014692 -0.000431787 0.000283643 -0.000114421 -0.000445624 -0.000605025 0.00148982 -0.000455466 0.00082502 -0.000703623 0.000962463 -0.000352218 0.00108661 -0.000648013 -0.00245426 -0.000315192 -0.000892637 0.000768915 -0.00240767 -0.000809254 -0.00107554 -0.000408071 0.000831273 0.000166397 -0.000670926 -0.00183631 -0.00242567
internal_weight=88557.3 56244.4 49235.1 7009.3 32312.8 43533.8 25092 20804.1 20158.2 4287.88 19518.8 18441.8 1609.08 17893.8 31729.6 6510.38 2034.02 1205.89 4650.83 3961.51 1891.74 2069.77 16118 14228.1 9529.83 4754.62 3905.24 3013.81 2216.28 4698.3
internal_count=355088 225541 197452 28089 129547 174577 100533 83351 80762 17182 78200 74044 6450 71847 127210 26089 8152 4833 18638 15875 7580 8295 64578 56983 38165 19039 15638 12067 8874 18818
is_linear=0
shrinkage=0.03


Tree=117
num_leaves=31
num_cat=0
split_feature=28 32 37 41 31 21 35 15 15 34 40 16 32 0 10 0 21 40 10 13 22 4 10 20 41 22 22 22 3 35
split_gain=10.8782 8.98392 10.4063 10.1722 15.2143 8.94689 8.18561 19.1472 18.3811 20.5077 8.79388 10.5511 8.51509 8.90298 12.7436 10.0516 9.40504 8.17261 14.8356 10.8143 11.316 10.0245 14.1564 12.0277 9.84612 9.71029 9.44692 9.41362 8.37415 9.71826
threshold=-3.3487241268157955 -0.58053454756736744 -0.75813382863998402 -0.60785761475563038 0.062872428447008147 0.50036892294883739 0.85590395331382763 -7.0961217880249015 -7.4226779937744132 0.67943751811981212 0.99938130378723156 -1.2327555418014524 1.1261962652206423 -0.10288050025701521 -0.99740049242973317 -0.11927280202507971 0.57625102996826183 0.034899164922535426 1.1531140208244326 -8.1529870033264142 1.2542287111282351 -0.44620107114315027 0.64820364117622387 0.82988163828849804 0.6078576147556306 1.2688671350479128 1.5698186159133913 1.715248227119446 -1.0531587600708006 0.19964057207107547
decision_type=2 2 2 2 2 2 2 2 2 2 2 2 2 2 2 2 2 2 2 2 2 2 2 2 2 2 2 2 2 2
left_child=5 2 -2 4 -4 -1 10 8 -8 -10 11 -3 13 14 16 17 -13 19 24 20 -16 22 -21 25 28 -23 -20 -26 -19 -30
right_child=1 6 3 -5 -6 -7 7 -9 9 -11 -12 12 -14 -15 15 -17 -18 18 26 21 -22 23 -24 -25 27 -27 -28 -29 29 -31
leaf_value=-0.0058289376276563862 -0.0027499656676794691 0.0038696944402486695 0.0015827970231237179 0.00069333841078416932 0.0077061891210099178 -0.00025733249530370136 0.00045954224748942957 -0.003229832430996941 0.0092708413248224816 0.0010431209905066121 -0.003100391818565832 -0.0031472969913539537 -0.0030807480226047622 0.00020184979769013911 -8.5187185827209397e-05 -0.0043628930398694971 0.00014992039071861881 0.0046005891973162774 -0.00060209743325523562 7.2783725045313661e-05 -0.0040848113614625784 -0.0065573564590486241 0.0047852822245531695 -0.00029629433052110241 -0.0016535318509912301 -0.0011221078735616083 -0.0056143293505621092 0.0024377389219987469 0.0018863132253229959 -0.00062551275556202467
leaf_weight=506.11473715305328 580.93835063278675 600.21753560006618 1294.3061208277941 4891.5959906876087 502.87395027279854 523.41864414513111 1579.0363087207079 632.55257692933083 588.05153883993626 506.30169053375721 855.52193796634674 2510.2317961752415 837.7571783810854 45922.274412557483 1108.4439902305603 508.75392553210258 1125.3780492246151 677.32201313972473 984.5407222956419 2447.0434768646955 1487.1007435321808 531.73303778469563 739.53838101029396 6135.5539840012789 2078.2912816107273 662.9049526154995 507.96449127793312 658.53861060738564 4493.1718914955854 1996.9529857188463
leaf_count=2028 2348 2405 5233 19726 2022 2097 6329 2535 2355 2031 3430 10059 3379 184020 4440 2039 4508 2715 3945 9810 5961 2129 2963 24582 8325 2655 2037 2641 18006 8009
internal_value=2.47793e-05 6.10401e-05 0.00107012 0.00140551 0.00332936 -0.00302604 -3.05781e-05 0.00142882 0.00253904 0.00550821 -9.35208e-05 -5.92756e-05 -9.10553e-05 -5.70616e-05 -0.000471939 -0.000230371 -0.00212905 -0.000142845 0.000444555 -0.000653342 -0.00238363 -0.000224448 0.001178 -0.000834897 0.000865194 -0.00357569 -0.00233399 -0.000663796 0.00144914 0.00111367
internal_weight=88474.4 87444.9 7269.71 6688.78 1797.18 1029.53 80175.2 3305.94 2673.39 1094.35 76869.2 76013.7 75413.5 74575.7 28653.5 25017.9 3635.61 24509.1 11396.8 13112.3 2595.54 10516.8 3186.58 7330.19 9904.28 1194.64 1492.51 2736.83 7167.45 6490.12
internal_count=354762 350637 29329 26981 7255 4125 321308 13250 10715 4386 308058 304628 302223 298844 114824 100257 14567 98218 45678 52540 10401 42139 12773 29366 39696 4784 5982 10966 28730 26015
is_linear=0
shrinkage=0.03


Tree=118
num_leaves=31
num_cat=0
split_feature=29 27 15 29 23 21 34 20 41 21 20 6 2 24 11 27 9 31 14 31 40 9 11 30 12 11 19 15 10 12
split_gain=13.9487 13.7211 10.0985 9.28456 10.2474 9.63296 17.2205 11.9807 10.7999 10.0548 10.6908 9.39683 9.11143 8.56801 10.2746 8.1411 7.84443 12.615 17.2213 9.9944 9.11018 10.2108 10.676 10.7546 10.4215 10.545 9.58249 14.105 14.0676 12.2079
threshold=0.96283152699470531 0.74429652094841015 -8.5027399063110334 -0.27040016651153559 0.2223426625132561 0.40033762156963354 -0.20611263811588285 1.2957338690757754 -1.0000000180025095e-35 0.99497935175895702 1.6649532318115237 0.63080856204032909 1.2749066352844241 1.1659412384033205 0.068507503718137755 0.94836920499801647 -1.6285720467567442 -0.48725035786628718 -7.0145554542541495 -0.72790706157684315 0.91353675723075878 -0.86688819527626026 0.029817842878401283 0.59326696395874035 -7.3573663234710684 -1.4165061712265012 0.018525700084865097 -7.9661540985107413 0.51586437225341808 -7.9784562587738028
decision_type=2 2 2 2 2 2 2 2 2 2 2 2 2 2 2 2 2 2 2 2 2 2 2 2 2 2 2 2 2 2
left_child=1 16 -3 4 -4 7 -7 -5 13 10 11 15 -11 14 -8 -10 17 -1 -19 -18 26 -22 24 -24 25 -23 27 28 -21 -28
right_child=-2 2 3 5 -6 6 8 -9 9 12 -12 -13 -14 -15 -16 -17 19 18 -20 20 21 22 23 -25 -26 -27 29 -29 -30 -31
leaf_value=-0.0055199477223173265 0.0032981326314721455 0.0031366667253542005 0.0011489289430950793 -0.0008404572998382538 -0.0035564119484855438 0.0027525826830018816 0.0030765624218687666 -0.0058477389734689139 -0.0020304089907791428 0.0035888784222757202 0.0012916273567818801 -0.0037370783661687616 -0.00070470860163378008 -0.002598479197322544 -0.002410371421328945 0.001911542840011664 0.001744894685830251 0.0016960789746847422 -0.0043932862899533172 -0.001471931933460245 0.0019406080792584543 -0.0029916507544159236 -0.0029805932199016079 0.0015994472538576831 -0.0033652163276156125 0.0015876717338242643 0.00097204810726991614 -0.00014072609784178072 -0.0072596274665862499 -4.7961571441808434e-05
leaf_weight=570.51219736039639 1043.8138622194529 527.48250968754292 509.76085285842419 1113.2553645819426 2171.3093049675226 1340.5288245379925 597.59018231928349 694.97012624144554 1144.1606174707413 1087.2407805025578 1535.5802808105946 1272.0301526933908 743.35412438213825 3724.0621760338545 611.27378396689892 787.54655814170837 3073.6723472326994 1184.5275379121304 633.09852410852909 1455.8049747496843 985.04607692360878 552.26607818901539 3421.5586325824261 526.66401788592339 697.58518967032433 2315.855119407177 16404.756652593613 7590.4469534158707 504.11826828122139 29606.20732049644
leaf_count=2296 4192 2114 2044 4459 8698 5369 2396 2785 4582 4357 6167 5102 2983 14943 2453 3154 12356 4751 2539 5839 3955 2213 13723 2111 2799 9282 65728 30459 2021 118700
internal_value=-0.000132774 -0.000174131 -0.000915571 -0.00104063 -0.00266082 -0.00074254 -0.000452822 -0.00278652 -0.000828443 -3.14044e-05 -0.000760869 -0.00174561 0.00185101 -0.00188777 0.000305029 -0.000421729 1.64488e-05 -0.0016695 -0.000437345 7.66624e-05 -3.6408e-06 -0.000917773 -0.00129458 -0.00236715 -0.00010364 0.000698577 0.00013633 -0.000727948 -0.0029899 0.000315845
internal_weight=88426.1 87382.3 17860.1 17332.7 2681.07 14651.6 12843.4 1808.23 11502.8 6569.91 4739.32 3203.74 1830.59 4932.93 1208.86 1931.71 69522.1 2388.14 1817.63 67134 64060.3 8498.98 7513.93 3948.22 3565.71 2868.12 55561.3 9550.37 1959.92 46011
internal_count=354570 350378 71606 69492 10742 58750 51506 7244 46137 26345 19005 12838 7340 19792 4849 7736 278772 9586 7290 269186 256830 34083 30128 15834 14294 11495 222747 38319 7860 184428
is_linear=0
shrinkage=0.03


Tree=119
num_leaves=31
num_cat=0
split_feature=32 39 12 23 31 6 29 8 6 40 36 23 8 9 3 28 11 15 15 25 12 21 8 35 5 15 8 30 34 26
split_gain=12.9731 11.528 9.00522 10.9419 9.89151 8.86909 8.72715 12.3332 8.41329 10.8502 13.4486 12.7886 7.89796 10.5033 8.12475 7.89103 11.8521 11.3871 12.0916 12.7714 11.3789 18.8969 16.7986 11.6455 11.2996 10.3066 13.662 10.4371 11.9491 9.83877
threshold=-0.58053454756736744 -0.96591663360595692 -7.5562050342559806 0.23015847802162173 -0.050206722691655152 0.29516218602657324 0.28518770635128027 0.43460097908973699 -1.164909243583679 0.58777967095375072 -0.88084316253662098 0.15932428836822513 0.58792716264724743 -0.35251307487487787 -2.4631592035293575 -1.6426061391830442 0.47489976882934576 -7.3997633457183829 -7.5621590614318839 0.86192163825035106 -8.3479485511779767 0.88346493244171154 -0.42864139378070826 0.10808307304978372 0.84640753269195568 -7.3336637020111075 0.23405938595533374 -0.94770088791847218 -0.039527969434857362 -0.12548736482858655
decision_type=2 2 2 2 2 2 2 2 2 2 2 2 2 2 2 2 2 2 2 2 2 2 2 2 2 2 2 2 2 2
left_child=12 2 3 -2 5 -5 7 -4 9 10 -3 -11 13 14 -1 16 17 18 19 24 21 23 -22 -18 -10 -19 27 28 -27 -17
right_child=1 8 6 4 -6 -7 -8 -9 15 11 -12 -13 -14 -15 -16 29 20 25 -20 -21 22 -23 -24 -25 -26 26 -28 -29 -30 -31
leaf_value=0.0051574246157791038 -0.0016226734497532412 0.003769581571244492 -0.00046250441271827262 0.0072663046567876359 0.0014466846878845693 0.0019722184373399143 -0.002286839576420428 0.004401785817180104 0.00084561899767335617 0.00071511186174456638 -0.00088674617919157596 0.0061101602943049197 0.0039824373242869464 -0.00045361398824156557 0.00131398526578409 -0.00078068755137290151 -0.0018636505095041924 -0.0032937719503758592 0.003644981492778226 0.0049932485709674674 0.0029414395591917043 0.0022487200487057938 -0.0010523758608116194 -0.0071832656165403599 -0.0037242380921405148 -0.0020150725148474873 -0.001567993458095662 0.0045869105247268848 0.0034466855579366068 0.00011219343264827162
leaf_weight=587.63986438512802 581.44175776839256 684.06661108136177 1541.5897320359945 660.13531978428364 1804.9960511475801 512.54669190943241 1058.6344426423311 663.30548332631588 3721.3872394710779 944.74629846215248 2842.9424005150795 673.91782811284065 815.43606820702553 2963.0672157257795 2962.9978664219379 34135.456760287285 806.01469314098358 836.5261702388525 1888.7888229936361 570.43499974906445 1294.1331763416529 520.14775721728802 3459.5091964751482 690.80288206040859 550.09658779203892 819.98086434602737 1849.3162917494774 817.34393921494484 627.47050213813782 16458.358507171273
leaf_count=2405 2332 2748 6178 2644 7230 2053 4242 2656 14904 3800 11415 2706 3271 11933 11960 136776 3229 3351 7566 2286 5181 2084 13865 2771 2204 3286 7408 3275 2513 65972
internal_value=8.61702e-06 -0.000100785 0.0010784 0.00211985 0.00285362 0.00498865 -6.03832e-05 0.0010141 -0.000209354 0.000959739 2.44571e-05 0.00298502 0.00121641 0.00086456 0.00196278 -0.000296608 0.000234364 0.000812968 0.00161537 0.00081775 -0.000763628 -0.00264566 3.87941e-05 -0.00435011 0.000249773 -0.000279 0.000340497 0.00189891 0.000360004 -0.000490265
internal_weight=88343.2 81014.1 6822.65 3559.12 2977.68 1172.68 3263.53 2204.9 74191.4 5145.67 3527.01 1618.66 7329.14 6513.7 3550.64 69045.8 18452 11681.3 6730.71 4841.92 6770.61 2016.97 4753.64 1496.82 4271.48 4950.64 4114.11 2264.8 1447.45 50593.8
internal_count=354244 324675 27335 14259 11927 4697 13076 8834 297340 20669 14163 6506 29569 26298 14365 276671 73923 46793 26960 19394 27130 8084 19046 6000 17108 19833 16482 9074 5799 202748
is_linear=0
shrinkage=0.03


Tree=120
num_leaves=31
num_cat=0
split_feature=7 9 26 33 6 25 17 22 22 29 20 14 41 26 27 43 21 12 6 4 17 14 17 23 37 12 14 39 34 19
split_gain=12.7932 13.4794 10.3293 15.3979 17.954 12.5869 9.48321 9.41994 13.7035 12.3078 8.27609 9.15209 8.24416 7.90227 10.4344 8.54613 30.8463 15.545 13.1433 12.2595 11.4844 12.1705 11.003 13.9144 18.0397 10.9271 15.1386 11.5097 10.8922 10.618
threshold=-1.3931996822357176 -1.1033000349998472 -2.5921432971954341 -0.43716955184936518 -0.370742917060852 0.84775221347808849 -0.53842192888259877 1.7414749264717104 1.9915335178375246 -0.64415886998176564 1.1411429643630984 -7.3418228626251212 -1.0000000180025095e-35 2.027035236358643 -0.077332027256488786 0.2333333417773247 0.42346525192260748 -8.7694826126098615 -0.65256777405738819 0.19528796523809436 -0.30972531437873835 -7.8545920848846427 -0.3144357949495315 0.49310833215713507 -0.38666586577892298 -7.3900530338287345 -8.1869931221008283 -0.95104745030403126 0.76358065009117138 0.16678788512945178
decision_type=2 2 2 2 2 2 2 2 2 2 2 2 2 2 2 2 2 2 2 2 2 2 2 2 2 2 2 2 2 2
left_child=1 -1 3 12 -5 10 -7 -3 -9 -10 -6 -12 -2 15 -15 16 17 -4 19 -17 21 -19 23 24 -20 26 -18 -28 -25 -29
right_child=2 7 13 4 5 6 -8 8 9 -11 11 -13 -14 14 -16 18 25 20 22 -21 -22 -23 -24 28 -26 -27 27 29 -30 -31
leaf_value=-0.00096358360658073676 0.0050252552975137898 -0.0011381266936903672 -0.0040911604005766577 -0.0030787200262625833 0.00080702296678753361 -0.00023677710157403225 -0.004886156612555685 0.0064278431072430781 -0.001010776131080762 0.0039538090146695164 -0.0018069838414146899 0.002098549092419009 -0.00011656650094369539 -0.00082911938321536061 0.0043868969795119207 -0.0012225976795980031 0.00041822755841870903 0.00051004038744324699 -0.0044150688610851878 0.0016857573211089543 0.00037056802242373219 0.0047529400680143231 5.1065299867457403e-05 0.0020150029624670389 0.00057239884244471187 -8.4735243516582856e-05 0.0010032830780959574 0.00051325825146739253 -0.0014472962478700928 -0.0037642102054464732
leaf_weight=1378.1895032078028 564.49207580089569 508.9856319129467 511.98870508372784 3248.0435889065266 4620.3008848130703 684.05163539946079 927.26730063557625 846.54600147902966 786.66824941337109 1028.0731842815876 2982.9977924227715 650.07767081260681 547.8087877035141 582.38428178429604 827.72691501677036 8590.3813410252333 1572.307877600193 1077.1900492012501 780.49819457530975 1528.6541859060526 4483.660215601325 1396.2443273663521 25418.165050417185 9150.4401916861534 3735.3519131541252 3053.895513817668 613.95007680356503 581.57050706446171 890.85336463153362 4927.5022261738777
leaf_count=5563 2270 2051 2052 13009 18506 2743 3720 3412 3184 4135 11949 2604 2199 2344 3320 34494 6304 4322 3127 6125 17988 5602 101838 36664 14958 12244 2460 2330 3581 19765
internal_value=-3.93067e-05 0.00150852 -0.000123341 -0.000859777 -0.0011477 -0.000509414 -0.00292599 0.00258285 0.0032961 0.00180798 -3.4651e-05 -0.00110431 0.00251443 2.70109e-05 0.00224198 -1.9032e-05 -0.000575262 0.00090492 0.000183332 -0.00078201 0.00127794 0.00291464 0.000427826 0.0010852 -0.000297462 -0.00160365 -0.00220554 -0.00287887 0.0017067 -0.00331254
internal_weight=88496.3 4548.46 83947.8 14225 13112.7 9864.7 1611.32 3170.27 2661.29 1814.74 8253.38 3633.08 1112.3 69722.8 1410.11 68312.7 18218.3 7469.08 50094.3 10119 6957.09 2473.43 39975.3 14557.1 4515.85 10749.2 7695.33 6123.02 10041.3 5509.07
internal_count=354863 18345 336518 57000 52531 39522 6463 12782 10731 7319 33059 14553 4469 279518 5664 273854 73067 29964 200787 40619 27912 9924 160168 58330 18085 43103 30859 24555 40245 22095
is_linear=0
shrinkage=0.03


Tree=121
num_leaves=31
num_cat=0
split_feature=21 4 18 28 13 20 29 13 23 5 28 33 11 4 15 23 36 33 15 13 6 5 39 23 15 18 39 0 29 8
split_gain=8.32851 10.2212 20.59 14.9346 10.2363 10.1516 13.1168 9.22214 9.09409 8.11662 7.3755 14.8278 12.9796 17.091 17.8945 11.6118 11.2465 11.0978 10.043 11.7285 10.3407 9.61023 9.75119 11.5756 9.05443 15.015 15.6809 9.35339 9.04145 8.81257
threshold=0.99981877207756054 0.57101383805274974 0.96838653087615978 -0.63104927539825428 -7.535721778869628 1.332577168941498 0.58302870392799389 -8.5870060920715314 0.65746706724166881 0.66820478439331066 -1.5370117425918577 -0.38709805905818934 0.2835503369569779 1.1266942024230959 -7.7057948112487784 0.78601443767547619 -0.69206580519676197 0.3673835694789887 -6.7646625041961661 -6.991140365600585 -0.52187481522560109 0.13984575867652896 0.22494891285896304 0.42724713683128362 -7.0039508342742911 1.8719508051872256 0.65605276823043834 -2.6699142456054683 0.028022332116961483 0.92126721143722545
decision_type=2 2 2 2 2 2 2 2 2 2 2 2 2 2 2 2 2 2 2 2 2 2 2 2 2 2 2 2 2 2
left_child=10 2 -2 7 5 -5 -7 -3 -9 -10 11 16 15 14 -14 21 -1 -17 24 -20 -21 -13 -23 -24 27 26 -26 -12 -22 -16
right_child=1 3 -4 4 -6 6 -8 8 9 -11 18 12 13 -15 29 17 -18 -19 19 20 28 22 23 -25 25 -27 -28 -29 -30 -31
leaf_value=0.00041728337400603465 0.0001582683985862663 0.0026690277106888125 0.0069648223448729113 0.006847255283974495 -0.00046753705279027429 -0.0018559118048912416 0.0043553003436409554 -0.0045630631129261199 0.0025734814880036812 -0.0017914206063331449 0.0031897404786511208 0.00058846784163198499 -0.003759460422134802 0.0043790044743868594 9.524055574714301e-05 -0.0027448186740796289 0.004123189887600809 0.0015103267607139326 0.0044259788588696452 0.0037484667653645306 -0.0040725914166956168 0.0045965431109141926 -0.002401707584766022 0.0029031834117447964 -0.001829688652414074 -0.0055113744253301724 0.0033404592367240397 -0.00021559382241474281 0.00086364926809509243 -0.0037921802701739987
leaf_weight=1361.3180693984032 914.58104938268661 515.7446004152298 701.54776225984097 528.4630990922451 938.90722282230854 499.29547539353371 762.44368828833103 708.71566553413868 518.11825434863567 1391.8390049636364 726.23880608379841 5468.6570600122213 1783.5250320732594 529.63361974060535 4992.0318195819855 1386.1654301434755 1603.4877981692553 903.65901811420918 874.93361586332321 533.32909125089645 551.06887994706631 1339.0000644177198 544.86375057697296 1106.5500534325838 2553.287279099226 729.75119005143642 655.26975758373737 51935.65770944953 818.240448564291 576.43819226324558
leaf_count=5470 3666 2068 2811 2118 3766 2002 3062 2839 2076 5582 2941 21897 7148 2125 19995 5551 6439 3625 3511 2145 2207 5364 2182 4431 10234 2939 2628 208278 3279 2313
internal_value=7.57761e-05 0.00103289 0.0031376 0.00044843 0.00206723 0.00339185 0.00190213 -0.000963135 -0.00168592 -0.000600107 -1.27513e-05 0.000461887 0.000147757 -0.000776406 -0.00115324 0.000825492 0.00242871 -0.0010663 -0.000185423 0.00157257 0.000244142 0.00133824 0.00270285 0.00114898 -0.000271956 -0.00165761 -0.000766714 -0.000168036 -0.00113803 -0.000313255
internal_weight=88452.8 7479.66 1616.13 5863.53 2729.11 1790.2 1261.74 3134.42 2618.67 1909.96 80973.1 21595.3 18630.5 7881.63 7352 10748.9 2964.81 2289.82 59377.8 2777.57 1902.64 8459.07 2990.41 1651.41 56600.2 3938.31 3208.56 52661.9 1369.31 5568.47
internal_count=354692 29990 6477 23513 10948 7182 5064 12565 10497 7658 324702 86540 74631 31581 29456 43050 11909 9176 238162 11142 7631 33874 11977 6613 227020 15801 12862 211219 5486 22308
is_linear=0
shrinkage=0.03


Tree=122
num_leaves=31
num_cat=0
split_feature=36 1 14 4 19 43 43 39 13 13 8 4 4 29 26 36 39 14 35 41 17 16 30 29 30 16 36 35 8 39
split_gain=8.83827 14.7937 12.5175 11.3814 11.2759 13.8925 12.2439 12.9284 11.548 17.7431 16.9703 11.6729 11.0609 10.2548 10.1092 9.02423 8.93103 9.25005 10.5202 12.383 18.5014 10.9583 10.2949 10.2244 16.9416 15.1876 13.5555 11.9336 11.0215 13.5318
threshold=0.89498746395111095 0.15755695849657061 -8.4240097999572736 1.8866388201713564 0.81598067283630382 0.76666668057441723 0.16666667163372043 -0.77713856101036061 -8.185050964355467 -8.219514846801756 1.2846118807792666 -0.35671584308147425 1.7082808613777163 -0.85096710920333851 0.13561765849590304 -0.80048543214797963 -0.99618521332740773 -7.2392075061798087 0.2706171721220017 1.0000000180025095e-35 -0.47371852397918696 -0.32940194010734553 0.96358409523963939 -0.020360656082630154 0.20754436403512957 0.40589430928230291 -0.69206580519676197 -0.29969342052936548 1.0896828770637514 0.39072741568088537
decision_type=2 2 2 2 2 2 2 2 2 2 2 2 2 2 2 2 2 2 2 2 2 2 2 2 2 2 2 2 2 2
left_child=4 -2 -3 13 8 6 -6 -8 9 10 11 -1 16 -4 -15 -9 -10 18 19 21 -21 -18 -20 24 -19 26 -26 -25 29 -29
right_child=1 2 3 -5 5 -7 7 15 12 -11 -12 -13 -14 14 -16 -17 17 23 22 20 -22 -23 -24 27 25 -27 -28 28 -30 -31
leaf_value=-0.0012430575733477789 -0.00073957684407968552 0.0041590732561331148 -0.0028534960344447158 -0.0027670695928751175 -0.002059509105402688 -0.0026393518018929863 -0.0020039838662194985 -0.0025540724104005301 0.0025787827807102221 -0.0050134225526826792 -0.005495641447575016 0.00088575023976170358 0.0036517383849271647 0.00083959156572842536 0.0031941481236571192 0.0010379692395796909 0.0029770620038917167 -0.0011454391372314994 -0.00089403355103597534 -0.0028876180561922325 0.00055819401693837001 0.00087222910200848442 0.0029612588191700916 -0.0037953744368617432 -0.00011657567995628453 -0.0027482357423342482 0.0044452102163522978 -0.0008070538810806665 -0.0034348080087496361 0.0039429754562702859
leaf_weight=4576.431549847126 5376.9382471144199 1112.2967112660408 557.35166095197201 728.07636786997318 3057.4730520993471 3155.3893992304802 2011.4902134239674 684.90238828957081 1362.3190886378288 832.97207140922546 561.19497397542 4677.6311099529266 840.82672667503357 8641.9692843705416 2019.8441953212023 6717.5725716650486 2952.8899803757668 3644.1373715251684 6916.5762680768967 1694.4730153083801 7902.4967119544744 9013.6232279092073 675.27274589240551 1481.2930794507265 907.63704998791218 522.36207857728004 1643.1399273425341 2695.0842197239399 998.29130594432354 664.33166480064392
leaf_count=18363 21549 4459 2234 2930 12267 12655 8059 2745 5464 3340 2251 18741 3376 34626 8095 26921 11834 14624 27736 6794 31699 36190 2704 5935 3644 2106 6591 10794 4000 2661
internal_value=-5.07547e-07 0.00058386 0.0011289 0.000843547 -0.000154062 -0.0008643 -0.000413441 0.000122788 4.94708e-05 -0.000836385 -0.000477159 -0.000167219 0.00026441 0.00108012 0.00128823 0.000702624 0.000197456 0.000119081 0.000412232 0.000750283 -5.25825e-05 0.00139368 -0.000547672 -0.000561395 0.000236787 0.00187423 0.00282788 -0.00147847 -0.000684012 0.000141189
internal_weight=88626.3 18436.5 13059.5 11947.2 70189.8 15626.8 12471.4 9413.97 54563 10648.2 9815.26 9254.06 43914.8 11219.2 10661.8 7402.47 43073.9 41711.6 29155.3 21563.5 9596.97 11966.5 7591.85 12556.3 6717.28 3073.14 2550.78 5839 4357.71 3359.42
internal_count=355387 73893 52344 47885 281494 62647 49992 37725 218847 42695 39355 37104 176152 44955 42721 29666 172776 167312 116957 86517 38493 48024 30440 50355 26965 12341 10235 23390 17455 13455
is_linear=0
shrinkage=0.03


Tree=123
num_leaves=31
num_cat=0
split_feature=16 23 14 27 2 16 29 18 22 29 39 34 11 41 27 5 2 14 9 9 32 41 12 2 6 43 43 27 2 4
split_gain=8.40836 12.8974 19.5893 12.1686 12.0165 11.7067 11.5058 11.4074 15.199 12.1617 11.6164 10.8149 13.0266 12.3524 9.97551 18.9982 12.1252 11.5674 9.59567 9.54843 9.15788 13.8277 9.10428 9.64533 12.4072 9.09019 13.6213 15.9142 12.7129 12.7072
threshold=-0.089088059961795793 0.3256117999553681 -8.5170049667358381 -0.45538499951362604 -1.3113781809806822 -0.99995833635330189 0.89115324616432201 0.92344489693641674 1.5130887031555178 -0.076894123107194887 0.8829391896724702 -0.3608808815479278 -0.16395670175552365 -0.60785761475563038 -0.98341387510299672 -1.1347024440765379 -0.88053458929061879 -7.153705120086669 0.63916659355163585 -0.55334016680717457 -0.52271044254302967 -0.60785761475563038 -8.3983602523803693 -0.45566889643669123 -0.55407041311264027 0.90000000596046459 0.36666667461395269 0.78478735685348522 0.28071990609169012 -0.026129557751119133
decision_type=2 2 2 2 2 2 2 2 2 2 2 2 2 2 2 2 2 2 2 2 2 2 2 2 2 2 2 2 2 2
left_child=1 2 3 -1 -3 -6 25 8 -4 -10 20 12 14 -14 -2 -16 -17 -18 -8 -15 21 -9 -22 24 -24 26 27 -7 -27 -28
right_child=11 4 7 -5 5 6 18 10 9 -11 -12 -13 13 19 15 16 17 -19 -20 -21 22 -23 23 -25 -26 28 29 -29 -30 -31
leaf_value=-0.0077506878148480224 0.0029942520983909952 0.0034860995796500483 -0.00014391211483597097 -0.0013802040545466414 0.003036894520824473 0.00012556854212198687 0.0041296332281977139 0.0051716979061293073 0.0051244386933962669 -0.0003118882745097536 -0.0033073134511996953 -0.00066151856942030089 0.0045463435876320329 0.0022963283047733609 -0.0034714123980348704 -0.0032598325824421573 0.0027668790049717841 -0.0019612557826091514 -0.00066313476490158154 -0.0010462638658808904 -0.0042055453645030525 -0.00021029822141509612 -0.0045430435154724148 0.00061734774800208028 0.00077537006681702603 0.00027517195169032924 -0.00027388119351653647 -0.0025158130384625578 -0.0044930719660216285 0.0014955718398365642
leaf_weight=501.81582528352737 643.0498470813036 1192.3215236663818 4197.417420193553 582.15410247445107 1475.5359831601381 9495.3454491049051 1218.5423326343298 571.49446277320385 1069.2230431437492 562.19192881882191 1488.1053006947041 28735.112867966294 1058.2707206606865 1707.3753713220358 1707.8412969410419 602.55076020956039 1698.5601506978273 632.03244481980801 538.16311204433441 1384.9029999673367 725.38131858408451 1642.4707509279251 951.91625264286995 2435.5766136795282 665.24422040581703 1182.9240570068359 5572.087943226099 2608.8517923802137 864.43995033204556 10579.014049559832
leaf_count=2011 2609 4776 16815 2332 5912 38041 4886 2305 4288 2253 5969 115180 4268 6874 6900 2421 6812 2533 2160 5576 2906 6612 3818 9758 2664 4740 22314 10461 3468 42383
internal_value=-3.67855e-05 0.000218688 -0.000503931 -0.00437326 0.000539045 0.000433255 0.000312513 -0.000207962 0.000812912 0.00326057 -0.000909788 -0.000372215 0.000508692 0.00176442 -0.000479136 -0.000965808 0.000499934 0.00148176 0.00266594 0.000800773 -0.000395535 0.00119597 -0.00113393 -0.000575152 -0.00236391 0.000175246 0.000315328 -0.000445343 -0.00175013 0.000885323
internal_weight=88289.9 50120.2 15393 1083.97 34727.2 33534.9 32059.4 14309 5828.83 1631.41 8480.19 38169.7 9434.58 4150.55 5284.03 4640.98 2933.14 2330.59 1756.71 3092.28 6992.08 2213.97 4778.12 4052.74 1617.16 30302.7 28255.3 12104.2 2047.36 16151.1
internal_count=354045 200872 61731 4343 139141 134365 128453 57388 23356 6541 34032 153173 37993 16718 21275 18666 11766 9345 7046 12450 28063 8917 19146 16240 6482 121407 113199 48502 8208 64697
is_linear=0
shrinkage=0.03


Tree=124
num_leaves=31
num_cat=0
split_feature=40 43 5 24 10 39 33 22 16 24 32 40 21 31 21 43 43 11 33 30 5 5 30 39 19 26 29 5 32 30
split_gain=15.8917 12.6093 19.2199 12.161 12.1346 12.2655 11.8643 14.3175 16.7354 14.5897 11.7742 11.7108 11.6466 11.0917 10.982 11.9624 10.9032 11.8656 11.7105 10.845 17.5333 9.80342 9.66082 10.0805 9.64874 9.49229 11.5035 13.9375 10.6049 9.23578
threshold=0.93968367576599132 0.56666669249534618 -0.16203659027814862 2.6281744241714482 -0.33583100140094752 -0.19080717861652371 0.40519952774047857 1.171700716018677 0.34383411705493933 1.5856635570526125 0.62793588638305675 -0.99938130378723133 0.069006975740194335 -0.04098959639668464 0.72932562232017528 0.5000000149011613 0.2333333417773247 1.826401472091675 0.60965117812156688 -0.24520841240882871 0.27511855959892279 -0.62534090876579274 0.049071170389652259 -0.25037762522697443 0.96056994795799266 -3.0459333658218379 -0.49970006942749018 -0.64799249172210682 0.26851406693458563 0.019221936352550987
decision_type=2 2 2 2 2 2 2 2 2 2 2 2 2 2 2 2 2 2 2 2 2 2 2 2 2 2 2 2 2 2
left_child=6 3 12 4 29 -6 11 13 16 10 -10 -1 -3 -8 25 -16 18 -18 -9 20 -17 -14 -21 -24 -4 26 27 -13 -27 -2
right_child=1 2 24 -5 5 -7 7 8 9 -11 -12 14 21 -15 15 19 17 -19 -20 22 -22 -23 23 -25 -26 28 -28 -29 -30 -31
leaf_value=0.0038701164380771677 0.0027592588290761776 -0.0011776150887178511 0.00054663012952833423 0.0037927163320942087 0.0016983133299740669 -0.0026233758472382373 -0.0012002378892803701 -0.0052897980053983043 0.0020842135514017508 0.0054072381442771666 -0.0032102394566237693 0.0065800986711257777 -0.0037171641347372194 0.0032849681478666001 0.00014964943397298175 0.0037215375877711955 -0.0014179630952450293 0.0026844917321068823 -0.0012125246754975864 0.0060612633602563342 -0.00066582530001760125 -0.0093054692638813805 0.0036296762208822657 -0.00061788323727485423 -0.0038974084765913243 -3.1356528511996519e-05 0.00031784300085981298 0.0008669493213926254 -0.002859021249730748 -0.0018609704581889883
leaf_weight=800.39541085064411 1210.6695803999901 535.49111522734165 1643.0250796377659 582.47113524377346 736.87410067021847 2860.2006448656321 790.0601904541254 1294.8255970627069 867.19656732678413 565.60155487060547 654.37901873886585 681.22909983992577 587.55906045436859 1305.4215402305126 7428.9735604673624 1219.8479808866978 6374.5784266293049 695.28802718222141 1248.0884033292532 790.14487889409065 2451.6343695372343 576.99148890376091 1481.2164665311575 754.79564149677753 589.427809253335 43541.326125249267 3627.6373137235641 873.51055318117142 1217.351845189929 563.46973040699959
leaf_count=3209 4856 2152 6588 2335 2955 11474 3165 5199 3479 2270 2633 2733 2358 5231 29751 4887 25578 2789 5028 3166 9822 2312 5935 3024 2364 174626 14534 3499 4874 2262
internal_value=-2.61642e-05 -0.0011592 -0.0024752 -0.000287269 -0.000735941 -0.00173581 0.000116361 -0.00068225 -0.00109135 0.00133888 -0.000198848 0.00028628 -0.00486879 0.00159624 0.00024091 0.000979097 -0.00161985 -0.00101128 -0.00330122 0.00189752 0.000798023 -0.00654161 0.00322446 0.00219949 -0.000638864 3.19486e-05 0.00124616 0.00339629 -0.000108885 0.00128966
internal_weight=88549.7 9886.18 3932.49 5953.69 5371.21 3597.07 78663.5 13795.4 11700 2087.18 1521.58 64868.1 1700.04 2095.48 64067.7 14126.6 9612.78 7069.87 2542.91 6697.64 3671.48 1164.55 3026.16 2236.01 2232.45 49941.1 5182.38 1554.74 44758.7 1774.14
internal_count=355088 39656 15774 23882 21547 14429 315432 55372 46976 8382 6112 260060 6822 8396 256851 56585 38594 28367 10227 26834 14709 4670 12125 8959 8952 200266 20766 6232 179500 7118
is_linear=0
shrinkage=0.03


Tree=125
num_leaves=31
num_cat=0
split_feature=27 12 17 10 28 13 39 6 36 17 39 14 1 37 35 33 13 6 26 0 19 8 8 7 26 28 39 14 15 7
split_gain=11.2339 10.9543 9.70066 15.8369 10.8979 14.0135 10.4135 9.9672 9.28217 9.07869 14.3677 12.9553 12.4806 12.5688 10.457 11.5245 11.8764 12.8349 10.7057 10.008 11.8913 9.26308 9.05448 9.04247 14.651 8.69015 8.62699 9.81239 12.1561 10.4426
threshold=0.78478735685348522 -8.9598536491394025 0.39882408082485205 0.31457152962684637 1.3338222503662112 -7.4082753658294669 -0.9062991440296172 -0.91747891902923573 -0.27228596806526179 0.057920826599001891 -0.46174421906471247 -6.7213547229766837 -1.5238395333290098 -0.38039365410804743 0.57492005825042736 0.24413702636957171 -7.7412402629852286 0.68721047043800365 -1.937362492084503 -0.047783138230442994 0.11332859471440317 -0.33078649640083307 -1.2473338246345518 -0.27093121409416193 -2.4983568191528316 0.11321185156702997 -0.13917177915573117 -7.4505047798156729 -7.2952454090118399 -0.82824575901031483
decision_type=2 2 2 2 2 2 2 2 2 2 2 2 2 2 2 2 2 2 2 2 2 2 2 2 2 2 2 2 2 2
left_child=2 -2 4 7 9 -6 -5 -4 25 10 14 12 -11 21 15 18 17 -17 23 20 -20 -14 -3 -1 -25 -9 27 28 29 -12
right_child=1 22 3 6 5 -7 -8 8 -10 11 26 -13 13 -15 -16 16 -18 -19 19 -21 -22 -23 -24 24 -26 -27 -28 -29 -30 -31
leaf_value=0.0050819969053562796 0.0027175967424323175 0.0028428328047554901 0.0025787844002198275 -0.00056804035287144302 0.00034529875807307183 -0.0053946315420063586 0.0042339432313149589 0.0039731694618601668 -0.0018040528160982825 -0.0041635955808208662 0.002507884506448396 -0.0038369110541704005 0.005105532232848973 -0.00043660185446338834 0.0038396246239043794 -0.006341404978328526 0.001249968819958727 -0.00024476165659082335 0.0014316227855934343 0.0020384554475157265 -0.0020050089788730117 0.00047249243977077191 -0.00091591010686888487 -0.00092080233190828219 0.0048479915742505684 -0.00061544266593788297 0.00025648374370176006 0.00094370314790126171 -0.0059822508171426675 -0.0019293492801893799
leaf_weight=1110.6322309970856 838.6541880518198 589.1616033911705 1256.6765761822462 510.18534024059772 807.57801257073879 715.85732072591782 1947.4860937744379 619.1540969312191 2094.9740937799215 679.38074009120464 568.53810240328312 979.47002299129963 671.14612990617752 8848.8648109585047 1235.4683839380741 542.43500624597073 1199.3909549564123 712.38606536388397 1796.1756695210934 3050.8259111195803 1808.8131819665432 908.95779103040695 15754.611844703555 918.90283988416195 683.13898925483227 901.41105876863003 31807.124884992838 1589.3585366904736 540.66647091507912 2741.3313700705767
leaf_count=4455 3362 2361 5068 2044 3245 2877 7802 2480 8391 2739 2287 3926 2698 35464 4950 2173 4807 2856 7217 12228 7253 3643 63182 3681 2736 3612 127541 6373 2169 10986
internal_value=8.1697e-05 -0.000606625 0.000247761 0.0012807 0.000129122 -0.00236947 0.00323884 0.000288356 -0.00051266 0.000190499 0.000367892 -0.000547437 -0.0002542 4.21664e-06 0.00122375 0.000947383 -0.000879927 -0.00290952 0.0014265 0.000776857 -0.000293493 0.0024601 -0.000778759 0.00301176 0.00155393 0.00126673 6.75926e-05 -0.0010353 -0.00185249 -0.0011619
internal_weight=88428.8 17182.4 71246.3 7329.89 63916.4 1523.44 2457.67 4872.22 3615.54 62393 50305.2 12087.8 11108.3 10429 13058.2 11822.7 2454.21 1254.82 9368.49 6655.81 3604.99 1580.1 16343.8 2712.67 1602.04 1520.57 37247 5439.89 3850.54 3309.87
internal_count=354606 68905 285701 29397 256304 6122 9846 19551 14483 250182 201712 48470 44544 41805 52356 47406 9836 5029 37570 26698 14470 6341 65543 10872 6417 6092 149356 21815 15442 13273
is_linear=0
shrinkage=0.03


Tree=126
num_leaves=31
num_cat=0
split_feature=11 40 5 12 37 3 29 28 39 31 28 16 22 30 0 4 30 30 31 0 30 28 5 24 37 36 18 21 4 29
split_gain=7.2068 17.4276 16.2829 11.4338 10.4577 22.4369 10.7012 10.3283 9.9319 8.35109 7.88063 7.71021 11.2323 7.22999 7.09174 6.79429 10.8944 8.48403 8.1008 10.2764 7.18664 6.54454 6.44826 7.94367 14.4591 13.0439 10.8652 9.18862 11.6032 9.59247
threshold=1.4337185025215151 0.24191959202289584 0.35157790780067449 -8.1912627220153791 -0.011426223907619713 -0.056363135576248162 0.50932174921035778 -1.266009986400604 -0.42261424660682673 -0.28379370272159571 -0.23574472218751905 -0.22766927629709241 1.3055344223976137 -0.8178197145462035 -2.9594781398773189 1.460310220718384 -0.29321698844432825 -0.9239290952682494 0.040257452055811889 1.3771185874938967 0.39719575643539434 -1.3785610198974607 -2.1495430469512935 1.2553086876869204 -0.40408581495285029 -0.89177927374839772 2.6489419937133794 0.99981877207756054 0.62721645832061779 -0.0071228926535695783
decision_type=2 2 2 2 2 2 2 2 2 2 2 2 2 2 2 2 2 2 2 2 2 2 2 2 2 2 2 2 2 2
left_child=14 4 3 -3 5 7 11 -2 -4 -5 -9 13 -13 -6 -1 22 17 21 -18 20 -20 -17 -16 24 25 -24 27 29 -29 -25
right_child=1 2 8 9 6 -7 -8 10 -10 -11 -12 12 -14 -15 15 16 18 -19 19 -21 -22 -23 23 26 -26 -27 -28 28 -30 -31
leaf_value=0.0034374841863927426 -0.0025913895807565908 -0.0067420277908951691 0.0037251958058219393 -0.0052848037723372716 -0.002477919272398215 0.0063035012717017076 0.0019528093172890308 0.004138207202959608 -0.0012949466068808639 -0.0011178586806565645 -0.00067539929923567273 -1.1975978447419057e-05 -0.0057655253332701871 0.0023198241580095523 -0.0020633594777228976 0.0009509277217019499 -0.0047629382661125031 0.0024010258338336555 -0.0044903830336318028 0.0023982473343927618 -0.00025443957353969249 -0.0036181682145416181 -0.00048354941678441807 0.00066927329113901737 -0.00052519473617457983 0.0038295460958024728 0.0035073591113572553 0.0043372577324153599 0.00062515752916101914 -0.00020993615909995798
leaf_weight=572.53689110279083 771.94313845038414 721.82897514104843 501.57471594214439 608.46179583668709 540.85333323478699 704.0572837293148 922.42765595018864 625.67462538182735 1146.7837302684784 1468.4139495193958 585.71730230748653 512.76256699860096 745.20449796319008 570.68170608580112 1116.3988577276468 576.14918525516987 790.06311844289303 1140.3892024457455 749.35594366490841 523.0177941173315 688.63959527015686 536.8093876093626 1148.9391088932753 23835.973877042532 19537.344794899225 1384.6343986839056 1005.6372558921576 1133.67175796628 2258.919141471386 21000.085143044591
leaf_count=2323 3095 2894 2010 2441 2167 2822 3701 2510 4601 5886 2351 2054 2988 2286 4539 2312 3168 4583 3013 2106 2764 2158 4612 95560 78298 5560 4049 4545 9055 84150
internal_value=4.07254e-05 -0.000699656 -0.00211964 -0.00350878 0.000358221 0.00174352 -0.000774531 0.000101281 0.000245871 -0.00235812 0.00182432 -0.00184001 -0.0034389 -1.59519e-05 0.000139772 0.000114946 -0.000953021 0.000592508 -0.00221649 -0.00117161 -0.0024776 -0.00126546 0.000188865 0.000224412 -0.000248438 0.00187941 0.00043639 0.000371642 0.0018747 0.000257519
internal_weight=88425 10426.4 4447.06 2798.7 5979.32 2687.39 3291.93 1983.34 1648.36 2076.88 1211.39 2369.5 1257.97 1111.54 77998.6 77426 5004.42 2253.35 2751.08 1961.01 1438 1112.96 72421.6 71305.2 22070.9 2533.57 49234.3 48228.6 3392.59 44836.1
internal_count=354601 41806 17832 11221 23974 10778 13196 7956 6611 8327 4861 9495 5042 4453 312795 310472 20104 9053 11051 7883 5777 4470 290368 285829 88470 10172 197359 193310 13600 179710
is_linear=0
shrinkage=0.03


Tree=127
num_leaves=31
num_cat=0
split_feature=27 11 11 25 34 17 27 25 32 28 28 1 1 8 5 20 14 31 27 30 22 30 34 21 35 23 1 29 18 6
split_gain=13.6672 13.0828 11.4259 9.73944 13.5246 12.359 10.6193 10.9025 9.40225 12.1278 14.9392 8.32673 7.46198 15.0901 19.2673 10.9764 10.7482 11.4566 10.6056 8.64943 9.53269 9.67187 9.38147 8.19342 8.39808 13.3819 14.2188 10.041 11.6646 9.44472
threshold=0.76892101764678966 0.087892852723598494 2.1322103738784794 0.97168895602226268 0.40528763830661779 -0.21719773858785626 0.89685088396072399 0.64859673380851757 -0.12087999656796454 0.64579555392265331 1.0838264822959902 0.40043921768665319 0.14889276027679446 1.0400975346565249 1.0156435966491701 0.71451875567436229 -8.1869931221008283 0.31512044370174414 -0.2210840359330177 -0.29321698844432825 1.2357598543167116 0.3736285269260407 -0.13172004371881482 0.14594259858131411 0.36665788292884832 0.93992567062377941 1.034498989582062 0.19113282859325412 1.3371807932853701 0.40247501432895666
decision_type=2 2 2 2 2 2 2 2 2 2 2 2 2 2 2 2 2 2 2 2 2 2 2 2 2 2 2 2 2 2
left_child=12 8 3 4 5 11 -7 -8 -2 -10 -11 -3 13 15 16 19 -15 18 -18 22 -21 -22 -1 -14 25 27 -27 -25 -29 -30
right_child=1 2 -4 -5 -6 6 7 -9 9 10 -12 -13 23 14 -16 -17 17 -19 -20 20 21 -23 -24 24 -26 26 -28 28 29 -31
leaf_value=-0.0058902115788363341 -0.002968119485300322 -0.0013554969804766386 0.0015670712441560619 0.00086556691448480094 -0.0044402462974714547 -0.0026292368872292346 0.0031363375916282151 -0.0021218277130722303 0.00082684996153294772 -0.0054570230448635062 0.00088287168767285065 -0.0048009157920465666 0.0031001870479239494 -0.0065036471361542177 0.0024293534194994018 0.00019393744747763222 -0.0052747170046753286 1.5923298647797068e-05 -0.00084518437530310372 -0.0031093323787695025 0.0043946445485910316 -0.0011132635117114755 -0.0013839018705041593 -0.00013221287115391898 0.001359332682694414 -0.0044890673895475923 0.0010754628991066467 0.0023694308116439097 0.0011910630868324388 -0.0039794159756943136
leaf_weight=638.82632537186146 871.17836405336857 1320.4884016215801 881.78773234784603 927.87337313592434 2056.8117602616549 906.20015114545822 1073.7053228765726 519.31426256895065 6574.4832945764065 663.04065969586372 660.27326369285583 1219.3414403498173 1026.6422234624624 535.68729308247566 825.08349546790123 36494.480992287397 1169.8032073229551 1506.1157999485731 835.37875767052174 582.86352255940437 550.24996741116047 581.59277276694775 1182.1868330985308 12289.051027223468 5949.7015454918146 1099.850466504693 653.28153696656227 3540.0805766582489 760.15614080429077 532.50599290430546
leaf_count=2559 3491 5291 3537 3731 8265 3630 4300 2081 26360 2660 2648 4885 4120 2148 3311 146437 4687 6037 3347 2334 2204 2329 4736 49235 23857 4413 2622 14180 3044 2134
internal_value=-0.000105543 -0.000851512 -0.00166075 -0.00201699 -0.00239461 -0.00155249 -5.30664e-05 0.00141967 -2.87159e-05 0.000298863 -0.00231081 -0.00302194 8.08964e-05 -0.000152868 -0.00172749 3.91627e-05 -0.00257887 -0.00196334 -0.00344268 -0.00155441 -2.31396e-05 0.00157947 -0.00298829 0.000486835 0.000377553 6.7523e-05 -0.00242118 0.00032361 0.00148059 -0.000953089
internal_weight=88428 17674.5 8905.52 8023.73 7095.86 5039.05 2499.22 1593.02 8768.98 7897.8 1323.31 2539.83 70753.5 44902.3 4872.07 40030.2 4046.99 3511.3 2005.18 3535.72 1714.71 1131.84 1821.01 25851.3 24824.6 18874.9 1753.13 17121.8 4832.74 1292.66
internal_count=354613 70879 35720 32183 28452 20187 10011 6381 35159 31668 5308 10176 283734 180129 19530 160599 16219 14071 8034 14162 6867 4533 7295 103605 99485 75628 7035 68593 19358 5178
is_linear=0
shrinkage=0.03


Tree=128
num_leaves=31
num_cat=0
split_feature=36 26 2 23 28 20 3 11 30 19 31 5 9 15 13 2 15 26 32 30 36 30 26 31 8 17 20 3 18 22
split_gain=8.55152 13.5745 9.71422 8.80469 10.2079 8.66162 11.5174 10.5333 9.50535 7.8231 10.5973 9.93422 7.24118 7.01632 7.00885 6.60608 7.14193 9.96004 8.73253 6.38704 18.6031 11.974 13.967 13.3075 12.8056 10.9516 10.3671 9.64144 9.52644 13.5038
threshold=0.96784532070159923 -0.040952967479825013 0.58843556046485912 0.97424346208572399 -1.6426061391830442 2.9031156301498418 -2.4631592035293575 -0.22270257771015164 0.47119101881980902 0.75002875924110424 0.32653465867042547 0.50267559289932262 -0.2029292359948158 -8.1478452682495099 -7.8940455913543692 -0.68395578861236561 -7.7010967731475821 -1.2768773436546323 -0.10440893098711966 -1.6915982961654661 -0.16604010015726087 -0.64768788218498219 0.22920116782188418 -0.66249066591262806 -0.53865328431129444 -0.50538435578346241 1.5932156443595888 -1.2490724921226499 0.93804323673248302 1.3868974447250368
decision_type=2 2 2 2 2 2 2 2 2 2 2 2 2 2 2 2 2 2 2 2 2 2 2 2 2 2 2 2 2 2
left_child=5 2 9 4 12 6 -1 -7 -9 15 11 -11 -4 -3 -5 -2 -17 18 -18 20 -8 22 23 25 27 -21 -24 -25 29 -29
right_child=1 13 3 14 -6 7 19 8 -10 10 -12 -13 -14 -15 -16 16 17 -19 -20 21 -22 -23 26 24 -26 -27 -28 28 -30 -31
leaf_value=0.0034744736500117832 0.0021788902831384798 0.0054943578497879337 0.003368383658972564 0.0035474441758509318 -0.0026622861282960069 -0.001238309730002492 -0.0012317222958534901 0.0011000452344047593 0.0065962543856369982 0.0025732221847052793 0.0054027964031200682 -0.001688689771144067 -0.0010985055383786442 0.0016685218914846884 -0.0011708120077794152 0.001324388269469948 0.0026206771557398451 -0.0046510822906673174 -0.0019815484820763182 -0.00077282760382424247 0.002048044876837705 -0.0001105776524909781 -0.0073174647698727854 -0.002965300478898814 -0.0010373919618908971 -0.0065778135457576874 -0.0013324220097498236 0.0016025939583737092 0.0027790178802329932 -0.0043566665550385268
leaf_weight=725.44232796132565 983.10729649662971 503.89795748889446 500.30907388031483 622.4067474603653 2594.6994988173246 633.50195081532001 2762.4158226549625 640.16448445618153 504.94157986342907 1345.1259767562151 645.38707262277603 764.44497469067574 898.38822381198406 2819.4740655571222 506.40306590497494 1136.0675951093435 579.02290214598179 659.87244100868702 993.03901267051697 548.6192567050457 3540.666946336627 43779.167749762535 520.14784793555737 504.63939900696278 13904.224227443337 623.93302190303802 522.76718844473362 1034.4637994170189 2017.6803434640169 499.08410166203976
leaf_count=2948 3940 2021 2005 2497 10395 2570 11076 2589 2033 5389 2587 3064 3599 11310 2033 4551 2320 2644 3978 2201 14189 175535 2085 2030 55732 2503 2103 4144 8088 2001
internal_value=-7.20407e-05 0.000566283 0.000103587 -0.00089135 -0.00155203 -0.000208531 -0.000260451 0.00185342 0.00355976 0.000821003 0.00206881 0.00102815 0.000511854 0.00226335 0.00143906 2.80082e-05 -0.000604418 -0.00158772 -0.000280603 -0.000299504 0.000610966 -0.000389317 -0.000993804 -0.00080821 -0.000604875 -0.00389125 -0.00435857 0.000876773 0.00142954 -0.000352473
internal_weight=88313.5 15551.6 12228.3 5122.21 3993.4 72761.9 70983.3 1778.61 1145.11 7106.07 2754.96 2109.57 1398.7 3323.37 1128.81 4351.11 3368 2231.93 1572.06 70257.8 6303.08 63954.7 20175.6 19132.6 17960.1 1172.55 1042.92 4055.87 3551.23 1533.55
internal_count=354160 62333 49002 20529 15999 291827 284635 7192 4622 28473 11040 8453 5604 13331 4530 17433 13493 8942 6298 281687 25265 256422 80887 76699 71995 4704 4188 16263 14233 6145
is_linear=0
shrinkage=0.03


Tree=129
num_leaves=31
num_cat=0
split_feature=23 1 37 23 22 13 19 23 21 43 29 26 9 43 10 5 2 16 26 10 34 10 6 43 26 12 5 40 6 16
split_gain=9.42345 16.1299 12.0764 11.6155 19.7409 10.6497 10.5389 12.0085 10.1038 19.2729 17.454 18.1079 17.4435 14.4611 16.1869 15.8644 16.4305 14.0743 13.9251 15.5143 12.8906 25.9976 13.0478 12.0515 12.033 11.9369 11.7292 10.9013 10.6275 10.4094
threshold=0.92511069774627697 1.034498989582062 -1.0000000180025095e-35 0.51735517382621776 1.3518618345260622 -8.5486888885498029 0.7986792027950288 0.99292942881584179 0.61680877208709728 0.5000000149011613 -0.16978123784065244 -1.0490593314170835 0.011034840252250435 0.16666667163372043 0.22894901037216189 -0.27718111872673029 -0.03014460206031799 -0.22023193538188932 -0.3196891695261001 0.16435437649488452 -0.18195962905883786 -0.48553170263767237 -0.370742917060852 0.76666668057441723 -3.6312681436538692 -7.1103622913360587 -0.26795811951160425 0.74313774704933178 0.068099297583103194 -0.39242658019065851
decision_type=2 2 2 2 2 2 2 2 2 2 2 2 2 2 2 2 2 2 2 2 2 2 2 2 2 2 2 2 2 2
left_child=1 8 -2 4 -3 -4 -7 -8 10 27 17 13 -13 28 26 16 -16 29 19 -14 21 -11 -22 -17 -19 -24 -15 -10 -12 -1
right_child=2 3 5 -5 -6 6 7 -9 9 20 11 12 18 14 15 23 -18 24 -20 -21 22 -23 25 -25 -26 -27 -28 -29 -30 -31
leaf_value=0.00053295395027109442 -0.0033998838380898781 -0.0050857306438470478 0.0025755563460020726 1.3813410384133378e-05 -0.00063794588606358807 0.0018966327680394112 -0.0025029654090857217 9.6746935216801853e-05 -0.00047313001211664915 0.00011892531914106072 0.0038344554904955527 -0.0029263090321158336 0.001582335144656112 0.0020764224270309961 -0.0056851631815173628 -0.0013249656475873735 0.0005375602179454544 0.0057745314493714509 0.0010437058079802856 -0.0040228643418765411 -0.0021593166515127037 0.0069713964953407983 0.0021544848687704028 0.0035445634433171765 0.0010752365053661849 -0.0013521099931098279 -0.00051452470860996512 0.0016741407903032711 2.8251558286712325e-06 -0.0013715246075364073
leaf_weight=6896.4196709245443 1361.4629548043013 1400.7744196504354 970.91749329864979 4270.903909906745 2480.8058719784021 1141.0894664525986 3236.1696290373802 3150.2681061029434 8955.727742806077 889.65004116296768 1495.3178884238005 4304.855879470706 651.08923141658306 2878.7298959940672 1275.6238194704056 1895.6746618896723 540.9501635581255 498.65713039040565 2848.1686431467533 1360.4772830158472 875.86535131931305 1123.7464099526405 6583.3131989836693 591.89749930799007 14211.743906065822 1000.2489843517542 3444.4002658873796 2780.0617392808199 1148.6029124855995 4116.3231770545244
leaf_count=27647 5468 5609 3893 17115 9941 4585 13010 12649 35874 3568 5994 17252 2608 11537 5112 7595 2167 2000 11408 5451 3508 4505 26375 2372 57132 4007 13794 11141 4602 16509
internal_value=8.62156e-05 0.000196016 -0.000787496 -0.00106643 -0.00225199 -0.000365484 -0.00074774 -0.00122245 0.000342407 0.000871618 9.82302e-05 -0.000513183 -0.00153802 0.000195155 -0.000299273 -0.00171628 -0.00383933 0.000631499 -0.000304758 -0.00220976 0.00180649 0.00395908 0.00129009 -0.000156748 0.00123835 0.0016908 0.000666471 3.65238e-05 0.00217616 -0.000179497
internal_weight=88379.9 78520 9859.91 8152.48 3881.58 8498.44 7527.53 6386.44 70367.5 22208.6 48158.9 22435.8 9164.59 13271.2 10627.3 4304.15 1816.57 25723.1 4859.74 2011.57 10472.8 2013.4 8459.43 2487.57 14710.4 7583.56 6323.13 11735.8 2643.92 11012.7
internal_count=354428 314823 39605 32665 15550 34137 30244 25659 282158 88978 193180 89892 36719 53173 42577 17246 7279 103288 19467 8059 41963 8073 33890 9967 59132 30382 25331 47015 10596 44156
is_linear=0
shrinkage=0.03


Tree=130
num_leaves=31
num_cat=0
split_feature=29 24 14 19 10 35 24 11 16 40 24 17 35 30 23 43 16 14 36 28 35 14 20 33 23 37 24 29 40 23
split_gain=9.53196 9.99403 15.249 16.0391 14.5822 14.2273 12.6252 10.3636 15.3881 12.2775 20.8576 17.2476 15.3501 14.1794 13.6577 11.8718 10.3502 10.1576 10.0486 12.7961 10.4729 13.8346 10.7842 10.4055 10.6194 10.0341 11.3816 11.2976 9.92335 11.1067
threshold=-0.97670120000839222 1.9002776741981509 -8.2869839668273908 0.32010526955127722 -1.9264016747474668 0.72270554304122936 1.5201758146286013 0.097916934639215483 0.17808192968368533 0.52991423010826122 1.3612099885940554 -0.11789769306778906 -0.29969342052936548 0.57910713553428661 0.21038541197776797 0.43333333730697637 0.054152069613337524 -7.2024457454681388 -0.81794506311416615 0.13020963221788409 -0.60889846086502064 -6.4230585098266593 1.0904974937438967 -0.58982017636299122 0.15130232274532321 0.046669218689203269 0.97022292017936718 -0.21931925415992734 0.90995261073112499 0.43160109221935278
decision_type=2 2 2 2 2 2 2 2 2 2 2 2 2 2 2 2 2 2 2 2 2 2 2 2 2 2 2 2 2 2
left_child=-1 5 3 -3 17 7 -7 9 -9 -2 11 -11 14 -13 -12 -16 -14 -4 19 28 -20 22 -22 -24 -25 26 -10 -27 29 -6
right_child=1 2 4 -5 18 6 -8 8 25 10 12 13 16 -15 15 -17 -18 -19 20 -21 21 -23 23 24 -26 27 -28 -29 -30 -31
leaf_value=0.0035405730186492488 0.00018881315818073467 -0.00645737416340626 0.0056219352969277287 -0.00076736392027269146 -0.0034641091296631391 -0.00060781900403111616 0.0045464670469535879 -0.00058220003425018044 0.0050704334893761482 -0.0018557196754367489 0.0015069635682199577 0.0030455494335497233 0.0023729142116387784 -0.0013560373852809435 0.0035610172838616305 0.0098419058273644718 -0.001975154670397339 7.021300130869599e-05 -0.0024799821300418678 -0.004784608970666398 0.0012071457883449984 0.0049100943720570963 0.0031196122521172927 -0.0048942893132984579 -0.00057334999291501758 -0.0027702380120860188 0.0011709542447631181 0.0010075000952929722 0.0025577399975284651 0.00020360025241022921
leaf_weight=720.99626494944096 22735.820703551173 732.22072027623653 622.74200755357742 1124.5301343500614 1418.4769114106894 637.75146569311619 1275.4463959634304 22344.661804556847 855.38719889521599 2273.5492608398199 632.21771405637264 2003.4089438617229 2749.4223595559597 971.90029381215572 510.60846851766109 611.49761389195919 591.82342499494553 558.80657203495502 1423.1646541059017 917.40087786316872 4591.8573448359966 532.30599571764469 628.04801473021507 537.78308171033859 7897.1171985119581 1048.4008382707834 3086.1374815553427 2170.1689919084311 631.85084983706474 1546.5245900154114
leaf_count=2907 91172 2937 2497 4507 5690 2559 5116 89578 3432 9119 2550 8039 11020 3900 2047 2454 2375 2241 5712 3683 18392 2133 2531 2156 31651 4204 12399 8710 2534 6197
internal_value=0.000129005 0.000100545 -0.000433857 -0.00303382 -0.000205962 0.000292499 0.00283409 0.000214363 -0.000194379 0.000578875 0.00143517 0.000107022 0.00280039 0.00160802 0.0050662 0.00704052 0.00159916 0.00301891 -0.000396706 -0.00164161 -3.58783e-05 0.000210873 2.42243e-05 -0.000575788 -0.000854309 0.00101502 0.00202791 -0.00022781 -0.000828923 -0.0015568
internal_weight=88382 87661 23162.8 1856.75 21306.1 64498.2 1913.2 62585 29504.8 33080.2 10344.4 5248.86 5095.57 2975.31 1754.32 1122.11 3341.25 1181.55 20124.5 4514.25 15610.3 14187.1 13654.8 9062.95 8434.9 7160.09 3941.52 3218.57 3596.85 2965
internal_count=354442 351535 92861 7444 85417 258674 7675 250999 118323 132676 41504 21058 20446 11939 7051 4501 13395 4738 80679 18104 62575 56863 54730 36338 33807 28745 15831 12914 14421 11887
is_linear=0
shrinkage=0.03


Tree=131
num_leaves=31
num_cat=0
split_feature=10 30 30 37 12 22 40 1 12 36 5 8 43 43 4 25 30 26 22 39 18 10 40 33 23 13 12 20 18 29
split_gain=14.5397 19.3518 15.4554 11.5849 22.1862 16.0293 13.3492 11.2102 9.48781 12.1373 10.8357 12.6947 10.3083 10.6067 10.5312 10.0212 11.8077 14.8436 9.47453 9.31499 8.83999 7.86491 7.82077 10.3551 7.62062 15.4802 12.1464 9.63646 8.03145 7.61802
threshold=-1.8362529277801511 -0.35065782070159907 -1.3394735455512998 0.22353553771972659 -8.8173451423645002 1.1605572104454043 0.20790971815586093 0.7783397138118745 -8.0387344360351545 -0.14226190745830533 1.6937664151191714 1.1608061790466311 0.30000001192092901 0.83333334326744091 0.48599021136760717 0.48461142182350164 -0.95982584357261647 -1.4273890256881712 0.9420054852962495 0.15643297880887988 1.0605306029319765 -1.5358601808547971 -0.28401264548301691 -0.038290731608867638 0.9142419993877412 -8.606130123138426 -8.8988709449768049 1.1091002225875857 1.0344724059104922 0.63257667422294628
decision_type=2 2 2 2 2 2 2 2 2 2 2 2 2 2 2 2 2 2 2 2 2 2 2 2 2 2 2 2 2 2
left_child=1 2 -1 21 19 6 18 20 12 -10 15 -12 14 -14 -7 22 -17 -18 -6 -5 -8 -2 23 -11 26 -26 27 -23 29 -27
right_child=3 -3 -4 4 5 8 7 -9 9 10 11 -13 13 -15 -16 16 17 -19 -20 -21 -22 24 -24 -25 25 28 -28 -29 -30 -31
leaf_value=0.0042824087054735118 -0.0024608100592117244 0.0054144856464537145 -0.0021866672287500161 0.0013883410940054447 0.0060633059670767179 0.0017575986610793327 -0.0003310877208905863 -0.0029969078447177259 0.0013811836580215626 -0.00040606222935518795 -0.0061674741746586999 -0.00023986363115312536 0.0029166513124992033 -0.0015058958892594961 -0.0032875851507889768 0.0035666480969933781 -0.0034896605559655413 0.00066868799174220491 0.0021109813732934461 0.0063830015697883321 0.0041988839514094326 -0.00311685229352797 -0.00069081557012270936 -0.0057836057744429237 0.003364939297017369 -0.004568760366342804 2.614250416192101e-05 0.00035950025168936478 -0.00054034804949388779 -0.00075286563897653468
leaf_weight=499.26183241605759 1369.8290190845728 1038.1253277808428 946.98987998068333 596.23991243541241 749.99242100119591 670.66478721797466 952.98064251244068 710.59460753202438 2254.127806648612 532.77583411335945 736.18433456122875 577.78691951930523 2424.2228339314461 603.76275897026062 814.05522368848324 785.77610309422016 1042.9945029169321 2892.6209454089403 2012.5533185601234 781.16977307200432 642.09142974019051 2025.8813877850771 1921.5748615264893 811.95284792780876 536.36443568766117 1389.3030438572168 54450.727091774344 1105.4022419154644 1775.9075546562672 716.49472716450691
leaf_count=2002 5495 4166 3798 2390 3003 2688 3818 2847 9042 2135 2967 2327 9713 2422 3268 3153 4182 11602 8060 3131 2572 8118 7702 3251 2150 5576 218367 4430 7137 2878
internal_value=5.26402e-05 0.00231052 6.06e-05 -1.29351e-05 0.000571468 0.000330081 0.00179932 0.000112136 -0.000134166 -0.00058966 -0.00106824 -0.00358245 0.00103095 0.00203277 -0.00101211 -0.000650688 0.000233464 -0.000439385 0.00320198 0.00424655 0.00150724 -0.00022062 -0.00192553 -0.00367177 -0.000170736 -0.00137002 -7.84972e-05 -0.0018924 -0.00203125 -0.0032801
internal_weight=88368.4 2484.38 1446.25 85884 22514.1 21136.7 5068.21 2305.67 16068.5 11555.8 9301.67 1313.97 4512.71 3027.99 1484.72 7987.7 4721.39 3935.62 2762.55 1377.41 1595.07 63369.9 3266.3 1344.73 62000.1 4418.07 57582 3131.28 3881.71 2105.8
internal_count=354390 9966 5800 344424 90273 84752 20300 9237 64452 46361 37319 5294 18091 12135 5956 32025 18937 15784 11063 5521 6390 254151 13088 5386 248656 17741 230915 12548 15591 8454
is_linear=0
shrinkage=0.03


Tree=132
num_leaves=31
num_cat=0
split_feature=25 24 13 27 19 18 36 24 36 28 41 35 25 13 2 14 18 23 16 34 28 8 24 32 35 23 24 21 8 8
split_gain=10.9398 14.1798 14.1409 10.199 11.9836 9.87312 11.2395 10.4925 9.68872 10.3325 12.073 12.3512 11.4038 10.7437 10.0214 9.48838 15.4773 8.93288 8.13725 8.01608 14.5435 8.29491 7.80635 10.3639 11.0251 11.0012 16.7245 15.9622 19.5377 15.2151
threshold=0.19416999816894534 1.1606125831604006 -8.648432254791258 -0.2001615762710571 0.97873574495315563 1.2205849289894106 0.42894540727138525 1.3659850955009463 0.97681137919425975 -0.48782765865325922 -0.60785761475563038 -0.022280921228229996 0.37545253336429601 -8.3534407615661603 0.57746475934982311 -8.0530996322631818 1.0605306029319765 0.78601443767547619 -0.50893130898475636 -0.56984487175941456 0.081380669027566924 -0.99131652712821949 1.1131594777107241 -0.41063734889030451 -0.017673141323029991 0.19891647994518283 1.7906917929649355 0.50036892294883739 -0.10335952416062354 0.039034480229020126
decision_type=2 2 2 2 2 2 2 2 2 2 2 2 2 2 2 2 2 2 2 2 2 2 2 2 2 2 2 2 2 2
left_child=1 -1 -3 5 19 -4 7 -7 22 10 11 -10 -12 -14 -13 -11 17 -17 -15 20 -5 -21 -2 24 -24 26 -25 28 -27 -28
right_child=8 2 3 4 -6 6 -8 -9 9 15 12 14 13 18 -16 16 -18 -19 -20 21 -22 -23 23 25 -26 27 29 -29 -30 -31
leaf_value=0.0025272424092437082 -0.0010299286495731818 -0.0033954800539740758 0.0028334358113090829 0.0040966125763457692 0.0034724620874936702 -0.0018825712638436791 -0.0026542387290138217 0.0023434515205162931 0.0010350602475138458 0.0039253646853740203 -0.0018514247052474281 -0.00105548674205036 0.0048861801570321247 -0.0016231837390557025 -0.005506154459935856 0.0048988552604500102 -0.00067739750855206737 0.00017740987258028915 0.0015987703217906224 -0.0047209651833494005 -0.0021182552910292102 -0.00092461716500831449 -0.00047083873942967185 0.0029290258468075317 0.0019688913277128867 0.00041657446671326061 -0.0036412509487171374 -5.2581376820752211e-05 -0.0021275517430475914 0.0018157730168989453
leaf_weight=3149.4185175746679 11218.501982346177 872.47663301229477 2409.6848901063204 590.8598966896534 557.39203613996506 699.17309886217117 844.36024326086044 2082.6027668565512 983.42225387692451 1229.8150683045387 1201.3570985198021 990.22613334655762 676.14417652785778 929.36008213460445 842.41218888759613 991.09994840621948 2271.4789589345455 564.94456711411476 2833.379814401269 812.20264226198196 767.72350944578648 1417.5446756035089 2893.3141488432884 2187.073749050498 3912.9133064597845 3910.0800458341837 922.96309627592564 25722.090038567781 8869.5484343916178 897.95593565702438
leaf_count=12670 44956 3500 9670 2374 2234 2828 3395 8414 3942 4930 4813 3967 2710 3723 3377 3970 9110 2265 11353 3253 3086 5678 11635 8764 15697 15657 3699 103125 35531 3597
internal_value=-7.55677e-06 0.000754791 0.000247971 0.000563211 -0.000581656 0.00134923 0.000357844 0.00127834 -0.000153868 0.000572151 -6.96812e-05 -0.00167052 0.000731127 0.00143267 -0.00312011 0.00164337 0.000901825 0.00319674 0.000800786 -0.0012193 0.000594829 -0.00232237 -0.000316011 -0.000153431 0.000932598 -0.000327494 0.00116645 -0.000483274 -0.00134943 -0.000954991
internal_weight=88251.5 14203.4 11054 10181.5 4145.72 6035.82 3626.14 2781.78 74048.1 13513.6 8456.3 2816.06 5640.24 4438.88 1832.64 5057.34 3827.52 1556.04 3762.74 3588.33 1358.58 2229.75 60534.4 49315.9 6806.23 42509.7 4007.99 38501.7 12779.6 1820.92
internal_count=353923 57102 44432 40932 16625 24307 14637 11242 296821 54160 33885 11286 22599 17786 7344 20275 15345 6235 15076 14391 5460 8931 242661 197705 27332 170373 16060 154313 51188 7296
is_linear=0
shrinkage=0.03


Tree=133
num_leaves=31
num_cat=0
split_feature=26 33 8 34 34 23 11 26 26 3 11 33 15 8 6 20 41 31 11 40 36 15 17 15 14 8 18 14 31 26
split_gain=12.7605 8.80473 11.006 8.60428 7.67726 7.10089 20.9423 15.4436 13.6421 16.4332 15.3074 14.6557 13.7723 13.6836 12.2916 12.2715 12.2499 12.2477 11.695 11.5604 16.3966 11.8268 16.3614 11.3041 13.277 11.0438 13.0116 10.711 14.9583 10.6449
threshold=2.027035236358643 1.0962552428245547 1.3871411681175234 -0.16396936029195783 -0.842382252216339 0.2144020423293114 2.4231888055801396 -0.33939477801322931 -0.3196891695261001 -0.66387784481048573 -0.28275005519390101 0.041925292462110526 -7.5091693401336661 -0.68804401159286488 -0.36147291958332056 1.327203154563904 -0.60785761475563038 0.15625744313001635 -0.20301754027605054 -0.16504603624343869 0.37536127865314489 -7.7538278102874747 0.32879586517810827 -7.4661071300506583 -8.015133857727049 0.28121075034141546 0.93804323673248302 -7.3795378208160392 0.46404883265495306 -0.69282063841819752
decision_type=2 2 2 2 2 2 2 2 2 2 2 2 2 2 2 2 2 2 2 2 2 2 2 2 2 2 2 2 2 2
left_child=1 4 -3 -2 -1 6 7 16 9 14 11 29 13 -13 15 -7 -6 -14 -9 20 -10 22 -21 24 -22 -15 -27 28 -19 -11
right_child=3 2 -4 -5 5 8 -8 18 19 10 -12 12 17 25 -16 -17 -18 27 -20 21 23 -23 -24 -25 -26 26 -28 -29 -30 -31
leaf_value=-0.0019989424982991932 0.0048205125224988982 -0.0055437802883507624 0.00047551887020929852 0.00052693807657893874 0.0028400097210343608 -0.0035570183087670132 -0.004812391643538849 -0.0021282483462248896 -0.001293477716386768 -0.00074107282373554121 -0.0011307601181801932 -0.0025253693762043797 0.0010055834937884624 0.0044408730078304686 0.001491174568553205 0.0013562112172715889 0.00067191401754155254 -0.0070468500252892181 0.00063283714766657268 0.0044391794396748717 0.0030446281350396368 0.00058926935315084007 -0.0011156171273940998 0.0030676926993915194 -0.002045167961481856 0.0035862243514760486 -0.0013878802464688982 0.00019627753901988967 -0.00030104444593861762 -0.0051849000826978348
leaf_weight=1864.1432668864727 765.80370010435581 589.39249506592751 499.96217395365238 922.17598080635071 3402.428533539176 994.78628921508789 636.1013065725565 2467.4760541915894 5379.0960522145033 4688.3156777769327 26232.648815751076 501.68899217247963 3151.3295156359673 1738.4887034744024 5824.0190859586 832.43195362389088 7530.4728714972734 615.93556796014309 3110.8818629086018 1866.8317318558693 704.34991589188576 6212.3096262961626 635.29455173015594 1722.1374507695436 1292.0513152629137 942.75540193915367 932.53980292379856 1158.2888285368681 562.74394787847996 531.91397820413113
leaf_count=7547 3098 2382 2013 3698 13667 3985 2551 9924 21553 18776 105130 2011 12627 6966 23328 3338 30209 2469 12516 7483 2823 24899 2546 6902 5177 3778 3738 4642 2257 2130
internal_value=-8.38206e-05 -0.000134293 -0.00280201 0.00249177 -9.99925e-05 -5.74492e-05 0.000486725 0.000693664 -0.000197777 -0.000457561 -0.000695441 7.51453e-05 0.000770381 0.00208007 0.000818146 -0.00132348 0.00134863 -0.000213704 -0.000590097 0.000512472 -0.000235516 0.00129273 0.00302998 0.00129426 -0.000243213 0.00272463 0.00111848 -0.00185515 -0.00385579 -0.00120292
internal_weight=88308.8 86620.8 1089.35 1687.98 85531.5 83667.3 17147.4 16511.3 66520 48707.9 41056.6 14824 9603.77 4115.47 7651.24 1827.22 10932.9 5488.3 5578.36 17812.1 9097.63 8714.44 2502.13 3718.54 1996.4 3613.78 1875.3 2336.97 1178.68 5220.23
internal_count=354163 347367 4395 6796 342972 335425 68867 66316 266558 195175 164524 59394 38488 16493 30651 7323 43876 21995 22440 71383 36455 34928 10029 14902 8000 14482 7516 9368 4726 20906
is_linear=0
shrinkage=0.03


Tree=134
num_leaves=31
num_cat=0
split_feature=24 17 4 10 19 17 5 10 22 26 14 14 42 17 35 28 35 24 24 19 10 20 17 5 29 10 4 41 14 17
split_gain=6.42648 9.72424 13.6317 7.54475 11.3134 11.4275 10.1919 8.18446 10.2389 18.1975 9.86474 20.3222 10.6368 18.2019 12.9193 12.0162 17.7734 28.4756 13.2037 11.3068 10.6174 10.1235 10.025 9.59174 9.58619 12.0845 10.1584 11.6119 9.48198 10.1025
threshold=3.2361288070678715 -0.44499956071376795 -0.089614085853099809 -0.96155562996864308 0.65121570229530346 0.14716936647892001 -1.379447281360626 1.2181451320648196 1.2505354881286623 1.0188116431236269 -6.9571433067321768 -7.0145554542541495 0.81174489855766307 -0.63091611862182606 0.64036929607391369 0.032467551529407508 0.46605400741100317 1.3128882646560671 0.99764987826347362 0.3334632962942124 0.51586437225341808 0.85843607783317577 -0.22616617381572721 -0.39247879385948176 -0.041956622153520577 2.1032532453536992 1.1669087409973147 0.6078576147556306 -8.2998919486999494 -0.35851056873798365
decision_type=2 2 2 2 2 2 2 2 2 2 2 2 2 2 2 2 2 2 2 2 2 2 2 2 2 2 2 2 2 2
left_child=3 -2 -3 4 6 -6 -1 10 23 24 11 12 14 -14 -5 18 17 19 -15 -17 21 -12 -23 -9 -10 26 27 -26 -20 -30
right_child=1 2 -4 7 5 -7 -8 8 9 -11 20 -13 13 15 -16 16 -18 -19 28 -21 -22 22 -24 -25 25 -27 -28 -29 29 -31
leaf_value=0.0010529906899082102 0.0038891384854574645 -0.0031601845453038254 0.0026303724009503625 -0.00013274387572402154 0.0013159499153825133 -0.0026235751763024093 -0.0020449527817433793 -0.0021179380764418778 -0.00057753941538502072 0.0027141747980044145 -0.0025952442966095 -0.004005896333789177 0.0058407557606907209 -0.003525710832546998 0.0025686007539591372 0.0036495536278539063 -0.0028264788970951502 0.0066906353536941125 -0.0016748605308873768 -0.0015347240764032831 0.0036753280153123116 0.0051124661296514332 0.00062510204123103496 0.001668917701267152 -0.0067863192604664764 0.00015823435192004485 -0.00048701867524555107 -0.0018232895672510791 0.0045920956306819676 0.0005271345169948707
leaf_weight=1141.4537943005562 937.97437474131584 663.77971079945564 790.70675718784332 47456.401396989822 3131.3728702664375 830.09608347713947 5698.7155626416206 812.75280074775219 2274.3530727177858 811.36187028884888 714.9759224653244 1073.9701377153397 651.81186623871326 858.29800790548325 1638.7367284595966 611.87031790614128 530.76601856946945 1153.9852944612503 1358.6226504892111 958.53960734605789 1361.2790174484253 517.57550603151321 3000.31686873734 2237.5651653409004 1288.5132008939981 771.44110122323036 539.43897157907486 644.11613240838051 656.43471211194992 3176.7060784399509
leaf_count=4618 3759 2661 3168 190326 12552 3326 22843 3256 9118 3255 2863 4307 2613 3439 6579 2460 2130 4633 5445 3844 5456 2076 12036 8964 5167 3093 2168 2582 2631 12734
internal_value=-5.37512e-06 0.00152497 -1.57811e-05 -4.81698e-05 -0.000789126 0.000485925 -0.0015272 5.84932e-05 -0.00077003 -0.00145738 0.000176838 6.46244e-05 0.00013932 0.00103285 -4.20715e-05 0.000690159 0.00215684 0.00313448 -0.000101231 0.000495509 0.00138065 0.000635767 0.00129793 0.000656292 -0.00207458 -0.00311931 -0.00413863 -0.00515012 0.000470591 0.00123341
internal_weight=88293.9 2392.46 1454.49 85901.5 10801.6 3961.47 6840.17 75099.8 9379.54 6329.22 65720.3 60126.1 59052.2 9957.03 49095.1 9305.22 3255.16 2724.4 6050.06 1570.41 5594.15 4232.87 3517.89 3050.32 5517.86 3243.51 2472.07 1932.63 5191.76 3833.14
internal_count=354102 9588 5829 344514 43339 15878 27461 301175 37603 25383 263572 241141 236834 39929 196905 37316 13067 10937 24249 6304 22431 16975 14112 12220 22128 13010 9917 7749 20810 15365
is_linear=0
shrinkage=0.03


Tree=135
num_leaves=31
num_cat=0
split_feature=33 15 20 13 35 31 6 31 33 23 40 7 43 20 21 0 12 13 31 35 40 4 19 14 4 14 2 35 20 15
split_gain=13.7962 9.38876 18.6235 13.5419 9.41805 13.2985 8.63957 7.47817 6.37376 16.3174 11.6268 12.1663 17.3701 19.4211 15.3668 14.4188 11.4572 11.4155 17.2743 11.364 14.0779 12.5342 17.7645 10.8128 10.1396 10.0398 10.013 10.0803 9.95599 13.9901
threshold=1.2934556603431704 -8.369997024536131 0.87429058551788341 -8.6706089973449689 -0.17137218266725537 0.031365757808089263 -0.15140958875417707 -0.84322375059127797 -0.21914555132389066 0.46428526937961584 0.99903869628906261 -0.27980990707874293 0.43333333730697637 1.3011806011199953 0.67119115591049205 -0.25656749308109278 -7.5161421298980704 -7.8880240917205802 0.58157348632812511 0.48083421587944036 0.069755807518959059 -0.35671584308147425 0.027040190994739536 -8.022392272949217 0.044808184728026397 -8.0840396881103498 -0.34600956737995142 -0.29433548450469965 0.91073474287986766 -7.539348602294921
decision_type=2 2 2 2 2 2 2 2 2 2 2 2 2 2 2 2 2 2 2 2 2 2 2 2 2 2 2 2 2 2
left_child=1 2 -1 4 -4 -6 -5 -3 9 19 11 12 13 -10 15 -14 25 28 -19 21 -21 -9 -23 -17 -25 -16 27 -24 29 -13
right_child=-2 7 3 6 5 -7 -8 8 10 -11 -12 17 14 -15 16 23 -18 18 -20 20 -22 22 26 24 -26 -27 -28 -29 -30 -31
leaf_value=-0.0019979076511891392 -0.0040735667881003357 0.0026618821265783884 -0.0022922716949445275 0.0080448395835519219 0.0061473534670768801 -0.00040458517277618789 0.0029181807132877464 3.8501364550496848e-05 -0.00078051806784546407 0.0032836182909446866 -0.0036121854148496286 0.00052172137300645564 -0.0040068928435822099 -0.0042986807689173161 0.0033846971295054535 -0.0037165148413940276 0.0036453349679386876 0.00011980759051673917 -0.0020239005289281837 0.0012259061254998717 -0.0053179463805434835 -0.0017277353505352566 0.0018808924914253632 -0.00040260916237193898 0.0043928670694657074 -0.0010655694165031373 0.0015417655726518347 0.0071059153057464082 0.0012512385569374525 -0.0037319866209696113
leaf_weight=953.45900194346905 687.71743938326836 999.64959049224854 516.82129834592342 533.40881060063839 500.63368512690067 611.58598773181438 690.66288377344608 17023.839501664042 4068.3326063454151 1714.6121459901333 829.05993363261223 2843.8267018944025 1143.0738511234522 2157.7189278304577 625.16110955178738 503.20221666991711 1397.1173601746559 24628.554936826229 3911.6334541738033 505.0701867043972 693.80026243627071 1000.463653087616 606.53700423240662 1161.4622421115637 591.60688123106956 1609.8629536479712 2266.224534496665 751.49846410751343 12029.714610174298 910.52637618780136
leaf_count=3821 2773 4023 2074 2143 2006 2451 2767 68453 16290 6868 3325 11396 4577 8638 2505 2015 5599 98693 15695 2024 2780 4011 2434 4650 2369 6451 9084 3012 48225 3648
internal_value=0.000128348 0.000161729 0.00161699 0.00282778 0.00102496 0.00257308 0.00519929 9.55758e-05 6.43401e-05 0.000469714 -0.000106173 -5.50747e-05 -0.000852065 -0.00200472 0.000169955 -0.00127779 0.0015247 0.000183446 -0.000174609 0.000257197 -0.00257376 0.000415088 0.00179825 0.000116409 0.00123145 0.000188751 0.00277366 0.00480308 0.000830569 -0.000517085
internal_weight=88466.8 87779.1 3806.57 2853.11 1629.04 1112.22 1224.07 83972.5 82972.9 24562 58410.9 57581.8 13257.5 6226.05 7031.49 3399.35 3632.14 44324.3 28540.2 22847.4 1198.87 21648.6 4624.72 2256.27 1753.07 2235.02 3624.26 1358.04 15784.1 3754.35
internal_count=354800 352027 15262 11441 6531 4457 4910 336765 332742 98666 234076 230751 53094 24928 28166 13611 14555 177657 114388 91798 4804 86994 18541 9034 7019 8956 14530 5446 63269 15044
is_linear=0
shrinkage=0.03


Tree=136
num_leaves=31
num_cat=0
split_feature=8 0 22 15 40 25 40 15 4 22 12 32 22 34 6 15 25 40 22 37 8 33 35 41 24 33 12 36 35 28
split_gain=15.5909 15.7391 11.0691 9.82413 15.1733 19.1402 14.6312 11.5433 13.4475 11.9321 11.7978 10.3964 9.30149 8.98763 9.50723 13.3203 10.9243 10.667 11.7821 8.9806 8.66351 8.56435 8.27407 18.9047 9.50574 7.31351 6.96516 9.62963 8.79543 6.61234
threshold=-1.493763744831085 -0.29362453520297999 2.6734571456909184 -6.7406828403472892 0.48480500280857092 0.54577353596687328 -0.35020405054092402 -6.9704036712646475 -0.94168028235435475 1.8678752779960635 -7.0483357906341544 -1.1165507435798643 1.1091392040252688 0.76358065009117138 0.058787515386939056 -7.3070256710052481 0.26806119084358221 0.42261424660682684 1.6608263254165652 0.10485970601439477 -0.48872560262680048 0.36136032640933996 0.73776453733444225 -0.87837970256805409 1.8830656409263613 0.12747264653444293 -7.332446575164794 -0.4163870215415954 0.036586996167898185 -1.626666724681854
decision_type=2 2 2 2 2 2 2 2 2 2 2 2 2 2 2 2 2 2 2 2 2 2 2 2 2 2 2 2 2 2
left_child=1 -1 3 7 6 -6 25 10 -9 21 11 -2 -12 14 15 20 -17 18 -16 -3 -14 26 29 -24 -25 -5 28 -28 -10 -13
right_child=2 19 -4 4 5 -7 -8 8 9 -11 12 22 13 -15 17 16 -18 -19 -20 -21 -22 -23 23 24 -26 -27 27 -29 -30 -31
leaf_value=-0.00027867094166879173 0.0039996519896363155 0.0054644931238598624 -0.0034508213127316611 0.0027361824314795133 0.0025887540555074372 -0.0048172295838498176 0.0057237535360752682 0.0023078345924346434 -0.0032447869934328932 -0.0061073103462891678 0.0047828055899852596 0.0002629529929904994 -0.0023956275053516889 0.0040923140252114498 -0.0020378976683094255 0.0061503908280134117 0.00095889178930476469 -0.0043277711069768235 0.0034886553561483359 0.00084398363263536963 0.0022353691605120755 0.0013637128377906758 0.0059885230338667748 0.0027775224229147589 -0.00081659984548719804 -0.0016398001738903243 -0.0065532773360745169 -0.0017256795379745355 0.0016773789137396028 -0.00040935407771861357
leaf_weight=1397.2790316790342 539.55079081654549 1180.1540709882975 845.53091941773891 823.23757477104664 609.60095445811749 627.93830096721649 969.55903485417366 707.04401025176048 595.31447759270668 578.37837611138821 596.15958067774773 18263.288903340697 872.22896271944046 674.55623532831669 802.84106446802616 717.94336318969727 740.04762648046017 638.39149503409863 596.13265235722065 561.27934020757675 608.74620717763901 743.78328010439873 615.53645688295364 940.08941681683064 2176.9023819118738 576.41040655970573 593.0623804628849 997.5602114200592 700.59605400264263 47113.591659873724
leaf_count=5637 2205 4742 3399 3302 2447 2518 3887 2846 2385 2322 2388 73195 3513 2708 3216 2890 2967 2559 2389 2250 2443 2985 2468 3772 8725 2311 2376 3995 2806 188904
internal_value=2.09711e-05 0.00209405 -5.55792e-05 -2.11679e-05 0.00150852 -0.0011776 0.00291065 -8.96185e-05 -0.00149695 -0.00214009 1.71873e-06 -0.000110368 0.00124956 0.000869018 0.00042476 0.00151442 0.00353977 -0.00114683 0.000325131 0.00398858 -0.000489858 -0.001493 -0.000143029 0.00122888 0.000272809 0.000935194 -0.00223127 -0.00355534 -0.000591294 -0.000221531
internal_weight=88402.7 3138.71 85264 84418.5 3606.75 1237.54 2369.21 80811.7 4915.74 4208.69 75896 69649 6247.05 5650.89 4976.33 2938.97 1457.99 2037.37 1398.97 1741.43 1480.98 3630.32 69109.4 3732.53 3116.99 1399.65 2886.53 1590.62 1295.91 65376.9
internal_count=354550 12629 341921 338522 14465 4965 9500 324057 19715 16869 304342 279269 25073 22685 19977 11813 5857 8164 5605 6992 5956 14547 277064 14965 12497 5613 11562 6371 5191 262099
is_linear=0
shrinkage=0.03


Tree=137
num_leaves=31
num_cat=0
split_feature=41 35 40 15 40 0 36 39 29 23 30 18 41 24 27 27 16 40 24 14 40 23 0 9 12 41 3 30 11 30
split_gain=11.4224 17.6553 20.2385 16.0571 14.3546 12.801 12.4179 12.4222 11.2009 14.6788 14.0604 11.1431 13.8496 12.7668 11.0044 11.8645 10.6213 10.3223 13.1914 10.1907 9.8634 9.49609 9.45388 10.3283 10.3585 9.34784 9.34369 9.32219 11.2101 9.24636
threshold=0.6078576147556306 0.20432136952877047 0.98161783814430248 -7.4808764457702628 0.55918759107589733 0.21663814038038257 -0.93920916318893422 -0.97028648853301991 0.85785824060440075 0.63272500038146984 -1.3906331062316892 1.3298625349998476 0.87837970256805431 1.0487526655197146 -0.92936399579048146 -0.76635706424713124 -0.14767362177371976 0.85263204574584972 1.6821047663688662 -7.0449481010437003 -0.70710003376007069 0.71187198162078869 1.5992158651351931 0.61712941527366649 -7.6391224861145011 -1.0000000180025095e-35 0.073933228850364699 0.59326696395874035 0.581707924604416 -0.12477124482393263
decision_type=2 2 2 2 2 2 2 2 2 2 2 2 2 2 2 2 2 2 2 2 2 2 2 2 2 2 2 2 2 2
left_child=1 -1 3 5 -5 20 14 -8 9 11 -11 12 19 -14 -2 -16 26 29 -19 -9 -3 -4 23 -7 25 -25 -15 -12 -29 -6
right_child=6 2 21 4 17 22 7 8 -10 10 27 -13 13 16 15 -17 -18 18 -20 -21 -22 -23 -24 24 -26 -27 -28 28 -30 -31
leaf_value=0.00060913083749855775 0.0012768580831007592 0.00019202806133841976 -0.0062675934829183313 0.0013642115387128577 -0.0052547813295459427 0.0030826777435593732 0.0022471637269488444 -0.0022577503295374939 -0.0033452660771964159 0.0046253248302467031 -0.00027662440327335454 -0.0021520346789918954 -0.0032128327815662393 0.0022463823319557744 -0.0068437698497615706 -0.0019360477006495477 0.004195951586877261 -0.002215788650427613 0.0043702995806766155 0.0019006537387322932 -0.0025096137875112198 -0.001152627695751659 -0.0027132968139173329 -0.0013799695480424697 -0.0040542776468282579 0.0030949030035429905 -0.0021360619194635833 0.00042738618663504285 0.005855041657992075 -0.00015718721763261856
leaf_weight=41444.268903508782 777.64833702147007 1615.2945427894592 738.57594034075737 7083.5721793621778 750.90356685221195 1276.6918942183256 1702.7523512095213 2899.8225286006927 1099.4357270747423 770.36440670490265 4856.875722900033 4135.9216391444206 501.32448396086693 1081.8426798284054 510.10573188960552 3131.2327565550804 1127.8799907118082 581.28492188453674 500.15225030481815 640.55889172852039 4896.1976503282785 589.20261561870575 764.63195978105068 842.65070214867592 499.55226443707943 819.59208504855633 721.34748955070972 921.70627048611641 536.60443772375584 554.07445077598095
leaf_count=166239 3126 6478 2962 28411 3012 5119 6824 11617 4411 3088 19470 16608 2008 4334 2047 12552 4520 2334 2006 2566 19633 2369 3070 3379 2004 3285 2889 3692 2149 2222
internal_value=3.05254e-05 0.000247229 -0.000449945 -0.000213 0.000686651 -0.00100805 -0.000506158 -0.000201554 -0.000418717 -0.000240132 0.000826114 -0.000920355 -0.000187745 0.00116843 -0.00194973 -0.00264042 0.00192616 -0.00132185 0.000842335 -0.00150214 -0.00184016 -0.00402341 0.00028237 0.000954466 -0.000310799 0.000831742 0.000491119 0.000356083 0.00245084 -0.00310807
internal_weight=88372.1 62956.6 21512.4 20184.6 9469.99 10714.6 25415.4 20996.4 19293.7 18194.2 7085.55 11108.7 6972.78 3432.39 4418.99 3641.34 2931.07 2386.42 1081.44 3540.38 6511.49 1327.78 4203.12 3438.49 2161.8 1662.24 1803.19 6315.19 1458.31 1304.98
internal_count=354424 252523 86284 80953 37985 42968 101901 84176 77352 72941 28399 44542 27934 13751 17725 14599 11743 9574 4340 14183 26111 5331 16857 13787 8668 6664 7223 25311 5841 5234
is_linear=0
shrinkage=0.03


Tree=138
num_leaves=31
num_cat=0
split_feature=23 14 3 6 29 41 5 26 30 8 12 39 41 4 42 24 32 21 19 9 26 5 39 1 24 39 39 28 24 16
split_gain=10.714 11.4273 15.2629 10.0683 9.07395 8.75533 8.50205 10.6579 9.33139 8.36073 11.4112 14.9864 13.388 15.3853 12.5253 12.1029 15.8278 11.066 10.2806 10.2683 12.1705 11.2699 13.3664 10.0181 9.98298 10.6567 16.8161 9.0905 9.05652 9.38068
threshold=0.92511069774627697 -8.5597543716430646 0.34297211468219763 1.594544589519501 -0.23407063633203504 0.6078576147556306 1.9389159679412844 0.78181776404380809 -0.20766411721706388 1.0555886626243594 -7.5562050342559806 0.94831460714340221 -0.60785761475563038 0.14123987406492236 0.81174489855766307 2.8553419113159184 0.23068771511316302 0.017246446572244171 0.66109192371368419 0.99754557013511669 -0.24282221496105191 -1.0177017450332639 0.25881658494472509 -1.6538355350494383 1.0242178440093996 0.017452239990234378 -0.5224936008453368 0.66565981507301342 2.3387957811355595 -0.49101252853870386
decision_type=2 2 2 2 2 2 2 2 2 2 2 2 2 2 2 2 2 2 2 2 2 2 2 2 2 2 2 2 2 2
left_child=3 -2 -3 9 -4 -5 7 -6 -8 10 12 17 15 14 23 16 19 -12 -11 20 21 22 -1 -14 -16 26 -26 28 29 -25
right_child=1 2 4 5 6 -7 8 -9 -10 18 11 -13 13 -15 24 -17 -18 -19 -20 -21 -22 -23 -24 27 25 -27 -28 -29 -30 -31
leaf_value=0.0074177373755867819 0.0026355763244538485 -0.0036670981892755047 -0.0040634533722453134 0.00098503754423307421 -0.00038705828306568886 0.0057043368584136812 0.00057607122260363924 0.0030350218128435218 -0.0046841533081613531 -0.0017100499091735933 0.0028220855091302191 0.0038795203035155833 -0.0043124111564732141 0.00045210106276592603 -0.0027610001508325548 0.0051031010156613347 -0.0015519050551972148 0.00034734517630325969 0.00064906089090837466 -0.0022033340908141508 -0.0011265497995456637 0.0012306092235324694 0.0013184095404867298 -0.0028322298689472938 0.0012225493016456393 0.0022768093151707548 -0.0046776684212194415 -0.0040770279654697332 0.00098389253399663304 -0.00079658478380988096
leaf_weight=616.20369704067707 745.50566373765469 1805.7841338962317 610.39868560433388 1157.2887617051601 4463.1476861089468 503.16958922147751 515.35704253613949 992.78069265186787 721.52203324437141 4715.6671773791313 1750.5118503272533 1263.1351903229952 979.29079732298851 10924.075224384665 780.70220698416233 520.26997064054012 2750.7452766597271 21386.243981420994 2558.1555912941694 834.38976390659809 1644.9699089229107 7533.0519680976868 679.62133513391018 2700.5830155462027 1309.1167569607496 2322.0784998238087 638.79104506969452 902.72022773325443 1814.121666058898 8259.8511219471693
leaf_count=2480 2990 7250 2450 4647 17925 2018 2080 3987 2908 18901 7062 5070 3939 43759 3129 2086 11021 85775 10254 3344 6612 30186 2733 10820 5250 9310 2563 3621 7268 33102
internal_value=1.95217e-05 -0.000912389 -0.00120534 0.000136544 -0.000592461 0.00244072 -0.000270309 0.000240049 -0.00250539 8.64698e-05 0.000187635 0.000710341 -9.45605e-05 -0.000450685 -0.00095109 0.00065346 0.000485286 0.000535721 -0.000880614 0.000981769 0.00123737 0.00167858 0.00425342 -0.00139483 0.000336797 0.00090831 -0.000726359 -0.00118293 -0.000975387 -0.00130028
internal_weight=88399.3 9854.5 9108.99 78544.8 7303.21 1660.46 6692.81 5455.93 1236.88 76884.3 69610.5 24399.9 45210.6 30631.3 19707.3 14579.3 14059 23136.8 7273.82 11308.2 10473.8 8828.88 1295.83 14656.6 5050.69 4269.99 1947.91 13677.3 12774.6 10960.4
internal_count=354540 39590 36600 314950 29350 6665 26900 21912 4988 308285 279130 97907 181223 122761 79002 58462 56376 92837 29155 45355 42011 35399 5213 58750 20252 17123 7813 54811 51190 43922
is_linear=0
shrinkage=0.03


Tree=139
num_leaves=31
num_cat=0
split_feature=21 43 34 1 32 14 24 17 17 26 16 41 17 2 24 3 29 41 4 7 1 16 35 9 10 39 17 9 39 39
split_gain=6.31643 15.9524 13.2801 13.1465 18.6075 19.5763 12.1322 11.4872 10.3384 10.2858 9.75413 10.0565 13.6772 12.3671 9.95233 9.61828 11.1964 12.2401 12.7096 11.8006 9.96052 16.0012 11.3199 26.7133 10.3115 9.84781 9.66682 8.95623 8.90067 8.87011
threshold=0.61241438984870922 0.36666667461395269 -0.30225974321365351 0.96216931939125072 0.31394276022911077 -7.7990219593048087 1.4638233780860903 0.67481279373168956 0.80251413583755504 -0.1836258843541145 -0.56764614582061756 -1.0000000180025095e-35 -0.8118394911289214 -0.13533195853233335 2.3387957811355595 1.0893111228942873 -0.49201291799545283 -0.60785761475563038 -0.37657983601093287 0.91347053647041332 0.40043921768665319 0.20928988605737689 0.050016677007079131 -0.093202792108058916 0.82570657134056102 0.39072741568088537 -0.25710777938365931 -0.57411524653434742 0.99356240034103405 0.98479837179183971
decision_type=2 2 2 2 2 2 2 2 2 2 2 2 2 2 2 2 2 2 2 2 2 2 2 2 2 2 2 2 2 2
left_child=8 3 9 4 6 -6 -2 10 15 -3 -4 12 -12 -14 -13 16 17 18 -1 20 22 -22 23 26 -24 -25 -19 -28 29 -18
right_child=1 2 7 -5 5 -7 -8 -9 -10 -11 11 14 13 -15 -16 -17 28 19 -20 -21 21 -23 24 25 -26 -27 27 -29 -30 -31
leaf_value=0.00075700174743318141 -0.0012821193826879924 0.0017769987258465577 0.0022565239597565831 0.0010988120563802221 -0.005173057787141176 -0.00086084479827560039 0.0011954829495296789 -0.0033394314528320456 0.0029569190537371186 0.0066716879403266611 0.0032185640744594739 0.0014393363674961473 0.0020597351364550869 -0.0014101580514653263 -0.001933864796156721 -0.0035956362432293092 -0.00048260316784279886 -0.0012422945187651928 0.0041700580114048119 0.0044480258267176149 -0.0037672048443530403 0.0020752949540451334 0.0033981379985676837 -0.0061570476578691894 -0.00020720004747128048 -0.00092804495034008781 0.00036560142603278274 0.0037461679027714092 0.0020942131015783852 -0.0040181069169505654
leaf_weight=3194.7880022674799 3395.1579096615314 1208.5834972709417 3399.3866894394159 3986.812460526824 1548.426672026515 2429.6940047591925 3714.1821303218603 614.40007981657982 946.19562783837318 565.94347091019154 847.97024889290333 8719.1648166179657 1107.8512027859688 5351.3811091333628 856.59004931151867 726.34515285491943 30991.850802272558 1749.6533499658108 1411.5660595148802 499.77342694997787 1466.8623214066029 583.13498769700527 1563.5196067839861 851.84414325654507 1304.9763404130936 526.07002557814121 2035.8671507537365 1071.25076135993 1173.8231586515903 642.34958688914776
leaf_count=12866 13605 4847 13624 16000 6215 9751 14884 2461 3798 2270 3399 34951 4440 21466 3433 2910 124212 7037 5659 2002 5877 2342 6268 3425 5234 2112 8212 4312 4704 2574
internal_value=8.55664e-05 0.000379391 0.000882138 -0.00037681 -0.000907924 -0.00254807 1.21328e-05 0.000669644 -0.000133042 0.00336668 0.000792674 0.000496766 -0.00034118 -0.000812758 0.00113589 -0.000192341 -0.000141239 0.000502295 0.00180966 -1.56097e-05 -0.00021943 -0.00210326 0.000206643 -0.000511059 0.00176293 -0.00418175 0.000536806 0.00153941 -0.000460223 -0.000555641
internal_weight=88485.4 37745.5 22671.3 15074.3 11087.5 3978.12 7109.34 20896.7 50739.9 1774.53 20282.3 16883 7307.2 6459.23 9575.75 49793.7 49067.3 16259.3 4606.35 11653 11153.2 2050 9103.18 6234.69 2868.5 1377.91 4856.77 3107.12 32808 31634.2
internal_count=354890 151346 90891 60455 44455 15966 28489 83774 203544 7117 81313 67689 29305 25906 38384 199746 196836 65346 18525 46821 44819 8219 36600 25098 11502 5537 19561 12524 131490 126786
is_linear=0
shrinkage=0.03


Tree=140
num_leaves=31
num_cat=0
split_feature=1 36 43 43 32 0 3 30 37 8 26 8 3 40 5 13 20 22 12 22 37 27 12 1 26 11 35 36 34 20
split_gain=12.1454 17.4146 11.7527 17.533 17.517 14.2462 12.9102 11.8429 12.3066 11.7519 11.1979 11.2528 10.5648 10.318 10.2884 9.67057 9.29497 8.96594 17.6785 10.2981 9.0615 10.0376 9.40863 8.89882 8.63453 19.0855 14.8095 13.8821 13.8771 16.223
threshold=-0.39903400838375086 -0.87447479367256153 0.76666668057441723 0.2333333417773247 -0.27189765870571131 0.33307594060897833 -0.65236905217170704 0.81073555350303661 0.28889456391334539 1.0000000180025095e-35 0.69051951169967662 -0.73523417115211476 -0.13553425669670102 1.0000000180025095e-35 -0.36330236494541163 -8.1211256980895978 0.6706068515777589 1.1212608814239504 -7.420635223388671 0.97980323433876049 -0.1910533010959625 -0.75864380598068226 -8.6683444976806623 -0.039907326921820634 -0.76005810499191273 1.9680168628692629 -0.12094480916857718 0.97922065854072582 -0.12720383703708646 1.0174540281295779
decision_type=2 2 2 2 2 2 2 2 2 2 2 2 2 2 2 2 2 2 2 2 2 2 2 2 2 2 2 2 2 2
left_child=16 9 3 4 23 10 -5 8 12 15 11 -4 -7 -13 -15 -2 -1 18 19 -6 -19 -22 -23 -3 26 27 28 -26 -8 -30
right_child=1 2 5 6 17 7 24 -9 -10 -11 -12 13 -14 14 -16 -17 -18 20 -20 -21 21 22 -24 -25 25 -27 -28 -29 29 -31
leaf_value=-0.002180406724897394 -0.002979520400655316 -9.0010307161651962e-05 0.0035879192317117216 -0.0011565224869433445 -0.002734288880422076 -0.0011326338285852634 0.0031389456215582365 0.00206942115696145 -0.00049801990174857245 -0.0027656538928764011 -0.0036507205775607068 0.0014331272975667525 -0.0050576849202053622 -0.0050477184370146238 -0.00034001967303327061 0.00053926073919884662 0.00060897927532582231 0.00080411992411324063 0.005483174888576723 0.0012069233349744737 -0.0051605047657104341 0.0017100935427758522 -0.0018170902784281505 0.0051084658102522095 0.00055153780139353416 0.0070511195926085488 -0.00028785083775929719 0.0032459784506184302 0.0030222355448035181 -0.002396287832980324
leaf_weight=1110.5552702695131 942.94282747805119 537.96000239253044 884.29494744539261 3348.6956668496132 1110.505532592535 912.53130804002285 2722.1321927756071 530.64732556045055 1561.6918451339006 3854.193365842104 639.48862899839878 2011.8726108372211 1943.1540994346142 549.59249174594879 1655.4408971518278 2670.9523160308599 26724.821529701352 1390.2682569175959 506.69850559532642 1267.5206074416637 723.95695593953133 742.85132010281086 7283.5746480077505 648.97363153100014 7213.6433373838663 519.64520941674709 10041.457417279482 2252.5046351999044 843.06453360617161 1182.4349036216736
leaf_count=4449 3780 2162 3546 13430 4448 3658 10912 2127 6269 15459 2566 8064 7792 2203 6638 10707 107293 5573 2029 5078 2902 2977 29224 2610 28914 2082 40228 9030 3379 4737
internal_value=-2.1544e-05 -0.000260168 -6.9016e-05 0.000155453 -0.00070305 -0.000957407 0.000589395 -0.00213537 -0.00264402 -0.00161547 5.98553e-05 0.000531247 -0.00381177 -0.000116716 -0.00153088 -0.000384553 0.000496947 -0.00102153 0.000452973 -0.000637311 -0.00144102 -0.00179823 -0.00148893 0.00277127 0.000825753 0.00150691 0.00036512 0.00119544 0.00174388 -0.000137193
internal_weight=88328.1 60492.7 53024.6 42335.9 14212.3 10688.7 28123.6 4948.02 4417.38 7468.09 5740.69 5101.2 2855.69 4216.91 2205.03 3613.9 27835.4 13025.4 2884.72 2378.03 10140.7 8750.38 8026.43 1186.93 24774.9 9985.79 14789.1 9466.15 4747.63 2025.5
internal_count=354266 242524 212578 169715 57003 42863 112712 19846 17719 29946 23017 20451 11450 16905 8841 14487 111742 52231 11555 9526 40676 35103 32201 4772 99282 40026 59256 37944 19028 8116
is_linear=0
shrinkage=0.03


Tree=141
num_leaves=31
num_cat=0
split_feature=12 27 20 15 28 14 23 12 0 26 28 39 39 23 41 10 10 22 12 13 17 27 23 21 43 2 16 43 17 26
split_gain=9.4163 13.5789 11.3533 9.34301 12.0744 8.09359 14.5777 10.6145 10.8974 8.68362 8.07991 8.16935 15.6981 9.75592 9.46477 9.09274 16.2337 8.94174 7.71092 9.70412 11.4525 8.72061 11.6646 10.7536 8.46568 11.5794 13.008 11.5515 9.98251 15.0032
threshold=-8.4310469627380353 -0.8197556436061858 0.53349420428276073 -7.5040357112884513 -2.0168048143386836 -8.2163915634155256 0.2970909327268601 -8.2914018630981428 0.14356622844934466 -0.37868922948837275 -1.7209084033966062 0.65605276823043834 -0.043618973344564431 0.73460587859153759 1.0000000180025095e-35 0.26634125411510473 0.75886967778205883 1.3949058651924136 -8.3875932693481428 -8.2639870643615705 -0.76901766657829274 0.72798147797584545 0.2144020423293114 0.51693361997604381 0.36666667461395269 0.056054254993796356 0.33472333848476415 0.90000000596046459 -0.24370051920413968 -0.4691821932792663
decision_type=2 2 2 2 2 2 2 2 2 2 2 2 2 2 2 2 2 2 2 2 2 2 2 2 2 2 2 2 2 2
left_child=1 -1 -3 10 -5 6 9 -8 -9 -2 -4 12 15 17 -13 -12 -17 -14 -7 20 -20 -21 -23 -24 -25 -26 27 28 29 -27
right_child=5 2 3 4 -6 18 7 8 -10 -11 11 14 13 -15 -16 16 -18 -19 19 21 -22 22 23 24 25 26 -28 -29 -30 -31
leaf_value=-0.0024734141576007555 0.0058096627336840095 0.0032827813232416954 0.0011431929183848546 0.00036230608212981533 -0.0057017031640368534 0.0028009488240877648 -0.0023316197005675866 -0.00050834510096783576 0.0038801178857738139 0.00097660097184071142 0.0014244821995737318 0.0021663678961890871 -0.0080731519421618891 -0.00071986409644989968 -0.0020437068562990683 -0.005721649080228367 0.0017143051416821328 -0.0025051906530659351 -0.0057748238173849272 0.00032179936218999664 -0.0005208333542643769 0.0026195736766194992 -0.0027456062410346331 -0.001395206912020136 0.002909812238716821 -0.00049511775361562183 0.0033313455394374755 -0.0050487937215195969 -0.0016031450572258881 0.0053273860713816965
leaf_weight=2887.1193874180317 862.21616895496845 785.67277380824089 3080.0587527453899 541.24144472181797 637.95542672276497 943.60056605935097 958.21786491572857 1120.8076217621565 920.27432858943939 550.4360648393631 1562.6194786578417 1447.8785130083561 554.62983526289463 617.31947258114815 707.68304671347141 543.12482240796089 499.03911285102367 504.28536449372768 524.60896176099777 52505.18092904985 1245.8656998425722 986.11464732885361 2039.6262920051813 4479.5744442045689 1226.1381346434355 1286.0824247896671 757.75169187784195 520.65688452124596 2470.4553837180138 566.04058928787708
leaf_count=11577 3462 3149 12344 2169 2557 3782 3840 4493 3690 2220 6263 5803 2222 2475 2836 2176 2000 2021 2104 210613 4997 3954 8171 17982 4914 5155 3043 2093 9906 2273
internal_value=6.44099e-05 -0.000638077 -0.000174815 -0.000431625 -0.00293873 0.000200947 0.00144548 0.000258272 0.00147958 0.00394658 -0.000118214 -0.000722664 -0.0014799 -0.00373513 0.000781122 -1.98752e-05 -0.0021785 -0.00546977 0.000121805 8.45546e-05 -0.00210133 0.000142763 -0.000512884 -0.000746119 -0.000383322 0.000281689 -0.000297806 -0.000871301 -0.000357628 0.00130339
internal_weight=88332.3 14368.6 11481.5 10695.8 1179.2 73963.6 4411.95 2999.3 2041.08 1412.65 9516.64 6436.58 4281.02 1676.23 2155.56 2604.78 1042.16 1058.92 69551.7 68608.1 1770.47 66837.6 14332.4 13346.3 11306.7 6827.13 5600.99 4843.24 4322.58 1852.12
internal_count=354284 57592 46015 42866 4726 296692 17705 12023 8183 5682 38140 25796 17157 6718 8639 10439 4176 4243 278987 275205 7101 268104 57491 53537 45366 27384 22470 19427 17334 7428
is_linear=0
shrinkage=0.03


Tree=142
num_leaves=31
num_cat=0
split_feature=40 11 40 40 41 21 8 14 40 9 40 22 40 15 34 26 30 40 17 11 32 24 11 11 35 7 20 25 15 13
split_gain=8.04805 16.2115 13.9198 21.8139 17.5813 21.8988 10.9658 20.5782 12.3896 12.7807 12.3385 11.8114 11.2381 17.9732 16.825 13.3884 14.082 12.2112 11.5161 11.3391 11.1428 10.9259 10.6407 10.0426 9.81662 15.5935 16.0707 12.8941 16.0573 15.0302
threshold=-0.31730164587497706 0.087892852723598494 -0.48480500280857081 -0.50753355026245106 -1.0000000180025095e-35 0.83979400992393505 -0.53865328431129444 -7.3858020305633536 -0.017452239990234372 -0.36213916540145868 0.73134672641754161 1.283751428127289 0.48480500280857092 -6.8237962722778311 -0.18692215532064435 -0.52266153693199147 -1.3079692125320432 0.39072741568088537 -0.56115764379501332 0.90330982208251964 -0.28226076066493982 1.32670533657074 -0.20301754027605054 -0.26222442090511316 0.094547569751739516 -0.39495973289012903 1.2120587825775149 0.22579039633274081 -7.9983057975769034 -7.281341314315795
decision_type=2 2 2 2 2 2 2 2 2 2 2 2 2 2 2 2 2 2 2 2 2 2 2 2 2 2 2 2 2 2
left_child=2 -2 3 24 5 22 7 8 -3 10 -10 -11 13 14 20 16 18 -16 -14 -20 -8 -6 -4 -23 27 26 -26 29 -29 -1
right_child=1 6 4 -5 21 -7 12 -9 9 11 -12 -13 15 -15 17 -17 -18 -19 19 -21 -22 23 -24 -25 25 -27 -28 28 -30 -31
leaf_value=0.0013384762297521606 0.00069192891520302151 0.0035403476663967738 -0.0083943789862543205 0.0048950150741151844 -0.0028354084402176347 0.0015541839633763169 -0.00052309306716501669 0.0034395562681668662 -0.0017095731708693667 -0.00010279184331751287 0.0030971084313196409 -0.0055753307444418813 -0.0027117268539815957 0.0053884887456717391 -0.00018750315018443354 0.0001796071060803211 -0.002792457236560826 0.003497930157710201 -0.00083284992607347982 0.0049514699094269244 -0.0067006773411484128 0.0038916092292455768 -0.0034945845726330389 -0.0006057523354066419 1.372472483545449e-05 -5.2328096133742694e-05 0.0061249597407776381 -0.0043676414021283127 -0.00093015010642092993 -0.0020929014597700787
leaf_weight=4119.3155283182859 27148.381469190121 594.63516581058502 680.70960097014904 739.66783595085144 1014.384939327836 510.12092827260494 501.98134382069111 1808.2876042723656 1045.8389586508274 618.40867105126381 872.58492392301559 824.36474157869816 762.74341261386871 534.59112685918808 6512.2732509672642 3642.483575001359 5640.6118954718113 913.80967457592487 625.08482117950916 581.14281485974789 545.73448756337166 682.83632527291775 1007.7074226588011 1252.5288768559694 752.75267559289932 11175.786004036665 787.74676929414272 1397.3745527118444 9420.6178211718798 1581.9561243653297
leaf_count=16557 108909 2386 2730 2967 4067 2047 2018 7259 4197 2477 3505 3307 3059 2143 26100 14614 22623 3662 2506 2331 2186 2737 4041 5021 3015 44819 3159 5598 37745 6363
internal_value=-5.35933e-05 0.00017918 -0.000405935 -0.000158167 -0.00184543 -0.00386961 -0.000355772 0.000797817 -0.0004154 -0.00112364 0.000481444 -0.00324652 -0.000684201 0.000105494 -0.000233756 -0.00131596 -0.00203114 0.000270099 0.000152921 0.00197175 -0.0037738 -0.000328771 -0.0055078 0.000992856 -0.000287644 0.000338772 0.0031581 -0.000769763 -0.0013778 0.00038436
internal_weight=88296.5 53173 35123.5 29975.2 5148.29 2198.54 26024.6 5764.12 3955.83 3361.2 1918.42 1442.77 20260.5 9008.39 8473.8 11252.1 7609.58 7426.08 1968.97 1206.23 1047.72 2949.75 1688.42 1935.37 29235.5 12716.3 1540.5 16519.3 10818 5701.27
internal_count=354148 213282 140866 120223 20643 8818 104373 23131 15872 13486 7702 5784 81242 36109 33966 45133 30519 29762 7896 4837 4204 11825 6771 7758 117256 50993 6174 66263 43343 22920
is_linear=0
shrinkage=0.03


Tree=143
num_leaves=31
num_cat=0
split_feature=35 33 17 30 17 7 22 26 30 9 41 35 37 37 31 30 41 30 24 19 34 30 24 24 33 9 36 25 15 15
split_gain=8.57385 10.6887 9.51115 15.6549 12.4531 11.5958 15.9661 14.8875 18.1791 14.4917 13.7484 19.3986 22.5095 14.969 11.1768 11.085 13.6063 10.9062 10.7883 10.4058 10.2487 9.42999 9.36214 9.68112 9.35991 9.94403 9.38981 8.97006 12.827 10.1326
threshold=0.72270554304122936 1.1743307113647463 -0.28327383100986475 -0.26516930758953089 -0.25262370705604548 -0.32674957811832422 1.8771243691444399 -0.8244115114212035 -0.53819739818572987 -0.16653717309236524 -1.0000000180025095e-35 -0.013162589166313408 0.18483924120664599 0.39997577667236334 0.0088429185561835783 0.17443576455116275 0.6078576147556306 -1.6666681766510008 1.6628989577293398 0.81938201189041149 -0.46650595963001246 -0.10612203925848006 1.8830656409263613 1.6084699630737307 -0.38030339777469629 0.43655356764793402 -0.3632341176271438 0.39467535912990576 -7.3336637020111075 -7.5244576930999747
decision_type=2 2 2 2 2 2 2 2 2 2 2 2 2 2 2 2 2 2 2 2 2 2 2 2 2 2 2 2 2 2
left_child=1 2 3 5 -4 6 7 9 20 -1 11 12 -7 -14 15 16 21 -6 -8 -13 -9 -5 23 -2 26 -26 -11 28 -12 -29
right_child=22 -3 4 14 17 10 18 8 -10 24 27 19 13 -15 -16 -17 -18 -19 -20 -21 -22 -23 -24 -25 25 -27 -28 29 -30 -31
leaf_value=-0.0019932415895463325 0.00055796534791712198 -0.0043516731018246723 -0.0025686719027013137 0.00054212440810373359 -0.0034598975704325011 -0.00017097555653905792 0.005229662453876743 -0.0021166830221549535 0.001313042433647348 0.0059292213327827008 -0.0022143088640166251 -0.00034322234660187422 0.0077314229554563347 0.0010287712571644581 0.0030096399634985433 -0.0022910331117917153 -0.0023043223321929621 -0.00023196625020948714 -0.0002588333358551849 -0.0027007487237983583 -0.0071514328597896805 0.0052853289767929874 0.00020972858901914345 0.0049267115645164035 0.0014632947015345856 -0.0023188487979295962 0.00020262736044166267 0.0031187287659632779 0.0033239858000783658 0.00076422349908593953
leaf_weight=3523.5835900902748 890.45451724529266 533.7514171898365 2285.3036480844021 705.00621142983437 953.06065902113914 2552.7748752236366 586.8138542175293 615.71207040548325 517.19675254821777 517.01346331834793 1267.1531412601471 4526.5589224249125 672.84089997410774 540.92603003978729 2821.184290856123 946.27241231501102 572.40435092151165 43319.741480097175 698.85525199770927 2677.5042538493872 921.69653879106045 807.70377629995346 3914.8042325526476 933.02125598490238 1358.55411888659 1142.7075669765472 505.70226566493511 2937.6210702955723 523.85343304276466 3742.4524013251066
leaf_count=14134 3573 2160 9166 2830 3821 10228 2364 2482 2077 2077 5076 18147 2696 2168 11312 3796 2296 173767 2811 10741 3693 3242 15692 3742 5441 4577 2030 11775 2098 15001
internal_value=-8.15443e-05 -0.000159331 -0.000131596 0.000236893 -0.000413996 -4.16296e-05 -0.000850357 -0.00129273 -0.00353344 -0.000635399 0.000390695 -0.000310309 0.00143198 0.00477714 0.00165412 0.000386849 0.00160727 -0.00030222 0.00226729 -0.00122196 -0.00516179 0.00309281 0.00103884 0.00280801 0.00072409 -0.00026694 0.00312697 0.00129784 -0.000584945 0.00180275
internal_weight=88512.2 82773.9 82240.2 35682.1 46558.1 29829.5 10387.8 9102.17 2054.61 7047.56 19441.7 10970.6 3766.54 1213.77 5852.57 3031.39 2085.11 44272.8 1285.67 7204.06 1537.41 1512.71 5738.28 1823.48 3523.98 2501.26 1022.72 8471.08 1791.01 6680.07
internal_count=355013 332006 329846 143092 186754 119616 41686 36511 8252 28259 77930 43980 15092 4864 23476 12164 8368 177588 5175 28888 6175 6072 23007 7315 14125 10018 4107 33950 7174 26776
is_linear=0
shrinkage=0.03


Tree=144
num_leaves=31
num_cat=0
split_feature=15 10 30 28 39 39 10 15 34 8 12 0 37 11 11 24 15 16 33 7 30 37 39 3 14 5 16 15 5 15
split_gain=9.13688 20.6061 9.47653 9.10811 11.0885 10.4271 8.94065 13.3087 8.99612 11.1815 11.8359 9.89373 9.66883 11.7016 11.3289 8.13476 8.04042 8.00455 7.74716 5.83905 11.3272 15.8881 12.3171 12.2285 11.1571 9.14324 8.87677 14.4615 8.30633 8.19607
threshold=-6.7406828403472892 1.4522778391838076 0.49804222583770758 -0.23574472218751905 -0.30901405215263361 0.78800326585769664 2.1032532453536992 -7.5835411548614493 -0.55875554680824269 -0.97638261318206776 -6.9512073993682852 0.096663795411586775 9.4796393635245362e-14 -0.087287947535514818 -0.89636415243148793 1.1451981067657473 -7.3107540607452384 0.4666812270879746 -0.80065602064132679 -0.32674957811832422 -0.53819739818572987 1.0081935354383684e-13 -0.95629566907882679 -1.2490724921226499 -6.6969416141510001 -0.19099824875593183 -0.32096810638904566 -7.4226779937744132 -0.43175318837165827 -7.987858533859252
decision_type=2 2 2 2 2 2 2 2 2 2 2 2 2 2 2 2 2 2 2 2 2 2 2 2 2 2 2 2 2 2
left_child=6 2 3 4 -2 -6 8 -8 9 10 11 12 13 14 -1 -11 -9 -12 -10 20 22 29 -20 -24 -21 28 -23 -28 -25 -22
right_child=1 -3 -4 -5 5 -7 7 16 18 15 17 -13 -14 -15 -16 -17 -18 -19 19 24 21 26 23 25 -26 -27 27 -29 -30 -31
leaf_value=-0.00079624407252141735 0.0053959478400453145 -0.0041530409054781267 -0.0014629391460372963 0.0058454717144080671 -0.0013623402269305734 0.0037526880884514824 -0.0014841317841706983 0.0053563809700499978 -0.0033545016004229702 0.0059879193564187586 -1.4696343607838417e-05 0.0032436798622803033 -0.0034356662868948434 -0.0016571107334191063 0.0049676660383204205 0.0016897749572510911 0.0012610387419694172 -0.0051290218434214985 -0.0058089050988581539 9.3822471981888249e-05 -0.0012014197843220598 0.00096030508170225136 -0.0044502028007980662 -0.00052555959673051145 -0.0027990714849950244 -0.0017919322047649068 -0.0029503795360710234 0.00055585375960626692 0.0025351888772537274 0.0016213462238917579
leaf_weight=499.7221766859293 596.3944346010685 499.64428408443928 498.98741595447063 737.69783054292202 934.22376796603203 568.74072623252869 789.62871943414211 811.83145146071911 673.21186582744122 505.09683811664581 541.88086415827274 1140.6758623421192 590.94417437911034 951.57378363609314 775.39209815859795 1782.4703562259674 925.56829249858856 550.23977254331112 516.6358947455883 51149.834837928414 1124.6710475087166 1487.1663716733456 863.69045323133469 3140.205640271306 1218.6670176684856 3707.3865175843239 2957.4853869974613 1641.5952488034964 1058.8252740502357 5063.78604388237
leaf_count=2018 2391 2003 2002 2963 3748 2281 3165 3253 2719 2053 2183 4587 2376 3844 3132 7206 3709 2225 2071 205040 4507 5958 3465 12587 4882 14850 11849 6576 4241 20299
internal_value=4.35033e-05 0.0014736 0.0023262 0.00299544 0.001971 0.000585261 -2.1604e-05 0.00173237 -7.59006e-05 0.000925652 0.000136047 0.00089964 -5.74245e-05 0.000850484 0.00272015 0.00266074 0.00319436 -0.00261459 -0.000174525 -0.000145118 -0.000560501 3.77479e-05 -0.00135042 -0.00108146 2.59804e-05 -0.000708307 -0.00104973 -0.00170037 0.000250427 0.00110723
internal_weight=88303.9 3835.69 3336.04 2837.06 2099.36 1502.96 84468.2 2527.03 81941.2 7338 5050.43 3958.31 2817.63 2226.69 1275.11 2287.57 1737.4 1092.12 74603.2 73929.9 21561.4 12274.7 9286.74 8770.11 52368.5 7906.42 6086.25 4599.08 4199.03 6188.46
internal_count=354183 15388 13385 11383 8420 6029 338795 10127 328668 29624 20365 15957 11370 8994 5150 9259 6962 4408 299044 296325 86403 49189 37214 35143 209922 31678 24383 18425 16828 24806
is_linear=0
shrinkage=0.03


Tree=145
num_leaves=31
num_cat=0
split_feature=37 23 18 5 11 40 28 32 17 22 30 16 27 9 15 26 27 35 17 10 13 40 20 11 31 28 11 20 23 34
split_gain=8.4817 10.9386 16.1622 9.09035 11.9479 11.8951 12.7413 9.99569 8.93107 8.75393 11.2904 8.26632 8.58546 11.4298 8.85257 8.58298 9.73273 10.619 12.0711 10.0807 8.15183 8.07932 8.01193 9.49816 9.60025 9.05842 8.84916 8.74695 11.0004 7.81165
threshold=0.17739886045455935 0.92143085598945629 1.323206961154938 0.94881176948547374 -0.78395166993141163 -0.25881658494472498 -0.85103741288185109 0.34767118096351629 0.90841472148895275 1.1794112324714663 -0.49573674798011774 -0.63771384954452504 0.59322878718376171 -1.008394122123718 -7.2166130542755118 -2.5686097145080562 0.99619030952453624 0.19964057207107547 -0.22616617381572721 -0.22297283262014386 -9.0311737060546857 -0.30901405215263361 0.79940351843833934 -0.55585691332817067 0.32653465867042547 -1.4338860511779783 -0.28275005519390101 1.4116680622100832 0.58743795752525341 -0.083143275231122957
decision_type=2 2 2 2 2 2 2 2 2 2 2 2 2 2 2 2 2 2 2 2 2 2 2 2 2 2 2 2 2 2
left_child=1 8 -3 4 5 6 -2 9 20 -7 -11 -6 22 -14 15 -15 17 18 -17 -20 -1 -19 25 -24 26 -13 -25 28 -28 -5
right_child=3 2 -4 29 11 7 -8 -9 -10 10 -12 12 13 14 -16 16 -18 21 19 -21 -22 -23 23 24 -26 -27 27 -29 -30 -31
leaf_value=-0.0027880097941069873 0.0027336123334974209 -0.0030694607573807861 0.0017550872546945398 0.003051092246014968 0.0021818223771335431 0.0055991736491487667 -0.0027793034251283192 0.0067567885244552385 0.0032761826993221018 -0.0019200773254907824 0.0040005319469059277 -0.0044946832596008731 0.0035921253547659417 0.0023516308133363583 -0.0033192468665076236 -0.0062169702181394254 0.002134704585061356 0.0028610702456094211 -0.0039860760194479813 0.001412784986857651 -0.00011442348925853192 -0.0016419316397615507 -0.0024835417398860237 0.0040457035353715053 0.0039081930341870871 0.0007633926747985726 0.0028363303409184547 -0.00141355943747749 -0.00085023724446368193 -0.00070401315982547704
leaf_weight=1036.0448187291622 802.45473992824554 2528.8201118856668 821.66002108156681 524.43235801160336 2038.737081438303 504.48490832746029 694.49275369942188 644.61035925149918 677.31909577548504 605.57686167955399 538.66016475856304 501.70003513991833 516.05199551582336 810.79346913099289 1197.1438783854246 709.69847282767296 721.57517349720001 610.28929394483566 616.42716889083385 610.98681354522705 54700.82212023437 840.19653740525246 574.63192078471184 708.30429801344872 1212.2004970163107 690.23432107269764 1836.6846920698881 1493.2881607115269 1196.8438822627068 7456.1626143157482
leaf_count=4153 3215 10155 3304 2101 8169 2022 2782 2585 2718 2427 2160 2010 2068 3249 4798 2843 2892 2447 2470 2447 219415 3369 2303 2839 4859 2765 7357 5986 4795 29948
internal_value=-1.83478e-05 -0.000221799 -0.0018846 0.000405888 0.000737749 0.00225764 0.000174483 0.00361074 -0.000122728 0.00234739 0.000877616 0.000395451 0.00014885 -0.000653386 -0.00101682 -0.000450993 -0.00100835 -0.00168215 -0.00312977 -0.00130891 -0.000164612 0.000259316 0.000796707 0.0011828 0.00151291 -0.00146878 0.000951887 0.000459952 0.00138382 -0.000453743
internal_weight=88421.3 59764.7 3350.48 28656.7 20676.1 3790.28 1496.95 2293.33 56414.2 1648.72 1144.24 16885.8 14847.1 6633.16 6117.11 4919.97 4109.17 3387.6 1937.11 1227.41 55736.9 1450.49 8213.89 7021.95 6447.32 1191.93 5235.12 4526.82 3033.53 7980.59
internal_count=354651 239745 13459 114906 82857 15191 5997 9194 226286 6609 4587 67666 59497 26583 24515 19717 16468 13576 7760 4917 223568 5816 32914 28139 25836 4775 20977 18138 12152 32049
is_linear=0
shrinkage=0.03


Tree=146
num_leaves=31
num_cat=0
split_feature=9 15 14 5 18 7 9 20 14 23 10 30 14 15 22 7 10 2 5 11 42 39 13 15 3 0 36 22 5 11
split_gain=8.48494 21.3811 10.2036 7.2312 10.7743 8.60767 7.04463 10.7926 6.96626 10.2608 8.23673 18.8216 14.3919 11.2949 9.9261 9.42431 9.95435 17.5379 14.8352 15.3734 13.7617 13.0642 12.723 11.3353 11.2284 14.0771 12.8774 11.2614 10.8822 10.8155
threshold=-1.2168913483619688 -7.733139991760253 -8.0530996322631818 -1.1784068942070005 1.5643720030784609 -1.3067258596420286 -1.9451146721839903 1.09487521648407 -6.9455740451812735 0.9142419993877412 -0.11135856434702872 0.85079985857009899 -7.6737072467803946 -6.8368628025054923 1.7086839079856875 -1.4617240428924558 0.35376484692096716 0.1505163908004761 -0.16203659027814862 1.0224260091781618 -0.56174489110708226 -0.94550955295562733 -7.1864795684814444 -7.587582826614379 0.40956066548824316 0.68239277601242077 0.47734603285789495 1.2761701345443728 0.26610544323921209 -0.24299822747707364
decision_type=2 2 2 2 2 2 2 2 2 2 2 2 2 2 2 2 2 2 2 2 2 2 2 2 2 2 2 2 2 2
left_child=1 2 -1 5 6 -3 -5 -8 10 -10 11 13 -13 -2 -14 -12 17 -17 19 21 23 -18 24 -20 25 26 27 -23 -25 -30
right_child=8 3 -4 4 -6 -7 7 -9 9 -11 15 12 14 -15 -16 16 18 -19 20 -21 -22 22 -24 28 -26 -27 -28 -29 29 -31
leaf_value=-0.0012145165566296811 0.00058858907371862998 -0.00046799425402238039 -0.0057437040020838466 -0.0023609958067378149 -0.0035445197461269331 0.0050251245494860033 0.0032858378261325203 -0.00077346298964692381 0.0014208051072704677 -0.0019227801466125763 0.0026482527237837563 0.0015095725959096411 -0.0059979120525247148 0.0046304625966464294 -0.0011172553643267118 3.7545867371868415e-05 -0.0040278284307337505 -0.001993521115156275 0.0038571219122841335 -0.0026577850273735259 8.3191158968557932e-05 -0.0027304218120816929 0.0042272940894445884 0.0035697987216052906 0.0030391160100255556 -0.0049502286843015114 0.0034521001119342128 0.00062814913041481864 -0.0039426316284196542 0.00087984841792422054
leaf_weight=819.03952372074127 26251.480829045177 501.28191040456295 995.38378256559372 673.73650720715523 814.55573476850986 512.94084404408932 1081.9922620356083 1274.4056990593672 6833.9455474764109 930.61318245530128 1025.5904584676027 648.01415714621544 829.61578692495823 627.64301359653473 687.77130796015263 8676.26689876616 674.70035046339035 6834.2696860134602 1762.9917858392 2937.4849210381508 13122.187645122409 1566.4965803176165 665.23686131834984 958.94938023388386 853.23939281702042 596.54372605681419 759.59815585613251 2082.4791068732738 528.88481162488461 1864.7138714343309
leaf_count=3288 105306 2034 3996 2699 3267 2068 4335 5108 27396 3736 4134 2601 3325 2519 2764 34789 2705 27402 7070 11777 52621 6278 2667 3842 3418 2390 3043 8355 2122 7483
internal_value=7.98331e-05 -0.000947914 -0.00371707 9.16595e-05 -0.000503875 0.00233208 0.000322476 0.00109646 0.000163867 0.00101811 7.40537e-05 0.000467658 -0.0022167 0.000684656 -0.0038075 -0.000180551 -0.00024725 -0.000858093 8.68561e-05 -0.000832823 0.000598152 -8.54374e-05 0.000327844 0.00191637 -0.000121401 -0.000665171 -7.54501e-05 -0.000817199 0.000887361 -0.000197687
internal_weight=88392.1 6673.34 1814.42 4858.91 3844.69 1014.22 3030.13 2356.4 81718.7 7764.56 73954.2 29044.5 2165.4 26879.1 1517.39 44909.6 43884 15510.5 28373.5 10135.8 18237.7 7198.29 6523.59 5115.54 5858.36 5005.12 4408.57 3648.98 3352.55 2393.6
internal_count=354538 26795 7284 19511 15409 4102 12142 9443 327743 31132 296611 116515 8690 107825 6089 180096 175962 62191 113771 40633 73138 28856 26151 20517 23484 20066 17676 14633 13447 9605
is_linear=0
shrinkage=0.03


Tree=147
num_leaves=31
num_cat=0
split_feature=30 29 25 20 25 25 23 37 20 35 41 23 21 37 36 42 40 15 35 21 23 27 29 40 43 24 40 41 20 28
split_gain=11.3693 9.10285 15.1434 12.8744 13.1562 12.9353 12.3721 8.39592 8.54059 8.67778 15.3216 20.5876 17.5204 15.2676 13.5116 13.0216 14.4027 17.1213 12.3311 18.2091 15.0054 13.372 14.1078 12.2921 11.9184 11.8683 10.9633 13.713 14.4689 14.7237
threshold=0.62365740537643444 -0.21931925415992734 0.77222028374671947 1.3062130808830263 0.3097230345010758 0.86870998144149791 0.80816128849983226 -0.79991108179092396 2.3124176263809209 0.25062412023544317 -0.60785761475563038 0.28092573583126074 0.8758910894393922 0.095238868147134795 0.99860724806785595 1.0000000180025095e-35 0.24191959202289584 -7.7768054008483878 -0.013162589166313408 0.19209297746419909 0.17477076500654223 -0.36698232591152186 0.26339747011661535 -0.920496106147766 0.30000001192092901 2.3562967777252202 0.98900645971298229 -1.0000000180025095e-35 1.0672532320022585 -1.3217602372169492
decision_type=2 2 2 2 2 2 2 2 2 2 2 2 2 2 2 2 2 2 2 2 2 2 2 2 2 2 2 2 2 2
left_child=7 2 -2 6 -5 -6 -3 -1 9 10 11 24 18 -13 -14 16 17 -11 26 20 -20 -21 -23 -17 -9 -19 27 28 -12 -30
right_child=1 3 -4 4 5 -7 -8 8 -10 15 12 13 14 -15 -16 23 -18 25 19 21 -22 22 -24 -25 -26 -27 -28 -29 29 -31
leaf_value=-0.0032959568077572574 -0.0011988329771904479 -0.00046631978383522809 -0.0059200424458852397 -0.0025835390062873323 0.0033741116597212233 -0.00056255433235756632 -0.0042776266339921397 0.0046346493355603254 0.0013509955064217513 0.0051025125398334141 3.5098938571209164e-05 0.0013264124160025355 0.00037749379969195508 -0.00099202459733317835 0.0033881637933984199 -0.0043917697506510216 -0.001000030780325932 0.0010730263116101875 -0.00013018796655036479 -0.0023152550356751208 0.0044143613658043888 0.0020648847824208442 -0.0014239696945780253 -0.00095144882995814261 0.0015588638763873758 -0.0026010675819917242 0.0023265703747564191 -0.00058592195241785714 -0.00064752342253424522 -0.0054675553807698868
leaf_weight=643.63241995871067 4123.1022717952728 3021.8653279691935 709.84586220979691 743.47423908114433 1905.3786440640688 1231.7974509000778 1018.4691272825003 1703.4318299144506 4733.5689356923103 818.83179476857185 1259.1488561034203 5559.5493459403515 4160.9628270715475 4715.57366104424 1972.1186510324478 1064.3464922308922 5512.7354612499475 5067.0018721669912 1106.0431577861309 2132.3940023630857 1587.5771669447422 2455.8721500784159 1798.7783648967743 7279.3374854177237 3404.5351881533861 927.63370691239834 920.2215967476368 14318.954218864441 852.96400374174118 1729.7930844724178
leaf_count=2592 16568 12103 2843 2982 7633 4941 4081 6848 19098 3283 5044 22270 16680 18897 7907 4269 22113 20321 4438 8539 6358 9834 7205 29194 13675 3717 3689 57403 3420 6942
internal_value=-5.01519e-05 -0.000878424 -0.00190306 -0.000251637 0.000981197 0.00183152 -0.00143525 8.94469e-05 0.000118903 3.58179e-05 0.000250738 0.00103706 -0.00010217 0.00026248 0.00134953 -0.000480592 0.000139032 0.00106076 -0.000418688 0.000490932 0.00255472 -0.000382066 0.000589989 -0.00139504 0.00259164 0.000501098 -0.000851606 -0.00101384 -0.00260304 -0.00388436
internal_weight=88478.9 12753.9 4832.95 7920.98 3880.65 3137.18 4040.33 75725 75081.4 70347.8 49677.9 15383.1 34294.8 10275.1 6133.08 20669.9 12326.2 6813.47 28161.7 9080.66 2693.62 6387.04 4254.65 8343.68 5107.97 5994.64 19081.1 18160.9 3841.91 2582.76
internal_count=354887 51151 19411 31740 15556 12574 16184 303736 301144 282046 199149 61690 137459 41167 24587 82897 49434 27321 112872 36374 10796 25578 17039 33463 20523 24038 76498 72809 15406 10362
is_linear=0
shrinkage=0.03


Tree=148
num_leaves=31
num_cat=0
split_feature=33 35 15 0 14 40 40 12 21 40 13 1 21 38 33 28 5 23 12 0 0 2 33 2 5 20 16 36 0 15
split_gain=8.38541 10.357 9.05936 13.0334 13.7137 8.71105 9.97151 9.45694 8.02391 21.1815 22.2607 20.906 14.4255 24.851 18.5409 13.0227 14.3778 12.8147 11.1011 10.8819 10.2265 15.932 14.1562 9.57683 9.54243 11.2349 14.6233 10.8034 10.191 9.16356
threshold=0.89083990454673778 0.85590395331382763 -7.6294989585876456 -0.28475056588649744 -7.1696991920471183 0.99938130378723156 0.99690786004066478 -7.9398512840270987 0.61241438984870922 0.91353675723075878 -9.0311737060546857 -0.55566802620887745 0.18769444525241855 1.0000000180025095e-35 -0.7527305781841277 0.84629324078559887 -0.30559821426868433 0.48472395539283758 -8.9598536491394025 -0.73171272873878468 0.080948360264301314 1.1351115703582766 0.012543775141239168 -0.42514264583587641 -1.4803401231765745 1.241105377674103 -0.41645586490631098 -0.84277686476707447 -0.07118539139628409 -7.987858533859252
decision_type=2 2 2 2 2 2 2 2 2 2 2 2 2 2 2 2 2 2 2 2 2 2 2 2 2 2 2 2 2 2
left_child=1 5 -3 -4 -5 6 8 -8 9 10 -1 19 13 15 -14 16 29 -18 -13 -10 21 22 -20 -17 -11 26 -26 -27 -29 -12
right_child=-2 2 3 4 -6 -7 7 -9 11 24 12 18 14 -15 -16 23 17 -19 20 -21 -22 -23 -24 -25 25 27 -28 28 -30 -31
leaf_value=-0.0047461019137793057 -0.0016236003449164758 -0.00099380219635615205 -0.00058093903307917703 0.0079894007628840864 0.0019497390858698538 -0.0029016978169613761 0.0058601319649394627 0.00037579194207762326 0.0048966325839513757 0.0016123889976074736 -0.00078140315977467403 0.0025016221057729306 0.0050288433839507651 0.0069666222100880932 -0.00053089667644934662 -0.0029263067475905585 -0.0029764772522491816 0.0011558183199281884 0.0016779180497950943 0.0011740890051589817 0.0004427243689510233 0.0024639748918252051 -0.0015990043097405746 0.0017361282875973357 -0.0039710380862659793 -0.00053265673777232376 0.00062714410427619906 -0.0084252975073770865 -0.0034195912339085597 0.0015783225482845322
leaf_weight=870.15988107025623 2717.4376872032881 731.95712743699551 662.13356600701809 582.91718022525311 808.89427161216736 907.33961063623428 499.95243015885353 639.06898432970047 1247.3698013573885 573.6976231187582 1710.8999412357807 1659.5094885677099 542.55611106753349 545.79809041321278 23546.625335663557 1517.9599323868752 1515.9472803473473 1204.2386686354876 1373.3443426191807 1633.5618981271982 17093.838147476315 1237.7063484489918 8386.6004587560892 527.91314671933651 996.99035920202732 580.2793527841568 1624.2485567629337 591.69199667870998 1001.4469025284052 10765.986139044166
leaf_count=3488 10948 2934 2653 2337 3240 3640 2005 2565 4997 2321 6868 6655 2197 2190 94328 6136 6075 4823 5503 6545 68519 4963 33620 2122 3995 2329 6511 2375 4015 43270
internal_value=1.39508e-05 6.61315e-05 0.00186196 0.00287954 0.00451821 5.48736e-06 3.80503e-05 0.00281309 -1.43739e-06 -0.000247695 -2.44479e-05 0.000361639 7.47706e-05 0.000722489 -0.000403641 0.000520918 0.000823614 -0.00114956 0.000124929 0.00279722 -1.63144e-05 -0.00072956 -0.00113666 -0.00172063 -0.00202205 -0.00245938 -0.00113022 -0.00404988 -0.00531967 0.00125438
internal_weight=88298.1 85580.6 2785.9 2053.95 1391.81 82794.7 81887.4 1139.02 80748.4 48116.4 42748.1 32631.9 41877.9 17788.7 24089.2 17242.9 15197.1 2720.19 29751 2880.93 28091.5 10997.7 9759.94 2045.87 5368.35 4794.66 2621.24 2173.42 1593.14 12476.9
internal_count=354167 343219 11164 8230 5577 332055 328415 4570 323845 193043 171497 130802 168009 71484 96525 69294 61036 10898 119260 11542 112605 44086 39123 8258 21546 19225 10506 8719 6390 50138
is_linear=0
shrinkage=0.03


Tree=149
num_leaves=31
num_cat=0
split_feature=37 17 23 17 6 23 35 13 2 43 36 31 43 17 8 3 43 4 12 28 23 20 17 0 18 15 35 11 7 2
split_gain=6.9382 14.9587 12.1487 10.7429 8.81614 8.16713 12.1644 21.03 11.2078 10.1474 10.3045 12.2105 9.30064 17.7739 15.5076 13.6954 12.3018 23.8237 11.6325 12.7735 12.104 20.3153 12.066 10.7447 10.0533 9.93028 9.85573 9.76376 10.5912 10.8381
threshold=-0.37499269843101496 0.58622369170188915 0.0042270242702215919 -1.1176313161849973 1.0000000180025095e-35 0.11506162956357004 -0.70490011572837818 -7.768279790878295 -1.918374180793762 0.10000000521540643 -0.97176453471183766 -0.25209361314773554 0.90000000596046459 0.14716936647892001 0.33843992650508886 -0.17111644148826596 0.36666667461395269 -0.017085893079638478 -7.9332852363586417 -1.8712764382362364 0.47638109326362615 1.0174540281295779 0.18025029450654986 -0.12698903679847715 1.3162194490432741 -6.887925148010253 0.64036929607391369 0.087892852723598494 0.11388870328664781 0.47230151295661932
decision_type=2 2 2 2 2 2 2 2 2 2 2 2 2 2 2 2 2 2 2 2 2 2 2 2 2 2 2 2 2 2
left_child=1 2 -1 4 -2 9 7 -7 -8 -5 11 -11 16 14 15 -14 -10 25 26 -20 21 -21 -22 -23 -25 27 -19 28 29 -18
right_child=3 -3 -4 5 -6 6 8 -9 12 10 -12 -13 13 -15 -16 -17 17 18 19 20 22 23 -24 24 -26 -27 -28 -29 -30 -31
leaf_value=-0.0020073270185427183 -2.0864005322423558e-05 0.005387852872944833 0.00083301237155640289 0.0036798575973352138 0.0050550692626899606 0.0021796094922391924 0.0036224380995537025 -0.0047161069510072628 -0.00058531974751200146 -0.0046644568426788191 0.0010354166489940585 0.0010876589914765237 0.0030779335026148535 0.0020146935838169619 -0.0049714754219836975 -0.0024662577306027275 -0.0022233987453493713 0.0014080828016217266 -0.0021848523349638146 -0.0016793840084353157 0.00089032924463898662 0.0068986143402717344 -0.0015047798713980058 0.004567094808883846 -0.00079568234669674426 0.0020040759818447797 0.0049107759730437645 -0.0018441209951123349 0.0014022799855705579 0.0016068441712206738
leaf_weight=1547.7281800061464 573.62911210954189 572.66363564133644 10434.330339238048 973.53900109231472 654.72070591151714 567.29268100857735 691.96110686659813 1286.7219568938017 26071.596813768148 691.69535073637962 4866.6258506029844 624.76582992076874 562.52040523290634 969.22298629581928 1401.2452787011862 1330.8326995521784 2472.5449426472187 7941.8635414242744 1603.6003677248955 788.16763447225094 5796.8962333351374 720.10216592252254 2798.6582460850477 733.92162172496319 540.68417014181614 1073.5465207099915 788.23683606088161 6002.3272278755903 2402.2074197083712 899.91185623407364
leaf_count=6253 2300 2304 41894 3924 2625 2274 2778 5157 104522 2785 19570 2510 2254 3886 5630 5334 9906 31826 6427 3158 23250 2886 11215 2942 2166 4301 3159 24051 9619 3606
internal_value=4.04798e-05 0.000693425 0.000464756 -6.7703e-05 0.00270362 -0.000113691 -0.000215978 -0.00260578 -0.000148039 0.000849215 0.000398302 -0.001947 -0.000188793 -0.00154143 -0.00259052 -0.000811546 -9.34363e-05 0.000277667 0.000883461 0.000313562 0.000667282 0.00238308 0.000109654 0.00398865 0.00230373 -0.000745767 0.0017296 -0.00099792 -0.00011669 -0.0011996
internal_weight=88383.8 12554.7 11982.1 75829 1228.35 74600.7 67444.1 1854.01 65590 7156.63 6183.09 1316.46 64898.1 4263.82 3294.6 1893.35 60634.3 34562.7 21712.1 12982 11378.4 2782.88 8595.55 1994.71 1274.61 12850.5 8730.1 11777 5774.66 3372.46
internal_count=354512 50451 48147 304061 4925 299136 270347 7431 262916 28789 24865 5295 260138 17104 13218 7588 243034 138512 87029 52044 45617 11152 34465 7994 5108 51483 34985 47182 23131 13512
is_linear=0
shrinkage=0.03


Tree=150
num_leaves=31
num_cat=0
split_feature=1 27 13 23 7 24 18 8 26 39 7 24 24 12 40 3 8 24 27 11 18 25 14 34 21 3 27 7 24 0
split_gain=8.97601 8.87296 18.445 17.4862 10.6489 11.1604 12.5154 10.6456 15.3907 10.84 13.7343 11.1528 10.9772 10.4212 9.7229 9.49452 9.36323 9.13933 8.84843 8.58666 8.37261 10.7963 9.59458 9.62641 8.35512 8.81541 8.33113 8.03806 7.89583 11.7318
threshold=-0.4196812212467193 0.097707163542509093 -8.9265213012695295 0.085532877594232573 1.8243985176086428 2.6938493251800542 1.081352233886719 -0.49881514906883234 1.0926328897476199 -0.46946710348129267 0.14112245291471484 0.97749689221382152 1.2695849537849428 -7.9984469413757315 0.13917177915573123 -0.13553425669670102 -0.066399026662111268 1.3033695220947268 -0.099477272480726228 0.13664487004280093 1.1187507510185244 0.61928534507751476 -7.354785442352294 -0.0090232342481613142 0.63816145062446605 0.028194227255880836 -0.39686889946460718 -0.6591682732105254 1.9259906411170962 -0.8199799358844756
decision_type=2 2 2 2 2 2 2 2 2 2 2 2 2 2 2 2 2 2 2 2 2 2 2 2 2 2 2 2 2 2
left_child=28 7 -3 -4 5 -5 -7 18 9 20 11 -11 14 -12 -13 17 -14 -15 24 -10 22 -22 23 -9 -2 -26 -23 -18 -1 -30
right_child=1 2 3 4 -6 6 -8 8 19 10 13 12 16 15 -16 -17 27 -19 -20 -21 21 26 -24 -25 25 -27 -28 -29 29 -31
leaf_value=0.00075177641264965761 0.00015786697778495727 0.0042952673306957548 0.0052382898226742466 -0.00012205747560233232 -0.0028123141621444738 0.0047732402416623392 -5.2121717905320272e-05 0.0030003931227935341 -0.00071846494226749183 -0.0061258277706039907 0.0005112276089202011 -0.0020385681305679355 -0.0051399810123430555 -0.0032598279106978247 0.0031998756888095992 -0.003283447887894495 0.00090432966663383976 0.0014437153896242018 -0.0019536134109566939 0.004187314274583168 0.0033672677363371503 -0.0029314262093876314 -0.0027272986295891082 -0.0010902435942743965 0.0057121909527453113 0.0010466709783580315 0.0019224712463271774 -0.0029516843977104258 -0.0018263974427181373 0.00066273925304900121
leaf_weight=20184.878456383944 5507.2677661031485 922.09259778261185 556.12213063240051 27872.398544833064 1224.5484442561865 908.13760781288147 1022.04688757658 755.80291692912579 541.51980563998222 757.90793871879578 3110.4749275892973 750.62867709994316 1269.1502448618412 556.55863624811172 539.10767416656017 1926.4246515631676 644.97835968434811 1071.6706636399031 1308.4245606064796 769.84606793522835 1117.9509221315384 671.74339947104454 1682.8679028302431 1588.7987748086452 535.71522349119186 1115.7211564481258 587.54333969950676 1922.3645433336496 3010.6268135905266 3901.6531551033258
leaf_count=81057 22107 3698 2233 111753 4928 3639 4097 3029 2171 3036 12468 3007 5086 2231 2160 7729 2585 4296 5245 3085 4480 2691 6741 6365 2147 4471 2354 7702 12089 15647
internal_value=-2.32834e-06 -0.000203489 0.000136016 1.32629e-05 -8.20467e-05 3.10421e-05 0.00223108 -0.000587489 -0.000960609 -0.00117833 -0.00169054 -0.00274575 -0.00223505 -0.00075626 0.000158865 -0.00186369 -0.00303815 -0.000174126 0.000305621 0.0021714 -0.000173653 0.00123506 -0.00100616 0.000235551 0.0007207 0.00258541 -0.000669447 -0.00198321 0.00045219 -0.00042247
internal_weight=88335 61237.8 32505.3 31583.3 31027.1 29802.6 1930.18 28732.5 20265.3 18954 12549.3 5884.14 5126.23 6665.13 1289.74 3554.65 3836.49 1628.23 8467.13 1311.37 6404.71 2377.24 4027.47 2344.6 7158.7 1651.44 1259.29 2567.34 27097.2 6912.28
internal_count=354327 245534 130348 126650 124417 119489 7736 115186 81216 75960 50300 23576 20540 26724 5167 14256 15373 6527 33970 5256 25660 9525 16135 9394 28725 6618 5045 10287 108793 27736
is_linear=0
shrinkage=0.03


Tree=151
num_leaves=31
num_cat=0
split_feature=15 15 39 39 35 30 22 15 20 13 29 34 9 35 10 6 4 35 35 28 28 9 24 19 7 24 39 24 9 26
split_gain=7.86028 19.2347 14.1632 14.9178 13.5841 13.8596 13.1118 12.6801 11.8787 11.2935 11.7317 10.372 11.6413 9.68293 13.3009 11.8109 11.2424 9.43939 11.0017 13.0541 15.5547 12.9748 11.2131 15.9547 14.8855 12.4607 11.0384 10.461 12.4681 13.1159
threshold=-6.9815881252288809 -6.8368628025054923 0.86162096261978161 -0.92717501521110524 -0.27350379526615137 -1.1458824872970579 1.9044246673583987 -7.1492655277252188 1.9274116158485415 -7.7191574573516837 0.25612591207027441 -0.64647909998893727 -1.9451146721839903 0.73776453733444225 1.0762205123901369 0.24853041768074038 -0.1337531507015228 0.19964057207107547 0.094547569751739516 -1.5812269449234007 -1.266009986400604 -0.33342148363590235 1.0964522361755373 0.86054843664169323 0.32848076522350317 1.2504743933677676 0.087154909968376174 1.7906917929649355 -0.46053916215896601 -0.67595407366752613
decision_type=2 2 2 2 2 2 2 2 2 2 2 2 2 2 2 2 2 2 2 2 2 2 2 2 2 2 2 2 2 2
left_child=7 6 3 -3 -5 -6 -2 11 9 -9 -11 -1 -13 17 -15 16 -16 18 19 -14 26 -20 24 25 -23 -24 -21 28 29 -22
right_child=1 2 -4 4 5 -7 -8 8 -10 10 -12 12 13 14 15 -17 -18 -19 21 20 27 22 23 -25 -26 -27 -28 -29 -30 -31
leaf_value=0.0014527203586519176 -0.0016639679786214681 0.0039070757263230489 0.0035982653644413012 0.0022217372400702724 0.0014778590714308796 -0.0031463670248083231 -0.0065937995387892719 -0.001999356406227156 0.0044107475427439492 0.0026289223733563555 -0.00070153841738844589 -0.0036148342535131956 0.00084488225042084945 0.0055066907971851198 0.00017163228705038808 -0.00050275082562149212 0.0060961119072278818 -0.00062957532112041135 -0.0026594465636780888 -0.00055626260679321026 0.0027012258355812889 0.0023406905143178122 0.0073922789273193337 -0.00044908780280054266 -0.003272557655341663 0.0026737735607600234 -0.0039522425670799905 -0.001327238074983721 -0.00042035118090536644 4.1760278691776017e-05
leaf_weight=4364.7788857221603 3247.3875514417887 628.56959529221058 985.46351669728756 885.60387499630451 774.4259666800499 2293.454644843936 563.90646404027939 995.21075743436813 1006.1672554761171 2881.3798619806767 1413.8188842236996 806.45510700345039 10337.118202522397 594.28728710114956 567.59767192602158 2412.107826218009 577.02704036235809 20646.93151254952 670.02133777737617 1692.8960394859314 3009.0138508677483 875.39192223548889 630.27092812955379 1174.587773963809 808.15627279877663 2488.5263455212116 1751.9629563987255 5042.6614407747984 10528.911271393299 3732.9630601257086
leaf_count=17643 13022 2521 3954 3559 3105 9198 2269 3990 4051 11551 5667 3231 41428 2385 2274 9673 2311 82819 2685 6785 12062 3506 2525 4709 3239 9972 7019 20209 42202 14972
internal_value=5.10149e-05 -0.000769637 0.000354716 -0.000349192 -0.00103405 -0.00197806 -0.00240872 0.000148517 0.00143892 0.000866457 0.00153358 3.65904e-05 -5.4046e-05 -1.10001e-05 0.00139091 0.000689707 0.00318521 -0.000103009 0.000151439 -5.52173e-05 -0.000416624 0.00127206 0.00171649 0.00252861 -0.000357259 0.0036479 -0.00228981 -0.000126538 0.000224601 0.00123095
internal_weight=88387.1 9378.81 5567.52 4582.05 3953.48 3067.88 3811.29 79008.2 6296.58 5290.41 4295.2 72711.7 68346.9 67540.4 4151.02 3556.73 1144.62 63389.4 42742.5 36095.5 25758.4 6646.95 5976.93 4293.39 1683.55 3118.8 3444.86 22313.5 17270.9 6741.98
internal_count=354536 37628 22337 18383 15862 12303 15291 316908 25259 21208 17218 291649 274006 270775 16643 14258 4585 254132 171313 144677 103249 26636 23951 17206 6745 12497 13804 89445 69236 27034
is_linear=0
shrinkage=0.03


Tree=152
num_leaves=31
num_cat=0
split_feature=15 10 15 9 26 9 9 22 1 13 17 10 13 30 16 30 1 17 17 18 13 29 8 3 24 8 18 33 37 20
split_gain=7.67667 18.158 18.8637 11.5238 12.558 11.7742 15.5748 9.90498 12.3646 9.75312 28.0345 9.94838 11.3576 15.8753 10.3912 9.48639 11.3171 9.97629 9.23687 8.81659 10.886 10.3072 13.0347 11.0779 9.94004 11.2778 8.33968 10.5929 10.6627 15.9617
threshold=-7.69053030014038 -1.0968480110168455 -7.7491836547851554 0.79171168804168712 0.22920116782188418 0.16732302308082583 -0.56381365656852711 1.4355967640876772 -0.57915720343589772 -8.3993005752563459 -1.0142728090286253 -1.0552718639373777 -7.158200502395629 -0.93550729751586903 -0.10066836327314375 -0.75030565261840809 0.22544597089290622 -0.39477740228176111 -0.14469911903142926 2.0619878768920903 -7.3940718173980704 -0.57921057939529408 0.81737858057022106 1.7879143357276919 1.8915661573410036 0.40528300404548651 2.6489419937133794 -0.50423282384872425 0.046669218689203269 0.96939194202423107
decision_type=2 2 2 2 2 2 2 2 2 2 2 2 2 2 2 2 2 2 2 2 2 2 2 2 2 2 2 2 2 2
left_child=1 18 7 4 5 6 -4 8 -3 10 -2 12 13 -11 -14 16 -9 -17 -1 20 -13 -21 24 -24 25 -23 27 -19 -29 -30
right_child=9 2 3 -5 -6 -7 -8 15 -10 11 -12 19 14 -15 -16 17 -18 26 -20 21 -22 22 23 -25 -26 -27 -28 28 29 -31
leaf_value=-0.0014246657429348615 -0.0011015827860041956 0.001283494736745091 0.0019112292994320286 -0.0052739759122984314 -0.005092753288738967 0.0025344795081872324 -0.0041617824153224016 -0.002960651792960589 -0.00094980532525919216 -0.00026248681409950421 0.006327680044082142 -0.00029787693891226747 -0.002888938238033551 0.0031061947362892575 0.001618492670850879 0.0035664258981512333 0.0019304116420249822 -0.002538639356514146 -0.0053294484179111767 -0.0035951715113642013 0.00065042001457398012 0.00040976155462920381 7.596016369200304e-06 -0.0055212904307472147 -0.0028307264650815778 0.005478629041793413 0.0044129478614043285 0.0023130222843897623 0.0035838584505355833 -0.0015660689920599441
leaf_weight=1379.7192532867193 986.85856495797634 2886.0312203466892 610.74654842913151 820.59747448563576 609.56953629851341 845.42971642315388 976.23705719411373 1137.2229733169079 9715.466132581234 2012.5639211684465 837.64848726987839 26774.202418595552 1022.3063264191151 3346.3417246341705 821.98797671496868 1379.090718537569 668.42227885127068 888.53663292527199 903.10307390987873 1238.1647170633078 18355.509553939104 1550.3982660025358 618.65827345848083 679.76734827458858 540.18298524618149 520.98053593933582 516.86020709574223 2724.5705754160881 708.83048118650913 2188.0630789548159
leaf_count=5534 3957 11572 2449 3291 2450 3389 3913 4564 38932 8072 3359 107356 4099 13429 3304 5532 2681 3584 3625 5020 73587 6234 2482 2742 2170 2095 2090 10920 2841 8776
internal_value=-2.36871e-05 -0.000423987 -0.000203706 -0.00213964 -0.00127961 -0.000307092 -0.00182727 0.000124868 -0.000437716 0.000171815 0.00232516 0.000103073 0.00114496 0.00184294 -0.000882116 0.000818867 -0.00114939 0.00124252 -0.00298594 -4.63945e-05 8.78805e-05 -0.00122136 -0.000462402 -0.00290703 0.000759478 0.00170485 0.000782016 0.000487413 0.000969373 -0.000297958
internal_weight=88264.1 28958.5 26675.7 3862.58 3041.98 2432.41 1586.98 22813.1 12601.5 59305.6 1824.51 57481.1 7203.2 5358.91 1844.29 10211.6 1805.65 8405.95 2282.82 50277.9 45129.7 5148.15 3909.99 1298.43 2611.56 2071.38 7026.86 6510 5621.46 2896.89
internal_count=354049 116143 106984 15492 12201 9751 6362 91492 50504 237906 7316 230590 28904 21501 7403 40988 7245 33743 9159 201686 180943 20743 15723 5224 10499 8329 28211 26121 22537 11617
is_linear=0
shrinkage=0.03


Tree=153
num_leaves=31
num_cat=0
split_feature=16 19 28 35 17 34 34 26 5 35 26 5 24 30 28 9 15 13 19 4 1 24 34 25 3 39 18 11 34 23
split_gain=8.98144 16.1157 7.77205 6.64009 17.2582 8.63172 8.18161 16.647 10.8398 8.65721 8.34227 7.87771 10.4801 11.8484 20.4994 14.5248 17.5249 13.9184 12.2738 14.4896 14.6425 11.5724 10.403 10.5707 9.59791 9.05761 10.8412 8.97433 13.1708 13.7004
threshold=-1.144046366214752 0.50002175569534313 -3.3487241268157955 0.72270554304122936 -0.63091611862182606 0.92476624250411998 0.49874667823314672 -0.16418272256851194 -0.070240665227174745 1.0145400762557986 -1.0948124527931211 -1.4461882114410398 1.798200845718384 -0.41791039705276484 -1.6734479665756223 0.25208251178264623 -7.8497014045715323 -7.3278691768646231 0.48847682774066931 -0.83664545416831959 -0.43935522437095637 1.4382641911506655 -0.30756638944149012 0.0253529716283083 -1.8980735540390012 0.13917177915573123 0.85438090562820446 0.60719439387321483 -0.7140633463859557 0.19891647994518283
decision_type=2 2 2 2 2 2 2 2 2 2 2 2 2 2 2 2 2 2 2 2 2 2 2 2 2 2 2 2 2 2
left_child=1 -1 -2 5 -5 11 8 10 -6 -9 -8 22 21 14 -14 -15 -17 -18 19 -16 -21 24 23 -4 -13 -20 -27 28 -23 -30
right_child=2 -3 3 4 6 -7 7 9 -10 -11 -12 12 13 15 18 16 17 -19 25 20 -22 27 -24 -25 -26 26 -28 -29 29 -31
leaf_value=-0.0011955152014869986 -0.0027161828488815793 0.0060982060291787047 0.0031196813319617944 0.0053338115475234657 -0.00051011674003006329 -0.0034710660793410768 -0.00074397877877390405 0.0024937806724040492 0.0041144789716355329 -0.0017953737712899246 -0.0057295123622901059 -0.0039124303972513375 0.00014418404536759803 -0.00091280472599058343 -0.00045846028549161255 0.0054312700261112479 -0.0012063724325626567 0.003122666926146365 -0.0027680057755896169 -0.0028280917235691109 -0.0076002559064670475 -0.0035204657480454198 0.0035727621487670969 -0.00046838658623232581 -0.00019313295197304509 -0.0032954581992991599 0.0017040662399468033 -0.0003888459741154287 0.0036670476285082291 0.00087052156732274051
leaf_weight=510.75378407537937 981.81102550029755 568.10528701543808 943.1304417103529 696.75338059663773 865.61132645606995 673.86912661790848 581.90602096915245 1312.3314501941204 949.72957523167133 614.56842419505119 625.88679012656212 625.75970223546028 4715.379804879427 5405.7008494287729 875.65977528691292 799.23885487020016 1767.8167853802443 1061.3883798122406 1734.3271828144789 1310.9148695319891 1054.6307008564472 525.71693466603756 1126.4282549768686 3280.5813031196594 35245.090656071901 542.41682915389538 1320.886100769043 5157.3579624593258 1843.0946788042784 10655.046924516559
leaf_count=2047 3935 2278 3837 2795 3468 2718 2336 5264 3804 2464 2511 2520 18897 21666 3513 3203 7086 4253 6952 5253 4226 2116 4522 13276 141293 2174 5296 20680 7396 42702
internal_value=-4.18661e-05 0.00266594 -7.56336e-05 -4.52856e-05 0.000948312 -0.00011495 0.000321511 -0.000606551 0.00191861 0.00112358 -0.00335335 -8.62462e-05 -0.000166002 -0.000741812 -0.00137776 7.21569e-05 0.00153804 0.000422963 -0.00242582 -0.00376266 -0.0049787 5.34196e-05 0.00102467 0.000338285 -0.000259088 -0.00121433 0.000238857 0.000669788 0.00108898 0.00128553
internal_weight=88371.9 1078.86 87293 86311.2 5646.79 80664.4 4950.03 3134.69 1815.34 1926.9 1207.79 79990.6 74640.4 20588.4 11554.2 9034.14 3628.44 2829.21 6838.84 3241.21 2365.55 54052.1 5350.14 4223.71 35870.9 3597.63 1863.3 18181.2 13023.9 12498.1
internal_count=354481 4325 350156 346221 22642 323579 19847 12575 7272 7728 4847 320861 299226 82519 46311 36208 14542 11339 27414 12992 9479 216707 21635 17113 143813 14422 7470 72894 52214 50098
is_linear=0
shrinkage=0.03


Tree=154
num_leaves=31
num_cat=0
split_feature=34 20 20 34 41 11 28 43 4 43 43 41 39 38 14 24 24 29 22 19 43 14 14 22 13 11 11 27 39 39
split_gain=10.5986 8.24871 7.13667 9.49829 8.90945 9.60494 8.93708 7.85861 6.62783 22.5369 13.6013 14.1527 14.7136 11.7224 11.1197 12.3057 12.4891 17.4985 11.0077 10.3935 13.0686 10.1767 12.8764 12.1717 14.2521 10.5923 11.0038 10.0936 10.0919 10.0906
threshold=-0.64647909998893727 1.1222043037414553 1.5269081592559817 -0.7556927204132079 1.0000000180025095e-35 -0.41893123090267176 0.44650974869728094 0.5000000149011613 0.062529806047678008 0.30000001192092901 0.43333333730697637 -0.60785761475563038 0.76603713631629955 1.0000000180025095e-35 -8.5846366882324201 1.1233645081520083 1.7412533164024355 0.45294365286827093 1.3711767792701723 0.13573893159627917 0.76666668057441723 -7.6311202049255362 -7.3051924705505362 1.7414749264717104 -7.7249357700347892 -1.1465401649475095 -0.69881501793861378 -0.12909028679132459 -0.66912424564361561 0.96125254034996044
decision_type=2 2 2 2 2 2 2 2 2 2 2 2 2 2 2 2 2 2 2 2 2 2 2 2 2 2 2 2 2 2
left_child=1 -1 -3 4 6 -6 -4 -5 10 -10 11 12 -2 -11 18 -16 17 19 -12 20 -17 25 23 24 -23 -13 -27 -21 -24 -14
right_child=8 2 3 7 5 -7 -8 -9 9 13 14 21 29 -15 15 16 -18 -19 -20 27 -22 22 28 -25 -26 26 -28 -29 -30 -31
leaf_value=-0.0019261678780292831 0.0023960696655203439 0.0040606065500887528 -0.0042960583658633858 0.0055784466812758135 0.0050977130319404236 -0.00049614830762938125 0.00062928526372145975 0.00071719881992406696 -0.00071729269384552435 0.00086955852077405733 -0.00094809187760905029 -0.0048351736785361447 -0.0035702511986325717 -0.0028222739418466494 -0.0020460993723417746 0.00093485149251572135 -0.0011914448331014527 -0.0023980020071139238 -0.0069048214093254063 -0.0009640460408834573 0.005138042807180161 -0.0022554713818137922 -0.0022506377760104536 0.0059017972881475495 0.0024828984468589443 0.003397328284287634 -0.0010777598451050781 0.0017285856179510887 0.00077217828993514153 0.0019341057570702322
leaf_weight=589.12403120100498 4372.0442673563957 994.01224656403065 579.78293950855732 649.26398277282715 505.75148271024227 591.46751724183559 752.31576389074326 554.27086561918259 13883.950114533305 26880.597166270018 616.35314506292343 596.77252012491226 721.06369568407536 787.45453162491322 4310.9542953968048 1820.5953852981329 7206.3562119156122 1591.8885865807533 506.15780384838581 2837.5502847135067 1044.8457893133163 796.28477251529694 1785.7816507071257 568.81076209247112 1956.6813716739416 534.07724399864674 5446.2929682731628 2227.6858623921871 2218.2156380563974 499.67857095599174
leaf_count=2366 17540 3999 2353 2627 2050 2398 3057 2239 55690 107763 2470 2391 2892 3156 17283 7303 28879 6379 2029 11373 4192 3191 7158 2282 7844 2140 21833 8926 8893 2004
internal_value=8.29183e-05 0.00139341 0.00181933 0.00119661 0.000113437 0.00210504 -0.00153046 0.00336403 6.12935e-07 0.000268666 -0.000266757 0.000311131 0.0015841 0.000763504 -0.000775023 -0.00061883 -0.000250027 0.000462909 -0.00367133 0.00103946 0.00248003 -0.000201722 0.000567011 0.00194507 0.00110914 -0.00105752 -0.000673108 0.000221243 -0.000578245 -0.00131978
internal_weight=88426.1 5215.99 4626.86 3632.85 2429.32 1097.22 1332.1 1203.53 83210.1 41552 41658.1 19495.7 5592.79 27668.1 22162.4 21039.9 16728.9 9522.57 1122.51 7930.68 2865.44 13902.9 7325.77 3321.78 2752.97 6577.14 5980.37 5065.24 4004 1220.74
internal_count=354700 21089 18723 14724 9858 4448 5410 4866 333611 166609 167002 78168 22436 110919 88834 84335 67052 38173 4499 31794 11495 55732 29368 13317 11035 26364 23973 20299 16051 4896
is_linear=0
shrinkage=0.03


Tree=155
num_leaves=31
num_cat=0
split_feature=40 15 16 24 9 26 26 10 24 15 35 26 16 16 11 24 13 11 19 33 22 24 31 35 8 19 40 14 17 10
split_gain=7.35705 10.3687 11.7413 11.6493 12.6296 8.07354 12.9504 7.74844 11.2884 10.7561 9.5979 7.29571 17.3302 13.7896 12.4811 13.089 17.1947 12.8595 11.7407 11.4983 11.6513 11.0152 16.53 10.916 12.8496 9.92612 9.30451 15.3091 13.3851 11.529
threshold=0.94263249635696422 -7.8346500396728507 -0.83018162846565235 2.6281744241714482 0.98228171467781078 -2.2060469388961788 0.13561765849590304 1.132521450519562 1.370713531970978 -7.4457027912139884 -0.41615071892738337 -2.4314752817153926 -0.66448733210563649 0.36358959972858435 -0.144728347659111 1.8915661573410036 -7.8582308292388907 -1.5307970046997068 0.4032465666532517 0.26358102262020117 1.0238075256347658 1.4485856890678408 -0.19026767462491986 0.085709758102893843 -0.1506364047527313 0.96366098523139965 0.8386625647544862 -7.292294740676879 -0.21719773858785626 0.48393596708774572
decision_type=2 2 2 2 2 2 2 2 2 2 2 2 2 2 2 2 2 2 2 2 2 2 2 2 2 2 2 2 2 2
left_child=11 5 -3 4 7 -2 -7 8 9 -4 -10 12 23 14 15 17 -17 -14 21 20 -19 22 -16 24 -1 -20 28 29 -13 -28
right_child=1 2 3 -5 -6 6 -8 -9 10 -11 -12 26 13 -15 18 16 -18 19 25 -21 -22 -23 -24 -25 -26 -27 27 -29 -30 -31
leaf_value=0.00063225815221032173 0.0008520868284232863 -0.0042345420181540078 0.001454044636481292 0.0044882090137270082 -0.003437917526812489 -0.00516415960506845 0.00041735311931982347 -0.0027150109579146663 -0.0014747485272298255 -0.0028011752635400096 0.0030635640087654467 0.00073317087335173967 -0.0020252819933529722 -0.0053739656091180039 0.0060821259161839445 0.0010623168777429957 -0.00602073038191611 -0.00096034326170089728 -0.0035978672198567962 -0.0013385348929429344 0.0041309894274503788 -0.0017415897185921179 -0.00050663792446220633 -0.00030407188409918839 0.0069647514902495249 -0.00053059259374365275 0.0015785536392512005 0.0040142777941576842 -0.00018130999074804973 -0.0020446109789186047
leaf_weight=536.03461015224457 505.47528795897961 571.5160975009203 1002.3274397403002 517.60683681070805 891.89349456131458 1198.2939755022526 539.88059778511524 623.91065487265587 519.39262306690216 1124.5586972236633 2061.3623972833157 25611.851094096899 802.7146965265274 561.24861814081669 521.85327403247356 668.73725846409798 558.59329952299595 500.95298765599728 2575.4153674542904 649.10713256895542 2021.6437864154577 1594.9965905100107 959.69359250366688 923.99092121422291 619.79148668050766 1506.9353325217962 2601.1557807177305 1562.6529941409826 32897.680503964424 1123.9288184195757
leaf_count=2149 2027 2291 4022 2076 3581 4806 2169 2504 2089 4514 8269 102743 3218 2252 2092 2680 2239 2007 10323 2602 8104 6395 3847 3703 2484 6039 10441 6272 131970 4509
internal_value=9.27676e-05 -0.000692892 -0.000144383 0.000208146 -0.000154458 -0.00247203 -0.00343806 0.000400226 0.000817973 -0.000798418 0.00214803 0.000188123 -0.000406976 -0.000816352 -0.000605232 0.000512588 -0.00218399 0.0013487 -0.00141704 0.00220629 0.00312012 -1.676e-05 0.00183938 0.00212821 0.00405856 -0.00246969 0.0003281 0.00153206 0.00021905 0.000482829
internal_weight=88355.2 9556.22 7312.57 6741.05 6223.45 2243.65 1738.17 5331.55 4707.64 2126.89 2580.76 78799 15001.7 12921.9 12360.6 5201.75 1227.33 3974.42 7158.89 3171.7 2522.6 3076.54 1481.55 2079.82 1155.83 4082.35 63797.3 5287.74 58509.5 3725.08
internal_count=354417 38348 29346 27055 24979 9002 6975 21398 18894 8536 10358 316069 60134 51798 49546 20850 4919 15931 28696 12713 10111 12334 5939 8336 4633 16362 255935 21222 234713 14950
is_linear=0
shrinkage=0.03


Tree=156
num_leaves=31
num_cat=0
split_feature=19 38 37 10 29 38 13 27 11 17 11 29 11 34 10 13 26 23 29 33 14 20 11 11 22 21 26 17 22 11
split_gain=6.41217 14.1254 20.9398 15.9609 13.9625 12.4841 11.5871 13.2541 12.9385 12.0087 10.2888 8.8211 9.17468 8.14661 7.65522 10.5271 7.25025 7.05901 6.94555 6.32977 15.7486 14.0696 12.9175 11.939 9.78133 8.07871 10.0411 19.4178 11.6019 12.8934
threshold=0.032985568046569831 1.0000000180025095e-35 -0.066027175635099397 -0.18492247164249417 0.67435196042060863 1.0000000180025095e-35 -7.6051518917083731 -0.73428833484649647 1.3764479756355288 0.069044806063175215 -0.51908880472183216 -0.43034100532531733 0.5573166310787202 -0.58089146018028248 -0.047059992328286164 -8.1211256980895978 -0.87308734655380238 0.53830063343048107 -0.014036410488188265 0.48089721798896795 -8.4586215019226056 1.6563972234725954 -0.68551123142242421 0.83983957767486583 1.7215672135353091 0.75008639693260204 -1.0335785150527952 0.67481279373168956 1.6845740079879763 0.25409808754920965
decision_type=2 2 2 2 2 2 2 2 2 2 2 2 2 2 2 2 2 2 2 2 2 2 2 2 2 2 2 2 2 2
left_child=4 19 -3 -4 5 6 8 -8 9 10 17 -9 16 -12 18 -16 -13 -1 -15 25 -21 22 -22 -23 -25 -2 28 -28 29 -27
right_child=1 2 3 -5 -6 -7 7 11 -10 -11 13 12 -14 14 15 -17 -18 -19 -20 20 21 23 -24 24 -26 26 27 -29 -30 -31
leaf_value=-0.0035576004675301424 9.5103888320473523e-05 0.0024577296388566998 -0.0004673033580796218 -0.0070168053014238218 0.0022377443197667975 0.0036083569804074445 0.0019475888109318489 0.0018180712012454893 -0.0047563325851916098 -0.0048448478518465414 0.0034030026336235261 -0.0015876877653627063 0.00083459932919301811 -0.0036023163242372381 -0.0015011887772841579 0.0028419783928611527 -0.0062945696524545442 0.00044802593067144627 0.00071960293360255145 0.0032853515005287852 0.0010519570523527589 -0.00072766782725773875 -0.0029062442893724259 0.0043762411892853126 3.1232250068540631e-05 0.0016976269596195134 0.0022364979031187066 -0.0038147003514651936 -0.0021185482762811681 -0.00066432442418393135
leaf_weight=1545.1381639391184 43912.90958379209 561.57338620722294 563.83113603293896 820.15260730683804 1416.1826814711094 522.04005941748619 2000.4575277417898 570.12681250274181 1109.710894420743 744.21586744487286 553.84310553967953 608.19879004359245 523.01594558358192 963.63674868643284 971.51613278687 1019.8423946350813 578.11175929009914 528.42956522107124 505.49396498501301 919.86070574820042 935.13305823504925 4281.4958705604076 3503.1053613871336 898.6567357480526 958.10770432651043 4932.0463551878929 6167.1504261791706 508.23352867364883 1538.9405768811703 3584.3456094563007
leaf_count=6208 176095 2252 2260 3288 5675 2094 8056 2293 4455 2989 2241 2438 2097 3865 3896 4089 2318 2116 2026 3690 3753 17216 14069 3610 3853 19767 24710 2036 6169 14360
internal_value=6.55192e-06 0.00011837 -0.00239748 -0.00437105 -0.000578158 -0.000892591 -0.00108764 0.000170562 -0.00176505 -0.00127295 -0.000829075 -0.00139066 -0.00246525 5.85717e-05 -0.00048496 0.000726181 -0.00391488 -0.00253955 -0.00212043 0.000186544 -0.000458601 -0.000787017 -0.00207176 0.000143773 0.00214635 0.000308901 0.000869659 0.00177077 0.000270278 0.000703925
internal_weight=88245.5 74085.5 1945.56 1383.98 14160 12743.8 12221.7 4279.91 7941.83 6832.12 6087.9 2279.45 1709.33 4014.33 3460.49 1991.36 1186.31 2073.57 1469.13 72140 11496.4 10576.5 4438.24 6138.26 1856.76 60643.6 16730.7 6675.38 10055.3 8516.39
internal_count=353984 297128 7800 5548 56856 51181 49087 17202 31885 27430 24441 9146 6853 16117 13876 7985 4756 8324 5891 289328 46191 42501 17822 24679 7463 243137 67042 26746 40296 34127
is_linear=0
shrinkage=0.03


Tree=157
num_leaves=31
num_cat=0
split_feature=13 7 31 11 11 15 17 21 1 31 10 40 10 2 7 39 29 13 31 40 3 24 26 13 9 25 12 2 27 39
split_gain=8.07255 9.31653 10.5713 14.8145 19.1129 11.9763 11.5946 10.6906 10.8344 10.1627 9.57338 22.8188 15.6749 14.1416 12.5707 11.2545 11.7679 10.2207 9.891 9.27316 9.22414 12.6567 9.32786 8.68498 9.11041 19.0796 15.353 12.4191 15.0692 11.756
threshold=-7.4155075550079337 -1.6350505352020261 -0.40965507924556727 0.95274746417999279 -0.11730062216520308 -7.3953669071197501 0.16037373244762423 0.027044861577451233 -1.1243858933448789 -0.51764613389968861 0.48393596708774572 -0.91353675723075856 1.174078166484833 -0.68395578861236561 0.57627812027931224 -0.23344314098358152 -0.33015297353267664 -7.1770565509796134 0.25367875397205358 0.66912424564361583 0.55495837330818187 2.4186091423034672 -0.52266153693199147 -7.4744496345520011 -0.35251307487487787 0.37545253336429601 -7.4874756336212149 -0.13533195853233335 -0.51465770602226246 0.087154909968376174
decision_type=2 2 2 2 2 2 2 2 2 2 2 2 2 2 2 2 2 2 2 2 2 2 2 2 2 2 2 2 2 2
left_child=23 -2 3 4 5 -3 -6 8 -4 -7 13 -12 15 18 17 16 -13 -15 -9 -17 21 22 -14 24 26 27 29 28 -26 -1
right_child=1 2 7 -5 6 9 -8 10 -10 -11 11 12 20 14 -16 19 -18 -19 -20 -21 -22 -23 -24 -25 25 -27 -28 -29 -30 -31
leaf_value=0.0010620741911355146 -0.0024519781449701943 -0.0020660964427709565 -0.00040040963862214178 -0.0027449444750483258 0.0026179419652117013 0.00057425270478573837 0.0086012593556192042 -0.0038324442555608121 0.0048667392866670704 0.0058869016124219664 -0.0043043105022332875 -0.00025135331611856335 -0.0033113510074727968 0.0020808120759524601 -0.0016465418086560907 0.002978984952849136 0.0048653553432171977 -0.00016972478398566309 0.00068485027929902442 -0.0020049890261285095 -0.002703392764030524 0.0048322729270006042 0.0018387390281631457 -0.0017853144647908743 -0.0024790567855352925 -0.00013322839173552403 0.0031660642960388671 -0.0032777307914577721 0.0017231156721697557 -0.00053322033225224009
leaf_weight=7043.5987056940794 991.77323307096958 745.99923692643642 590.26314841210842 513.57762663066387 576.99665032327175 837.35202313959599 606.00421959161758 1603.0230078101158 853.67875336110592 521.20743305981159 668.6043866276741 502.5729274302721 606.46864597499371 2848.7051738202572 2939.6033290624619 650.81082755327225 2043.9482767432928 4976.1671157479286 594.23448960483074 673.8399405926466 919.97255450487137 527.2209454625845 641.21874557435513 3099.1764140576124 1698.2785351276398 33722.530720457435 1623.0374037176371 3111.0941080749035 1386.081610172987 10115.479838877916
leaf_count=28269 4012 2996 2379 2060 2317 3365 2434 6436 3427 2092 2681 2015 2431 11414 11793 2610 8192 19936 2381 2705 3689 2112 2569 12435 6829 135224 6534 12466 5559 40572
internal_value=-5.24581e-05 0.000386213 0.000497773 0.00195473 0.002695 0.000970317 0.00572936 0.000241073 0.00272566 0.00264056 6.2177e-05 0.000935707 0.00147502 -0.000425734 2.2786e-05 0.00269553 0.00385851 0.000651211 -0.0026132 0.000447648 -0.000281715 0.000981605 -0.000671012 -0.000240122 -0.000158251 -0.000414585 0.000386472 -0.00194336 -0.000591175 0.000121866
internal_weight=88232.5 26433.2 25441.5 3801.14 3287.56 2104.56 1183 21640.3 1443.94 1358.56 20196.4 7234.66 6566.05 12961.7 10764.5 3871.17 2546.52 7824.87 2197.26 1324.65 2694.88 1774.91 1247.69 61799.3 58700.1 39918 18782.1 6195.45 3084.36 17159.1
internal_count=353934 106046 102034 15264 13204 8453 4751 86770 5806 5457 80964 29004 26323 51960 43143 15522 10207 31350 8817 5315 10801 7112 5000 247888 235453 160078 75375 24854 12388 68841
is_linear=0
shrinkage=0.03


Tree=158
num_leaves=31
num_cat=0
split_feature=40 24 35 29 19 22 33 29 16 16 30 13 43 24 16 31 5 34 15 24 26 26 14 40 39 14 5 5 14 40
split_gain=11.0521 13.3054 11.7337 17.1581 17.7341 11.8687 19.654 14.9551 11.1249 10.6777 10.0515 9.99928 8.45303 7.18617 16.3235 11.37 9.47343 11.4496 8.79782 8.53593 10.0862 10.5385 9.76004 11.4803 8.60136 8.65321 12.9197 12.1456 12.0156 10.4004
threshold=0.91353675723075878 2.6281744241714482 -0.098293852061033235 -0.22656847536563871 0.52198567986488353 1.9462612271308901 0.29482890665531164 0.39891861379146581 -0.11256061494350432 -0.49101252853870386 0.52499157190322887 -7.5826790332794181 0.5000000149011613 0.94783332943916332 0.22244056314229968 -0.13324851542711255 -0.33465769886970514 0.016488174907863144 -7.5487635135650626 1.1659412384033205 2.027035236358643 1.6826739907264712 -8.4586215019226056 0.82411834597587597 0.93666326999664318 -7.8878357410430899 -0.93459162116050709 -0.63682958483695973 -8.0840396881103498 0.64278149604797374
decision_type=2 2 2 2 2 2 2 2 2 2 2 2 2 2 2 2 2 2 2 2 2 2 2 2 2 2 2 2 2 2
left_child=13 2 9 4 -4 6 7 -5 -8 -2 11 -11 -3 14 15 -1 18 -18 -16 22 21 -21 -15 24 25 27 -27 -24 -29 -28
right_child=1 12 3 5 -6 -7 8 -9 -10 10 -12 -13 -14 19 16 -17 17 -19 -20 20 -22 -23 23 -25 -26 26 29 28 -30 -31
leaf_value=-0.0041638096916162418 -0.0032232423852581915 0.0046652762409757501 -0.0017968201597090968 -0.00025504087221760131 -0.0071637497286723686 -0.005083563980685552 0.004730147789734942 -0.0051708971522572405 -0.00039019144660914151 7.4823195519054802e-05 -0.0026611456906430672 0.0038406107341611806 -0.00056583519983320174 0.0036693511197837272 0.005933747604424635 -0.00082142664470688097 -0.0039193934058152202 0.0013918065292372686 0.00037517919909457682 -8.2509414372297436e-06 0.0029434430202430069 -0.0029710463125540757 0.0021345806930902801 0.0041355637007718243 0.0029590867207813635 -0.0028455011765957496 0.0018437618314685611 -0.00058785842491713156 -0.0051824408059592732 -0.0025334271913694207
leaf_weight=1524.3026552796364 735.19966433942318 574.81546621024609 1272.4599607586861 1518.1699230223894 984.37019069492817 538.00020316243172 791.35985784232616 870.73470802605152 726.88281664252281 1609.8809438794851 618.10747051239014 1037.960309073329 526.24604597687721 1027.9414624124765 503.94865813851357 2288.9137422740459 565.42599788308144 991.15629658102989 514.0007856041193 57184.554837599397 1011.0537272244692 1091.2960926294327 669.51781935989857 756.30952501296997 974.51058998703957 779.98407703638077 3993.7083736509085 1250.0810713917017 861.43473522365093 547.60024891793728
leaf_count=6109 2948 2305 5104 6086 3947 2163 3176 3491 2922 6465 2483 4171 2110 4122 2025 9171 2264 3973 2066 229353 4073 4390 2692 3036 3909 3146 16007 5011 3453 2196
internal_value=-9.0348e-05 -0.000944374 -0.00126778 -0.00203434 -0.00415901 -0.000948724 -0.000367847 -0.00206091 0.00229219 1.80915e-05 0.000755362 0.00155992 0.00218251 4.14754e-05 -0.000921043 -0.00216491 0.000922539 -0.000550182 0.00315797 0.000129242 -1.24542e-05 -6.42336e-05 0.000902013 0.000609286 0.000311239 -1.04875e-05 0.000698019 -0.0013638 -0.0024779 0.00131154
internal_weight=88339.9 11804.2 10703.1 6701.98 2256.83 4445.15 3907.15 2388.9 1518.24 4001.15 3265.95 2647.84 1101.06 76535.7 6387.75 3813.22 2574.53 1556.58 1017.95 70148 59286.9 58275.9 10861.1 9833.15 9076.84 8102.33 5321.29 2781.03 2111.52 4541.31
internal_count=354367 47371 42956 26889 9051 17838 15675 9577 6098 16067 13119 10636 4415 306996 25608 15280 10328 6237 4091 281388 237816 233743 43572 39450 36414 32505 21349 11156 8464 18203
is_linear=0
shrinkage=0.03


Tree=159
num_leaves=31
num_cat=0
split_feature=9 33 9 5 31 43 2 31 2 10 31 8 7 15 8 29 35 23 26 26 22 15 35 27 32 15 35 13 31 19
split_gain=8.63363 12.9614 12.0399 16.9769 21.3487 15.8628 14.7737 11.3792 10.4661 10.4377 10.3902 9.42641 7.81572 11.0813 11.0892 12.3068 8.7598 12.1261 11.2087 10.2329 9.55004 17.3336 18.1106 10.8128 17.7668 9.83116 11.8716 9.90525 9.76601 13.6937
threshold=-1.5745676755905149 -0.40065188705921168 -0.89590013027191151 -0.45146690309047693 -0.13324851542711255 0.43333333730697637 -0.70946133136749256 0.83565258979797374 -0.42514264583587641 -1.6390524506568906 -0.31690055131912226 -0.82172712683677662 -0.92583289742469776 -6.9583063125610343 0.095202751457691207 0.48461808264255529 -0.24757236242294309 0.25734563171863561 0.94834518432617199 -1.8041753768920896 1.0963963866233828 -7.4457027912139884 -0.062113013118505471 0.066579926759004607 -0.28763775527477259 -8.369997024536131 0.25547339022159582 -7.5537664890289298 -0.11904458701610564 0.87222796678543102
decision_type=2 2 2 2 2 2 2 2 2 2 2 2 2 2 2 2 2 2 2 2 2 2 2 2 2 2 2 2 2 2
left_child=1 10 3 6 5 -5 -2 12 -3 -10 -1 -7 13 14 15 -4 17 -14 19 -19 21 25 -23 24 -24 -18 27 -27 29 -22
right_child=2 8 7 4 -6 11 -8 -9 9 -11 -12 -13 16 -15 -16 -17 20 18 -20 -21 28 22 23 -25 -26 26 -28 -29 -30 -31
leaf_value=-0.0016245588219756771 0.0016000595502866346 -0.0067179199656244191 0.0009525612630204845 0.0014969713017069267 0.00020009113858947513 0.0035920453882151522 -0.0019906761652689888 0.00304170979249731 0.0017445456742712919 -0.0035108424063145767 0.0040226461125622308 0.0085335784610760003 -0.0012149934372637991 -0.0027181748269476166 0.0039828064307573866 -0.0037338001556645071 0.0029278182524054759 0.0025492864691009478 0.0055168846313643606 -8.5431962234539107e-05 -0.00069011782356414458 -0.0018615805834901438 0.0056128509924709647 0.0041166196450004083 -0.00064056018792923173 -0.00056803282411289696 -0.0027467014975036314 0.0038387125553458229 -0.00036254563237137416 -0.0028674998693306608
leaf_weight=645.46435616910458 1806.4377517551184 511.76388309895992 6281.0678540766239 1239.3499941825867 2645.0958874374628 705.05713424086571 2376.4706107676029 986.53994381427765 501.67543277144432 1014.5805284231901 521.42424896359444 726.32538697123528 2373.1190943717957 781.26132878661156 975.97638203203678 538.46668435633183 636.22969149053097 2128.097453519702 511.21641707420349 3494.2853569239378 8530.8977001160383 1047.5886200964451 546.98121643066406 1999.3760553449392 1531.8064204007387 4220.2136787474155 2217.8674387037754 504.95000766217709 32741.583786919713 3734.9075632095337
leaf_count=2605 7301 2049 25284 4966 10599 2828 9543 3961 2010 4064 2098 2912 9532 3146 3915 2159 2550 8528 2049 14000 34191 4196 2192 8009 6135 16903 8889 2022 131315 14968
internal_value=-7.41651e-05 -0.00160278 -1.67169e-05 0.000989535 0.00211301 0.00399975 -0.000439857 -0.000142957 -0.00304691 -0.00177198 0.000911634 0.00614133 -0.000185363 0.000666249 0.00100848 0.000577603 -0.000295748 0.000602493 0.00130652 0.000914576 -0.000428229 0.000297938 0.00164371 0.00254649 0.00102386 -0.000613156 -0.00094138 -8.9998e-05 -0.000633237 -0.00135492
internal_weight=88476.1 3194.91 85281.2 9498.74 5315.83 2670.73 4182.91 75782.4 2028.02 1516.26 1166.89 1431.38 74795.9 8576.77 7795.51 6819.53 66219.1 8506.72 6133.6 5622.38 57712.4 12705 5125.75 4078.16 2078.79 7579.26 6943.03 4725.16 45007.4 12265.8
internal_count=354919 12826 342093 38149 21305 10706 16844 303944 8123 6074 4703 5740 299983 34504 31358 27443 265479 34109 24577 22528 231370 50896 20532 16336 8327 30364 27814 18925 180474 49159
is_linear=0
shrinkage=0.03


Tree=160
num_leaves=31
num_cat=0
split_feature=23 3 30 30 34 11 8 35 35 32 32 18 30 40 40 40 41 36 30 19 11 9 40 34 6 2 11 6 39 0
split_gain=10.1652 10.3521 14.0867 9.7897 12.7599 11.5702 9.10567 11.8124 13.1705 9.71105 17.0645 9.50544 12.126 9.51047 15.0899 12.4672 14.2557 15.5661 12.1624 16.3495 14.0099 14.2217 11.7577 10.0559 9.95229 17.1245 10.6383 9.51658 9.30606 8.68661
threshold=0.99985289573669445 0.9798477590084077 -1.6915982961654661 -0.94770088791847218 -0.0090232342481613142 -0.78395166993141163 1.7780072093009951 0.72270554304122936 0.25062412023544317 -0.0041241161525249473 0.17243679612874988 0.59684088826179515 -1.2042450308799741 -0.31730164587497706 -0.55193173885345448 -0.51503318548202504 -1.0000000180025095e-35 0.1434285715222359 -1.092148959636688 0.029976597987115387 -0.81547135114669789 0.092933792620897307 -0.95629566907882679 -0.14065848290920255 0.56527253985404979 -0.36451500654220576 -0.69881501793861378 0.44141240417957311 -0.0087264522444456798 0.056778231635689742
decision_type=2 2 2 2 2 2 2 2 2 2 2 2 2 2 2 2 2 2 2 2 2 2 2 2 2 2 2 2 2 2
left_child=1 6 -3 4 -4 -5 7 8 11 -9 -11 12 -1 14 18 -16 23 -18 19 -13 21 22 -20 -17 27 28 -27 -15 -26 -24
right_child=-2 2 3 5 -6 -7 -8 9 -10 10 -12 13 -14 24 15 16 17 -19 20 -21 -22 -23 29 -25 25 26 -28 -29 -30 -31
leaf_value=-0.0010048622672280388 0.0014988113927477161 0.0024727850967527494 -0.0072587978337634619 0.0016898333649999647 -0.0017706821999437462 -0.0013844663672852053 -0.0022992156755389549 -4.9871804411011614e-05 -0.00081719148218832019 0.0068439932424812847 0.00082983834106492224 -0.0024997997172496581 0.00180819307045787 0.00023920647686480299 -0.0058857297961489256 -0.0014805814540060065 0.0024659591818453398 -0.0033863183656964819 0.0020837470718076561 0.002907260256386547 2.9541290652807615e-05 -0.0066461453789766096 -0.0046599806180456105 -0.0066249393621638838 0.006909293573203374 0.0030695057890048065 -0.00083987572550657595 -0.0026953031991290908 0.0018911295139505981 0.00024270721525920883
leaf_weight=1802.4614539444447 3422.3576589822769 939.92356865108013 516.04533629119396 1303.1606489121914 1422.9952657669783 6866.7682000100613 1559.5753874629736 1419.3556251227856 16300.222851365805 708.40046718716621 1046.168690636754 644.39346049726009 5787.0150679498911 21584.088813662529 670.90900321304798 824.91808012127876 1143.1601504534483 624.01133564114571 634.43298347294331 2187.7667256891727 9334.2380266338587 561.44144414365292 857.9102353900671 583.67079754173756 682.30171057581902 901.55182757973671 1994.1131910085678 1032.6452883780003 660.01467360556126 518.68588095903397
leaf_count=7223 13741 3769 2067 5228 5712 27554 6254 5687 65365 2838 4195 2587 23191 86650 2691 3312 4586 2500 2546 8769 37460 2250 3446 2338 2732 3613 7992 4136 2643 2079
internal_value=-0.000101869 -0.0001664 -0.00102257 -0.00134969 -0.00326101 -0.000892628 -3.85548e-05 1.03829e-05 -7.16613e-05 0.00179712 0.00328305 0.00015761 0.00113966 -6.62839e-06 -0.000528174 -0.00219883 -0.00140391 0.000392017 -9.09567e-05 0.00167254 -0.000511478 -0.00246709 -0.00127326 -0.0036439 0.000354383 0.00168673 0.000383667 0.000104089 0.0044741 -0.00282428
internal_weight=88534.7 85112.3 11048.9 10109 1939.04 8169.93 74063.5 72503.9 69330 3173.92 1754.57 53029.7 7589.48 45440.3 18585.5 3846.67 3175.76 1767.17 14738.9 2832.16 11906.7 2572.47 2011.03 1408.59 26854.7 4237.98 2895.67 22616.7 1342.32 1376.6
internal_count=355154 341413 44330 40561 7779 32782 297083 290829 278109 12720 7033 212744 30414 182330 74564 15427 12736 7086 59137 11356 47781 10321 8071 5650 107766 16980 11605 90786 5375 5525
is_linear=0
shrinkage=0.03


Tree=161
num_leaves=31
num_cat=0
split_feature=33 1 24 24 14 13 4 3 18 22 11 11 33 36 5 39 37 35 37 33 23 21 1 39 16 5 42 37 35 33
split_gain=7.91675 7.15503 15.0512 17.2272 11.6486 9.81684 20.3617 10.4209 13.6994 13.4678 10.5172 10.0092 8.90777 10.605 10.2072 9.53449 8.61746 8.08425 8.54011 9.17559 9.00299 8.46554 15.5224 11.1707 14.8088 7.93125 9.01564 13.0327 7.88196 7.80842
threshold=0.77730983495712291 0.51437181234359752 1.2553086876869204 1.2123339176177981 -8.3380947113037092 -8.9725232124328596 -0.33714461326599116 -1.2243157625198362 1.4490256905555727 2.1222791671752934 -1.3128000497817991 1.4337185025215151 -0.18640311062335965 0.045804196968674667 0.24759037047624591 -0.087154909968376146 -0.6028764247894286 -0.49405926465988154 -0.10947517305612563 0.15808550268411639 0.34551809728145605 0.74623417854309093 0.098064195364713683 -0.45398618280887598 0.076937127858400359 -0.68545779585838307 -0.56174489110708226 -0.54080384969711293 0.11265660822391511 -0.2439489662647247
decision_type=2 2 2 2 2 2 2 2 2 2 2 2 2 2 2 2 2 2 2 2 2 2 2 2 2 2 2 2 2 2
left_child=1 5 3 12 -4 6 -1 9 16 10 -7 25 -3 15 -15 -14 29 -10 19 20 -19 23 -23 24 -20 26 -12 -28 -27 -9
right_child=-2 2 4 -5 -6 7 -8 8 17 -11 11 -13 13 14 -16 -17 -18 18 21 -21 -22 22 -24 -25 -26 28 27 -29 -30 -31
leaf_value=-0.006197639340768518 -0.001330300139116588 -0.0028952367712424343 0.0038183524741854762 -0.0049298696714637821 0.00075603332421744318 -0.0027788107982874444 0.00060335435152384547 0.0053147659364712841 -0.0036242014688038422 0.0044141139496875438 -0.00018473476570180782 -0.0022261434568631999 -0.0046491296152623438 0.0032319125044020704 -0.00012154826187303962 0.00047859684281664365 -9.3773727881648657e-05 0.0013211270773133628 -0.0035631695895235421 0.0039634552872518502 -0.0027174117752012416 0.0027377454911976344 -0.0032477868835435394 -0.0040908318648768035 0.0032014365454973237 0.0014045613495568532 0.00015278732548019478 0.0047739901311036189 -0.0023315179659480507 9.2773939204630247e-05
leaf_weight=711.91508567333221 4115.785943031311 885.40730100870132 1206.9719288498163 765.10936525464058 13890.357170060277 778.44995120167732 874.58547307550907 500.96587251126766 1200.8700544089079 875.67949186265469 986.32135711610317 797.80220484733582 603.22430723905563 1379.2343474775553 1981.1003070324659 694.04090011119843 43952.694471910596 1099.0874740332365 598.84249429404736 515.78346806764603 890.37464633584023 860.86551193892956 696.10282275080681 1865.6230605840683 548.45611651241779 1246.8299524486065 831.21848250925541 1613.0007944852114 843.24150110781193 520.68781679868698
leaf_count=2855 16573 3551 4840 3067 55677 3133 3506 2011 4825 3557 3983 3206 2417 5524 7941 2782 176186 4415 2399 2067 3566 3451 2791 7479 2199 5000 3362 6513 3378 2086
internal_value=-4.72148e-05 1.56433e-05 0.00048919 -0.000740686 0.00100322 -0.000145794 -0.00246818 -8.52192e-05 -0.000236707 0.000925628 0.000489579 0.00089601 -0.000154611 0.000371467 0.00126037 -0.0019231 -3.01804e-05 -0.00135764 -0.000968364 0.000438317 -0.000490854 -0.00173879 5.80335e-05 -0.00266444 -0.000329688 0.00135041 0.00223589 0.00320946 -0.000106688 0.00268006
internal_weight=88330.6 84214.8 21405.4 6308.12 15097.3 62809.4 1586.5 61222.9 53250.4 7972.54 7096.86 6318.41 5543.01 4657.6 3360.33 1297.27 44974.3 8276.01 7075.14 2505.25 1989.46 4569.89 1556.97 3012.92 1147.3 5520.61 3430.54 2444.22 2090.07 1021.65
internal_count=354340 337767 85799 25282 60517 251968 6361 245607 213475 32132 28575 25442 22215 18664 13465 5199 180283 33192 28367 10048 7981 18319 6242 12077 4598 22236 13858 9875 8378 4097
is_linear=0
shrinkage=0.03


Tree=162
num_leaves=31
num_cat=0
split_feature=5 35 22 35 13 13 1 20 7 41 16 4 40 40 43 31 26 9 35 15 32 13 35 3 40 40 9 21 15 13
split_gain=6.66757 17.0976 11.005 9.06018 7.74893 15.0035 10.3163 6.75613 6.86647 9.14305 9.25229 6.22529 23.8431 13.3668 14.0937 13.2136 11.803 11.5994 11.0141 12.3663 10.9923 10.9377 10.6271 10.3772 10.3369 10.3293 10.1167 10.9127 9.88354 9.22084
threshold=-1.4461882114410398 0.081289231777191176 1.3325234055519106 -0.13877166807651517 -7.7573692798614493 -7.2734785079956046 -0.74171170592308033 3.2530734539031987 1.8243985176086428 0.6078576147556306 -0.085195053368806825 0.080473877489566817 -0.99025863409042347 0.57357099652290355 0.36666667461395269 -0.56638899445533741 0.94834518432617199 -0.31410758197307581 -0.048814419656991952 -6.9042146205902091 0.56117218732833873 -8.9725232124328596 -0.017673141323029991 -0.59234699606895436 -0.99755457043647755 0.99755457043647777 -0.43991251289844507 0.65076819062232982 -7.3790769577026358 -7.751847267150878
decision_type=2 2 2 2 2 2 2 2 2 2 2 2 2 2 2 2 2 2 2 2 2 2 2 2 2 2 2 2 2 2
left_child=1 2 -1 4 6 -6 -4 8 11 10 -10 12 23 14 -13 17 22 -14 20 25 26 -17 29 -2 -25 -20 27 -15 -28 -16
right_child=7 -3 3 -5 5 -7 -8 -9 9 -11 -12 13 15 18 16 21 -18 -19 19 -21 -22 -23 -24 24 -26 -27 28 -29 -30 -31
leaf_value=0.0032399484859893858 0.0002647506700737561 0.0045473492095036696 0.001001343808950849 -0.0038162614120096782 0.0042795840433225447 -0.0012851985718843055 -0.004300492420296907 0.0031031791670008383 -0.00034559499402315384 0.0010295821893206414 -0.0057123047374279898 -0.00098855516911068369 0.002525028645800603 -0.0018786531497532238 0.00038664089377705437 -0.0041013157719200785 0.0027934520640862785 -0.00056098139551951601 0.0010304985974726299 -0.0038008448699246894 -0.0018374084275816762 -0.00058151915275312944 0.00079068280249146598 0.0019425476993597283 0.0077997878046478326 -0.0033564390841651359 0.0064244435823442173 0.0027758011251934468 0.0017746197517770216 -0.0019914768990938782
leaf_weight=862.51816752552986 736.82821051776409 991.56524470448494 675.38140746951103 609.52844087779522 855.36122657358646 871.8123594224453 630.81762027740479 587.28747522830963 499.41526491940022 613.94079929590225 681.06951273977757 10917.242356196046 2331.8725025206804 632.65888328850269 2802.0909763276577 803.72245971858501 1659.5599376559258 2055.1297530829906 6490.8467781841755 584.64063060283661 518.08688792586327 34402.145643785596 8790.9587513506413 555.25252422690392 537.11263899505138 512.12370456755161 997.03426270186901 1539.7472757399082 712.73459048569202 3064.3489160090685
leaf_count=3474 2957 3987 2745 2460 3477 3542 2544 2363 2008 2466 2741 43774 9368 2536 11229 3222 6654 8242 26037 2345 2077 137888 35236 2225 2152 2056 3997 6179 2857 12279
internal_value=-8.95486e-06 0.00100194 0.00021331 -0.000510205 0.000164473 0.00147946 -0.00157235 -7.59967e-05 -9.90186e-05 -0.00192929 -0.00346384 -5.80589e-05 -0.000314509 0.000212786 -0.000154705 -0.000469508 0.000403466 0.00108137 0.00104709 0.000353598 0.0022394 -0.000663015 0.000131144 0.00302476 0.00486716 0.000705355 0.00278679 0.00141791 0.00450771 -0.00085685
internal_weight=88522.8 5496.98 4505.42 3642.9 3033.37 1727.17 1306.2 83025.9 82438.6 1794.43 1180.48 80644.1 41422.1 39222.1 27234.2 39592.9 16317 4387 11987.9 7587.61 4400.26 35205.9 14657.4 1829.19 1092.37 7002.97 3882.18 2172.41 1709.77 5866.44
internal_count=355117 22229 18242 14768 12308 7019 5289 332888 330525 7215 4749 323310 166054 157256 109172 158720 65398 17610 48084 30438 17646 141110 58744 7334 4377 28093 15569 8715 6854 23508
is_linear=0
shrinkage=0.03


Tree=163
num_leaves=31
num_cat=0
split_feature=24 17 11 24 20 29 30 31 16 11 15 11 22 16 8 11 13 30 12 22 15 13 3 18 31 27 3 23 7 25
split_gain=8.59585 11.4146 13.6564 13.9517 9.80678 9.55905 13.0188 7.8499 6.25929 6.42565 6.1781 5.45602 9.64956 14.7998 9.81281 7.75947 18.2485 7.13843 6.24766 10.0556 8.20834 7.98285 14.1854 13.474 8.69947 9.25411 7.74638 12.7078 10.2722 7.58866
threshold=2.6611428260803227 -0.4496540874242782 1.2766559123992922 2.9025027751922612 1.0672532320022585 0.28518770635128027 -0.51758208870887745 -0.050206722691655152 0.80069074034690868 0.20517642796039584 -7.4695599079132071 2.3381161689758305 1.2652244567871096 -0.25907731056213373 -0.029333719983696934 2.0704380273818974 -7.6562800407409659 -0.78368696570396412 -8.4774336814880353 2.0729562044143681 -8.421536445617674 -8.749602794647215 0.68185076117515575 1.2386643886566164 0.049303067848086364 -0.60975140333175648 1.4117493629455569 0.43160109221935278 1.6668312549591067 0.87581491470336925
decision_type=2 2 2 2 2 2 2 2 2 2 2 2 2 2 2 2 2 2 2 2 2 2 2 2 2 2 2 2 2 2
left_child=8 4 3 10 -2 6 -5 -6 11 -10 -3 15 14 -14 -13 18 -17 -15 19 21 -20 22 24 29 25 -1 -22 -28 -29 -23
right_child=1 2 -4 5 7 -7 -8 -9 9 -11 -12 12 13 17 -16 16 -18 -19 20 -21 26 23 -24 -25 -26 -27 27 28 -30 -31
leaf_value=0.0013392247653282161 0.0058101368768432807 -0.00029860662429262734 0.0034176993260092979 -0.004502304206165134 0.0041258059881825598 -0.0052643661861236039 0.0016373845242774545 -0.00012588009726895914 0.00027818983596266717 0.004414754018278861 0.0042052956697305501 0.0039633727643843949 0.00033287352663019651 -0.0075110009013632907 -0.0015770630837108328 0.005614877316450247 -0.0017200318528425855 -0.002405049367401007 0.0034056549633250202 -0.0043068798222911609 0.00020613692552913941 6.5055765117611201e-05 0.0046436944182480892 -0.0035406361404105519 0.0019602104219231917 -0.0035815844595964786 -0.0055612259959201011 8.1664431706487882e-05 -0.0041783654385620468 -0.0033780915853365841
leaf_weight=552.27681082487106 703.86957103013992 545.61399041116238 912.88203869760036 502.34317472577095 640.77613607048988 635.64777089655399 781.31362129747868 976.9964352697134 785.20373047888279 585.30526491999626 538.33741277456284 516.90025456249714 864.48203225433826 501.79097394645214 625.15540313720703 692.06850156188011 533.54287405312061 502.00481966137886 679.22315554320812 618.20812234282494 60077.724802657962 5344.9393026232719 688.04373340308666 1428.234992697835 977.40694802999496 883.68933475017548 493.62232422828674 3624.6465443074703 582.66057720780373 635.64670334756374
leaf_count=2215 2821 2188 3658 2014 2570 2548 3133 3918 3165 2351 2159 2071 3467 2015 2506 2776 2140 2015 2726 2481 241011 21420 2760 5726 3918 3542 1977 14560 2351 2549
internal_value=0.000142505 0.00121525 0.000225203 -0.000753323 0.00287712 -0.00228578 -0.000781537 0.00157315 6.09545e-05 0.00206398 0.00195622 2.67379e-05 -0.00122428 -0.00254721 0.000943203 7.52877e-05 0.00243371 -0.00500639 3.72331e-05 -0.000619597 0.000148978 -0.000398825 0.000877163 -0.00093343 -0.000211393 -0.00169285 0.00011431 -0.00105718 -0.000516806 -0.000305927
internal_weight=88430.6 6237.78 3916.14 3003.26 2321.64 1919.3 1283.66 1617.77 82192.8 1370.51 1083.95 80822.3 3010.33 1868.28 1142.06 77811.9 1225.61 1003.8 76586.3 11128.4 65457.9 10510.2 3101.42 7408.82 2413.37 1435.97 64778.7 4700.93 4207.31 5980.59
internal_count=354751 25009 15700 12042 9309 7695 5147 6488 329742 5516 4347 324226 12074 7497 4577 312152 4916 4030 307236 44611 262625 42130 12435 29695 9675 5757 259899 18888 16911 23969
is_linear=0
shrinkage=0.03


Tree=164
num_leaves=31
num_cat=0
split_feature=16 29 37 34 39 8 3 3 4 12 10 7 22 12 43 37 30 32 21 12 8 26 22 10 29 39 24 12 10 20
split_gain=6.8264 11.0295 14.6632 12.2513 10.8135 10.2656 9.24158 8.64102 15.3939 10.1029 12.3598 13.6238 11.9184 10.521 8.56873 10.1521 15.4212 9.67769 9.21526 10.1134 8.87437 8.49198 11.0645 10.9779 7.72513 7.62681 7.44516 12.1365 6.84804 12.108
threshold=-0.35093793272972101 -0.49970006942749018 0.28353959321975714 -0.5482579469680785 -0.026176698505878445 1.2602702379226687 0.3150677233934403 -0.91466248035430897 -0.47787557542324061 -7.9524750709533683 -0.23286643624305722 0.2316466495394707 1.4027823805809023 -7.6079249382019034 1.0000000180025095e-35 0.22353553771972659 -0.27422818541526789 0.23513396829366687 0.1654164865612984 -8.2483777999877912 0.62950071692466747 -0.98746216297149647 1.6964297294616701 -0.67563045024871815 0.34521915018558508 -0.78800326585769642 1.409312427043915 -7.9850494861602774 0.39361035823822027 1.0995866656303408
decision_type=2 2 2 2 2 2 2 2 2 2 2 2 2 2 2 2 2 2 2 2 2 2 2 2 2 2 2 2 2 2
left_child=1 2 21 -3 5 7 -7 -5 25 10 -10 24 -13 -11 -6 18 17 -17 19 -16 -19 23 -23 -1 -12 -9 -25 -28 -2 -30
right_child=28 3 -4 4 14 6 -8 8 9 13 11 12 -14 -15 15 16 -18 20 -20 -21 -22 22 -24 26 -26 -27 27 -29 29 -31
leaf_value=0.0041592889183072797 -0.0001855329083940828 -0.004921116028128808 0.0048279844903809247 0.0027562470369678752 0.0019483502028255963 -7.286674562995157e-05 0.0055996016628512245 -0.0013472713767713536 0.0032475733360371934 -0.0029655980678790668 3.3425634642707682e-05 -0.0051143328279554924 0.00083989281734183296 0.00038047696195325098 -0.0024378524158932572 0.0035937446283063781 -0.003766002045191153 0.0014718158366011072 -0.0028382477872791862 0.002138098991034182 -0.0035623620722415369 -0.0027922563720082058 0.0022564308244997435 -0.0028625132522086599 0.0046942066648317446 -0.0061208783962414829 0.0026907492408897336 -0.0026476065389909416 0.0016952597405380414 5.4120863070572187e-05
leaf_weight=766.42835859954357 40205.337209135294 632.12464338541031 655.5331134647131 738.30922982096672 644.07381597161293 507.07620888948441 516.74276787042618 614.42218558490276 1360.5498243570328 1677.0717289149761 850.28609791398048 695.32377815246582 525.51132875680923 1691.790865316987 925.90099130570889 871.65926787257195 762.56543914973736 809.846993252635 5302.3915536403656 801.84636680781841 502.17673936486244 1447.3453561812639 525.28134195506573 584.19066688418388 503.39668387174606 594.96834008395672 1210.569357842207 549.51274131238461 5469.2950429171324 15469.904664546251
leaf_count=3074 161370 2539 2627 2960 2584 2032 2073 2461 5455 6720 3406 2786 2107 6778 3711 3492 3057 3247 21247 3213 2015 5805 2113 2342 2017 2384 4853 2203 21921 62081
internal_value=-0.000132468 -0.000527125 0.000640669 -0.000838584 -0.000712788 -1.87909e-05 0.00281662 -0.00033527 -0.000606298 -8.52436e-05 0.000946047 -0.000278095 -0.00256532 -0.0012891 -0.00138359 -0.00160044 -0.000121411 0.00116269 -0.00221923 -0.000314074 -0.000467386 9.22641e-05 -0.00144327 0.00106751 0.00178835 -0.00372662 4.33246e-05 0.00101853 4.35838e-05 0.000483389
internal_weight=88411.4 27266.9 5738.86 21528 20895.9 10275.4 1023.82 9251.63 8513.32 7303.93 3935.07 2574.52 1220.84 3368.86 10620.5 9976.39 2946.25 2183.68 7030.14 1727.75 1312.02 5083.33 1972.63 3110.7 1353.68 1209.39 2344.27 1760.08 61144.5 20939.2
internal_count=354673 109301 23017 86284 83745 41179 4105 37074 34114 29269 15771 10316 4893 13498 42566 39982 11811 8754 28171 6924 5262 20390 7918 12472 5423 4845 9398 7056 245372 84002
is_linear=0
shrinkage=0.03


Tree=165
num_leaves=31
num_cat=0
split_feature=37 14 16 24 28 43 40 28 40 36 6 27 43 6 15 5 41 20 29 22 11 13 7 40 16 24 22 27 24 15
split_gain=9.98006 12.0101 10.4976 15.0426 13.8239 13.6219 13.7712 12.1742 16.7718 11.4367 13.3839 10.8046 9.88478 10.8532 11.5522 9.8813 10.0076 9.18253 8.81498 7.70242 7.64948 21.0942 12.5041 11.0075 10.2926 10.9647 8.77258 9.27523 8.46667 10.0311
threshold=0.17739886045455935 -8.8310208320617658 -0.21244215220212934 0.99764987826347362 0.19518186897039416 0.43333333730697637 0.34201689064502722 0.19518186897039416 -0.35020405054092402 -0.15363287925720212 0.50335299968719494 0.36212496459484106 0.90000000596046459 -0.051989888772368424 -7.6547882556915274 0.2299311310052872 1.0000000180025095e-35 1.0126546025276186 -0.14187409728765485 1.359423875808716 1.1128850579261782 -8.0661630630493146 0.44547501206398016 0.60180929303169262 -0.28313584625720972 1.3460017442703249 1.5270675420761111 -0.72561296820640553 0.90625649690628063 -7.5040357112884513
decision_type=2 2 2 2 2 2 2 2 2 2 2 2 2 2 2 2 2 2 2 2 2 2 2 2 2 2 2 2 2 2
left_child=20 -2 7 4 -4 6 15 12 -9 11 18 -7 13 14 17 -5 -17 -3 -11 -20 28 26 23 -23 -24 -26 27 -22 29 -1
right_child=1 2 3 5 -6 9 -8 8 -10 10 -12 -13 -14 -15 -16 16 -18 -19 19 -21 21 22 24 -25 25 -27 -28 -29 -30 -31
leaf_value=-9.1567753477528159e-05 0.004244110784928725 -0.00038985144572244 0.00012846828411073758 -0.0008317147725922314 0.0047763806957551967 -0.00043661260767514714 0.00031657497571723419 -0.0010721472870171478 0.0052617716070973613 -0.00059972870815441391 -0.0019882571090726465 0.0049772211019623661 -0.0026218708174716846 0.001539039934093002 0.00078364653211264413 -0.0056793879821533059 -0.0016837062757450998 -0.0057535668637701534 0.00045982457964087198 0.0046131051060164917 -0.0049821025538774912 0.0017855532122337103 0.0008338504643258663 -0.00120964631647091 0.00023756568798093648 -0.0051334160883032649 -0.0053110801285462814 -0.0004303972954801132 3.7348885011197603e-05 -0.0033343438050259066
leaf_weight=1987.4797184914351 724.73463614284992 598.12840247154236 1419.8623062372208 1555.3095351308584 959.57036803662777 555.82200767099857 2125.7161799520254 539.71072591841221 1210.1378735005856 1575.7539786845446 2348.7966560423374 807.57942816615105 774.89268833398819 6918.2029927372932 2021.5444837808609 1287.8247653543949 1018.4674677103758 545.49525280296803 801.21065706014633 801.28758741915226 580.27450865507126 3209.1891013532877 804.56165491044521 1672.34869530797 511.78864400088787 1016.4738527685404 1049.4480945616961 1276.2856723964214 46255.890892937779 1502.2103320658207
leaf_count=7968 2907 2397 5691 6233 3848 2229 8533 2164 4853 6317 9435 3240 3109 27736 8100 5174 4088 2186 3210 3212 2328 12870 3226 6708 2055 4078 4214 5118 185608 6023
internal_value=-3.11344e-06 0.000457905 0.000357944 -0.000171391 0.00201501 -0.000576623 -0.0016221 0.000998126 0.00331319 0.00033286 -0.00027548 0.00278304 0.000622339 0.000874003 -0.000579858 -0.00268736 -0.00392977 -0.00297598 0.000992565 0.00255229 -0.000223321 -0.000974731 -0.000104251 0.000759063 -0.0019063 -0.00334492 -0.00312799 -0.00187212 -7.02867e-05 -0.00149303
internal_weight=88456 28590 27865.3 15257.2 2379.43 12877.8 5987.32 12608.1 1749.85 6890.45 5527.05 1363.4 10858.3 10083.4 3165.17 3861.6 2306.29 1143.62 3178.25 1602.5 59866 10120.4 7214.36 4881.54 2332.82 1528.26 2906.01 1856.56 49745.6 3489.69
internal_count=354858 114662 111755 61210 9539 51671 24028 50545 7017 27643 22174 5469 43528 40419 12683 15495 9262 4583 12739 6422 240196 40597 28937 19578 9359 6133 11660 7446 199599 13991
is_linear=0
shrinkage=0.03


Tree=166
num_leaves=31
num_cat=0
split_feature=14 1 24 40 22 24 29 29 14 13 0 3 35 33 29 22 29 2 1 22 41 21 33 9 13 24 21 32 22 29
split_gain=12.2923 18.1148 22.6499 13.6453 9.18853 8.65644 7.6782 12.3853 7.42858 7.31544 12.1338 9.80945 10.493 8.21106 10.5578 12.9259 10.828 11.5268 10.2904 8.38122 9.42513 14.4541 7.49003 14.5385 7.9666 7.06865 6.89616 14.2325 13.4698 15.0682
threshold=-8.4240097999572736 0.69856834411621105 1.1659412384033205 -0.25037762522697443 1.9795521497726443 1.2982113957405093 0.63257667422294628 -0.26316720247268671 -8.6450438499450666 -7.0408685207366934 0.70768368244171154 0.91601738333702099 -0.26805613934993738 0.59787923097610485 -0.33015297353267664 1.6845740079879763 -0.74279236793518055 0.10800050944089891 -0.66392701864242543 1.1091392040252688 1.0000000180025095e-35 0.66682973504066478 0.80157166719436657 0.98228171467781078 -7.6859037876129142 1.1765173077583315 0.61241438984870922 0.047193327918648727 1.6273013949394228 -0.076894123107194887
decision_type=2 2 2 2 2 2 2 2 2 2 2 2 2 2 2 2 2 2 2 2 2 2 2 2 2 2 2 2 2 2
left_child=1 2 3 -1 6 -3 7 -4 -9 22 13 12 -12 14 16 19 -11 18 -18 -16 25 -22 26 -24 -25 -21 -2 -28 29 -29
right_child=9 5 4 -5 -6 -7 -8 8 -10 10 11 -13 -14 -15 15 -17 17 -19 -20 20 21 -23 23 24 -26 -27 27 28 -30 -31
leaf_value=0.0055091524194350299 -0.00035258888551349432 0.0015204010083274631 0.0013143571305656839 0.00033708318515996138 -0.0041902018311431068 0.0061832255847438528 0.0031441624803640934 -0.0044911642120254334 -0.00034360374672707362 -0.001410658719875442 0.00066944234308336566 -0.00025714876805881274 0.0057879143548513635 0.0037009129755944826 0.00094275119969222849 0.0012387195133772891 0.0010951553437453857 -0.0007300501317627345 0.0063955956700744113 0.0021692217900391103 -0.0017874670493815486 -0.0074387787212671086 -0.0035005628013095699 0.0033020441875800492 -0.0015815476412066262 -0.0022626442087819516 0.0023719487549828536 -0.00081758026300346302 -0.0012323744485559121 0.0010216542288224509
leaf_weight=1026.4603085368872 39942.171199947596 636.0027097016573 1351.3752205222845 826.6097504645586 595.51645052433014 836.33881555497646 519.27902422845364 842.0164735019207 717.92535643279552 838.16912138462067 568.10726997256279 735.8823459893465 990.10802656412125 543.9369405657053 800.41722570359707 1878.4406458288431 571.93940462172031 622.66596628725529 784.1250327527523 505.36129815876484 1075.9542325437069 654.35614880919456 1638.0853244960308 587.99390181899071 595.79508066177368 863.24038995802402 2605.2547140270472 5874.9518991112709 5692.721138894558 12571.306361824274
leaf_count=4115 160261 2550 5421 3315 2392 3355 2082 3376 2878 3380 2280 2953 3968 2184 3206 7531 2305 2496 3146 2025 4310 2621 6613 2366 2397 3459 10439 23541 22841 50394
internal_value=5.52545e-05 0.00122894 0.000480813 0.00321621 -0.000783037 0.00419288 -0.000181129 -0.000782979 -0.0025967 -5.14852e-05 0.000651415 0.002597 0.00393795 0.000160702 -6.73906e-05 -0.000801299 0.00143545 0.00264206 0.00418444 -0.0017847 -0.00248994 -0.0039551 -0.000167175 -0.00167829 0.000851498 -0.000622297 -0.000102989 0.000269777 4.20074e-05 0.000435751
internal_weight=88292.5 7351.52 5879.18 1853.07 4026.11 1472.34 3430.6 2911.32 1559.94 80941 11432.7 2294.1 1558.22 9138.61 8594.67 5777.77 2816.9 1978.73 1356.06 3899.33 3098.91 1730.31 69508.3 2821.87 1183.79 1368.6 66686.4 26744.2 24139 18446.3
internal_count=354200 29484 23579 7430 16149 5905 13757 11675 6254 324716 45864 9201 6248 36663 34479 23152 11327 7947 5451 15621 12415 6931 278852 11376 4763 5484 267476 107215 96776 73935
is_linear=0
shrinkage=0.03


Tree=167
num_leaves=31
num_cat=0
split_feature=30 19 24 35 6 39 39 30 25 22 22 13 43 30 11 10 2 30 40 35 23 20 24 2 23 6 26 40 35 15
split_gain=8.10917 13.4733 14.3079 14.447 15.8035 12.9998 10.9999 13.0504 10.6404 16.028 19.7223 13.7392 13.5757 16.3594 10.8066 10.4141 10.1705 10.0148 13.0169 9.5624 13.1141 9.0754 9.91752 8.27968 8.04531 8.14077 13.0174 7.92893 14.4259 16.2187
threshold=-0.53819739818572987 0.091649029403924956 1.9088029861450198 -0.075602609664201723 -1.0855102539062498 -0.061047956347465508 -0.97028648853301991 0.98711961507797252 0.48059907555580145 1.2542287111282351 1.9044246673583987 -8.4996280670165998 0.83333334326744091 -0.8885434865951537 -0.37636367976665491 -1.8362529277801511 -0.69676649570465077 -1.6205103397369383 -0.14780800789594647 0.20884362608194354 0.90309983491897594 1.0765457153320315 1.2790720462799074 -0.86594063043594349 0.12711260467767718 0.2024231627583504 -0.37868922948837275 -0.48480500280857081 0.094547569751739516 -6.9934442043304434
decision_type=2 2 2 2 2 2 2 2 2 2 2 2 2 2 2 2 2 2 2 2 2 2 2 2 2 2 2 2 2 2
left_child=1 2 3 4 -1 -6 7 24 9 17 -11 19 13 16 -14 -8 -13 18 -3 -10 -21 22 -5 -4 -2 -26 -27 28 -17 -30
right_child=6 8 23 21 5 -7 15 -9 11 10 -12 12 14 -15 -16 27 -18 -19 -20 20 -22 -23 -24 -25 25 26 -28 -29 29 -31
leaf_value=0.0016798636960445334 -0.0013628284013363977 0.0072448330339008995 -0.0016430754485245354 0.0020428219906413934 6.5575536497702297e-05 -0.0049832040460800267 0.0028790298493114133 -0.0026179827361338215 0.0035179167713235283 -0.0010786534406642487 0.0040520972858922302 0.003504304527938604 -0.00029492730018919203 -0.0021042716926645507 -0.00490492294569777 -0.0002900201673007711 -0.0001135044554121558 0.00097523027358471911 0.0016752009161606525 -0.002900164574215229 0.0033260288640009996 0.0021410998702484948 -0.0033206858912116903 -0.005100411092203298 0.0039705087265256116 -0.0010483540563956115 0.0038579105723331561 -0.00034017005898816412 0.0018556077777590026 -0.0023985203131630063
leaf_weight=719.29826910793781 521.52490158379078 597.11328440904617 1307.4023206979036 513.55601663887501 661.44331146776676 1487.7154334634542 1143.6562566459179 587.3519052863121 1153.4057382643223 5371.6659177988768 760.95180283486843 756.14815492928028 727.29177452623844 4033.5012867450714 1230.5691192299128 10139.212531417608 8015.0396486967802 4081.4671901911497 1021.6053015291691 711.60856238007545 516.74121552705765 1834.8456120640039 754.40986096858978 1206.8787825703621 1913.5527236759663 1052.3866523057222 890.24313190579414 26491.288729399443 7420.6011568456888 896.12048877775669
leaf_count=2911 2104 2392 5249 2058 2654 5966 4591 2356 4623 21541 3060 3031 2917 16177 4942 40687 32139 16351 4093 2853 2073 7358 3024 4839 7670 4217 3569 106306 29763 3594
internal_value=-3.66794e-05 -0.000371835 -0.00142242 -0.000620789 -0.00215194 -0.00343624 0.000209268 0.00154944 -6.37997e-05 0.000627868 -0.000436456 -0.000541269 -0.000882517 -0.000525544 -0.00320264 6.45958e-05 0.000202016 0.00177169 0.0037616 0.0015687 -0.000275227 0.000797082 -0.00114935 -0.00331626 0.00211327 0.0025857 0.00120827 -7.64034e-06 0.000469592 0.0013949
internal_weight=88518.6 37462.7 8485.55 5971.27 2868.46 2149.16 51055.9 4965.06 28977.1 11832.8 6132.62 17144.3 14762.5 12804.7 1957.86 46090.9 8771.19 5700.19 1618.72 2381.76 1228.35 3102.81 1267.97 2514.28 4377.71 3856.18 1942.63 44947.2 18455.9 8316.72
internal_count=355108 150251 34059 23971 11531 8620 204857 19916 116192 47437 24601 68755 59206 51347 7859 184941 35170 22836 6485 9549 4926 12440 5082 10088 17560 15456 7786 180350 74044 33357
is_linear=0
shrinkage=0.03


Tree=168
num_leaves=31
num_cat=0
split_feature=7 40 5 8 37 3 20 6 25 20 30 12 14 36 15 36 12 3 0 10 36 24 0 11 23 5 23 12 28 28
split_gain=8.55575 17.3831 16.8246 14.1865 13.3085 8.15318 14.4094 11.7172 11.7871 8.41154 7.96373 7.55402 7.99424 8.88678 8.43018 7.30069 9.60199 13.5519 11.1807 11.374 10.3004 10.1254 9.16851 13.993 11.4789 11.4303 12.6284 10.8282 13.8702 10.4406
threshold=0.85909509658813488 -0.99025863409042347 -0.74833542108535755 -0.32135419547557825 0.26857101917266851 1.3211222887039187 2.4012185335159306 0.32365992665290838 0.7344043254852296 1.1044514775276186 0.81073555350303661 -8.0870995521545392 -7.4327964782714835 -0.35260695219039911 -7.4621655941009513 0.30017066001892095 -7.9721491336822501 -0.58103609085082997 0.70768368244171154 -1.2473829388618467 0.47734603285789495 2.4186091423034672 -0.07118539139628409 -0.5313405692577361 0.19495471566915515 0.99886509776115429 0.38215106725692755 -7.472780466079711 0.70260027050971996 -2.8164077997207637
decision_type=2 2 2 2 2 2 2 2 2 2 2 2 2 2 2 2 2 2 2 2 2 2 2 2 2 2 2 2 2 2
left_child=15 -2 -3 -4 5 6 7 8 -5 -10 11 -9 14 -14 -13 22 20 -18 19 -19 -17 -22 23 25 -24 26 -1 28 29 -25
right_child=1 2 3 4 -6 -7 -8 10 9 -11 -12 12 13 -15 -16 16 17 18 -20 -21 21 -23 24 27 -26 -27 -28 -29 -30 -31
leaf_value=-0.0016012413654551043 -0.0050819867617330353 0.0043148231188622696 -0.0043808736524204661 0.004056881594564854 0.00099645355526290402 -0.004336098360796555 0.003509781364023194 -0.00054422132875999677 0.0011993337906606391 -0.0037155363686668243 0.00089595778024375401 -0.0027524849426500608 0.0012086753651614263 -0.003303276441482858 -0.0070875059826502381 -0.0030310627890726641 -0.0024766980701076361 0.0030184710335361539 0.00064091916777776357 -0.0014046272440970302 0.00051403678476725438 0.003779255908445816 0.0025184289333395589 -0.0031961665935524796 0.00060571928368441418 -0.0052234650351463199 0.00082556299007557649 0.0015660897112830324 -0.003048014722245797 0.00056444368758721772
leaf_weight=4691.5795639902353 712.76133586466312 663.85033446550369 804.62811729311943 683.58863666653633 4655.1220441609621 596.81387931108475 654.22164386510849 1623.4584810733795 766.15797618031502 516.3647074252367 855.65931975841522 1058.5353794246912 644.64749166369438 979.58089391887188 666.53502067923546 643.7653821259737 2849.558086976409 559.55722859501839 6975.6461358815432 6510.4474359750748 7779.7823839187622 950.98185895383358 3615.5609005540609 690.57754881680012 12819.674815028906 503.91398875415325 3265.2724966257811 6576.6214173734188 1148.6831432282925 12905.47337539494
leaf_count=18871 2864 2660 3225 2738 18715 2402 2626 6514 3071 2070 3428 4253 2586 3932 2680 2580 11440 2243 27956 26089 31181 3812 14525 2769 51368 2019 13077 26431 4617 51769
internal_value=9.40672e-05 -0.000536357 -0.000319562 -0.000534486 -0.000305561 -0.000975977 -0.000733775 -0.00109399 0.000905289 -0.00079291 -0.00176881 -0.00222821 -0.00304042 -0.00151607 -0.00445865 0.000232248 -0.000167057 -0.000594174 -0.00021076 -0.00105079 0.000602526 0.000873611 0.000459198 0.000145193 0.00102777 -0.000886441 -0.000605562 0.000554791 0.000102964 0.000371224
internal_weight=88369 15881.9 15169.2 14505.3 13700.7 9045.56 8448.75 7794.53 1966.11 1282.52 5828.42 4972.76 3349.3 1624.23 1725.07 72487.1 26269.7 16895.2 14045.7 7070 9374.53 8730.76 46217.4 29782.1 16435.2 8460.77 7956.85 21321.4 14744.7 13596.1
internal_count=354511 63764 60900 58240 55015 36300 33898 31272 7879 5141 23393 19965 13451 6518 6933 290747 105301 67728 56288 28332 37573 34993 185446 119553 65893 33967 31948 85586 59155 54538
is_linear=0
shrinkage=0.03


Tree=169
num_leaves=31
num_cat=0
split_feature=35 13 30 24 41 22 24 10 32 43 43 11 16 24 26 14 27 20 6 30 30 20 16 30 6 2 6 18 11 33
split_gain=7.81512 10.7705 13.0483 8.95415 11.0463 8.98808 8.90782 12.0111 10.132 27.1134 20.6104 16.0548 15.4074 12.3331 11.3731 14.5547 13.3765 13.0051 12 14.724 11.8495 10.6073 10.4883 10.4748 10.4469 10.7139 10.3522 9.94474 9.53898 9.52981
threshold=-0.65252104401588429 -7.8940455913543692 -0.75030565261840809 3.0148003101348881 1.0000000180025095e-35 1.5463002324104311 1.3128882646560671 -0.092689558863639818 -0.0041241161525249473 0.10000000521540643 0.90000000596046459 1.4337185025215151 -0.63771384954452504 2.9562929868698125 -1.3066503405570982 -7.4445776939392081 0.50594738125801098 0.8238063156604768 0.094917017966508879 0.049071170389652259 -1.4077672362327573 0.99316880106925975 -0.25525437295436854 -0.62794664502143849 0.27647730708122259 -0.25260470807552332 1.4176464676856997 1.0605306029319765 -1.0749343633651731 0.3271764218807221
decision_type=2 2 2 2 2 2 2 2 2 2 2 2 2 2 2 2 2 2 2 2 2 2 2 2 2 2 2 2 2 2
left_child=1 2 -1 4 -3 -6 7 -2 11 26 12 13 -11 14 17 28 24 -8 19 21 -20 -19 -12 -13 25 -17 -10 29 -16 -14
right_child=6 3 -4 -5 5 -7 8 -9 9 10 22 23 27 -15 15 16 -18 18 20 -21 -22 -23 -24 -25 -26 -27 -28 -29 -30 -31
leaf_value=-0.0024863262706562479 0.00031770851579800732 -0.0046385336132527648 0.0037643185324800175 0.0015652133354452824 -0.0034717272547169962 0.0012425880630135017 -0.0012799134885625014 -0.00089134726758752182 -0.0010437036727606562 0.0031342798098748623 -0.0040554238306430915 -0.0034335859243956593 0.00087492217010211619 -0.0030851257187862139 -0.0044279544684086283 -0.00058506717407806467 -0.0034423195166172617 0.0058209052023439067 -0.0038571315524975249 -0.001678456559508269 0.00096225957325800934 0.0022278183656828467 0.00035213922094859938 -0.00021232818138244765 0.0042649446350679528 0.0032379136439288757 -0.005566240107690335 0.0015236049930934378 -0.00085535702592940549 -0.0013458867884421173
leaf_weight=503.52392806112766 13147.486302420497 1400.1767446100712 716.89123474061489 503.98332902789116 656.72906596958637 793.31677655875683 1775.5712911486626 16879.309304982424 3329.5093782097101 3454.0782010257244 996.08800087869167 2013.3967226743698 5197.3438060730696 996.97018603980541 757.32911233603954 2001.5009653717279 539.78951740264893 903.6381610929966 589.92674769461155 720.17555241286755 1947.0157870203257 4053.4794391393661 936.93874049186707 1651.4261305183172 956.54482133686543 972.45931905508041 519.29165114462376 11400.701732710004 5527.1544289588928 2601.0463322848082
leaf_count=2023 52755 5637 2883 2021 2634 3200 7115 67701 13358 13845 3997 8078 20825 3996 3039 8051 2163 3621 2363 2889 7801 16265 3765 6624 3830 3901 2098 45715 22188 10432
internal_value=-1.40087e-05 -0.0012201 0.00118615 -0.00209653 -0.00274722 -0.000901691 5.19157e-05 -0.000362022 0.000282789 0.000671695 0.00103829 -0.00015257 0.00129217 0.000157345 0.000314588 -0.000362291 0.000945019 0.00104293 0.00154598 0.00231135 -0.000169159 0.00289321 -0.00192826 -0.00198656 0.00155475 0.000671676 -0.00166674 0.000959298 -0.00129223 0.000133427
internal_weight=88442.8 4574.62 1220.42 3354.21 2850.22 1450.05 83868.2 30026.8 53841.4 28435 24586.2 25406.4 22653.2 21741.6 20744.6 10754.8 4470.29 9989.81 8214.24 5677.29 2536.94 4957.12 1933.03 3664.82 3930.51 2973.96 3848.8 19199.1 6284.48 7798.39
internal_count=354813 18398 4906 13492 11471 5834 336415 120456 215959 114035 98579 101924 90817 87222 83226 43172 17945 40054 32939 22775 10164 19886 7762 14702 15782 11952 15456 76972 25227 31257
is_linear=0
shrinkage=0.03


Tree=170
num_leaves=31
num_cat=0
split_feature=5 11 24 0 20 23 11 21 43 23 24 16 39 23 10 14 23 43 22 39 16 18 30 39 1 27 9 12 20 23
split_gain=7.74849 13.3135 13.7878 12.9164 10.1258 10.0931 9.43461 14.6896 15.441 14.5747 15.177 12.5481 13.3133 12.3063 10.9071 11.4125 10.206 18.7514 12.963 12.0471 11.4076 11.2718 15.8301 10.6658 10.4099 10.314 9.9999 10.9498 9.99519 10.348
threshold=0.98186230659484874 0.5573166310787202 1.1869208812713625 -1.1098405122756956 1.902281701564789 0.99292942881584179 -0.23292952775955197 0.61241438984870922 0.90000000596046459 0.92143085598945629 1.7412533164024355 0.19069092720746997 -0.22494891285896298 0.52166724205017101 0.38386641442775732 -7.3977851867675772 0.58355951309204113 0.10000000521540643 1.0188518762588503 0.97028648853302013 0.13826742023229602 1.2089191079139712 0.22726283967494967 -0.89878550171852101 -0.39903400838375086 -0.89798822999000538 -0.54265308380126942 -7.9850494861602774 1.053962826728821 0.48062296211719518
decision_type=2 2 2 2 2 2 2 2 2 2 2 2 2 2 2 2 2 2 2 2 2 2 2 2 2 2 2 2 2 2
left_child=5 3 -3 -2 -5 6 7 8 14 10 11 12 -9 -13 -1 -16 18 -18 20 -19 23 22 25 -8 -23 -20 -26 -28 -12 -30
right_child=1 2 -4 4 -6 -7 16 9 -10 -11 28 13 -14 -15 15 -17 17 19 21 -21 -22 24 -24 -25 26 -27 27 -29 29 -31
leaf_value=4.2952040409958784e-05 0.0029987191235776025 0.0040861230517510519 -0.00023164999187394759 -0.0009041522390196002 -0.0031192292866752407 0.0024368699892361695 0.0049310771301811071 0.0015411669395817148 0.0030980124321577048 -0.0017082188797992463 -0.0022844141838999845 -0.0023212993044864224 0.0051163542130888756 0.0036928688523954548 -0.0029099375561109707 0.0015538341417721221 -0.0034537021421439033 -0.00072687803845787667 0.0020263139334294406 0.0027106187504057177 0.0053264652512475278 2.25644285778749e-06 0.0019268151275633365 0.00026858178713893595 7.8693687942043731e-05 -0.0006902893284404573 -8.2519786394582943e-05 -0.003708720324287265 -0.0018319099492915257 0.003229615651808947
leaf_weight=15154.713414758444 529.24945718050003 792.56947304308414 3895.0771656930447 4567.6847710758448 3134.3938404768705 1519.8029292374849 504.57111521065235 1595.8624829351902 1291.6857865452766 1163.6724411398172 1020.879378631711 722.56810982525349 2303.3076545596123 516.15781392157078 2343.4524291902781 653.14354267716408 2211.1161755174398 13250.680580556393 1461.896789804101 976.02191759645939 613.43013402819633 5224.1182317584753 4025.1682488024235 3122.3916454613209 1645.2689803540707 8643.8647566437721 1030.0917208641768 2745.4299499839544 544.99031519889832 1051.1115744411945
leaf_count=60827 2122 3185 15640 18325 12605 6097 2021 6398 5184 4668 4094 2897 9232 2068 9392 2619 8875 53108 5864 3912 2458 21037 16134 12511 6605 34645 4128 11007 2184 4212
internal_value=-9.14811e-05 -0.000769989 0.000505527 -0.00149611 -0.00180846 2.49603e-05 -2.50223e-05 0.000404264 -5.82939e-05 0.0014116 0.00188135 0.002827 0.00366078 0.000194216 -0.000284485 -0.00193507 -0.00029291 -0.00088992 4.54889e-05 -0.00048931 0.00157618 -0.000217019 0.0003383 0.000928988 -0.000953821 -0.000295692 -0.00187352 -0.0027222 2.1064e-05 0.00150071
internal_weight=88254.4 12919 4687.65 8231.33 7702.08 75335.4 73815.6 28361.5 19443 8918.55 7754.88 5137.9 3899.17 1238.73 18151.3 2996.6 45454.1 16437.8 29016.2 14226.7 4240.39 24775.8 14130.9 3626.96 10644.9 10105.8 5420.79 3775.52 2616.98 1596.1
internal_count=354054 51877 18825 33052 30930 302177 296080 113775 78022 35753 31085 20595 15630 4965 72838 12011 182305 65895 116410 57020 16990 99420 56643 14532 42777 40509 21740 15135 10490 6396
is_linear=0
shrinkage=0.03


Tree=171
num_leaves=31
num_cat=0
split_feature=21 1 7 41 7 35 16 40 39 4 14 33 40 7 35 13 17 36 26 11 4 33 41 17 17 26 11 22 22 27
split_gain=9.02297 11.7687 13.5812 10.9587 10.5267 13.5521 12.3716 11.3737 11.0001 10.5301 14.4769 14.0508 13.47 12.0477 13.7272 11.2506 10.4727 12.364 10.3687 10.0086 9.64697 9.23452 9.07764 17.0855 8.80082 8.87366 8.69312 8.44348 9.2084 9.35615
threshold=0.11647051945328714 -0.70199620723724354 0.4348264634609223 1.0000000180025095e-35 0.66640466451644909 -0.23301487416028974 -0.56075677275657643 -0.99451243877410878 -0.44619357585906977 -0.55281114578247059 -6.9455740451812735 -0.36055745184421534 0.325565055012703 -0.9404446780681609 -0.51199108362197865 -7.2239127159118643 -0.43142318725585932 -0.88084316253662098 -0.8244115114212035 -0.5313405692577361 -0.57532814145088185 0.058764832094311721 1.0000000180025095e-35 -0.35415317118167872 -0.44499956071376795 -0.14541043341159818 -0.83049294352531422 1.7823539376258852 1.2393710017204287 -0.057082971557974808
decision_type=2 2 2 2 2 2 2 2 2 2 2 2 2 2 2 2 2 2 2 2 2 2 2 2 2 2 2 2 2 2
left_child=1 -1 3 20 7 8 -7 -2 -6 10 12 -12 15 14 19 26 -5 -18 -19 -11 -3 24 23 -14 -16 -26 -9 28 -28 -30
right_child=4 2 -4 16 5 6 -8 9 -10 13 11 -13 22 -15 21 -17 17 18 -20 -21 -22 -23 -24 -25 25 -27 27 -29 29 -31
leaf_value=-0.00012065852939356575 0.0024461646115147965 0.0029355971940686425 0.0042483125565234113 -0.0037323081509731213 -9.2405740102384469e-05 0.0014540635808923908 -0.00083984152277825853 -0.0042919407042444156 -0.0056296933602814469 -0.0036049141732147237 0.005599791848756204 -0.0012151358334305832 -0.0019850145407874303 -5.7129445694554201e-06 0.00043944375363679601 -0.0055353925424823022 -0.0032435883001528266 0.005086124516258915 -0.00039956522242684295 0.0017617833484414964 -0.0005343723403488296 -0.0010911963554148198 -0.0016505222480086431 0.0038360485254458777 0.0050943138069877297 0.00095375639317246642 0.00025151867695385392 0.002143209332993337 -0.0014798076066683719 -0.0062805561816427222
leaf_weight=8719.4356966763735 1727.7004486173391 2553.758696988225 1324.2871025502682 695.16406925022602 509.33707697689533 2430.3279110491276 15942.789437666535 901.25344333052635 873.61787934601307 678.49957467615604 558.5791542083025 516.83023332059383 744.91415570676327 36395.202614977956 852.69126071035862 802.77110353112221 519.9727618843317 585.44814951717854 644.30078785121441 564.66085354983807 999.42443513870239 560.05550163984299 1405.9123631417751 1132.0337702035904 1749.8284254074097 640.78003300726414 1243.3763834089041 623.68246456980705 1045.1485340446234 559.16011513769627
leaf_count=35106 6925 10266 5306 2789 2041 9745 64021 3615 3500 2721 2249 2069 2989 145817 3418 3224 2087 2348 2590 2266 4008 2244 5642 4549 7019 2571 4980 2514 4193 2241
internal_value=-1.9448e-05 0.000624113 0.00150994 0.00089928 -0.000161993 -0.000752396 -0.000535786 5.9424e-05 -0.00360564 -2.19333e-05 -0.00092036 0.00234359 -0.00133763 0.000184922 0.00155706 -0.00228965 -0.000645169 0.000595591 0.00223197 -0.00117268 0.00196082 0.00245004 0.000165627 0.00152754 0.00306302 0.00399307 -0.0016825 -0.000994637 -0.00168696 -0.00318158
internal_weight=88500.9 16041.8 7322.36 5998.07 72459.2 19756.1 18373.1 52703.1 1382.95 50975.4 9533.66 1075.41 8458.25 41441.7 5046.52 5175.39 2444.89 1749.72 1229.75 1243.16 3553.18 3803.36 3282.86 1876.95 3243.3 2390.61 4372.62 3471.37 2847.69 1604.31
internal_count=355053 64500 29394 24088 290553 79307 73766 211246 5541 204321 38265 4318 33947 166056 20239 20767 9814 7025 4938 4987 14274 15252 13180 7538 13008 9590 17543 13928 11414 6434
is_linear=0
shrinkage=0.03


Tree=172
num_leaves=31
num_cat=0
split_feature=21 28 17 5 1 6 36 41 0 24 0 0 13 30 18 20 31 2 33 43 3 11 38 3 21 43 16 32 30 5
split_gain=9.38402 10.0671 14.9775 12.5475 9.80674 9.04432 7.28901 6.67735 6.57567 9.4458 7.98104 9.58822 8.35905 13.5816 11.4452 15.1699 11.2353 12.8917 8.30356 10.7979 11.7005 10.4469 9.66294 21.6818 9.32192 9.70952 12.4025 9.74169 8.89204 7.6708
threshold=0.99981877207756054 -1.9246044158935545 0.17373757064342502 1.0343219637870791 0.69856834411621105 0.16669096797704699 0.59275647997856151 -1.0000000180025095e-35 1.4772256612777712 1.1922298073768618 0.11979166045784952 0.33307594060897833 -6.444847345352172 0.72123411297798168 0.90385740995407116 1.4053878188133242 0.0088429185561835783 -0.82093849778175343 0.44098025560379034 0.70000001788139354 0.64539998769760143 0.67057350277900707 1.0000000180025095e-35 0.10075272247195245 0.61241438984870922 0.90000000596046459 -0.86797598004341114 -0.33245539665222162 -0.6886303424835204 -0.23823864758014676
decision_type=2 2 2 2 2 2 2 2 2 2 2 2 2 2 2 2 2 2 2 2 2 2 2 2 2 2 2 2 2 2
left_child=8 6 3 4 -3 -6 -2 -5 10 -10 12 -12 13 18 -15 -16 17 -17 22 20 -20 -22 24 28 25 26 -1 -27 -24 -29
right_child=1 2 -4 7 5 -7 -8 -9 9 -11 11 -13 -14 14 15 16 -18 -19 19 -21 21 -23 23 -25 -26 27 -28 29 -30 -31
leaf_value=-0.0034338313468508406 0.0014993896854784137 0.0014572563173561412 -0.0016555241812192625 -0.0013325330513206347 0.0019783586170903965 0.0068407942566414762 -0.0028225451754661898 0.0019641737194253245 -0.0038877009315820775 -0.0005124515457706107 0.0012602589445611509 -2.2056011763368918e-05 0.0024536883221997134 -0.003734883604532716 0.0014921471123350071 -0.00094471408100976057 -0.0001012983995893007 -0.0075085539769759544 -0.0046685540949714111 0.0010646985030296043 -0.0025518755614356678 0.0025934278503305605 0.0019629630092607934 -0.0021470664576825533 0.00065264412026033605 0.0041448438452987438 -0.0004430095772556104 -0.0025239764027395989 0.0069495510217425045 0.0024015807143552229
leaf_weight=1301.6882371157408 546.17131386697292 1129.9410224705935 1097.7805276364088 960.66127446293831 540.23784813284874 993.96048495173454 949.03840409219265 1276.4165030121803 976.60824562609196 3079.1055418252945 7198.4257571846247 19295.099138334394 951.9181521832943 1804.8383224755526 1492.649491161108 494.42677655816078 957.29652392864227 590.13475096225739 1236.2807833701372 1042.0902011096478 1003.8557727485895 537.13452140986919 720.29958862066269 742.18692319095135 9219.6915323585272 791.29331193864346 25802.710182100534 588.88609513640404 588.78567269444466 532.22062209248543
leaf_count=5218 2190 4532 4402 3861 2166 3986 3807 5125 3919 12358 28864 77371 3821 7232 5982 2002 3839 2370 4967 4188 4036 2160 2888 2974 36943 3184 103579 2361 2362 2133
internal_value=-6.28917e-05 0.000951997 0.00150058 0.00220942 0.00359654 0.00515248 -0.00124435 0.000548849 -0.000156957 -0.00133277 -9.47728e-05 0.0003267 -0.000316354 -0.000370167 -0.00179773 -0.000800815 -0.00247613 -0.00455222 -0.000196986 -0.00153197 -0.00250661 -0.000753248 -7.00782e-05 0.00193077 -0.000177895 -0.000441921 -0.000587857 0.00161873 0.00424146 -0.000185118
internal_weight=88441.8 7494.21 5999 4901.22 2664.14 1534.2 1495.21 2237.08 80947.6 4055.71 76891.9 26493.5 50398.4 49446.5 5339.35 3534.51 2041.86 1084.56 44107.1 3819.36 2777.27 1540.99 40287.8 2051.27 38236.5 29016.8 27104.4 1912.4 1309.09 1121.11
internal_count=354820 30069 24072 19670 10684 6152 5997 8986 324751 16277 308474 106235 202239 198418 21425 14193 8211 4372 176993 15351 11163 6196 161642 8224 153418 116475 108797 7678 5250 4494
is_linear=0
shrinkage=0.03


Tree=173
num_leaves=31
num_cat=0
split_feature=9 5 39 7 39 2 7 5 13 23 6 19 43 24 40 17 12 14 43 0 5 10 6 28 29 13 24 9 40 35
split_gain=8.64398 15.6887 10.9118 11.8014 9.24399 8.80501 8.69507 8.49832 8.11373 7.65814 12.737 12.6108 13.3518 10.8284 15.6803 10.2356 9.44349 8.36113 11.3498 10.3417 7.75625 9.9456 7.74876 7.57172 8.87759 7.22455 11.864 13.1811 11.1904 13.2475
threshold=-1.5745676755905149 -1.1784068942070005 0.99356240034103405 -0.84113895893096913 0.9902586340904237 0.13341496139764789 0.55555421113967907 0.38153897225856787 -9.3266320228576642 0.92511069774627697 0.69947305321693432 0.90223371982574474 0.76666668057441723 1.4638233780860903 0.74894860386848461 -0.34523317217826838 -6.3388803005218497 -7.4147541522979727 0.2333333417773247 0.14356622844934466 0.06090622395277024 -0.2420975863933563 0.8141767978668214 0.70260027050971996 -0.084129266440868364 -8.185050964355467 0.86691328883171093 0.82911086082458507 0.90257668495178234 -0.093715224415063844
decision_type=2 2 2 2 2 2 2 2 2 2 2 2 2 2 2 2 2 2 2 2 2 2 2 2 2 2 2 2 2 2
left_child=1 -1 4 -4 8 -3 7 -5 -2 10 16 15 17 14 20 -11 25 18 -13 -20 -12 -22 -21 24 -15 26 -10 28 -28 -30
right_child=2 5 3 6 -6 -7 -8 -9 9 11 13 12 -14 23 -16 -17 -18 -19 19 22 21 -23 -24 -25 -26 -27 27 -29 29 -31
leaf_value=0.0024841132307601723 0.0034043576683111718 -0.0041202547279850787 0.0059764784624480325 0.001133167056136142 -0.0034287724832738412 -0.00045782600393315696 0.0033594856402845712 -0.0035101812402192623 0.0036925565435618202 -3.6861549966247007e-05 0.0014746745812628398 -0.0025143205273533064 -0.0028392720895295668 0.0035543382613746738 0.0029997046434446155 -0.0035847703071741912 -0.0030759944557627191 0.0027070847468196203 -0.002394591949117294 0.0053294137084414035 0.0013579446179934004 -0.0025830022546652234 0.0009639211275752948 0.0038909110754107071 0.00060778316525675498 0.00013638889493677094 -0.0009214096247231237 0.0015984675712890494 -0.00092404040102702007 -0.0070596990778637259
leaf_weight=673.81172147393227 623.25669069588184 1469.4269967526197 502.86385589838028 1120.3770631849766 694.7980740070343 988.16370858252048 880.38857737183571 507.09096720814705 520.19566394388676 1129.1844291388988 944.9849316328764 1143.1199110001326 1188.9233635514975 1202.3945577442646 1199.0733627229929 2070.7622171193361 919.53684993088245 1334.7709343284369 561.23422175645828 510.32151174545288 756.63751076161861 2339.2527733743191 1253.8522882312536 1287.5649875551462 3843.6176145523787 47448.271440863609 8343.2959386259317 1616.5886351764202 648.82087367773056 615.25694671273232
leaf_count=2722 2500 5889 2022 4490 2789 3960 3531 2032 2085 4543 3786 4603 4783 4819 4811 8330 3699 5362 2252 2046 3032 9381 5036 5160 15414 190316 33459 6481 2604 2467
internal_value=3.02516e-07 -0.00154515 5.72737e-05 0.0018281 -7.80394e-06 -0.00265547 0.000975858 -0.000326221 2.1777e-05 -4.70737e-06 9.98649e-05 -0.000819441 -6.59492e-06 0.00101076 1.53926e-06 -0.00233681 -7.56521e-05 0.000698998 -7.93219e-05 0.00112331 -0.000893333 -0.00161856 0.00224965 0.00184441 0.00131555 -2.8531e-05 -0.000694383 -0.00090081 -0.00132258 -0.00394238
internal_weight=88337.8 3131.4 85206.4 3010.72 82195.7 2457.59 2507.86 1627.47 81500.9 80877.7 71685.5 9192.17 5992.22 11573.5 5239.95 3199.95 60112 4803.3 3468.53 2325.41 4040.88 3095.89 1764.17 6333.58 5046.01 59192.4 11744.2 11224 9607.37 1264.08
internal_count=354404 12571 341833 12075 329758 9849 10053 6522 326969 324469 287514 36955 24082 46403 21010 12873 241111 19299 13937 9334 16199 12413 7082 25393 20233 237412 47096 45011 38530 5071
is_linear=0
shrinkage=0.03


Tree=174
num_leaves=31
num_cat=0
split_feature=3 13 12 36 16 43 20 15 31 22 13 42 8 26 15 40 5 29 21 20 35 31 15 24 24 22 15 5 22 40
split_gain=6.30456 9.23052 8.49536 12.0465 9.34277 10.5101 8.38061 11.4753 8.89536 7.73842 9.36374 7.63946 11.084 9.66883 8.18242 7.66362 9.97753 11.3131 12.1725 11.8724 10.7798 10.9316 7.48022 7.21376 6.97838 6.89081 8.22488 5.88616 10.6196 14.8683
threshold=1.0512711405754092 -8.7203583717346174 -8.4774336814880353 -0.28541034460067743 -0.47972716391086573 0.56666669249534618 1.2461704611778261 -8.0420947074890119 0.28148311376571661 1.0524333119392397 -7.9429004192352286 0.81174489855766307 0.42490324378013616 0.91407200694084179 -7.2539281845092765 -0.9396836757659911 -0.3440000563859939 0.21230801939964297 0.98350989818573009 1.4663859009742739 -0.26805613934993738 -0.11446426436305045 -8.369997024536131 1.6501350998878481 2.1522040367126469 1.1794112324714663 -8.0724005699157697 0.016275824047625068 1.0616379380226137 -0.43050700426101679
decision_type=2 2 2 2 2 2 2 2 2 2 2 2 2 2 2 2 2 2 2 2 2 2 2 2 2 2 2 2 2 2
left_child=2 -2 3 23 6 -6 7 -5 -9 10 -3 13 -13 15 -15 -11 -17 20 19 -19 -18 -22 -4 25 -25 -1 -27 28 29 -24
right_child=1 9 22 4 5 -7 -8 8 -10 11 -12 12 -14 14 -16 16 17 18 -20 -21 21 -23 27 24 -26 26 -28 -29 -30 -31
leaf_value=0.0013793520140877741 0.0027979588720274677 -0.0017464469826741005 0.0029697735831411523 -0.0018679892250767762 -0.0024103219281352423 0.00079968781714394701 0.0036409305918544137 0.0004766205603022302 0.0049040592566720366 -0.0048337424783407431 0.0034005655464605248 0.0038072877067098065 -0.001874393880799861 0.0015950118518511325 -0.002824914208894387 -0.0055534094767321889 0.0041351694734759279 -0.0076461442890493718 -0.00036853862427942933 -0.0022146299274394508 -0.0031382964751409752 0.0014407745118214278 -0.0034470692346434862 -0.0054329714714765557 -0.0013803615197392433 -0.005152330642819258 -0.00015484285589432572 0.00049233020197943223 0.00013735818389829936 -0.00017845808014895146
leaf_weight=729.19052514433861 639.7520861774683 532.81047397851944 861.20805042982101 1347.2089534252882 2259.2886420488358 1534.9871742576361 818.85369670391083 1504.5499791204929 551.9108834862709 775.5322645008564 762.1006463766098 622.09806522727013 595.84844473004341 1371.8349305540323 508.51467224955559 528.61678899824619 501.05888895690441 587.89616125822067 1279.2286117076874 950.43879561126232 900.62032032012939 959.2174788415432 1885.0592875182629 867.9576288163662 693.27902489900589 509.30797356367111 691.98277923464775 28498.989689216018 30046.601195409894 3697.3761080056429
leaf_count=2923 2567 2135 3458 5402 9056 6152 3283 6030 2212 3115 3053 2495 2396 5515 2045 2118 2008 2359 5139 3825 3610 3849 7552 3482 2781 2043 2776 114244 120664 14816
internal_value=-2.30183e-05 -0.00067712 7.55224e-05 -0.000675398 -3.41546e-05 -0.00111301 0.000935626 0.000276025 0.00168283 -0.000883918 0.0012856 -0.00117817 0.00103505 -0.00150135 0.000391083 -0.00205003 -0.00166396 -0.00125698 -0.00253708 -0.00432634 0.000274977 -0.000781551 0.000208581 -0.00214336 -0.00365362 -0.000909434 -0.00229866 0.000171043 -8.6015e-05 -0.00128638
internal_weight=88013.3 11515.6 76497.8 11508.5 8016.8 3794.28 4222.52 3403.67 2056.46 10875.8 1294.91 9580.91 1217.95 8362.96 1880.35 6482.61 5707.08 5178.46 2817.56 1538.33 2360.9 1859.84 64989.2 3491.72 1561.24 1930.48 1201.29 64128 35629 5582.44
internal_count=353103 46229 306874 46140 32135 15208 16927 13644 8242 43662 5188 38474 4891 33583 7560 26023 22908 20790 11323 6184 9467 7459 260734 14005 6263 7742 4819 257276 143032 22368
is_linear=0
shrinkage=0.03


Tree=175
num_leaves=31
num_cat=0
split_feature=27 11 26 11 3 7 17 41 5 40 0 30 17 11 10 35 15 41 32 30 17 9 20 10 40 1 21 31 5 5
split_gain=9.85256 12.6383 13.7317 13.0507 10.1621 11.1182 8.34196 14.6377 11.4613 10.9861 11.9301 11.7618 10.5675 8.21715 11.252 8.82806 11.1464 10.536 16.4205 14.4575 10.5345 10.1857 12.2281 20.3048 17.9314 9.24025 9.73493 9.85142 9.41992 8.04748
threshold=0.72798147797584545 -0.45184333622455591 -0.98746216297149647 2.5193408727645878 0.23458985239267352 0.77153950929641735 -0.69732540845870961 -1.0000000180025095e-35 0.4407505095005036 0.84338340163230907 1.0590058565139773 -0.16976565867662427 0.05225049331784249 2.9300074577331547 0.60273277759552013 0.66598549485206615 -7.0140309333801261 1.0000000180025095e-35 -0.02741929609328508 0.29202330112457281 -0.053106814622879021 0.82911086082458507 1.1411429643630984 -1.0000000180025095e-35 -0.64278149604797352 0.60248681902885448 0.090926580131053938 -0.027008397504687306 0.4209363609552384 -0.23823864758014676
decision_type=2 2 2 2 2 2 2 2 2 2 2 2 2 2 2 2 2 2 2 2 2 2 2 2 2 2 2 2 2 2
left_child=13 2 -2 6 -4 -6 8 29 -3 10 -9 -12 -11 15 -15 21 17 18 -17 -19 -20 -1 23 -23 -24 26 -26 -28 -29 -8
right_child=1 3 4 -5 5 -7 7 9 -10 12 11 -13 -14 14 -16 16 -18 19 20 -21 -22 22 24 -25 25 -27 27 28 -30 -31
leaf_value=0.00028949687035921784 0.0021138784170102514 -0.0020573183171076702 -0.0044689173913150552 0.0032055042920800777 0.0017210958934472304 -0.0027793000973945123 -5.1229130035976812e-05 -0.0019052103493192763 0.0036677777864971249 -0.00051804962126420287 0.0047181828821425678 -0.0012656943937568363 0.0045680376048392694 0.0005825933812578937 -0.0048738352858107977 -0.0034033595892519744 -0.001962682729930788 0.0011433449084104006 0.0051071976551321152 0.0061134952485463528 -0.00063301330993959892 -0.0039125243680849173 0.0013594972256019851 0.0016657842208511672 -0.00046167667330874942 -3.2278622342910521e-05 -0.0018962656769742521 -0.0085087208283440036 -0.0035418779076401741 -0.0034747374493074856
leaf_weight=54545.473375126719 2782.8835080564022 568.52365620434284 554.8174807280302 607.80258913338184 1330.7828872203827 772.34038361907005 745.88760888576508 5028.0711092203856 681.79945553839207 887.18055957555771 528.84657937288284 647.80171099305153 615.7065801024437 682.08395047485828 664.71561694145203 637.64391629397869 701.30562514066696 1093.4213739782572 636.9810860902071 1016.6777118444443 514.63815499842167 730.3761263936758 1220.8971916139126 2831.8191137909889 678.22593742609024 832.91292805969715 807.04756528139114 709.7500217705965 704.37085419893265 3601.5298938155174
leaf_count=218860 11157 2279 2223 2439 5335 3110 2991 20163 2738 3562 2123 2601 2471 2736 2665 2556 2811 4384 2556 4073 2064 2927 4897 11351 2723 3341 3235 2845 2827 14463
internal_value=1.74e-05 -0.000580598 0.000644481 -0.00105979 -0.000896146 6.30617e-05 -0.0012569 -0.00149881 0.0010689 -0.000712049 -0.00126937 0.00144087 0.00158205 0.000185173 -0.00212651 0.000231495 0.00149872 0.00212469 0.000426837 0.00355558 0.00255863 0.00013882 -0.000825549 0.000514283 -0.00178821 -0.00281876 -0.00361637 -0.00457326 -0.00607699 -0.00288883
internal_weight=88362.3 19354 5440.82 13913.1 2657.94 2103.12 13305.3 12055 1250.32 7707.61 6204.72 1176.65 1502.89 69008.3 1346.8 67661.5 4600.67 3899.36 1789.26 2110.1 1151.62 63060.9 8515.4 3562.2 4953.2 3732.31 2899.39 2221.17 1414.12 4347.42
internal_count=354506 77655 21825 55830 10668 8445 53391 48374 5017 30920 24887 4724 6033 276851 5401 271450 18444 15633 7176 8457 4620 253006 34146 14278 19868 14971 11630 8907 5672 17454
is_linear=0
shrinkage=0.03


Tree=176
num_leaves=31
num_cat=0
split_feature=32 15 12 0 15 28 28 9 9 11 7 26 1 19 37 31 0 5 43 43 36 7 11 0 12 0 36 0 26 2
split_gain=8.05592 7.37399 11.5851 15.9061 10.8166 10.6313 12.8338 9.19265 7.82244 8.89493 6.60918 6.49591 6.07602 5.09442 8.35988 4.8068 14.9576 11.9338 8.89282 10.5607 8.77238 8.67908 8.3269 7.49912 7.37633 10.3782 11.6169 10.9713 9.38717 14.2893
threshold=1.1261962652206423 -8.1609272956848127 -7.9460327625274649 0.14356622844934466 -8.1132068634033185 -0.15881210565567014 -1.0190128684043882 0.9087810516357423 -0.093202792108058916 0.48634542524814611 -0.85504552721977223 -0.85705912113189686 2.25226902961731 0.032985568046569831 0.035187657922506339 0.53209194540977489 0.35218061506748205 -0.5794917345046996 0.56666669249534618 0.2333333417773247 0.8643462359905244 0.31892354786396032 -0.7550540268421172 1.0000000180025095e-35 -7.62654685974121 -1.2526503205299375 0.42321729660034185 0.72105765342712413 -3.6939616203308101 -0.56546249985694874
decision_type=2 2 2 2 2 2 2 2 2 2 2 2 2 2 2 2 2 2 2 2 2 2 2 2 2 2 2 2 2 2
left_child=1 2 3 7 -3 6 -5 8 10 11 -1 -10 15 -12 -15 24 17 21 19 -18 -20 -17 -19 -24 28 -26 -27 -28 29 -6
right_child=-2 4 -4 5 12 -7 -8 -9 9 -11 13 -13 -14 14 -16 16 18 22 20 -21 -22 -23 23 -25 25 26 27 -29 -30 -31
leaf_value=-0.0035612669323142072 -0.0027488399380033003 0.0026128945085254892 -0.0040245128737147803 0.0024034587846264804 0.0057443898874249529 0.0043997227606862649 -0.0031416761100177622 0.0016177136171424613 -0.0038963856118985744 -0.0069000175530902434 0.0025947004726638379 0.00042926395267652912 0.0023998823112057859 -0.0037742203924371574 0.001493173549532727 0.0012805142174164234 -0.0025234417585334162 0.0031983544692616751 -0.006184384234640971 0.0022118252934703484 -0.0007318132337694349 0.0064751064199251949 -0.00062422039117632179 0.0025005036611425633 -0.00142271752279106 0.00088531154254947177 -0.0014052457548863466 0.00052813738272457938 -0.00056616804748397598 0.00017467413584614137
leaf_weight=586.85378842055798 1031.0117125660181 1383.4264290779829 967.91214999556541 880.24074037373066 512.30660951137543 755.47835072875023 639.8483979254961 698.66133746504784 788.85369095206261 504.26569126546383 506.33289356529713 510.16341435909271 887.86725255846977 509.26873275637627 559.2409989386797 536.36253745853901 753.56282866001129 986.49299299716949 509.23093819618225 942.8708872795105 549.81239545345306 634.69576168060303 2904.9720940887928 896.13579329848289 3211.185401558876 16163.540541619062 5035.5878679603338 5536.0671461671591 35924.942529425025 2012.857327029109
leaf_count=2359 4164 5550 3888 3530 2054 3031 2566 2802 3161 2023 2030 2045 3562 2041 2242 2154 3029 3955 2045 3781 2206 2544 11658 3597 12944 64861 20188 22201 144062 8068
internal_value=-0.000125351 -9.40519e-05 -0.000967114 -0.000535476 -6.97663e-06 0.00151644 6.40771e-05 -0.00153779 -0.00209648 -0.00355035 -0.000872905 -0.00220727 -5.37732e-05 0.000145043 -0.00102907 -8.23326e-05 0.000580851 0.00142535 -0.00124392 0.000105939 -0.00338696 0.00412689 0.000757326 0.000117082 -0.000166899 0.00018609 0.000379785 -0.000393247 -0.000441797 0.00132286
internal_weight=88320 87289 7907.12 6939.21 79381.9 2275.57 1520.09 4663.64 3964.98 1803.28 2161.7 1299.02 77998.5 1574.84 1068.51 77110.6 8714.14 5958.66 2755.48 1696.43 1059.04 1171.06 4787.6 3801.11 68396.5 29946.4 26735.2 10571.7 38450.1 2525.16
internal_count=354341 350177 31718 27830 318459 9127 6096 18703 15901 7229 8672 5206 312909 6313 4283 309347 34969 23908 11061 6810 4251 4698 19210 15255 274378 120194 107250 42389 154184 10122
is_linear=0
shrinkage=0.03


Tree=177
num_leaves=31
num_cat=0
split_feature=9 0 6 27 29 8 43 20 13 36 15 20 29 26 26 27 22 35 5 8 3 37 35 22 16 23 6 40 27 32
split_gain=9.30573 14.5319 10.9791 17.0479 10.766 10.0971 12.0656 18.1338 15.1457 13.3377 18.265 12.8034 11.0687 10.8643 10.7367 13.7958 11.441 10.3425 15.1056 11.0516 20.8628 10.7939 10.1985 9.11954 9.70073 8.68326 9.87509 10.4868 10.3249 9.92807
threshold=-0.4503204077482223 -1.0000000180025095e-35 0.52316254377365123 -0.15937682986259458 -0.90783080458641041 1.0000000180025095e-35 0.70000001788139354 2.5526993274688725 -8.0661630630493146 -0.99936062097549427 -7.9661540985107413 0.87976908683776867 -0.5957278013229369 -3.412882804870605 -0.87308734655380238 0.9848293960094453 1.1172519326210024 0.21323972195386889 0.3132570236921311 0.90790438652038585 0.37138786911964422 -0.22373561561107633 0.19083013385534289 2.0729562044143681 -0.19666248559951779 0.37405797839164739 -0.99765741825103749 0.15643297880887988 -0.60055434703826893 0.14341788738965991
decision_type=2 2 2 2 2 2 2 2 2 2 2 2 2 2 2 2 2 2 2 2 2 2 2 2 2 2 2 2 2 2
left_child=1 23 4 -4 -3 13 9 8 -8 10 -7 22 -12 -2 17 16 -16 18 21 -19 -21 -11 -10 24 -1 26 28 29 -6 -28
right_child=5 2 3 -5 25 6 7 -9 11 14 12 -13 -14 -15 15 -17 -18 19 -20 20 -22 -23 -24 -25 -26 -27 27 -29 -30 -31
leaf_value=-0.00090715875477908421 0.0015807298936931758 -0.0024849211670527893 0.0037417350297273234 -0.0018875384434041099 0.0056275027615120725 -0.0051860480772606427 0.00086524930850780948 0.0046825393465465921 -0.0023151345188137029 -0.00071330074364058438 0.0035636965724420498 -0.0023275260108227992 -0.00093998797827133675 -0.00088233198519951223 0.004137846418574221 -0.0016436103252213073 0.0012939738966661022 -0.0015713391699783412 -0.00099102497790863999 -0.0013246023569193129 0.0037037612649900285 0.0030793086479280235 0.0029691419703891742 -0.0026381911800461393 0.00085408388387466221 0.0027873138426998648 0.0027539206199256559 -0.0017947136174203456 0.0011305132765770606 -0.0021027623064230204
leaf_weight=5266.2925426959991 1738.1310525685549 540.34917689859867 625.93053010106087 2020.6863262653351 692.76531380414963 799.67890748381615 2740.4738845229149 514.36017540097237 533.61941584944725 878.7662325501442 580.07005929946899 6085.0859287083149 2919.8713342994452 20776.489582940936 1478.3483145534992 1234.6308596730232 8969.8454537242651 4514.731773853302 2088.883434176445 1778.9982703775167 1260.3121909350157 2861.3949190825224 823.26621794700623 1271.4318443983793 6022.4699929952621 4625.7363660782576 1458.7956535816193 1536.0364340394735 1347.2999548763037 502.20912130177021
leaf_count=21119 6967 2175 2508 8104 2795 3208 10989 2071 2137 3522 2327 24413 11713 83327 5922 4966 35984 18105 8373 7138 5060 11462 3301 5141 24212 18538 5846 6159 5416 2012
internal_value=1.45801e-05 0.000492583 0.00118135 -0.00054713 0.00160887 -0.000183384 0.00010231 -0.000759868 -0.00103911 0.000416522 -0.00112545 -0.0017406 -0.000185534 -0.000691566 0.000681363 0.00134549 0.00169993 0.00010104 0.00104947 -0.000631232 0.00076582 0.00218869 0.000889272 -0.000239842 3.23753e-05 0.00182876 0.0010244 5.50892e-05 0.0026776 0.00150578
internal_weight=88487 25910 13349.8 2646.62 10703.2 62577 40062.3 10696.8 10182.4 29365.5 4299.62 7441.97 3499.94 22514.6 25065.9 11682.8 10448.2 13383.1 5829.04 7554.04 3039.31 3740.16 1356.89 12560.2 11288.8 10162.8 5537.11 3497.04 2040.07 1961
internal_count=355010 104025 53553 10612 42941 250985 160691 42911 40840 117780 17248 29851 14040 90294 100532 46872 41906 53660 23357 30303 12198 14984 5438 50472 45331 40766 22228 14017 8211 7858
is_linear=0
shrinkage=0.03


Tree=178
num_leaves=31
num_cat=0
split_feature=6 30 24 24 32 3 22 29 32 7 23 11 22 6 24 17 4 40 17 31 6 42 24 30 20 13 40 11 10 30
split_gain=11.2502 15.7292 10.3388 10.0356 10.6164 16.4759 11.0372 8.63899 12.6532 7.85162 7.78532 15.9355 6.89372 8.53367 6.84514 8.37649 6.84081 11.1143 7.25361 11.2865 14.4312 11.7952 10.3651 9.95634 9.92342 9.64499 17.0784 12.188 15.5528 10.2708
threshold=-1.6112262010574339 0.56603002548217785 1.7694407701492312 2.6938493251800542 -0.063262552022933946 1.1297594904899599 1.7546306848526003 -0.88317269086837757 -0.45688858628273005 -1.0898586511611936 0.42319501936435705 -0.067732494324445711 0.80392456054687511 0.14880324155092242 2.9025027751922612 -0.44499956071376795 -1.7818210721015928 0.15643297880887988 -0.3144357949495315 0.035910179838538177 1.3885959982872011 0.81174489855766307 1.6265144348144533 -0.14240205287933347 0.75235795974731456 -8.185050964355467 0.85263204574584972 -0.71226772665977467 -0.3259568959474563 -1.9376600384712217
decision_type=2 2 2 2 2 2 2 2 2 2 2 2 2 2 2 2 2 2 2 2 2 2 2 2 2 2 2 2 2 2
left_child=1 2 9 7 14 6 -6 8 -2 -1 11 -10 13 -9 -5 -16 17 -14 19 25 21 23 -23 24 -21 26 -18 28 -27 -29
right_child=3 -3 -4 4 5 -7 -8 12 10 -11 -12 -13 16 -15 15 -17 18 -19 -20 20 -22 22 -24 -25 -26 27 -28 29 -30 -31
leaf_value=0.0058048943210303053 0.0010236841159038303 -0.0017782626218413001 0.00030977743307591694 0.0019824550898565993 0.0041613399270585549 -0.0019384549027456662 -0.00060563868685266288 5.9024293533900958e-05 -0.0070982022922603171 0.0013327095729361313 -0.00036046992514497916 -0.0013415146161464546 -8.4924406709248787e-05 0.0046540689263211898 0.0011554396603220283 -0.0031979509343602092 -0.00075406715136114722 -0.0053609620892969782 -0.00046081163275386931 -0.0024128385861755101 -0.0019596152290262624 0.0067075190183554546 0.0010015238343242536 0.003334247603080005 0.0007940584490959959 0.0013288639405550167 -0.0056127936703469997 -0.002393289875511441 -0.0035517432689254128 0.0013269288732237837
leaf_weight=1020.5369098037481 1054.2884236425161 930.89900027215481 961.24949432909489 683.41363595426083 2103.9964707046747 712.40332475304604 548.14534981548786 987.82951986789703 793.31477111577988 548.79732973873615 769.232974588871 950.92969912290573 864.11673219501972 565.9974485039711 632.13406378030777 1044.2133322358131 5023.8056576550007 605.55887195467949 44156.145391494036 949.56263634562492 1553.5474209189415 593.0392552614212 553.70586760342121 1235.5514776259661 9159.726593285799 970.52682812511921 738.89446546137333 748.93294717371464 1463.2633032351732 5597.7304622530937
leaf_count=4148 4254 3769 3885 2740 8431 2859 2198 3957 3182 2216 3082 3813 3487 2268 2534 4185 20139 2444 177057 3807 6257 2377 2220 4953 36727 3892 2963 3002 5865 22441
internal_value=-0.000131598 0.00154245 0.00276619 -0.000199896 0.00101215 0.00209174 0.00317753 -0.000287465 -0.00172806 0.00425931 -0.00288177 -0.0039853 -0.000219411 0.00175187 -0.000529469 -0.00155921 -0.000260915 -0.00228038 -0.000219807 0.000152469 0.000758763 0.00109814 0.00398486 0.000803094 0.000490749 -0.000433182 -0.0013857 0.000192828 -0.00160802 0.000884853
internal_weight=88521.5 3461.48 2530.58 85060 5724.31 3364.55 2652.14 79335.7 3567.77 1569.33 2513.48 1744.24 75767.9 1553.83 2359.76 1676.35 74214.1 1469.68 72744.4 28588.3 14045.1 12491.6 1146.75 11344.8 10109.3 14543.2 5762.7 8780.45 2433.79 6346.66
internal_count=355152 14018 10249 341134 22947 13488 10629 318187 14331 6364 10077 6995 303856 6225 9459 6719 297631 5931 291700 114643 56341 50084 4597 45487 40534 58302 23102 35200 9757 25443
is_linear=0
shrinkage=0.03


Tree=179
num_leaves=31
num_cat=0
split_feature=26 37 23 12 8 20 37 38 12 4 34 26 14 33 5 29 17 40 7 12 37 29 39 1 6 31 39 40 1 26
split_gain=8.25188 7.39631 12.7598 14.1056 9.40765 13.2759 11.0235 12.1463 14.5246 10.8363 10.5227 9.80624 9.28531 9.14902 10.3705 18.3392 14.8107 12.5841 11.4489 11.4214 9.67924 15.1631 9.17732 8.90915 8.82489 9.53607 9.34449 10.8639 8.79928 8.42666
threshold=2.412111878395081 0.17334734648466113 0.10696030780673028 -8.8173451423645002 1.0555886626243594 2.235643863677979 0.0048419595696032056 1.0000000180025095e-35 -8.4089016914367658 -0.46757788956165308 0.30674077570438391 -3.3182824850082393 -8.2067246437072736 -0.40782716870307917 0.55490058660507213 0.44524064660072332 -0.12717746943235395 0.15643297880887988 -0.27980990707874293 -7.9524750709533683 0.25001125037670141 -0.24167498201131818 0.24191959202289584 -0.33982457220554346 1.1275002360343935 0.56433090567588817 0.48480500280857092 -0.026176698505878445 0.99690747261047374 -1.0789703726768491
decision_type=2 2 2 2 2 2 2 2 2 2 2 2 2 2 2 2 2 2 2 2 2 2 2 2 2 2 2 2 2 2
left_child=1 4 -3 -4 6 28 7 8 10 -9 12 -10 -1 -5 20 17 24 18 -16 -20 -15 22 -22 -8 26 -26 27 -17 -6 -18
right_child=-2 2 3 13 5 -7 23 9 11 -11 -12 -13 -14 14 15 16 29 -19 19 -21 21 -23 -24 -25 25 -27 -28 -29 -30 -31
leaf_value=-0.0025658023255104539 0.0032201961685219532 0.0039197703630039432 0.0026536097725398371 -0.0034601766954541801 -0.002171892349128192 0.0029266364072031694 0.0003484857518846587 0.006331859670506315 0.0022589011960663609 0.00076360460945129149 0.0023312414100292345 0.00013135429307791415 -0.00012923899454275192 0.0019331657452374368 -0.0068797877477994752 0.0016993910620631749 -0.0044298929222776218 -0.00025808581747999799 -0.0050127131526874749 -0.00058147285685727706 -5.2357898750870296e-05 0.0011001447599981598 -0.0031138015177927829 -0.0014330063424922374 -0.0016425048545114108 0.0030817361354531724 0.00085089278004263152 0.0076816888488013763 0.0016559665066927418 -0.00029795150641078166
leaf_weight=3778.302702024579 677.19518822431564 847.59344094991684 1956.2520906031132 653.29671123623848 5276.2553841918707 584.27698315680027 3535.9712266772985 504.20405116677284 2074.7643383443356 818.42507766187191 650.68256968259811 30142.849082872272 2241.6423015743494 3917.2099235653877 594.42464102804661 511.60670571029186 536.5062310397625 2403.8964837342501 818.20343732833862 1431.2719647437334 2041.1164228022099 5859.2867596447468 1541.3205106109381 8809.7145127952099 1009.1765981167555 607.57844941318035 912.55988734960556 594.52511686086655 594.71619582176208 2382.3788113296032
leaf_count=15151 2731 3405 7848 2624 21164 2347 14178 2025 8319 3280 2610 121009 8986 15695 2381 2052 2153 9644 3281 5743 8178 23480 6175 35315 4065 2452 3660 2385 2387 9573
internal_value=-5.44411e-05 -8.01117e-05 0.000315596 0.00020422 -0.000272034 -0.00135193 -0.000139164 0.000101629 5.11996e-06 0.00291788 -0.00126797 0.000269023 -0.00166022 1.76462e-05 0.000109285 -0.000538454 0.000519569 -0.00185837 -0.00320541 -0.0022083 0.000681514 0.000160729 -0.00137453 -0.000922894 0.00179523 0.000140901 0.00311294 0.00495478 -0.00178198 -0.00106996
internal_weight=88307.2 87630 28618.2 27770.6 59011.8 6455.25 52556.6 40210.9 38888.2 1322.63 6670.63 32217.6 6019.95 25814.4 25161.1 11802.1 6554.33 5247.8 2843.9 2249.48 13358.9 9441.72 3582.44 12345.7 3635.45 1616.76 2018.69 1106.13 5870.97 2918.89
internal_count=354296 351565 114794 111389 236771 25898 210873 161380 156075 5305 26747 129328 24137 103541 100917 47389 26340 21049 11405 9024 53528 37833 14353 49493 14614 6517 8097 4437 23551 11726
is_linear=0
shrinkage=0.03


Tree=180
num_leaves=31
num_cat=0
split_feature=5 8 29 28 40 37 18 43 9 19 43 25 8 3 17 25 17 15 28 14 19 24 8 1 41 40 27 42 24 40
split_gain=9.10151 11.5819 13.3274 11.954 9.98016 10.6715 8.88741 10.2578 8.28184 7.72182 7.50576 17.6072 11.6571 12.6463 12.0676 11.5992 8.724 11.8645 10.0468 8.19462 8.38603 7.43751 7.3514 12.6716 8.48159 11.0343 8.10513 8.66676 8.78506 11.0029
threshold=0.96571302413940441 0.076672960072755827 0.86599397659301769 1.4658853411674502 0.86601716279983532 -0.0078200045973062498 0.27543510496616369 0.56666669249534618 -0.9579644203186034 0.1212907023727894 0.10000000521540643 0.20224572718143466 -0.80882063508033741 0.13642087578773501 -0.22148144990205762 0.066771831363439574 0.24551621079444888 -7.4498732089996329 -0.1884275749325752 -7.0449481010437003 0.015807453542947773 1.798200845718384 0.42490324378013616 0.14889276027679446 -0.87837970256805409 0.86601716279983532 0.99220034480094921 0.81174489855766307 1.4638233780860903 0.39072741568088537
decision_type=2 2 2 2 2 2 2 2 2 2 2 2 2 2 2 2 2 2 2 2 2 2 2 2 2 2 2 2 2 2
left_child=6 2 4 9 5 -2 7 -1 10 -3 11 -8 14 19 15 -12 18 -18 -16 20 -14 -22 23 -11 -24 26 27 28 -26 -30
right_child=1 3 -4 -5 -6 -7 8 -9 -10 22 12 -13 13 -15 16 -17 17 -19 -20 -21 21 -23 24 -25 25 -27 -28 -29 29 -31
leaf_value=1.9980751299216106e-05 -0.0068572561352069749 0.0031463914006392315 0.0018086188975287723 0.0033760495968839259 0.00094505417281357939 -0.002470627269625865 0.0057660776618184773 -0.0054203029984962459 9.348443396049135e-05 -0.0026024346073935329 -0.0011615533258716882 -0.0011217808940353704 -0.0014733350055852184 0.0039491858132239058 -0.00035703307254285278 0.0041375850593594176 -0.0021694564487157587 0.003173675389894695 -0.0051115989784289587 -0.0024075612019736356 0.0053957321596336885 0.0010289476175716222 0.0015011105797801253 0.0028329853361667365 -0.0043541089993258866 0.0015005503159950069 -0.0051773465130842107 0.0016577221301904224 0.00030055855472463719 -0.0046395620309559659
leaf_weight=729.59333892166615 649.41809460520744 502.68453305959702 674.70077764987946 807.05193689465523 535.70033372938633 2155.5093992501497 837.72324912250042 534.78703539073467 63578.775035709143 563.16425260901451 650.51610819995403 546.53805041313171 611.5261313021183 1567.2788996100426 734.27508634328842 846.69189795851707 825.4918215572834 667.237767547369 872.84596544504166 628.62048070132732 555.47792522609234 941.9997191131115 927.6289859265089 1175.8576082289219 1144.9164747446775 860.08004906773567 685.90725833177567 595.33625409007072 1465.2682519257069 550.58889989554882
leaf_count=2925 2602 2015 2707 3237 2148 8642 3374 2144 254986 2259 2622 2191 2455 6283 2947 3398 3318 2681 3518 2522 2231 3777 3735 4723 4606 3461 2763 2393 5888 2212
internal_value=5.04485e-05 -0.000672813 -0.0020167 -8.96913e-05 -0.00279239 -0.00350701 0.000178499 -0.00230554 0.000221326 -0.000423455 0.00101065 0.00305805 0.000689203 0.00180919 -0.000361251 0.00184275 -0.00142827 0.000224105 -0.00295493 0.000574129 0.00147003 0.00267382 -0.000652309 0.00106797 -0.00113346 -0.00159635 -0.00219801 -0.00164165 -0.00226636 -0.00106497
internal_weight=88423.2 13293.8 4015.33 9278.48 3340.63 2804.93 75129.4 1264.38 73865 8471.43 10286.2 1384.26 8901.96 4304.9 4597.06 1497.21 3099.85 1492.73 1607.12 2737.62 2109 1497.48 7968.75 1739.02 6229.73 5302.1 4442.02 3756.11 3160.77 2015.86
internal_count=354763 53391 16099 37292 13392 11244 301372 5069 296303 34055 41317 5565 35752 17268 18484 6020 12464 5999 6465 10985 8463 6008 32040 6982 25058 21323 17862 15099 12706 8100
is_linear=0
shrinkage=0.03


Tree=181
num_leaves=31
num_cat=0
split_feature=21 31 43 23 33 37 2 32 43 38 43 37 21 3 36 43 34 11 2 11 11 25 28 8 1 28 3 5 23 37
split_gain=8.59989 23.9334 9.31378 8.32171 9.10542 10.3286 8.21578 10.179 15.7557 16.4244 13.606 11.6175 13.3976 16.0283 13.8158 18.8362 13.3459 13.8247 12.434 11.2165 11.8614 10.3622 10.0402 11.0874 9.14535 8.77036 11.5768 15.0172 9.41128 10.5967
threshold=0.1575691029429436 0.41458210349082952 0.10000000521540643 0.48062296211719518 -0.26963686943054194 -0.13333114981651303 -1.5834565758705137 -0.18581820279359815 0.2333333417773247 1.0000000180025095e-35 0.36666667461395269 0.60002350807189953 0.50036892294883739 1.1095106005668642 -0.61517894268035878 0.63333335518836986 -0.1541742533445358 2.5193408727645878 0.42315968871116644 1.826401472091675 -0.65905842185020436 0.34354797005653387 0.16167773306369784 0.048805480822920806 -0.4899477213621139 -1.0320708751678465 0.14499835669994357 0.37130253016948706 0.46840259432792669 0.046669218689203269
decision_type=2 2 2 2 2 2 2 2 2 2 2 2 2 2 2 2 2 2 2 2 2 2 2 2 2 2 2 2 2 2
left_child=1 2 -1 4 -4 -6 -2 10 24 11 21 12 14 16 18 -16 -14 25 -10 20 -15 -8 23 -13 -9 28 27 -27 29 -18
right_child=6 -3 3 -5 5 -7 7 8 9 -11 -12 22 13 19 15 -17 17 -19 -20 -21 -22 -23 -24 -25 -26 26 -28 -29 -30 -31
leaf_value=0.0017916867991766593 0.0020811322375578183 0.0030181319425465897 -0.00034507676336394919 0.0012565193276353379 -0.0050691601467795222 0.00023769507984763136 0.0019570391726077647 0.0008530324877483533 -0.0038242759730048302 -0.0031996353479710245 -0.0022967833135820181 -0.0060913990487000457 0.0024164475475568097 0.0013393622345085341 0.0013209948129597943 -0.0016132001099198377 -0.0039977084278917446 0.0050139387506133856 0.0014666661334486761 0.0033436136250933998 -0.001933047672539286 -0.0012931214052101208 0.0010917186136584624 -0.001121780594964099 -0.0013149530847441141 0.0015741856797138064 0.00065383520465219554 -0.0026597465307807628 0.0016925207148248622 0.0012968309675592993
leaf_weight=2165.4709082990885 1239.538129940629 2669.4381647855043 10532.131076216698 2498.1653976589441 813.3029648065567 549.51852764189243 1535.5054029971361 1997.8746032863855 1815.2889575064182 1333.4599685668945 5238.5008252412081 666.5552943944931 4645.5885332971811 1298.0426418483257 4231.6068364232779 3665.1427383571863 599.12412290275097 612.53854954242706 506.0084230452776 537.50984811782837 4202.8172867149115 2049.0722531527281 725.81539890170097 1017.4857979118824 13829.795528039336 1046.1040875613689 6355.4952832907438 2639.7621162980795 6481.4742147177458 762.64294169843197
leaf_count=8723 4983 10706 42397 10008 3258 2201 6169 8008 7275 5345 21008 2672 18627 5209 16951 14685 2400 2455 2028 2156 16868 8212 2916 4085 55484 4190 25480 10581 25980 3056
internal_value=-0.000173301 0.000387665 -3.79624e-05 -0.000314289 -0.000644967 -0.00294318 -0.000329584 -0.000373962 -0.000231657 6.54137e-05 -0.00132374 0.00017029 0.00029414 0.000621457 -0.000640317 -4.118e-05 0.000980532 0.000618788 -0.00266959 -0.000754083 -0.00115983 0.000100703 -0.00184741 -0.00311314 -0.00104093 0.000465539 -0.000121696 -0.00145709 0.00121655 -0.00104472
internal_weight=88260.8 19228 16558.6 14393.1 11895 1362.82 69032.7 67793.2 58970.1 43142.5 8823.08 41809 39399.1 29181.1 10218 7896.75 23142.7 18497.1 2321.3 6038.37 5500.86 3584.58 2409.86 1684.04 15827.7 17884.6 10041.4 3685.87 7843.24 1361.77
internal_count=354116 77293 66587 57864 47856 5459 276823 271840 236451 172959 35389 167614 157941 117002 40939 31636 92769 74142 9303 24233 22077 14381 9673 6757 63492 71687 40251 14771 31436 5456
is_linear=0
shrinkage=0.03


Tree=182
num_leaves=31
num_cat=0
split_feature=8 14 39 1 13 4 31 12 20 21 20 19 23 31 8 31 15 28 35 31 13 28 11 8 43 39 39 37 12 4
split_gain=8.831 14.4716 13.5337 11.7713 10.9089 11.7618 10.0184 9.90414 9.79772 12.7655 10.8503 9.43706 9.39735 10.7138 10.5646 9.98911 9.84892 9.16695 9.03235 7.04074 16.1432 7.43074 13.3052 14.3108 10.1017 11.7145 9.26782 9.33927 9.11974 15.0764
threshold=1.0717948675155642 -7.9174568653106681 -0.6087556481361388 0.040177104994654662 -7.086798667907714 0.52721691131591808 0.83565258979797374 -8.4645581245422346 1.1267907023429873 0.42863437533378607 2.2124639749526982 0.8750378191471101 0.97060540318489086 0.040257452055811889 0.89365249872207653 -0.10079753398895262 -7.3336637020111075 -1.0055454969406126 0.52919414639472973 0.72412595152854931 -7.9740707874298087 -1.6426061391830442 0.39836551249027258 0.62950071692466747 0.70000001788139354 -0.74313774704933155 0.99356240034103405 -0.52040305733680714 -7.5494341850280753 -1.9241884946823118
decision_type=2 2 2 2 2 2 2 2 2 2 2 2 2 2 2 2 2 2 2 2 2 2 2 2 2 2 2 2 2 2
left_child=6 3 4 7 5 -3 12 -2 9 -4 11 -10 14 -14 19 -16 -17 -5 -11 21 -21 22 23 26 25 -24 27 -1 29 -23
right_child=1 2 8 17 -6 -7 -8 -9 10 18 -12 -13 13 -15 15 16 -18 -19 -20 20 -22 28 24 -25 -26 -27 -28 -29 -30 -31
leaf_value=-0.0022337329706088294 -0.0039936867385117333 -0.0033779011529000143 0.002743887261366425 0.0055756997302681454 0.002592649891121727 0.0013079017526579331 0.0035484492888624829 0.0011764058544793726 -0.005490912489606533 -7.2502278438589491e-05 -8.7722385375961555e-05 -0.0016149484600243723 -0.0036063924923133051 -0.000286735668805169 -0.0015729349352258941 0.0037083959498795428 5.4521598406680939e-06 0.00091193847328673646 -0.0054147875627518788 0.0020884943117913746 -0.0046752434177259423 -0.0040501967823895922 -0.0039740801990765075 -0.0021853379854540975 -0.0023656776076120493 0.0007560272606048471 0.0055621433839142297 0.0016614817173978165 0.00035630633427234665 -0.0003354098673426312
leaf_weight=585.05546928942204 595.18681500852108 1037.279639095068 635.58309184014797 595.46170555055141 1024.7843469083309 885.71470180153847 720.54704207181931 735.18652641773224 1806.767144754529 619.45386753976345 705.47983671724796 836.55637508630753 1316.2724283188581 2577.172041028738 677.28230941295624 1903.4162474423647 976.34278851747513 1028.7565877437592 517.71827200055122 502.0070438683033 833.24866591393948 1008.0802608430386 516.80026529729366 967.79488326609135 1787.5994098037481 4459.1159653663635 501.45877222716808 8295.7567348778248 20763.298597410321 28878.528293192387
leaf_count=2349 2389 4157 2548 2390 4107 3557 2891 2952 7253 2485 2843 3363 5287 10360 2715 7635 3916 4134 2077 2013 3342 4084 2071 3878 7166 17876 2011 33258 83367 115778
internal_value=-6.1416e-05 -0.000855337 -0.00151257 0.000938703 0.000107085 -0.00122406 5.19471e-05 -0.00114915 -0.00244318 -0.000634811 -0.00339574 -0.00427496 1.85759e-05 -0.00141539 9.56027e-05 0.00168768 0.00245733 0.0026454 -0.00253067 1.34139e-05 -0.0021357 5.60704e-05 0.000596333 0.00127206 -0.000438076 0.000257771 0.00163065 0.00140265 -0.000126555 -0.000462023
internal_weight=88293.7 11023.9 8069.34 2954.59 2947.78 1922.99 77269.8 1330.37 5121.56 1772.76 3348.8 2643.32 76549.2 3893.44 72655.8 3557.04 2879.76 1624.22 1137.17 69098.7 1335.26 67763.5 17113.6 10350.1 6763.52 4975.92 9382.27 8880.81 50649.9 29886.6
internal_count=354252 44255 32390 11865 11821 7714 309997 5341 20569 7110 13459 10616 307106 15647 291459 14266 11551 6524 4562 277193 5355 271838 68609 41496 27113 19947 37618 35607 203229 119862
is_linear=0
shrinkage=0.03


Tree=183
num_leaves=31
num_cat=0
split_feature=28 11 15 24 13 30 6 1 2 43 43 27 13 3 1 12 27 43 11 2 42 34 40 35 30 13 34 24 40 35
split_gain=15.1374 16.1173 21.5693 11.3142 11.6648 9.73275 10.1633 11.2827 9.28384 14.4091 13.6384 12.5874 11.0677 11.1499 9.90516 9.25168 16.1649 13.2661 12.2088 10.9207 10.6046 11.1225 13.2807 11.3498 10.3113 9.71074 11.9619 11.0077 10.1579 13.1085
threshold=-1.6426061391830442 0.15672539919614795 -7.4093847274780265 1.1181856989860537 -7.6915290355682364 -2.3607919216156001 0.023671787232160572 -0.74171170592308033 0.40332387387752539 0.2333333417773247 0.83333334326744091 -0.037203107029199593 -7.5826790332794181 0.83963277935981762 0.45093154907226568 -7.4654026031494132 0.92486849427223217 0.83333334326744091 0.20517642796039584 0.30799990892410284 -0.56174489110708226 0.097605336457490935 0.46946710348129278 0.18609042465686801 0.23746427893638614 -7.517239809036254 -0.842382252216339 2.1932628154754643 0.58777967095375072 -0.13877166807651517
decision_type=2 2 2 2 2 2 2 2 2 2 2 2 2 2 2 2 2 2 2 2 2 2 2 2 2 2 2 2 2 2
left_child=1 2 3 -1 -5 -4 7 -7 15 11 12 14 -11 -14 -10 17 18 19 25 -2 -20 23 24 -22 -23 -17 -27 28 -28 -30
right_child=8 -3 5 4 -6 6 -8 -9 9 10 -12 -13 13 -15 -16 16 -18 -19 20 -21 21 22 -24 -25 -26 26 27 -29 29 -31
leaf_value=2.7609380084789013e-05 -0.00081612220376331066 -0.00012123642914326425 -0.0038231890578838668 0.0027350217342083424 0.0070050835995380612 -0.001687306680487344 -0.00096477498883418202 0.0030741886630127149 0.00018057124805321081 0.0020087952004390203 -0.0010545873864862742 -5.4358476482881603e-05 0.0014440849015736272 -0.0011391047402972713 -0.004756386621361808 0.002417224483436755 -0.0042094822442875594 0.0009027792545885663 -0.00022888377135743253 -0.003497971318301644 0.0024645010143559691 -0.00074124079272247078 -0.0023370081509527952 0.0077074445256874015 0.0044235825832654738 -0.0042565903681991762 -0.000563863143813156 -0.0035655637373161356 0.0042065403287289763 -0.0015923233929327635
leaf_weight=1175.6361563056707 23795.955132648349 9937.416956782341 510.43279501795769 4555.125637665391 656.62280867993832 592.48504737019539 2181.2343185842037 1759.0810934156179 543.5094298273325 7238.7133105248213 2885.1191288977861 4255.5318082869053 3297.5246680080891 2748.0212175995111 1103.8481715917587 1018.1392139047384 709.33552612364292 3923.7468695640564 2258.6826910674572 1441.2476294189692 1185.4307076334953 541.02244620025158 736.83384057879448 542.40738533437252 951.89124117791653 751.50902315974236 4690.537671521306 810.05618473887444 1018.2207023054361 525.95829500257969
leaf_count=4712 95463 39847 2047 18263 2633 2380 8743 7054 2181 29029 11586 17095 13217 11025 4427 4102 2845 15744 9067 5778 4774 2169 2955 2177 3813 3052 18821 3248 4093 2110
internal_value=6.74408e-05 0.000762482 0.00153019 0.00268675 0.00328539 6.29599e-05 0.000508027 0.00187245 -0.000154395 0.000349279 0.000812312 -0.000918301 0.00121826 0.000269946 -0.00313628 -0.000402012 0.000184058 -0.000718307 0.000394061 -0.000970602 0.00141108 0.00234525 0.000938145 0.00414526 0.00255941 -0.000323962 -0.00068458 -0.000298038 0.000131531 0.00223387
internal_weight=88341.3 21368 11430.6 6387.38 5211.75 5043.23 4532.8 2351.57 66973.2 22072.3 16169.4 5902.89 13284.3 6045.55 1647.36 44901 15740 29160.9 15030.7 25237.2 6216.27 3957.59 2229.75 1727.84 1492.91 8814.42 7796.28 7044.77 6234.72 1544.18
internal_count=354450 85679 45832 25608 20896 20224 18177 9434 268771 88560 64857 23703 53271 24242 6608 180211 63226 116985 60381 101241 24955 15888 8937 6951 5982 35426 31324 28272 25024 6203
is_linear=0
shrinkage=0.03


Tree=184
num_leaves=31
num_cat=0
split_feature=40 7 35 39 40 31 41 28 13 10 40 22 21 40 24 13 31 16 33 25 20 17 10 17 5 21 43 39 22 31
split_gain=8.69756 13.129 12.6903 6.00739 11.471 8.78628 12.8448 7.70377 7.68934 11.4226 31.0093 13.7525 16.6095 11.9388 11.2645 11.0902 10.7515 12.1175 9.98585 9.08944 8.76223 8.21591 9.00469 7.95122 7.76044 10.707 8.42983 7.76882 7.65005 7.62505
threshold=-0.99618521332740773 0.4151348620653153 -0.24249291419982907 -0.46946710348129267 0.84338340163230907 0.79828259348869335 1.0000000180025095e-35 -0.67252039909362782 -7.5292294025421134 0.25665678083896643 0.20790971815586093 0.96774584054946911 0.93897357583045971 -0.34201689064502711 1.0901880264282229 -7.7305018901824942 -0.47247199714183802 0.14374289661645892 0.69832074642181408 0.87954673171043407 0.75934863090515148 -0.081020452082157121 0.60273277759552013 0.063406508415937438 0.48146083950996404 0.59944280982017528 0.56666669249534618 -0.86601716279983509 1.2243818640708926 0.42781195044517523
decision_type=2 2 2 2 2 2 2 2 2 2 2 2 2 2 2 2 2 2 2 2 2 2 2 2 2 2 2 2 2 2
left_child=1 2 -1 4 8 -5 -7 -6 15 11 14 -10 13 16 -11 18 -13 -18 20 -12 28 -17 23 -23 25 27 -26 -16 -2 -22
right_child=3 -3 -4 5 7 6 -8 -9 9 10 19 12 -14 -15 24 21 17 -19 -20 -21 29 22 -24 -25 26 -27 -28 -29 -30 -31
leaf_value=-0.00016300264367350624 -0.004673027233107821 -0.0011439191970004402 0.0053658374467739304 -0.00018375387072493848 0.0056943653662644639 -0.00017683867700643826 0.0058296438686246763 0.0006553329531789171 0.0037269861591529992 0.0058880517587267533 -0.0030490613176379594 0.0020789424399616716 -0.0047657127502268755 0.00038582975942510025 -1.0692958505117787e-05 0.0037239093365961525 -0.0042035472311966323 -0.00044243174737079055 -0.0036465136653778783 0.0014540219946662552 0.00044462215126448747 -0.00057188695924056683 -0.002382552851677456 0.003715339743418985 -0.0020653464724706945 0.0065677700703493077 0.0027910297676982544 0.0044169570999879294 0.00049251690113895862 0.0030099565485975544
leaf_weight=574.2375086247921 507.52644816040993 855.2469951659441 1056.474089384079 54086.340339779854 591.02615635097027 778.84158085286617 533.72877942025661 505.73411427438259 559.12146684527397 682.97726576030254 1710.052182123065 513.52445268630981 972.9598268866539 4558.8985239416361 1002.1392076611519 1700.9240920692682 1770.2719891965389 1364.3767514526844 543.1709785759449 520.37842191755772 6777.0936423689127 632.98295715451241 541.90328548848629 991.70216664671898 792.0812166929245 507.25180472433567 527.1218955218792 543.68444736301899 511.17334757745266 1223.5900363177061
leaf_count=2308 2034 3433 4236 217020 2371 3129 2143 2032 2240 2738 6857 2066 3904 18300 4018 6824 7094 5476 2185 2087 27188 2540 2173 3980 3177 2032 2114 2180 2049 4906
internal_value=0.000112245 0.00185801 0.00342979 6.15421e-05 0.000399205 -0.000124712 0.00229118 0.0033977 0.00028644 -0.0001573 0.000838898 -0.000800452 -0.00107996 -0.000637737 0.00239955 0.000815636 -0.00191438 -0.00257311 0.000266582 -0.00199665 0.000506016 0.002169 0.000936792 0.00205174 0.00167772 0.00282683 -0.000118456 0.00156494 -0.00210142 0.000840221
internal_weight=88436.5 2485.96 1630.71 85950.6 30551.7 55398.9 1312.57 1096.76 29454.9 16024.8 6285.69 9739.15 9180.03 8207.07 4055.26 13430.1 3648.17 3134.65 9562.55 2230.43 9019.38 3867.51 2166.59 1624.69 3372.28 2053.08 1319.2 1545.82 1018.7 8000.68
internal_count=354834 9977 6544 344857 122565 222292 5272 4403 118162 64283 25203 39080 36840 32936 16259 53879 14636 12570 38362 8944 36177 15517 8693 6520 13521 8230 5291 6198 4083 32094
is_linear=0
shrinkage=0.03


Tree=185
num_leaves=31
num_cat=0
split_feature=20 6 9 39 36 7 17 21 15 40 20 36 11 4 43 11 7 4 19 9 17 30 43 43 23 7 11 6 40 31
split_gain=9.68571 10.078 9.99248 9.85079 13.1433 13.7694 11.6604 9.85106 8.98931 8.85734 8.13673 7.92004 7.84684 8.15719 7.85075 9.59105 19.946 11.9549 11.9847 8.43659 8.11311 10.0404 7.80172 7.62143 8.05636 10.7211 7.60454 13.4183 12.755 14.2308
threshold=3.1090234518051152 2.125495553016663 0.60687014460563671 -0.45398618280887598 0.91436210274696361 -1.7627430558204649 -0.5980052351951598 0.36625526845455175 -8.1257820129394513 0.8386625647544862 1.0307794213294985 0.98425099253654491 1.4337185025215151 -1.365516662597656 0.90000000596046459 1.826401472091675 0.35626971721649175 0.044808184728026397 0.53236800432205211 -0.12117645889520644 -0.8118394911289214 -1.1184732317924497 0.5000000149011613 0.43333333730697637 0.76801672577857982 -0.31708951294422144 -0.71226772665977467 0.5974005162715913 0.48480500280857092 -0.28887446224689478
decision_type=2 2 2 2 2 2 2 2 2 2 2 2 2 2 2 2 2 2 2 2 2 2 2 2 2 2 2 2 2 2
left_child=1 3 -2 4 5 -1 7 -7 -6 10 -8 -10 -5 -14 15 16 19 20 -19 -15 -17 -22 -20 -13 25 -25 27 28 29 -12
right_child=2 -3 -4 12 8 6 9 -9 11 -11 26 23 13 14 -16 17 -18 18 22 -21 21 -23 -24 24 -26 -27 -28 -29 -30 -31
leaf_value=-0.0047646036024025238 0.00046733772830589922 -0.0030959489897027606 0.0057774349064311711 -0.00015468612787316663 0.0048177793167020746 0.0062277669641020569 -0.00098589656861573609 0.0007191805303658472 0.0036586964810439598 0.002764866057011994 0.0033221936552068586 -0.00089038368657675619 -0.0047569616989833249 0.0025892898438410177 -0.0045059297750313218 -0.0047610824381903363 -0.0059286856676765308 0.0048869815682725699 -0.001579515737406185 -0.0019896431362848186 0.0027529047638635566 -0.0021537210651979425 0.0025405873926843481 0.00028551727932448259 -0.00084151490340232736 0.0056434013845879909 -2.1452992516408379e-05 0.0060281721121894696 0.0047876317386246585 -0.0025536144041646202
leaf_weight=506.39796213805676 859.01227197051048 987.00959946215153 499.15053650736809 48088.443843841553 719.670072093606 500.72301964461803 6450.5258405357599 689.83427473902702 949.8306488096714 1013.2056115865707 545.99687929451466 1681.8489623218775 524.93492928147316 601.52598829567432 500.05981114506721 501.23385156691074 822.58787541091442 701.63998432457447 931.67424213886261 878.07953187823296 570.21575336158276 1053.5923957675695 727.75063970685005 625.94880832731724 669.90655410289764 718.73646377027035 12962.742456018925 516.36945532262325 508.54538260400295 1105.667082875967
leaf_count=2045 3492 3977 2009 192917 2888 2010 25842 2765 3808 4066 2193 6742 2112 2411 2009 2011 3304 2813 3739 3520 2286 4225 2917 2511 2686 2880 52013 2071 2043 4433
internal_value=-5.77134e-05 -9.70645e-05 0.00244686 -6.23181e-05 0.000374515 8.29765e-05 0.000185943 0.00306855 0.00171927 3.61314e-05 -9.02232e-05 0.00123002 -0.000298069 -0.00117922 -0.000915372 -0.000644635 -0.00221422 0.00016398 0.00162994 -0.000123216 -0.00146481 -0.000424409 0.000231775 0.000597765 0.00183838 0.00316983 0.000279596 0.00173224 0.000682307 -0.000602922
internal_weight=88412.9 87054.7 1358.16 86067.7 30165.9 24800 24293.6 1190.56 5365.94 23103.1 22089.8 4646.27 55901.7 7813.3 7288.36 6788.3 2302.19 4486.11 2361.06 1479.61 2125.04 1623.81 1659.42 3696.44 2014.59 1344.69 15639.3 2676.58 2160.21 1651.66
internal_count=354738 349237 5501 345260 120996 99481 97436 4775 21515 92661 88595 18627 224264 31347 29235 27226 9235 17991 9469 5931 8522 6511 6656 14819 8077 5391 62753 10740 8669 6626
is_linear=0
shrinkage=0.03


Tree=186
num_leaves=31
num_cat=0
split_feature=0 22 40 28 0 22 22 8 7 25 25 0 40 4 12 4 11 39 7 6 40 4 11 39 11 6 25 6 7 6
split_gain=7.59629 6.53363 11.3409 13.7481 12.0521 9.33703 8.5653 11.6235 14.134 12.207 11.7767 10.8183 10.5755 15.828 11.9175 8.92811 8.8447 8.33734 12.5932 10.3128 7.93945 17.6782 11.7377 13.1456 16.1899 10.3264 12.4672 9.86893 10.4789 9.7879
threshold=-2.6699142456054683 1.0433117747306826 0.91353675723075878 -1.5518638491630552 -0.10288050025701521 0.9134068787097932 1.6273013949394228 0.095202751457691207 -0.84113895893096913 0.43824869394302374 0.53477063775062572 -1.027965724468231 0.77161723375320446 -0.34693142771720881 -7.4798033237457267 -0.10732481628656386 0.49813738465309149 0.99356240034103405 0.48440550267696386 -0.30268758535385126 0.34201689064502722 -1.7252045869827268 1.826401472091675 -0.043618973344564431 2.3381161689758305 0.88202574849128734 0.45774924755096441 -0.9334331452846526 -0.28885978460311884 -1.3050211071968076
decision_type=2 2 2 2 2 2 2 2 2 2 2 2 2 2 2 2 2 2 2 2 2 2 2 2 2 2 2 2 2 2
left_child=-1 2 4 -4 5 -2 17 9 -9 -8 15 16 13 -13 -14 -10 -12 20 19 -19 22 -22 25 -24 -25 29 -27 28 -23 -3
right_child=1 6 3 -5 -6 -7 7 8 10 -11 11 12 14 -15 -16 -17 -18 18 -20 -21 21 27 23 24 -26 26 -28 -29 -30 -31
leaf_value=0.0026120049183202213 0.00014324031080729837 -0.0027803603145941029 0.00013179818303884173 -0.0050549992889121253 0.00047463760163778926 -0.0026853081581762724 -0.00052156128403137191 0.0043546405731782851 -0.0001551856823816255 -0.0026596324802303133 0.0049347843193250874 0.0030808962927026404 7.1279980743324966e-06 -0.00024161226588487926 -0.0044991053352817587 -0.0056549814482333583 -0.00011133081651502362 0.003527448509306762 0.0061851291535061472 -0.0018343818937390536 -0.0048678217490944597 0.0013743014209327469 0.0054218381332865528 0.0041443256922882041 -0.0022761589674496043 -0.0056221694851715902 -0.00097777239695149036 0.0005691978583963898 0.006120228155343653 7.213795549749424e-05
leaf_weight=944.21041369438171 1747.723803088069 1130.6972118616104 797.82559934258461 1074.3517443239689 6596.4735625237226 2618.5248607695103 9832.82379758358 694.91159714758396 509.52680377662182 3173.8350449502468 749.02930024266243 1619.7384455054998 1233.6433470845222 6192.4132210463285 913.65086567401886 546.3368873000145 530.79981730878353 591.93578559160233 513.56598803400993 686.9830826073885 496.68998424708843 1413.6539123505354 677.27034176886082 591.77326475083828 846.84161722660065 626.87501734495163 2875.2708112299442 16380.631754487753 590.1237471550703 21261.317919433117
leaf_count=3827 7002 4554 3198 4307 26429 10493 39561 2789 2044 12730 3004 6491 4958 24889 3674 2191 2130 2375 2059 2753 2004 5682 2715 2373 3396 2512 11544 65676 2367 85202
internal_value=-5.02343e-05 -7.92526e-05 -0.000704238 -0.0028557 -0.000334552 -0.00155536 2.82401e-05 -0.00041133 0.000223393 -0.00104493 -1.34514e-05 0.000272122 -6.26175e-05 0.000450321 -0.00192219 -0.00302731 0.00285731 0.000263004 0.00226525 0.000655405 0.000185998 0.000661288 -0.000134508 0.00200853 0.00037528 -0.00031033 -0.00182275 0.000813233 0.00279545 -7.30773e-05
internal_weight=88459.4 87515.2 12834.9 1872.18 10962.7 4366.25 74680.3 25996.7 12990.1 13006.7 12295.1 11239.3 9959.45 7812.15 2147.29 1055.86 1279.83 48683.6 1792.48 1278.92 46891.1 18881.1 28010 2115.89 1438.61 25894.2 3502.15 18384.4 2003.78 22392
internal_count=354929 351102 51429 7505 43924 17495 299673 104461 52170 52291 49381 45146 40012 31380 8632 4235 5134 195212 7187 5128 188025 75729 112296 8484 5769 103812 14056 73725 8049 89756
is_linear=0
shrinkage=0.03


Tree=187
num_leaves=31
num_cat=0
split_feature=14 32 15 15 9 42 3 19 26 29 39 11 0 13 19 11 26 24 28 29 43 30 14 19 15 29 0 8 9 11
split_gain=7.14033 18.8615 8.88531 19.807 15.0575 12.1547 10.2799 10.2341 12.0905 10.4602 10.3961 10.313 10.7141 9.48424 9.18704 9.13469 16.1178 12.5107 13.9631 14.053 10.3593 11.7094 13.0164 11.3066 8.16297 8.01425 8.00391 7.87165 7.86535 12.3215
threshold=-8.8852944374084455 0.21174201369285586 -7.69053030014038 -7.7142713069915763 -1.2168913483619688 -0.56174489110708226 -0.11814812943339346 0.027040190994739536 0.2072294428944588 -0.67654946446418751 0.61565563082695018 -0.11730062216520308 -0.30280657112598414 -8.4542179107665998 0.39597170054912573 0.14695696532726291 -0.80879464745521534 1.2648571729660036 -1.5812269449234007 0.16915218532085421 0.36666667461395269 0.28147520124912268 -7.935680389404296 0.28575538098812109 -7.6677050590515128 -0.24167498201131818 -0.60370129346847523 0.41535039246082311 -0.19354259967803952 0.17653308063745501
decision_type=2 2 2 2 2 2 2 2 2 2 2 2 2 2 2 2 2 2 2 2 2 2 2 2 2 2 2 2 2 2
left_child=1 -1 3 4 -2 -5 -7 8 11 10 28 26 -13 14 -4 16 -11 18 -17 -20 21 22 -19 -22 27 -18 -6 -15 -9 -30
right_child=2 -3 13 5 7 6 -8 9 -10 15 -12 12 -14 24 -16 17 25 20 19 -21 23 -23 -24 -25 -26 -27 -28 -29 29 -31
leaf_value=-0.00018270866303672179 -0.0029749842896395146 0.0065929098579241415 -0.00026557698216757715 -0.0074683403820011004 -0.00055409718117214448 0.0011390974839403584 -0.0044050828427290327 0.0050169333403958793 -0.0047033898842281461 0.0017346609805695696 -0.001037201703321678 -0.00080589105110673331 0.003864743799057446 0.0036803997918473221 0.0047029658028310186 -0.0066364742488014038 -0.0034201586825148471 -0.00085579775822470692 0.001252728476868041 -0.0037073170175981984 0.0044159554249058666 0.0019007837209607382 -0.0063784100924828427 0.00013684874681499761 8.8823729584676954e-06 -0.00012807188803361599 -0.00533341193117796 -0.00080957118103642113 -0.0019000304627767512 0.0042692554225787372
leaf_weight=1230.0350437164307 1773.8385141640902 518.37450721859932 580.4101983755827 512.02028165757656 683.60816261172295 533.19820660352707 671.32322835922241 918.80690935254097 823.1495743393898 4724.0276448428631 808.54666736721992 1392.0284441262484 635.98843477666378 1049.4140454381704 778.6553803384304 572.4378065019846 866.12647213041782 1029.3470630645752 969.56703989207745 1075.1910704523325 688.12483882904053 614.72704614698887 606.32009910047054 2728.1009973883629 56482.860130444169 2772.1155721694231 579.62566874921322 521.17611321806908 556.56847903132439 591.67292639613152
leaf_count=4933 7123 2081 2329 2053 2742 2140 2693 3697 3312 18938 3244 5586 2551 4210 3122 2295 3476 4131 3887 4314 2759 2466 2433 10938 226642 11119 2324 2091 2232 2373
internal_value=-4.03614e-05 0.00185222 -7.88082e-05 -0.000528581 -0.000317179 -0.003638 -0.0019617 -0.000116543 -0.00147439 0.000170246 0.00183774 -0.000655008 0.000670602 0.000126603 0.00259463 -0.000118741 0.000580384 -0.000824337 -0.00253554 -0.00136075 -3.09248e-05 -0.0016073 -0.00292928 0.00100916 6.83878e-05 -0.000919019 -0.00277172 0.00219478 0.00296188 0.00128833
internal_weight=88287.4 1748.41 86539 27126.5 25409.9 1716.54 1204.52 23636.1 4114.4 19521.7 2875.59 3291.25 2028.02 59412.5 1359.07 16646.1 8362.27 8283.82 2617.2 2044.76 5666.62 2250.39 1635.67 3416.23 58053.5 3638.24 1263.23 1570.59 2067.05 1148.24
internal_count=354234 7014 347220 108826 101940 6886 4833 94817 16515 78302 11546 13203 8137 238394 5451 66756 33533 33223 10496 8201 22727 9030 6564 13697 232943 14595 5066 6301 8302 4605
is_linear=0
shrinkage=0.03


Tree=188
num_leaves=31
num_cat=0
split_feature=31 11 26 17 18 8 25 18 31 35 12 10 36 34 41 25 11 7 42 15 22 11 42 11 6 15 10 29 34 15
split_gain=11.3604 9.19786 8.58486 10.9274 10.903 15.1513 13.9059 8.88942 8.5998 9.43349 10.7811 11.263 17.2509 13.7867 12.0551 10.5948 18.1695 12.1221 12.5016 13.0196 12.8717 11.5187 11.7726 15.9605 15.0756 18.1744 13.6796 11.6138 11.3003 10.7202
threshold=0.79828259348869335 0.049324471503496177 -2.4314752817153926 0.21451745182275775 0.98314774036407482 -1.1344964504241941 0.84422373771667492 1.0501102805137636 -0.72790706157684315 0.081289231777191176 -7.2717788219451895 0.54937475919723522 0.98425099253654491 0.21935562789440158 0.6078576147556306 0.42608331143856054 -0.38733747601509089 -0.16891358047723767 -0.56174489110708226 -7.4766271114349356 1.5368885993957522 1.0760737657546999 0.81174489855766307 -0.65905842185020436 -0.079972874373197542 -7.2483296394348136 -0.065351270139217363 0.10459407046437265 -0.13622118532657621 -7.0683891773223868
decision_type=2 2 2 2 2 2 2 2 2 2 2 2 2 2 2 2 2 2 2 2 2 2 2 2 2 2 2 2 2 2
left_child=2 -2 3 4 5 -1 -7 -6 -4 15 11 13 -13 14 -11 21 17 28 19 -19 -20 22 24 -24 -10 27 -25 -26 -17 -27
right_child=1 -3 8 -5 7 6 -8 -9 9 10 -12 12 -14 -15 -16 16 -18 18 20 -21 -22 -23 23 26 25 29 -28 -29 -30 -31
leaf_value=-0.0046638756501109031 0.0047452296046999083 0.00036299567784677206 0.0018476097349973853 -0.003669430639667804 -0.0041537613237127916 0.0011197118130127671 -0.0025817495904807133 -0.00085945337221657737 0.00025881612000535226 0.0032737448375680486 0.0015229888554316882 -0.00086330911898661541 0.0018350004112216757 7.7460568970227426e-05 -0.0005258960434142354 0.00043836111510808031 -0.0020954976811441159 0.0024825148103373375 0.0034463497244531151 -0.0035435111016986864 -0.00053883741047916261 0.0022214333886380554 -0.0028308426871853933 0.0043452160522900185 -0.00094532211103643521 0.0041064025905538813 -0.00039906894278933882 -0.0040624320098379555 -0.0041127917092791538 -0.00098744877211686733
leaf_weight=503.62078769505024 833.95965415239334 884.75677396357059 2709.6147567480803 951.38648983836174 829.5347148925066 7147.4806354045868 1037.5123763680458 6137.3638215810061 12466.498211205006 3006.6623773872852 7223.9449139237404 11282.164199307561 2619.094660654664 6284.3122214525938 997.47716721892357 1002.2860870808363 6017.5955557525158 499.01179809868336 2083.5513759106398 875.26558493077755 1115.7417113184929 2222.7689659297466 560.72664503753185 1611.7309209257364 2068.0704560428858 654.05400840938091 822.99189355969429 2249.7900772839785 949.30174694955349 838.12778840959072
leaf_count=2020 3347 3555 10911 3814 3326 28652 4164 24615 50114 12047 28982 45257 10502 25236 3996 4022 24118 2000 8348 3508 4474 8922 2252 6473 8285 2620 3303 9014 3803 3358
internal_value=9.64125e-05 0.0025045 4.84293e-05 -0.00056472 -0.000373825 0.000335046 0.000647945 -0.00125709 0.00019362 0.000126913 0.000506831 0.000202865 -0.000353975 0.000954854 0.00232826 -0.000204308 -0.00090795 0.000188754 0.00103308 -0.00135328 0.00205918 0.00017156 -4.35799e-05 0.00169649 -0.000329542 -0.00159025 0.00274647 -0.0025751 -0.00178512 0.00125776
internal_weight=88486.4 1718.72 86767.7 16606.9 15655.5 8688.61 8184.99 6966.9 70160.8 67451.2 31413.7 24189.7 13901.3 10288.5 4004.14 36037.5 12542.8 6525.16 4573.57 1374.28 3199.29 23494.8 21272 2995.45 18276.5 5810.04 2434.72 4317.86 1951.59 1492.18
internal_count=355038 6902 348136 66591 62777 34836 32816 27941 281545 270634 126020 97038 55759 41279 16043 144614 50273 26155 18330 5508 12822 94341 85419 12028 73391 23277 9776 17299 7825 5978
is_linear=0
shrinkage=0.03


Tree=189
num_leaves=31
num_cat=0
split_feature=21 12 32 43 43 23 6 15 9 23 29 26 15 9 37 10 0 15 17 4 5 41 22 15 41 10 43 12 43 22
split_gain=5.76866 12.6711 11.7126 9.73337 9.67623 14.6558 11.767 11.5126 9.73453 8.2982 7.94866 7.59123 12.3594 10.6367 15.0694 10.5862 10.0506 9.71127 17.8198 8.48938 8.70722 9.78082 8.88998 10.1338 13.1608 10.243 8.58912 8.36673 8.64402 12.442
threshold=0.10148422047495843 -8.7072329521179181 -0.20454577356576917 0.90000000596046459 0.30000001192092901 0.40268468856811529 -0.88651317358016957 -7.362957000732421 0.37872177362442022 0.069013543426990523 -0.91632872819900502 -1.629459500312805 -6.6136574745178214 -0.130152553319931 -0.26665288209915156 0.69609609246253978 -0.29362453520297999 -8.5027399063110334 -0.043527403846383088 -0.68069276213645924 0.80558511614799511 -1.0000000180025095e-35 1.5318934321403506 -7.362957000732421 1.0000000180025095e-35 -0.35488124191761011 0.63333335518836986 -7.1440865993499747 0.16666667163372043 1.3170322179794314
decision_type=2 2 2 2 2 2 2 2 2 2 2 2 2 2 2 2 2 2 2 2 2 2 2 2 2 2 2 2 2 2
left_child=1 9 3 4 6 10 7 -3 -7 -1 -6 13 17 14 16 19 -2 18 -13 -16 22 -22 23 24 25 -21 -25 28 29 -15
right_child=11 2 -4 -5 5 8 -8 -9 -10 -11 -12 12 -14 27 15 -17 -18 -19 -20 20 21 -23 -24 26 -26 -27 -28 -29 -30 -31
leaf_value=0.00052640535416676392 -5.4187279166531581e-05 0.0056156957996307041 0.005252793454239825 0.0039948867709208693 0.0023566344167666388 0.003907223686291237 0.00048964561964538571 0.00021662985557928136 -0.00033422599268596355 -0.0036084294215332092 -0.0012268985482988349 -0.00062567384954337574 0.0033902428100344739 -0.0039189225537610266 -0.0033340787907440946 0.0026872214019694305 0.0045802646655506074 0.00010685896677362144 0.0063301497948849922 0.0057717615844633165 0.00041272308455731247 -0.0047377095910173129 -0.001517742577861638 0.0006206134696770117 -0.00061452619228592655 0.0013617740055677317 -0.0039355774103625174 -0.0034966579111976909 -0.00032133162111488045 -0.00011498586431995556
leaf_weight=800.57083348929882 671.72443918883801 1037.4166155457497 546.78695602715015 795.61525699496269 617.16900117695332 1167.6217684298754 2551.6696534454823 539.28680503368378 827.90771161019802 945.52186594903469 5017.7286800444126 687.73348332941532 1098.6321400403976 1607.8907702714205 840.46734955906868 1051.1047216653824 1117.9664221554995 43612.767155483365 626.97015310823917 918.60059571266174 609.41300876438618 714.68866148591042 1777.8375643491745 1103.1767895668745 1091.2632351070642 984.95899918675423 550.46543887257576 1010.3689407706261 11944.229639828205 1484.5986711829901
leaf_count=3211 2693 4199 2191 3202 2497 4678 10240 2188 3317 3792 20189 2759 4407 6447 3371 4213 4482 174945 2515 3683 2444 2865 7130 4420 4372 3947 2206 4052 47883 5962
internal_value=0.000134435 0.000673591 0.000993729 0.000804199 0.000585102 -4.83381e-05 0.00175317 0.00378203 0.00215463 -0.00172044 -0.000830928 2.54539e-05 0.000261003 -0.000369036 0.000330114 -0.000140115 0.00285018 0.000183745 0.00271424 -0.000488765 -0.000176316 -0.00238192 0.00028113 0.000970902 0.00200937 0.00350894 -0.000910594 -0.000866994 -0.000688091 -0.00209904
internal_weight=88352.2 14847.3 13101.2 12554.4 11758.8 7630.43 4128.37 1576.7 1995.53 1746.09 5634.9 73504.9 46026.1 27478.8 11431.7 9641.98 1789.69 44927.5 1314.7 8590.87 7750.4 1324.1 6426.3 4648.47 2994.82 1903.56 1653.64 16047.1 15036.7 3092.49
internal_count=354500 59704 52701 50510 47308 30681 16627 6387 7995 7003 22686 294796 184626 110170 45826 38651 7175 180219 5274 34438 31067 5309 25758 18628 12002 7630 6626 64344 60292 12409
is_linear=0
shrinkage=0.03


Tree=190
num_leaves=31
num_cat=0
split_feature=11 19 40 37 16 7 29 16 37 0 5 39 30 5 29 23 23 31 39 5 5 29 13 13 20 10 10 39 10 11
split_gain=11.0367 11.4429 10.9938 16.9574 12.0522 10.5258 8.39047 12.4825 7.70866 7.54153 8.55658 7.51053 8.00396 11.0941 10.1109 8.96912 11.2832 8.38872 9.07438 7.9645 7.86352 7.75782 7.01797 7.95767 8.30616 6.98405 8.86129 6.96359 9.20135 14.5073
threshold=1.0580846071243288 0.66109192371368419 -0.12186817824840544 0.2000028192996979 -0.073715351521968828 0.53460875153541576 0.9254569709300996 -0.21624371409416196 -0.022215780802071091 -2.6699142456054683 -2.4955472946166988 -0.75470238924026478 -1.2765038609504697 -1.1347024440765379 0.15556698292493823 0.39026747643947607 0.21840884536504748 0.34397366642951971 0.017452239990234378 -0.52505019307136525 0.39084789156913763 0.12626154720783236 -7.8029482364654532 -7.2967443466186515 1.2809518575668337 1.9541328549385073 1.676944434642792 -0.99451243877410878 0.95718875527381908 0.69678130745887767
decision_type=2 2 2 2 2 2 2 2 2 2 2 2 2 2 2 2 2 2 2 2 2 2 2 2 2 2 2 2 2 2
left_child=6 11 3 5 -5 -3 9 -8 -4 -1 -11 19 14 -14 -13 16 -15 18 -17 -2 -20 -21 -10 24 -24 26 27 -12 -29 -30
right_child=1 2 8 4 -6 -7 7 -9 22 10 25 12 13 15 -16 17 -18 -19 20 21 -22 -23 23 -25 -26 -27 -28 28 29 -31
leaf_value=0.0030417940608501934 -0.0026157790457694797 0.005764582828762339 -0.0039374300462414399 0.0017430335424043941 -0.0034684232276405115 0.00039923712797964558 0.0010880651341606561 -0.0036941217091347109 -0.0018876519473243639 -0.0037666591963697407 0.0017122853816816312 -0.0017123556674639208 0.00070216624000765746 -0.002691197850716847 0.0026326633946710991 -0.0034796302093956909 -0.0074472230307052684 -0.004142393860098949 -0.001205206990976719 0.0043687830524494113 0.0036048720066264657 -0.00071627965361916422 0.0051371472043463037 -0.0018383500376528584 -7.1125382890782279e-05 0.0026772390770143733 -0.0029170079427233509 -3.8606017093712502e-05 0.00031455179138390946 0.0035806387267670564
leaf_weight=787.55376745760441 510.3792442381382 919.50253254175186 626.71338891983032 870.16713197529316 721.63146148622036 511.87972815334797 806.39767570793629 1232.3698113560677 1371.938717648387 499.25097887217999 2431.0133621692657 1441.2455654293299 866.89420165121555 1159.3452834933996 711.79024887084961 700.39370872080326 743.30865967273712 1003.9005733132362 740.2440801858902 546.27098748087883 507.1554478853941 519.99260878562927 533.28296704590321 574.156624391675 558.74224212765694 950.09501177072525 854.75113444030285 58198.890827149153 4723.3896417170763 1643.1653509289026
leaf_count=3196 2050 3684 2514 3490 2898 2057 3236 4955 5504 2039 9750 5783 3491 4649 2855 2808 2979 4030 2969 2188 2034 2083 2138 2303 2244 3810 3428 233459 18945 6590
internal_value=-7.28295e-05 -0.00078175 0.000167819 0.00150439 -0.00062645 0.00386195 8.58832e-05 -0.00180654 -0.000935837 0.000141181 0.000107783 -0.00145319 -0.00183123 -0.00241712 -0.000270369 -0.00297446 -0.00457845 -0.00192856 -0.00077221 0.000434507 0.000763544 0.0019053 -0.000305772 0.00100024 0.00249583 0.000136441 0.000100474 0.000139401 7.99231e-05 0.0011618
internal_weight=88265.8 16138.9 6688.01 3023.18 1591.8 1431.38 72126.9 2038.77 3664.83 70088.1 69300.6 9450.92 7874.28 5721.24 2153.04 4854.35 1902.65 2951.69 1947.79 1576.64 1247.4 1066.26 3038.12 1666.18 1092.03 68801.3 67851.2 66996.5 64565.4 6366.55
internal_count=354159 64751 26832 12129 6388 5741 289408 8191 14703 281217 278021 37919 31598 22960 8638 19469 7628 11841 7811 6321 5003 4271 12189 6685 4382 275982 272172 268744 258994 25535
is_linear=0
shrinkage=0.03


Tree=191
num_leaves=31
num_cat=0
split_feature=41 22 39 23 15 22 39 8 11 21 15 13 12 29 16 39 7 33 2 10 11 42 43 14 11 29 10 10 22 6
split_gain=10.7696 15.5899 12.8388 11.8924 11.2068 10.9254 18.9848 12.0547 14.7785 12.7351 11.9192 10.7197 14.7229 10.35 15.389 12.6179 11.0141 12.0734 10.9485 11.7491 14.8158 14.666 10.4016 10.0614 9.77653 9.60492 9.45469 11.009 14.1883 9.48114
threshold=0.6078576147556306 2.6734571456909184 -0.99755457043647755 0.7533441185951234 -7.8497014045715323 1.3018746972084048 -0.86601716279983509 -0.87447360157966603 1.6251496672630312 0.85482469201087963 -7.5131084918975821 -8.1768803596496564 -8.1085000038146955 -0.076894123107194887 -0.81338021159172047 0.92717501521110546 -0.60277456045150746 -0.44463670253753657 0.21016404777765277 -0.12043337523937224 -0.48526021838188166 -0.56174489110708226 0.76666668057441723 -8.0761427879333478 2.3381161689758305 0.80768981575965892 0.62517315149307262 0.37373498082160955 1.1565032601356509 0.71254003047943126
decision_type=2 2 2 2 2 2 2 2 2 2 2 2 2 2 2 2 2 2 2 2 2 2 2 2 2 2 2 2 2 2
left_child=1 5 -2 24 -5 7 11 10 13 -10 -1 -7 -13 14 -9 18 -16 -18 19 21 -21 -15 -20 -23 25 -4 27 28 -6 -28
right_child=2 -3 3 4 26 6 -8 8 9 -11 -12 12 -14 15 16 -17 17 -19 22 20 -22 23 -24 -25 -26 -27 29 -29 -30 -31
leaf_value=0.0042712142721666978 0.0038600160259027235 -0.0043574927882716131 -0.00078220276891003001 -0.002165998257921129 0.0045553053458113613 -0.0047614578699478449 0.00019407789522877457 -0.0054277207941306185 0.0014880181324427423 0.0068595715296980086 0.00038668077346247926 0.0037279847951718057 -0.001633347317850983 0.00062322014805957129 -0.0027640547453128368 -0.0018504628722846115 0.0037865079135077917 -0.00017660964208160627 0.00081350905575154966 -0.0030900035235281033 0.0019487764850574002 0.0021941881642531941 -0.0027688177301756029 0.0074489023673695457 -0.0043991632626862835 -0.0044063966097195742 -0.00042723668477972533 -0.0039856949390969683 -0.00037802765928646572 0.0038578824477446465
leaf_weight=1566.1580606848001 567.38322149217129 667.49675206840038 16372.04683701694 1264.7126750648022 659.22859539091587 839.05413207411766 29805.733784168959 529.84562002122402 1590.1500217467546 523.36000311374664 1298.9447617679834 499.46273167431355 4884.3044849336147 864.86013545095921 1296.5582470744848 1386.3721040636301 756.89952309429646 7060.3230530023575 3755.1209956556559 651.97078152000904 2539.4269382208586 524.48678797483444 894.79091326892376 917.54031790792942 754.19702045619488 676.39115768671036 674.56544475257397 521.46917539834976 2423.2471147477627 1470.682880461216
leaf_count=6281 2275 2691 65666 5074 2641 3368 119712 2124 6375 2098 5210 2003 19607 3465 5204 5556 3042 28286 15053 2612 10176 2102 3588 3677 3023 2710 2704 2093 9725 5905
internal_value=-4.18183e-05 0.000168814 -0.000563224 -0.000665867 0.000380022 0.000218092 -0.000120732 0.000684658 0.00045821 0.00284419 0.00251756 -0.00162648 -0.00112998 0.000218867 -0.000506167 0.000824955 -0.000214408 0.000211465 0.00119191 0.00209683 0.000912967 0.0037236 0.000119693 0.00556596 -0.00107791 -0.00092849 0.000942886 2.88656e-06 0.00068835 0.00251471
internal_weight=88236.8 62852.9 25383.9 24816.5 7013.91 62185.4 36028.6 26156.8 23291.7 2113.51 2865.1 6222.82 5383.77 21178.2 9643.63 11534.6 9113.78 7817.22 10148.2 5498.28 3191.4 2306.89 4649.91 1442.03 17802.6 17048.4 5749.19 3603.94 3082.48 2145.25
internal_count=354046 252230 101816 99541 28142 249539 144690 104849 93358 8473 11491 24978 21610 84885 38656 46229 36532 31328 40673 22032 12788 9244 18641 5779 71399 68376 23068 14459 12366 8609
is_linear=0
shrinkage=0.03


Tree=192
num_leaves=31
num_cat=0
split_feature=26 5 32 22 23 11 18 27 29 10 42 29 19 27 39 14 3 9 22 4 22 20 34 18 11 23 28 3 24 36
split_gain=6.75152 16.6326 15.4932 12.9224 12.625 12.0153 13.9081 13.3901 11.9416 11.2013 15.2936 16.694 20.3579 15.6692 14.8176 13.8818 12.3308 11.8568 11.5787 12.9391 11.0142 10.8145 11.1887 10.8427 10.7195 10.4708 9.87734 10.3398 9.8253 13.0532
threshold=-0.72725495696067799 -1.8120409250259397 0.3596606999635697 1.2357598543167116 0.81545335054397594 -0.65905842185020436 1.4097855687141421 -0.97110217809677113 -0.54677304625511158 -0.10205358639359473 1.0000000180025095e-35 -0.0071228926535695783 0.6283341944217683 -0.28313001990318293 0.99253669381141674 -6.6969416141510001 -0.25131104886531824 0.58479353785514843 1.0707566738128664 -0.39693115651607508 1.0027275681495669 1.071744501590729 0.075826484709978118 0.92344489693641674 -1.3128000497817991 0.936037838459015 -2.0356333255767818 0.073933228850364699 2.2544139623641972 -0.84277686476707447
decision_type=2 2 2 2 2 2 2 2 2 2 2 2 2 2 2 2 2 2 2 2 2 2 2 2 2 2 2 2 2 2
left_child=1 -1 5 4 -4 6 8 -8 -2 15 14 12 -12 -13 17 28 -15 18 19 -11 -7 22 -19 -24 -20 -22 -18 -28 -3 -30
right_child=2 9 3 -5 -6 20 7 -9 -10 10 11 13 -14 16 -16 -17 26 21 24 -21 25 -23 23 -25 -26 -27 27 -29 29 -31
leaf_value=0.0044912563075363513 0.0033512209052430917 0.00015208289851815227 0.00041132283473780431 0.00088315393663044206 0.0058572823979557717 0.0026679869638624155 0.0012098020563674199 -0.0040118327122008668 -0.00091752107031250899 -0.006900256684108143 0.0011687192736539074 -0.0047696257200089852 -0.0022504700826482672 0.0013954487796172491 0.0038578310897388599 -0.0031016585657508782 9.0437944073317312e-05 0.0058395787657381055 -0.0041330899901689021 -0.0013959878469438915 0.00024491508892125199 -0.00022208745266769265 -0.00088480517134978843 0.0037848645660899234 -4.9336893177120105e-05 -0.0037797295598056111 -0.0067425873180840716 -0.0022769622941140443 -0.0016412439668855258 0.0030542986502868187
leaf_weight=663.58254761993885 760.09851133823395 18785.414123401046 610.18133668601513 6919.7282678931952 1026.8059488534927 1648.5405271351337 561.55133029818535 1999.6150382012129 2509.2308220565319 539.77529042959213 3614.7219640761614 1884.0548765361309 2751.2441540062428 1009.4435496330261 826.70970641076565 1053.8266676068306 1080.0940288454294 605.39458517730236 621.1695369631052 1301.6397401690483 18971.277961581945 3792.6292221099138 1023.684574380517 781.03818713128567 6934.5871436297894 590.19516764581203 601.77750776708126 2058.1332509368658 682.07271693646908 2339.9903611838818
leaf_count=2680 3051 75328 2445 27817 4117 6605 2274 8038 10055 2163 14496 7555 11028 4047 3314 4225 4331 2425 2490 5214 76178 15217 4106 3132 27807 2371 2413 8257 2734 9382
internal_value=2.18312e-05 -0.000192942 0.000341271 0.00145306 0.00384214 -1.09522e-05 -0.0012159 -0.0028667 8.21274e-05 -0.000253237 -0.000640172 -0.00140856 -0.000310198 -0.00246057 -3.16094e-05 0.000244872 -0.00153649 -0.000240068 -0.000911637 -0.00303801 0.000320697 0.000777191 0.0023441 0.00114583 -0.000390087 0.000121617 -0.00232945 -0.00330873 0.000407938 0.00199261
internal_weight=88548.2 52951 35597.2 8556.72 1636.99 27040.5 5830.5 2561.17 3269.33 52287.4 29426.1 12999.5 6365.97 6633.5 16426.6 22861.3 4749.45 15599.9 9397.17 1841.42 21210 6202.75 2410.12 1804.72 7555.76 19561.5 3740 2659.91 21807.5 3022.06
internal_count=355295 212344 142951 34379 6562 108572 23418 10312 13106 209664 117995 52127 25524 26603 65868 91669 19048 62554 37674 7377 85154 24880 9663 7238 30297 78549 15001 10670 87444 12116
is_linear=0
shrinkage=0.03


Tree=193
num_leaves=31
num_cat=0
split_feature=31 5 4 13 11 22 20 26 43 14 7 11 30 19 37 17 17 17 7 31 23 16 31 33 34 1 11 39 17 39
split_gain=6.40125 6.38716 10.3483 15.7064 8.58886 12.0104 13.9794 7.66164 12.737 10.5837 15.6786 10.2125 9.94041 8.09585 7.97807 10.0367 10.1395 9.06094 7.49942 6.79272 6.69527 6.47173 10.45 9.91918 8.49741 6.43636 6.15649 13.9213 12.8446 10.5259
threshold=-0.84322375059127797 0.76714003086090099 1.0502129793167116 -8.1937003135681135 1.6251496672630312 1.2688671350479128 1.608263432979584 -0.90649932622909535 0.63333335518836986 -7.9419507980346671 0.31892354786396032 -1.1224492788314817 -1.3394735455512998 0.57846391201019298 -0.086787592619657503 -0.27448767423629755 -0.38560111820697779 0.12216604128479959 0.53460875153541576 -0.086568679660558687 0.76070889830589306 -0.14389334619045255 0.044846592471003539 0.55420425534248363 0.46755959093570715 1.7032693028450014 0.45178548991680151 0.99618521332740795 0.48407356441020971 -0.017452239990234372
decision_type=2 2 2 2 2 2 2 2 2 2 2 2 2 2 2 2 2 2 2 2 2 2 2 2 2 2 2 2 2 2
left_child=-1 2 26 -4 7 -6 -7 8 9 10 -3 -9 -11 -10 17 16 -16 -13 19 -14 -15 24 -23 -24 -17 -25 27 -2 29 -28
right_child=1 4 3 -5 5 6 -8 11 13 12 -12 14 18 20 15 21 -18 -19 -20 -21 -22 22 23 25 -26 -27 28 -29 -30 -31
leaf_value=-0.0022154983902791829 0.00027909022905805661 -0.0074532749440001638 0.0065064535166410552 0.00086759271201711913 0.0052452018066582694 -0.0039441639990671004 0.0023003070721702525 -0.0032217305956263246 0.0032739834386102309 0.0017424358997645203 -0.0015577057589389661 0.00030649291695074575 -0.0024649956957218714 0.0018761653386298207 0.0002731485658724462 0.0026612010678305383 0.0049873711754777044 0.0055538197479282677 -0.00429765426307324 0.0018595083188025423 -0.0021031217089637956 -0.004021814207081695 -0.003914979478350681 0.0015931124161551885 -0.0018021531012052878 -0.0022556860646326224 0.0003297385975341271 0.0036700850807866816 0.0030122902509713131 -0.00099544675655944821
leaf_weight=1077.3454662710428 42742.112001270056 730.4767203181982 554.54798030853271 2111.5650332868099 538.66510112583637 502.21567571163177 861.86160928010941 823.5578735023737 646.06641148030758 758.07605594396591 913.8667271733284 709.68049684166908 827.73091842234135 586.19916178286076 1343.6344881504774 905.3223859667778 582.13520036637783 499.83558835089207 910.88948586583138 526.96543203294277 1044.1733947396278 1048.7473718822002 570.11073863506317 1429.331587061286 652.12911641597748 527.31035567820072 9822.3078217953444 1108.2174264490604 1031.8187918066978 11946.178303793073
leaf_count=4339 171480 2928 2224 8466 2159 2016 3464 3309 2590 3042 3670 2847 3317 2350 5402 3629 2340 2003 3663 2112 4195 4206 2285 5748 2622 2127 39392 4446 4136 47927
internal_value=7.21249e-05 0.000100621 0.000231197 0.0020604 -0.000403776 0.00149688 -1.07077e-05 -0.000630086 -0.00137962 -0.00227532 -0.00420595 -5.66965e-05 -0.00121498 0.000458995 0.000262068 -0.000124867 0.0017166 0.00250272 -0.00220786 -0.000781501 -0.000669657 -0.000817739 -0.00151951 -0.000469146 0.000792751 0.000549675 0.000157728 0.000365607 -0.000242057 -0.000397624
internal_weight=88333.1 87255.7 69316.7 2666.11 17939 1902.74 1364.08 16036.2 6944.44 4668.01 1644.34 9091.8 3023.66 2276.44 8268.24 7058.72 1925.77 1209.52 2265.59 1354.7 1630.37 5132.95 3575.5 2526.75 1557.45 1956.64 66650.6 43850.3 22800.3 21768.5
internal_count=354434 350095 278071 10690 72024 7639 5480 64385 27867 18732 6598 36518 12134 9135 33209 28359 7742 4850 9092 5429 6545 20617 14366 10160 6251 7875 267381 175926 91455 87319
is_linear=0
shrinkage=0.03


Tree=194
num_leaves=31
num_cat=0
split_feature=40 40 39 1 7 21 15 0 39 26 29 14 16 39 14 40 13 21 14 20 4 13 21 11 7 14 40 27 13 39
split_gain=6.66351 11.0711 14.792 14.2324 11.2676 10.2192 9.87689 9.3304 8.24193 12.4726 9.11458 8.64134 16.787 9.39541 10.5872 17.4447 9.58565 12.4321 10.8883 10.1558 11.7668 8.89766 13.1637 17.4023 8.37122 8.34484 8.62946 8.15108 13.3895 8.5885
threshold=-0.26723583042621607 -0.48480500280857081 0.80384919047355663 0.69856834411621105 0.54522705078125011 0.50010228157043468 -7.7708804607391349 1.5992158651351931 -0.30070292949676508 1.57979953289032 -0.63577467203140248 -7.935680389404296 0.15523090213537219 0.95104745030403148 -7.5622103214263907 0.9902586340904237 -7.8640153408050528 0.98640769720077526 -7.0352981090545645 1.071744501590729 0.2222145348787308 -7.8364424705505362 0.83566105365753185 0.56963378190994274 1.1385672092437746 -6.8772354125976554 0.95370787382125866 -0.13898023962974546 -7.3577234745025626 0.8870024085044862
decision_type=2 2 2 2 2 2 2 2 2 2 2 2 2 2 2 2 2 2 2 2 2 2 2 2 2 2 2 2 2 2
left_child=1 2 -1 4 6 -6 -3 8 9 -2 -10 12 24 14 15 -13 -16 18 19 20 -18 -15 23 -23 -12 -20 -27 28 -8 -29
right_child=7 3 -4 -5 5 -7 27 -9 10 -11 11 13 -14 21 16 -17 17 -19 25 -21 -22 22 -24 -25 -26 26 -28 29 -30 -31
leaf_value=-0.0001465673447691838 0.0010299750265392819 0.0012943529814778702 0.0026370599124751581 0.0012946752283743352 -0.0077188754797187448 -0.0022796998003656141 -0.0057867544028611505 -0.0013935033194513171 0.0011712998364607041 -0.0022846542046500162 0.00097233767407586228 -0.0028917268397528045 -0.002536405850876815 0.0027083192146548189 -0.0037622088462925789 0.001846989461382526 0.0037615717415974536 0.004196950979236432 -0.0045096897438109554 -0.00068153803794380064 -0.0015039719045591728 0.003281859162250256 -0.0042901302083198766 -0.0029634930202899709 0.0046803182358296589 0.0018711429561816604 -0.0031753380177350628 -0.0024725525325675168 -0.00011199529820821154 0.0023933073440601696
leaf_weight=28092.871052905917 19578.972391054034 1013.1302627921104 1819.9689753353596 1448.7027072161436 514.19022633135319 795.50792910158634 957.53455874323845 2743.7447073310614 5460.4249110966921 1068.6855129748583 5099.6834198534489 3969.7076132893562 1185.4680452048779 1338.4328467547894 638.25345361232758 840.96800151467323 1284.4773391485214 585.78612568974495 803.86545698344707 2694.3519564568996 535.3751432299614 1066.1523925662041 565.75980910658836 631.14935936033726 605.51194088160992 621.91543935239315 579.89252924919128 751.44037061929703 610.87134920060635 561.69255648553371
leaf_count=112714 78545 4063 7303 5810 2061 3193 3844 11018 21947 4303 20450 15927 4759 5366 2559 3376 5148 2351 3224 10817 2147 4275 2271 2530 2432 2494 2326 3010 2452 2251
internal_value=8.74464e-05 -0.000222708 2.36199e-05 -0.0013286 -0.0020599 -0.00445744 -0.0012443 0.000305971 0.000401097 0.000857393 7.04188e-05 -0.000190806 0.00069804 -0.000570101 -0.000957448 -0.00206123 -0.000269985 4.85439e-05 -0.000330031 0.000487582 0.00221277 0.000779079 -0.000368818 0.000955741 0.00137338 -0.00216354 -0.000569978 -0.00213827 -0.00359123 -0.000388824
internal_weight=88464.5 36565.9 29912.8 6653.07 5204.37 1309.7 3894.67 51898.6 49154.8 20647.7 28507.2 23046.8 6890.66 16156.1 12554.6 4810.68 7743.92 7105.66 6519.88 4514.2 1819.85 3601.49 2263.06 1697.3 5705.2 2005.67 1201.81 2881.54 1568.41 1313.13
internal_count=354966 146701 120017 26684 20874 5254 15620 208265 197247 82848 114399 92452 27641 64811 50369 19303 31066 28507 26156 18112 7295 14442 9076 6805 22882 8044 4820 11557 6296 5261
is_linear=0
shrinkage=0.03


Tree=195
num_leaves=31
num_cat=0
split_feature=33 33 12 9 2 39 15 10 24 4 20 37 22 22 12 8 9 35 0 20 30 31 22 37 39 7 11 23 15 8
split_gain=10.3592 8.56219 7.10589 10.1249 8.01317 7.84723 6.96081 11.8914 8.76444 8.47435 11.9613 12.5187 15.6792 12.4022 11.2855 10.9896 17.5783 14.7753 10.9941 10.6551 15.5508 10.437 10.4162 9.85049 11.5708 9.964 9.72507 9.84665 11.8222 11.1355
threshold=-0.7527305781841277 -0.80065602064132679 -7.0357143878936759 -0.52244499325752247 -1.2839531302452085 0.55918759107589733 -6.8368628025054923 1.2181451320648196 1.0728675723075869 -0.017085893079638478 1.0672532320022585 -0.33996455371379847 1.4864677190780642 0.87774699926376354 -8.7263293266296369 1.5862587094306948 1.0287033915519717 0.90815836191177379 0.17597299814224246 1.0219380259513857 -0.53819739818572987 -0.52573445439338673 1.499475955963135 -0.42855128645896906 0.52991423010826122 1.0000000180025095e-35 -0.61925536394119252 0.57932749390602123 -7.7010967731475821 0.75538623332977306
decision_type=2 2 2 2 2 2 2 2 2 2 2 2 2 2 2 2 2 2 2 2 2 2 2 2 2 2 2 2 2 2
left_child=1 2 3 5 -5 -1 9 8 -8 10 19 12 23 -13 -15 17 -17 -11 -18 21 -21 -2 -19 24 25 -12 -23 28 -28 -29
right_child=6 -3 -4 4 -6 -7 7 -9 -10 15 11 13 -14 14 -16 16 18 22 -20 20 -22 26 -24 -25 -26 -27 27 29 -30 -31
leaf_value=0.0050722794785628775 0.0023320244236872188 0.004491188581964645 -0.0014548421329108855 -0.0024758554563252743 0.0024652144970833327 0.00052416543039096033 -0.001694041183155645 -0.0022268276054565324 0.002169411010073325 0.0002062065930887343 0.00087763584539818612 -0.0054483995946458773 0.0022076144052143574 -0.0043540372914361216 -0.00092778280507961326 -0.0052970648023640474 -0.0026038907527436324 0.0069034282774605646 0.00222637699920018 -0.00068955854859391774 0.005298377862453461 0.0013338172411550527 0.00079565441840220201 0.0012284406665794042 -0.0050857335165438063 -0.004118333750954657 -0.0018534538598496421 -0.0033115320613482714 0.001147603306922054 0.00058682507162756946
leaf_weight=885.02644857764244 1451.8983435481787 698.94446617364883 877.04821762442589 690.76275485754013 500.84587207436562 556.07209302484989 605.58502055704594 845.90983682870865 3815.4485971033573 38701.750581368804 1183.2667121440172 609.24889183044434 2371.0305762141943 907.62696903944016 15471.316154494882 826.67045423388481 770.6748328357935 499.29256992042065 918.48055401444435 710.39175300300121 850.85108013451099 2321.1242426484823 501.88318656384945 1268.1258035898209 753.8325654566288 504.38785435259342 1930.9910796284676 2235.6245845556259 3008.7728236317635 929.83225309848785
leaf_count=3602 5821 2820 3573 2805 2024 2256 2429 3392 15304 155220 4751 2441 9517 3638 62038 3324 3093 2001 3688 2847 3410 9298 2014 5086 3023 2022 7739 8958 12055 3730
internal_value=3.19182e-05 0.00148254 0.000872328 0.00165016 -0.000395838 0.00333302 -4.09361e-05 0.00101388 0.00163757 -0.000111624 -0.000446275 -0.000860612 0.00030714 -0.00127852 -0.00112019 0.000177799 -0.00174103 0.000299796 2.02193e-05 0.000265045 0.00258672 -4.20288e-05 0.00387979 -0.000910233 -0.00202156 -0.000630969 -0.00037454 -0.00086481 -2.69071e-05 -0.00216817
internal_weight=88202.7 4208.7 3509.76 2632.71 1191.61 1441.1 83994 5266.94 4421.03 78727.1 36508.3 23068.8 6080.64 16988.2 16378.9 42218.8 2515.83 39702.9 1689.16 13439.5 1561.24 11878.2 1001.18 3709.61 2441.49 1687.65 10426.3 8105.22 4939.76 3165.46
internal_count=353919 17080 14260 10687 4829 5858 336839 21125 17733 315714 146374 92516 24399 68117 65676 169340 10105 159235 6781 53858 6257 47601 4015 14882 9796 6773 41780 32482 19794 12688
is_linear=0
shrinkage=0.03


Tree=196
num_leaves=31
num_cat=0
split_feature=35 24 9 24 41 14 11 6 35 26 9 28 8 32 14 14 22 13 14 1 26 37 35 29 17 29 33 24 6 28
split_gain=12.294 12.4493 14.8733 11.3696 11.1799 10.6861 12.1034 9.70902 8.594 8.09632 9.18216 8.21705 11.5527 11.1134 10.8558 18.5757 13.0307 9.27998 9.01239 7.85034 13.3004 8.94733 8.0111 7.72456 9.64387 7.27758 12.4723 10.9804 10.96 8.42513
threshold=0.66598549485206615 1.9088029861450198 1.4689131379127505 1.5685257911682131 0.6078576147556306 -7.0546319484710684 1.1128850579261782 0.47166848182678228 0.85590395331382763 1.9461662769317629 -0.28642271459102625 -1.6426061391830442 0.37646782398223883 0.48040552437305456 -7.9235272407531729 -8.1336445808410627 1.2133706808090212 -7.4155075550079337 -9.0271534919738752 -0.096346862614154802 -1.988187789916992 9.4796393635245362e-14 0.13065491616725924 0.27767153084278112 0.03644723258912564 -0.28532193601131434 0.13618575781583789 1.1233645081520083 -0.9334331452846526 -1.8206163048744199
decision_type=2 2 2 2 2 2 2 2 2 2 2 2 2 2 2 2 2 2 2 2 2 2 2 2 2 2 2 2 2 2
left_child=9 3 -3 -2 -5 6 8 -7 -4 11 -11 12 13 17 15 16 -14 25 -13 21 -21 22 -16 24 -19 27 28 -1 -27 -30
right_child=1 2 5 4 -6 7 -8 -9 -10 10 -12 18 14 -15 19 -17 -18 23 -20 20 -22 -23 -24 -25 -26 26 -28 -29 29 -31
leaf_value=-0.0014764222373254321 0.00050280515101327127 -0.0030995877852787964 -0.00080046516340640992 0.0024144339748150335 0.0077438352041421261 0.0059758867539229992 -0.0026674419714322632 0.00036704206086291029 0.0040378211841028844 0.0040771817127709256 -0.00027913602643150741 0.0028311141653720503 -0.0044927079438194639 -0.0021714685081742091 -0.0044853144291026716 0.0043739073321484101 0.0013359640133827134 0.0035120724139989542 -0.00045430388936872578 -0.0012512371918627703 -0.0059796437214899526 0.002716245859154118 0.00071076038075257742 0.0060722981875065219 -0.0015231343113760059 0.002738040037568122 0.0020181750633502713 0.0024703383595109994 -0.0018844194166218039 0.0016815919351890927
leaf_weight=784.26854194700718 1200.9979899376631 988.89490023255348 622.76025362312794 973.27574986219406 560.50949111580849 608.95716790854931 958.07057939469814 506.39692533016205 687.19429209828377 836.0212871581316 894.8637181520462 751.44246006011963 606.24281205236912 1064.0546134263277 500.8830059915781 851.0850965231657 777.14499452710152 981.637093141675 58191.15357118845 1710.6237361878157 774.33550487458706 628.86664044857025 554.59813016653061 501.09813331067562 515.73913033306599 695.88113850355148 2105.3726233243942 3188.1423184126616 3592.2434484213591 706.4607321023941
leaf_count=3145 4823 3968 2498 3907 2248 2440 3842 2030 2757 3381 3598 3015 2431 4268 2008 3413 3118 3938 233523 6861 3106 2521 2224 2009 2068 2796 8440 12789 14395 2831
internal_value=-8.28485e-05 0.00111274 0.000118333 0.00269634 0.00439957 0.00106523 -0.000120117 0.00345523 0.00174903 -0.000187601 0.00183631 -0.000231902 0.000284743 0.000763497 -0.000771543 0.000913045 -0.00123225 0.0010039 -0.000411946 -0.0016744 -0.00274271 -9.13969e-05 -0.00177401 0.00288053 0.0017792 0.000662891 8.70019e-05 0.00168938 -0.000729453 -0.00129583
internal_weight=88319.2 7107.06 4372.27 2734.78 1533.79 3383.38 2268.03 1115.35 1309.95 81212.2 1730.89 79481.3 20538.7 14134.9 6403.78 2234.47 1383.39 13070.8 58942.6 4169.31 2484.96 1684.35 1055.48 1998.47 1497.38 11072.4 7099.96 3972.41 4994.59 4298.7
internal_count=354391 28513 17535 10978 6155 13567 9097 4470 5255 325878 6979 318899 82361 56679 25682 8962 5549 52411 236538 16720 9967 6753 4232 8015 6006 44396 28462 15934 20022 17226
is_linear=0
shrinkage=0.03


Tree=197
num_leaves=31
num_cat=0
split_feature=12 9 40 19 9 35 22 25 31 24 15 4 14 4 10 27 6 12 10 10 12 39 24 25 27 12 7 14 22 29
split_gain=10.6202 11.1864 9.83743 9.71302 9.80824 9.40012 9.25423 12.534 10.4035 8.94524 16.0063 14.2604 12.6778 12.0095 9.60821 9.20208 13.6465 8.15081 8.66394 16.5764 11.2203 11.7374 10.2719 10.2177 8.11556 8.01598 10.396 8.9695 7.92647 9.70061
threshold=-7.5562050342559806 -1.1240391731262205 -0.79862791299819935 0.93280738592147838 -0.68546518683433522 -0.013162589166313408 1.1130945682525637 0.81353273987770092 -0.72790706157684315 1.341383755207062 -7.5282161235809317 -1.2109284996986387 -7.7773308753967276 0.026995460502803329 -1.30252468585968 -0.61895668506622303 -0.061232689768075936 -6.4599564075469962 0.9268578588962556 0.48393596708774572 -7.2808175086975089 -0.38267979025840754 1.9259906411170962 0.48848302662372595 -0.91957774758338917 -7.1550927162170401 0.4348264634609223 -7.2593841552734366 1.4069603681564333 0.020842513069510463
decision_type=2 2 2 2 2 2 2 2 2 2 2 2 2 2 2 2 2 2 2 2 2 2 2 2 2 2 2 2 2 2
left_child=-1 24 3 4 -3 -6 7 -4 -8 10 12 -12 -10 -14 -11 -13 -17 18 19 20 21 23 -22 -16 -2 26 -7 -27 -21 -30
right_child=1 2 6 -5 5 25 8 -9 9 14 11 15 13 -15 17 16 -18 -19 -20 28 22 -23 -24 -25 -26 27 -28 -29 29 -31
leaf_value=-0.00021910548281632499 0.0023583690962981261 0.0025253766571914603 0.0034048212701653911 0.0021872322934349811 -0.0034651671639598764 0.0035458921914827538 0.0043006849725325509 -0.0013045898031271374 -0.0019661719595635537 0.0047811623829878214 -0.0057470324711093286 0.0018962299302975165 0.00060522280786345732 0.0058561829864355337 -0.0028550256166134233 -0.0035324407383488148 0.00022010916412299473 0.0043853522450132782 -0.00058028804600339693 0.0069970800917522813 0.00022562602664991335 0.0045509578953843955 -0.0039706267010912377 0.0026514935405803504 -0.001765629674612481 0.00066793416236730972 -0.0015244986687770105 -0.0045888134536502118 -0.0007079099681897667 0.0047251509028873257
leaf_weight=57153.299328178167 495.24228145182133 601.51088899374008 2515.542577445507 1026.4121831208467 1465.3809634298086 722.83940051496029 687.1919588893652 631.15970465540886 546.41787031292915 595.32576106488705 534.40820473432541 1016.8676916062832 764.51528525352478 800.09937946498394 560.04601761698723 1471.7629484981298 2117.5013536065817 558.05171132087708 3243.5629276782274 499.84577834606171 2044.4744774401188 932.36015738546848 695.97335770726204 638.07155284285545 2888.5272722244263 514.69167076051235 714.59498962759972 658.80400110781193 498.32801584899426 709.41203090548515
leaf_count=229257 2006 2420 10081 4119 5887 2898 2773 2529 2199 2390 2162 4081 3071 3210 2249 5901 8497 2240 13013 2004 8210 3745 2794 2560 11597 2065 2869 2642 2001 2849
internal_value=2.37734e-05 0.000469345 0.000667879 -0.000442037 -0.00102239 -0.00155081 0.000954938 0.00245908 0.000703532 0.000565629 -0.00025183 -0.00115474 0.0019419 0.00331055 0.00110547 -0.000610637 -0.00132415 0.000890259 0.000687423 0.00131241 0.000417931 0.00204604 -0.00085063 7.52092e-05 -0.00115688 -0.000467251 0.00103212 -0.00229706 0.00384663 0.002496
internal_weight=88302.2 31148.9 27765.2 5704.23 4677.82 4076.31 22060.9 3146.7 18914.2 18227 7251.57 5140.54 2111.03 1564.61 10975.5 4606.13 3589.26 10380.1 9822.07 6578.51 4870.93 2130.48 2740.45 1198.12 3383.77 2610.93 1437.43 1173.5 1707.59 1207.74
internal_count=354319 125062 111459 22900 18781 16361 88559 12610 75949 73176 29121 20641 8480 6281 44055 18479 14398 41665 39425 26412 19558 8554 11004 4809 13603 10474 5767 4707 6854 4850
is_linear=0
shrinkage=0.03


Tree=198
num_leaves=31
num_cat=0
split_feature=28 7 34 40 31 0 33 41 15 2 16 15 23 17 20 12 17 34 34 41 41 17 25 28 25 15 6 34 12 15
split_gain=10.6304 12.0303 12.1905 11.4106 11.6446 9.89146 8.93996 8.79919 11.3792 8.73217 8.64955 7.4421 7.22714 6.33243 7.20126 6.49652 13.0386 8.881 14.266 15.7586 12.1964 9.14108 8.77837 8.48236 7.47869 7.46304 7.21902 6.54575 6.32382 8.59455
threshold=-2.2500292062759395 -0.67060574889183033 0.012497063726186754 0.40673276782035833 0.0044829784892499456 -0.024730631150305268 -0.24899002164602277 1.0000000180025095e-35 -7.2827057838439933 -0.28932397067546839 -0.34238894283771509 -7.8290753364562979 0.68477800488471996 -1.0768728256225584 1.290857791900635 -8.4774336814880353 -0.09977023676037787 0.61498916149139415 0.2331642881035805 1.0000000180025095e-35 -0.60785761475563038 -0.23507375270128247 0.54577353596687328 -1.4195514917373655 0.41069076955318456 -8.4627151489257795 1.0000000180025095e-35 0.3927063941955567 -6.3388803005218497 -6.7646625041961661
decision_type=2 2 2 2 2 2 2 2 2 2 2 2 2 2 2 2 2 2 2 2 2 2 2 2 2 2 2 2 2 2
left_child=1 5 3 4 -3 -1 -5 9 10 -4 -9 -11 -13 14 -2 16 17 18 19 21 -20 23 -18 26 -21 -17 -15 -22 29 -27
right_child=13 2 7 6 -6 -7 -8 8 -10 11 -12 12 -14 15 -16 25 22 -19 20 24 27 -23 -24 -25 -26 28 -28 -29 -30 -31
leaf_value=-0.0058576844155769888 0.004937583445283153 0.0042558761494566871 -0.0052453494937710881 0.0019439039586496055 -0.00028758266384446213 -0.001004016573647525 -0.0029600415918509294 -0.00051692859236658498 -0.002969056044098875 0.0015971221912207847 0.0050013600290747286 -3.4522117896858277e-05 -0.0038738658789285846 0.0034177467939613335 0.00012464360585887123 0.0033688732117684865 -0.00021089726333641497 -0.0045479805497181079 -0.0015690797904143055 -0.0059705818553650522 0.0056024179272019976 -0.0041719737419436695 0.0043962817364619376 -0.0011827996481839115 -0.0018422114043867809 9.8841345756296869e-05 -0.0010628517184011316 0.001025680143474899 -0.0018787906162611339 0.0017301840458148685
leaf_weight=742.15134398639202 505.13237217068672 1151.2946237772703 740.43429261445999 513.09579971432686 899.89575564861298 769.49994811415672 922.9618074297905 508.79677996039391 588.99819841980934 528.10081085562706 500.36366637051105 712.56026008725166 1149.7308171242476 877.58690351247787 613.58267967402935 637.36642618477345 804.92767317593098 621.73420417308807 729.94757971167564 867.19560930132866 573.68691648542881 550.82573898136616 680.97901527583599 2274.4801440089941 741.26774749159813 62855.444505363703 503.27783145010471 553.34661653637886 1368.516570314765 3037.5523513108492
leaf_count=2980 2026 4614 2968 2059 3608 3087 3699 2040 2361 2118 2006 2856 4613 3519 2463 2560 3227 2496 2928 3477 2301 2208 2730 9120 2972 252248 2018 2220 5501 12191
internal_value=-2.41494e-05 -0.000959263 -0.000504811 0.000839488 0.00227085 -0.00340978 -0.00120656 -0.0014958 0.000314566 -0.00241798 0.00224139 -0.00152399 -0.00241287 9.14023e-05 0.00232232 5.8978e-05 -0.000663543 -0.00112743 -0.00084466 -0.00157524 0.00143913 -0.000605721 0.00191581 -5.84047e-05 -0.00409114 0.000163123 0.00178882 0.00338413 0.000132249 0.000174295
internal_weight=88524.7 9727.88 8216.23 3487.25 2051.19 1511.65 1436.06 4728.98 1598.16 3130.83 1009.16 2390.39 1862.29 78796.9 1118.72 77678.1 9779.26 8293.35 7671.62 5814.63 1856.98 4206.17 1485.91 3655.34 1608.46 67898.9 1380.86 1127.03 67261.5 65893
internal_count=355214 39009 32942 13980 8222 6067 5758 18962 6407 12555 4046 9587 7469 316205 4489 311716 39216 33259 30763 23314 7449 16865 5957 14657 6449 272500 5537 4521 269940 264439
is_linear=0
shrinkage=0.03


Tree=199
num_leaves=31
num_cat=0
split_feature=20 20 10 24 0 10 0 24 34 10 15 4 20 40 15 22 14 40 43 41 10 15 24 3 28 22 16 43 19 31
split_gain=7.0543 8.77708 6.2869 11.9005 6.43154 12.2377 10.3535 8.18061 11.0324 6.54162 10.905 11.4381 14.4063 8.79577 8.47532 6.79828 6.39426 6.33661 8.23276 9.12983 14.9981 12.3221 11.6024 13.6702 7.60073 7.19595 7.13766 6.62978 15.2152 9.4933
threshold=2.5526993274688725 2.6971664428710942 2.4403946399688725 1.9921055436134341 1.7432629466056826 0.75886967778205883 1.6431252956390383 1.2648571729660036 -0.087344553321599946 1.4522778391838076 -7.6339781284332267 -0.79491940140724171 0.92072790861129772 -0.26723583042621607 -7.3381092548370352 1.3949058651924136 -7.6843802928924552 0.93968367576599132 0.63333335518836986 -0.60785761475563038 -0.26891963183879847 -8.0607647895812971 1.5685257911682131 0.10075272247195245 -0.89200136065483082 1.2468458414077761 -0.34663605690002436 0.76666668057441723 0.41206286847591406 0.35637566447258001
decision_type=2 2 2 2 2 2 2 2 2 2 2 2 2 2 2 2 2 2 2 2 2 2 2 2 2 2 2 2 2 2
left_child=2 -2 4 -4 6 7 9 -6 -9 17 15 -12 -13 -14 -15 -11 -10 27 19 20 -19 -21 23 -23 26 -24 -20 -1 29 -29
right_child=1 -3 3 -5 5 -7 -8 8 16 10 11 12 13 14 -16 -17 -18 18 24 21 -22 22 25 -25 -26 -27 -28 28 -30 -31
leaf_value=-0.00012057851782162366 0.0035940366419026869 0.00038998594450033122 0.0048260394689860825 -0.00037225825551508764 -0.0021962485608995634 0.0045336876195883474 -0.00408813411698451 0.0046532014950498067 0.0018548237777197645 -0.0053415791950285826 0.0038336907394687044 0.0030952519700168223 -0.0048735626812058327 0.0019114565714928834 -0.0025909973337343187 -0.0013552949707240909 -0.002768458340698025 0.0054434558992946325 -0.0028728942334114546 -0.0051872443294361465 -0.0006013241917360052 -0.00091094248523671917 0.00073224109199402667 0.0044955024767125177 -0.0038681380667222659 -0.0035727602912015012 0.0012727296868146123 0.001148235170097349 -0.00029287665586184901 0.0041345832016731155
leaf_weight=52445.377570226789 1020.4238623231649 3050.3858960270882 662.75617973506451 961.54600760340691 849.61431959271431 747.38652347028255 591.56870800256729 591.6715487241745 535.52779118716717 735.67825049161911 515.76654364168644 605.07118673622608 692.33479924499989 611.39743496477604 945.97962158918381 815.22385883331299 521.92997229099274 598.55542185902596 706.07203251123428 523.26889199018478 935.67032068967819 960.79161874949932 521.34695997834206 735.32972368597984 1280.8401055932045 1031.8723655343056 773.23716552555561 4789.5496193021536 7257.5381340384483 1192.3033408224583
leaf_count=210354 4114 12335 2657 3854 3409 3000 2373 2372 2150 2950 2069 2425 2776 2452 3794 3271 2096 2404 2832 2100 3756 3856 2090 2950 5142 4141 3103 19222 29109 4780
internal_value=-1.81468e-05 0.00119998 -7.72204e-05 0.00176533 -0.000113702 0.00119306 -0.000167362 0.000179773 0.00140973 -0.000137364 -0.00119521 -0.000234463 -0.000980262 -0.00208524 -0.000822499 -0.00326832 -0.00043165 -6.66218e-05 -0.000859565 -0.000167242 0.00177694 -0.000960497 -0.000266002 0.00144556 -0.00218526 -0.00213232 -0.000711974 3.08784e-05 0.000630485 0.00174938
internal_weight=88206 4070.81 84135.2 1624.3 82510.9 3246.13 79264.8 2498.74 1649.13 78673.2 4921.45 3370.55 2854.78 2249.71 1557.38 1550.9 1057.46 73751.8 8066.98 5306.84 1534.23 3772.61 3249.34 1696.12 2760.15 1553.22 1479.31 65684.8 13239.4 5981.85
internal_count=353936 16449 337487 6511 330976 13027 317949 10027 6618 315576 19737 13516 11447 9022 6246 6221 4246 295839 32374 21297 6160 15137 13037 6806 11077 6231 5935 263465 53111 24002
is_linear=0
shrinkage=0.03


Tree=200
num_leaves=31
num_cat=0
split_feature=16 28 16 24 40 40 15 24 31 15 31 11 9 24 19 6 26 28 11 28 22 18 12 11 21 24 33 9 25 34
split_gain=10.1878 9.24092 11.477 7.89503 8.71611 8.33726 16.5172 11.5448 11.1515 16.4299 12.2818 9.92521 9.88571 10.6499 13.1313 9.82471 9.47359 9.03006 11.0257 11.6231 9.55823 9.22687 12.665 10.3298 9.68285 10.8644 9.98462 8.95004 11.0081 13.3055
threshold=0.93633273243904125 -3.3487241268157955 -0.34238894283771509 1.3128882646560671 0.95881062746047985 0.325565055012703 -6.6461515426635733 1.5307255387306216 -0.60171663761138905 -7.2539281845092765 -0.71673130989074696 1.4337185025215151 0.7183954417705537 2.0897028446197514 0.5703755021095277 -0.94952329993247975 -0.3196891695261001 -1.6118424534797666 0.14695696532726291 -2.1806570291519161 1.328371584415436 2.0619878768920903 -7.5494341850280753 1.4938737750053408 0.77360504865646373 1.7766087651252749 -0.21914555132389066 0.16732302308082583 0.78257519006729137 0.21017483621835711
decision_type=2 2 2 2 2 2 2 2 2 2 2 2 2 2 2 2 2 2 2 2 2 2 2 2 2 2 2 2 2 2
left_child=1 2 -1 4 -3 6 8 11 9 10 -5 15 17 14 -14 -7 -16 18 19 -9 -20 22 23 -19 25 -24 -27 -10 -29 -30
right_child=-2 3 -4 5 -6 7 -8 12 27 -11 -12 -13 13 -15 16 -17 -18 21 20 -21 -22 -23 24 -25 -26 26 -28 28 29 -31
leaf_value=0.00040055295548699669 0.0037600068919449703 -0.00015752798482201145 -0.0058718553681739302 0.0014993784403460385 -0.0020384027054909043 0.0055891407066201697 0.0036973740846787811 0.0011893255774113503 -0.00048381496437827401 -0.0065787328227418255 -0.0029879782655916733 -0.0017889451207229951 -0.0037355282573920058 0.00060774683318712774 -0.0015375060773484771 0.0017894849984700901 0.0032415792567532541 0.0002832154656210624 0.0023726207513370678 0.0058663423854849574 -0.0020870340900116142 -0.0024998661810688582 0.0043687426709715631 -0.0041238499088325558 0.0056463220127207919 0.0026344570292123975 -0.002983011502145097 0.0014295984957980307 -0.0044141438599867638 0.00015080067745772469
leaf_weight=521.29030932486057 662.36859336495399 27090.035295709968 516.50534388422966 1066.6537872701883 2405.336568236351 708.21474415063858 1032.7077427357435 911.36539672315121 14836.437361210585 545.40313671529293 1111.2395095080137 579.31635574996471 1592.2916550040245 3348.3538702279329 1094.8997963666916 4329.1802014112473 553.80156083405018 4480.5758226066828 950.48803047835827 1011.0878085792065 777.10603243112564 917.65619419515133 652.35915347933769 525.79986289143562 623.48800699412823 506.82556574046612 624.56173907220364 6892.0684993118048 617.75638224184513 6786.3126282393932
leaf_count=2090 2667 108691 2071 4290 9656 2858 4144 3656 59517 2194 4464 2326 6387 13429 4395 17367 2224 17972 3810 4057 3118 3706 2620 2109 2502 2037 2502 27631 2475 27238
internal_value=8.1266e-05 5.3027e-05 -0.00274744 8.69117e-05 -0.000311551 0.000292846 -1.81271e-05 0.000715521 -0.000139699 -0.0019719 -0.000793424 0.00190606 0.00035461 -0.000578172 -0.00180148 0.0023337 7.76615e-05 0.000867665 0.00210981 0.00366677 0.000366114 0.000321585 0.000673722 -0.000186939 0.00245702 0.00131698 -0.00046553 3.21914e-05 0.000567663 -0.000235514
internal_weight=88271.5 87609.1 1037.8 86571.3 29495.4 57076 32888.6 24187.4 31855.9 2723.3 2177.89 5616.71 18570.7 6589.35 3240.99 5037.39 1648.7 11981.3 3650.05 1922.45 1727.59 8331.27 7413.61 5006.38 2407.23 1783.75 1131.39 29132.6 14296.1 7404.07
internal_count=354203 351536 4161 347375 118347 229028 131953 97075 127809 10948 8754 22551 74524 26435 13006 20225 6619 48089 14641 7713 6928 33448 29742 20081 9661 7159 4539 116861 57344 29713
is_linear=0
shrinkage=0.03


Tree=201
num_leaves=31
num_cat=0
split_feature=35 40 35 13 40 17 3 5 13 1 17 20 30 5 33 21 35 17 34 20 10 23 9 35 30 37 31 17 25 43
split_gain=13.4886 17.7752 9.23293 9.2898 9.61745 13.8053 16.5976 12.5262 12.1957 11.4894 10.6416 9.51291 9.85884 9.15194 8.81089 18.5554 15.6178 12.9753 16.5162 14.7552 12.674 13.9507 10.9291 12.403 15.7585 10.7614 10.118 9.65651 9.50141 9.37886
threshold=0.25062412023544317 0.98900645971298229 0.39759242534637457 -6.6396238803863517 0.48480500280857092 0.047211758792400367 -0.26967132091522211 0.83229312300682079 -8.2018809318542463 0.59063252806663524 0.015346269588917496 1.5199174880981448 -0.36009183526039118 -2.4955472946166988 -0.038290731608867638 0.7135494351387025 0.081289231777191176 0.18025029450654986 0.33888237178325659 1.1363903284072878 -0.092689558863639818 0.39426264166831976 -0.35251307487487787 -0.36885248124599451 -1.518440783023834 0.26857101917266851 -0.28379370272159571 0.27665568888187414 0.28707988560199743 0.90000000596046459
decision_type=2 2 2 2 2 2 2 2 2 2 2 2 2 2 2 2 2 2 2 2 2 2 2 2 2 2 2 2 2 2
left_child=1 13 -2 4 5 -4 -7 8 -6 -8 -9 12 -10 -1 15 16 22 20 19 27 21 -16 23 29 -25 -24 -22 -19 -21 -15
right_child=2 -3 3 -5 7 6 9 10 11 -11 -12 -13 -14 14 17 -17 -18 18 -20 28 26 -23 25 24 -26 -27 -28 -29 -30 -31
leaf_value=-0.0034676714949702855 -0.0012846170702334734 0.0025916530101783254 0.00093056589990857556 0.0032555972500611314 0.0021312771344600607 0.0018725893039882528 -0.0043678648623801239 -0.00080852227465035692 -0.0040944755901249439 -0.00012817808002748914 0.0039480477344771602 -0.0060178057146046465 -0.00049613273583191801 -0.00037544206785192268 -0.0023430850560805685 0.0042374393451138394 0.0019658071847354708 -0.0058516196788508165 -0.0062944792908215478 -0.0025658981520502921 -0.0024214322450893766 0.0010488185805676395 -0.00096947061703263554 -0.0019414003727027153 0.0022892570056308468 0.0024527771535081638 -0.00012059245733819444 -0.0014708371175759197 0.0019323976881167994 0.0035446983096295856
leaf_weight=607.35273821651936 9385.2011972516775 2841.1595085859299 7970.9529090672731 693.51551742851734 502.12603995203972 1006.8684432655573 1452.8159928172827 1286.0053193718195 1198.6902665197849 949.15424509346485 619.19431844353676 673.73978921771049 1589.8380301147699 8119.9253462404013 1194.0820001661777 1171.4286710321903 4814.0559090971947 582.38312481343746 569.38348525762558 550.51627598702908 2359.9133862704039 11696.879217103124 9169.7336007207632 926.12772157788277 5215.7992005050182 899.29448565840721 6278.1464080661535 1971.9573869407177 1713.2407569736242 579.08247418701649
leaf_count=2486 37652 11401 31995 2780 2016 4035 5825 5175 4811 3809 2489 2704 6378 32649 4786 4699 19299 2333 2287 2206 9455 46896 36797 3715 20938 3604 25162 7899 6862 2330
internal_value=3.14226e-05 0.000278663 -0.000522706 -0.000123688 -0.00026136 0.000247472 -0.00134787 -0.00124661 -0.00220557 -0.0027 0.000749917 -0.00283886 -0.00205204 0.000165749 0.000204513 0.000550124 0.00040343 -0.000192244 -0.0015075 -0.000929927 0.000137436 0.000733056 0.000100819 0.000618251 0.00164921 -0.000661689 -0.000751254 -0.00248857 0.000831997 -0.000110713
internal_weight=88588.6 61260.5 27328.1 17942.9 17249.4 11379.8 3408.84 5869.59 3964.39 2401.97 1905.2 3462.27 2788.53 58419.3 57811.9 30895.4 29724 26916.5 5387.48 4818.1 21529 12891 24910 14840.9 6141.93 10069 8638.06 2554.34 2263.76 8699.01
internal_count=355473 245804 109669 72017 69237 45664 13669 23573 15909 9634 7664 13893 11189 234403 231917 124031 119332 107886 21587 19300 86299 51682 100033 59632 24653 40401 34617 10232 9068 34979
is_linear=0
shrinkage=0.03


Tree=202
num_leaves=31
num_cat=0
split_feature=39 40 16 6 7 28 5 24 9 13 13 40 12 22 23 30 34 25 2 40 41 13 26 43 12 13 34 28 30 1
split_gain=8.71449 12.042 16.9471 12.2919 12.0255 11.7155 11.4724 13.0039 11.1372 15.9035 11.7833 11.0568 17.8885 15.2047 10.4397 10.1653 11.4734 11.2426 11.4713 9.98161 15.031 9.78638 9.47873 11.4071 10.0906 9.16788 10.1886 9.7456 15.669 8.9662
threshold=-0.20790971815586087 0.12186817824840547 -0.48538322746753687 -1.0855102539062498 -0.59149369597434986 0.64579555392265331 0.93292200565338146 1.4638233780860903 0.79171168804168712 -7.8640153408050528 -8.0191740989685041 0.8386625647544862 -7.5090336799621573 1.2614454627037051 0.39863339066505438 0.73813828825950634 -0.052634730935096734 0.55306410789489757 -1.3985172510147093 0.98900645971298229 1.0000000180025095e-35 -7.8087308406829825 -3.1536120176315303 0.70000001788139354 -7.4946763515472403 -7.6447682380676261 -0.039527969434857362 -1.6734479665756223 -0.66784426569938649 0.71124288439750682
decision_type=2 2 2 2 2 2 2 2 2 2 2 2 2 2 2 2 2 2 2 2 2 2 2 2 2 2 2 2 2 2
left_child=11 3 6 4 5 -2 7 -3 -5 10 -10 -1 13 21 -11 17 -17 18 -4 20 -20 -13 -19 -24 -25 27 -27 -9 -29 -16
right_child=1 2 15 8 -6 -7 -8 25 9 14 -12 12 -14 -15 29 16 -18 22 19 -21 -22 -23 23 24 -26 26 -28 28 -30 -31
leaf_value=0.00021811994538228633 0.0042422461359297578 -0.0055236842599608151 -0.002425486481968725 -0.00033414218908228829 -0.0011242220712496748 -0.00088933482610430777 0.0013500517108093017 0.00091373554006108748 0.0016883336078401118 0.0034398651605763025 0.0062800568503911143 0.00014708928497551502 0.0041777324113055148 0.0022192520699929959 -0.0025580531569745213 -0.0052086742850412744 9.6983597301917443e-05 -0.0036251833602067821 0.0019257350013032752 0.0036288797689666666 -0.001046325039289306 -0.0047482637524243693 0.00037195304038261561 -0.00098093241320925599 -0.006016875702207024 -0.00081002568605532618 -0.0061887215626857317 -0.0051388625806952299 0.00064873665582212145 0.001685786788890475
leaf_weight=33270.529941529036 1806.8333241790533 1033.2719021737576 887.71178676187992 18215.830990895629 807.09817008674145 509.6453108638525 788.51024290919304 1432.2043208181858 2009.6158782541752 500.62773025035858 666.63734804093838 935.93681478500366 1738.8011732250452 1929.977655813098 1532.817265316844 729.64112916588783 727.03959560394287 940.56153194606304 3632.7701659649611 1225.6842796951532 2633.9762645363808 594.56824792921543 4571.5242741107941 1198.0501215904951 503.92166684567928 555.87516352534294 738.12629973888397 893.81348264217377 784.36343397200108 623.37535019218922
leaf_count=133483 7286 4143 3586 73033 3240 2062 3164 5743 8062 2006 2675 3753 6985 7747 6150 2931 2915 3774 14578 4919 10562 2384 18357 4811 2027 2230 2958 3584 3145 2505
internal_value=8.00992e-05 -0.000181264 -0.000679745 0.000253853 0.00201901 0.00311428 -0.00201798 -0.00250795 1.89612e-05 0.0012234 0.00285122 0.000419414 0.00170461 0.000453478 -0.000420869 -0.000190191 -0.00257798 3.43656e-05 0.000781311 0.00116398 0.000676872 -0.00177313 -0.000833197 -0.000409502 -0.00249842 -0.00178955 -0.00390208 -0.000900995 -0.00244598 -0.001329
internal_weight=88419.3 49949.5 23277 26672.5 3123.58 2316.48 6226.16 5437.65 23548.9 5333.07 2676.25 38469.8 5199.28 3460.48 2656.82 17050.9 1456.68 15594.2 8380.14 7492.43 6266.75 1530.51 7214.06 6273.5 1701.97 4404.38 1294 3110.38 1678.18 2156.19
internal_count=354798 200446 93427 107019 12588 9348 24967 21803 94431 21398 10737 154352 20869 13884 10661 68460 5846 62614 33645 30059 25140 6137 28969 25195 6838 17660 5188 12472 6729 8655
is_linear=0
shrinkage=0.03


Tree=203
num_leaves=31
num_cat=0
split_feature=28 4 35 34 26 21 6 4 20 34 21 26 20 35 0 24 25 28 27 28 28 2 26 18 28 31 20 15 21 22
split_gain=7.82196 7.38782 10.022 9.29594 9.4747 8.4282 17.0833 14.5404 8.95011 8.66556 9.1328 8.61465 10.4093 10.1071 9.26662 8.05321 8.00583 9.5833 7.85382 7.84011 12.591 9.98214 14.9194 8.58751 9.0083 10.6459 9.81265 9.78156 16.3586 11.0017
threshold=-3.5098391771316524 1.2845434546470644 0.90815836191177379 0.66561245918273937 -0.12548736482858655 0.89720308780670177 0.89580124616622936 0.60500475764274608 0.78675770759582531 0.61498916149139415 0.98640769720077526 -1.6140728592872617 1.0812790989875796 -0.026628046296536919 0.91280782222747814 1.4838531017303469 0.48848302662372595 0.70260027050971996 -0.2001615762710571 -1.6426061391830442 -1.3932426571846006 0.99759250879287731 0.35504171252250677 0.30345417559146887 -0.90608271956443776 0.57273218035697948 1.8095203638076784 -7.8729894161224356 0.32761424779891973 1.8771243691444399
decision_type=2 2 2 2 2 2 2 2 2 2 2 2 2 2 2 2 2 2 2 2 2 2 2 2 2 2 2 2 2 2
left_child=-1 5 3 4 18 19 7 8 -7 10 -8 12 -9 15 -15 -13 -6 -18 -3 -2 -21 23 -23 -22 25 26 -25 28 29 -26
right_child=1 2 -4 -5 16 6 9 11 -10 -11 -12 13 -14 14 -16 -17 17 -19 -20 20 21 22 -24 24 27 -27 -28 -29 -30 -31
leaf_value=-0.0030814182483048704 0.00067520764350610999 0.0020306966986460618 0.0027479624796643968 -0.0027148075292169134 -0.0018241535121181164 0.001082377667540529 -0.0041084860122221961 -0.0033208705040576846 0.0044159553618819021 0.001372831138812366 -0.00016572066684588752 0.0020707434346753642 0.00099144158318374156 0.0017085080407885185 0.0066082995887127476 -0.0028122274499916148 0.0045242532819591416 -0.00051516548361884966 -0.0020381051301414164 -0.001544855470421291 -0.0033497311980443052 -0.0027169814893504359 0.0014180249314402437 0.0017556185327116589 -0.0011513610476570153 -0.0022132042100987325 -0.0018694818901583839 -0.00023408932781873284 0.0024801820465636037 0.0029124160957239337
leaf_weight=672.24097956717014 16494.214774489403 501.60743972659111 670.24289332330227 2139.6115058362484 529.26590086519718 1110.6640632152557 966.32507301867008 847.04972077906132 2121.4477733373642 1027.0203824490309 1155.2814275324345 614.00207713246346 1214.1859623491764 1061.8057324886322 514.12784254550934 582.87060415744781 826.29128770530224 568.71216014027596 2613.0296941101551 4755.6161281615496 595.64032384753227 2515.577124863863 1132.2117752432823 7340.8007618784904 3066.0883565545082 786.06526045501232 731.5212354362011 27153.070633530617 3496.6583758145571 734.85396000742912
leaf_count=2695 66141 2012 2691 8630 2122 4455 3883 3397 8506 4132 4635 2461 4868 4257 2061 2338 3320 2284 10488 19067 2388 10084 4540 29428 12310 3153 2942 109013 14018 2963
internal_value=0.000118485 0.000143315 -0.000734446 -0.00106296 -0.000357569 0.000229494 0.000991724 0.00172267 0.0032773 -0.000880343 -0.00197238 0.000678607 -0.000788149 0.00176787 0.00333859 -0.000310835 0.00129339 0.00248075 -0.00137843 0.000105125 -7.47331e-05 7.25844e-05 -0.00143318 0.000197987 0.000247542 0.00110021 0.0014252 2.80378e-05 0.00100235 -0.000360111
internal_weight=88538.1 87865.9 7848.76 7178.52 5038.91 80017.1 11214.8 8066.15 3232.11 3148.63 2121.61 4834.04 2061.24 2772.81 1575.93 1196.87 1924.27 1395 3114.64 68802.3 52308.1 47552.5 3647.79 43904.7 43309.1 8858.39 8072.32 34450.7 7297.6 3800.94
internal_count=355282 352587 31547 28856 20226 321040 44993 32343 12961 12650 8518 19382 8265 11117 6318 4799 7726 5604 12500 276047 209906 190839 14624 176215 173827 35523 32370 138304 29291 15273
is_linear=0
shrinkage=0.03


Tree=204
num_leaves=31
num_cat=0
split_feature=3 17 7 8 13 16 25 6 29 17 6 31 22 17 8 17 34 39 36 8 8 24 31 39 7 0 13 7 19 24
split_gain=9.19101 11.9488 11.8234 10.9457 13.1417 14.6276 11.9818 9.18906 10.9828 10.5813 10.5768 15.0534 11.0116 9.11012 9.8169 12.2462 9.80179 9.26979 11.6312 9.90873 8.20604 12.8716 9.2553 8.06191 7.98191 9.50301 8.73373 7.90083 9.95764 11.8983
threshold=0.27952705323696142 0.54865121841430675 -1.3067258596420286 1.0555886626243594 -7.8199431896209708 -0.03351215831935405 0.90558886528015148 -0.65256777405738819 -0.84292978048324574 0.72828090190887462 0.84211787581443798 -0.11446426436305045 1.3132591843605044 0.54865121841430675 0.67382800579071056 -0.42703439295291895 0.3120646625757218 0.66912424564361583 0.9815664291381837 1.1982982158660891 0.89365249872207653 1.917648494243622 0.37545888125896459 -0.53729450702667225 -0.89748653769493092 0.83419641852378856 -7.5479664802551261 0.58729043602943432 0.61448532342910778 1.3315259218215945
decision_type=2 2 2 2 2 2 2 2 2 2 2 2 2 2 2 2 2 2 2 2 2 2 2 2 2 2 2 2 2 2
left_child=1 3 -3 20 6 -6 -5 8 -2 10 13 -12 -13 14 16 -16 27 18 19 23 -1 22 -22 -17 26 -26 -10 28 -9 -30
right_child=7 2 -4 4 5 -7 -8 9 24 -11 11 12 -14 -15 15 17 -18 -19 -20 -21 21 -23 -24 -25 25 -27 -28 -29 29 -31
leaf_value=0.00014780233170703062 -0.0055918162968936142 0.006113707131824654 0.0011681204581157898 0.0020957302753093049 -0.0008533887700081581 -0.0051584860010821642 -0.0027085653414975286 -0.001521946123996074 0.0030546511059722547 -0.0039174586452821996 -0.0035492148627352931 0.0018349561932039778 -0.00098866724522064494 0.0040292434968709091 0.0011240417806771253 -0.0065734077529300966 0.0028431515484412741 -0.005524383536067691 0.0023782202170891985 0.00037855337404856448 0.0017263893192987611 -0.0015627112844249936 0.0068129348601944561 -0.0015549817608199934 -0.0034233451218798139 0.001094427919286919 -0.0017113906639846241 -0.0017880201442160401 -0.00034115462081905619 0.0018223323247619754
leaf_weight=44398.331337958574 569.64902396500111 508.48628222942352 2755.1307011842728 1461.0830105990171 1864.213837146759 1142.5527129173279 674.93873474001884 1784.392973408103 678.90681722760201 680.32316282391548 1677.8894209712744 1546.7677698582411 6163.2651786059141 546.14702536165714 1495.9848026186228 598.89298078417778 1456.4317073225975 592.15277110040188 566.23479138314724 676.04254280030727 832.07464207708836 586.00698816776276 525.37079961597919 562.14194965362549 1609.2561234533787 559.87525764107704 686.06147427856922 1496.095614746213 3929.2182173132896 5457.4374305903912
leaf_count=178192 2285 2053 11049 5860 7475 4586 2711 7148 2724 2726 6737 6206 24806 2188 6000 2400 5843 2376 2270 2712 3336 2349 2108 2256 6448 2243 2753 5995 15740 21873
internal_value=-4.1583e-05 0.000197528 0.00195499 8.57643e-05 -0.00122595 -0.00250098 0.000572125 -0.000434253 -0.00176183 -0.000247325 -0.000158525 -0.000982918 -0.000420556 0.000245684 0.000132575 -0.0010876 0.000521099 -0.0021922 -0.00135169 -0.002508 0.000231565 0.00213458 0.00373046 -0.00417765 -0.00113046 -0.00225759 0.000664115 0.000252084 0.000526662 0.000917306
internal_weight=88081.4 54748.2 3263.62 51484.6 5142.79 3006.77 2136.02 33333.2 4103.75 29229.4 28549.1 9387.92 7710.03 19161.2 18615 4491.45 14123.6 2995.47 2403.31 1837.08 46341.8 1943.45 1357.45 1161.03 3534.1 2169.13 1364.97 12667.1 11171 9386.66
internal_count=353448 219719 13102 206617 20632 12061 8571 133729 16453 117276 114550 37749 31012 76801 74613 18014 56599 12014 9638 7368 185985 7793 5444 4656 14168 8691 5477 50756 44761 37613
is_linear=0
shrinkage=0.03


Tree=205
num_leaves=31
num_cat=0
split_feature=20 30 24 41 39 10 10 33 24 30 36 37 26 37 17 20 22 39 20 4 40 4 33 26 40 40 41 16 24 32
split_gain=7.78815 6.46153 15.5929 19.0597 16.1154 11.5995 10.8016 11.2048 9.19076 9.02091 7.7683 11.522 7.36202 6.6978 6.30169 18.3033 11.2968 9.72709 8.49298 7.72226 8.08509 6.29241 5.62799 5.61895 5.30503 32.6083 20.3415 15.3319 14.5597 16.0472
threshold=3.2530734539031987 0.68729335069656383 1.6565055847167971 1.0000000180025095e-35 -0.83866256475448597 0.29517345130443579 1.0000000180025095e-35 -0.40782716870307917 2.0785139799118046 0.91571268439292919 -0.57092556357383717 1.0000000180025095e-35 0.25270242989063268 0.26026530563831335 0.35754562914371496 1.2957338690757754 1.3868974447250368 0.087154909968376174 0.99316880106925975 2.0548750162124638 0.17364652454853061 0.23117429763078692 0.1055533066391945 0.18498744070529941 -0.30901405215263361 -0.48480500280857081 -0.60785761475563038 -0.41645586490631098 1.6565055847167971 -0.092434141784906373
decision_type=2 2 2 2 2 2 2 2 2 2 2 2 2 2 2 2 2 2 2 2 2 2 2 2 2 2 2 2 2 2
left_child=1 14 4 8 12 6 7 -6 -4 -5 -9 -12 -3 21 19 17 -17 18 -16 24 -21 -7 -11 -13 25 26 27 -1 29 -27
right_child=-2 2 3 9 5 13 -8 10 -10 22 11 23 -14 -15 15 16 -18 -19 -20 20 -22 -23 -24 -25 -26 28 -28 -29 -30 -31
leaf_value=0.0043102941725982882 0.0024976202759380089 -0.00051428556540165579 -0.0070604589518377635 -0.0031058430171986944 -0.0026254624927475089 0.0020179259591067834 -0.0031944801664108304 0.0044475811255744865 -0.0019342224654782154 0.0032219648594894851 -0.0029451881371799688 2.9657114008081805e-05 -0.0043736384062633207 -0.00048459201701530632 0.0027750689987384274 0.00055221895441609525 0.0061306215397165372 -0.0037771401545938742 -0.0019276247682446367 -0.0042853444086753409 0.00046745203098359382 0.0060264075071771762 -0.0010170668398548418 0.0043088037796938216 0.00016571864029319358 -0.0067935198478761083 -0.0005161371182292549 0.00074050092891962162 -0.00046912310526922921 -0.0020887501852179888
leaf_weight=1319.0716139823198 1025.0889090150595 842.30099521577358 871.99697203934193 735.64325374364853 734.81332641839981 993.2050156891346 875.60593228042126 620.1301885843277 504.69047702848911 566.21841509640217 558.68109546601772 519.08368927240372 939.91365578770638 506.69519770145416 803.92455016076565 544.40814834833145 815.22260351479053 591.70963296294212 591.55016815662384 778.17325673997402 541.73308484256268 551.32965871691704 544.64215549826622 580.50896397233009 44044.808988422155 1146.7186362296343 16180.126697838306 5878.8799518495798 1550.5146728157997 1527.6586231142282
leaf_count=5289 4153 3376 3498 2950 2963 3982 3511 2484 2024 2271 2238 2080 3772 2032 3222 2184 3281 2372 2372 3139 2185 2210 2182 2327 176729 4602 64900 23598 6218 6125
internal_value=-8.93607e-05 -0.000120034 -0.000801345 -0.00255049 -6.89146e-05 0.000682353 -0.000281308 0.000572993 -0.00520869 -0.000551253 0.0016115 0.000530612 -0.0025627 0.00250181 -2.22245e-05 0.00124871 0.00391732 -0.000587631 0.000782037 -8.06815e-05 -0.00234579 0.00347834 0.00115308 0.00230722 -3.86317e-05 -0.000364646 7.41012e-05 0.00139976 -0.00278686 -0.00412385
internal_weight=88285 87260 10945.5 3223.19 7722.27 5940.05 3888.82 3013.22 1376.69 1846.5 2278.4 1658.27 1782.21 2051.23 76314.5 3346.82 1359.63 1987.18 1395.47 72967.7 1319.91 1544.53 1110.86 1099.59 71647.8 27603 23378.1 7197.95 4224.89 2674.38
internal_count=354269 350116 43900 12925 30975 23827 15603 12092 5522 7403 9129 6645 7148 8224 306216 13431 5465 7966 5594 292785 5324 6192 4453 4407 287461 110732 93787 28887 16945 10727
is_linear=0
shrinkage=0.03


Tree=206
num_leaves=31
num_cat=0
split_feature=21 22 39 1 40 13 27 6 39 20 6 6 37 1 4 6 26 13 4 21 38 22 43 11 17 20 43 4 17 14
split_gain=12.676 12.0981 11.739 9.96303 12.125 12.9546 10.3841 9.8209 9.24582 9.08816 11.5531 10.1788 9.84426 9.03652 7.83317 7.81391 7.37911 7.23651 14.2724 8.13745 15.7549 15.3013 11.2567 10.9855 8.97363 11.6879 9.66544 9.85992 9.46344 10.1639
threshold=0.99497935175895702 1.0749677419662478 -0.19080717861652371 0.73697590827941906 0.78260070085525524 -7.768279790878295 0.43595530092716223 0.28561024367809301 -0.96591663360595692 2.3124176263809209 -0.098015349358320222 -0.98204818367958058 0.15000829100608828 0.43060600757598883 1.7082808613777163 0.52316254377365123 -1.4273890256881712 -9.0311737060546857 -0.23322608321905133 0.1575691029429436 1.0000000180025095e-35 1.0433117747306826 0.2333333417773247 1.0399365425109866 -0.28327383100986475 3.2530734539031987 0.90000000596046459 0.097899477928876891 -0.18959834426641461 -7.9626355171203604
decision_type=2 2 2 2 2 2 2 2 2 2 2 2 2 2 2 2 2 2 2 2 2 2 2 2 2 2 2 2 2 2
left_child=8 2 -2 4 5 16 -5 -8 9 10 11 -1 15 -14 -9 -12 -3 18 -10 20 21 22 -19 -23 26 28 -21 -28 29 -26
right_child=1 3 -4 6 -6 -7 7 14 17 -11 12 -13 13 -15 -16 -17 -18 19 -20 24 -22 23 -24 -25 25 -27 27 -29 -30 -31
leaf_value=-0.0010597302918552716 0.0072024061298542044 0.0021200319923806977 0.0014887957523414029 0.0041742349524421241 0.0028779767389738842 -0.0052051164396708467 -0.0024834145576271113 0.0028648372013551516 -0.0054214735325992551 0.0046837157865086071 -0.0034225076595164423 0.0030098882474852871 0.0036405955218642822 -0.0013889030745049744 -0.00088845192425109337 0.00013821505199222491 -0.0024065740952241141 0.0013762340657011791 0.00067720444738599136 0.00016247725650874608 0.0053803799375339726 0.00091584287975865811 -0.0032684383280126208 -0.0012035859317700731 0.00032978070404237768 0.003708179512292633 0.00031300608594706376 -0.0044265248439159157 -0.00062716772172432286 -0.0029144374328064358
leaf_weight=742.63997600972652 502.06832940876484 620.64252112805843 898.73422203958035 949.90483006834984 573.00011453032494 726.69635166227818 705.90328811109066 1429.357332393527 699.73252274096012 503.81070792675018 1221.3461206257343 2109.7208271324635 730.55813893675804 560.81083835661411 761.24479240179062 1007.9694463312626 656.92219057679176 629.08261880278587 668.82907636463642 22129.514561489224 523.40708956122398 11636.959841489792 1789.1649298965931 2704.7939890474081 1158.3895742297173 505.91193951666355 726.01205019652843 853.33338226377964 26495.235047504306 3447.9065262824297
leaf_count=2989 2014 2490 3605 3811 2300 2915 2830 5737 2807 2033 4892 8458 2928 2249 3069 4039 2637 2524 2681 88737 2103 46824 7172 10867 4646 2042 2912 3428 106249 13829
internal_value=-9.48825e-05 0.00105733 0.00357317 0.000503997 -0.000937186 -0.00203678 0.00146958 0.000571279 -0.000206514 0.000844907 0.000534573 0.00195032 -0.000614703 0.00146252 0.00156244 -0.00181912 -0.000208157 -0.000304366 -0.0024577 -0.000263441 0.000304642 0.000143015 -0.00205948 0.000515567 -0.00044096 -0.00077181 2.52001e-07 -0.00225954 -0.000845853 -0.00209964
internal_weight=88669.6 7824.47 1400.8 6423.67 2577.26 2004.26 3846.41 2896.51 80845.1 6876.86 6373.05 2852.36 3520.68 1291.37 2190.6 2229.32 1277.56 73968.3 1368.56 72599.7 17283.4 16760 2418.25 14341.8 55316.3 31607.4 23708.9 1579.35 31101.5 4606.3
internal_count=355817 31408 5619 25789 10342 8042 15447 11636 324409 27588 25555 11447 14108 5177 8806 8931 5127 296821 5488 291333 69490 67387 9696 57691 221843 126766 95077 6340 124724 18475
is_linear=0
shrinkage=0.03


Tree=207
num_leaves=31
num_cat=0
split_feature=0 23 5 25 0 28 30 25 35 23 23 7 15 15 18 43 17 28 7 18 4 43 24 28 39 16 16 28 4 21
split_gain=8.41059 12.5539 10.2398 10.7204 8.9925 10.961 10.0767 11.5806 13.7653 10.333 10.3149 9.63283 9.51173 8.86754 8.86481 8.70214 11.0738 8.87708 12.3955 11.2957 8.30164 8.13961 7.96603 7.81542 8.54315 7.73775 7.40422 11.677 9.03266 11.9707
threshold=0.33307594060897833 0.40268468856811529 1.8676672577857973 0.86519005894660961 0.10425176844000818 -1.6426061391830442 -0.64768788218498219 0.87233141064643871 0.29570232331752783 0.93227016925811779 0.91046336293220531 0.57627812027931224 -6.887925148010253 -6.9934442043304434 0.80276551842689525 0.90000000596046459 -0.57915773987770069 -0.69971799850463856 0.42511032521724706 1.3580419421195986 0.79095077514648449 0.16666667163372043 1.8589020371437075 -2.0926920175552364 0.46946710348129278 0.16646978259086612 -0.053791141137480729 -2.4879510402679439 0.46512328088283544 0.051354153081774719
decision_type=2 2 2 2 2 2 2 2 2 2 2 2 2 2 2 2 2 2 2 2 2 2 2 2 2 2 2 2 2 2
left_child=2 20 4 -4 6 -6 7 12 -9 10 23 14 13 26 -7 16 21 18 19 -18 -2 -3 -10 24 -8 -16 -1 -28 29 -29
right_child=1 15 3 -5 5 11 9 8 22 -11 -12 -13 -14 -15 25 -17 17 -19 -20 -21 -22 -23 -24 -25 -26 -27 27 28 -30 -31
leaf_value=-1.3453274882944384e-05 -0.0011383695745346496 -0.0011164178868416936 0.0061034336632389934 0.0003173352083245382 0.0028666465409452812 0.0030279215193115341 0.0044047780417330344 -0.0062216260602942532 0.0015766795520285434 -0.002158445351908967 0.0043760311304357211 -0.0014868869426951522 0.0019299464703047729 -0.004195867160803439 -0.0007072289194119685 -0.0024403920207402702 -0.00092666639662563341 0.00043979904001497419 -0.002427901231215876 0.0027681027216221762 -0.0049548462947646881 0.0024907408670449159 -0.0035120160185714545 0.00023550809573365844 -0.00018889391402328692 0.0027502079733863509 -0.0056150639797229633 0.001288823835628269 0.0019324702322287915 -0.0028951456869322489
leaf_weight=11519.483009845018 8544.7183025926352 711.84409116208553 521.63164474070072 631.90962216258049 2159.4155526906252 1471.2528401464224 852.72949261963367 670.91482152044773 589.8949851244688 1444.1254270970821 575.16166764497757 1757.1587800085545 1521.7177224010229 566.97970996797085 2231.4226519316435 1242.0665958076715 2470.8145929425955 8480.3408859223127 3042.6866249740124 1054.181335747242 537.1321759968996 2595.7959960848093 504.97541125118732 27092.222170859575 629.39707979559898 777.21890600025654 526.85879585146904 870.06485672295094 798.76737932860851 2054.005054756999
leaf_count=46197 34278 2860 2096 2546 8659 5897 3420 2691 2372 5807 2309 7050 6108 2275 8946 4992 9903 34032 12209 4225 2153 10411 2028 108754 2524 3121 2113 3507 3202 8242
internal_value=-2.57091e-05 -0.000447938 0.00017694 0.00296378 0.000121598 0.00102972 -3.04178e-05 -0.000560873 -0.00287149 0.000309904 0.000432889 0.000390163 -0.00033092 -0.000542572 0.00112807 -2.04895e-05 0.000144497 -0.000201268 -0.00102844 0.000182992 -0.00136929 0.00171341 -0.00078087 0.000352016 0.00246585 0.000192079 -0.000408642 -0.00147732 -0.000878267 -0.00165004
internal_weight=88446.9 28679.6 59767.3 1153.54 58613.8 8396.47 50217.3 19623.7 1765.79 30593.6 29149.5 6237.05 17857.9 16336.2 4479.89 19597.7 18355.7 15048 6567.68 3525 9081.85 3307.64 1094.87 28574.3 1482.13 3008.64 15769.2 4249.7 3722.84 2924.07
internal_count=354927 115063 239864 4642 235222 33673 201549 78735 7091 122814 117007 25014 71644 65536 17964 78632 73640 60369 26337 14128 36431 13271 4400 114698 5944 12067 63261 17064 14951 11749
is_linear=0
shrinkage=0.03


Tree=208
num_leaves=31
num_cat=0
split_feature=10 33 6 6 7 28 36 17 12 4 29 7 28 31 12 28 8 14 20 20 12 31 16 23 3 10 12 26 15 10
split_gain=10.6041 11.7798 10.8107 12.2541 10.7449 18.695 10.2625 9.39868 8.68839 8.596 9.97367 14.76 8.7128 8.40688 13.0359 10.4145 10.7026 13.328 11.8544 12.1252 11.5254 9.00251 8.58917 8.20646 8.19002 9.53769 8.67848 8.34777 12.4396 11.4467
threshold=-0.49609194695949549 -0.98729878664016713 0.30467508733272558 0.4512931108474732 -1.2552415132522581 -1.4790112376213072 -0.54510080814361561 0.26107129454612737 -7.9524750709533683 -0.15141800045967099 0.069520499557256712 0.45505531132221227 -0.096007756888866411 -0.31107851862907404 -9.0741438865661603 1.0336063504219057 -0.46915209293365473 -7.7938175201416007 1.2658473849296572 0.89045941829681408 -7.9398512840270987 -0.29457615315914149 0.20928988605737689 0.047356005758047111 -1.4200816750526426 0.28552106022834783 -7.6580357551574698 -0.41415153443813318 -6.808440923690795 1.0762205123901369
decision_type=2 2 2 2 2 2 2 2 2 2 2 2 2 2 2 2 2 2 2 2 2 2 2 2 2 2 2 2 2 2
left_child=1 -1 -3 8 5 -2 -7 9 -4 -5 11 -11 -12 14 -6 16 17 20 19 -19 -16 -15 -18 -23 25 -25 -27 28 -26 -30
right_child=4 2 3 7 13 6 -8 -9 -10 10 12 -13 -14 21 15 -17 22 18 -20 -21 -22 23 -24 24 27 26 -28 -29 29 -31
leaf_value=0.0029127166003024025 -0.0032997815768005803 -0.0010055606696900291 0.0060194921153952198 -0.0022577897786448262 0.0041703298143819251 0.00064654024500440817 0.0044301647918482782 -0.003365944728980295 0.0010131248761819935 0.0064150862840769516 -0.0011767675830347542 -0.00029993856167598597 0.0024588848423634166 0.0039280638603566061 0.00013379821535412258 -0.0045582208014800611 -0.0016562703637250016 0.0036322110416101183 0.0043492317873194165 -0.0020386041532791735 -0.0051098695655595111 0.0023907025534725297 0.0015705295164656389 0.00072272738875659435 -0.00012078540262027459 -0.0061658560070174369 -0.00094528747501175351 0.0009040442234352137 0.0039918846526512345 -0.0013404878866398995
leaf_weight=889.85705894231796 502.47431787848473 16407.590532466769 512.92619171738625 962.80513378977776 504.0723781734705 1062.9958119690418 1646.9119496792555 724.51878570020199 786.02065922319889 605.47436021268368 1965.4859871715307 563.43931905925274 837.87482626736164 621.17735235393047 1459.6832971721888 591.00090105831623 5943.0340562164783 553.63206321001053 1124.7698825895786 842.85573907196522 498.49996864795685 1655.3382724225521 840.1733156144619 888.71048714220524 27455.151289209723 533.44284749031067 615.48305693268776 15144.725538030267 1258.6876159608364 501.34306161105633
leaf_count=3636 2020 65832 2056 3857 2022 4300 6634 2904 3149 2427 7887 2260 3364 2491 5854 2376 23825 2219 4518 3379 2002 6661 3370 3570 110101 2139 2471 60760 5047 2010
internal_value=7.82895e-05 -0.000456026 -0.000585509 0.000404954 0.000280065 0.00196844 0.00295382 -0.00019971 0.00302092 0.000270991 0.000888051 0.00320322 -8.52579e-05 0.00019089 -0.000507612 -0.000709888 -0.000504084 0.000633096 0.00207169 0.000219408 -0.00122028 0.000368298 -0.00125487 0.000321474 0.00024715 -0.00160797 -0.00340147 0.000332707 3.63254e-05 0.00247397
internal_weight=88500.2 24256 23366.1 6958.55 64244.2 3212.38 2709.91 5659.6 1298.95 4935.08 3972.27 1168.91 2803.36 61031.8 12357.7 11853.6 11262.6 4479.44 2521.26 1396.49 1958.18 48674.1 6783.21 48052.9 46397.5 2037.64 1148.93 44359.9 29215.2 1760.03
internal_count=355141 97372 93736 27904 257769 12954 10934 22699 5205 19795 15938 4687 11251 244815 49565 47543 45167 17972 10116 5598 7856 195250 27195 192759 186098 8180 4610 177918 117158 7057
is_linear=0
shrinkage=0.03


Tree=209
num_leaves=31
num_cat=0
split_feature=39 22 37 5 39 41 37 1 23 11 26 39 17 41 29 28 27 7 5 27 19 30 37 12 30 9 22 1 39 30
split_gain=7.04816 8.46637 11.5511 11.5242 7.52992 23.936 18.749 13.9546 12.0595 16.8719 14.851 12.2266 14.3132 12.075 11.5343 12.0624 13.0479 10.8416 10.9137 10.3054 9.49788 10.1065 9.48727 13.1953 12.8232 17.8515 11.1824 11.0388 11.0856 12.1479
threshold=-0.99755457043647755 0.8458993434906007 0.21000228822231296 -0.28629188239574427 0.87461137771606456 -0.87837970256805409 -0.18332299590110776 -1.323478579521179 0.22616767883300784 -0.51908880472183216 -0.48723912239074701 0.73134672641754161 0.35754562914371496 -1.0000000180025095e-35 -0.89182034134864796 0.48034739494323736 -0.38686226308345789 -0.23370540887117383 -0.26795811951160425 -0.74261558055877674 0.018525700084865097 -0.077350366860628114 0.17334734648466113 -8.7263293266296369 -0.4364145547151565 -1.3330601453781126 0.9420054852962495 -1.0437486767768858 -0.43836697936058039 -0.75030565261840809
decision_type=2 2 2 2 2 2 2 2 2 2 2 2 2 2 2 2 2 2 2 2 2 2 2 2 2 2 2 2 2 2
left_child=-1 2 3 -2 8 6 -6 -7 9 11 13 12 -3 -11 -12 20 -17 -9 19 -19 -16 -22 24 -24 27 -26 -25 -10 -29 -30
right_child=1 4 -4 -5 5 7 -8 17 22 10 14 -13 -14 -15 15 16 -18 18 -20 -21 21 -23 23 26 25 -27 -28 28 29 -31
leaf_value=0.001876891728802799 -0.0022954745730506963 -0.0017988629793535557 0.0050563808983983705 0.0023349712619743427 -0.0078470189057967196 0.0032983383189827851 -0.0016208159227648121 -0.0016411614884177556 0.0010819596809084427 0.0038762344677046143 0.0035069776690102839 0.0036881788540294126 0.0032592925031168841 0.0012646511392212119 -0.0022161050073732898 -0.0042887566604258081 0.0009534065539377151 -0.0010408841247389251 -0.00037326332886601003 0.0040782670603315332 -5.3952529512945313e-05 0.0045919536365852899 0.0030743043053165658 0.0036275346932378451 -0.0040706579233486797 0.00029845619558481771 5.8254174460017445e-05 8.1479486877091416e-05 -0.0013025593549110506 -0.0038430800669555488
leaf_weight=1974.1891283690929 772.89414621889591 3802.4660703539848 683.93422457575798 1256.9670453071594 642.34753778576851 978.6864477545023 1330.0469637364149 4074.9550002068281 1812.5272517204285 2884.2891178876162 799.73089416325092 520.99971634149551 570.77298206090927 3578.2668885141611 588.85486176609993 1088.8965914994478 694.18479159474373 513.50167845189571 4951.7601574659348 1104.7448965460062 874.337885171175 803.08121399581432 1558.3492331951857 815.54618193209171 871.17737473547459 18755.469133764505 18345.473872810602 3200.1448593586683 6345.57810087502 2310.833685785532
leaf_count=7922 3097 15301 2741 5037 2580 3936 5337 16344 7266 11592 3241 2095 2299 14361 2374 4403 2792 2058 19867 4427 3517 3227 6254 3268 3491 75186 73610 12826 25446 9269
internal_value=0.000109038 6.84925e-05 0.00171452 0.000569263 1.49998e-05 -0.000630949 -0.00367785 -0.000111209 0.000140139 0.000857619 0.00149394 -0.000613097 -0.00113277 0.00243441 0.000238106 -0.000414532 -0.00225396 -0.000427481 0.000326638 0.00245744 0.00103625 0.00218435 -7.52418e-05 0.000428646 -0.000388837 0.000102548 0.000211986 -0.00109395 -0.00142721 -0.0019844
internal_weight=88505 86530.8 2713.8 2029.86 83817 13596 1972.39 11623.6 70221 16205.9 11311.6 4894.24 4373.24 6462.56 4849.09 4049.36 1783.08 10645 6570.01 1618.25 2266.27 1677.42 54015.1 20719.4 33295.7 19626.6 19161 13669.1 11856.6 8656.41
internal_count=355164 347242 10875 8134 336367 54549 7917 46632 281818 65202 45507 19695 17600 25953 19554 16313 7195 42696 26352 6485 9118 6744 216616 83132 133484 78677 76878 54807 47541 34715
is_linear=0
shrinkage=0.03


Tree=210
num_leaves=31
num_cat=0
split_feature=16 16 40 6 13 33 29 10 13 24 11 30 11 11 13 16 39 13 13 17 11 11 17 13 14 31 24 13 6 39
split_gain=10.5906 12.8362 17.4752 14.2225 12.9982 11.2211 11.4601 10.9761 9.80539 9.54534 12.4667 13.4394 11.628 10.098 12.4056 9.35167 8.71934 15.0111 8.41497 8.41478 7.8399 10.4805 8.59274 8.0468 7.15148 10.5759 9.90159 10.2603 13.0687 13.1949
threshold=-0.71688562631607045 0.32647521793842321 -0.21643755584955213 -1.164909243583679 -8.0796880722045881 0.54422584176063549 0.55856192111969005 1.4223389625549319 -6.841784954071044 1.2123339176177981 -0.32407090067863459 0.2480244189500809 0.581707924604416 -0.64643412828445423 -8.2928514480590803 -0.81338021159172047 0.325565055012703 -7.8142585754394522 -7.9552588462829581 -0.73190325498580922 0.21483130007982257 0.020099566318094734 0.35754562914371496 -7.2889738082885733 -8.2998919486999494 0.51644599437713634 1.0176383256912234 -8.5870060920715314 -0.16978480666875836 0.82902967929840099
decision_type=2 2 2 2 2 2 2 2 2 2 2 2 2 2 2 2 2 2 2 2 2 2 2 2 2 2 2 2 2 2
left_child=9 5 4 -4 -3 24 7 16 -5 -1 13 12 18 14 -11 -16 17 -7 -12 -8 21 22 23 -6 25 26 -2 28 29 -28
right_child=1 2 3 8 20 6 19 -9 -10 10 11 -13 -14 -15 15 -17 -18 -19 -20 -21 -22 -23 -24 -25 -26 -27 27 -29 -30 -31
leaf_value=-0.0028152195161458469 0.0010207441262479781 0.005131636764962145 0.0025117914740442316 -0.00083461067709485247 0.0012173803038681259 -0.0068265636786400035 0.0032440656672385482 -0.006831433629236894 -0.0051198647814410204 0.0046787224916719503 0.0054322154348612093 0.0067847905824054743 0.00024048073360264998 -0.0035264427012234529 -0.0023481039833680582 0.0026499411280552906 0.00027328057648836739 -0.00091887299709401656 0.00099750680070635972 -0.00088680668398309355 0.0025895962443201405 -0.0033756210793747057 0.0034044631024634855 -0.0031591820606473469 -4.697531909186261e-05 0.0023882292631301903 -0.0009514931174327935 -0.0036284983402864149 0.0011421161671365053 -0.0067376850010483925
leaf_weight=525.80828136205673 1191.4201166927814 903.13996043801308 978.93842977285385 2764.824414908886 1195.8992118090391 647.54870837926865 500.59611682593822 499.40526010096073 573.22219245135784 527.78054945170879 940.35993431508541 528.43719306588173 2116.388375416398 638.8976878374815 973.78675463795662 502.78915901482105 956.99843709170818 950.15575024485588 656.44929197430611 3387.4423742741346 2322.9827478975058 563.40729123353958 929.86490881443024 540.8116242736578 56234.506261840463 713.1662063151598 1164.9099502563477 2086.4430015087128 1472.219237908721 502.63020212948322
leaf_count=2108 4776 3629 3973 11102 4810 2603 2014 2006 2299 2118 3771 2118 8487 2562 3905 2016 3849 3820 2632 13637 9332 2264 3737 2174 225546 2860 4673 8370 5906 2016
internal_value=-3.90524e-05 -0.000138318 0.000825508 -0.000651241 0.00181244 -0.0002861 -0.00143024 -0.00280237 -0.00158359 0.00104574 0.00134426 0.00235013 0.00170249 -0.000272626 0.0007769 -0.000639841 -0.00199118 -0.00334083 0.00362666 -0.000347987 0.00126435 0.000306191 0.00109381 -0.000155765 -0.000160545 -0.00105486 -0.00144059 -0.00200258 -0.000914036 -0.00272534
internal_weight=88491.2 81080.5 10773.1 4316.99 6456.11 70307.4 6942.15 3054.11 3338.05 7410.7 6884.89 4241.63 3713.2 2643.25 2004.36 1476.58 2554.7 1597.7 1596.81 3888.04 5552.97 3229.98 2666.58 1736.71 63365.3 7130.79 6417.62 5226.2 3139.76 1667.54
internal_count=355113 325396 43320 17374 25946 282076 27929 12278 13401 29717 27609 17008 14890 10601 8039 5921 10272 6423 6403 15651 22317 12985 10721 6984 254147 28601 25741 20965 12595 6689
is_linear=0
shrinkage=0.03


Tree=211
num_leaves=31
num_cat=0
split_feature=17 23 43 37 18 39 40 22 41 24 42 28 23 13 24 17 17 0 22 22 16 40 24 13 33 10 3 0 22 16
split_gain=8.25936 14.4718 12.0965 10.7974 14.1411 11.3246 11.0598 10.2182 15.6161 14.5842 11.8953 11.5161 10.065 9.80474 10.5555 10.0861 9.73971 9.72062 9.28629 13.9539 9.85565 13.049 9.22109 15.6745 15.1326 13.9903 11.197 11.8258 10.5337 10.0684
threshold=-0.28327383100986475 0.42319501936435705 0.90000000596046459 -0.33333235979080195 0.63618385791778576 0.86601716279983532 -0.95629566907882679 1.0876107811927798 1.0000000180025095e-35 1.644186854362488 1.0000000180025095e-35 -2.2263689041137691 0.2223426625132561 -7.9990315437316886 2.4656481742858891 -0.71400156617164601 -0.53304314613342274 0.11196958646178247 1.5463002324104311 1.4608194231987002 -0.50893130898475636 0.20790971815586093 1.3033695220947268 -8.0591816902160627 0.19797305762767795 0.010397050064057113 0.34297211468219763 -1.0000000180025095e-35 1.0876107811927798 -0.30817554891109461
decision_type=2 2 2 2 2 2 2 2 2 2 2 2 2 2 2 2 2 2 2 2 2 2 2 2 2 2 2 2 2 2
left_child=1 7 18 4 -2 6 -6 8 10 -10 -1 16 -12 14 -13 -15 -9 -4 19 22 21 -20 23 24 -3 -25 27 -24 29 -28
right_child=3 2 17 -5 5 -7 -8 11 9 -11 12 13 -14 15 -16 -17 -18 -19 20 -21 -22 -23 26 25 -26 -27 28 -29 -30 -31
leaf_value=-0.0030089271992373907 0.0042539292760786227 0.0029269089691820382 0.00027820636457795298 -0.00057018548769705339 0.0037273716031508974 0.0038545011645271655 -0.0005339785471749263 -0.0035545443468429942 -0.0014889295037547232 -0.0082740373013398712 0.0038614224072982522 -0.00097820275798984717 -0.0012986666600637521 -0.0024819488036170326 0.0029336923862497148 0.0018611396959218839 0.00079028528299574386 -0.0046191815896857152 0.0051585533383444824 0.0040558568819164956 -0.00073078579806168322 -0.00031848995227974739 -0.0021400673738208266 0.0069486656018262838 -0.0024123054386665983 0.00188125171079847 0.0059678090637562643 0.00091364267960114163 0.00048722767665556965 0.00093393430379901067
leaf_weight=969.48045977950096 847.82554213702679 941.48121723532677 812.76177603006363 41884.236114785075 589.41057780385017 681.51080818474293 6400.9923331588507 1382.9165401011705 597.41583056747913 544.98164141178131 682.65717253088951 5025.2671716958284 661.15295904874802 536.0702850073576 698.30168119072914 4113.9985094666481 691.84209001064301 650.17780853807926 665.41885353624821 1499.283885627985 4786.5741456747055 928.74134415388107 2209.4432529360056 851.50050249695778 949.64405605196953 1162.9034078419209 768.88091197609901 2341.1189829260111 2764.0940849035978 669.19457449018955
leaf_count=3886 3399 3773 3263 168024 2371 2740 25752 5549 2394 2184 2738 20176 2649 2155 2802 16533 2776 2614 2669 6014 19229 3726 8856 3412 3808 4662 3084 9382 11085 2682
internal_value=-0.000120592 0.000213936 0.000712183 -0.000372159 0.000600892 0.000192182 -0.000169863 -0.000475338 -0.00191607 -0.00476948 -0.000492469 -7.41735e-05 0.00133182 0.000334415 -0.000496649 0.00135621 -0.00210889 -0.00191494 0.000900153 0.00132815 -5.00825e-05 0.00198559 0.00100213 0.00221241 0.000247193 0.00404702 0.000460185 -0.000570473 0.001575 0.00364797
internal_weight=88309.3 37905.3 22001.2 50404 8519.74 7671.91 6990.4 15904.1 3455.69 1142.4 2313.29 12448.4 1343.81 10373.6 5723.57 4650.07 2074.76 1462.94 20538.3 14157.5 6380.73 1594.16 12658.3 3905.53 1891.13 2014.4 8752.73 4550.56 4202.17 1438.08
internal_count=354387 152101 88259 202286 34262 30863 28123 63842 13851 4578 9273 49991 5387 41666 22978 18688 8325 5877 82382 56758 25624 6395 50744 15655 7581 8074 35089 18238 16851 5766
is_linear=0
shrinkage=0.03


Tree=212
num_leaves=31
num_cat=0
split_feature=33 35 37 30 17 11 40 11 33 31 31 12 11 29 29 3 37 29 20 14 20 30 31 34 11 11 29 6 6 26
split_gain=9.45573 10.9026 6.78108 19.3584 14.5775 10.4592 12.5233 11.2428 21.5078 15.0468 9.94686 10.3517 11.6732 10.4179 12.7974 10.9828 14.0361 9.82902 12.9569 12.2102 9.41117 11.9187 9.34202 9.24922 9.11951 9.04764 8.98231 11.6984 8.86176 12.0167
threshold=1.0962552428245547 0.75473755598068248 -0.35714119672775263 -0.64768788218498219 -0.29650992155075068 -1.1465401649475095 0.51503318548202526 -0.7550540268421172 0.058764832094311721 -0.32834252715110773 -0.3057615458965301 -9.0741438865661603 2.3381161689758305 -0.80131956934928883 -0.40654566884040827 -0.50490024685859669 -0.054541369900107377 -0.69300729036331166 0.72967901825904857 -7.5066788196563712 1.0262697339057925 -0.8885434865951537 -0.54166281223297108 -0.21539641171693799 -0.34582635760307306 -0.34582635760307306 -0.12687885761260984 -0.78909182548522938 1.2821540832519533 -1.0024527311325071
decision_type=2 2 2 2 2 2 2 2 2 2 2 2 2 2 2 2 2 2 2 2 2 2 2 2 2 2 2 2 2 2
left_child=2 -2 3 20 10 6 -6 8 9 -7 11 -4 13 25 22 -16 -17 -5 -19 -20 -1 26 -15 -11 -21 -13 27 -22 29 -12
right_child=1 -3 4 17 5 7 -8 -9 -10 23 28 12 -14 14 15 16 -18 18 19 24 21 -23 -24 -25 -26 -27 -28 -29 -30 -31
leaf_value=-0.0029114523829368174 -0.004670952018278939 0.00080576057502357095 0.0033840020897774933 0.0032851428005394199 -0.0035677266146937809 0.0025970683907453533 0.00059130860187517256 -0.00043714936091964271 0.0037401402562612087 -0.0049307355624078923 0.00049632438659407611 -0.0059615192705830856 -0.0049582888916893655 0.0042467408876165043 0.0026445872317933045 -0.0058726556401743624 -0.00064634750261819882 0.0055515457209354326 -0.00075414588315753583 0.0042993601229002615 0.0023474412070449823 -0.002884534363450683 0.00012887034734410606 9.6827151789023001e-05 0.00067210171558245726 -0.00081081268618466145 0.0030092431569142338 -0.0025941220622285334 -0.001053124146130835 0.0020832227195925705
leaf_weight=1339.2336970716715 797.26156996190548 545.70550206303596 565.61319944262505 2215.6128550618887 1890.5570796132088 747.39688704907894 987.67065086960793 36110.287673845887 1726.0701082348824 731.68848650157452 14757.874790728092 499.86108922958374 549.60452306270599 918.44711330533028 591.63607738912106 592.02150946855545 2008.9280996024609 497.58196164667606 3030.5107788443565 986.34295177459717 765.59937664866447 954.86913940310478 1065.5244600772858 591.67189751565456 1680.8225899636745 780.67677621543407 1149.6820544153452 961.21828876435757 2168.375415712595 6053.0332878679037
leaf_count=5369 3231 2194 2269 8957 7580 3002 3964 144846 6922 2935 59174 2009 2204 3686 2373 2373 8053 1994 12168 3963 3090 3840 4275 2370 6751 3137 4612 3855 8722 24274
internal_value=3.26786e-05 -0.00245602 7.14093e-05 0.000686896 -4.26524e-05 -0.000400028 -0.00214344 -0.000273783 0.00127701 -0.000784234 0.000457794 -0.000484717 -0.000801396 -0.000440457 0.000160446 -0.00101459 -0.00185388 0.00157423 0.000958045 0.000547868 -0.000756755 2.0259e-06 0.00204691 -0.00269905 0.00202454 -0.00285202 0.000966908 -0.000402336 0.000768454 0.000958666
internal_weight=88261.4 1342.97 86918.4 13581.5 73336.9 42785.3 2878.23 39907.1 3796.83 2070.76 30551.6 7572.31 7006.7 6457.1 5176.56 3192.59 2600.95 8410.87 6195.26 5697.68 5170.6 3831.37 1983.97 1323.36 2667.17 1280.54 2876.5 1726.82 22979.3 20810.9
internal_count=354192 5425 348767 54599 294168 171619 11544 160075 15229 8307 122549 30379 28110 25906 20760 12799 10426 33833 24876 22882 20766 15397 7961 5305 10714 5146 11557 6945 92170 83448
is_linear=0
shrinkage=0.03


Tree=213
num_leaves=31
num_cat=0
split_feature=30 13 22 8 41 17 11 11 0 7 31 39 7 24 9 39 36 6 11 32 0 15 8 11 30 13 13 17 13 37
split_gain=7.21417 15.9362 14.1128 7.21597 13.9334 14.1869 13.4422 14.5655 10.2797 9.92184 7.99577 9.80461 7.39306 7.74181 7.08044 6.59989 10.0837 6.4159 6.03314 5.4545 5.17487 5.71516 9.75357 12.5296 14.0464 14.1057 13.974 20.2751 11.8501 10.5544
threshold=-2.3007179498672481 -7.8255348205566397 1.145012438297272 1.307900667190552 1.0000000180025095e-35 -0.62417781352996815 1.1309275031089785 0.73645198345184337 0.8495810627937318 1.8243985176086428 0.14171408116817477 -0.13917177915573117 1.3311257958412173 1.9088029861450198 0.7183954417705537 0.069755807518959059 0.045804196968674667 0.73700872063636791 -3.1186759471893306 0.37783496081829077 -2.6699142456054683 -7.418177366256713 0.8309958577156068 1.0035293102264407 -1.1601696610450742 -7.751847267150878 -7.6447682380676261 -0.57299157977104176 -6.9194877147674552 0.24615473300218585
decision_type=2 2 2 2 2 2 2 2 2 2 2 2 2 2 2 2 2 2 2 2 2 2 2 2 2 2 2 2 2 2
left_child=1 2 -1 9 5 -5 7 15 10 12 -7 -12 18 14 19 16 -6 -17 -2 -14 -20 -22 23 -23 25 -25 27 -26 29 -28
right_child=3 -3 -4 4 6 8 -8 -9 -10 -11 11 -13 13 -15 -16 17 -18 -19 20 -21 21 22 -24 24 26 -27 28 -29 -30 -31
leaf_value=0.0066356411798542689 -0.0030105015979833647 -0.0024135193162618087 0.00084370836793760441 0.0017566797989031983 -0.00095228300793044618 -0.0070006834498087334 -0.0030723241114927907 0.0058838384830073006 0.00014721273118614364 -0.0032526489073202531 -0.00048701722444543144 -0.0053083775885286056 0.0026255976819590347 -0.00098080366812709047 0.0046127758479910614 0.00099995605738001218 0.0047359676605013825 -0.0037555640804322965 0.0024483275951443003 -0.001229139725160439 -9.8733208798553024e-05 0.00026484615096639315 -0.001111171296957196 -0.0030275978547350956 0.0019727996902563533 0.0022082723684988103 0.0018651323496342151 0.0098193996573567987 0.0057476414714317144 -0.0025891595195171907
leaf_weight=676.06060747802258 539.77833998203278 569.11658681929111 852.49691951274872 650.58194600045681 543.97700987756252 620.55247649550438 732.25333194434643 531.73048470914364 654.78988154232502 755.73098269104958 750.48648895323277 762.77675825357437 857.77606222033501 757.65428431332111 872.97757099568844 503.56533367931843 562.96855348348618 501.12893028557301 856.78569002449512 525.83665274083614 44512.362363487482 20382.071500822902 3253.3800879716873 917.20233437418938 677.83081102371216 915.38951218128204 2122.7734904438257 525.73546575009823 526.97697021067142 607.97054347395897
leaf_count=2710 2166 2283 3421 2614 2182 2490 2939 2133 2634 3044 3013 3069 3443 3042 3510 2019 2259 2015 3479 2122 178571 81788 13051 3678 2719 3671 8517 2109 2114 2437
internal_value=0.000107917 0.00184205 0.00343188 6.56181e-05 -0.000870583 -0.0022117 0.000498282 0.00149524 -0.00314049 0.00014586 -0.00414535 -0.00293617 0.00017884 0.00163342 0.00251161 0.000367632 0.00195714 -0.00138567 0.000120819 0.00116231 0.000143663 0.000116812 0.000437307 0.000626504 0.00179542 -0.000414462 0.00270208 0.00545298 0.00167218 0.000867604
internal_weight=88520.7 2097.67 1528.56 86423 6814.81 3439.19 3375.62 2643.37 2788.61 79608.2 2133.82 1513.26 78852.5 3014.24 2256.59 2111.64 1106.95 1004.69 75838.3 1383.61 75298.5 74441.7 29929.3 26676 6293.88 1832.59 4461.29 1203.57 3257.72 2730.74
internal_count=355242 8414 6131 346828 27367 13820 13547 10608 11206 319461 8572 6082 316417 12117 9075 8475 4441 4034 304300 5565 302134 298655 120084 107033 25245 7349 17896 4828 13068 10954
is_linear=0
shrinkage=0.03


Tree=214
num_leaves=31
num_cat=0
split_feature=12 5 25 9 31 25 11 11 6 11 19 22 11 41 15 27 10 35 11 7 23 31 5 16 32 6 27 1 12 10
split_gain=4.966 13.346 13.0011 10.8979 10.744 13.8902 9.97929 12.4475 11.4546 16.5542 13.2144 10.7841 13.6082 11.9067 9.9866 9.5372 12.1097 8.69162 9.83103 9.78362 8.93009 14.3094 10.2155 9.17951 10.6454 14.62 8.44439 10.13 7.90424 9.90679
threshold=-7.5288393497467032 -1.2486249804496763 0.37545253336429601 -1.846934378147125 -0.42308160662651056 0.60867291688919078 0.56963378190994274 -0.31393130123615259 -0.2444132789969444 -0.5313405692577361 0.4948160201311112 1.3132591843605044 0.67057350277900707 0.6078576147556306 -7.3912627696990958 -0.98844072222709645 0.41371472179889685 0.60454174876213085 0.39836551249027258 0.83348438143730175 0.094059299677610411 0.18622404336929324 -1.2014955282211301 0.32647521793842321 -0.5336599051952361 -0.23506224900484082 -0.47556664049625391 -1.1038228869438169 -7.9332852363586417 -0.5705265700817107
decision_type=2 2 2 2 2 2 2 2 2 2 2 2 2 2 2 2 2 2 2 2 2 2 2 2 2 2 2 2 2 2
left_child=15 2 26 -3 5 -5 7 8 9 10 -6 14 -13 -14 -8 16 -1 20 19 -19 21 28 -22 24 25 -24 27 -2 29 -17
right_child=1 3 -4 4 6 -7 11 -9 -10 -11 -12 12 13 -15 -16 17 -18 18 -20 -21 22 -23 23 -25 -26 -27 -28 -29 -30 -31
leaf_value=-0.00057156993385326898 -0.0003740536220278439 -0.0042730146922130372 0.0051879888524474079 0.0022680960459120904 -0.0049254707836314041 -0.0030182906134542673 0.005734774795062461 -0.0014227110456623902 0.001186576281657778 0.0028893056572243782 8.6957870602554391e-05 0.0043976190085845543 -0.0018684431724029012 0.0013903281885534636 0.0012756082456579453 -0.0013598943621062757 -0.0044411504297705712 0.0063628698548921989 0.00024701114896222027 0.0010576242855129569 -0.0025032747209055824 0.0046649479121205102 -0.0010400466610953469 0.0017773228037014908 -0.00046877768192460378 0.0061049904547002057 -0.0014322249533018851 0.0044675465911987742 -0.0014617193318930816 0.0022829773530794392
leaf_weight=2335.0144487023354 720.38383378088474 513.21293784677982 858.70258444547653 3331.8526448011398 1056.8431602120399 507.63252425193787 594.84629690647125 7811.9353922009468 4665.5679861307144 625.23725937306881 850.30197793245316 536.13395772874355 2646.0606273114681 1618.3137889355421 1824.6030192673206 971.55983704328537 1049.9115466475487 538.32406404614449 3410.9507429003716 739.95723573863506 1970.719929471612 764.91594588756561 498.5829980224371 1823.9555886983871 40229.654183492064 518.08894176781178 878.97236828505993 831.67727233469486 1575.6482117921114 2129.38106995821
leaf_count=9395 2951 2057 3460 13377 4240 2035 2384 31334 18711 2508 3407 2151 10623 6491 7312 3906 4215 2158 13688 2974 7911 3074 2000 7317 161297 2076 3547 3369 6351 8553
internal_value=-7.7478e-05 0.000237233 0.00203672 1.38542e-05 9.98536e-05 0.00156314 -0.000153471 -0.000594208 0.000305693 -0.0013155 -0.00270188 0.000762352 -6.17645e-05 -0.000631392 0.00239103 -0.000238039 -0.00178135 -0.000143047 0.00109105 0.00332388 -0.000257873 0.000889023 -0.000396599 -0.000299647 -0.000391902 0.00262501 0.00090692 0.00223233 0.000262786 0.00114092
internal_weight=88428.9 29872.3 3289.74 26582.5 26069.3 3839.49 22229.8 15009.9 7197.95 2532.38 1907.15 7219.96 4800.51 4264.37 2419.45 58556.7 3384.93 55171.7 4689.23 1278.28 50482.5 5441.51 45041 43070.3 41246.3 1016.67 2431.03 1552.06 4676.59 3100.94
internal_count=354872 119957 13327 106630 104573 15412 89161 60200 28866 10155 7647 28961 19265 17114 9696 234915 13610 221305 18820 5132 202485 21884 180601 172690 165373 4076 9867 6320 18810 12459
is_linear=0
shrinkage=0.03


Tree=215
num_leaves=31
num_cat=0
split_feature=26 15 15 1 10 40 22 9 11 30 0 40 35 41 35 40 11 9 11 0 25 37 30 30 22 26 30 0 11 0
split_gain=6.79788 5.91803 12.2386 12.119 10.7646 10.171 8.71118 10.827 9.56723 8.69998 7.12704 6.36289 14.3823 14.4765 10.9544 10.7796 16.9762 10.5314 14.6881 13.8306 18.0184 11.63 10.3003 10.2808 10.858 9.58524 13.1481 9.72031 9.45065 10.6928
threshold=-4.9317145347595206 -6.9704036712646475 -6.808440923690795 -0.22643753141164777 1.4223389625549319 0.34201689064502722 1.148617208003998 0.9379032850265504 0.25409808754920965 -0.22655896097421643 0.33307594060897833 0.54463386535644542 -0.062113013118505471 -1.0000000180025095e-35 0.85590395331382763 0.85263204574584972 -0.61925536394119252 1.1146883964538576 1.1499673128128054 -0.50074937939643849 0.79337337613105785 -0.2105096951127052 -1.0789709091186521 0.3736285269260407 1.0920544862747195 0.16043289750814441 -1.5995473861694334 0.64397588372230541 -1.1465401649475095 -1.0000000180025095e-35
decision_type=2 2 2 2 2 2 2 2 2 2 2 2 2 2 2 2 2 2 2 2 2 2 2 2 2 2 2 2 2 2
left_child=-1 11 3 9 6 10 -4 8 -8 -3 -5 -2 13 25 17 16 -15 18 19 20 21 -14 -19 24 -17 26 -13 28 -28 -30
right_child=1 2 4 5 -6 -7 7 -9 -10 -11 -12 12 14 15 -16 23 -18 22 -20 -21 -22 -23 -24 -25 -26 -27 27 -29 29 -31
leaf_value=0.0029317589306556125 -0.00013202837538501451 -0.0020391127659910671 0.00350626192383172 -4.3116556035360305e-05 -0.0033894286526641006 0.0018067183298542573 0.00068925951616351493 0.0036911489642766763 -0.0029518833422105526 -0.0064509654935822787 -0.0041232924180810253 -0.00092695864219737771 -0.002108234170912349 0.0049520046551349223 0.0029575806776870341 -0.0036168236321986614 4.2149698589818181e-05 0.0011246528714284635 -0.0020508125718823405 -8.5011437450216584e-05 0.0074862183346839761 0.0031534314214409541 -0.0034897786489520703 -0.0034486529009616898 0.001317605426838763 -0.00057251160978490686 0.0013612202878991175 0.00044202169757084507 0.0039208740863679982 0.0085864028600521891
leaf_weight=692.33856253325939 53741.710390374064 957.88800111413002 849.48904117941856 753.9143720716238 621.25912082195282 948.5126591771841 1712.6966566592455 613.44767786562443 1033.3913095593452 701.81846261024475 778.47790293395519 550.49457482993603 618.52311995625496 961.23203292489052 943.05730186402798 500.23654015362263 1824.6754365265369 588.40299685299397 2471.3951601088047 7013.5379536896944 518.32979433238506 941.37698146700859 1620.6473545432091 924.26429563760757 1871.2627387940884 681.04956148564816 529.70609731972218 533.86844575405121 1069.6772296130657 785.99857798218727
leaf_count=2776 215626 3847 3406 3024 2492 3806 6880 2462 4151 2820 3123 2211 2482 3861 3783 2005 7329 2361 9923 28140 2081 3774 6506 3715 7516 2748 2127 2143 4300 3157
internal_value=-7.93666e-06 -3.1486e-05 -0.000761083 -0.00195582 0.000264993 -0.000623187 0.000811147 0.000121279 -0.000686692 -0.00393216 -0.0021292 5.17769e-05 0.000447619 0.00131083 -0.000153111 0.000377277 0.00174787 -0.000368108 -4.81607e-06 0.000552985 0.00269617 0.00106696 -0.00226115 -0.000783065 0.000265936 0.00267447 0.00331161 0.00411133 0.00492727 0.00593246
internal_weight=88352.7 87660.3 8970.9 4140.61 4830.28 2480.9 4209.02 3359.54 2746.09 1659.71 1532.39 78689.4 24947.7 10232.5 14715.3 6081.67 2785.91 13772.2 11563.2 9091.77 2078.23 1559.9 2209.05 3295.76 2371.5 4150.79 3469.74 2919.25 2385.38 1855.68
internal_count=354575 351799 36011 16620 19391 9953 16899 13493 11031 6667 6147 315788 100162 41112 59050 24426 11190 55267 46400 36477 8337 6256 8867 13236 9521 16686 13938 11727 9584 7457
is_linear=0
shrinkage=0.03


Tree=216
num_leaves=31
num_cat=0
split_feature=34 35 23 40 32 13 31 27 40 39 43 8 16 43 4 40 32 43 32 5 22 39 14 37 22 40 40 30 26 24
split_gain=5.70955 12.8619 10.067 13.6462 12.1037 9.99416 9.56644 11.8219 10.7774 9.55492 9.21729 8.34991 10.3385 8.16638 17.3701 13.9161 12.885 12.7786 11.7388 11.2137 10.8711 10.7156 11.1992 10.6688 12.7162 10.5691 9.73019 9.63988 9.4758 9.46189
threshold=-0.842382252216339 -0.87978547811508168 0.12711260467767718 -0.48480500280857081 -0.24675250053405759 -7.3499140739440909 -0.7054762840270995 -0.99459832906723011 -0.31730164587497706 -0.42261424660682673 0.30000001192092901 -0.82172712683677662 -0.39242658019065851 0.2333333417773247 0.13223440200090411 0.99862003326416027 -0.1949936971068382 0.43333333730697637 0.18542816489934924 0.99886509776115429 1.2096298336982729 0.87461137771606456 -6.7638397216796866 0.51279604434967052 1.6548930406570437 -0.95104745030403126 -0.71933293342590321 0.67053157091140758 0.11263833194971086 1.341383755207062
decision_type=2 2 2 2 2 2 2 2 2 2 2 2 2 2 2 2 2 2 2 2 2 2 2 2 2 2 2 2 2 2
left_child=1 -1 3 4 9 -3 -5 -8 -9 -2 -11 12 -10 18 -15 16 -16 23 19 -4 26 22 -19 24 -18 -22 -20 -27 -26 -28
right_child=2 5 13 6 -6 -7 7 8 11 10 -12 -13 -14 14 15 -17 17 21 20 -21 25 -23 -24 -25 28 27 29 -29 -30 -31
leaf_value=0.0026709103000449905 -0.0013096573472739194 -0.00089576609852326549 -0.00022351064915463947 0.0033779614697553974 0.005818793971484033 -0.0057046455768623786 -0.0037820257526683982 -0.003893325836744981 -0.0047124412671940997 0.0054250345774549983 0.0011745564364383353 0.0014298573916106804 0.00055821421494562067 -0.00043287540432856444 -0.003222977239056703 -0.0041182665987015083 0.0010740494959852003 0.0017326913124722887 0.0036343550678529625 0.0040849347189344997 -0.0063159017670726889 -0.00035583505511372352 -0.0014662907481183039 -0.0030026242654144072 -0.0036289605206616532 -0.0024086253079139367 -0.003936017818686367 0.0011332426104784944 0.0008748962047125812 0.00080387922940580259
leaf_weight=494.71754159033298 776.80275274813175 982.14283998310566 12116.872060716152 727.48773074150085 735.90940791368484 639.03386418521404 735.15179944038391 505.92178058624268 498.045997351408 676.71526730060577 1409.4567629098892 3624.8432972878218 977.78162288665771 26803.259033471346 715.68879008293152 534.86387945711613 4529.4077446907759 15581.893310859799 560.47354254126549 559.21134620904922 510.42972272634506 3231.5345244705677 1043.9516793489456 1064.0681804865599 1095.0372163653374 4051.9845793694258 584.58173903822899 827.27874726057053 673.32734097540379 1038.4192821532488
leaf_count=2002 3136 3989 48576 2933 2951 2594 2967 2032 2000 2730 5672 14572 3941 107429 2868 2147 18152 62513 2247 2243 2055 12962 4187 4270 4394 16294 2344 3320 2702 4163
internal_value=1.03335e-05 -0.00152556 4.82109e-05 0.000910411 0.00241142 -0.00281468 0.000143933 -0.00023179 0.000239632 0.00151837 0.00257264 0.000656384 -0.00124021 -7.3686e-05 0.000115148 0.000631063 0.000723439 0.00082835 -0.000588937 -3.03714e-05 -0.0015226 0.00122397 0.00153106 -0.000238987 0.000231976 -0.00224493 0.000262516 -0.00180701 -0.00191878 -0.000917012
internal_weight=88306.3 2115.89 86190.4 10668.1 3598.88 1621.18 7069.23 6341.74 5606.59 2862.97 2086.17 5100.67 1475.83 75522.3 55273 28469.8 27934.9 27219.2 20249.3 12676.1 7573.17 19857.4 16625.8 7361.84 6297.77 5389.69 2183.47 4879.26 1768.36 1623
internal_count=354385 8585 345800 42934 14489 6583 28445 25512 22545 11538 8402 20513 5941 302866 221624 114195 112048 109180 81242 50819 30423 79662 66700 29518 25248 21669 8754 19614 7096 6507
is_linear=0
shrinkage=0.03


Tree=217
num_leaves=31
num_cat=0
split_feature=5 23 11 24 36 16 4 11 15 8 9 35 9 15 7 6 8 6 22 18 6 10 11 30 22 4 8 33 23 22
split_gain=7.09693 15.7673 10.4526 12.963 10.7005 9.80454 9.41659 9.07455 17.7526 11.2929 9.75347 9.11507 8.85896 8.64486 8.07365 9.47977 19.3863 12.5786 10.9627 14.2506 10.2795 12.824 11.8834 10.1209 9.98073 10.4922 9.47451 9.55668 8.81934 8.7385
threshold=-0.85876676440238942 0.46428526937961584 -0.51908880472183216 1.288546144962311 0.35149985551834112 0.12753563374280932 -2.2216848134994502 0.29343847930431372 -7.8081157207489005 0.15830668807029727 -0.047252755612134927 0.054657280445098884 0.68353185057640087 -7.7825510501861563 -1.6350505352020261 -0.19836935400962827 0.75538623332977306 -0.32243214547634119 1.0660995841026308 0.84920108318328869 -0.5751194655895232 0.55979090929031383 -0.23292952775955197 0.27038125693798071 1.2727215290069582 1.0000000180025095e-35 -0.6658821403980254 -0.28533332049846644 0.2144020423293114 1.7086839079856875
decision_type=2 2 2 2 2 2 2 2 2 2 2 2 2 2 2 2 2 2 2 2 2 2 2 2 2 2 2 2 2 2
left_child=1 2 3 5 6 -1 -4 11 -9 10 -10 -8 -3 -6 -2 16 18 -18 20 24 28 22 -22 26 25 -20 -21 -28 -16 -17
right_child=14 12 4 -5 13 -7 7 8 9 -11 -12 -13 -14 -15 15 29 17 -19 19 23 21 -23 -24 -25 -26 -27 27 -29 -30 -31
leaf_value=-0.0064011381073083807 0.0028760171809583965 0.0048254426321485966 -0.0018414113666837121 0.00010129750914486603 0.0020682840197687657 -0.0009537376273971251 0.002178218462445319 -0.0031330694369541986 0.0024147129937362424 0.0051951559290771493 -0.0020288237720020052 0.0063004049364169075 7.0904783831479186e-05 -0.0019732865680250197 -0.0017568768021103828 0.00035145645983810714 -0.0018486411008821876 -0.0067222222524889359 0.001355354045912516 0.00033542390344661868 -0.0022195147948723079 -0.0047236948276318264 0.0026920088777962546 0.00095086260776188912 0.00046358829615635315 0.0063677350864723382 -7.9432976238138079e-05 -0.0027238539611392286 -0.0067223870409016517 -0.00059107253561716802
leaf_weight=561.6629111468792 820.60922545194626 1160.1468714922667 685.99680386483669 3186.8917697668076 648.6916425973177 628.39062517881393 2225.8312822431326 786.80975027382374 1183.7834249138832 705.71485278010368 699.12489797174931 614.86488111317158 505.31452989578247 1716.3017989099026 770.06343357264996 38167.002769291401 1970.6327980607748 624.4197828322649 972.90933419764042 2740.372138351202 755.37937523424625 508.06564344465733 1044.6763418763876 2917.2421405762434 3619.6480773389339 610.04092003405094 1865.1711198091507 3604.960766389966 555.87013308703899 11516.069130241871
leaf_count=2259 3297 4650 2804 12838 2607 2537 8977 3160 4773 2834 2811 2470 2025 6897 3087 153022 7898 2503 3899 10993 3027 2036 4185 11695 14514 2445 7481 14442 2227 46258
internal_value=5.82179e-05 0.000645303 0.0003078 -0.000899102 0.000878186 -0.00355663 0.00147439 0.00184268 0.000787416 0.00198652 0.000762823 0.00308943 0.00339191 -0.000860687 -6.48704e-05 -9.86696e-05 -0.000608519 -0.00304262 -0.00029076 4.12157e-05 -0.00177858 -0.000563714 0.000630051 -0.000564713 0.00133582 0.00331488 -0.00110371 -0.00182397 -0.0038733 0.000132912
internal_weight=88372.7 15309.5 13644.1 4376.95 9267.12 1190.05 6902.13 6216.13 3375.43 2588.62 1882.91 2840.7 1665.46 2364.99 73063.1 72242.5 22559.5 2595.05 19964.4 16330.3 3634.05 2308.12 1800.06 11127.7 5202.6 1582.95 8210.5 5470.13 1325.93 49683.1
internal_count=354651 61642 54967 17634 37333 4796 27829 25025 13578 10418 7584 11447 6675 9504 293009 289712 90432 10401 80031 65469 14562 9248 7212 44611 20858 6344 32916 21923 5314 199280
is_linear=0
shrinkage=0.03


Tree=218
num_leaves=31
num_cat=0
split_feature=1 28 11 7 5 17 32 22 19 36 20 36 23 30 30 18 20 29 17 1 7 40 23 32 24 29 17 25 30 25
split_gain=10.5518 14.4383 12.5703 10.8516 14.0507 11.2504 17.3769 12.4589 10.8026 10.9604 15.9314 15.8205 10.6755 11.7244 9.93173 12.6627 12.3918 13.418 12.035 11.9907 12.784 11.6044 10.3066 11.4043 9.89478 10.5373 9.86821 9.52774 11.0788 9.95417
threshold=-0.39903400838375086 -1.626666724681854 -1.3803508281707761 -0.7648915946483611 -0.68545779585838307 -0.048471046611666672 -0.059334618970751755 1.5698186159133913 0.024394487030804161 -0.87447479367256153 1.290857791900635 -0.96278989315032948 0.75013944506645214 -0.52831053733825672 -0.65802428126335133 0.55287832021713268 1.1222043037414553 0.75748059153556835 -0.3144357949495315 0.61420589685440075 -0.32674957811832422 1.0000000180025095e-35 0.17102055996656421 -0.2371532395482063 1.9259906411170962 0.67435196042060863 0.0103044705465436 0.24140512943267825 -0.12477124482393263 0.27936567366123205
decision_type=2 2 2 2 2 2 2 2 2 2 2 2 2 2 2 2 2 2 2 2 2 2 2 2 2 2 2 2 2 2
left_child=2 -2 -1 4 -3 6 -6 -7 24 10 11 -10 -11 -14 15 -5 -17 -18 19 20 -16 -19 23 -20 25 -4 -15 28 -24 -29
right_child=1 3 8 14 5 7 -8 -9 9 12 -12 -13 13 26 18 16 17 21 22 -21 -22 -23 27 -25 -26 -27 -28 29 -30 -31
leaf_value=-0.0015424178360859393 0.00058303972228639848 -0.0009731566165788652 7.0824778562985253e-05 -0.0044975417289461785 -0.0010664156790083745 0.0036317644594737798 0.0047412734383249664 -0.0011572207853534442 -0.0015723252255707256 0.0012002386424986163 0.0047232495842719682 0.0047324634780558407 -0.0039373118376099343 0.0029315214860101777 -0.0042235437559970425 0.00050561006539600597 -0.0025557945014698098 0.0040940330001962514 -0.0011781461737426213 0.0025711126593284598 0.00057675780393347492 -0.0020261819812859567 0.0048141356484353165 0.0048363697886658159 -0.0017465003921793754 0.0037769635197903305 -0.0018476282289074935 -0.004602295125501029 -0.00029060390687268617 -0.00094129846707694323
leaf_weight=2480.3573797494173 15285.78440593183 3325.1486364603043 6595.6597335189581 1120.6999806761742 643.81290543079376 663.49290256202221 1618.1625832021236 1774.1099005639553 1057.1755379587412 9892.885568395257 1704.0979664176702 529.33799275755882 812.44968040287495 752.9184273481369 596.56703020632267 2850.4157750606537 4951.1132956147194 559.19984722137451 521.6809511333704 2180.2330797314644 2814.8656059801579 537.7994632422924 525.49708247184753 603.80115762352943 2426.4968962371349 761.22613441944122 783.50579904019833 685.06204353272915 1336.8850291669369 18037.014233827591
leaf_count=9960 61299 13381 26516 4495 2582 2659 6485 7115 4238 39749 6848 2122 3258 3019 2391 11427 19863 2251 2095 8754 11292 2164 2106 2419 9744 3051 3140 2745 5357 72352
internal_value=7.81931e-06 -0.000214066 0.000491718 -0.000482836 0.000517512 0.00157205 0.00309085 0.000155809 0.000691547 0.00118312 0.00271785 0.000547725 0.000768705 -0.00104619 -0.000698012 -0.00150543 -0.00112397 -0.00189155 -0.00040126 0.000838811 -0.000272576 0.00110242 -0.000720895 0.00206271 -8.93058e-05 0.00045891 0.000498187 -0.00087402 0.00116779 -0.00107764
internal_weight=88427.5 60631.3 27796.1 45345.6 8024.73 4699.58 2261.98 2437.6 25315.8 15532.4 3290.61 1586.51 12241.8 2348.87 37320.8 10019.2 8898.53 6048.11 27301.6 5591.67 3411.43 1097 21709.9 1125.48 9783.38 7356.89 1536.42 20584.5 1862.38 18722.1
internal_count=354877 243232 111645 181933 32222 18841 9067 9774 101685 62374 13208 6360 49166 9417 149711 40200 35705 24278 109511 22437 13683 4415 87074 4514 39311 29567 6159 82560 7463 75097
is_linear=0
shrinkage=0.03


Tree=219
num_leaves=31
num_cat=0
split_feature=19 38 43 2 39 2 35 35 2 31 5 39 8 31 31 1 26 4 25 41 15 8 43 35 14 42 32 5 26 25
split_gain=6.65569 20.5056 16.5524 14.3057 11.309 9.78198 12.203 10.1332 11.2214 9.72875 8.992 8.25803 7.6758 10.776 8.69257 8.46025 7.09089 6.53015 7.88901 7.03212 7.46808 6.62452 9.41593 7.55241 9.63079 10.7735 7.41608 10.4389 6.88373 10.4168
threshold=0.015807453542947773 1.0000000180025095e-35 0.83333334326744091 -1.6782311201095579 -0.39874526858329767 -1.4652107954025266 0.47371351718902593 -0.017673141323029991 -0.30755697190761561 -0.48725035786628718 -0.45146690309047693 0.27563473582267767 -0.5592878758907317 0.12745535373687747 -0.23137129098176953 -0.46952895820140833 -1.6140728592872617 1.2845434546470644 0.34354797005653387 -0.60785761475563038 -7.738055706024169 1.7217991352081301 0.63333335518836986 0.64036929607391369 -7.4032061100006095 1.0000000180025095e-35 0.30373865365982061 -0.32439877092838282 -2.4762839078903194 0.70947962999343883
decision_type=2 2 2 2 2 2 2 2 2 2 2 2 2 2 2 2 2 2 2 2 2 2 2 2 2 2 2 2 2 2
left_child=1 2 5 4 -2 9 7 12 10 -1 -9 -11 15 14 -14 -7 -4 21 -19 20 -20 23 -23 28 25 -25 27 -26 29 -5
right_child=3 -3 16 17 -6 6 -8 8 -10 11 -12 -13 13 -15 -16 -17 -18 18 19 -21 -22 22 -24 24 26 -27 -28 -29 -30 -31
leaf_value=-0.0064090868884319682 -2.4528795093303137e-05 0.0048103264475573984 -0.00039455978318307834 -1.7244993076596603e-05 0.0046225864471027998 -0.001165138420386853 -0.0041114313259504303 0.0037498642054580094 -0.003072335134406043 -0.00031671573820904979 0.00016446620423334215 -0.004164569025535989 -0.0017239166239407864 0.00025581279790844023 -0.0065989769511187431 0.003313897007628715 0.0036960640289011807 -0.0036830335489843697 -0.0050653335039820818 0.0001273888609838148 -0.00085989236614713855 -0.00010228845954994526 -0.004747036124624438 0.0047903778997667743 -0.0023698885689254897 0.00026936891141412877 -0.0028740605256483173 0.0026622488938050754 0.00026612779187519493 -0.0020500214629311144
leaf_weight=553.49755327403545 815.1335833221674 585.30488766729832 652.03370796144009 8819.2822265774012 1106.9836942404509 1484.2144827097654 877.82292550802231 1112.1325763612986 516.84279608726501 1193.0530862063169 1436.3055128753185 858.86462716758251 649.13529069721699 743.60356603562832 678.3229219019413 498.7705189883709 902.85249483585358 748.70551876723766 512.28500430285931 5059.6863351017237 1416.1353230774403 1160.9409396499395 584.0368455350399 1157.8384914547205 533.99061560630798 801.00729148089886 562.33540515601635 1161.2822552919388 48233.927715882659 3044.7229245007038
leaf_count=2242 3302 2349 2616 35360 4477 5967 3523 4462 2073 4802 5758 3453 2605 2981 2720 2003 3631 3001 2059 20344 5703 4659 2344 4646 2140 3214 2256 4654 193460 12215
internal_value=6.85073e-06 -0.000627194 -0.000892715 0.000113624 0.00266191 -0.00131682 -0.00079477 -0.000380627 0.00091929 -0.00291005 0.00173767 -0.00193969 -0.00136334 -0.00263603 -0.00424576 -2.75735e-05 0.00198912 4.6899e-05 -0.000777144 -0.000460989 -0.00199744 0.000143513 -0.00167506 0.000193107 0.00141891 0.00295241 8.11962e-05 0.00107258 0.000106883 -0.000540214
internal_weight=88461.1 12742.8 12157.5 75718.3 1922.12 10602.6 7997.15 7119.33 3065.28 2605.42 2548.44 2051.92 4054.05 2071.06 1327.46 1982.99 1554.89 73796.2 7736.81 6988.11 1928.42 66059.4 1744.98 64314.4 4216.45 1958.85 2257.61 1695.27 60097.9 11864
internal_count=355019 51185 48836 303834 7779 42589 32092 28569 12293 10497 10220 8255 16276 8306 5325 7970 6247 296055 31107 28106 7762 264948 7003 257945 16910 7860 9050 6794 241035 47575
is_linear=0
shrinkage=0.03


Tree=220
num_leaves=31
num_cat=0
split_feature=35 35 36 11 17 35 29 11 9 6 40 24 24 21 40 13 31 4 39 9 29 6 29 5 24 0 6 10 7 28
split_gain=11.7793 14.106 18.1337 12.337 11.7094 14.768 15.0003 11.0475 10.6563 10.5883 8.47903 12.1795 14.8572 13.953 11.571 13.3679 8.87524 9.09866 14.9266 12.4062 11.586 11.4503 13.8511 10.0546 14.6897 8.40644 8.78057 10.7338 8.33383 12.5893
threshold=0.081289231777191176 0.18609042465686801 0.50088968873023998 -0.23292952775955197 -0.8362060785293578 0.56496137380599987 0.36787241697311407 0.73645198345184337 0.12945101410150531 -0.52187481522560109 -0.46174421906471247 2.597794890403748 2.4409861564636235 0.051354153081774719 -0.5877796709537505 -7.8310363292694083 -0.35862235724925989 0.21336846798658374 0.96813842654228222 -0.047252755612134927 -0.63577467203140248 -0.033911243081092828 0.069520499557256712 -0.37323312461376185 1.7835940122604372 -0.63958489894866932 0.53356850147247326 0.39361035823822027 0.84608039259910595 -0.064084041863679872
decision_type=2 2 2 2 2 2 2 2 2 2 2 2 2 2 2 2 2 2 2 2 2 2 2 2 2 2 2 2 2 2
left_child=-1 2 7 -4 5 6 -3 9 -9 -2 14 12 13 -12 -6 -16 -15 18 20 -19 -18 -21 -23 24 -22 -24 -27 -28 -29 -30
right_child=1 4 3 -5 10 -7 -8 8 -10 -11 11 -13 -14 16 15 -17 17 19 -20 21 23 22 25 -25 -26 26 27 28 29 -31
leaf_value=-0.0003047983788920988 0.0063149653594619017 -0.0058410024109447848 0.0024355232451801416 -0.0019728411604923606 0.00055493814059373581 0.0021378249916589273 0.00028569985039097318 -0.0020385999682474881 0.0029703126476968321 0.0025105240484144795 0.0027303602228066939 0.0018257493237969157 -0.0045954646859292809 -0.0025717645067897996 -0.000431888236754268 0.005618914768040972 0.0021980229135812324 0.0044514885742264546 0.0032917236631270067 -0.0028819041755326282 -0.0064457474110344278 0.0032277349298257835 0.0028455865553823501 -0.0011722908687200407 -0.00021393885198674973 0.0019998898419451888 -0.0042340035934906343 0.0023626271381965826 -0.005352925149677527 0.00040439326446115975
leaf_weight=48500.015924021602 840.63546353578568 959.87405902147293 835.20665517449379 1754.742348074913 8561.7221131771803 547.18316888809204 570.2083881944418 801.21267300844193 713.06847114861012 3060.5837299227715 1333.9048071950674 2569.1664642989635 712.44480887055397 1590.7170963138342 507.88910140097141 913.97936929762363 639.52854895591736 638.44172652065754 623.80860833823681 976.75172828137875 915.42651557922363 1381.8504111170769 687.74497382342815 3393.3976953178644 539.65133664011955 826.55806156992912 885.38568775355816 694.02350413799286 512.90953727066517 983.42542126774788
leaf_count=194673 3375 3851 3350 7035 34362 2197 2290 3213 2860 12265 5351 10301 2858 6380 2038 3666 2565 2564 2501 3915 3671 5547 2761 13616 2164 3315 3566 2787 2067 3957
internal_value=9.43036e-06 0.000390686 0.00151601 -0.000547332 0.000108479 -0.002064 -0.00357076 0.00250198 0.000324088 0.00334436 0.000260106 -9.78172e-05 -0.000383775 -0.000200618 0.00097311 0.00346966 -0.000457941 -0.000210787 -0.00107132 0.000482917 -0.00157234 0.000112412 0.000606155 -0.00207317 -0.00415176 -0.000188382 -0.000728997 -0.00146645 -0.000333589 -0.00159152
internal_weight=88471.5 39971.4 8005.45 2589.95 31966 2077.27 1530.08 5415.5 1514.28 3901.22 29888.7 19905.1 17336 16623.5 9983.59 1421.87 15289.6 13698.9 6111.81 7587.09 5488 6948.65 5971.9 4848.48 1455.08 4590.05 3902.3 3075.74 2190.36 1496.33
internal_count=355061 160388 32098 10385 128290 8338 6141 21713 6073 15640 119952 79886 69585 66727 40066 5704 61376 54996 24517 30479 22016 27915 24000 19451 5835 18453 15692 12377 8811 6024
is_linear=0
shrinkage=0.03


Tree=221
num_leaves=31
num_cat=0
split_feature=8 33 31 18 39 29 11 40 12 19 39 16 22 34 19 24 20 20 22 20 17 8 31 11 22 17 9 34 31 16
split_gain=8.68487 10.6565 18.1308 11.474 7.88661 12.3403 12.089 9.30796 9.17109 14.2649 9.1244 11.1716 9.03535 8.68563 9.68803 8.63508 11.2857 9.18583 11.3004 7.85491 11.0495 11.8506 9.97604 15.1141 9.72571 9.10845 9.09139 8.90302 8.74379 8.39246
threshold=0.35656949877738958 -0.34266743063926691 0.28148311376571661 0.98314774036407482 -0.45398618280887598 0.74146303534507763 -1.6670430302619932 0.94550955295562755 -6.9663202762603751 0.47823207080364233 -0.42261424660682673 0.51158261299133312 1.8042315840721133 0.14146077632904056 0.21472572535276416 1.9259906411170962 0.94535690546035778 0.82988163828849804 1.1907708048820498 1.417526960372925 0.047211758792400367 -1.0068511962890623 -0.063833750784397111 0.2342622056603432 1.8950076103210451 0.45757265388965612 -0.50182464718818653 -0.022420976310968396 -0.42308160662651056 -0.86797598004341114
decision_type=2 2 2 2 2 2 2 2 2 2 2 2 2 2 2 2 2 2 2 2 2 2 2 2 2 2 2 2 2 2
left_child=4 2 3 -2 6 10 -1 13 15 -10 -6 19 -11 14 -7 17 -17 18 -8 25 21 24 23 -23 28 29 -24 -28 -21 -12
right_child=1 -3 -4 -5 5 7 8 -9 9 12 11 -13 -14 -15 -16 16 -18 -19 -20 20 -22 22 26 -25 -26 -27 27 -29 -30 -31
leaf_value=0.0052131394116934149 0.0037749034180759445 -0.00053906303825962767 0.0057095424005313986 -0.0015094390911220899 -0.0039577732820593736 0.0044074225936511354 -0.0032681890069969654 -0.0019627297801084946 -0.0027744238988628208 0.0025664136675953037 -0.0021250330826896873 0.0022529558778761976 -0.0020084207445201781 0.0043660340654571297 -0.00042178302476069887 0.0027407001428152509 -0.0013065345276740935 0.0016528695630826161 0.0012832298626751747 -0.0018849712105953502 0.0016606547537993683 0.0017803659882284404 0.00049567145598573316 -0.0017872995857171796 -0.00038675427431351169 -0.0027731907296068455 -0.004987241545473059 -0.0011457258683529004 -0.0068740069961764532 0.00039301632655309131
leaf_weight=515.3201055675745 501.07952809333801 29613.954015642405 663.10497516393661 1327.8794317692518 561.70890654623508 522.36771321296692 814.67389670014381 526.06502528488636 1677.3381093293428 1186.8281578123569 1265.8464789390564 1663.2961009889841 566.53913208842278 1148.0380771309137 1250.8223703801632 790.10431802272797 2747.9341317862272 10142.412737295032 1204.1672161370516 550.06716783344746 1301.3711588978767 2411.9030795395374 906.5713155567646 1902.8209163099527 673.2490823417902 946.41082657873631 1084.0647843033075 1093.3175116032362 766.75785195827484 17974.376111507416
leaf_count=2069 2010 118841 2662 5332 2256 2093 3265 2110 6754 4756 5076 6704 2274 4609 5012 3167 11029 40715 4826 2215 5234 9691 3640 7644 2722 3793 4352 4385 3083 72052
internal_value=1.31705e-05 -0.000380378 0.00149994 -4.90341e-05 0.000238048 -2.25516e-05 0.000722644 0.00168295 0.000599019 -0.000804419 -0.000200621 -0.000134569 0.00108521 0.00234394 0.0010176 0.000906024 -0.000397541 0.00128528 -0.000560485 -0.00026387 -0.000920991 -0.00128022 -0.000725238 0.000206508 -0.00332958 8.44016e-05 -0.00202529 -0.00307238 -0.00481989 0.000226332
internal_weight=88300.4 32106 2492.06 1828.96 56194.4 36549.1 19645.3 3447.29 19130 3430.71 33101.8 32540.1 1753.37 2921.23 1773.19 15699.3 3538.04 12161.3 2018.84 30876.8 10690.1 9388.75 7398.68 4314.72 1990.07 20186.6 3083.95 2177.38 1316.83 19240.2
internal_count=354371 128845 10004 7342 225526 146671 78855 13824 76786 13784 132847 130591 7030 11714 7105 63002 14196 48806 8091 123887 42966 37732 29712 17335 8020 80921 12377 8737 5298 77128
is_linear=0
shrinkage=0.03


Tree=222
num_leaves=31
num_cat=0
split_feature=4 8 43 43 20 24 28 39 16 36 21 15 40 15 16 2 30 5 1 40 21 0 5 15 28 29 28 39 0 40
split_gain=7.37379 23.897 14.2814 10.344 9.37872 8.76134 13.8085 10.2882 9.7521 8.30814 10.8208 7.11383 15.8389 17.1231 13.075 10.9294 10.3066 8.75288 8.02798 7.90795 8.37536 7.7516 13.6446 13.4573 9.04351 7.64191 9.68106 7.54261 9.56552 8.41928
threshold=-1.0085624456405637 0.598781317472458 0.2333333417773247 0.90000000596046459 1.7578403949737551 2.0673990249633794 -1.6426061391830442 0.45398618280887609 -0.30817554891109461 -0.21791443973779676 0.044244028627872474 -6.9934442043304434 0.96125254034996044 -6.8368628025054923 -0.041829204186797135 -0.62331500649452198 -0.077350366860628114 0.91798061132431041 2.0354264974594121 -0.043618973344564431 0.53562787175178539 1.3771185874938967 -0.053023312240838998 -7.2871365547180167 -3.3487241268157955 0.24146234989166263 -0.7690536081790923 -0.6946517527103423 -0.88185349106788624 0.40673276782035833
decision_type=2 2 2 2 2 2 2 2 2 2 2 2 2 2 2 2 2 2 2 2 2 2 2 2 2 2 2 2 2 2
left_child=1 2 9 5 -3 6 -4 -7 -8 10 -1 18 13 15 16 -13 19 25 21 -15 -21 24 -23 -24 -2 26 -17 28 29 -26
right_child=11 4 3 -5 -6 7 8 -9 -10 -11 -12 12 -14 14 -16 17 -18 -19 -20 20 -22 22 23 -25 27 -27 -28 -29 -30 -31
leaf_value=0.0025592762898706801 -0.0032348019880208832 0.0057851485985480726 0.0020158614367099376 0.0030546647100447417 0.00097586745508841026 0.0036148208894663438 -0.0052450204030639611 -0.0018453234965980915 -0.0014008587538446745 0.0038878016567043911 -0.0026110341005227797 -0.0058214740717484016 -0.0050562801819654096 0.0050691662059189884 -0.0015536008304093776 -0.0038915668106549194 -0.00098640731582658333 -0.0047247522401750418 0.0018453654521806194 0.004220550423887204 -0.0008687520473524969 -0.003892364796315044 0.0008569123321030119 -0.0042382953187662083 0.00032441283054516834 0.0022197118002548308 0.0010159566639567914 0.00027386455909086889 -0.00077526857143084304 0.0046972484224256147
leaf_weight=928.83590543270111 742.53087024390697 1036.8051326572895 933.56860905885696 671.02597388625145 567.47814212739468 763.29231594502926 685.35156787931919 510.94377522170544 4186.1767221838236 1208.8449436426163 585.62195636332035 590.27781899273396 747.8249779343605 916.89904820919037 1501.7068226933479 785.22554707527161 804.96889267861843 532.11100395023823 2062.902457177639 503.80411510169506 664.87995289266109 1262.3993101418018 2319.6223396658897 573.36245307326317 1696.515129327774 655.20440979301929 657.58251866698265 44879.167274191976 13866.634616777301 507.72473120689392
leaf_count=3760 2977 4158 3752 2706 2279 3072 2753 2054 16892 4871 2369 2367 3001 3676 6026 3147 3227 2140 8296 2020 2667 5059 9310 2302 6801 2627 2635 180008 55590 2036
internal_value=1.44933e-05 0.000702905 0.00017906 -0.000477938 0.00410056 -0.000816618 -0.00131095 0.00142809 -0.00195131 0.00204375 0.000555969 -9.45979e-05 -0.000919796 -0.00050735 0.000710626 -0.00216559 0.00188824 -0.00132616 7.11243e-06 0.00299718 0.00134237 -5.07483e-05 -0.00130332 -0.000164031 3.38177e-05 -0.000445859 -0.00166329 7.41622e-05 -0.000483346 0.00134832
internal_weight=88349.3 12077.9 10473.7 7750.36 1604.28 7079.33 5805.1 1274.24 4871.53 2723.3 1514.46 76271.3 8360.49 7612.66 4392.26 3220.4 2890.55 2630.12 67910.9 2085.58 1168.68 65848 4155.38 2892.98 61692.6 2098.01 1442.81 60950 16070.9 2204.24
internal_count=354578 48666 42229 31229 6437 28523 23397 5126 19645 11000 6129 305912 33533 30532 17616 12916 11590 10549 272379 8363 4687 264083 16671 11612 247412 8409 5782 244435 64427 8837
is_linear=0
shrinkage=0.03


Tree=223
num_leaves=31
num_cat=0
split_feature=20 6 40 12 32 12 41 15 27 36 30 25 33 26 11 8 31 32 31 40 12 8 20 28 22 42 17 17 10 6
split_gain=7.4839 9.13291 7.48636 6.24961 22.9631 9.08152 8.61376 7.67001 7.30339 9.3415 8.69858 8.94306 10.0954 7.83617 8.47546 8.15153 8.60801 7.28105 7.08791 6.85233 8.62675 8.54248 6.62831 6.56971 5.77819 5.3416 5.23051 9.98579 10.0408 11.8726
threshold=2.9984784126281743 2.125495553016663 -0.095844838768243776 -9.0741438865661603 0.20293194055557254 -8.9598536491394025 -1.0000000180025095e-35 -7.9492292404174796 0.90267652273178112 0.88914489746093761 -1.2622801065444944 0.89425647258758556 0.56423804163932811 0.91407200694084179 0.10718674957752229 -0.5592878758907317 -0.4032482504844665 0.25865851342678076 -0.095911178737878786 0.74313774704933178 -7.4874756336212149 0.021042777225375179 1.2860496044158938 -1.2799006700515745 1.1832221150398257 1.0000000180025095e-35 -0.06712032854557036 0.35754562914371496 0.40373380482196813 0.33286732435226446
decision_type=2 2 2 2 2 2 2 2 2 2 2 2 2 2 2 2 2 2 2 2 2 2 2 2 2 2 2 2 2 2
left_child=1 3 -2 4 7 6 -5 23 26 13 -11 12 17 15 -15 22 -17 -12 -19 20 21 -18 -10 -1 -23 -26 -7 -28 29 -29
right_child=2 -3 -4 5 -6 8 -8 -9 9 10 11 -13 -14 14 -16 16 19 18 -20 -21 -22 24 -24 -25 25 -27 27 28 -30 -31
leaf_value=-0.003055358877581594 0.00010460973253999276 -0.0029028049310412707 0.0041029542216375258 -0.005518346942053747 0.0057946193141993159 0.00035927008109594178 -5.6663608613761326e-05 0.0029717837219242409 0.0026330808677752452 -0.0026798170105903738 -0.0013832783760540821 0.0044175699579249621 -0.003180329427905765 0.0033419533681324815 -0.0016727570003181667 -0.0057736139707104733 -0.00043780026398612806 0.0004037826408652131 0.0052500047746077026 0.00031624819704396544 0.00035124331871270342 -0.0018443005700386858 -0.0019356721527436574 0.00059863197117053816 -0.0037589278648951286 -0.0079445308235074237 -0.00054345715042240219 0.00079165956549119045 0.0022723600108666303 -0.002257650658613857
leaf_weight=810.96070934832096 869.68388597667217 936.87814278900623 808.72259144484997 507.61624620854855 780.70302975177765 43365.575483843684 522.36555352807045 538.57295675575733 593.65116362273693 590.87284471094608 508.01234324276447 628.40392389893532 530.73795825242996 602.20130075514317 592.3662955313921 576.27843898534775 615.66422432661057 520.94485706090927 561.63600279390812 974.68572826683521 692.16568477451801 502.89894397556782 533.13590674102306 955.66402073204517 624.95718125998974 534.22937618196011 19413.177299469709 4547.8373197317123 2519.630315721035 1526.5933332294226
leaf_count=3253 3521 3778 3278 2036 3138 174001 2095 2160 2379 2371 2036 2527 2133 2417 2379 2311 2468 2088 2252 3915 2779 2016 2137 3832 2512 2147 77893 18260 10101 6117
internal_value=6.59321e-05 2.73659e-05 0.00204406 5.97444e-05 0.00138306 1.01359e-05 -0.00277558 -0.000129584 4.56532e-05 -0.000705548 0.000593672 0.00130425 0.000365592 -0.00133981 0.000861999 -0.00180623 -0.00237419 0.00156125 0.00294301 -0.00186421 -0.00257847 -0.0034664 0.000473377 -0.00108647 -0.00457892 -0.00573938 0.000152912 -0.000166621 0.000684258 2.28722e-05
internal_weight=88286.8 86608.4 1678.41 85671.5 3085.9 82585.6 1029.98 2305.2 81555.7 10182.8 3340.61 2749.74 2121.33 6842.23 1194.57 5647.67 4520.88 1590.59 1082.58 3944.6 2969.92 2277.75 1126.79 1766.62 1662.09 1159.19 71372.8 28007.2 8594.06 6074.43
internal_count=354330 347531 6799 343753 12383 331370 4131 9245 327239 40867 13407 11036 8509 27460 4796 22664 18148 6376 4340 15837 11922 9143 4516 7085 6675 4659 286372 112371 34478 24377
is_linear=0
shrinkage=0.03


Tree=224
num_leaves=31
num_cat=0
split_feature=19 4 24 4 10 27 35 41 41 9 25 14 12 35 14 23 20 22 6 30 9 8 20 5 23 8 0 10 9 24
split_gain=7.92658 20.3738 11.9242 12.2216 8.78551 16.8639 10.1187 17.3305 22.4364 17.3826 16.9758 16.087 12.0188 11.9641 12.1643 11.1018 10.8093 10.1752 10.1028 9.53647 9.53269 15.3909 8.82956 13.3819 8.64565 12.5458 8.6128 12.1792 9.63005 14.7565
threshold=0.027040190994739536 -0.32759138941764826 1.8589020371437075 -0.16015651822090146 -1.0552718639373777 -0.96769523620605458 0.081289231777191176 -0.60785761475563038 -0.87837970256805409 0.56325209140777599 0.5904940962791444 -7.9884557723999015 -8.0048937797546369 0.17215355485677722 -7.8545920848846427 0.33360208570957189 0.73691916465759288 0.90508201718330394 0.90996801853179943 -0.64768788218498219 0.31149168312549597 0.89365249872207653 1.2024789452552798 0.79272118210792553 0.45593295991420751 0.65167066454887401 0.65649095177650463 0.35376484692096716 1.2345030903816225 2.568209290504456
decision_type=2 2 2 2 2 2 2 2 2 2 2 2 2 2 2 2 2 2 2 2 2 2 2 2 2 2 2 2 2 2
left_child=1 -1 3 -3 5 -2 -6 8 9 -8 -10 15 20 -13 18 -9 -16 -18 -15 -11 -12 -22 -21 -24 -7 -26 28 -28 -19 -30
right_child=4 2 -4 -5 6 24 7 11 10 19 12 13 -14 14 16 -17 17 26 -20 22 21 -23 23 -25 25 -27 27 -29 29 -31
leaf_value=0.00018164899893328035 0.0062133255453177749 -0.0044717428808708709 -0.0046057997590731479 -0.00030833630234183639 -0.00039377396354313161 -0.0003493101263631152 -0.0014625052172064848 -0.0011300766126851399 0.0008968249887809607 -0.00024628846643040596 0.0014484045380199805 0.002116345935385676 -0.0055663613663303061 -0.0007407333172523066 0.0032597275129101679 0.0028323950533347296 0.0041237098881606428 8.1374645953027325e-05 -0.00558200692843737 0.0058251163172160017 -0.00518018616138696 0.00084137249223709284 -0.00150606006553792 0.0048041354567850978 0.0026435312552395692 -0.0013281795852070311 -0.0021017021822920374 0.0020401421963319377 -0.0037015222580035734 0.00084126673550377119
leaf_weight=8769.2805062830448 519.39661110937595 823.67861661314964 1366.0809105187654 2663.9400122314692 31955.402763649821 3758.1818700134754 2041.091720610857 738.374970510602 1172.3740779608488 1007.304181560874 560.64685712754726 3004.51935108006 1284.7546956390142 1243.7024774998426 1053.2330097705126 4391.0386904776096 539.05868071317673 6811.3649853616953 556.32897992432117 770.14881545305252 1069.6483624726534 587.36176051199436 589.5766249448061 603.31346248090267 2908.5623550862074 941.49382528662682 802.47903949022293 2999.1060071438551 1727.0882488042116 1017.2631818801165
leaf_count=35266 2094 3303 5477 10678 128216 15085 8192 2960 4701 4044 2250 12045 5166 4987 4222 17623 2160 27332 2239 3088 4291 2359 2365 2427 11662 3778 3227 12038 6929 4078
internal_value=-1.66559e-05 -0.000681852 -0.00223912 -0.00130159 0.000104807 0.00103526 -9.0089e-06 0.000346669 -0.000729431 0.000664674 -0.00222216 0.000765678 -0.00326577 0.000376474 6.33027e-05 0.00226091 0.000344317 0.000121167 -0.00225958 0.00212638 -0.00191396 -0.00305348 0.00333896 0.00169878 0.000674079 0.00167136 -4.33272e-05 0.00116262 -0.000523806 -0.00202068
internal_weight=88275.8 13623 4853.7 3487.62 74652.8 8127.63 66525.2 34569.8 9686.22 5011.43 4674.79 24883.6 3502.41 19754.1 16749.6 5129.41 14949.6 13896.4 1800.03 2970.34 2217.66 1657.01 1963.04 1192.89 7608.24 3850.06 13357.3 3801.59 9555.72 2744.35
internal_count=354282 54724 19458 13981 299558 32619 266939 138723 38883 20116 18767 99840 14066 79257 67212 20583 59986 55764 7226 11924 8900 6650 7880 4792 30525 15440 53604 15265 38339 11007
is_linear=0
shrinkage=0.03


Tree=225
num_leaves=31
num_cat=0
split_feature=15 30 35 41 28 34 0 11 22 11 37 35 5 25 12 27 35 26 22 32 28 13 11 11 32 8 36 7 30 41
split_gain=7.05038 10.2023 10.556 6.82264 6.6792 6.42664 8.01407 6.31044 11.5987 10.8799 10.6083 7.6513 11.6926 9.19625 9.3576 9.31902 8.73794 8.35888 18.2694 11.2659 10.8595 11.4912 10.6866 10.656 14.6655 11.1263 10.197 16.0774 9.77865 11.9667
threshold=-6.7873599529266349 0.51105844974517833 0.38456107676029211 -0.60785761475563038 -0.89200136065483082 0.17750366032123568 -0.17734281718730924 -1.8295302391052244 1.3441593050956728 -2.0526118278503414 1.0081935354383684e-13 -0.33889591693878168 1.0717788934707644 0.1699609383940697 -8.4894137382507306 -0.78976926207542408 -0.18071828782558438 -0.45178894698619837 0.93528440594673168 -0.0041241161525249473 -0.25134250521659846 -6.9631116390228263 1.6628265380859377 0.22451653331518176 -0.54407116770744313 -1.0398660898208616 -1.0000000180025095e-35 -0.34586361050605768 -1.3394735455512998 0.6078576147556306
decision_type=2 2 2 2 2 2 2 2 2 2 2 2 2 2 2 2 2 2 2 2 2 2 2 2 2 2 2 2 2 2
left_child=7 2 3 -2 -4 6 -5 8 10 -10 -1 12 -9 14 -13 -16 -17 23 -19 20 -20 26 -21 25 -25 -15 27 -22 -27 -30
right_child=1 -3 4 5 -6 -7 -8 11 9 -11 -12 13 -14 17 15 16 -18 18 19 22 21 -23 -24 24 -26 28 -28 -29 29 -31
leaf_value=0.00050737357493748974 0.0049596217508073347 -0.0026105110098440906 -0.0035033643137560668 0.00015773079097322943 0.0012634060181072394 -0.0012327938356717332 0.0044496133849277024 -0.0007596024969201467 -0.0019183577657741137 0.0031383718010554065 0.0053795006673985355 -0.0017146729057045847 -0.0049257909517126152 -0.0043611839773225764 -0.00037862789628894414 0.0048680453666140773 0.0010437641791304004 0.0046691074102883723 0.0011927718856573556 0.00034241918858133409 0.00013858436526386218 0.0014367576646361663 0.0035475140119587399 0.0024365725595318784 -0.0011811154993826799 -0.001145852492975312 -0.00035476616190921191 -0.0047247991704679132 0.00094929038530910156 -0.00091860593482509534
leaf_weight=841.85081408917904 724.51514740288258 615.90257099270821 504.58928288519382 703.93239964544773 536.55292427539825 535.85014459490776 874.53966026008129 14354.940222546458 1443.3057923167944 510.18630637228489 764.23627170920372 785.20993186533451 623.54859001934528 511.13380296528339 1061.6266981363297 1124.5462747514248 1035.2665480524302 790.969342187047 1743.7680309265852 10621.927521154284 880.90282239019871 977.16592544317245 1017.1353970170021 1053.5777533501387 19752.144361779094 4528.2963256984949 1798.438384860754 1988.1356078237295 11250.912085548043 4243.5305481702089
leaf_count=3374 2911 2472 2024 2830 2154 2149 3509 57717 5796 2049 3064 3149 2500 2050 4283 4520 4154 3169 6993 42640 3546 3920 4082 4231 79234 18154 7211 7970 45115 17007
internal_value=-0.000207898 0.000948153 0.00151831 0.00246362 -0.00105816 0.001589 0.00254866 -0.000270099 0.0009642 -0.000588453 0.00284466 -0.000325034 -0.00093621 -0.000184429 0.00120617 0.00192121 0.00304821 -0.000275714 0.000230751 4.38934e-05 -0.000871638 -0.00151037 0.000625317 -0.000518513 -0.000996837 -3.36072e-05 -0.00212912 -0.00323626 7.89877e-05 0.000437459
internal_weight=88198.6 4495.88 3879.98 2838.84 1041.14 2114.32 1578.47 83702.8 3559.58 1953.49 1606.09 80143.2 14978.5 65164.7 4006.65 3221.44 2159.81 61158 19818.4 19027.5 7388.41 5644.64 11639.1 41339.6 20805.7 20533.9 4667.48 2869.04 20022.7 15494.4
internal_count=353977 18049 15577 11399 4178 8488 6339 335928 14283 7845 6438 321645 60217 261428 16106 12957 8674 245322 79531 76362 29640 22647 46722 165791 83465 82326 18727 11516 80276 62122
is_linear=0
shrinkage=0.03


Tree=226
num_leaves=31
num_cat=0
split_feature=27 0 30 37 6 3 7 6 27 4 13 29 15 22 35 39 24 39 12 39 39 7 5 34 22 16 28 4 41 2
split_gain=7.32834 12.9488 10.0239 10.2068 12.4946 16.3395 12.5979 11.5132 9.46087 11.6678 9.20671 13.0222 11.6332 13.1768 11.2194 10.8462 10.8463 10.1098 12.6641 12.1843 9.64901 9.28967 10.6822 13.3157 10.8617 9.12667 9.02806 9.55607 9.69435 9.18252
threshold=0.74429652094841015 1.0000000180025095e-35 -0.64768788218498219 -0.18332299590110776 -0.61724334955215443 -1.3878693580627439 -0.21516818553209302 1.2821540832519533 -0.95240259170532215 -0.95746099948883046 -7.5653536319732657 0.59082660079002391 -7.8081157207489005 1.4690896868705752 -0.65252104401588429 -0.043618973344564431 1.9628868103027346 -0.34201689064502711 -7.8389799594879142 -0.82902967929840077 0.87461137771606456 0.19588774442672732 -0.84455919265747059 0.38010716438293463 1.3518618345260622 -0.077350106090307222 -1.6426061391830442 1.0000000180025095e-35 0.87837970256805431 -0.7502509057521819
decision_type=2 2 2 2 2 2 2 2 2 2 2 2 2 2 2 2 2 2 2 2 2 2 2 2 2 2 2 2 2 2
left_child=2 -2 3 4 5 -1 -6 8 -5 -10 12 14 13 -4 15 16 -12 18 19 -15 -14 -16 -23 -24 -25 -7 -11 29 -29 -28
right_child=1 -3 10 7 6 25 -8 -9 9 26 11 -13 20 17 21 -17 -18 -19 -20 -21 -22 22 23 24 -26 -27 27 28 -30 -31
leaf_value=-0.0028617460868512372 -0.0017767657087950973 -0.0001287815035709992 -0.0010985430890827312 -0.002743289469416516 -0.0039958721338463456 0.00040409765062422818 -0.0011273519737838278 -0.0033477223030598021 0.0028577864092346104 0.00080447930137981247 0.0024552780948563072 -0.0021847774762695261 0.0017562480154484817 0.0014916880831545708 0.00088279553156170884 -0.0050892857282638674 -0.003200762120142735 -3.6153877374062485e-05 -0.0011007075498462803 0.0073526819370571955 -0.00062221530302251395 0.0028520468331672483 -0.0021377797464481696 0.0044321752581791005 -0.00026116266418494869 0.0045727492151639779 0.0015446271708630965 -0.00040386788537850529 0.0038670090349256846 -0.0029285082767075616
leaf_weight=1058.3427576720715 6626.7069580554962 12146.144725158811 5166.2108180075884 958.65497061610222 2053.4292657077312 1604.4984094798565 4185.3772636502981 895.71120776236057 1456.0186325609684 6824.3916193842888 598.87091858685017 2577.5722729861736 9192.6723977178335 641.9012963026762 10520.690870389342 687.87036603689194 601.87703962624073 2724.4473004937172 514.61328232288361 637.88032564520836 1837.1211502701044 755.9073514342308 3557.4108663648367 526.87119081616402 2554.2520708441734 661.41653072834015 499.75313825905323 3346.5294749587774 547.85464483499527 2229.5592464804649
leaf_count=4277 26590 48766 20716 3847 8232 6443 16781 3605 5849 27358 2414 10339 36902 2578 42254 2772 2417 10942 2072 2562 7374 3033 14250 2112 10247 2661 2004 13417 2196 8937
internal_value=-0.00018544 -0.000711147 -4.31895e-05 -0.000504368 -0.00128585 0.000199537 -0.00207638 -5.792e-05 0.000129835 0.000316354 0.000238533 -0.000183291 0.00069416 -6.46212e-05 7.81853e-05 -0.00211479 -0.000382842 0.00111724 0.00285893 0.00444734 0.00135989 0.000310421 -0.000504037 -0.000889898 0.000553139 0.00163567 3.92754e-05 -0.000749138 0.000205317 -0.0021068
internal_weight=88190.6 18772.9 69417.7 26321.5 9563.06 3324.26 6238.81 16758.5 15862.8 14904.1 43096.2 22381.3 20714.8 9685.05 19803.8 1888.62 1200.75 4518.84 1794.39 1279.78 11029.8 17915.1 7394.44 6638.53 3081.12 2265.91 13448.1 6623.7 3894.38 2729.31
internal_count=353947 75356 278591 105607 38394 13381 25013 67213 63608 59761 172984 89838 83146 38870 79499 7603 4831 18154 7212 5140 44276 71896 29642 26609 12359 9104 53912 26554 15613 10941
is_linear=0
shrinkage=0.03


Tree=227
num_leaves=31
num_cat=0
split_feature=39 14 18 30 27 17 11 23 41 30 25 20 30 40 11 28 14 39 5 31 8 40 4 3 25 23 7 34 27 20
split_gain=9.85315 9.08373 7.83406 7.75781 7.28022 8.79509 12.6847 12.8486 18.0566 12.2841 10.9729 9.62345 9.56148 16.5679 8.4422 7.39346 7.75189 7.14517 8.81946 6.90013 7.59887 12.7628 10.5731 10.5017 9.85879 11.8675 9.31863 12.2399 9.26975 9.22666
threshold=-0.96591663360595692 -9.0271534919738752 0.91357553005218517 0.87131881713867199 0.78478735685348522 0.36759799718856817 0.49813738465309149 0.60783019661903392 1.0000000180025095e-35 0.75557690858840953 0.86870998144149791 1.2120587825775149 0.79187750816345226 -0.76603713631629933 0.75095507502555858 0.064925748854875578 -7.2791731357574454 -0.71933293342590321 0.38153897225856787 -0.11446426436305045 -0.41859525442123408 -0.97436079382896412 0.72506913542747509 -1.5278952717781065 0.38342522084712988 0.55914571881294262 0.46478401124477392 0.26687294244766241 0.12816447764635089 1.2120587825775149
decision_type=2 2 2 2 2 2 2 2 2 2 2 2 2 2 2 2 2 2 2 2 2 2 2 2 2 2 2 2 2 2
left_child=3 2 -2 -1 5 12 7 8 15 -10 14 -11 19 -14 -8 -7 -17 -9 -19 20 22 -22 23 -3 25 -23 29 -28 -24 -26
right_child=1 4 -4 -5 -6 6 10 17 9 11 -12 -13 13 -15 -16 16 -18 18 -20 -21 21 24 28 -25 26 -27 27 -29 -30 -31
leaf_value=0.0013885031788772172 7.1429995763586397e-05 -0.0019316677908097759 0.0052672352984540162 -0.0017355998371419116 -0.00071081910720132173 0.00056307038959840685 0.0077555296002419921 -0.0045845558829412025 0.0024317232807468041 0.00045470437339784124 -0.00017583427507845818 -0.0047297946473915317 0.0027156813849829628 -0.0033643199635769094 0.00238721501190408 0.0067273707995555501 0.0021405379621499696 -0.0030107253795597861 0.0021947700323634214 0.00025851258430960257 0.0022184619708633751 -0.0036207253749044681 -2.155452810575153e-05 0.00081018367082488665 -0.0013101266240915161 0.0010658597533158205 -0.0065403566714186245 -0.00073659730123715899 -0.0056224849735910807 0.00091376263215997219
leaf_weight=6587.7045987695456 519.61407351493835 1453.0628080070019 515.6624800413847 793.78963400423527 15610.909090653062 615.5887606292963 527.03656677901745 560.84891414642334 701.9226848334074 569.41383473575115 533.95462740957737 727.44228771328926 511.86975446343422 1787.5983701497316 543.25336503982544 694.18728844821453 652.37578777968884 590.69159512221813 562.04894769191742 31185.235838010907 1041.7913388460875 2440.5223815888166 553.66770760715008 8938.2663965821266 3431.4686640202999 601.80445337295532 514.78931128978729 875.79667210578918 501.89485964179039 3269.0263757705688
leaf_count=26432 2085 5904 2071 3185 62670 2469 2114 2247 2819 2282 2140 2927 2053 7171 2179 2795 2623 2366 2253 125103 4179 9798 2220 35894 13752 2412 2063 3517 2012 13110
internal_value=2.10008e-06 -9.35343e-05 0.00268505 0.00105065 -0.000129824 1.11319e-05 0.000992505 0.000324397 0.00126271 -0.000743382 0.00333908 -0.00246736 -0.000114105 -0.00200499 0.00507802 0.00329965 0.00453733 -0.00183924 -0.000475602 -3.44203e-05 -0.000421088 -0.000942496 0.000133834 0.000425291 -0.00124 -0.00269321 -0.000690932 -0.00291648 -0.00271244 -0.000225394
internal_weight=88413.2 81031.7 1035.28 7381.49 79996.5 64385.6 7278.76 5674.52 3960.93 1998.78 1604.24 1296.86 57106.8 2299.47 1070.29 1962.15 1346.56 1713.59 1152.74 54807.3 23622.1 12175.2 11446.9 10391.3 11133.4 3042.33 8091.08 1390.59 1055.56 6700.5
internal_count=354845 325228 4156 29617 321072 258402 29214 22781 15915 8028 6433 5209 229188 9224 4293 7887 5418 6866 4619 219964 94861 48831 46030 41798 44652 12210 32442 5580 4232 26862
is_linear=0
shrinkage=0.03


Tree=228
num_leaves=31
num_cat=0
split_feature=20 22 22 31 10 23 37 26 11 43 17 28 3 10 28 15 20 27 15 39 17 10 12 36 40 15 28 17 20 10
split_gain=8.7695 6.49006 7.68515 8.21013 6.38068 11.8956 7.94196 6.06344 5.58894 13.8643 16.3512 11.3651 13.983 11.2371 11.2211 12.8584 10.9017 10.194 10.0113 12.8916 11.131 19.9509 10.112 9.85093 9.61793 9.42444 10.2255 11.9254 9.41395 10.9021
threshold=0.44244508445262914 2.6734571456909184 2.4325054883956914 -0.27847525477409357 2.4403946399688725 0.73866394162178051 -0.058192582800984376 0.71997070312500011 0.068507503718137755 0.76666668057441723 0.36759799718856817 -1.6426061391830442 1.9174198508262636 1.1955480575561526 -1.7718063592910764 -7.5282161235809317 1.2809518575668337 0.34119571745395666 -7.6856951713562003 0.73134672641754161 -0.27870485186576838 -0.41386511921882624 -8.2070899009704572 -0.80936717987060536 0.48480500280857092 -7.5723860263824454 -2.2500292062759395 -0.28763870894908899 1.4116680622100832 0.68385457992553722
decision_type=2 2 2 2 2 2 2 2 2 2 2 2 2 2 2 2 2 2 2 2 2 2 2 2 2 2 2 2 2 2
left_child=-1 2 4 -4 8 6 -6 -3 11 16 28 14 13 -13 15 25 23 18 19 22 21 -20 -18 -10 -23 26 27 -2 29 -11
right_child=1 7 3 -5 5 -7 -8 -9 9 10 -12 12 -14 -15 -16 -17 17 -19 20 -21 -22 24 -24 -25 -26 -27 -28 -29 -30 -31
leaf_value=0.0034893284212506271 0.0017288252823265591 -0.0044554117389983489 -0.00071298562787833631 0.0041188506893991101 0.0025903048564475126 0.0052448605799047749 -0.002597862151448816 9.723533313834948e-05 -0.0018083504445986515 -0.0019464667875413628 0.0026384301759430364 -3.3425159465741745e-05 0.0036126490354448058 -0.0031858246725507099 0.0035852304383564982 -0.0002738731893533577 0.0033560335755466221 -0.00034451459355461895 -0.00076845161299898389 -0.0037802895929098849 0.00068457885150650921 0.0059157604011934343 -0.00063452502940036706 -9.757952688701745e-05 0.0016773471509452841 0.0057135278169879048 0.0030854007556740232 -0.0033406398403195816 -0.0031203538549113286 0.0011760579122333827
leaf_weight=662.66982384026051 1098.6362958550453 542.87921364605427 499.9427093565464 840.47027584910393 512.53724844753742 593.64338105916977 529.94189707934856 501.86919224262238 3923.1729073822498 3081.668550491333 828.49354815483093 30050.25301681459 909.9826682806015 1043.3699506372213 1409.9336996525526 5139.4698214530945 896.8469093888998 6231.5138760954142 843.69056011736393 687.82108490169048 3382.5260691642761 1578.3692897856236 1538.6864906400442 13186.683370351791 706.31514316797256 523.31590147316456 1678.8417495042086 660.07254199683666 2888.8561975955963 1483.9191148877144
leaf_count=2657 4406 2185 2020 3380 2055 2381 2124 2026 15739 12359 3323 120606 3665 4186 5655 20615 3600 25026 3392 2761 13595 6338 6182 52861 2838 2099 6734 2647 11613 5954
internal_value=7.69993e-05 5.08484e-05 7.92796e-05 0.00232475 4.37708e-05 0.00189346 -4.67124e-05 -0.00228825 7.42369e-06 -0.000241285 -0.00133777 0.000248789 -3.23939e-05 -0.000140197 0.0011042 0.0007163 3.44557e-05 0.000600716 0.00121182 -0.000184223 0.00188078 0.00316785 0.00084265 -0.000490675 0.00461847 0.00199857 0.00141809 -0.000181959 -0.00178263 -0.000931223
internal_weight=88456.4 87793.7 86749 1340.41 85408.6 1636.12 1042.48 1044.75 83772.4 41258.6 8282.94 42513.9 32003.6 31093.6 10510.3 9100.34 32975.6 15865.8 9634.26 3123.35 6510.9 3128.37 2435.53 17109.9 2284.68 3960.87 3437.55 1758.71 7454.44 4565.59
internal_count=355022 352365 348154 5400 342754 6560 4179 4211 336194 165581 33249 170613 128457 124792 42156 36501 132332 63732 38706 12543 26163 12568 9782 68600 9176 15886 13787 7053 29926 18313
is_linear=0
shrinkage=0.03


Tree=229
num_leaves=31
num_cat=0
split_feature=40 34 40 19 16 26 22 9 41 21 12 35 7 2 28 9 32 37 26 9 17 12 28 7 23 15 14 42 25 9
split_gain=7.46139 16.8853 9.60581 7.33703 11.1827 13.1262 11.0891 13.0005 10.5449 8.0914 10.0454 7.48557 10.5303 8.22819 11.7578 8.86029 6.95644 7.16284 6.90242 11.4153 7.39843 7.10342 10.5804 8.88844 9.13736 8.86949 8.36517 10.9561 14.0935 11.3223
threshold=0.99903869628906261 -0.039527969434857362 0.99755457043647777 0.99945682287216198 -0.96590217947959889 0.13561765849590304 1.4690896868705752 1.0974428653717043 0.87837970256805431 0.92535653710365307 -7.9850494861602774 0.5205172896385194 -0.32674957811832422 1.3594246506690981 -2.3247779607772823 -0.31410758197307581 0.27360448241233831 0.3000063300132752 -3.8271713256835933 0.30136044323444372 -0.41756749153137201 -8.5155076980590803 -1.5370117425918577 -0.26157662272453303 0.16313716024160388 -7.6159796714782706 -8.1596260070800763 1.0000000180025095e-35 0.72031244635581981 -0.33342148363590235
decision_type=2 2 2 2 2 2 2 2 2 2 2 2 2 2 2 2 2 2 2 2 2 2 2 2 2 2 2 2 2 2
left_child=2 -2 3 18 -5 6 8 -8 11 -7 -11 12 -6 14 -14 -16 -17 -18 19 20 -1 22 23 24 -20 -25 27 28 29 -23
right_child=1 -3 -4 4 5 9 7 -9 -10 10 -12 -13 13 -15 15 16 17 -19 21 -21 -22 26 -24 25 -26 -27 -28 -29 -30 -31
leaf_value=0.004534349185854462 0.0015320103896145473 -0.00548217792931172 0.0033335378186796654 0.0049259271331787997 -0.0022262515558616231 0.0052993352752226386 -0.002141282707466774 0.0029073860659789208 0.0038614655170363479 0.0043841602856718263 -0.00033873260898473282 -0.0029968493643582356 -0.0032395197340101419 0.0038740042445479387 0.0041188810954502653 0.0026265599176503538 -0.0037976641297256344 0.0011497956384391899 0.0010728255232100616 -0.0013264868584288005 0.00049778673614262164 0.00027913862201088319 -0.0019446358394357367 0.0027015062798354064 -0.0041281667221541351 -0.0018176936310370458 -0.00025076338136986758 0.0020154024313625458 0.0033346771568645212 -0.0052514703962401555
leaf_weight=943.63784405589104 546.76180359721184 689.64889927208424 736.35536856949329 501.50897189974785 950.26730053126812 624.3061842918396 3105.9885960072279 529.39848421514034 806.2866169065237 617.39014415442944 1141.4288394898176 576.95940724015236 585.29597814381123 849.36860200762749 763.61146627366543 661.08456476032734 507.71861082315445 528.85609646141529 554.33190792798996 935.30827589333057 719.87629446387291 662.9710533618927 5004.4773046821356 1454.8215464502573 654.372812718153 525.14619491994381 57693.728010267019 3374.7851879149675 509.41206561028957 657.69313113391399
leaf_count=3784 2194 2771 2958 2015 3809 2502 12466 2125 3232 2480 4587 2314 2347 3407 3063 2649 2036 2121 2224 3752 2887 2663 20069 5834 2624 2106 231584 13558 2046 2637
internal_value=-8.82554e-05 -0.00239298 -5.52971e-05 -8.45478e-05 0.000579656 0.000397819 -8.56218e-05 -0.00140012 0.000682508 0.002391 0.00133454 0.00020364 0.000590057 0.00128093 0.000547686 0.00145776 0.000243665 -0.00128662 -0.000199527 0.00131612 0.00280096 -0.00025511 -0.00108544 0.000264885 -0.00175368 0.00149977 -0.000146796 0.00100391 -0.000862164 -0.00249388
internal_weight=88412.8 1236.41 87176.4 86440 12749.5 12248 9864.84 3635.39 6229.45 2383.13 1758.82 5423.16 4846.2 3895.94 3046.57 2461.27 1697.66 1036.57 73690.6 2598.82 1663.51 71091.7 8193.15 3188.67 1208.7 1979.97 62898.6 5204.86 1830.08 1320.66
internal_count=354844 4965 349879 346921 51153 49138 39569 14591 24978 9569 7067 21746 19432 15623 12216 9869 6806 4157 295768 10423 6671 285345 32857 12788 4848 7940 252488 20904 7346 5300
is_linear=0
shrinkage=0.03


Tree=230
num_leaves=31
num_cat=0
split_feature=9 7 7 26 35 20 41 31 26 33 20 43 0 27 23 15 41 11 4 1 11 4 35 31 17 9 35 31 1 29
split_gain=9.60546 12.7033 10.7902 11.1478 11.9116 10.5531 10.35 9.90232 9.88467 9.85665 9.41944 9.19237 10.5487 8.25914 8.076 9.50025 16.3088 8.07504 7.82937 10.5263 9.63718 7.71918 9.59427 7.30049 8.3721 8.96703 14.0027 13.936 9.5094 9.92428
threshold=-0.35251307487487787 0.54522705078125011 0.3861499577760697 1.9461662769317629 -0.43058702349662775 1.3936465382575991 0.6078576147556306 0.21216522902250293 -1.2465012669563291 0.40519952774047857 0.90576615929603588 0.63333335518836986 -0.62772050499916066 0.61243861913681041 0.41912254691123968 -7.5952153205871573 -1.0000000180025095e-35 -0.4737453013658523 -0.053474824875593178 -0.14780217409133908 0.17653308063745501 -1.9241884946823118 -0.03531969711184501 0.053815573453903205 -0.8008117377758025 -0.72046002745628346 -0.18547187745571134 -0.40965507924556727 0.7783397138118745 -0.361083373427391
decision_type=2 2 2 2 2 2 2 2 2 2 2 2 2 2 2 2 2 2 2 2 2 2 2 2 2 2 2 2 2 2
left_child=1 2 3 4 11 13 9 10 -4 23 -8 12 -1 -3 15 17 -17 -13 19 -12 -20 22 -2 24 -6 26 27 -26 29 -27
right_child=21 5 8 -5 6 -7 7 -9 -10 -11 18 14 -14 -15 -16 16 -18 -19 20 -21 -22 -23 -24 -25 25 28 -28 -29 -30 -31
leaf_value=-0.002846642719006471 -0.005662931440357487 -0.0011208149881626812 0.0055891436913036337 0.0042478583515565931 -0.00086092991940277925 0.0010723075239397755 -0.0041380368491120085 0.0033900190757675942 0.00039469926553313122 -0.0021762942603321838 -0.0008960953443943729 -0.0046917929996783542 -0.00019717540274758087 -0.0048263684015000001 0.0038675766141558557 -0.0017532151914604261 0.0045312704866183372 0.00062060585173786794 -0.0041299395037303031 0.0043538869772696458 0.0012793958524750302 -0.00014241598411861715 0.00015470213583674089 0.00030079673767568099 0.0056550461801059314 0.00038071778417501261 0.0076255344578931477 0.00041472305426078617 -0.0017770754757617426 0.0037325654842131294
leaf_weight=1944.016657397151 503.82399350404739 1880.8040558993816 751.84965187311172 712.2249198704958 699.66654784977436 1330.6243905574083 651.53611156344414 545.80851523578167 584.11585691571236 598.4832866191864 776.61160646378994 506.513995423913 4398.5698968023062 755.39427490532398 668.18100859224796 669.54151724278927 813.77782368659973 509.44853101670742 702.38241788744926 602.73719537258148 501.19150421023369 57950.928191810846 505.71754543483257 2307.2038472294807 773.70318180322647 1388.2699616402388 679.86026935279369 1098.8909035474062 602.18214324116707 1858.245210185647
leaf_count=7839 2045 7537 3014 2886 2808 5343 2611 2188 2341 2399 3123 2036 17664 3029 2680 2697 3274 2050 2815 2417 2008 232485 2040 9254 3111 5586 2727 4412 2414 7453
internal_value=3.2683e-05 0.000476432 0.00072355 0.000576752 0.000462745 -0.00110031 0.00102585 -0.000310909 0.00333782 0.00153066 -0.000943958 -0.000353817 -0.00101245 -0.00219686 0.000964068 0.000175498 0.00170183 -0.00204784 -0.000125407 0.00141283 -0.00188541 -0.000187967 -0.00277573 0.00176854 0.00224435 0.00258458 0.00396195 0.00259841 0.0016632 0.00230482
internal_weight=88272.3 29311.8 25345 24009 23296.8 3966.82 13786.8 3780.27 1335.97 10006.5 3234.46 9510.05 6342.59 2636.2 3167.46 2499.28 1483.32 1015.96 2582.92 1379.35 1203.57 58960.5 1009.54 9408.02 7100.82 6401.15 2552.45 1872.59 3848.7 3246.52
internal_count=354286 117716 101807 96452 93566 15909 55326 15162 5355 40164 12974 38240 25503 10566 12737 10057 5971 4086 10363 5540 4823 236570 4085 37765 28511 25703 10250 7523 15453 13039
is_linear=0
shrinkage=0.03


Tree=231
num_leaves=31
num_cat=0
split_feature=9 2 16 15 11 28 28 35 11 41 8 12 24 7 11 43 10 40 1 28 37 16 26 24 23 16 4 31 20 7
split_gain=9.57271 9.17393 9.1103 7.78494 9.47746 7.96822 13.2447 6.95092 8.75616 8.63618 13.8726 12.6878 12.9316 12.5341 10.4552 8.62657 8.54909 10.3443 7.06013 6.69889 6.29216 11.1008 13.9119 13.0815 12.9332 10.9326 12.4534 9.75348 11.7273 11.9533
threshold=-2.3042030334472652 1.6076048612594607 0.93633273243904125 -7.3258275985717765 -0.64643412828445423 -0.26646834611892695 1.0070855021476748 0.61621078848838817 2.1970822811126713 1.0000000180025095e-35 1.7217991352081301 -8.1752190589904767 2.1522040367126469 -0.051013508811593049 0.79430085420608532 0.5000000149011613 0.97342520952224743 -0.15643297880887982 1.0000000180025095e-35 -0.81014102697372425 0.24131581932306292 -0.54694789648056019 -1.5032374262809751 1.0176383256912234 0.81178751587867748 -0.21624371409416196 0.72506913542747509 0.16150667518377307 1.3218294382095339 -0.49585923552513117
decision_type=2 2 2 2 2 2 2 2 2 2 2 2 2 2 2 2 2 2 2 2 2 2 2 2 2 2 2 2 2 2
left_child=-1 2 7 4 -3 -6 -7 20 9 10 11 -9 14 -11 -13 -10 -15 -18 -19 -5 -2 -22 24 -24 27 -25 -27 28 -23 -30
right_child=1 3 -4 19 5 6 -8 8 15 13 -12 12 -14 16 -16 -17 17 18 -20 -21 21 22 23 25 -26 26 -28 -29 29 -31
leaf_value=0.0035869220169338868 -0.00013622569087217321 0.0030063937479984466 0.0038259506204397172 -0.00036477345140966549 -0.002986218474349277 0.002455588977813122 -0.0035207688570922041 0.0050156939485536305 -0.00381905087724937 0.0064941092384670626 -0.0038105434839591267 -0.0011369455154535517 -0.0035553992820261675 0.0048575131978094476 0.0044876133601107898 0.0013385489770911519 -0.0016314340703978895 0.0047168282101399863 0.0004113726084974212 -0.0046245070045753322 0.0022217343976649001 0.0021415728250650406 0.0037403031846466291 0.0021055216817252738 -0.0035244443406963616 0.00099966404251719434 -0.0022356015001401383 -0.0024695614960981273 -0.0051037793778192916 0.00098236676798853098
leaf_weight=684.68044710159302 58406.069306284189 583.19662250578403 584.0217707157135 524.06323581933975 1197.1818211376667 923.17867965996265 509.62642689049244 591.07161152362823 618.87974743545055 558.30423484742641 603.97321207821369 563.40361762046814 604.89132362604141 572.31183078885078 612.44770064949989 537.30181367695332 938.4024144411087 639.1282379925251 730.79278719425201 906.58567555248737 2864.7115095555782 1946.3372114449739 1283.773138999939 2301.6094463169575 1344.1889365315437 2380.505248516798 1930.2877181917429 1182.5778252780437 500.74996343255043 667.22086574137211
leaf_count=2748 234423 2343 2354 2105 4808 3714 2049 2372 2483 2238 2426 2264 2426 2297 2460 2155 3763 2563 2932 3649 11491 7803 5147 9232 5398 9546 7754 4741 2009 2674
internal_value=7.91466e-05 5.13258e-05 0.000124017 -0.0012448 -0.00042179 -0.00119049 0.000320223 9.73113e-05 0.00096292 0.001396 0.000211137 0.00124694 -2.50221e-05 0.00241771 0.00180577 -0.00143128 0.00160792 0.000784753 0.00243968 -0.00307748 9.59088e-06 0.000528599 0.000168927 0.000981289 -0.000967912 0.000440797 -0.000450845 -0.00016183 0.000719571 -0.00164815
internal_weight=88291.5 87606.8 82963 4643.83 3213.18 2629.99 1432.81 82378.9 7570.91 6414.73 2975.79 2371.81 1780.74 3438.94 1175.85 1156.18 2880.64 2308.32 1369.92 1430.65 74808 16402 13537.3 7896.18 5641.07 6612.4 4310.79 4296.89 3114.31 1167.97
internal_count=354367 351619 332951 18668 12914 10571 5763 330597 30379 25741 11948 9522 7150 13793 4724 4638 11555 9258 5495 5754 300218 65795 54304 31679 22625 26532 17300 17227 12486 4683
is_linear=0
shrinkage=0.03


Tree=232
num_leaves=31
num_cat=0
split_feature=17 19 22 16 40 35 30 9 22 11 17 22 20 35 21 33 21 16 28 40 26 40 5 5 28 31 27 8 10 40
split_gain=6.60632 9.73392 10.9723 10.6189 12.9382 17.4577 16.0518 18.3304 9.65473 8.38828 8.255 12.7786 13.0399 15.0489 11.4708 10.8378 12.2994 12.2103 15.1727 10.5746 10.0555 9.16234 8.69116 13.1569 8.63822 9.81694 8.52159 9.76875 8.40058 8.13782
threshold=-0.67444750666618336 0.10259901359677316 1.0920544862747195 -0.93800726532936085 0.46946710348129278 0.54667916893959057 -1.5378776788711546 -0.1389202997088432 1.4608194231987002 0.029817842878401283 -0.29199318587779993 1.5463002324104311 0.8637615740299226 0.12141762673854829 0.37910413742065435 0.0083509846590459364 0.74198922514915477 -0.21624371409416196 -0.11158109083771704 0.24191959202289584 -1.8694440722465513 -0.99618521332740773 1.6036093831062319 1.1488190293312075 0.78183847665786754 0.66694203019142162 -0.92936399579048146 -0.88851970434188832 1.3677245974540713 -0.57357099652290333
decision_type=2 2 2 2 2 2 2 2 2 2 2 2 2 2 2 2 2 2 2 2 2 2 2 2 2 2 2 2 2 2
left_child=1 2 -1 -3 5 6 -5 9 -6 -8 -2 21 13 14 -13 16 20 -17 19 -19 -14 -12 23 24 25 -23 27 -22 -20 -26
right_child=10 3 -4 4 8 -7 7 -9 -10 -11 11 12 15 -15 -16 17 -18 18 28 -21 26 22 -24 -25 29 -27 -28 -29 -30 -31
leaf_value=0.0013736966819469223 0.00067050002934830534 0.0038520361461354177 -0.0030057971157529295 0.0018484634542079716 -0.00065270453000104743 0.0047548657888500899 -0.0013154256745090103 -0.0032876681061134914 -0.0049174523201891765 0.0032430580533572631 0.0032126943338785306 0.0040716915064993335 0.0034300750909920488 0.0053491605030321944 -0.0012949673461005765 0.0014821108341232555 0.0053799572566806805 -0.0055247295610135064 0.00023360645526187434 -0.0007491716051555115 -0.00055570244515679981 -0.00045999989502868983 0.0027970387980062079 -0.003217130424198095 0.002799328434450926 -0.0036115012110179206 -0.00021138174523366616 0.0042018501569939283 -0.0033986673264042051 -0.00017392026011649273
leaf_weight=657.47889305651188 25481.510848641396 580.34318687021732 2283.1417673379183 2104.8130343407393 1149.9044441580772 707.9272368401289 672.97095860540867 2039.3114286363125 811.73947656154633 768.96714442968369 616.99167335033417 556.3578966408968 1090.9568386971951 1041.2619867771864 967.63110619783401 2256.1162037700415 544.66678942739964 976.88114131987095 4426.1816861182451 729.24388641119003 650.826266720891 23469.062213793397 713.52853667736053 1545.1758029162884 1379.0966289192438 914.97410893440247 5514.9683607667685 945.76879721879959 648.11417217552662 2050.1899063289165
leaf_count=2637 102267 2329 9172 8441 4611 2843 2700 8181 3261 3084 2475 2230 4382 4176 3879 9056 2186 3923 17780 2932 2650 94098 2868 6199 5530 3670 22181 3817 2602 8224
internal_value=0.000127813 -0.000533363 -0.00202527 -3.51269e-05 -0.000312711 0.000351077 -0.000214519 -0.00146355 -0.00243347 0.00112115 0.000229626 9.42458e-06 0.000592217 0.00258748 0.000677993 0.000303114 0.00105529 -0.000425337 -0.00106127 -0.00349979 0.000761917 -0.000377074 -0.00045177 -0.000531654 -0.000381359 -0.000579687 0.000348364 0.00227112 -0.000236098 0.00102644
internal_weight=88296.1 11776.6 2940.62 8835.98 8255.63 6293.99 5586.06 3481.25 1961.64 1441.94 76519.5 51038 20349 2565.25 1523.99 17783.7 8747.19 9036.54 6780.42 1706.13 8202.52 30689 30072 29358.5 27813.3 24384 7111.56 1596.6 5074.3 3429.29
internal_count=354384 47259 11809 35450 33121 25249 22406 13965 7872 5784 307125 204858 81794 10285 6109 71509 35216 36293 27237 6855 33030 123064 120589 117721 111522 97768 28648 6467 20382 13754
is_linear=0
shrinkage=0.03


Tree=233
num_leaves=31
num_cat=0
split_feature=35 25 31 24 1 37 20 9 6 12 13 6 43 24 12 15 0 3 31 21 43 35 20 25 15 29 14 4 22 35
split_gain=15.3469 8.30506 8.10623 7.65222 6.97924 11.4794 11.8444 9.58862 8.10445 11.6916 12.8799 10.9094 9.58419 10.5476 9.55705 11.5748 9.24152 9.04983 9.51132 8.67692 12.4217 11.2757 8.57002 7.84323 7.55273 10.662 7.78614 7.53677 8.0206 7.43464
threshold=-0.93268561363220204 0.99068138003349315 0.83565258979797374 1.4143292903900149 -1.5238395333290098 -0.27777302265167231 1.5557014942169192 0.1941010728478432 -0.81615516543388356 -6.6585540771484366 -7.0756754875183097 -0.71336281299591053 0.36666667461395269 2.3973509073257451 -8.2316198348999006 -7.7950394153594962 1.0400388240814211 -1.2014079689979551 0.6368791162967683 0.28574119508266455 0.83333334326744091 -0.18547187745571134 1.8653314113616946 0.55306410789489757 -7.5091693401336661 0.76611733436584484 -7.7504680156707755 -0.12471359223127364 1.4150803089141848 -0.2237010523676872
decision_type=2 2 2 2 2 2 2 2 2 2 2 2 2 2 2 2 2 2 2 2 2 2 2 2 2 2 2 2 2 2
left_child=-1 2 4 -3 5 -2 -7 -8 9 10 12 23 14 16 15 -6 19 22 -19 20 21 -14 -13 -10 26 -26 -20 28 -16 -30
right_child=1 3 -4 -5 8 6 7 -9 11 -11 -12 17 13 -15 27 -17 -18 18 24 -21 -22 -23 -24 -25 25 -27 -28 -29 29 -31
leaf_value=0.0035042351033607376 -0.0027216586935919869 -0.00084978172094138523 0.0026166870604587373 0.0031477363245791647 0.0013800334601741582 -0.0017039588105127576 0.0045514802792080899 -0.00086006932396692185 -0.0032889315183484073 -0.0026874592024307624 0.0038316898547031721 0.0022117525289113843 -0.0031174649841457574 -0.0038799238700212685 -0.00077560557786654721 0.0072479083209692104 -0.0032163861474610997 -0.0001539003419483689 -0.0016135186898117502 0.0021989480574574512 0.0028845101981476136 0.00076619253820663709 -0.0015986080608371713 0.00034883252693800358 -0.004545022118943848 0.00018687583426502208 0.0023487057835948079 -0.0017168374921348213 0.0046324755179520142 0.00043606923963342956
leaf_weight=1061.3247750401497 2471.863441541791 638.06814649701118 930.90390236675739 1295.2980052381754 749.81177672743797 1447.0364797711372 700.55809371173382 498.80133321881294 1746.8367640823126 916.64791877567768 1139.315820991993 2465.2048339247704 1429.6200037896633 632.53414762020111 850.83980102837086 504.18964740633965 640.4590018838644 56342.838380858302 1450.2744356542826 1894.2406665980816 824.42115412652493 1257.1815162748098 668.59041205048561 763.42892150580883 1305.2926710098982 634.54030945897102 633.08099141716957 848.19780187308788 880.63778603076935 666.6426452845335
leaf_count=4270 9991 2570 3739 5209 3011 5805 2832 2003 7006 3692 4582 9884 5762 2539 3422 2025 2572 225922 5824 7601 3321 5049 2683 3060 5239 2553 2542 3402 3561 2685
internal_value=-6.45612e-05 -0.000108381 -0.000152547 0.00183085 -0.000183411 -0.00125599 0.000118114 0.00231237 -0.000113985 0.000563301 0.000807189 -0.000249843 0.00049579 -0.000225455 0.00156424 0.00377797 0.000162657 -0.000172986 -0.000254672 0.000568218 -0.000315278 -0.00130416 0.00139632 -0.00218561 -0.00166205 -0.00300415 -0.000404027 0.000700135 0.00155858 0.00283887
internal_weight=88288.7 87227.4 85294 1933.37 84363.1 5118.26 2646.4 1199.36 79244.8 13234.7 12318.1 66010.1 11178.8 6678.46 4500.32 1254 6045.92 63499.8 60366 5405.46 3511.22 2686.8 3133.8 2510.27 4023.19 1939.83 2083.36 3246.32 2398.12 1547.28
internal_count=354356 350086 342307 7779 338568 20631 10640 4835 317937 53224 49532 264713 44950 26844 18106 5036 24305 254647 242080 21733 14132 10811 12567 10066 16158 7792 8366 13070 9668 6246
is_linear=0
shrinkage=0.03


Tree=234
num_leaves=31
num_cat=0
split_feature=40 0 18 19 29 5 25 34 39 6 18 26 12 18 22 18 5 36 39 28 19 20 17 15 26 17 6 4 13 28
split_gain=7.90761 7.83704 12.5335 11.5902 13.2458 13.1967 13.0547 12.1946 10.0016 9.72433 14.8281 10.4457 9.3722 10.7542 9.201 9.15697 9.77131 10.3906 9.00464 11.2084 8.86747 8.56803 8.79782 8.51789 14.9795 12.6488 9.81149 8.24051 13.9692 13.6632
threshold=0.99983817338943493 -0.10288050025701521 0.66690641641616832 0.38141937553882604 -0.80131956934928883 -1.1145713329315183 0.12627638131380084 -0.30756638944149012 -0.34201689064502711 -0.2638231068849563 0.83387267589569103 -0.35969877243041987 -8.7694826126098615 0.54510700702667247 1.0478186607360842 1.3943806290626528 -0.19099824875593183 0.82466742396354686 -0.58069744706153859 -0.60157787799835194 0.94208469986915599 1.071744501590729 -0.17114704847335813 -7.555612087249755 -0.98746216297149647 -0.18498812615871427 -0.20757273584604261 0.67514643073081981 -7.6619775295257559 -0.96268314123153675
decision_type=2 2 2 2 2 2 2 2 2 2 2 2 2 2 2 2 2 2 2 2 2 2 2 2 2 2 2 2 2 2
left_child=1 2 14 4 7 8 -7 -3 -5 10 21 15 -6 -14 -1 16 17 -12 19 -16 -13 22 -8 24 25 26 -15 29 -29 -11
right_child=-2 3 -4 5 12 6 9 -9 -10 27 11 20 13 23 18 -17 -18 -19 -20 -21 -22 -23 -24 -25 -26 -27 -28 28 -30 -31
leaf_value=-0.0044885976760160387 -0.0037903017788757975 0.0063666762097019085 -0.00016399211525222347 0.00014705699615797629 -0.0019495568026066782 0.0028042327344047426 0.0043445066298853354 0.00061538729658084485 -0.0041289194188508767 0.0015974613299854655 0.0025617499126198697 -0.0015426240849146359 0.0039870655806292865 0.0087135952685393064 -0.00043010873685910976 -0.0047773675074346917 -0.0033337482020533143 -0.0029931846356779676 -0.00029791701912730177 -0.0066358559996040709 0.0026233380846053113 -0.001109953295462353 -4.5583877096999944e-06 -0.00020287685433422909 -0.00031773784920806071 0.00081006671870839685 0.0029280792680527671 0.0005442344861512294 -0.0014961574773671936 -0.00021100248940711546
leaf_weight=918.53917247056961 500.50142745673656 738.44744515419006 31558.429512515664 824.71800270676613 1104.9226541519165 1501.3877563923597 855.11725388467312 600.25606989860535 1208.9995446950197 7626.0400789529085 732.39318932592869 1210.5661912411451 940.18967323005199 499.19832941889763 524.58732663094997 1248.5044641345739 1438.7839078903198 502.18813161551952 2893.3533036112785 516.1339173167944 727.8156853467226 1156.3978030979633 811.083131685853 4870.0466576218605 1744.2176437228918 878.01993235945702 579.90677665174007 6960.1499713361263 5319.3184812963009 7402.9685745388269
leaf_count=3682 2012 2983 126746 3314 4430 6021 3428 2407 4856 30577 2935 4851 3770 2004 2103 5003 5767 2012 11606 2069 2917 4636 3251 19540 7000 3521 2324 27960 21371 29682
internal_value=-6.73402e-05 -4.57112e-05 -0.0003825 0.000192515 0.00101057 -5.51082e-05 7.28379e-05 0.00381156 -0.00240268 -4.18502e-05 -0.000915774 -0.00177519 0.000654122 0.000958311 -0.00180028 -0.00266374 -0.00166251 0.000296286 -0.00116282 -0.00354164 2.70302e-05 0.000868502 0.00224005 0.00062183 0.00170456 0.00349932 0.00565991 0.000236251 -0.000340137 0.000707103
internal_weight=88393.2 87892.7 36411 51481.6 11955.2 39526.4 37492.7 1338.7 2033.72 35991.3 8682.85 5860.25 10616.5 9511.58 4852.61 3921.87 2673.37 1234.58 3934.07 1040.72 1938.38 2822.6 1666.2 8571.39 3701.34 1957.13 1079.11 27308.5 12279.5 15029
internal_count=354778 352766 146206 206560 47979 158581 150411 5390 8170 144390 34800 23485 42589 38159 19460 15717 10714 4947 15778 4172 7768 11315 6679 34389 14849 7849 4328 109590 49331 60259
is_linear=0
shrinkage=0.03


Tree=235
num_leaves=31
num_cat=0
split_feature=11 1 22 29 9 8 8 8 25 0 8 22 8 35 41 20 22 8 22 39 22 41 33 9 2 13 0 35 1 3
split_gain=7.18669 15.2569 16.9991 16.7331 13.0439 11.7601 8.76853 8.66257 6.73794 6.27242 6.25442 9.01583 8.56049 5.76681 10.8722 10.5801 8.42555 7.03935 10.3066 13.2291 10.533 8.84484 10.8265 11.0483 12.5194 10.9755 14.3197 11.7514 11.455 10.6853
threshold=-1.4165061712265012 -0.048165259882807725 1.6216671466827395 -0.44552896916866297 -0.60691073536872853 -0.1506364047527313 0.67382800579071056 0.076672960072755827 0.49634781479835516 0.30483448505401617 1.7217991352081301 1.4069603681564333 1.9996551275253298 0.64036929607391369 -0.87837970256805409 0.91569462418556224 2.2211614847183232 1.1243858337402346 1.4864677190780642 0.65605276823043834 1.7745220065116885 0.6078576147556306 0.2893166989088059 -0.19354259967803952 -1.0000000180025095e-35 -7.7573692798614493 -0.21198424696922299 -0.40920639038085932 -0.31034711003303522 0.51227104663848888
decision_type=2 2 2 2 2 2 2 2 2 2 2 2 2 2 2 2 2 2 2 2 2 2 2 2 2 2 2 2 2 2
left_child=1 3 4 -1 -3 -5 -7 -4 -6 -10 13 -12 -13 17 -15 -16 -17 21 -19 20 -20 -2 25 29 -25 26 28 -28 -23 -24
right_child=10 2 7 5 8 6 -8 -9 9 -11 11 12 -14 14 15 16 -18 18 19 -21 -22 22 23 24 -26 -27 27 -29 -30 -31
leaf_value=0.0006697534515426605 0.00029577193317472972 0.0053332779783982981 -0.0054861510740873672 -0.0064137333547824348 -0.0024894428351625985 -0.00012294167472085265 -0.0051150053126234286 -3.3891717611535636e-05 0.0035199058756788062 -0.00040455918454680451 -0.0043471856590398435 -0.0024263476117339297 0.0016301784272891296 0.0038906322288508673 0.0035718703478924215 -0.00071285285594232845 0.003253601650825349 -0.0026219808331188676 0.0017148695765798467 0.0040387075288560318 -0.003118635732522248 -0.0023987911478698769 -0.0046378847567113664 0.0062767885516968385 0.001046661210216554 -0.00021509095036163377 0.0032755761497232912 -0.0014373684553905524 -0.0072071055437468185 0.00077499901953515535
leaf_weight=1067.0777050852776 49226.570809185505 644.72583808004856 532.82455691695213 947.75506137311459 511.45678004622459 829.23224937915802 502.82674331963062 507.66057588160038 695.20511896908283 759.40066324174404 683.49930289387703 897.83991248905659 957.11228181421757 957.06188270449638 791.33066116273403 3644.4485424757004 545.24561184644699 2168.8022664487362 684.61285325884819 602.35008633136749 968.84581926465034 1672.5295211821795 498.97572313249111 515.67133702337742 1930.5135407447815 9709.1405291110277 568.17027254402637 2693.9527644217014 607.71506460011005 917.80950123071671
leaf_count=4293 197597 2586 2139 3802 2051 3323 2016 2041 2787 3045 2742 3608 3845 3841 3173 14624 2191 8704 2751 2423 3897 6715 2000 2068 7752 38958 2280 10797 2437 3681
internal_value=-4.54823e-05 -0.000967239 0.000373947 -0.00242716 0.00166541 -0.00387327 -0.00203142 -0.0028516 0.000441712 0.0014823 3.40267e-05 -0.00142869 -0.000335756 8.13795e-05 0.000979507 0.000413485 -0.000190141 7.96265e-06 -0.00115031 0.00026993 -0.00111905 8.311e-05 -0.000464438 0.000952517 0.00217027 -0.00082372 -0.00188761 -0.000609004 -0.00370614 -0.0011505
internal_weight=88240.4 6998.17 3651.27 3346.89 2610.79 2279.81 1332.06 1040.49 1966.06 1454.61 81242.2 2538.45 1854.95 78703.7 5938.09 4981.02 4189.69 72765.7 4424.61 2255.81 1653.46 68341 19114.5 3862.97 2446.18 15251.5 5542.37 3262.12 2280.24 1416.79
internal_count=354167 28083 14649 13434 10469 9141 5339 4180 7883 5832 326084 10195 7453 315889 23829 19988 16815 292060 17775 9071 6648 274285 76688 15501 9820 61187 22229 13077 9152 5681
is_linear=0
shrinkage=0.03


Tree=236
num_leaves=31
num_cat=0
split_feature=36 10 0 26 29 10 0 14 25 35 15 33 11 16 29 29 6 34 28 13 17 30 29 20 37 26 7 14 17 37
split_gain=4.91424 18.9799 10.3252 13.6658 8.81451 8.31281 11.4847 14.9456 9.00116 12.3193 19.0789 18.7005 13.5239 9.77121 9.42967 12.4818 12.5263 11.281 11.5947 12.4449 10.4078 10.0067 9.12135 8.90403 8.76351 8.51559 13.2853 8.12654 9.06765 9.01651
threshold=0.94454056024551403 -1.1908178329467771 0.36100959777832037 0.98407775163650524 -0.75917842984199513 0.88140228390693676 0.16779638826847079 -7.760972023010253 0.84422373771667492 0.059330977499485023 -7.0540659427642813 0.029504162259399894 1.0224260091781618 -0.34238894283771509 0.19804804027080539 0.11200450360774995 0.69947305321693432 -0.21086730062961576 -1.9063267111778257 -7.8880240917205802 0.12840621918439868 -0.18875698000192639 -0.52323457598686207 0.79333177208900463 -0.067854769527912126 0.021150265820324424 0.15928363054990771 -8.3250303268432599 -0.63750183582305897 0.53333449363708507
decision_type=2 2 2 2 2 2 2 2 2 2 2 2 2 2 2 2 2 2 2 2 2 2 2 2 2 2 2 2 2 2
left_child=2 -2 5 27 -3 6 8 -8 9 14 12 -12 22 -14 15 16 17 -1 -19 -20 21 -21 24 -10 -11 -16 -27 28 -4 -29
right_child=1 4 3 -5 -6 -7 7 -9 23 10 11 -13 13 -15 25 -17 -18 18 19 20 -22 -23 -24 -25 -26 26 -28 29 -30 -31
leaf_value=0.00016703921723759034 0.0040153142148649677 -0.0019994085019436158 0.0043110509081530149 0.0014239806091579368 0.00046683554749843138 -0.00062310612651212392 0.0041099574019475733 0.00044631830010799175 -0.0046118762906033981 0.0050847467289827945 0.0076494747948034581 0.00023615274932739858 -0.0043462394640164832 5.4488239041738007e-05 0.0013533455325044541 -0.0033671766913306502 0.0032535479693522312 0.00079380077910937207 -0.004436894184540947 -0.0013082945731156107 -0.003628420559770554 0.0036584460436558082 0.00075576550084755271 -0.00059178475982005695 0.00045686325769778933 -0.0034098951448970852 0.0025324251708997367 -0.0010561851089563937 -0.00098427767725257063 -0.0040773004791350457
leaf_weight=11567.930325701833 1286.347591727972 1430.8497298359871 504.56646545231342 2305.9265081733465 13759.756823375821 10215.85634931922 1577.9947569668293 2724.1132896989584 561.44448965787888 973.2887067347765 745.54088096320629 516.08935165405273 679.95896646380424 1327.583646684885 6193.7419718652964 1168.0298289358616 898.39611159265041 1456.9644574224949 1534.2626907676458 1014.0854056477547 855.55463452637196 557.54905019700527 5480.236185207963 3783.5060652643442 592.17339363694191 901.40898501873016 529.82270473241806 11753.528756335378 663.2582842707634 953.90203981101513
leaf_count=46587 5163 5741 2024 9271 55198 40993 6331 10929 2254 3907 2991 2069 2729 5328 24828 4683 3600 5839 6148 4063 3427 2234 21968 15202 2374 3613 2124 47151 2660 3833
internal_value=6.36543e-05 0.000530881 -4.32732e-05 -0.000710331 0.00023337 0.000150064 0.000323227 0.00179654 0.000169498 0.000321293 0.00120119 0.00464265 0.000717003 -0.0014502 -1.92375e-05 -0.000376045 -0.000178926 -0.000362274 -0.00149055 -0.00233058 -0.000986404 0.000465684 0.00133569 -0.00112065 0.00334815 0.000871654 -0.00120782 -0.0010658 0.00132078 -0.001286
internal_weight=88513.7 16477 72036.7 16181.2 15190.6 55855.5 45639.7 4302.11 41337.6 36992.6 10314.9 1261.63 9053.24 2007.54 26677.7 19052.8 17884.7 16986.3 5418.42 3961.45 2427.19 1571.63 7045.7 4344.95 1565.46 7624.97 1431.23 13875.3 1167.82 12707.4
internal_count=355262 66102 289160 64939 60939 224221 183228 17260 165968 148512 41366 5060 36306 8057 107146 76581 71898 68298 21711 15872 9724 6297 28249 17456 6281 30565 5737 55668 4684 50984
is_linear=0
shrinkage=0.03


end of trees

feature_importances:
Column_11=332
Column_40=294
Column_43=251
Column_39=241
Column_15=238
Column_35=220
Column_13=207
Column_24=204
Column_22=202
Column_17=199
Column_30=195
Column_14=193
Column_23=193
Column_10=188
Column_12=184
Column_33=183
Column_28=179
Column_26=169
Column_20=162
Column_21=159
Column_6=156
Column_34=156
Column_31=153
Column_41=153
Column_5=152
Column_9=150
Column_8=148
Column_29=145
Column_16=143
Column_4=141
Column_7=140
Column_25=125
Column_0=123
Column_1=118
Column_19=116
Column_37=116
Column_32=114
Column_36=112
Column_27=111
Column_18=110
Column_3=105
Column_2=83
Column_42=35
Column_38=12

parameters:
[boosting: gbdt]
[objective: binary]
[metric: binary_logloss]
[tree_learner: serial]
[device_type: cpu]
[data_sample_strategy: bagging]
[data: ]
[valid: ]
[num_iterations: 2000]
[learning_rate: 0.03]
[num_leaves: 31]
[num_threads: 4]
[seed: 0]
[deterministic: 0]
[force_col_wise: 0]
[force_row_wise: 0]
[histogram_pool_size: -1]
[max_depth: -1]
[min_data_in_leaf: 2000]
[min_sum_hessian_in_leaf: 0.001]
[bagging_fraction: 0.5]
[pos_bagging_fraction: 1]
[neg_bagging_fraction: 1]
[bagging_freq: 1]
[bagging_seed: 3]
[bagging_by_query: 0]
[feature_fraction: 0.7]
[feature_fraction_bynode: 1]
[feature_fraction_seed: 2]
[extra_trees: 0]
[extra_seed: 6]
[early_stopping_round: 0]
[early_stopping_min_delta: 0]
[first_metric_only: 0]
[max_delta_step: 0]
[lambda_l1: 0]
[lambda_l2: 10]
[linear_lambda: 0]
[min_gain_to_split: 0]
[drop_rate: 0.1]
[max_drop: 50]
[skip_drop: 0.5]
[xgboost_dart_mode: 0]
[uniform_drop: 0]
[drop_seed: 4]
[top_rate: 0.2]
[other_rate: 0.1]
[min_data_per_group: 100]
[max_cat_threshold: 32]
[cat_l2: 10]
[cat_smooth: 10]
[max_cat_to_onehot: 4]
[top_k: 20]
[monotone_constraints: ]
[monotone_constraints_method: basic]
[monotone_penalty: 0]
[feature_contri: ]
[forcedsplits_filename: ]
[refit_decay_rate: 0.9]
[cegb_tradeoff: 1]
[cegb_penalty_split: 0]
[cegb_penalty_feature_lazy: ]
[cegb_penalty_feature_coupled: ]
[path_smooth: 0]
[interaction_constraints: ]
[verbosity: -1]
[saved_feature_importance_type: 0]
[use_quantized_grad: 0]
[num_grad_quant_bins: 4]
[quant_train_renew_leaf: 0]
[stochastic_rounding: 1]
[linear_tree: 0]
[max_bin: 255]
[max_bin_by_feature: ]
[min_data_in_bin: 3]
[bin_construct_sample_cnt: 200000]
[data_random_seed: 1]
[is_enable_sparse: 1]
[enable_bundle: 1]
[use_missing: 1]
[zero_as_missing: 0]
[feature_pre_filter: 1]
[pre_partition: 0]
[two_round: 0]
[header: 0]
[label_column: ]
[weight_column: ]
[group_column: ]
[ignore_column: ]
[categorical_feature: ]
[forcedbins_filename: ]
[precise_float_parser: 0]
[parser_config_file: ]
[objective_seed: 5]
[num_class: 1]
[is_unbalance: 0]
[scale_pos_weight: 1]
[sigmoid: 1]
[boost_from_average: 1]
[reg_sqrt: 0]
[alpha: 0.9]
[fair_c: 1]
[poisson_max_delta_step: 0.7]
[tweedie_variance_power: 1.5]
[lambdarank_truncation_level: 30]
[lambdarank_norm: 1]
[label_gain: ]
[lambdarank_position_bias_regularization: 0]
[eval_at: ]
[multi_error_top_k: 1]
[auc_mu_weights: ]
[num_machines: 1]
[local_listen_port: 12400]
[time_out: 120]
[machine_list_filename: ]
[machines: ]
[gpu_platform_id: -1]
[gpu_device_id: -1]
[gpu_device_id_list: ]
[gpu_use_dp: 0]
[num_gpu: 1]

end of parameters

pandas_categorical:null
